sample_index,ADS1291_EXG, name
0,412995.0, Fabian
1,413953.0
2,413758.0
3,411070.0
4,410353.0
5,412934.0
6,414431.0
7,413785.0
8,411928.0
9,412034.0
10,412685.0
11,414104.0
12,414818.0
13,413816.0
14,412597.0
15,412523.0
16,414166.0
17,414782.0
18,412865.0
19,411719.0
20,412931.0
21,414656.0
22,414693.0
23,410856.0
24,409487.0
25,412906.0
26,414071.0
27,414209.0
28,413426.0
29,411799.0
30,412389.0
31,414442.0
32,414746.0
33,413259.0
34,411205.0
35,411984.0
36,414524.0
37,414787.0
38,413339.0
39,411867.0
40,412411.0
41,414499.0
42,413971.0
43,412155.0
44,412073.0
45,412817.0
46,414205.0
47,414518.0
48,413057.0
49,412122.0
50,412669.0
51,412511.0
52,413138.0
53,413066.0
54,411559.0
55,412568.0
56,414518.0
57,414770.0
58,413238.0
59,411494.0
60,412251.0
61,414211.0
62,414700.0
63,413444.0
64,411744.0
65,412475.0
66,414621.0
67,414949.0
68,413192.0
69,411949.0
70,412786.0
71,414333.0
72,413192.0
73,411630.0
74,412449.0
75,413157.0
76,414551.0
77,414698.0
78,413023.0
79,412090.0
80,411808.0
81,413346.0
82,414943.0
83,413043.0
84,411805.0
85,412646.0
86,414066.0
87,414902.0
88,413190.0
89,411990.0
90,412515.0
91,414010.0
92,415031.0
93,412195.0
94,410696.0
95,412409.0
96,413997.0
97,415097.0
98,413466.0
99,411876.0
100,412979.0
101,414319.0
102,414613.0
103,413131.0
104,411826.0
105,412921.0
106,414516.0
107,414818.0
108,413158.0
109,412028.0
110,412980.0
111,414596.0
112,414441.0
113,413331.0
114,412821.0
115,413066.0
116,413051.0
117,413312.0
118,413449.0
119,412106.0
120,410992.0
121,412279.0
122,415073.0
123,413305.0
124,412003.0
125,413353.0
126,415111.0
127,415404.0
128,413402.0
129,411929.0
130,413116.0
131,414388.0
132,414398.0
133,413236.0
134,412276.0
135,413151.0
136,415368.0
137,415900.0
138,413674.0
139,410273.0
140,411011.0
141,415156.0
142,415434.0
143,413786.0
144,412537.0
145,413241.0
146,414798.0
147,415055.0
148,413631.0
149,412683.0
150,413296.0
151,412819.0
152,413215.0
153,413203.0
154,411754.0
155,412809.0
156,412120.0
157,412651.0
158,414097.0
159,412795.0
160,413378.0
161,414846.0
162,415219.0
163,414086.0
164,413253.0
165,413546.0
166,414777.0
167,415069.0
168,403657.0
169,401340.0
170,414617.0
171,415376.0
172,413537.0
173,411821.0
174,412797.0
175,413359.0
176,414983.0
177,415309.0
178,413862.0
179,411899.0
180,399271.0
181,398180.0
182,414176.0
183,412646.0
184,413224.0
185,413764.0
186,415098.0
187,414111.0
188,412599.0
189,412803.0
190,413723.0
191,415103.0
192,415489.0
193,413569.0
194,412023.0
195,410954.0
196,412191.0
197,415133.0
198,413561.0
199,412387.0
200,413354.0
201,414806.0
202,415323.0
203,413184.0
204,411398.0
205,411074.0
206,413168.0
207,415529.0
208,413962.0
209,412727.0
210,413391.0
211,415032.0
212,415298.0
213,412506.0
214,411291.0
215,413753.0
216,415225.0
217,415315.0
218,412110.0
219,410964.0
220,413828.0
221,415225.0
222,413669.0
223,411791.0
224,412626.0
225,413499.0
226,413324.0
227,413419.0
228,413766.0
229,410632.0
230,411282.0
231,414888.0
232,415365.0
233,413717.0
234,412389.0
235,412977.0
236,413969.0
237,413885.0
238,412753.0
239,410473.0
240,410753.0
241,410401.0
242,410011.0
243,410709.0
244,409150.0
245,409109.0
246,410342.0
247,410757.0
248,409348.0
249,407734.0
250,408111.0
251,407941.0
252,408133.0
253,408791.0
254,407396.0
255,408116.0
256,410305.0
257,411113.0
258,409743.0
259,408771.0
260,409750.0
261,411421.0
262,412251.0
263,410843.0
264,408783.0
265,410051.0
266,412771.0
267,413223.0
268,412159.0
269,410923.0
270,411869.0
271,413623.0
272,413551.0
273,412214.0
274,411547.0
275,412552.0
276,414388.0
277,414718.0
278,412808.0
279,411348.0
280,412596.0
281,414456.0
282,414992.0
283,413499.0
284,410968.0
285,411525.0
286,414414.0
287,415248.0
288,413506.0
289,412179.0
290,412824.0
291,414664.0
292,415101.0
293,413608.0
294,412740.0
295,411728.0
296,413129.0
297,415773.0
298,414211.0
299,412764.0
300,412139.0
301,413612.0
302,415422.0
303,413702.0
304,412374.0
305,411718.0
306,413579.0
307,416094.0
308,414584.0
309,412975.0
310,413731.0
311,415551.0
312,415869.0
313,414579.0
314,413487.0
315,413648.0
316,415189.0
317,415933.0
318,412495.0
319,410902.0
320,413504.0
321,414963.0
322,415258.0
323,414439.0
324,413288.0
325,413453.0
326,413609.0
327,414060.0
328,413945.0
329,412606.0
330,413990.0
331,415493.0
332,415674.0
333,413943.0
334,412705.0
335,412323.0
336,413868.0
337,415815.0
338,413837.0
339,412260.0
340,413259.0
341,415163.0
342,415739.0
343,414078.0
344,412606.0
345,413705.0
346,415489.0
347,415735.0
348,414284.0
349,413508.0
350,414153.0
351,413146.0
352,413316.0
353,413972.0
354,412276.0
355,413194.0
356,415151.0
357,415716.0
358,414209.0
359,413025.0
360,413542.0
361,414834.0
362,415027.0
363,399873.0
364,394415.0
365,413406.0
366,416998.0
367,417054.0
368,415513.0
369,414185.0
370,413434.0
371,414437.0
372,416291.0
373,414700.0
374,412732.0
375,413344.0
376,414795.0
377,415368.0
378,413433.0
379,411860.0
380,413424.0
381,415001.0
382,414748.0
383,413263.0
384,412793.0
385,413713.0
386,413628.0
387,413772.0
388,413928.0
389,412328.0
390,413497.0
391,415383.0
392,415853.0
393,414274.0
394,412344.0
395,412556.0
396,414809.0
397,415527.0
398,411966.0
399,410680.0
400,413520.0
401,414570.0
402,415223.0
403,412259.0
404,410489.0
405,413073.0
406,414978.0
407,415734.0
408,414296.0
409,412964.0
410,413652.0
411,414764.0
412,415088.0
413,413984.0
414,412615.0
415,413728.0
416,415508.0
417,415747.0
418,414016.0
419,410793.0
420,411420.0
421,415221.0
422,415676.0
423,414224.0
424,403904.0
425,403121.0
426,416139.0
427,416609.0
428,414803.0
429,411826.0
430,412295.0
431,415936.0
432,416271.0
433,414575.0
434,413311.0
435,414148.0
436,406145.0
437,403305.0
438,413967.0
439,414323.0
440,414804.0
441,416060.0
442,416633.0
443,414934.0
444,413214.0
445,413851.0
446,415833.0
447,416844.0
448,414841.0
449,412862.0
450,412010.0
451,413483.0
452,415864.0
453,412384.0
454,410527.0
455,413717.0
456,415774.0
457,414438.0
458,413037.0
459,413156.0
460,413874.0
461,413954.0
462,414486.0
463,415135.0
464,413579.0
465,414111.0
466,415958.0
467,416029.0
468,414486.0
469,413258.0
470,413972.0
471,415923.0
472,416298.0
473,414068.0
474,412689.0
475,413381.0
476,414999.0
477,416510.0
478,414934.0
479,413361.0
480,414151.0
481,415855.0
482,416391.0
483,412845.0
484,411461.0
485,413010.0
486,414278.0
487,416195.0
488,414828.0
489,413312.0
490,413911.0
491,415768.0
492,416175.0
493,415106.0
494,413626.0
495,413916.0
496,415439.0
497,415902.0
498,414833.0
499,413109.0
500,413941.0
501,414189.0
502,414302.0
503,414388.0
504,410838.0
505,411651.0
506,415792.0
507,416109.0
508,414884.0
509,413861.0
510,414087.0
511,413232.0
512,413888.0
513,414615.0
514,413569.0
515,414533.0
516,415990.0
517,416324.0
518,414493.0
519,412911.0
520,413803.0
521,415382.0
522,415789.0
523,414319.0
524,413007.0
525,414034.0
526,415611.0
527,416165.0
528,414925.0
529,413854.0
530,414265.0
531,415588.0
532,416047.0
533,414561.0
534,413154.0
535,413733.0
536,415741.0
537,416339.0
538,414878.0
539,411733.0
540,412600.0
541,416222.0
542,416498.0
543,414926.0
544,413605.0
545,414188.0
546,415759.0
547,414113.0
548,412233.0
549,413511.0
550,414451.0
551,414428.0
552,414611.0
553,414393.0
554,412669.0
555,411951.0
556,411929.0
557,414493.0
558,414747.0
559,412753.0
560,413682.0
561,415892.0
562,416344.0
563,414718.0
564,412604.0
565,413246.0
566,415779.0
567,416263.0
568,414666.0
569,413574.0
570,414453.0
571,415605.0
572,416059.0
573,414858.0
574,413901.0
575,414641.0
576,415998.0
577,415048.0
578,413227.0
579,413423.0
580,414200.0
581,415794.0
582,416402.0
583,414298.0
584,412778.0
585,414111.0
586,415854.0
587,415566.0
588,413838.0
589,413353.0
590,414121.0
591,415889.0
592,416348.0
593,414483.0
594,413448.0
595,414184.0
596,415563.0
597,416161.0
598,414785.0
599,413561.0
600,413751.0
601,415021.0
602,415881.0
603,414371.0
604,412376.0
605,411768.0
606,413665.0
607,416549.0
608,415560.0
609,413697.0
610,414024.0
611,415525.0
612,416035.0
613,414731.0
614,413094.0
615,413948.0
616,416003.0
617,416401.0
618,413056.0
619,398064.0
620,395901.0
621,414656.0
622,417003.0
623,415384.0
624,413982.0
625,414638.0
626,416022.0
627,416260.0
628,412921.0
629,411461.0
630,414294.0
631,399898.0
632,396591.0
633,414854.0
634,413689.0
635,415965.0
636,416838.0
637,417004.0
638,415611.0
639,414103.0
640,414859.0
641,416492.0
642,416719.0
643,415268.0
644,413456.0
645,413940.0
646,414678.0
647,415182.0
648,415166.0
649,413576.0
650,414350.0
651,414245.0
652,414475.0
653,414785.0
654,413256.0
655,413833.0
656,415419.0
657,416371.0
658,415060.0
659,413760.0
660,414198.0
661,415985.0
662,416877.0
663,414817.0
664,413010.0
665,413813.0
666,415346.0
667,415897.0
668,414257.0
669,412942.0
670,413883.0
671,415564.0
672,416369.0
673,414899.0
674,413296.0
675,413948.0
676,415717.0
677,414713.0
678,413345.0
679,413896.0
680,408393.0
681,409431.0
682,416892.0
683,415118.0
684,413830.0
685,414644.0
686,416134.0
687,414865.0
688,413208.0
689,413798.0
690,414316.0
691,416024.0
692,411689.0
693,409544.0
694,413756.0
695,414545.0
696,416108.0
697,416669.0
698,414987.0
699,413744.0
700,414383.0
701,414166.0
702,414643.0
703,414638.0
704,413391.0
705,414372.0
706,415531.0
707,416466.0
708,415529.0
709,414213.0
710,414550.0
711,415348.0
712,415798.0
713,414992.0
714,413588.0
715,414293.0
716,416009.0
717,416581.0
718,415156.0
719,413756.0
720,414248.0
721,416144.0
722,416634.0
723,415019.0
724,410791.0
725,411393.0
726,416432.0
727,416856.0
728,415279.0
729,413633.0
730,414307.0
731,415142.0
732,415788.0
733,415179.0
734,413534.0
735,414473.0
736,415827.0
737,416303.0
738,414932.0
739,412906.0
740,413426.0
741,415688.0
742,416538.0
743,413989.0
744,411908.0
745,413813.0
746,416168.0
747,416571.0
748,415132.0
749,413926.0
750,414422.0
751,414214.0
752,414572.0
753,415804.0
754,414081.0
755,413941.0
756,415961.0
757,416794.0
758,415060.0
759,412800.0
760,413283.0
761,416474.0
762,417218.0
763,415079.0
764,413478.0
765,414409.0
766,414498.0
767,413119.0
768,413374.0
769,414063.0
770,414742.0
771,416177.0
772,416881.0
773,415329.0
774,413346.0
775,414203.0
776,416006.0
777,416281.0
778,414455.0
779,413231.0
780,414234.0
781,415956.0
782,416451.0
783,415016.0
784,413377.0
785,413982.0
786,416007.0
787,416516.0
788,414918.0
789,413190.0
790,413785.0
791,415712.0
792,414592.0
793,412919.0
794,413642.0
795,414446.0
796,416076.0
797,416781.0
798,415235.0
799,413793.0
800,412763.0
801,414021.0
802,416872.0
803,415398.0
804,411945.0
805,412458.0
806,415918.0
807,416618.0
808,415233.0
809,413738.0
810,414278.0
811,416184.0
812,416904.0
813,415094.0
814,413465.0
815,414136.0
816,415811.0
817,416363.0
818,414739.0
819,413426.0
820,414187.0
821,415951.0
822,416874.0
823,415409.0
824,413794.0
825,414886.0
826,416681.0
827,416593.0
828,415182.0
829,414174.0
830,415068.0
831,416299.0
832,416576.0
833,413039.0
834,411455.0
835,414134.0
836,415628.0
837,414699.0
838,412226.0
839,411144.0
840,410928.0
841,412333.0
842,411749.0
843,409939.0
844,408349.0
845,407740.0
846,407593.0
847,408514.0
848,408361.0
849,407224.0
850,408007.0
851,409295.0
852,409693.0
853,408630.0
854,407138.0
855,407695.0
856,409571.0
857,410568.0
858,409543.0
859,408039.0
860,408643.0
861,410107.0
862,410958.0
863,409759.0
864,408386.0
865,409370.0
866,409676.0
867,410023.0
868,410534.0
869,409369.0
870,409815.0
871,411079.0
872,410605.0
873,409393.0
874,407438.0
875,396924.0
876,398203.0
877,412818.0
878,411508.0
879,408491.0
880,408990.0
881,412296.0
882,413464.0
883,411977.0
884,410404.0
885,411403.0
886,413421.0
887,403633.0
888,399174.0
889,410162.0
890,412137.0
891,414483.0
892,415217.0
893,414264.0
894,412971.0
895,413592.0
896,415239.0
897,415353.0
898,413976.0
899,412959.0
900,413654.0
901,414926.0
902,415555.0
903,412915.0
904,411257.0
905,413634.0
906,415434.0
907,416320.0
908,414831.0
909,413509.0
910,414373.0
911,414829.0
912,415295.0
913,415195.0
914,413891.0
915,414781.0
916,416637.0
917,417202.0
918,415573.0
919,412215.0
920,412809.0
921,416378.0
922,416801.0
923,415912.0
924,414920.0
925,414904.0
926,416357.0
927,416332.0
928,414740.0
929,413598.0
930,413711.0
931,415984.0
932,416816.0
933,414724.0
934,413216.0
935,412021.0
936,413867.0
937,416757.0
938,415497.0
939,413535.0
940,414291.0
941,416811.0
942,417069.0
943,415345.0
944,413937.0
945,414618.0
946,416228.0
947,416474.0
948,409140.0
949,407366.0
950,415033.0
951,416278.0
952,416809.0
953,415604.0
954,413695.0
955,412141.0
956,413919.0
957,417053.0
958,415631.0
959,414368.0
960,415184.0
961,416377.0
962,416872.0
963,415448.0
964,413908.0
965,414622.0
966,416677.0
967,417581.0
968,416057.0
969,414052.0
970,414423.0
971,416369.0
972,417173.0
973,415301.0
974,413327.0
975,414595.0
976,416256.0
977,416714.0
978,415482.0
979,413380.0
980,413948.0
981,416483.0
982,417446.0
983,416001.0
984,414131.0
985,414311.0
986,415969.0
987,417087.0
988,415331.0
989,413421.0
990,414337.0
991,416546.0
992,415198.0
993,413471.0
994,414503.0
995,415313.0
996,416804.0
997,416796.0
998,415186.0
999,414373.0
1000,414469.0
1001,415522.0
1002,416574.0
1003,415069.0
1004,413499.0
1005,414248.0
1006,414367.0
1007,415024.0
1008,415841.0
1009,414354.0
1010,414894.0
1011,416646.0
1012,417513.0
1013,416053.0
1014,414682.0
1015,415169.0
1016,414678.0
1017,412909.0
1018,413106.0
1019,414050.0
1020,414704.0
1021,416138.0
1022,416354.0
1023,414468.0
1024,412990.0
1025,413349.0
1026,414934.0
1027,415138.0
1028,413196.0
1029,411484.0
1030,411898.0
1031,413196.0
1032,412688.0
1033,410858.0
1034,409651.0
1035,409962.0
1036,411829.0
1037,412443.0
1038,411152.0
1039,409333.0
1040,409542.0
1041,411464.0
1042,412404.0
1043,411298.0
1044,410154.0
1045,410970.0
1046,412518.0
1047,413456.0
1048,412461.0
1049,411180.0
1050,411781.0
1051,413135.0
1052,413035.0
1053,410220.0
1054,409770.0
1055,412533.0
1056,414139.0
1057,415276.0
1058,411908.0
1059,410343.0
1060,413346.0
1061,414778.0
1062,415926.0
1063,414728.0
1064,413333.0
1065,414036.0
1066,415109.0
1067,415610.0
1068,415161.0
1069,413438.0
1070,413874.0
1071,415655.0
1072,416446.0
1073,415179.0
1074,413680.0
1075,414364.0
1076,415814.0
1077,416308.0
1078,415336.0
1079,412323.0
1080,413338.0
1081,417041.0
1082,417548.0
1083,415786.0
1084,414353.0
1085,415271.0
1086,416838.0
1087,417464.0
1088,415958.0
1089,413351.0
1090,413909.0
1091,416892.0
1092,417226.0
1093,415595.0
1094,414282.0
1095,414896.0
1096,416386.0
1097,417250.0
1098,415761.0
1099,414688.0
1100,415412.0
1101,417072.0
1102,417730.0
1103,414809.0
1104,413072.0
1105,414823.0
1106,415315.0
1107,415429.0
1108,415643.0
1109,414544.0
1110,414943.0
1111,416930.0
1112,417759.0
1113,416178.0
1114,412714.0
1115,413021.0
1116,416307.0
1117,417083.0
1118,415683.0
1119,413802.0
1120,414338.0
1121,416393.0
1122,416203.0
1123,414860.0
1124,414494.0
1125,415100.0
1126,416685.0
1127,417194.0
1128,415723.0
1129,414323.0
1130,413059.0
1131,407415.0
1132,408989.0
1133,415739.0
1134,414318.0
1135,413675.0
1136,414966.0
1137,417334.0
1138,415977.0
1139,414696.0
1140,415118.0
1141,416650.0
1142,417386.0
1143,402518.0
1144,397823.0
1145,414331.0
1146,415449.0
1147,417491.0
1148,416361.0
1149,414704.0
1150,415148.0
1151,416514.0
1152,416908.0
1153,415705.0
1154,414278.0
1155,414813.0
1156,416216.0
1157,417060.0
1158,415578.0
1159,414171.0
1160,415053.0
1161,416849.0
1162,417264.0
1163,415816.0
1164,414544.0
1165,414923.0
1166,416608.0
1167,417375.0
1168,415769.0
1169,414284.0
1170,415168.0
1171,416624.0
1172,417241.0
1173,416323.0
1174,415018.0
1175,415039.0
1176,415917.0
1177,416467.0
1178,416109.0
1179,414492.0
1180,414884.0
1181,414492.0
1182,415303.0
1183,416047.0
1184,414711.0
1185,415402.0
1186,417036.0
1187,417508.0
1188,415883.0
1189,412394.0
1190,413133.0
1191,417125.0
1192,417500.0
1193,415764.0
1194,414634.0
1195,415284.0
1196,416875.0
1197,417579.0
1198,416083.0
1199,414411.0
1200,415097.0
1201,416856.0
1202,417426.0
1203,415923.0
1204,410612.0
1205,410855.0
1206,416745.0
1207,417702.0
1208,416342.0
1209,414807.0
1210,415393.0
1211,416905.0
1212,416764.0
1213,415328.0
1214,414471.0
1215,415182.0
1216,417233.0
1217,417543.0
1218,416054.0
1219,414836.0
1220,415216.0
1221,416809.0
1222,417611.0
1223,416224.0
1224,413379.0
1225,412456.0
1226,415341.0
1227,417697.0
1228,416492.0
1229,414793.0
1230,414975.0
1231,416777.0
1232,417524.0
1233,415890.0
1234,414349.0
1235,415238.0
1236,416725.0
1237,417461.0
1238,414152.0
1239,412372.0
1240,414446.0
1241,415944.0
1242,417355.0
1243,416068.0
1244,414878.0
1245,415474.0
1246,416931.0
1247,417640.0
1248,415749.0
1249,413986.0
1250,414793.0
1251,416660.0
1252,417360.0
1253,415648.0
1254,413902.0
1255,413011.0
1256,414906.0
1257,417727.0
1258,416188.0
1259,414619.0
1260,415293.0
1261,416866.0
1262,417308.0
1263,416173.0
1264,414923.0
1265,415006.0
1266,416369.0
1267,417465.0
1268,416638.0
1269,415168.0
1270,414993.0
1271,414956.0
1272,415620.0
1273,415936.0
1274,414487.0
1275,415548.0
1276,417298.0
1277,417596.0
1278,415961.0
1279,414489.0
1280,415284.0
1281,416631.0
1282,417176.0
1283,415828.0
1284,414364.0
1285,415289.0
1286,417026.0
1287,417644.0
1288,416211.0
1289,414592.0
1290,414855.0
1291,417009.0
1292,418118.0
1293,416241.0
1294,414481.0
1295,415063.0
1296,416704.0
1297,417391.0
1298,416065.0
1299,412936.0
1300,413383.0
1301,417525.0
1302,418198.0
1303,415789.0
1304,414057.0
1305,414652.0
1306,416398.0
1307,417378.0
1308,416068.0
1309,414606.0
1310,415366.0
1311,416998.0
1312,416431.0
1313,414876.0
1314,414129.0
1315,414714.0
1316,417188.0
1317,417689.0
1318,415977.0
1319,414554.0
1320,415033.0
1321,416784.0
1322,415658.0
1323,414103.0
1324,414693.0
1325,415332.0
1326,408379.0
1327,405639.0
1328,414788.0
1329,414855.0
1330,415288.0
1331,417194.0
1332,417959.0
1333,416608.0
1334,412680.0
1335,413023.0
1336,417130.0
1337,417638.0
1338,416369.0
1339,414455.0
1340,414827.0
1341,416965.0
1342,417520.0
1343,415933.0
1344,414505.0
1345,415202.0
1346,416743.0
1347,417726.0
1348,416149.0
1349,414891.0
1350,415564.0
1351,416783.0
1352,417356.0
1353,415198.0
1354,413723.0
1355,415434.0
1356,417041.0
1357,417878.0
1358,416521.0
1359,414609.0
1360,415124.0
1361,416741.0
1362,417614.0
1363,416326.0
1364,414552.0
1365,415239.0
1366,416915.0
1367,417662.0
1368,415929.0
1369,414672.0
1370,415653.0
1371,417001.0
1372,417679.0
1373,416458.0
1374,415050.0
1375,415376.0
1376,417067.0
1377,417910.0
1378,416208.0
1379,414758.0
1380,415688.0
1381,417443.0
1382,418144.0
1383,416272.0
1384,414411.0
1385,415379.0
1386,417314.0
1387,411678.0
1388,409228.0
1389,415004.0
1390,415578.0
1391,417309.0
1392,417924.0
1393,416383.0
1394,413984.0
1395,414616.0
1396,417241.0
1397,418000.0
1398,416270.0
1399,408613.0
1400,408533.0
1401,415731.0
1402,416004.0
1403,416239.0
1404,414891.0
1405,415691.0
1406,415237.0
1407,415965.0
1408,416483.0
1409,415143.0
1410,415604.0
1411,416941.0
1412,416634.0
1413,415331.0
1414,413781.0
1415,414112.0
1416,417208.0
1417,418061.0
1418,416382.0
1419,414724.0
1420,415414.0
1421,417137.0
1422,417070.0
1423,415344.0
1424,414704.0
1425,415662.0
1426,417471.0
1427,417685.0
1428,415753.0
1429,414511.0
1430,415555.0
1431,417519.0
1432,418048.0
1433,416399.0
1434,414894.0
1435,413843.0
1436,415547.0
1437,418066.0
1438,416663.0
1439,414959.0
1440,413606.0
1441,415210.0
1442,418010.0
1443,416526.0
1444,415154.0
1445,416099.0
1446,417836.0
1447,418048.0
1448,415848.0
1449,414496.0
1450,415869.0
1451,417261.0
1452,417597.0
1453,416254.0
1454,414534.0
1455,415198.0
1456,417045.0
1457,418174.0
1458,416784.0
1459,415227.0
1460,415823.0
1461,415757.0
1462,416265.0
1463,416365.0
1464,414856.0
1465,415660.0
1466,417115.0
1467,417976.0
1468,416561.0
1469,414937.0
1470,415714.0
1471,417691.0
1472,418458.0
1473,416280.0
1474,412626.0
1475,413626.0
1476,417426.0
1477,418014.0
1478,416596.0
1479,414868.0
1480,415446.0
1481,417336.0
1482,417191.0
1483,415784.0
1484,415248.0
1485,415348.0
1486,416913.0
1487,417747.0
1488,416261.0
1489,415143.0
1490,415716.0
1491,417338.0
1492,416538.0
1493,414735.0
1494,414972.0
1495,415849.0
1496,417253.0
1497,418019.0
1498,415351.0
1499,413649.0
1500,415642.0
1501,417302.0
1502,418029.0
1503,416513.0
1504,414611.0
1505,415051.0
1506,416930.0
1507,417988.0
1508,416783.0
1509,415055.0
1510,415916.0
1511,417596.0
1512,418121.0
1513,416922.0
1514,415559.0
1515,415818.0
1516,417381.0
1517,418275.0
1518,416351.0
1519,414930.0
1520,416004.0
1521,417453.0
1522,418093.0
1523,416629.0
1524,415319.0
1525,416477.0
1526,418089.0
1527,418508.0
1528,414782.0
1529,413103.0
1530,416022.0
1531,417443.0
1532,418031.0
1533,416701.0
1534,414838.0
1535,415330.0
1536,417461.0
1537,418242.0
1538,417029.0
1539,415244.0
1540,415551.0
1541,416637.0
1542,417171.0
1543,416793.0
1544,415333.0
1545,415738.0
1546,417725.0
1547,418354.0
1548,416606.0
1549,415366.0
1550,416213.0
1551,416009.0
1552,416489.0
1553,416652.0
1554,414942.0
1555,415397.0
1556,415541.0
1557,416388.0
1558,416624.0
1559,414889.0
1560,415936.0
1561,417628.0
1562,418254.0
1563,416693.0
1564,415178.0
1565,415962.0
1566,417511.0
1567,418220.0
1568,415534.0
1569,414251.0
1570,415866.0
1571,417202.0
1572,418413.0
1573,416899.0
1574,415056.0
1575,415514.0
1576,417952.0
1577,418679.0
1578,416665.0
1579,415328.0
1580,415851.0
1581,417456.0
1582,405409.0
1583,400539.0
1584,412750.0
1585,413223.0
1586,418249.0
1587,418609.0
1588,417099.0
1589,415728.0
1590,416245.0
1591,417931.0
1592,418815.0
1593,417281.0
1594,405034.0
1595,403732.0
1596,418361.0
1597,418683.0
1598,417133.0
1599,415548.0
1600,414328.0
1601,415541.0
1602,418171.0
1603,415857.0
1604,414004.0
1605,415952.0
1606,417770.0
1607,417966.0
1608,416530.0
1609,414020.0
1610,414441.0
1611,417536.0
1612,418256.0
1613,416961.0
1614,415171.0
1615,415861.0
1616,417787.0
1617,418741.0
1618,417487.0
1619,413341.0
1620,413570.0
1621,417726.0
1622,418301.0
1623,416938.0
1624,415454.0
1625,415797.0
1626,417649.0
1627,416712.0
1628,414940.0
1629,415328.0
1630,416328.0
1631,417824.0
1632,417877.0
1633,416384.0
1634,415068.0
1635,415959.0
1636,417723.0
1637,418478.0
1638,415484.0
1639,413733.0
1640,414407.0
1641,415896.0
1642,418304.0
1643,416365.0
1644,414789.0
1645,413854.0
1646,415530.0
1647,418527.0
1648,416994.0
1649,415354.0
1650,416154.0
1651,417794.0
1652,417813.0
1653,416438.0
1654,414116.0
1655,410234.0
1656,412111.0
1657,418228.0
1658,416913.0
1659,415531.0
1660,415469.0
1661,416954.0
1662,418261.0
1663,416438.0
1664,414854.0
1665,415861.0
1666,417549.0
1667,418377.0
1668,416409.0
1669,414793.0
1670,416064.0
1671,417618.0
1672,418224.0
1673,416629.0
1674,415087.0
1675,415984.0
1676,417539.0
1677,418175.0
1678,416972.0
1679,415558.0
1680,415775.0
1681,417168.0
1682,418252.0
1683,416924.0
1684,415249.0
1685,415748.0
1686,416643.0
1687,417341.0
1688,417001.0
1689,415693.0
1690,416462.0
1691,417608.0
1692,418006.0
1693,416754.0
1694,415409.0
1695,416113.0
1696,417658.0
1697,417128.0
1698,415508.0
1699,413526.0
1700,413980.0
1701,416145.0
1702,416551.0
1703,416495.0
1704,414863.0
1705,415107.0
1706,415027.0
1707,416178.0
1708,416603.0
1709,415417.0
1710,416279.0
1711,417748.0
1712,418415.0
1713,417090.0
1714,414879.0
1715,415024.0
1716,417203.0
1717,416946.0
1718,414984.0
1719,411526.0
1720,411550.0
1721,414601.0
1722,414416.0
1723,412271.0
1724,410238.0
1725,410208.0
1726,411356.0
1727,410112.0
1728,408424.0
1729,408551.0
1730,409179.0
1731,410606.0
1732,411309.0
1733,410153.0
1734,408906.0
1735,409363.0
1736,411102.0
1737,410868.0
1738,409476.0
1739,409674.0
1740,410659.0
1741,412563.0
1742,413599.0
1743,412376.0
1744,410981.0
1745,411933.0
1746,413708.0
1747,414384.0
1748,412939.0
1749,411787.0
1750,413474.0
1751,415074.0
1752,415298.0
1753,413713.0
1754,411986.0
1755,411468.0
1756,413723.0
1757,416537.0
1758,415256.0
1759,413833.0
1760,414462.0
1761,416087.0
1762,416552.0
1763,415709.0
1764,414693.0
1765,412673.0
1766,414073.0
1767,417427.0
1768,416043.0
1769,414886.0
1770,415408.0
1771,416826.0
1772,417554.0
1773,414309.0
1774,412665.0
1775,415504.0
1776,417236.0
1777,417894.0
1778,416365.0
1779,415112.0
1780,415906.0
1781,417647.0
1782,418228.0
1783,416717.0
1784,415433.0
1785,416141.0
1786,417641.0
1787,418344.0
1788,416892.0
1789,415249.0
1790,415671.0
1791,417313.0
1792,418184.0
1793,416928.0
1794,415076.0
1795,415712.0
1796,418182.0
1797,418871.0
1798,417026.0
1799,414420.0
1800,415068.0
1801,416401.0
1802,416718.0
1803,416931.0
1804,415362.0
1805,415921.0
1806,417882.0
1807,418275.0
1808,416830.0
1809,415937.0
1810,416414.0
1811,417866.0
1812,418593.0
1813,417529.0
1814,415758.0
1815,415866.0
1816,417728.0
1817,418654.0
1818,417269.0
1819,415612.0
1820,416218.0
1821,417956.0
1822,418343.0
1823,416834.0
1824,415460.0
1825,415899.0
1826,417760.0
1827,418378.0
1828,416861.0
1829,415726.0
1830,416404.0
1831,417938.0
1832,417889.0
1833,416461.0
1834,414449.0
1835,415280.0
1836,418349.0
1837,418833.0
1838,417566.0
1839,415914.0
1840,416389.0
1841,418109.0
1842,418121.0
1843,416285.0
1844,415656.0
1845,416141.0
1846,417889.0
1847,418845.0
1848,416783.0
1849,415373.0
1850,405981.0
1851,405612.0
1852,419102.0
1853,417912.0
1854,416093.0
1855,415115.0
1856,416874.0
1857,418638.0
1858,417329.0
1859,415841.0
1860,416373.0
1861,416639.0
1862,417368.0
1863,416896.0
1864,414830.0
1865,416225.0
1866,418244.0
1867,418709.0
1868,417148.0
1869,415499.0
1870,416510.0
1871,417959.0
1872,418368.0
1873,417354.0
1874,415326.0
1875,415616.0
1876,417618.0
1877,418151.0
1878,416759.0
1879,415756.0
1880,416519.0
1881,418081.0
1882,419038.0
1883,417586.0
1884,413758.0
1885,414263.0
1886,418328.0
1887,418797.0
1888,417606.0
1889,416748.0
1890,417022.0
1891,418323.0
1892,419040.0
1893,417558.0
1894,416009.0
1895,416806.0
1896,417248.0
1897,417370.0
1898,417217.0
1899,415668.0
1900,415849.0
1901,417639.0
1902,418555.0
1903,417157.0
1904,415663.0
1905,416870.0
1906,418875.0
1907,419379.0
1908,417670.0
1909,416241.0
1910,416711.0
1911,414412.0
1912,415006.0
1913,417810.0
1914,415979.0
1915,416549.0
1916,418158.0
1917,418997.0
1918,417438.0
1919,415594.0
1920,414444.0
1921,416019.0
1922,419122.0
1923,417681.0
1924,415903.0
1925,416534.0
1926,418469.0
1927,419231.0
1928,417417.0
1929,415688.0
1930,416616.0
1931,418254.0
1932,417577.0
1933,416163.0
1934,415898.0
1935,416326.0
1936,418077.0
1937,418577.0
1938,417285.0
1939,415919.0
1940,416614.0
1941,418278.0
1942,417275.0
1943,415822.0
1944,416124.0
1945,416584.0
1946,418344.0
1947,419166.0
1948,417588.0
1949,416116.0
1950,416704.0
1951,416529.0
1952,416988.0
1953,417172.0
1954,415631.0
1955,416524.0
1956,418457.0
1957,419209.0
1958,417376.0
1959,415804.0
1960,416406.0
1961,418247.0
1962,419180.0
1963,417472.0
1964,415728.0
1965,416551.0
1966,416358.0
1967,416659.0
1968,417323.0
1969,415650.0
1970,416165.0
1971,418123.0
1972,418731.0
1973,416709.0
1974,415357.0
1975,416503.0
1976,418584.0
1977,419217.0
1978,417483.0
1979,413805.0
1980,413908.0
1981,418228.0
1982,418856.0
1983,417352.0
1984,415705.0
1985,416202.0
1986,417932.0
1987,418862.0
1988,417278.0
1989,415524.0
1990,416093.0
1991,418103.0
1992,418769.0
1993,417223.0
1994,415722.0
1995,416678.0
1996,418291.0
1997,418570.0
1998,417205.0
1999,416116.0
2000,416646.0
2001,416558.0
2002,416828.0
2003,417084.0
2004,415676.0
2005,416232.0
2006,416065.0
2007,416648.0
2008,417505.0
2009,415884.0
2010,416409.0
2011,416752.0
2012,417344.0
2013,417468.0
2014,416013.0
2015,416501.0
2016,417925.0
2017,418712.0
2018,417392.0
2019,415638.0
2020,416241.0
2021,417523.0
2022,418182.0
2023,417553.0
2024,416147.0
2025,416829.0
2026,418247.0
2027,419207.0
2028,417789.0
2029,414248.0
2030,414700.0
2031,418413.0
2032,419073.0
2033,402186.0
2034,394742.0
2035,415711.0
2036,419264.0
2037,419422.0
2038,417899.0
2039,416327.0
2040,416968.0
2041,418466.0
2042,418051.0
2043,416602.0
2044,416100.0
2045,416323.0
2046,417920.0
2047,416954.0
2048,415448.0
2049,416262.0
2050,417011.0
2051,416977.0
2052,417475.0
2053,417633.0
2054,415542.0
2055,416072.0
2056,416117.0
2057,417044.0
2058,415808.0
2059,414026.0
2060,416540.0
2061,418119.0
2062,419541.0
2063,418153.0
2064,416628.0
2065,416799.0
2066,417866.0
2067,418495.0
2068,417485.0
2069,415959.0
2070,416118.0
2071,418119.0
2072,419293.0
2073,417817.0
2074,416189.0
2075,416794.0
2076,417894.0
2077,418413.0
2078,417874.0
2079,416339.0
2080,416913.0
2081,418604.0
2082,419107.0
2083,417518.0
2084,416012.0
2085,416392.0
2086,418169.0
2087,418912.0
2088,417418.0
2089,416379.0
2090,417099.0
2091,418445.0
2092,417227.0
2093,415348.0
2094,416098.0
2095,416946.0
2096,418629.0
2097,417531.0
2098,415929.0
2099,416463.0
2100,417009.0
2101,417079.0
2102,417506.0
2103,417099.0
2104,415374.0
2105,416831.0
2106,409824.0
2107,408395.0
2108,417618.0
2109,416336.0
2110,417084.0
2111,416575.0
2112,417071.0
2113,418128.0
2114,416459.0
2115,417082.0
2116,418690.0
2117,419371.0
2118,417917.0
2119,416194.0
2120,416783.0
2121,418933.0
2122,419524.0
2123,417522.0
2124,414271.0
2125,414701.0
2126,418633.0
2127,419156.0
2128,417442.0
2129,415824.0
2130,416670.0
2131,418378.0
2132,418815.0
2133,417493.0
2134,414336.0
2135,414653.0
2136,418462.0
2137,419132.0
2138,416445.0
2139,414863.0
2140,416899.0
2141,418744.0
2142,417323.0
2143,415576.0
2144,416622.0
2145,417397.0
2146,418561.0
2147,418419.0
2148,416942.0
2149,416358.0
2150,416861.0
2151,416844.0
2152,417416.0
2153,417644.0
2154,414838.0
2155,415254.0
2156,418609.0
2157,419479.0
2158,415897.0
2159,414155.0
2160,416872.0
2161,418326.0
2162,419068.0
2163,418116.0
2164,416663.0
2165,416753.0
2166,418550.0
2167,419247.0
2168,417083.0
2169,415656.0
2170,416877.0
2171,418419.0
2172,419184.0
2173,417695.0
2174,416453.0
2175,417306.0
2176,418166.0
2177,418544.0
2178,417840.0
2179,416384.0
2180,416425.0
2181,416508.0
2182,417471.0
2183,417831.0
2184,416304.0
2185,416898.0
2186,418649.0
2187,419341.0
2188,417944.0
2189,414221.0
2190,414786.0
2191,419046.0
2192,419821.0
2193,418039.0
2194,416359.0
2195,416954.0
2196,418443.0
2197,416221.0
2198,414778.0
2199,416628.0
2200,416985.0
2201,417368.0
2202,417979.0
2203,417995.0
2204,416170.0
2205,415498.0
2206,417535.0
2207,419658.0
2208,418027.0
2209,416543.0
2210,417392.0
2211,417399.0
2212,417654.0
2213,417009.0
2214,415324.0
2215,416846.0
2216,418765.0
2217,419654.0
2218,417964.0
2219,416231.0
2220,416883.0
2221,417383.0
2222,417895.0
2223,418113.0
2224,415651.0
2225,416198.0
2226,418838.0
2227,419624.0
2228,417609.0
2229,416002.0
2230,417001.0
2231,418978.0
2232,419348.0
2233,417679.0
2234,417168.0
2235,417808.0
2236,418719.0
2237,419645.0
2238,418168.0
2239,416728.0
2240,415953.0
2241,417511.0
2242,419857.0
2243,418186.0
2244,416600.0
2245,417456.0
2246,419061.0
2247,417806.0
2248,415334.0
2249,415904.0
2250,417164.0
2251,419311.0
2252,419864.0
2253,417523.0
2254,416155.0
2255,416751.0
2256,416756.0
2257,417615.0
2258,418255.0
2259,415382.0
2260,415869.0
2261,419043.0
2262,419685.0
2263,418288.0
2264,415836.0
2265,415928.0
2266,418724.0
2267,419430.0
2268,417921.0
2269,417099.0
2270,417515.0
2271,418698.0
2272,417946.0
2273,416302.0
2274,416576.0
2275,415784.0
2276,417373.0
2277,419852.0
2278,418449.0
2279,416883.0
2280,415821.0
2281,417087.0
2282,419729.0
2283,418004.0
2284,416250.0
2285,417111.0
2286,418986.0
2287,419624.0
2288,416101.0
2289,405982.0
2290,405883.0
2291,416106.0
2292,418214.0
2293,418770.0
2294,417293.0
2295,417685.0
2296,419393.0
2297,420120.0
2298,419028.0
2299,417312.0
2300,417262.0
2301,405598.0
2302,402770.0
2303,418328.0
2304,416861.0
2305,417193.0
2306,419119.0
2307,419984.0
2308,418866.0
2309,417266.0
2310,417400.0
2311,417231.0
2312,417768.0
2313,418194.0
2314,416169.0
2315,416678.0
2316,419188.0
2317,419776.0
2318,418151.0
2319,416753.0
2320,417371.0
2321,419096.0
2322,420042.0
2323,418559.0
2324,414771.0
2325,414988.0
2326,416291.0
2327,416689.0
2328,418343.0
2329,416813.0
2330,417150.0
2331,418962.0
2332,419509.0
2333,418227.0
2334,414629.0
2335,414956.0
2336,418940.0
2337,419554.0
2338,417606.0
2339,415858.0
2340,416637.0
2341,418363.0
2342,419247.0
2343,417902.0
2344,415757.0
2345,416428.0
2346,418634.0
2347,419619.0
2348,417947.0
2349,416388.0
2350,416614.0
2351,417888.0
2352,419029.0
2353,416841.0
2354,415305.0
2355,416890.0
2356,417164.0
2357,417683.0
2358,418311.0
2359,416785.0
2360,417214.0
2361,418916.0
2362,414582.0
2363,411901.0
2364,416401.0
2365,417471.0
2366,419184.0
2367,419804.0
2368,418126.0
2369,417426.0
2370,418051.0
2371,419065.0
2372,419759.0
2373,418130.0
2374,416766.0
2375,416893.0
2376,418512.0
2377,419509.0
2378,417814.0
2379,416211.0
2380,416982.0
2381,418611.0
2382,419524.0
2383,417933.0
2384,416250.0
2385,415789.0
2386,417284.0
2387,419169.0
2388,417606.0
2389,416211.0
2390,417284.0
2391,418883.0
2392,418649.0
2393,414657.0
2394,412218.0
2395,414344.0
2396,414266.0
2397,414147.0
2398,413490.0
2399,410855.0
2400,411029.0
2401,412348.0
2402,412526.0
2403,409937.0
2404,408491.0
2405,410660.0
2406,412361.0
2407,412908.0
2408,411598.0
2409,410336.0
2410,410796.0
2411,412406.0
2412,413239.0
2413,411952.0
2414,410619.0
2415,411145.0
2416,410907.0
2417,411923.0
2418,412328.0
2419,410732.0
2420,411296.0
2421,413419.0
2422,414396.0
2423,411980.0
2424,410234.0
2425,411635.0
2426,412089.0
2427,412781.0
2428,413534.0
2429,411798.0
2430,412431.0
2431,414452.0
2432,414941.0
2433,413924.0
2434,410491.0
2435,410821.0
2436,414936.0
2437,415403.0
2438,414251.0
2439,412223.0
2440,412859.0
2441,415308.0
2442,415948.0
2443,414971.0
2444,411653.0
2445,411882.0
2446,415940.0
2447,415601.0
2448,413784.0
2449,414571.0
2450,415653.0
2451,415117.0
2452,415849.0
2453,416218.0
2454,414376.0
2455,415418.0
2456,415694.0
2457,416465.0
2458,417232.0
2459,416025.0
2460,416313.0
2461,417703.0
2462,418921.0
2463,417553.0
2464,415954.0
2465,416383.0
2466,418146.0
2467,418876.0
2468,417541.0
2469,416224.0
2470,416838.0
2471,418375.0
2472,417039.0
2473,415614.0
2474,416067.0
2475,416803.0
2476,418589.0
2477,419388.0
2478,418043.0
2479,416675.0
2480,416492.0
2481,418041.0
2482,418568.0
2483,417266.0
2484,416769.0
2485,417045.0
2486,418935.0
2487,419794.0
2488,418219.0
2489,416688.0
2490,416844.0
2491,418303.0
2492,419749.0
2493,418273.0
2494,416802.0
2495,417509.0
2496,419042.0
2497,419976.0
2498,417958.0
2499,416249.0
2500,417538.0
2501,419375.0
2502,419965.0
2503,418433.0
2504,416431.0
2505,416790.0
2506,416753.0
2507,417404.0
2508,418726.0
2509,417671.0
2510,418324.0
2511,419466.0
2512,419547.0
2513,418383.0
2514,416779.0
2515,416847.0
2516,416826.0
2517,417516.0
2518,418002.0
2519,416826.0
2520,417380.0
2521,418792.0
2522,419673.0
2523,418174.0
2524,416644.0
2525,417123.0
2526,416824.0
2527,417718.0
2528,418283.0
2529,416989.0
2530,417582.0
2531,419222.0
2532,419945.0
2533,418145.0
2534,416528.0
2535,417313.0
2536,419634.0
2537,420456.0
2538,418399.0
2539,417095.0
2540,417601.0
2541,416962.0
2542,417535.0
2543,418363.0
2544,416239.0
2545,416790.0
2546,419071.0
2547,419590.0
2548,418263.0
2549,417115.0
2550,417701.0
2551,417323.0
2552,418173.0
2553,418196.0
2554,416321.0
2555,416910.0
2556,417066.0
2557,405900.0
2558,403443.0
2559,417629.0
2560,418454.0
2561,419961.0
2562,420299.0
2563,418596.0
2564,417393.0
2565,418304.0
2566,419443.0
2567,419879.0
2568,418835.0
2569,417515.0
2570,417178.0
2571,418836.0
2572,418159.0
2573,416738.0
2574,417138.0
2575,417471.0
2576,419151.0
2577,420054.0
2578,418693.0
2579,416846.0
2580,417398.0
2581,419114.0
2582,418470.0
2583,416984.0
2584,416741.0
2585,417160.0
2586,419203.0
2587,420111.0
2588,418540.0
2589,417006.0
2590,416541.0
2591,418239.0
2592,418419.0
2593,416821.0
2594,417169.0
2595,416472.0
2596,418174.0
2597,420203.0
2598,418963.0
2599,417590.0
2600,417859.0
2601,419244.0
2602,419875.0
2603,416037.0
2604,414543.0
2605,418347.0
2606,420343.0
2607,420868.0
2608,419025.0
2609,417174.0
2610,417600.0
2611,419353.0
2612,420023.0
2613,416728.0
2614,414890.0
2615,417671.0
2616,419337.0
2617,420149.0
2618,414159.0
2619,411824.0
2620,417604.0
2621,419425.0
2622,420125.0
2623,417968.0
2624,416569.0
2625,417830.0
2626,419351.0
2627,419965.0
2628,418724.0
2629,417266.0
2630,417885.0
2631,419484.0
2632,420034.0
2633,418877.0
2634,417445.0
2635,417869.0
2636,419309.0
2637,419855.0
2638,417851.0
2639,416094.0
2640,417289.0
2641,419282.0
2642,420113.0
2643,418181.0
2644,416466.0
2645,417274.0
2646,417248.0
2647,417634.0
2648,418206.0
2649,415643.0
2650,416329.0
2651,417638.0
2652,418058.0
2653,418273.0
2654,416804.0
2655,417484.0
2656,419225.0
2657,420134.0
2658,418489.0
2659,417022.0
2660,417733.0
2661,419916.0
2662,420597.0
2663,418517.0
2664,415476.0
2665,415988.0
2666,419415.0
2667,420145.0
2668,418443.0
2669,416878.0
2670,417548.0
2671,419081.0
2672,420368.0
2673,418838.0
2674,416621.0
2675,417481.0
2676,419171.0
2677,419850.0
2678,418459.0
2679,416436.0
2680,416584.0
2681,419068.0
2682,420624.0
2683,418729.0
2684,416717.0
2685,415509.0
2686,417254.0
2687,419983.0
2688,418548.0
2689,415723.0
2690,416631.0
2691,419726.0
2692,420123.0
2693,418823.0
2694,417278.0
2695,417569.0
2696,419023.0
2697,419685.0
2698,418258.0
2699,417297.0
2700,417611.0
2701,419173.0
2702,420018.0
2703,418073.0
2704,415864.0
2705,416542.0
2706,418798.0
2707,420121.0
2708,418259.0
2709,416866.0
2710,417596.0
2711,419099.0
2712,419849.0
2713,416759.0
2714,414983.0
2715,417553.0
2716,419308.0
2717,419958.0
2718,416505.0
2719,414781.0
2720,417617.0
2721,419401.0
2722,419934.0
2723,417978.0
2724,416266.0
2725,416959.0
2726,416589.0
2727,416933.0
2728,417084.0
2729,415137.0
2730,415765.0
2731,417188.0
2732,417685.0
2733,415943.0
2734,414114.0
2735,414171.0
2736,415739.0
2737,416583.0
2738,414559.0
2739,410779.0
2740,406181.0
2741,409494.0
2742,415764.0
2743,413826.0
2744,412297.0
2745,413283.0
2746,415202.0
2747,415961.0
2748,414530.0
2749,412819.0
2750,413874.0
2751,414256.0
2752,414751.0
2753,415671.0
2754,414043.0
2755,414601.0
2756,414201.0
2757,415053.0
2758,416974.0
2759,415521.0
2760,416156.0
2761,417826.0
2762,418522.0
2763,417277.0
2764,414067.0
2765,414317.0
2766,417979.0
2767,419281.0
2768,417629.0
2769,416056.0
2770,416831.0
2771,418493.0
2772,418655.0
2773,417078.0
2774,416499.0
2775,417124.0
2776,418904.0
2777,419552.0
2778,418052.0
2779,416601.0
2780,417454.0
2781,419375.0
2782,419632.0
2783,418031.0
2784,416916.0
2785,415431.0
2786,417291.0
2787,420489.0
2788,418891.0
2789,417015.0
2790,417158.0
2791,419341.0
2792,420234.0
2793,418887.0
2794,416083.0
2795,416896.0
2796,420040.0
2797,420390.0
2798,418763.0
2799,417346.0
2800,418059.0
2801,414164.0
2802,413919.0
2803,418876.0
2804,417374.0
2805,418006.0
2806,419806.0
2807,420474.0
2808,419081.0
2809,417484.0
2810,417731.0
2811,419478.0
2812,420753.0
2813,408395.0
2814,403931.0
2815,417928.0
2816,419799.0
2817,420749.0
2818,417086.0
2819,415050.0
2820,417889.0
2821,419563.0
2822,420344.0
2823,418952.0
2824,417107.0
2825,417703.0
2826,419733.0
2827,420130.0
2828,416908.0
2829,415324.0
2830,418081.0
2831,420032.0
2832,420736.0
2833,419032.0
2834,417499.0
2835,418031.0
2836,419153.0
2837,420140.0
2838,418917.0
2839,417179.0
2840,417973.0
2841,419676.0
2842,420564.0
2843,418808.0
2844,415726.0
2845,416428.0
2846,419787.0
2847,420461.0
2848,418968.0
2849,417341.0
2850,417948.0
2851,419533.0
2852,420434.0
2853,418931.0
2854,417086.0
2855,415847.0
2856,417408.0
2857,420338.0
2858,418985.0
2859,417413.0
2860,417768.0
2861,419464.0
2862,420513.0
2863,417387.0
2864,415496.0
2865,418256.0
2866,419911.0
2867,420546.0
2868,418761.0
2869,417121.0
2870,417803.0
2871,419541.0
2872,420371.0
2873,418893.0
2874,417848.0
2875,418105.0
2876,419579.0
2877,420671.0
2878,418612.0
2879,417101.0
2880,417762.0
2881,419415.0
2882,420453.0
2883,419011.0
2884,416488.0
2885,417206.0
2886,419857.0
2887,420389.0
2888,418520.0
2889,417276.0
2890,418289.0
2891,419858.0
2892,419987.0
2893,418703.0
2894,417841.0
2895,418241.0
2896,418623.0
2897,419361.0
2898,419256.0
2899,417149.0
2900,417834.0
2901,419549.0
2902,419916.0
2903,418474.0
2904,414651.0
2905,415200.0
2906,419628.0
2907,420541.0
2908,419213.0
2909,417745.0
2910,418351.0
2911,419773.0
2912,418789.0
2913,417148.0
2914,417592.0
2915,418126.0
2916,419666.0
2917,420394.0
2918,418924.0
2919,417336.0
2920,417618.0
2921,419313.0
2922,420683.0
2923,418986.0
2924,417399.0
2925,418163.0
2926,419604.0
2927,420433.0
2928,417111.0
2929,415266.0
2930,418045.0
2931,420002.0
2932,420813.0
2933,419108.0
2934,417306.0
2935,417376.0
2936,419276.0
2937,420339.0
2938,419078.0
2939,415905.0
2940,416471.0
2941,418294.0
2942,418599.0
2943,419046.0
2944,417633.0
2945,417841.0
2946,419703.0
2947,420405.0
2948,418609.0
2949,417641.0
2950,418389.0
2951,417902.0
2952,418714.0
2953,418731.0
2954,416815.0
2955,417773.0
2956,417830.0
2957,418414.0
2958,419388.0
2959,417840.0
2960,417889.0
2961,419366.0
2962,420529.0
2963,419116.0
2964,417787.0
2965,418481.0
2966,420046.0
2967,420309.0
2968,418873.0
2969,417603.0
2970,418207.0
2971,420062.0
2972,420451.0
2973,418787.0
2974,417668.0
2975,418399.0
2976,419862.0
2977,420749.0
2978,419271.0
2979,417757.0
2980,418199.0
2981,419941.0
2982,419980.0
2983,418229.0
2984,417888.0
2985,418301.0
2986,419863.0
2987,418884.0
2988,416873.0
2989,417719.0
2990,418717.0
2991,420366.0
2992,420956.0
2993,419201.0
2994,417611.0
2995,416388.0
2996,416484.0
2997,419188.0
2998,419513.0
2999,418105.0
3000,417686.0
3001,419191.0
3002,420523.0
3003,419253.0
3004,417521.0
3005,416276.0
3006,417666.0
3007,420678.0
3008,404469.0
3009,398648.0
3010,419134.0
3011,420898.0
3012,421279.0
3013,420004.0
3014,418122.0
3015,418436.0
3016,420266.0
3017,420911.0
3018,419169.0
3019,417703.0
3020,418487.0
3021,419774.0
3022,420561.0
3023,419472.0
3024,417813.0
3025,418397.0
3026,420021.0
3027,420799.0
3028,419778.0
3029,418308.0
3030,418342.0
3031,420258.0
3032,421126.0
3033,418055.0
3034,416323.0
3035,418457.0
3036,420048.0
3037,420723.0
3038,419247.0
3039,417584.0
3040,418044.0
3041,417379.0
3042,417911.0
3043,419489.0
3044,417819.0
3045,418103.0
3046,417689.0
3047,418595.0
3048,419561.0
3049,417722.0
3050,417954.0
3051,418349.0
3052,418896.0
3053,419059.0
3054,417487.0
3055,418221.0
3056,417907.0
3057,415891.0
3058,416154.0
3059,417981.0
3060,418428.0
3061,419924.0
3062,420681.0
3063,419055.0
3064,417004.0
3065,417561.0
3066,419399.0
3067,419628.0
3068,418267.0
3069,408776.0
3070,407033.0
3071,416643.0
3072,416944.0
3073,414916.0
3074,412410.0
3075,412141.0
3076,413308.0
3077,413702.0
3078,412263.0
3079,410734.0
3080,411217.0
3081,412919.0
3082,413633.0
3083,412379.0
3084,409438.0
3085,409806.0
3086,413421.0
3087,413059.0
3088,411665.0
3089,411483.0
3090,412000.0
3091,413616.0
3092,414138.0
3093,412616.0
3094,410614.0
3095,411484.0
3096,413774.0
3097,414377.0
3098,412744.0
3099,411309.0
3100,412363.0
3101,414121.0
3102,414501.0
3103,412279.0
3104,410831.0
3105,410495.0
3106,412196.0
3107,415377.0
3108,414294.0
3109,412826.0
3110,412027.0
3111,413493.0
3112,415489.0
3113,414296.0
3114,412894.0
3115,413676.0
3116,415349.0
3117,415773.0
3118,414276.0
3119,412825.0
3120,412608.0
3121,414368.0
3122,416213.0
3123,415184.0
3124,413646.0
3125,414098.0
3126,416132.0
3127,416856.0
3128,415221.0
3129,413991.0
3130,414789.0
3131,416599.0
3132,417918.0
3133,414871.0
3134,413216.0
3135,415877.0
3136,417552.0
3137,418374.0
3138,416979.0
3139,415454.0
3140,415922.0
3141,416189.0
3142,416998.0
3143,417394.0
3144,416028.0
3145,416649.0
3146,417693.0
3147,418578.0
3148,417921.0
3149,416637.0
3150,417503.0
3151,417254.0
3152,417636.0
3153,418198.0
3154,416478.0
3155,416699.0
3156,418571.0
3157,419895.0
3158,418554.0
3159,416864.0
3160,417314.0
3161,419066.0
3162,419988.0
3163,418451.0
3164,416641.0
3165,417349.0
3166,419451.0
3167,420099.0
3168,418470.0
3169,417131.0
3170,417827.0
3171,419650.0
3172,420311.0
3173,417701.0
3174,416636.0
3175,418319.0
3176,419640.0
3177,420425.0
3178,418884.0
3179,415324.0
3180,415575.0
3181,419784.0
3182,420703.0
3183,419526.0
3184,417976.0
3185,418213.0
3186,419936.0
3187,420347.0
3188,418744.0
3189,417761.0
3190,418243.0
3191,412244.0
3192,409944.0
3193,417322.0
3194,417551.0
3195,418026.0
3196,419782.0
3197,420308.0
3198,418681.0
3199,417427.0
3200,417142.0
3201,418342.0
3202,420149.0
3203,419014.0
3204,417765.0
3205,417903.0
3206,419224.0
3207,420634.0
3208,419176.0
3209,417684.0
3210,418193.0
3211,419768.0
3212,420988.0
3213,419634.0
3214,417569.0
3215,416284.0
3216,418014.0
3217,420953.0
3218,419443.0
3219,417881.0
3220,418286.0
3221,420076.0
3222,420695.0
3223,418061.0
3224,416329.0
3225,418224.0
3226,420036.0
3227,420690.0
3228,418697.0
3229,417202.0
3230,417921.0
3231,419666.0
3232,421227.0
3233,418051.0
3234,415745.0
3235,418344.0
3236,419752.0
3237,420749.0
3238,419390.0
3239,417631.0
3240,417604.0
3241,419461.0
3242,420976.0
3243,419531.0
3244,417981.0
3245,418384.0
3246,419654.0
3247,420380.0
3248,419441.0
3249,417893.0
3250,418168.0
3251,417969.0
3252,410100.0
3253,409202.0
3254,417759.0
3255,417963.0
3256,418023.0
3257,418414.0
3258,419171.0
3259,417611.0
3260,418373.0
3261,419980.0
3262,420572.0
3263,419077.0
3264,402877.0
3265,399698.0
3266,420607.0
3267,421112.0
3268,419526.0
3269,417889.0
3270,418600.0
3271,420264.0
3272,420916.0
3273,419366.0
3274,417763.0
3275,418429.0
3276,419996.0
3277,420618.0
3278,419076.0
3279,416134.0
3280,416482.0
3281,420051.0
3282,420827.0
3283,419321.0
3284,417624.0
3285,417948.0
3286,419673.0
3287,419216.0
3288,417754.0
3289,417768.0
3290,418183.0
3291,419864.0
3292,419945.0
3293,418303.0
3294,416354.0
3295,416964.0
3296,420029.0
3297,420793.0
3298,419588.0
3299,417743.0
3300,417869.0
3301,419386.0
3302,418399.0
3303,416733.0
3304,417571.0
3305,418055.0
3306,419780.0
3307,418378.0
3308,416829.0
3309,418000.0
3310,417913.0
3311,419465.0
3312,420680.0
3313,419111.0
3314,417444.0
3315,417919.0
3316,419470.0
3317,420360.0
3318,418848.0
3319,417148.0
3320,418094.0
3321,419985.0
3322,420449.0
3323,417196.0
3324,415132.0
3325,413986.0
3326,415327.0
3327,420741.0
3328,419552.0
3329,417930.0
3330,418144.0
3331,419629.0
3332,420646.0
3333,417721.0
3334,416218.0
3335,418170.0
3336,419592.0
3337,419435.0
3338,416211.0
3339,416085.0
3340,418309.0
3341,419753.0
3342,420953.0
3343,419182.0
3344,417609.0
3345,417708.0
3346,419407.0
3347,420919.0
3348,419091.0
3349,417750.0
3350,418300.0
3351,419644.0
3352,420485.0
3353,415647.0
3354,413404.0
3355,417830.0
3356,419849.0
3357,420694.0
3358,418831.0
3359,417042.0
3360,418108.0
3361,419987.0
3362,420554.0
3363,419207.0
3364,417669.0
3365,418476.0
3366,418081.0
3367,418344.0
3368,419093.0
3369,417803.0
3370,418158.0
3371,419674.0
3372,420778.0
3373,419338.0
3374,417434.0
3375,417792.0
3376,419799.0
3377,420782.0
3378,419203.0
3379,416607.0
3380,417196.0
3381,419993.0
3382,420949.0
3383,419224.0
3384,417462.0
3385,418258.0
3386,419656.0
3387,420411.0
3388,419365.0
3389,416509.0
3390,416901.0
3391,420233.0
3392,421084.0
3393,419683.0
3394,417918.0
3395,418476.0
3396,420059.0
3397,418998.0
3398,417513.0
3399,418222.0
3400,418654.0
3401,418533.0
3402,418881.0
3403,419058.0
3404,417321.0
3405,417763.0
3406,419635.0
3407,420818.0
3408,419335.0
3409,417844.0
3410,418166.0
3411,419549.0
3412,420525.0
3413,419015.0
3414,417366.0
3415,417262.0
3416,419001.0
3417,421206.0
3418,419872.0
3419,418194.0
3420,418491.0
3421,420322.0
3422,421278.0
3423,419043.0
3424,417265.0
3425,418284.0
3426,418809.0
3427,419464.0
3428,419626.0
3429,417649.0
3430,418094.0
3431,420063.0
3432,420851.0
3433,419711.0
3434,416641.0
3435,416294.0
3436,417995.0
3437,419037.0
3438,419545.0
3439,415499.0
3440,415578.0
3441,420008.0
3442,420509.0
3443,419392.0
3444,417384.0
3445,417842.0
3446,420160.0
3447,414359.0
3448,411664.0
3449,417988.0
3450,418440.0
3451,418698.0
3452,419361.0
3453,419059.0
3454,417243.0
3455,418046.0
3456,418321.0
3457,419225.0
3458,419416.0
3459,418049.0
3460,418486.0
3461,420147.0
3462,421428.0
3463,419571.0
3464,417983.0
3465,418752.0
3466,418675.0
3467,419204.0
3468,419886.0
3469,418210.0
3470,418538.0
3471,420463.0
3472,421093.0
3473,419553.0
3474,418026.0
3475,418381.0
3476,420101.0
3477,420919.0
3478,419391.0
3479,415918.0
3480,416356.0
3481,420391.0
3482,419046.0
3483,417262.0
3484,417864.0
3485,418328.0
3486,420341.0
3487,421443.0
3488,419941.0
3489,418291.0
3490,418982.0
3491,420507.0
3492,421049.0
3493,419673.0
3494,418117.0
3495,418956.0
3496,420560.0
3497,421094.0
3498,419673.0
3499,418163.0
3500,419096.0
3501,420938.0
3502,420894.0
3503,417818.0
3504,416243.0
3505,418473.0
3506,420217.0
3507,421191.0
3508,411652.0
3509,408594.0
3510,418805.0
3511,420656.0
3512,421214.0
3513,418305.0
3514,416830.0
3515,418308.0
3516,419716.0
3517,420475.0
3518,418873.0
3519,417371.0
3520,409433.0
3521,409117.0
3522,419626.0
3523,418073.0
3524,416336.0
3525,416106.0
3526,416336.0
3527,416995.0
3528,415839.0
3529,414001.0
3530,414561.0
3531,416070.0
3532,416668.0
3533,412983.0
3534,410769.0
3535,413809.0
3536,415456.0
3537,416031.0
3538,415331.0
3539,413751.0
3540,414047.0
3541,416349.0
3542,417319.0
3543,416087.0
3544,414554.0
3545,414984.0
3546,417234.0
3547,418626.0
3548,417242.0
3549,415814.0
3550,416432.0
3551,418704.0
3552,419710.0
3553,417487.0
3554,416111.0
3555,416800.0
3556,418589.0
3557,419889.0
3558,418428.0
3559,417019.0
3560,417666.0
3561,419317.0
3562,420079.0
3563,418341.0
3564,417209.0
3565,418178.0
3566,419854.0
3567,420488.0
3568,417750.0
3569,416318.0
3570,418200.0
3571,419673.0
3572,419412.0
3573,418023.0
3574,417755.0
3575,418386.0
3576,419582.0
3577,420238.0
3578,419426.0
3579,417706.0
3580,416864.0
3581,419103.0
3582,422195.0
3583,420367.0
3584,417659.0
3585,418200.0
3586,420588.0
3587,421323.0
3588,419901.0
3589,418505.0
3590,419069.0
3591,420679.0
3592,421281.0
3593,418172.0
3594,416207.0
3595,418029.0
3596,420206.0
3597,421454.0
3598,419929.0
3599,418243.0
3600,418702.0
3601,420228.0
3602,421195.0
3603,419835.0
3604,417704.0
3605,416044.0
3606,417749.0
3607,420863.0
3608,419646.0
3609,418171.0
3610,418628.0
3611,420373.0
3612,421256.0
3613,419919.0
3614,418106.0
3615,418144.0
3616,420016.0
3617,421313.0
3618,419331.0
3619,415927.0
3620,416949.0
3621,420713.0
3622,421649.0
3623,420143.0
3624,418577.0
3625,417106.0
3626,418416.0
3627,420874.0
3628,419284.0
3629,418248.0
3630,418664.0
3631,420302.0
3632,421321.0
3633,419683.0
3634,418239.0
3635,418286.0
3636,419874.0
3637,421398.0
3638,419890.0
3639,418259.0
3640,418785.0
3641,420538.0
3642,421068.0
3643,419330.0
3644,418011.0
3645,419259.0
3646,419622.0
3647,419997.0
3648,418235.0
3649,416316.0
3650,419119.0
3651,420401.0
3652,421033.0
3653,418358.0
3654,417370.0
3655,418149.0
3656,419161.0
3657,421613.0
3658,420101.0
3659,418733.0
3660,419381.0
3661,420916.0
3662,421706.0
3663,420359.0
3664,418760.0
3665,419056.0
3666,420423.0
3667,420992.0
3668,419701.0
3669,418274.0
3670,418878.0
3671,419791.0
3672,420477.0
3673,419164.0
3674,416943.0
3675,418319.0
3676,420777.0
3677,421701.0
3678,420369.0
3679,418319.0
3680,418604.0
3681,420621.0
3682,421433.0
3683,419974.0
3684,418142.0
3685,418776.0
3686,420584.0
3687,421486.0
3688,419830.0
3689,418963.0
3690,419564.0
3691,420084.0
3692,420738.0
3693,419836.0
3694,416931.0
3695,417256.0
3696,420761.0
3697,421699.0
3698,420054.0
3699,418413.0
3700,418982.0
3701,421081.0
3702,421769.0
3703,408145.0
3704,402778.0
3705,418151.0
3706,421588.0
3707,421938.0
3708,420496.0
3709,418910.0
3710,419383.0
3711,420960.0
3712,419873.0
3713,418163.0
3714,418699.0
3715,404229.0
3716,401309.0
3717,421318.0
3718,420931.0
3719,419240.0
3720,419543.0
3721,421168.0
3722,421849.0
3723,420381.0
3724,418503.0
3725,417010.0
3726,418826.0
3727,421790.0
3728,420013.0
3729,418508.0
3730,419339.0
3731,420827.0
3732,422092.0
3733,420639.0
3734,418605.0
3735,419036.0
3736,420598.0
3737,421567.0
3738,420351.0
3739,418920.0
3740,416239.0
3741,417354.0
3742,421628.0
3743,420136.0
3744,418523.0
3745,419124.0
3746,420680.0
3747,421339.0
3748,420335.0
3749,418696.0
3750,418860.0
3751,420832.0
3752,421514.0
3753,419923.0
3754,417979.0
3755,416639.0
3756,418623.0
3757,421699.0
3758,420322.0
3759,418509.0
3760,419461.0
3761,421221.0
3762,421529.0
3763,418221.0
3764,413949.0
3765,416103.0
3766,420970.0
3767,421886.0
3768,420388.0
3769,418830.0
3770,419259.0
3771,421060.0
3772,421756.0
3773,420084.0
3774,418451.0
3775,417856.0
3776,413085.0
3777,414244.0
3778,420363.0
3779,418889.0
3780,418993.0
3781,418697.0
3782,419203.0
3783,419936.0
3784,418153.0
3785,417981.0
3786,419243.0
3787,419478.0
3788,417254.0
3789,414579.0
3790,414484.0
3791,415535.0
3792,415889.0
3793,414081.0
3794,412020.0
3795,412334.0
3796,414184.0
3797,414780.0
3798,413196.0
3799,411673.0
3800,412064.0
3801,413396.0
3802,414404.0
3803,413124.0
3804,411365.0
3805,411898.0
3806,413600.0
3807,414497.0
3808,412944.0
3809,411691.0
3810,412254.0
3811,413808.0
3812,414642.0
3813,413328.0
3814,412237.0
3815,412869.0
3816,414126.0
3817,413153.0
3818,411591.0
3819,412056.0
3820,413113.0
3821,414859.0
3822,415584.0
3823,414368.0
3824,412641.0
3825,412950.0
3826,413241.0
3827,413948.0
3828,414214.0
3829,412853.0
3830,413886.0
3831,415768.0
3832,416589.0
3833,415451.0
3834,414084.0
3835,414524.0
3836,416229.0
3837,417106.0
3838,415110.0
3839,413408.0
3840,414376.0
3841,415798.0
3842,416676.0
3843,415163.0
3844,413977.0
3845,415064.0
3846,416499.0
3847,417339.0
3848,415579.0
3849,413968.0
3850,414956.0
3851,416584.0
3852,418011.0
3853,416178.0
3854,414520.0
3855,414464.0
3856,416549.0
3857,419424.0
3858,418169.0
3859,416450.0
3860,416921.0
3861,418551.0
3862,419086.0
3863,416108.0
3864,414584.0
3865,417493.0
3866,419365.0
3867,420100.0
3868,418817.0
3869,415079.0
3870,415286.0
3871,419079.0
3872,419949.0
3873,419173.0
3874,417433.0
3875,417924.0
3876,420002.0
3877,420894.0
3878,419424.0
3879,417932.0
3880,418417.0
3881,420053.0
3882,421092.0
3883,419481.0
3884,417559.0
3885,418451.0
3886,418258.0
3887,418844.0
3888,419601.0
3889,418236.0
3890,418985.0
3891,420339.0
3892,421289.0
3893,420198.0
3894,419054.0
3895,419404.0
3896,420576.0
3897,421253.0
3898,411998.0
3899,407691.0
3900,417768.0
3901,419590.0
3902,419746.0
3903,420008.0
3904,418718.0
3905,419356.0
3906,421034.0
3907,421793.0
3908,420097.0
3909,418844.0
3910,419212.0
3911,420669.0
3912,421758.0
3913,420312.0
3914,418174.0
3915,418895.0
3916,420973.0
3917,421693.0
3918,420051.0
3919,418723.0
3920,419768.0
3921,421350.0
3922,422174.0
3923,420417.0
3924,418844.0
3925,419617.0
3926,421348.0
3927,422623.0
3928,421041.0
3929,418964.0
3930,419098.0
3931,421099.0
3932,422067.0
3933,420611.0
3934,418801.0
3935,418818.0
3936,420660.0
3937,421854.0
3938,420373.0
3939,418324.0
3940,419081.0
3941,421338.0
3942,421938.0
3943,419868.0
3944,418337.0
3945,419124.0
3946,421009.0
3947,421542.0
3948,419997.0
3949,419017.0
3950,419634.0
3951,420796.0
3952,421630.0
3953,420163.0
3954,418131.0
3955,418986.0
3956,421376.0
3957,421971.0
3958,420274.0
3959,409996.0
3960,408904.0
3961,421573.0
3962,422295.0
3963,419694.0
3964,417866.0
3965,419805.0
3966,421404.0
3967,422090.0
3968,420791.0
3969,419386.0
3970,419738.0
3971,409615.0
3972,407382.0
3973,418884.0
3974,416648.0
3975,419469.0
3976,421621.0
3977,422332.0
3978,420926.0
3979,419383.0
3980,419641.0
3981,421849.0
3982,422442.0
3983,420567.0
3984,418786.0
3985,419194.0
3986,419409.0
3987,420058.0
3988,420631.0
3989,419054.0
3990,418219.0
3991,419677.0
3992,422304.0
3993,420586.0
3994,417194.0
3995,418104.0
3996,421859.0
3997,422371.0
3998,421155.0
3999,419581.0
4000,419871.0
4001,419314.0
4002,419640.0
4003,420407.0
4004,418444.0
4005,419008.0
4006,421249.0
4007,422083.0
4008,420228.0
4009,418429.0
4010,419423.0
4011,421249.0
4012,421848.0
4013,420568.0
4014,418651.0
4015,419094.0
4016,421524.0
4017,422409.0
4018,420921.0
4019,419254.0
4020,420113.0
4021,421677.0
4022,422031.0
4023,420253.0
4024,418894.0
4025,419506.0
4026,421088.0
4027,422049.0
4028,420341.0
4029,419016.0
4030,417701.0
4031,419054.0
4032,417924.0
4033,416014.0
4034,419234.0
4035,419829.0
4036,421621.0
4037,421983.0
4038,420541.0
4039,419100.0
4040,418763.0
4041,420541.0
4042,422097.0
4043,420479.0
4044,419172.0
4045,417851.0
4046,419176.0
4047,421933.0
4048,420351.0
4049,418903.0
4050,419426.0
4051,420451.0
4052,421238.0
4053,418664.0
4054,417104.0
4055,419200.0
4056,421031.0
4057,421877.0
4058,420353.0
4059,418973.0
4060,420034.0
4061,421413.0
4062,421653.0
4063,418927.0
4064,417246.0
4065,419034.0
4066,420526.0
4067,420887.0
4068,418814.0
4069,416829.0
4070,417373.0
4071,419232.0
4072,419506.0
4073,417664.0
4074,415460.0
4075,415683.0
4076,414481.0
4077,414693.0
4078,416379.0
4079,414989.0
4080,415380.0
4081,416837.0
4082,417340.0
4083,415767.0
4084,412800.0
4085,413218.0
4086,417271.0
4087,418506.0
4088,417074.0
4089,415753.0
4090,416269.0
4091,418119.0
4092,419098.0
4093,417781.0
4094,416519.0
4095,417346.0
4096,418961.0
4097,419784.0
4098,418429.0
4099,416107.0
4100,416719.0
4101,419246.0
4102,420150.0
4103,418358.0
4104,416669.0
4105,418268.0
4106,418338.0
4107,418801.0
4108,419886.0
4109,418382.0
4110,418751.0
4111,420017.0
4112,420799.0
4113,420073.0
4114,416709.0
4115,417159.0
4116,421159.0
4117,422041.0
4118,419988.0
4119,418611.0
4120,419710.0
4121,420861.0
4122,421616.0
4123,420353.0
4124,418923.0
4125,419594.0
4126,421154.0
4127,420417.0
4128,418799.0
4129,419074.0
4130,419787.0
4131,421223.0
4132,420139.0
4133,418336.0
4134,418969.0
4135,419733.0
4136,421443.0
4137,422014.0
4138,420458.0
4139,418801.0
4140,417272.0
4141,418594.0
4142,421829.0
4143,420594.0
4144,419178.0
4145,419985.0
4146,421626.0
4147,421944.0
4148,420330.0
4149,418778.0
4150,419566.0
4151,420617.0
4152,421272.0
4153,419894.0
4154,403480.0
4155,399293.0
4156,420911.0
4157,423027.0
4158,421248.0
4159,419789.0
4160,420402.0
4161,421751.0
4162,422059.0
4163,420231.0
4164,418767.0
4165,419875.0
4166,421379.0
4167,421778.0
4168,420168.0
4169,418856.0
4170,419522.0
4171,421438.0
4172,422186.0
4173,418873.0
4174,417429.0
4175,419901.0
4176,421359.0
4177,422062.0
4178,420770.0
4179,418757.0
4180,419290.0
4181,421269.0
4182,422092.0
4183,420915.0
4184,418977.0
4185,419684.0
4186,421494.0
4187,422195.0
4188,420660.0
4189,416704.0
4190,417148.0
4191,419949.0
4192,420345.0
4193,420735.0
4194,419408.0
4195,419863.0
4196,421383.0
4197,422006.0
4198,420543.0
4199,419064.0
4200,419513.0
4201,419493.0
4202,420243.0
4203,420493.0
4204,418599.0
4205,417386.0
4206,417455.0
4207,420254.0
4208,420658.0
4209,418918.0
4210,419563.0
4211,421410.0
4212,422112.0
4213,420518.0
4214,418201.0
4215,412770.0
4216,414708.0
4217,422357.0
4218,421066.0
4219,419428.0
4220,419667.0
4221,421564.0
4222,420755.0
4223,419131.0
4224,419301.0
4225,419889.0
4226,421768.0
4227,413194.0
4228,409558.0
4229,419694.0
4230,420611.0
4231,421843.0
4232,420435.0
4233,418516.0
4234,419198.0
4235,419873.0
4236,421689.0
4237,422386.0
4238,420585.0
4239,419136.0
4240,419839.0
4241,421424.0
4242,422222.0
4243,420430.0
4244,418801.0
4245,419429.0
4246,421217.0
4247,422314.0
4248,420708.0
4249,419037.0
4250,419585.0
4251,421429.0
4252,422042.0
4253,420129.0
4254,418235.0
4255,417264.0
4256,418993.0
4257,421718.0
4258,420563.0
4259,418895.0
4260,419681.0
4261,421423.0
4262,422059.0
4263,418915.0
4264,416564.0
4265,419481.0
4266,422032.0
4267,422274.0
4268,420763.0
4269,419224.0
4270,419686.0
4271,421116.0
4272,421751.0
4273,420494.0
4274,419221.0
4275,419399.0
4276,421121.0
4277,421926.0
4278,418189.0
4279,415970.0
4280,418341.0
4281,419671.0
4282,419891.0
4283,418182.0
4284,416379.0
4285,416164.0
4286,415684.0
4287,415549.0
4288,415168.0
4289,412903.0
4290,413091.0
4291,412895.0
4292,413171.0
4293,414206.0
4294,412933.0
4295,413144.0
4296,414735.0
4297,415603.0
4298,414348.0
4299,409787.0
4300,410197.0
4301,415009.0
4302,415644.0
4303,413275.0
4304,412073.0
4305,414536.0
4306,416101.0
4307,415009.0
4308,413777.0
4309,414716.0
4310,415486.0
4311,417288.0
4312,418099.0
4313,416241.0
4314,414935.0
4315,416686.0
4316,418483.0
4317,419464.0
4318,418162.0
4319,416609.0
4320,417416.0
4321,417350.0
4322,417894.0
4323,418581.0
4324,417122.0
4325,417584.0
4326,419548.0
4327,420678.0
4328,419034.0
4329,416983.0
4330,417883.0
4331,420631.0
4332,421168.0
4333,419569.0
4334,418456.0
4335,419554.0
4336,420751.0
4337,421374.0
4338,420078.0
4339,418786.0
4340,419412.0
4341,421084.0
4342,419293.0
4343,417850.0
4344,419276.0
4345,419356.0
4346,421061.0
4347,421851.0
4348,420258.0
4349,418481.0
4350,418076.0
4351,420020.0
4352,422171.0
4353,420274.0
4354,418346.0
4355,419339.0
4356,421308.0
4357,422050.0
4358,420678.0
4359,419251.0
4360,419915.0
4361,421619.0
4362,421818.0
4363,420178.0
4364,418877.0
4365,419455.0
4366,421768.0
4367,422463.0
4368,420404.0
4369,417323.0
4370,418561.0
4371,422093.0
4372,422599.0
4373,420987.0
4374,419207.0
4375,419657.0
4376,421677.0
4377,422638.0
4378,421062.0
4379,418385.0
4380,418878.0
4381,421453.0
4382,422223.0
4383,420791.0
4384,419695.0
4385,419025.0
4386,420161.0
4387,422579.0
4388,420790.0
4389,417223.0
4390,417833.0
4391,421654.0
4392,422099.0
4393,419062.0
4394,417441.0
4395,419745.0
4396,421531.0
4397,420100.0
4398,418198.0
4399,419098.0
4400,419939.0
4401,420124.0
4402,420600.0
4403,420471.0
4404,417472.0
4405,418338.0
4406,421439.0
4407,422431.0
4408,420977.0
4409,419473.0
4410,408797.0
4411,408436.0
4412,422905.0
4413,421112.0
4414,419698.0
4415,420004.0
4416,421773.0
4417,422391.0
4418,420661.0
4419,418620.0
4420,419528.0
4421,421657.0
4422,407879.0
4423,402187.0
4424,419566.0
4425,420678.0
4426,421984.0
4427,422722.0
4428,420851.0
4429,419486.0
4430,420456.0
4431,421673.0
4432,422243.0
4433,420796.0
4434,419206.0
4435,419256.0
4436,420842.0
4437,421901.0
4438,420501.0
4439,418904.0
4440,419757.0
4441,421499.0
4442,421312.0
4443,419653.0
4444,418778.0
4445,419188.0
4446,421096.0
4447,422177.0
4448,420866.0
4449,419410.0
4450,419993.0
4451,421738.0
4452,422206.0
4453,420398.0
4454,418680.0
4455,419526.0
4456,421492.0
4457,422153.0
4458,420432.0
4459,418474.0
4460,419253.0
4461,421352.0
4462,420311.0
4463,418575.0
4464,419105.0
4465,419930.0
4466,421276.0
4467,421828.0
4468,420496.0
4469,418906.0
4470,418999.0
4471,418363.0
4472,419368.0
4473,420676.0
4474,418849.0
4475,419730.0
4476,421679.0
4477,422385.0
4478,420783.0
4479,418878.0
4480,419607.0
4481,421881.0
4482,422414.0
4483,413999.0
4484,411229.0
4485,420106.0
4486,422046.0
4487,422796.0
4488,421660.0
4489,419951.0
4490,420076.0
4491,421409.0
4492,422114.0
4493,420605.0
4494,419016.0
4495,419981.0
4496,421436.0
4497,421976.0
4498,420518.0
4499,419027.0
4500,419710.0
4501,419562.0
4502,419871.0
4503,420069.0
4504,418317.0
4505,419071.0
4506,419443.0
4507,420256.0
4508,420444.0
4509,418481.0
4510,419686.0
4511,421203.0
4512,421744.0
4513,420607.0
4514,418838.0
4515,419411.0
4516,421373.0
4517,421958.0
4518,420250.0
4519,418073.0
4520,418558.0
4521,421258.0
4522,422424.0
4523,420819.0
4524,417903.0
4525,418359.0
4526,421199.0
4527,421795.0
4528,420031.0
4529,418776.0
4530,417898.0
4531,418506.0
4532,420209.0
4533,418016.0
4534,416004.0
4535,416544.0
4536,418188.0
4537,416497.0
4538,414541.0
4539,415004.0
4540,415419.0
4541,417209.0
4542,417708.0
4543,416216.0
4544,414874.0
4545,415047.0
4546,416704.0
4547,416720.0
4548,415009.0
4549,414942.0
4550,415756.0
4551,417504.0
4552,418258.0
4553,416794.0
4554,415639.0
4555,416860.0
4556,418589.0
4557,419788.0
4558,418469.0
4559,416935.0
4560,417683.0
4561,419553.0
4562,418468.0
4563,416673.0
4564,417733.0
4565,417072.0
4566,418406.0
4567,420961.0
4568,419356.0
4569,417494.0
4570,416424.0
4571,418448.0
4572,421373.0
4573,420099.0
4574,418753.0
4575,419935.0
4576,421603.0
4577,421763.0
4578,418739.0
4579,417105.0
4580,419781.0
4581,420356.0
4582,420669.0
4583,420409.0
4584,418836.0
4585,419683.0
4586,421584.0
4587,422202.0
4588,421156.0
4589,419625.0
4590,419945.0
4591,421550.0
4592,422135.0
4593,418466.0
4594,416729.0
4595,419831.0
4596,421446.0
4597,419964.0
4598,418298.0
4599,419216.0
4600,419748.0
4601,419716.0
4602,420335.0
4603,420576.0
4604,418530.0
4605,419039.0
4606,421156.0
4607,422287.0
4608,420646.0
4609,419111.0
4610,419714.0
4611,421567.0
4612,422257.0
4613,420690.0
4614,418973.0
4615,419431.0
4616,421513.0
4617,422389.0
4618,420636.0
4619,418850.0
4620,420046.0
4621,421696.0
4622,422382.0
4623,420897.0
4624,418634.0
4625,419505.0
4626,422033.0
4627,422441.0
4628,420793.0
4629,419573.0
4630,420029.0
4631,421561.0
4632,422460.0
4633,420884.0
4634,419590.0
4635,420540.0
4636,421859.0
4637,420579.0
4638,418977.0
4639,419504.0
4640,420096.0
4641,421566.0
4642,422033.0
4643,420491.0
4644,419241.0
4645,420135.0
4646,421936.0
4647,420873.0
4648,419078.0
4649,419163.0
4650,419928.0
4651,421819.0
4652,422331.0
4653,420516.0
4654,416795.0
4655,417518.0
4656,421726.0
4657,422454.0
4658,420841.0
4659,419241.0
4660,419757.0
4661,421421.0
4662,421186.0
4663,419425.0
4664,419177.0
4665,419799.0
4666,413581.0
4667,412887.0
4668,421124.0
4669,419561.0
4670,419686.0
4671,421196.0
4672,422379.0
4673,420886.0
4674,419254.0
4675,419967.0
4676,421630.0
4677,422173.0
4678,407549.0
4679,403059.0
4680,418894.0
4681,420655.0
4682,422922.0
4683,421368.0
4684,419494.0
4685,420152.0
4686,421007.0
4687,421488.0
4688,421301.0
4689,419434.0
4690,419848.0
4691,421678.0
4692,422274.0
4693,419014.0
4694,416996.0
4695,419959.0
4696,421908.0
4697,422475.0
4698,420960.0
4699,419539.0
4700,420400.0
4701,421611.0
4702,422007.0
4703,420306.0
4704,418505.0
4705,419493.0
4706,419363.0
4707,420273.0
4708,421028.0
4709,419458.0
4710,420206.0
4711,421941.0
4712,422407.0
4713,420791.0
4714,419870.0
4715,420451.0
4716,419851.0
4717,420453.0
4718,419795.0
4719,418299.0
4720,420240.0
4721,422288.0
4722,422858.0
4723,421009.0
4724,419515.0
4725,420229.0
4726,422130.0
4727,422883.0
4728,421243.0
4729,418307.0
4730,419191.0
4731,422626.0
4732,422956.0
4733,421418.0
4734,419639.0
4735,420402.0
4736,422038.0
4737,422341.0
4738,421008.0
4739,417246.0
4740,417497.0
4741,422251.0
4742,423006.0
4743,421277.0
4744,419748.0
4745,420533.0
4746,422191.0
4747,421306.0
4748,419466.0
4749,419475.0
4750,420282.0
4751,422491.0
4752,422684.0
4753,420506.0
4754,419254.0
4755,420069.0
4756,419873.0
4757,420431.0
4758,421205.0
4759,419556.0
4760,420136.0
4761,422406.0
4762,423155.0
4763,421224.0
4764,417248.0
4765,417839.0
4766,422090.0
4767,422704.0
4768,421054.0
4769,419609.0
4770,420122.0
4771,421846.0
4772,421940.0
4773,420370.0
4774,419551.0
4775,420284.0
4776,422003.0
4777,422604.0
4778,421103.0
4779,419676.0
4780,417563.0
4781,418949.0
4782,422968.0
4783,421093.0
4784,419552.0
4785,420439.0
4786,422027.0
4787,422634.0
4788,420713.0
4789,418879.0
4790,419956.0
4791,421931.0
4792,422459.0
4793,420879.0
4794,419168.0
4795,419932.0
4796,421775.0
4797,422543.0
4798,421141.0
4799,417806.0
4800,418129.0
4801,421325.0
4802,422283.0
4803,420769.0
4804,419019.0
4805,419969.0
4806,421861.0
4807,422290.0
4808,420768.0
4809,419661.0
4810,420444.0
4811,421631.0
4812,422296.0
4813,421107.0
4814,419697.0
4815,420188.0
4816,420016.0
4817,420933.0
4818,421067.0
4819,419641.0
4820,420529.0
4821,422303.0
4822,422817.0
4823,421136.0
4824,419530.0
4825,420028.0
4826,421644.0
4827,422481.0
4828,420793.0
4829,418464.0
4830,419331.0
4831,420641.0
4832,421049.0
4833,421338.0
4834,418511.0
4835,419047.0
4836,422199.0
4837,422353.0
4838,420957.0
4839,419473.0
4840,419955.0
4841,422286.0
4842,422805.0
4843,421168.0
4844,419774.0
4845,420450.0
4846,422105.0
4847,421230.0
4848,419404.0
4849,417841.0
4850,419020.0
4851,422628.0
4852,422554.0
4853,420789.0
4854,417386.0
4855,418251.0
4856,422022.0
4857,422607.0
4858,420209.0
4859,418125.0
4860,420057.0
4861,411591.0
4862,409099.0
4863,421716.0
4864,420493.0
4865,421064.0
4866,422238.0
4867,420530.0
4868,419045.0
4869,419576.0
4870,420384.0
4871,422146.0
4872,422671.0
4873,421206.0
4874,419574.0
4875,420171.0
4876,422034.0
4877,422568.0
4878,420931.0
4879,419689.0
4880,419031.0
4881,420563.0
4882,422535.0
4883,420548.0
4884,419327.0
4885,420169.0
4886,421386.0
4887,421462.0
4888,419820.0
4889,418018.0
4890,418594.0
4891,419511.0
4892,419427.0
4893,417588.0
4894,415837.0
4895,416039.0
4896,417266.0
4897,416555.0
4898,414014.0
4899,412478.0
4900,413758.0
4901,414968.0
4902,415264.0
4903,412334.0
4904,411045.0
4905,413409.0
4906,414733.0
4907,415511.0
4908,413956.0
4909,411719.0
4910,412442.0
4911,414722.0
4912,415608.0
4913,413947.0
4914,412508.0
4915,413373.0
4916,415449.0
4917,415423.0
4918,413505.0
4919,412958.0
4920,413551.0
4921,415366.0
4922,411469.0
4923,409351.0
4924,413650.0
4925,412403.0
4926,413222.0
4927,416374.0
4928,415116.0
4929,413906.0
4930,414820.0
4931,416709.0
4932,417431.0
4933,415753.0
4934,404944.0
4935,404233.0
4936,417406.0
4937,417871.0
4938,416655.0
4939,413401.0
4940,413972.0
4941,417869.0
4942,418593.0
4943,417198.0
4944,415821.0
4945,416957.0
4946,418815.0
4947,419253.0
4948,417853.0
4949,417202.0
4950,417938.0
4951,419716.0
4952,420786.0
4953,418656.0
4954,415376.0
4955,416701.0
4956,420319.0
4957,421016.0
4958,419458.0
4959,417806.0
4960,417446.0
4961,419036.0
4962,419524.0
4963,417821.0
4964,418448.0
4965,419426.0
4966,421164.0
4967,421729.0
4968,419648.0
4969,418463.0
4970,419873.0
4971,421327.0
4972,420991.0
4973,419554.0
4974,418980.0
4975,419550.0
4976,421249.0
4977,422009.0
4978,420506.0
4979,418962.0
4980,419437.0
4981,421277.0
4982,421934.0
4983,420059.0
4984,418872.0
4985,417871.0
4986,419291.0
4987,422125.0
4988,420435.0
4989,419274.0
4990,419552.0
4991,421274.0
4992,422523.0
4993,419218.0
4994,417689.0
4995,419591.0
4996,421000.0
4997,422594.0
4998,421015.0
4999,419649.0
5000,420509.0
5001,422074.0
5002,422308.0
5003,420977.0
5004,419567.0
5005,419316.0
5006,421284.0
5007,422766.0
5008,420938.0
5009,419249.0
5010,420506.0
5011,421171.0
5012,421305.0
5013,419429.0
5014,417664.0
5015,420640.0
5016,422744.0
5017,423295.0
5018,422199.0
5019,419669.0
5020,419387.0
5021,420015.0
5022,420482.0
5023,421048.0
5024,419656.0
5025,420462.0
5026,422154.0
5027,421471.0
5028,419792.0
5029,419893.0
5030,420586.0
5031,422077.0
5032,422476.0
5033,420811.0
5034,419789.0
5035,420606.0
5036,422053.0
5037,422724.0
5038,421289.0
5039,419568.0
5040,419996.0
5041,422104.0
5042,422093.0
5043,420564.0
5044,418990.0
5045,419623.0
5046,421335.0
5047,421856.0
5048,421367.0
5049,419808.0
5050,420614.0
5051,422146.0
5052,422186.0
5053,420314.0
5054,416629.0
5055,417790.0
5056,422386.0
5057,422791.0
5058,421378.0
5059,419884.0
5060,420214.0
5061,421852.0
5062,422618.0
5063,420880.0
5064,419216.0
5065,420438.0
5066,422203.0
5067,422636.0
5068,421133.0
5069,419308.0
5070,420143.0
5071,422207.0
5072,422673.0
5073,421018.0
5074,419402.0
5075,420266.0
5076,421881.0
5077,422276.0
5078,420104.0
5079,418186.0
5080,418949.0
5081,420952.0
5082,421131.0
5083,418936.0
5084,417346.0
5085,418365.0
5086,420234.0
5087,419803.0
5088,417708.0
5089,415758.0
5090,416144.0
5091,417912.0
5092,418216.0
5093,416004.0
5094,414878.0
5095,416594.0
5096,417954.0
5097,417083.0
5098,413618.0
5099,413140.0
5100,416013.0
5101,417701.0
5102,418664.0
5103,415971.0
5104,414455.0
5105,417324.0
5106,419418.0
5107,419638.0
5108,416377.0
5109,415106.0
5110,417839.0
5111,419699.0
5112,420375.0
5113,418886.0
5114,417533.0
5115,418410.0
5116,419115.0
5117,409242.0
5118,407653.0
5119,418732.0
5120,419087.0
5121,419411.0
5122,419841.0
5123,420333.0
5124,418767.0
5125,419671.0
5126,421058.0
5127,421351.0
5128,420422.0
5129,402216.0
5130,398321.0
5131,422679.0
5132,423196.0
5133,421566.0
5134,419823.0
5135,420790.0
5136,421356.0
5137,421436.0
5138,420761.0
5139,419453.0
5140,420181.0
5141,421984.0
5142,422604.0
5143,420668.0
5144,419389.0
5145,420376.0
5146,422363.0
5147,422878.0
5148,421021.0
5149,419666.0
5150,420487.0
5151,422637.0
5152,423236.0
5153,420851.0
5154,419598.0
5155,420516.0
5156,420425.0
5157,420651.0
5158,421199.0
5159,419763.0
5160,420658.0
5161,422545.0
5162,423022.0
5163,421090.0
5164,418657.0
5165,419664.0
5166,422488.0
5167,423018.0
5168,421476.0
5169,419818.0
5170,420641.0
5171,422635.0
5172,422391.0
5173,420378.0
5174,419637.0
5175,419586.0
5176,421616.0
5177,423111.0
5178,419848.0
5179,418325.0
5180,420796.0
5181,422568.0
5182,423212.0
5183,421529.0
5184,419917.0
5185,419159.0
5186,420954.0
5187,423006.0
5188,421264.0
5189,419623.0
5190,413653.0
5191,414703.0
5192,423601.0
5193,421821.0
5194,420317.0
5195,419993.0
5196,421524.0
5197,423017.0
5198,421396.0
5199,419966.0
5200,420851.0
5201,422298.0
5202,422860.0
5203,421144.0
5204,419162.0
5205,420262.0
5206,422263.0
5207,423070.0
5208,421163.0
5209,419703.0
5210,420887.0
5211,422508.0
5212,422962.0
5213,421074.0
5214,419707.0
5215,418933.0
5216,420352.0
5217,422863.0
5218,421251.0
5219,420023.0
5220,420814.0
5221,422680.0
5222,423252.0
5223,419981.0
5224,417574.0
5225,419678.0
5226,420913.0
5227,420848.0
5228,419601.0
5229,418146.0
5230,418964.0
5231,421374.0
5232,421535.0
5233,419289.0
5234,417663.0
5235,418873.0
5236,420960.0
5237,421259.0
5238,419660.0
5239,418200.0
5240,418773.0
5241,420477.0
5242,421096.0
5243,419509.0
5244,418150.0
5245,419181.0
5246,421116.0
5247,421537.0
5248,419606.0
5249,417348.0
5250,418528.0
5251,421165.0
5252,421103.0
5253,419416.0
5254,418189.0
5255,419194.0
5256,421179.0
5257,421759.0
5258,420091.0
5259,418705.0
5260,419664.0
5261,421796.0
5262,420433.0
5263,418102.0
5264,419398.0
5265,420114.0
5266,421191.0
5267,421956.0
5268,420346.0
5269,418713.0
5270,419889.0
5271,421613.0
5272,419973.0
5273,418254.0
5274,418988.0
5275,419761.0
5276,421243.0
5277,419255.0
5278,417263.0
5279,418726.0
5280,419549.0
5281,421204.0
5282,421554.0
5283,419721.0
5284,418525.0
5285,419593.0
5286,421221.0
5287,421684.0
5288,418438.0
5289,416823.0
5290,419134.0
5291,420958.0
5292,421529.0
5293,419844.0
5294,418533.0
5295,419441.0
5296,421327.0
5297,421918.0
5298,420173.0
5299,418413.0
5300,419425.0
5301,421139.0
5302,421674.0
5303,418551.0
5304,414803.0
5305,417118.0
5306,421471.0
5307,422451.0
5308,420864.0
5309,418568.0
5310,419061.0
5311,421380.0
5312,421696.0
5313,417674.0
5314,416483.0
5315,419952.0
5316,421649.0
5317,421959.0
5318,420321.0
5319,418875.0
5320,419796.0
5321,421316.0
5322,421793.0
5323,420091.0
5324,418483.0
5325,419087.0
5326,421384.0
5327,422130.0
5328,420053.0
5329,418555.0
5330,419628.0
5331,420955.0
5332,421409.0
5333,420739.0
5334,419222.0
5335,419814.0
5336,421761.0
5337,422048.0
5338,420341.0
5339,419454.0
5340,420312.0
5341,421501.0
5342,422041.0
5343,420399.0
5344,417654.0
5345,418274.0
5346,421918.0
5347,421763.0
5348,419917.0
5349,418846.0
5350,419533.0
5351,419961.0
5352,420164.0
5353,419989.0
5354,418359.0
5355,419522.0
5356,419630.0
5357,420174.0
5358,420820.0
5359,419456.0
5360,420379.0
5361,421904.0
5362,422281.0
5363,419654.0
5364,417306.0
5365,419106.0
5366,421839.0
5367,422520.0
5368,420916.0
5369,419428.0
5370,420166.0
5371,422202.0
5372,421977.0
5373,411988.0
5374,410507.0
5375,421146.0
5376,422523.0
5377,420991.0
5378,419173.0
5379,419727.0
5380,420532.0
5381,422028.0
5382,422391.0
5383,420757.0
5384,419481.0
5385,409415.0
5386,408546.0
5387,422776.0
5388,421096.0
5389,419516.0
5390,420394.0
5391,422068.0
5392,422431.0
5393,420694.0
5394,419359.0
5395,420803.0
5396,422484.0
5397,422440.0
5398,420243.0
5399,418979.0
5400,420437.0
5401,421881.0
5402,421997.0
5403,420684.0
5404,419054.0
5405,419559.0
5406,421973.0
5407,422504.0
5408,420666.0
5409,419094.0
5410,419919.0
5411,421885.0
5412,422291.0
5413,419144.0
5414,417261.0
5415,419832.0
5416,421953.0
5417,422386.0
5418,420508.0
5419,419234.0
5420,420023.0
5421,420169.0
5422,419159.0
5423,418392.0
5424,418409.0
5425,420539.0
5426,422259.0
5427,422695.0
5428,421013.0
5429,419494.0
5430,420394.0
5431,421443.0
5432,421773.0
5433,420823.0
5434,419783.0
5435,420641.0
5436,419943.0
5437,420076.0
5438,420433.0
5439,418293.0
5440,418769.0
5441,419934.0
5442,419853.0
5443,418244.0
5444,413674.0
5445,413011.0
5446,416775.0
5447,416577.0
5448,414111.0
5449,410698.0
5450,411348.0
5451,413048.0
5452,412848.0
5453,412528.0
5454,411126.0
5455,411614.0
5456,411873.0
5457,412030.0
5458,412699.0
5459,411298.0
5460,412063.0
5461,414019.0
5462,414618.0
5463,413211.0
5464,411560.0
5465,412518.0
5466,414919.0
5467,415474.0
5468,413611.0
5469,412401.0
5470,413486.0
5471,415506.0
5472,415803.0
5473,413103.0
5474,412076.0
5475,414327.0
5476,416224.0
5477,415164.0
5478,413291.0
5479,413743.0
5480,414683.0
5481,416199.0
5482,416739.0
5483,414656.0
5484,413219.0
5485,415103.0
5486,417154.0
5487,417648.0
5488,416188.0
5489,415250.0
5490,415759.0
5491,417409.0
5492,418809.0
5493,417524.0
5494,416542.0
5495,415172.0
5496,416973.0
5497,420019.0
5498,418209.0
5499,417039.0
5500,417900.0
5501,419149.0
5502,419904.0
5503,418162.0
5504,416421.0
5505,418233.0
5506,420525.0
5507,420435.0
5508,418674.0
5509,417768.0
5510,419604.0
5511,421252.0
5512,421105.0
5513,419583.0
5514,418209.0
5515,419036.0
5516,420901.0
5517,421154.0
5518,417827.0
5519,416346.0
5520,419158.0
5521,420783.0
5522,421399.0
5523,419144.0
5524,417467.0
5525,419074.0
5526,420919.0
5527,421423.0
5528,419688.0
5529,418308.0
5530,419047.0
5531,419711.0
5532,420091.0
5533,419707.0
5534,418171.0
5535,418493.0
5536,419857.0
5537,419664.0
5538,417557.0
5539,416061.0
5540,415504.0
5541,416768.0
5542,418249.0
5543,415830.0
5544,413804.0
5545,414694.0
5546,416799.0
5547,417396.0
5548,415166.0
5549,413206.0
5550,414319.0
5551,416483.0
5552,416882.0
5553,413308.0
5554,411966.0
5555,415219.0
5556,417229.0
5557,418208.0
5558,417269.0
5559,416144.0
5560,417537.0
5561,417984.0
5562,418294.0
5563,418711.0
5564,417709.0
5565,418699.0
5566,420248.0
5567,420721.0
5568,405878.0
5569,399540.0
5570,417813.0
5571,421806.0
5572,422131.0
5573,420263.0
5574,418899.0
5575,419950.0
5576,421517.0
5577,421806.0
5578,420183.0
5579,419111.0
5580,404183.0
5581,402399.0
5582,422283.0
5583,420498.0
5584,421880.0
5585,422309.0
5586,423449.0
5587,423414.0
5588,421864.0
5589,420311.0
5590,421556.0
5591,423240.0
5592,423223.0
5593,421613.0
5594,419894.0
5595,419413.0
5596,421220.0
5597,423171.0
5598,421487.0
5599,418507.0
5600,419407.0
5601,422629.0
5602,422498.0
5603,420847.0
5604,419499.0
5605,420833.0
5606,422788.0
5607,421275.0
5608,419518.0
5609,420122.0
5610,421205.0
5611,422863.0
5612,423151.0
5613,421348.0
5614,420281.0
5615,421488.0
5616,422619.0
5617,422623.0
5618,420994.0
5619,419680.0
5620,420725.0
5621,422513.0
5622,422829.0
5623,420343.0
5624,418901.0
5625,420681.0
5626,422631.0
5627,423045.0
5628,421341.0
5629,414405.0
5630,414493.0
5631,423173.0
5632,423370.0
5633,421555.0
5634,420157.0
5635,421054.0
5636,422469.0
5637,422648.0
5638,421133.0
5639,419658.0
5640,420524.0
5641,418131.0
5642,417803.0
5643,421299.0
5644,420406.0
5645,421293.0
5646,423183.0
5647,423495.0
5648,421126.0
5649,419472.0
5650,420372.0
5651,420824.0
5652,420983.0
5653,420911.0
5654,419381.0
5655,420614.0
5656,422785.0
5657,423290.0
5658,421966.0
5659,420506.0
5660,420863.0
5661,422659.0
5662,423204.0
5663,421623.0
5664,419855.0
5665,420608.0
5666,422545.0
5667,422908.0
5668,421425.0
5669,419659.0
5670,420732.0
5671,422924.0
5672,422776.0
5673,420911.0
5674,419694.0
5675,420749.0
5676,422698.0
5677,423049.0
5678,420929.0
5679,420162.0
5680,421498.0
5681,422539.0
5682,421419.0
5683,419724.0
5684,420141.0
5685,421001.0
5686,422949.0
5687,423436.0
5688,421511.0
5689,420163.0
5690,420780.0
5691,422342.0
5692,423264.0
5693,421435.0
5694,420065.0
5695,421228.0
5696,422957.0
5697,423309.0
5698,421343.0
5699,419768.0
5700,420828.0
5701,422548.0
5702,422023.0
5703,420005.0
5704,419246.0
5705,420449.0
5706,422582.0
5707,422980.0
5708,421224.0
5709,419562.0
5710,421211.0
5711,423118.0
5712,422820.0
5713,419259.0
5714,418024.0
5715,419554.0
5716,420994.0
5717,423228.0
5718,421289.0
5719,419999.0
5720,421553.0
5721,423442.0
5722,423139.0
5723,419238.0
5724,417643.0
5725,420651.0
5726,422450.0
5727,422679.0
5728,421273.0
5729,420374.0
5730,420923.0
5731,422705.0
5732,423224.0
5733,421954.0
5734,420446.0
5735,420720.0
5736,422861.0
5737,423261.0
5738,421450.0
5739,419761.0
5740,420662.0
5741,421038.0
5742,421117.0
5743,421407.0
5744,420096.0
5745,421091.0
5746,422918.0
5747,423274.0
5748,421241.0
5749,418373.0
5750,419239.0
5751,420046.0
5752,420374.0
5753,421718.0
5754,420144.0
5755,420835.0
5756,420944.0
5757,421325.0
5758,421509.0
5759,420295.0
5760,421396.0
5761,422969.0
5762,423270.0
5763,421264.0
5764,419846.0
5765,421170.0
5766,422998.0
5767,423102.0
5768,420338.0
5769,418414.0
5770,420309.0
5771,422898.0
5772,423124.0
5773,421303.0
5774,420032.0
5775,420936.0
5776,422068.0
5777,422224.0
5778,421259.0
5779,419899.0
5780,420888.0
5781,422673.0
5782,421368.0
5783,419596.0
5784,419800.0
5785,420697.0
5786,422740.0
5787,422959.0
5788,420997.0
5789,419831.0
5790,421048.0
5791,422735.0
5792,421589.0
5793,419646.0
5794,419888.0
5795,420953.0
5796,422794.0
5797,423109.0
5798,421119.0
5799,419758.0
5800,420924.0
5801,422414.0
5802,422749.0
5803,419114.0
5804,418109.0
5805,421408.0
5806,423207.0
5807,423603.0
5808,421689.0
5809,420140.0
5810,420976.0
5811,420664.0
5812,420873.0
5813,421534.0
5814,420023.0
5815,420899.0
5816,422877.0
5817,423008.0
5818,420998.0
5819,418943.0
5820,420093.0
5821,422864.0
5822,423081.0
5823,421324.0
5824,409322.0
5825,408108.0
5826,423761.0
5827,424011.0
5828,421365.0
5829,420121.0
5830,421249.0
5831,422798.0
5832,423174.0
5833,421271.0
5834,420173.0
5835,421268.0
5836,411073.0
5837,408546.0
5838,421797.0
5839,420436.0
5840,421301.0
5841,422953.0
5842,422356.0
5843,420678.0
5844,420391.0
5845,421236.0
5846,422971.0
5847,423193.0
5848,421550.0
5849,419956.0
5850,420280.0
5851,422173.0
5852,422862.0
5853,420919.0
5854,419841.0
5855,421461.0
5856,423449.0
5857,421744.0
5858,419823.0
5859,420732.0
5860,421674.0
5861,423293.0
5862,421823.0
5863,420138.0
5864,420793.0
5865,421428.0
5866,423103.0
5867,423537.0
5868,421592.0
5869,420202.0
5870,420530.0
5871,422173.0
5872,423643.0
5873,421661.0
5874,420139.0
5875,421308.0
5876,422999.0
5877,423193.0
5878,421524.0
5879,420108.0
5880,420863.0
5881,422923.0
5882,423269.0
5883,419559.0
5884,418351.0
5885,417748.0
5886,419013.0
5887,423547.0
5888,421914.0
5889,420634.0
5890,421481.0
5891,423211.0
5892,423735.0
5893,420755.0
5894,418885.0
5895,421028.0
5896,422454.0
5897,422509.0
5898,420630.0
5899,419743.0
5900,420958.0
5901,421038.0
5902,421222.0
5903,421151.0
5904,419623.0
5905,420411.0
5906,420900.0
5907,421714.0
5908,421652.0
5909,420309.0
5910,421050.0
5911,422758.0
5912,423323.0
5913,421212.0
5914,419761.0
5915,421186.0
5916,423521.0
5917,423584.0
5918,421486.0
5919,420141.0
5920,421218.0
5921,423163.0
5922,423163.0
5923,421343.0
5924,420220.0
5925,421166.0
5926,422938.0
5927,423123.0
5928,421331.0
5929,419278.0
5930,419986.0
5931,423009.0
5932,423709.0
5933,422179.0
5934,420289.0
5935,420537.0
5936,422608.0
5937,423021.0
5938,420953.0
5939,419425.0
5940,419255.0
5941,421530.0
5942,423132.0
5943,420721.0
5944,419966.0
5945,421201.0
5946,422721.0
5947,423013.0
5948,420384.0
5949,419249.0
5950,421040.0
5951,421481.0
5952,421780.0
5953,421332.0
5954,419926.0
5955,420896.0
5956,420441.0
5957,420707.0
5958,421349.0
5959,419848.0
5960,421046.0
5961,422314.0
5962,422494.0
5963,421483.0
5964,418597.0
5965,419474.0
5966,422976.0
5967,422992.0
5968,421039.0
5969,418097.0
5970,419099.0
5971,423061.0
5972,423181.0
5973,421116.0
5974,418333.0
5975,419438.0
5976,422801.0
5977,423370.0
5978,421670.0
5979,420201.0
5980,421364.0
5981,423025.0
5982,421931.0
5983,420063.0
5984,420354.0
5985,421213.0
5986,422589.0
5987,422933.0
5988,421313.0
5989,419913.0
5990,420714.0
5991,421692.0
5992,422200.0
5993,421693.0
5994,420053.0
5995,420710.0
5996,422638.0
5997,423547.0
5998,421726.0
5999,419295.0
6000,420525.0
6001,420817.0
6002,420501.0
6003,421396.0
6004,420140.0
6005,421084.0
6006,421048.0
6007,420104.0
6008,419124.0
6009,418935.0
6010,421181.0
6011,422942.0
6012,423059.0
6013,421550.0
6014,420426.0
6015,420479.0
6016,420556.0
6017,421218.0
6018,421010.0
6019,404488.0
6020,401616.0
6021,423601.0
6022,423830.0
6023,419879.0
6024,418107.0
6025,421429.0
6026,423094.0
6027,423249.0
6028,421784.0
6029,420399.0
6030,421166.0
6031,423111.0
6032,423333.0
6033,421717.0
6034,419218.0
6035,420006.0
6036,423058.0
6037,422999.0
6038,421234.0
6039,418977.0
6040,419566.0
6041,422518.0
6042,422130.0
6043,420285.0
6044,419371.0
6045,420446.0
6046,422903.0
6047,423212.0
6048,421247.0
6049,419842.0
6050,421065.0
6051,422446.0
6052,422717.0
6053,420114.0
6054,418576.0
6055,420669.0
6056,423151.0
6057,423371.0
6058,421768.0
6059,420336.0
6060,421086.0
6061,421144.0
6062,421121.0
6063,421567.0
6064,420331.0
6065,421255.0
6066,422907.0
6067,422872.0
6068,420750.0
6069,419693.0
6070,421030.0
6071,422554.0
6072,422895.0
6073,421295.0
6074,420269.0
6075,420855.0
6076,422489.0
6077,423083.0
6078,421075.0
6079,420231.0
6080,415998.0
6081,416529.0
6082,423471.0
6083,421744.0
6084,420414.0
6085,421316.0
6086,422734.0
6087,421179.0
6088,419396.0
6089,420012.0
6090,420981.0
6091,422863.0
6092,411981.0
6093,407878.0
6094,419352.0
6095,420164.0
6096,422993.0
6097,423240.0
6098,421651.0
6099,420355.0
6100,421240.0
6101,423601.0
6102,423568.0
6103,420976.0
6104,419591.0
6105,420430.0
6106,422496.0
6107,423007.0
6108,421679.0
6109,420758.0
6110,421107.0
6111,422893.0
6112,423109.0
6113,421166.0
6114,419928.0
6115,421173.0
6116,422911.0
6117,423036.0
6118,421277.0
6119,420424.0
6120,421128.0
6121,421615.0
6122,421834.0
6123,421233.0
6124,420178.0
6125,421158.0
6126,422733.0
6127,423163.0
6128,421406.0
6129,419838.0
6130,420859.0
6131,423198.0
6132,423430.0
6133,421192.0
6134,420021.0
6135,421323.0
6136,423108.0
6137,423079.0
6138,421095.0
6139,418860.0
6140,419754.0
6141,422186.0
6142,422603.0
6143,421250.0
6144,419970.0
6145,420968.0
6146,422648.0
6147,421450.0
6148,419703.0
6149,420389.0
6150,421436.0
6151,423310.0
6152,423574.0
6153,420883.0
6154,419238.0
6155,420645.0
6156,422769.0
6157,423124.0
6158,421171.0
6159,419951.0
6160,420749.0
6161,420396.0
6162,420321.0
6163,420183.0
6164,418236.0
6165,418943.0
6166,420786.0
6167,420427.0
6168,417723.0
6169,416101.0
6170,416808.0
6171,417993.0
6172,417184.0
6173,414992.0
6174,410943.0
6175,412261.0
6176,417293.0
6177,416897.0
6178,414714.0
6179,413346.0
6180,414973.0
6181,416792.0
6182,416576.0
6183,414661.0
6184,413414.0
6185,414611.0
6186,416548.0
6187,416278.0
6188,414439.0
6189,413636.0
6190,413724.0
6191,415199.0
6192,416673.0
6193,415014.0
6194,413863.0
6195,414968.0
6196,416453.0
6197,415459.0
6198,413814.0
6199,414119.0
6200,415516.0
6201,417576.0
6202,417395.0
6203,415818.0
6204,414698.0
6205,415509.0
6206,418518.0
6207,419280.0
6208,417303.0
6209,416389.0
6210,417346.0
6211,419056.0
6212,419186.0
6213,417175.0
6214,416506.0
6215,417439.0
6216,419443.0
6217,420329.0
6218,418856.0
6219,417470.0
6220,418326.0
6221,420082.0
6222,420614.0
6223,418729.0
6224,417691.0
6225,419259.0
6226,421173.0
6227,421229.0
6228,419288.0
6229,418541.0
6230,419891.0
6231,421538.0
6232,421758.0
6233,418153.0
6234,417351.0
6235,420463.0
6236,422111.0
6237,422281.0
6238,420374.0
6239,418816.0
6240,420271.0
6241,422636.0
6242,422521.0
6243,420654.0
6244,419473.0
6245,420864.0
6246,422689.0
6247,422977.0
6248,421138.0
6249,419953.0
6250,420854.0
6251,422368.0
6252,422668.0
6253,421233.0
6254,420076.0
6255,419823.0
6256,421689.0
6257,423454.0
6258,421538.0
6259,420058.0
6260,421312.0
6261,423186.0
6262,423042.0
6263,419472.0
6264,418207.0
6265,421191.0
6266,423001.0
6267,423142.0
6268,421228.0
6269,419956.0
6270,420821.0
6271,421231.0
6272,421479.0
6273,421532.0
6274,420103.0
6275,409514.0
6276,408437.0
6277,423213.0
6278,422269.0
6279,420851.0
6280,421662.0
6281,423301.0
6282,423276.0
6283,421347.0
6284,420481.0
6285,421702.0
6286,423144.0
6287,408596.0
6288,402464.0
6289,420468.0
6290,421241.0
6291,423347.0
6292,423584.0
6293,421643.0
6294,419475.0
6295,420561.0
6296,423426.0
6297,423603.0
6298,421698.0
6299,420545.0
6300,421371.0
6301,421347.0
6302,421843.0
6303,420864.0
6304,419502.0
6305,421486.0
6306,421671.0
6307,421759.0
6308,422244.0
6309,420667.0
6310,421406.0
6311,423198.0
6312,423094.0
6313,421372.0
6314,418525.0
6315,419449.0
6316,423337.0
6317,423355.0
6318,421550.0
6319,420421.0
6320,421263.0
6321,423205.0
6322,423675.0
6323,421738.0
6324,420198.0
6325,421213.0
6326,423251.0
6327,423537.0
6328,421191.0
6329,419911.0
6330,419767.0
6331,421302.0
6332,423856.0
6333,421664.0
6334,420156.0
6335,421366.0
6336,422881.0
6337,423170.0
6338,421513.0
6339,420291.0
6340,421497.0
6341,423246.0
6342,423291.0
6343,421944.0
6344,420576.0
6345,420947.0
6346,423103.0
6347,423451.0
6348,421413.0
6349,419818.0
6350,421093.0
6351,422943.0
6352,422921.0
6353,421199.0
6354,419641.0
6355,421047.0
6356,423234.0
6357,423443.0
6358,421421.0
6359,420481.0
6360,421439.0
6361,423031.0
6362,422916.0
6363,420867.0
6364,420004.0
6365,421111.0
6366,422624.0
6367,422933.0
6368,421183.0
6369,420068.0
6370,420769.0
6371,422423.0
6372,423402.0
6373,421319.0
6374,420201.0
6375,421754.0
6376,423035.0
6377,423173.0
6378,421398.0
6379,420363.0
6380,421886.0
6381,423413.0
6382,423977.0
6383,422107.0
6384,420328.0
6385,420980.0
6386,421438.0
6387,421918.0
6388,421951.0
6389,420402.0
6390,421378.0
6391,423430.0
6392,423602.0
6393,421703.0
6394,420274.0
6395,421083.0
6396,423162.0
6397,422294.0
6398,420310.0
6399,419348.0
6400,420118.0
6401,423298.0
6402,423489.0
6403,421288.0
6404,419833.0
6405,421389.0
6406,423559.0
6407,423810.0
6408,421921.0
6409,420589.0
6410,421311.0
6411,423067.0
6412,421894.0
6413,419539.0
6414,420396.0
6415,421637.0
6416,423218.0
6417,423459.0
6418,421504.0
6419,420152.0
6420,419290.0
6421,419937.0
6422,420858.0
6423,420206.0
6424,420474.0
6425,421499.0
6426,423346.0
6427,423896.0
6428,422203.0
6429,420938.0
6430,420931.0
6431,422528.0
6432,423786.0
6433,421968.0
6434,420193.0
6435,419456.0
6436,421689.0
6437,423941.0
6438,421928.0
6439,420473.0
6440,421585.0
6441,423474.0
6442,423622.0
6443,419909.0
6444,418833.0
6445,422054.0
6446,423682.0
6447,423652.0
6448,421982.0
6449,420686.0
6450,421517.0
6451,422834.0
6452,422880.0
6453,421369.0
6454,420012.0
6455,419687.0
6456,421591.0
6457,423958.0
6458,421698.0
6459,420462.0
6460,422242.0
6461,424104.0
6462,423733.0
6463,421939.0
6464,421036.0
6465,422273.0
6466,424181.0
6467,423911.0
6468,420345.0
6469,419013.0
6470,422428.0
6471,423999.0
6472,423919.0
6473,422061.0
6474,420964.0
6475,421913.0
6476,423753.0
6477,424252.0
6478,422075.0
6479,420908.0
6480,421979.0
6481,423806.0
6482,424082.0
6483,421521.0
6484,420121.0
6485,421679.0
6486,423991.0
6487,424123.0
6488,421857.0
6489,418973.0
6490,419808.0
6491,423635.0
6492,423630.0
6493,421701.0
6494,420937.0
6495,421983.0
6496,423436.0
6497,423791.0
6498,422012.0
6499,421060.0
6500,421791.0
6501,423362.0
6502,422274.0
6503,420242.0
6504,420114.0
6505,421266.0
6506,421649.0
6507,421837.0
6508,421905.0
6509,420838.0
6510,419773.0
6511,421134.0
6512,423740.0
6513,420739.0
6514,419668.0
6515,422030.0
6516,423422.0
6517,423491.0
6518,421819.0
6519,420254.0
6520,421029.0
6521,423323.0
6522,423597.0
6523,422226.0
6524,420875.0
6525,421672.0
6526,423439.0
6527,423609.0
6528,421844.0
6529,420516.0
6530,421729.0
6531,414570.0
6532,413013.0
6533,422410.0
6534,421027.0
6535,421638.0
6536,421600.0
6537,421744.0
6538,421791.0
6539,420544.0
6540,421483.0
6541,423425.0
6542,423449.0
6543,408819.0
6544,404691.0
6545,421136.0
6546,422671.0
6547,422539.0
6548,420089.0
6549,416174.0
6550,416661.0
6551,420349.0
6552,419806.0
6553,417304.0
6554,415979.0
6555,416424.0
6556,417669.0
6557,418143.0
6558,414894.0
6559,413369.0
6560,416369.0
6561,418333.0
6562,418539.0
6563,417343.0
6564,416368.0
6565,417391.0
6566,417998.0
6567,418393.0
6568,419048.0
6569,418208.0
6570,418492.0
6571,420426.0
6572,421070.0
6573,419438.0
6574,418593.0
6575,419831.0
6576,420120.0
6577,420308.0
6578,420079.0
6579,418855.0
6580,420685.0
6581,420663.0
6582,420371.0
6583,420739.0
6584,419682.0
6585,420763.0
6586,422632.0
6587,423069.0
6588,420889.0
6589,418022.0
6590,419091.0
6591,423173.0
6592,423008.0
6593,421185.0
6594,420226.0
6595,421360.0
6596,423029.0
6597,423184.0
6598,421699.0
6599,420861.0
6600,421951.0
6601,423315.0
6602,423248.0
6603,421370.0
6604,415023.0
6605,415609.0
6606,423789.0
6607,423057.0
6608,421214.0
6609,420722.0
6610,421538.0
6611,423646.0
6612,421766.0
6613,419951.0
6614,420826.0
6615,421716.0
6616,423511.0
6617,423428.0
6618,421624.0
6619,420748.0
6620,421767.0
6621,423624.0
6622,423754.0
6623,421502.0
6624,420495.0
6625,421058.0
6626,422753.0
6627,424049.0
6628,422395.0
6629,420682.0
6630,421566.0
6631,423635.0
6632,424117.0
6633,422512.0
6634,420884.0
6635,420024.0
6636,421669.0
6637,424046.0
6638,421878.0
6639,420728.0
6640,422041.0
6641,423718.0
6642,423821.0
6643,422076.0
6644,421142.0
6645,422129.0
6646,423907.0
6647,424393.0
6648,420689.0
6649,419354.0
6650,422883.0
6651,424107.0
6652,424098.0
6653,422014.0
6654,420817.0
6655,422544.0
6656,424579.0
6657,424674.0
6658,422771.0
6659,421585.0
6660,422557.0
6661,424354.0
6662,424541.0
6663,420659.0
6664,419133.0
6665,422201.0
6666,423965.0
6667,424357.0
6668,422684.0
6669,421283.0
6670,422432.0
6671,423480.0
6672,423519.0
6673,422811.0
6674,421615.0
6675,422795.0
6676,424314.0
6677,424643.0
6678,423129.0
6679,421865.0
6680,422634.0
6681,423998.0
6682,424156.0
6683,422526.0
6684,421085.0
6685,422208.0
6686,424004.0
6687,424283.0
6688,422433.0
6689,420776.0
6690,421740.0
6691,422317.0
6692,422551.0
6693,422644.0
6694,421313.0
6695,422356.0
6696,424273.0
6697,424448.0
6698,422543.0
6699,419777.0
6700,420714.0
6701,424673.0
6702,424445.0
6703,421677.0
6704,420613.0
6705,421704.0
6706,423748.0
6707,424046.0
6708,422309.0
6709,419811.0
6710,420961.0
6711,424029.0
6712,423332.0
6713,421414.0
6714,421461.0
6715,422498.0
6716,423800.0
6717,423329.0
6718,421622.0
6719,421507.0
6720,422326.0
6721,424250.0
6722,424406.0
6723,422315.0
6724,421256.0
6725,420733.0
6726,411124.0
6727,409763.0
6728,421971.0
6729,422081.0
6730,422721.0
6731,424115.0
6732,424215.0
6733,421799.0
6734,420551.0
6735,421483.0
6736,423365.0
6737,424535.0
6738,422201.0
6739,420443.0
6740,421880.0
6741,422299.0
6742,422791.0
6743,423263.0
6744,421533.0
6745,422674.0
6746,424469.0
6747,424469.0
6748,422698.0
6749,421520.0
6750,422496.0
6751,423912.0
6752,424361.0
6753,422477.0
6754,420786.0
6755,422047.0
6756,423866.0
6757,422413.0
6758,420350.0
6759,421378.0
6760,422631.0
6761,424314.0
6762,424463.0
6763,422060.0
6764,420673.0
6765,421150.0
6766,422964.0
6767,424095.0
6768,422342.0
6769,421474.0
6770,422348.0
6771,424103.0
6772,424403.0
6773,422178.0
6774,420639.0
6775,421883.0
6776,423792.0
6777,424443.0
6778,423091.0
6779,421951.0
6780,422474.0
6781,423065.0
6782,423384.0
6783,422765.0
6784,419327.0
6785,420181.0
6786,424440.0
6787,419354.0
6788,416954.0
6789,421923.0
6790,423033.0
6791,424826.0
6792,424984.0
6793,422855.0
6794,419584.0
6795,420743.0
6796,424956.0
6797,425131.0
6798,423130.0
6799,416885.0
6800,417441.0
6801,423354.0
6802,423251.0
6803,423252.0
6804,421929.0
6805,423023.0
6806,423453.0
6807,423635.0
6808,423324.0
6809,421779.0
6810,422707.0
6811,424817.0
6812,424798.0
6813,422848.0
6814,421084.0
6815,422058.0
6816,424564.0
6817,424984.0
6818,423085.0
6819,421873.0
6820,422918.0
6821,424684.0
6822,422979.0
6823,420930.0
6824,421556.0
6825,422579.0
6826,424677.0
6827,424426.0
6828,421488.0
6829,420734.0
6830,421464.0
6831,423029.0
6832,425043.0
6833,423181.0
6834,421977.0
6835,423119.0
6836,424929.0
6837,425445.0
6838,423689.0
6839,421849.0
6840,422639.0
6841,424626.0
6842,424935.0
6843,423176.0
6844,421776.0
6845,423103.0
6846,425283.0
6847,424886.0
6848,423006.0
6849,422274.0
6850,423374.0
6851,424557.0
6852,424731.0
6853,422948.0
6854,421739.0
6855,421262.0
6856,423048.0
6857,424848.0
6858,422837.0
6859,422084.0
6860,423353.0
6861,424872.0
6862,424761.0
6863,422753.0
6864,421281.0
6865,422795.0
6866,424769.0
6867,425083.0
6868,423223.0
6869,422091.0
6870,423090.0
6871,423098.0
6872,423314.0
6873,421390.0
6874,420034.0
6875,423162.0
6876,424928.0
6877,425054.0
6878,423019.0
6879,421671.0
6880,422844.0
6881,424893.0
6882,424850.0
6883,422934.0
6884,421702.0
6885,422549.0
6886,422203.0
6887,422677.0
6888,423495.0
6889,422293.0
6890,423033.0
6891,424754.0
6892,425191.0
6893,423437.0
6894,422389.0
6895,423151.0
6896,424627.0
6897,424797.0
6898,422788.0
6899,420267.0
6900,421404.0
6901,423024.0
6902,422794.0
6903,422560.0
6904,420854.0
6905,422272.0
6906,422535.0
6907,422864.0
6908,423348.0
6909,421878.0
6910,422844.0
6911,424792.0
6912,424861.0
6913,423047.0
6914,421814.0
6915,422721.0
6916,423441.0
6917,423158.0
6918,422372.0
6919,421341.0
6920,422551.0
6921,424739.0
6922,424334.0
6923,421996.0
6924,420956.0
6925,421932.0
6926,423671.0
6927,422449.0
6928,420396.0
6929,421211.0
6930,422053.0
6931,423925.0
6932,424411.0
6933,422615.0
6934,420874.0
6935,421614.0
6936,423930.0
6937,424296.0
6938,422358.0
6939,421109.0
6940,422385.0
6941,424139.0
6942,424383.0
6943,422641.0
6944,421681.0
6945,422949.0
6946,424671.0
6947,424683.0
6948,423051.0
6949,421709.0
6950,423136.0
6951,423831.0
6952,423454.0
6953,423203.0
6954,421449.0
6955,422439.0
6956,424663.0
6957,425059.0
6958,422729.0
6959,420854.0
6960,422583.0
6961,424943.0
6962,424969.0
6963,422408.0
6964,421130.0
6965,422757.0
6966,424832.0
6967,424283.0
6968,422169.0
6969,422171.0
6970,423172.0
6971,424885.0
6972,425269.0
6973,423337.0
6974,422251.0
6975,423307.0
6976,424806.0
6977,424853.0
6978,423363.0
6979,422452.0
6980,422871.0
6981,423924.0
6982,413658.0
6983,410008.0
6984,422160.0
6985,422909.0
6986,422146.0
6987,422103.0
6988,423623.0
6989,422173.0
6990,423201.0
6991,425076.0
6992,425009.0
6993,423154.0
6994,410545.0
6995,409110.0
6996,423908.0
6997,423898.0
6998,423716.0
6999,422506.0
7000,423395.0
7001,423531.0
7002,423361.0
7003,422811.0
7004,421136.0
7005,422547.0
7006,422864.0
7007,422570.0
7008,422697.0
7009,422116.0
7010,423104.0
7011,424997.0
7012,425245.0
7013,422881.0
7014,419933.0
7015,420963.0
7016,424984.0
7017,425069.0
7018,423278.0
7019,420264.0
7020,421266.0
7021,425296.0
7022,425082.0
7023,422796.0
7024,421647.0
7025,423029.0
7026,424909.0
7027,424976.0
7028,423128.0
7029,420415.0
7030,421393.0
7031,424710.0
7032,423262.0
7033,421281.0
7034,422243.0
7035,423479.0
7036,425008.0
7037,424846.0
7038,422991.0
7039,422183.0
7040,421593.0
7041,423239.0
7042,425395.0
7043,423142.0
7044,421778.0
7045,420558.0
7046,422180.0
7047,425649.0
7048,423467.0
7049,422125.0
7050,423313.0
7051,424805.0
7052,424788.0
7053,423044.0
7054,421641.0
7055,417575.0
7056,419007.0
7057,425521.0
7058,423886.0
7059,422436.0
7060,423586.0
7061,425341.0
7062,425167.0
7063,421469.0
7064,420338.0
7065,423318.0
7066,425126.0
7067,425299.0
7068,423246.0
7069,422078.0
7070,423719.0
7071,425562.0
7072,424861.0
7073,420870.0
7074,420068.0
7075,423311.0
7076,425119.0
7077,425393.0
7078,423006.0
7079,421777.0
7080,423271.0
7081,424949.0
7082,425136.0
7083,423394.0
7084,422121.0
7085,423207.0
7086,423901.0
7087,424156.0
7088,421411.0
7089,419811.0
7090,423419.0
7091,424102.0
7092,424031.0
7093,423366.0
7094,422200.0
7095,423090.0
7096,424904.0
7097,424994.0
7098,423084.0
7099,422029.0
7100,423431.0
7101,423246.0
7102,423152.0
7103,423028.0
7104,421608.0
7105,422688.0
7106,424689.0
7107,425199.0
7108,423287.0
7109,422219.0
7110,423378.0
7111,423965.0
7112,424094.0
7113,423326.0
7114,422094.0
7115,423467.0
7116,425341.0
7117,425242.0
7118,423304.0
7119,421446.0
7120,422573.0
7121,425175.0
7122,425456.0
7123,424086.0
7124,422817.0
7125,423374.0
7126,425236.0
7127,424976.0
7128,423123.0
7129,422461.0
7130,423517.0
7131,424035.0
7132,422809.0
7133,422223.0
7134,422256.0
7135,423147.0
7136,425066.0
7137,425406.0
7138,423456.0
7139,421381.0
7140,420611.0
7141,422980.0
7142,425341.0
7143,423681.0
7144,422281.0
7145,422561.0
7146,424333.0
7147,425406.0
7148,423892.0
7149,422332.0
7150,423208.0
7151,424481.0
7152,423455.0
7153,421098.0
7154,419495.0
7155,418533.0
7156,419809.0
7157,422094.0
7158,420233.0
7159,418036.0
7160,418444.0
7161,419786.0
7162,419559.0
7163,415589.0
7164,413904.0
7165,415562.0
7166,417245.0
7167,419180.0
7168,417094.0
7169,415769.0
7170,417061.0
7171,418923.0
7172,418766.0
7173,415165.0
7174,412451.0
7175,415838.0
7176,419233.0
7177,406155.0
7178,401246.0
7179,417669.0
7180,419059.0
7181,420934.0
7182,420784.0
7183,419083.0
7184,418496.0
7185,419484.0
7186,421626.0
7187,421850.0
7188,420193.0
7189,418974.0
7190,419689.0
7191,422408.0
7192,422926.0
7193,420810.0
7194,420136.0
7195,421479.0
7196,423380.0
7197,423967.0
7198,422109.0
7199,419049.0
7200,420024.0
7201,422251.0
7202,422074.0
7203,422134.0
7204,420851.0
7205,421990.0
7206,424498.0
7207,425080.0
7208,422978.0
7209,421544.0
7210,422778.0
7211,424714.0
7212,425079.0
7213,423469.0
7214,421804.0
7215,422678.0
7216,425093.0
7217,424243.0
7218,422466.0
7219,422933.0
7220,423893.0
7221,425428.0
7222,425815.0
7223,423795.0
7224,422702.0
7225,423304.0
7226,424764.0
7227,425393.0
7228,423333.0
7229,422397.0
7230,423861.0
7231,425516.0
7232,425249.0
7233,423292.0
7234,422779.0
7235,423312.0
7236,425004.0
7237,425544.0
7238,423531.0
7239,422452.0
7240,423705.0
7241,425338.0
7242,425831.0
7243,423872.0
7244,422491.0
7245,424083.0
7246,426218.0
7247,425868.0
7248,423771.0
7249,422717.0
7250,415423.0
7251,415703.0
7252,425723.0
7253,423314.0
7254,422760.0
7255,424116.0
7256,426256.0
7257,426256.0
7258,423821.0
7259,422699.0
7260,424221.0
7261,426224.0
7262,426331.0
7263,423811.0
7264,422841.0
7265,422654.0
7266,424388.0
7267,427052.0
7268,425068.0
7269,423694.0
7270,424548.0
7271,426430.0
7272,426683.0
7273,422883.0
7274,421388.0
7275,424274.0
7276,426603.0
7277,427116.0
7278,424141.0
7279,422639.0
7280,424471.0
7281,426461.0
7282,426445.0
7283,424559.0
7284,423124.0
7285,424453.0
7286,426118.0
7287,426426.0
7288,422875.0
7289,421708.0
7290,425056.0
7291,426618.0
7292,426804.0
7293,424902.0
7294,423691.0
7295,424958.0
7296,426658.0
7297,426772.0
7298,425056.0
7299,423256.0
7300,424355.0
7301,424886.0
7302,424841.0
7303,424483.0
7304,423382.0
7305,424656.0
7306,426669.0
7307,426883.0
7308,425092.0
7309,423694.0
7310,424212.0
7311,424976.0
7312,424914.0
7313,424404.0
7314,423650.0
7315,425025.0
7316,426401.0
7317,426582.0
7318,424843.0
7319,423406.0
7320,424226.0
7321,426489.0
7322,426413.0
7323,424804.0
7324,422693.0
7325,423784.0
7326,426377.0
7327,425803.0
7328,423764.0
7329,420769.0
7330,420002.0
7331,422359.0
7332,423679.0
7333,421458.0
7334,419634.0
7335,420616.0
7336,422474.0
7337,422534.0
7338,420899.0
7339,420115.0
7340,421417.0
7341,423120.0
7342,421587.0
7343,419899.0
7344,420600.0
7345,421485.0
7346,423318.0
7347,423409.0
7348,421372.0
7349,420204.0
7350,420099.0
7351,421803.0
7352,424237.0
7353,422235.0
7354,420799.0
7355,420318.0
7356,422291.0
7357,423964.0
7358,422165.0
7359,421670.0
7360,422853.0
7361,424701.0
7362,424661.0
7363,422590.0
7364,421194.0
7365,419924.0
7366,421489.0
7367,424666.0
7368,422959.0
7369,421630.0
7370,422673.0
7371,424348.0
7372,424203.0
7373,421721.0
7374,420752.0
7375,422432.0
7376,424427.0
7377,424626.0
7378,422748.0
7379,421515.0
7380,422459.0
7381,424289.0
7382,424210.0
7383,422579.0
7384,421458.0
7385,421628.0
7386,423087.0
7387,424013.0
7388,422360.0
7389,421373.0
7390,422090.0
7391,421983.0
7392,422336.0
7393,422514.0
7394,421312.0
7395,422274.0
7396,423819.0
7397,424156.0
7398,421989.0
7399,420965.0
7400,422257.0
7401,422148.0
7402,422134.0
7403,421957.0
7404,420418.0
7405,422021.0
7406,422693.0
7407,422869.0
7408,422569.0
7409,420875.0
7410,421900.0
7411,424466.0
7412,424567.0
7413,422313.0
7414,420952.0
7415,421711.0
7416,424181.0
7417,424533.0
7418,422376.0
7419,421778.0
7420,423012.0
7421,424596.0
7422,424534.0
7423,422212.0
7424,417661.0
7425,418757.0
7426,424626.0
7427,424859.0
7428,422929.0
7429,421682.0
7430,422535.0
7431,424356.0
7432,423385.0
7433,408454.0
7434,405275.0
7435,423057.0
7436,424976.0
7437,424864.0
7438,422749.0
7439,421359.0
7440,422621.0
7441,424291.0
7442,423639.0
7443,421896.0
7444,421391.0
7445,410612.0
7446,409599.0
7447,423007.0
7448,421226.0
7449,421828.0
7450,422567.0
7451,423167.0
7452,423248.0
7453,422664.0
7454,420729.0
7455,421584.0
7456,421779.0
7457,422094.0
7458,422829.0
7459,420125.0
7460,421278.0
7461,424299.0
7462,424195.0
7463,422628.0
7464,421507.0
7465,422409.0
7466,424569.0
7467,424681.0
7468,422490.0
7469,421393.0
7470,422038.0
7471,423766.0
7472,424366.0
7473,422306.0
7474,421186.0
7475,420259.0
7476,421673.0
7477,424416.0
7478,422236.0
7479,420481.0
7480,421878.0
7481,424240.0
7482,424004.0
7483,421476.0
7484,420279.0
7485,421861.0
7486,423981.0
7487,424143.0
7488,422406.0
7489,421221.0
7490,422493.0
7491,424354.0
7492,422711.0
7493,420846.0
7494,421249.0
7495,422212.0
7496,424591.0
7497,424765.0
7498,422899.0
7499,421874.0
7500,422136.0
7501,423428.0
7502,423083.0
7503,420604.0
7504,420250.0
7505,420400.0
7506,417684.0
7507,417259.0
7508,420689.0
7509,421802.0
7510,422566.0
7511,424101.0
7512,424460.0
7513,422348.0
7514,421449.0
7515,420602.0
7516,422041.0
7517,424509.0
7518,421001.0
7519,419201.0
7520,422259.0
7521,424379.0
7522,424300.0
7523,422449.0
7524,421172.0
7525,421447.0
7526,423178.0
7527,424238.0
7528,422761.0
7529,421291.0
7530,422302.0
7531,424043.0
7532,424221.0
7533,422675.0
7534,419740.0
7535,420247.0
7536,424514.0
7537,425038.0
7538,422606.0
7539,421253.0
7540,422510.0
7541,424114.0
7542,424349.0
7543,422388.0
7544,421157.0
7545,422218.0
7546,423890.0
7547,424130.0
7548,422308.0
7549,421318.0
7550,422184.0
7551,423786.0
7552,423791.0
7553,421014.0
7554,419904.0
7555,421808.0
7556,423633.0
7557,424357.0
7558,423028.0
7559,421698.0
7560,422249.0
7561,422334.0
7562,422301.0
7563,422821.0
7564,421686.0
7565,422612.0
7566,424123.0
7567,423981.0
7568,421648.0
7569,420847.0
7570,422362.0
7571,424496.0
7572,424598.0
7573,422243.0
7574,421224.0
7575,422072.0
7576,423639.0
7577,424212.0
7578,422096.0
7579,420176.0
7580,421831.0
7581,422761.0
7582,422613.0
7583,422498.0
7584,421111.0
7585,422335.0
7586,424356.0
7587,424501.0
7588,422644.0
7589,419493.0
7590,420443.0
7591,424328.0
7592,424161.0
7593,422420.0
7594,421391.0
7595,422263.0
7596,423308.0
7597,423247.0
7598,422008.0
7599,420876.0
7600,421743.0
7601,424269.0
7602,424627.0
7603,422212.0
7604,420356.0
7605,421191.0
7606,424529.0
7607,424571.0
7608,422104.0
7609,421019.0
7610,422043.0
7611,424180.0
7612,424572.0
7613,422125.0
7614,421192.0
7615,422317.0
7616,421613.0
7617,421769.0
7618,422366.0
7619,421050.0
7620,422151.0
7621,424016.0
7622,424113.0
7623,422038.0
7624,421494.0
7625,422559.0
7626,424037.0
7627,424221.0
7628,422309.0
7629,420725.0
7630,421609.0
7631,423991.0
7632,423970.0
7633,422194.0
7634,420944.0
7635,422014.0
7636,423758.0
7637,423261.0
7638,421279.0
7639,419375.0
7640,420598.0
7641,424118.0
7642,424543.0
7643,422569.0
7644,421134.0
7645,422299.0
7646,424134.0
7647,424431.0
7648,422285.0
7649,421266.0
7650,421036.0
7651,422496.0
7652,424134.0
7653,422097.0
7654,420603.0
7655,422063.0
7656,424192.0
7657,424251.0
7658,422382.0
7659,421493.0
7660,422574.0
7661,424363.0
7662,423606.0
7663,421450.0
7664,421115.0
7665,421905.0
7666,424144.0
7667,424699.0
7668,422744.0
7669,421360.0
7670,421780.0
7671,423540.0
7672,424333.0
7673,422293.0
7674,421108.0
7675,422484.0
7676,423954.0
7677,424226.0
7678,422355.0
7679,421367.0
7680,422747.0
7681,424521.0
7682,424223.0
7683,422059.0
7684,420860.0
7685,422003.0
7686,423656.0
7687,423671.0
7688,422131.0
7689,420251.0
7690,420111.0
7691,422080.0
7692,421768.0
7693,418286.0
7694,416338.0
7695,417877.0
7696,418943.0
7697,418953.0
7698,416964.0
7699,414471.0
7700,414978.0
7701,405947.0
7702,403520.0
7703,413932.0
7704,412798.0
7705,415977.0
7706,417159.0
7707,417266.0
7708,415914.0
7709,414545.0
7710,415643.0
7711,415923.0
7712,414702.0
7713,415173.0
7714,415421.0
7715,416113.0
7716,417441.0
7717,417816.0
7718,416851.0
7719,415801.0
7720,417077.0
7721,418834.0
7722,419039.0
7723,416944.0
7724,414420.0
7725,415733.0
7726,419326.0
7727,419775.0
7728,418448.0
7729,415744.0
7730,416831.0
7731,420472.0
7732,420856.0
7733,419424.0
7734,418393.0
7735,419466.0
7736,421134.0
7737,420260.0
7738,418111.0
7739,418503.0
7740,420311.0
7741,422080.0
7742,420573.0
7743,418624.0
7744,419408.0
7745,420287.0
7746,422485.0
7747,422973.0
7748,421093.0
7749,420048.0
7750,419158.0
7751,420255.0
7752,422705.0
7753,420833.0
7754,419266.0
7755,419356.0
7756,421495.0
7757,423918.0
7758,422177.0
7759,420816.0
7760,421659.0
7761,423447.0
7762,423938.0
7763,419688.0
7764,418115.0
7765,421934.0
7766,423896.0
7767,423928.0
7768,422087.0
7769,420743.0
7770,421669.0
7771,422960.0
7772,422964.0
7773,421784.0
7774,420717.0
7775,421451.0
7776,423063.0
7777,423473.0
7778,421733.0
7779,420761.0
7780,422213.0
7781,423908.0
7782,423933.0
7783,422101.0
7784,418790.0
7785,419537.0
7786,423847.0
7787,423889.0
7788,421986.0
7789,419090.0
7790,419786.0
7791,423578.0
7792,423898.0
7793,422111.0
7794,420951.0
7795,421930.0
7796,423720.0
7797,423371.0
7798,421316.0
7799,420798.0
7800,421860.0
7801,422388.0
7802,422249.0
7803,421681.0
7804,420379.0
7805,421677.0
7806,424036.0
7807,424356.0
7808,422172.0
7809,420865.0
7810,421754.0
7811,423761.0
7812,423929.0
7813,422185.0
7814,419879.0
7815,421069.0
7816,422366.0
7817,422279.0
7818,422096.0
7819,421008.0
7820,421919.0
7821,423958.0
7822,424041.0
7823,421373.0
7824,419998.0
7825,421532.0
7826,423963.0
7827,424257.0
7828,421793.0
7829,418621.0
7830,419665.0
7831,423871.0
7832,424395.0
7833,422299.0
7834,420974.0
7835,422263.0
7836,424060.0
7837,424277.0
7838,422343.0
7839,421229.0
7840,422183.0
7841,423993.0
7842,422271.0
7843,420452.0
7844,421228.0
7845,422111.0
7846,424054.0
7847,424511.0
7848,422413.0
7849,420605.0
7850,422007.0
7851,422133.0
7852,421998.0
7853,421694.0
7854,420621.0
7855,421649.0
7856,423530.0
7857,424049.0
7858,422161.0
7859,420887.0
7860,421889.0
7861,423813.0
7862,424139.0
7863,422051.0
7864,420827.0
7865,421716.0
7866,423502.0
7867,423944.0
7868,421894.0
7869,420885.0
7870,421944.0
7871,422773.0
7872,422767.0
7873,422306.0
7874,421479.0
7875,422176.0
7876,423886.0
7877,423906.0
7878,422324.0
7879,421032.0
7880,421686.0
7881,421519.0
7882,421684.0
7883,422381.0
7884,404939.0
7885,401565.0
7886,424755.0
7887,424864.0
7888,423086.0
7889,419582.0
7890,420575.0
7891,424549.0
7892,424417.0
7893,422776.0
7894,419521.0
7895,419963.0
7896,415728.0
7897,414438.0
7898,423058.0
7899,421486.0
7900,422501.0
7901,422622.0
7902,422529.0
7903,422106.0
7904,420490.0
7905,421608.0
7906,423792.0
7907,424263.0
7908,422371.0
7909,420619.0
7910,421763.0
7911,424201.0
7912,424366.0
7913,422397.0
7914,420933.0
7915,421771.0
7916,423638.0
7917,423686.0
7918,422143.0
7919,419706.0
7920,420606.0
7921,422339.0
7922,422345.0
7923,422587.0
7924,421206.0
7925,422252.0
7926,423748.0
7927,423878.0
7928,422231.0
7929,420301.0
7930,421044.0
7931,423603.0
7932,424557.0
7933,422513.0
7934,420732.0
7935,422013.0
7936,423776.0
7937,424191.0
7938,422299.0
7939,420651.0
7940,421925.0
7941,424194.0
7942,424117.0
7943,422061.0
7944,420887.0
7945,421825.0
7946,423457.0
7947,423889.0
7948,422122.0
7949,420964.0
7950,421619.0
7951,422596.0
7952,422756.0
7953,422036.0
7954,420624.0
7955,421593.0
7956,421928.0
7957,416156.0
7958,415132.0
7959,420746.0
7960,422314.0
7961,424333.0
7962,424315.0
7963,422500.0
7964,421228.0
7965,421833.0
7966,423929.0
7967,424249.0
7968,422364.0
7969,421440.0
7970,422039.0
7971,423491.0
7972,422438.0
7973,420343.0
7974,421104.0
7975,422261.0
7976,423991.0
7977,424107.0
7978,421958.0
7979,420493.0
7980,420141.0
7981,421770.0
7982,423557.0
7983,420334.0
7984,419347.0
7985,421623.0
7986,422833.0
7987,422533.0
7988,420328.0
7989,418257.0
7990,418788.0
7991,420567.0
7992,420254.0
7993,417767.0
7994,415808.0
7995,417108.0
7996,419035.0
7997,418979.0
7998,416765.0
7999,415672.0
8000,416721.0
8001,418097.0
8002,417929.0
8003,414787.0
8004,413538.0
8005,416534.0
8006,418589.0
8007,417330.0
8008,414662.0
8009,415938.0
8010,418187.0
8011,420050.0
8012,420564.0
8013,418803.0
8014,417949.0
8015,419162.0
8016,420723.0
8017,421077.0
8018,418848.0
8019,417212.0
8020,419150.0
8021,420133.0
8022,420326.0
8023,420162.0
8024,418789.0
8025,420064.0
8026,421921.0
8027,422137.0
8028,420668.0
8029,417716.0
8030,418663.0
8031,421813.0
8032,421950.0
8033,420892.0
8034,419697.0
8035,421073.0
8036,422833.0
8037,423032.0
8038,421123.0
8039,418401.0
8040,419441.0
8041,423266.0
8042,423884.0
8043,421846.0
8044,420076.0
8045,421176.0
8046,423308.0
8047,423372.0
8048,421326.0
8049,420612.0
8050,420933.0
8051,420948.0
8052,422326.0
8053,421854.0
8054,420238.0
8055,421621.0
8056,423853.0
8057,424104.0
8058,421800.0
8059,420507.0
8060,422221.0
8061,423959.0
8062,423710.0
8063,420299.0
8064,418782.0
8065,421876.0
8066,422876.0
8067,422741.0
8068,422107.0
8069,420819.0
8070,422227.0
8071,424301.0
8072,424294.0
8073,422280.0
8074,421403.0
8075,422579.0
8076,422551.0
8077,422467.0
8078,422294.0
8079,420975.0
8080,421982.0
8081,423955.0
8082,424126.0
8083,422366.0
8084,421292.0
8085,423171.0
8086,422969.0
8087,422199.0
8088,422559.0
8089,421179.0
8090,422283.0
8091,424180.0
8092,424302.0
8093,422287.0
8094,419250.0
8095,420071.0
8096,424257.0
8097,424449.0
8098,422641.0
8099,421366.0
8100,422325.0
8101,422006.0
8102,422019.0
8103,422086.0
8104,420579.0
8105,421776.0
8106,423973.0
8107,424194.0
8108,422385.0
8109,420211.0
8110,421068.0
8111,423054.0
8112,423110.0
8113,422359.0
8114,421404.0
8115,422281.0
8116,423788.0
8117,421803.0
8118,420023.0
8119,421409.0
8120,422474.0
8121,423653.0
8122,423774.0
8123,422338.0
8124,421184.0
8125,421639.0
8126,423166.0
8127,424066.0
8128,422044.0
8129,420859.0
8130,422138.0
8131,423673.0
8132,423719.0
8133,422193.0
8134,419331.0
8135,420056.0
8136,423786.0
8137,423951.0
8138,422070.0
8139,420831.0
8140,422097.0
8141,423923.0
8142,424078.0
8143,422181.0
8144,421115.0
8145,422438.0
8146,423795.0
8147,422141.0
8148,420259.0
8149,421110.0
8150,422149.0
8151,422187.0
8152,410438.0
8153,407675.0
8154,421033.0
8155,422549.0
8156,424476.0
8157,422871.0
8158,421029.0
8159,421413.0
8160,421966.0
8161,423525.0
8162,424257.0
8163,422297.0
8164,421109.0
8165,421998.0
8166,423641.0
8167,424078.0
8168,420159.0
8169,418761.0
8170,422182.0
8171,424181.0
8172,424336.0
8173,422398.0
8174,421059.0
8175,421561.0
8176,423454.0
8177,423466.0
8178,421395.0
8179,420902.0
8180,421559.0
8181,423371.0
8182,424345.0
8183,422689.0
8184,421382.0
8185,420789.0
8186,422404.0
8187,424461.0
8188,422616.0
8189,420940.0
8190,422144.0
8191,424393.0
8192,424441.0
8193,422348.0
8194,421210.0
8195,422028.0
8196,423542.0
8197,424203.0
8198,421056.0
8199,419836.0
8200,422142.0
8201,424086.0
8202,424208.0
8203,418706.0
8204,417181.0
8205,422006.0
8206,424254.0
8207,424186.0
8208,422501.0
8209,421388.0
8210,422206.0
8211,422318.0
8212,422537.0
8213,418403.0
8214,416462.0
8215,422581.0
8216,424441.0
8217,424341.0
8218,422498.0
8219,421388.0
8220,422348.0
8221,423011.0
8222,423099.0
8223,422367.0
8224,421398.0
8225,422434.0
8226,423953.0
8227,424152.0
8228,422123.0
8229,421048.0
8230,422314.0
8231,424477.0
8232,424686.0
8233,422324.0
8234,419143.0
8235,420012.0
8236,424099.0
8237,424230.0
8238,421199.0
8239,420044.0
8240,422455.0
8241,424144.0
8242,424204.0
8243,422258.0
8244,421205.0
8245,422147.0
8246,423665.0
8247,423768.0
8248,422007.0
8249,420843.0
8250,421567.0
8251,423116.0
8252,423439.0
8253,419591.0
8254,417870.0
8255,420979.0
8256,422428.0
8257,422029.0
8258,420008.0
8259,418496.0
8260,418961.0
8261,419659.0
8262,407297.0
8263,403007.0
8264,416885.0
8265,417364.0
8266,417343.0
8267,417328.0
8268,416856.0
8269,415413.0
8270,416282.0
8271,417952.0
8272,418354.0
8273,416559.0
8274,414050.0
8275,414454.0
8276,418057.0
8277,418918.0
8278,417089.0
8279,416048.0
8280,417258.0
8281,419003.0
8282,417697.0
8283,415943.0
8284,417051.0
8285,417996.0
8286,420078.0
8287,420138.0
8288,418285.0
8289,417066.0
8290,418021.0
8291,420118.0
8292,420735.0
8293,419000.0
8294,418054.0
8295,419141.0
8296,421114.0
8297,420164.0
8298,416216.0
8299,416086.0
8300,419577.0
8301,421575.0
8302,421804.0
8303,419971.0
8304,418383.0
8305,417893.0
8306,420093.0
8307,422566.0
8308,420640.0
8309,419408.0
8310,420383.0
8311,422196.0
8312,422444.0
8313,418711.0
8314,417609.0
8315,421084.0
8316,423236.0
8317,423566.0
8318,421287.0
8319,420228.0
8320,421569.0
8321,421453.0
8322,421438.0
8323,421483.0
8324,420314.0
8325,421826.0
8326,423533.0
8327,423755.0
8328,421949.0
8329,420509.0
8330,421686.0
8331,422246.0
8332,422355.0
8333,422135.0
8334,420926.0
8335,408279.0
8336,406357.0
8337,424878.0
8338,422953.0
8339,421644.0
8340,422444.0
8341,424006.0
8342,424119.0
8343,422263.0
8344,420874.0
8345,421671.0
8346,423866.0
8347,424032.0
8348,421890.0
8349,419048.0
8350,420389.0
8351,422642.0
8352,422365.0
8353,422144.0
8354,421192.0
8355,422933.0
8356,424572.0
8357,424379.0
8358,422585.0
8359,421426.0
8360,422068.0
8361,423875.0
8362,424483.0
8363,422792.0
8364,421158.0
8365,422021.0
8366,424274.0
8367,424047.0
8368,421843.0
8369,421117.0
8370,420971.0
8371,422443.0
8372,424234.0
8373,422244.0
8374,421162.0
8375,422283.0
8376,424018.0
8377,424214.0
8378,421963.0
8379,420729.0
8380,420824.0
8381,422529.0
8382,424226.0
8383,422523.0
8384,420959.0
8385,422011.0
8386,424369.0
8387,425044.0
8388,422967.0
8389,421065.0
8390,420518.0
8391,422271.0
8392,424093.0
8393,422249.0
8394,420885.0
8395,421611.0
8396,423674.0
8397,424101.0
8398,422109.0
8399,421022.0
8400,422251.0
8401,423696.0
8402,423797.0
8403,420415.0
8404,418964.0
8405,421668.0
8406,423826.0
8407,424303.0
8408,412666.0
8409,409110.0
8410,421583.0
8411,423178.0
8412,422898.0
8413,418416.0
8414,416328.0
8415,419993.0
8416,420707.0
8417,419748.0
8418,417495.0
8419,415571.0
8420,416239.0
8421,417653.0
8422,417627.0
8423,415627.0
8424,414263.0
8425,415362.0
8426,415621.0
8427,415578.0
8428,415592.0
8429,414779.0
8430,415750.0
8431,417261.0
8432,417326.0
8433,415301.0
8434,414550.0
8435,416201.0
8436,418223.0
8437,417087.0
8438,415186.0
8439,415506.0
8440,416321.0
8441,418248.0
8442,418435.0
8443,416589.0
8444,416232.0
8445,416622.0
8446,417666.0
8447,419174.0
8448,417135.0
8449,416009.0
8450,417639.0
8451,418114.0
8452,417885.0
8453,417498.0
8454,415955.0
8455,417014.0
8456,417966.0
8457,418071.0
8458,418374.0
8459,417286.0
8460,417996.0
8461,420165.0
8462,420231.0
8463,418710.0
8464,415952.0
8465,416511.0
8466,420584.0
8467,420764.0
8468,419064.0
8469,418199.0
8470,419054.0
8471,420906.0
8472,422275.0
8473,420979.0
8474,419250.0
8475,420201.0
8476,422192.0
8477,422618.0
8478,420708.0
8479,419578.0
8480,420588.0
8481,422466.0
8482,421313.0
8483,419105.0
8484,420017.0
8485,421298.0
8486,422818.0
8487,422949.0
8488,420584.0
8489,419471.0
8490,421562.0
8491,423615.0
8492,423088.0
8493,421329.0
8494,419993.0
8495,419178.0
8496,421291.0
8497,423636.0
8498,421694.0
8499,420656.0
8500,421834.0
8501,423455.0
8502,423617.0
8503,421668.0
8504,420543.0
8505,420219.0
8506,421923.0
8507,424378.0
8508,422696.0
8509,421440.0
8510,422274.0
8511,423972.0
8512,423966.0
8513,422254.0
8514,421356.0
8515,422053.0
8516,423719.0
8517,424053.0
8518,422414.0
8519,421304.0
8520,422128.0
8521,423626.0
8522,423937.0
8523,422702.0
8524,421840.0
8525,422200.0
8526,423909.0
8527,424169.0
8528,422514.0
8529,421193.0
8530,421728.0
8531,423712.0
8532,424124.0
8533,422109.0
8534,421170.0
8535,422566.0
8536,424635.0
8537,424508.0
8538,422178.0
8539,419847.0
8540,420764.0
8541,423656.0
8542,423721.0
8543,421978.0
8544,420740.0
8545,422013.0
8546,424036.0
8547,424078.0
8548,421929.0
8549,420587.0
8550,421860.0
8551,424688.0
8552,424560.0
8553,421606.0
8554,419172.0
8555,420738.0
8556,424280.0
8557,424659.0
8558,422887.0
8559,421322.0
8560,422241.0
8561,424091.0
8562,422344.0
8563,420426.0
8564,421216.0
8565,422195.0
8566,424210.0
8567,423935.0
8568,422085.0
8569,421528.0
8570,422281.0
8571,424176.0
8572,423710.0
8573,421645.0
8574,421722.0
8575,423089.0
8576,424545.0
8577,424544.0
8578,422626.0
8579,421169.0
8580,422180.0
8581,424247.0
8582,424873.0
8583,422898.0
8584,421434.0
8585,420586.0
8586,421935.0
8587,424253.0
8588,422406.0
8589,421291.0
8590,422493.0
8591,418426.0
8592,417754.0
8593,422818.0
8594,421689.0
8595,420970.0
8596,422333.0
8597,424698.0
8598,422799.0
8599,421456.0
8600,422431.0
8601,424265.0
8602,424150.0
8603,407612.0
8604,402815.0
8605,421303.0
8606,422881.0
8607,424983.0
8608,423216.0
8609,421701.0
8610,422493.0
8611,424224.0
8612,424488.0
8613,420616.0
8614,419263.0
8615,422664.0
8616,424331.0
8617,423483.0
8618,421469.0
8619,421221.0
8620,422363.0
8621,424202.0
8622,424236.0
8623,422171.0
8624,421271.0
8625,422269.0
8626,422206.0
8627,422182.0
8628,420133.0
8629,418889.0
8630,422310.0
8631,423850.0
8632,423845.0
8633,421749.0
8634,420494.0
8635,421590.0
8636,421611.0
8637,421588.0
8638,421425.0
8639,420218.0
8640,420728.0
8641,422076.0
8642,422349.0
8643,420706.0
8644,419213.0
8645,420016.0
8646,421761.0
8647,421258.0
8648,419096.0
8649,417636.0
8650,418196.0
8651,420251.0
8652,419724.0
8653,417200.0
8654,416041.0
8655,416644.0
8656,418571.0
8657,419188.0
8658,417088.0
8659,415920.0
8660,416930.0
8661,418642.0
8662,418900.0
8663,416931.0
8664,410608.0
8665,411243.0
8666,419779.0
8667,420545.0
8668,416671.0
8669,415148.0
8670,419015.0
8671,420876.0
8672,420903.0
8673,419274.0
8674,418437.0
8675,419680.0
8676,421684.0
8677,421738.0
8678,419825.0
8679,419276.0
8680,420852.0
8681,422066.0
8682,421429.0
8683,419566.0
8684,419540.0
8685,420659.0
8686,422431.0
8687,422700.0
8688,420836.0
8689,419418.0
8690,420684.0
8691,422902.0
8692,423004.0
8693,420834.0
8694,419766.0
8695,420361.0
8696,422089.0
8697,423283.0
8698,421300.0
8699,420361.0
8700,421459.0
8701,423176.0
8702,423348.0
8703,421556.0
8704,420391.0
8705,421471.0
8706,422687.0
8707,422839.0
8708,422142.0
8709,421008.0
8710,422036.0
8711,423875.0
8712,424029.0
8713,421899.0
8714,420369.0
8715,421936.0
8716,424020.0
8717,423915.0
8718,420669.0
8719,419635.0
8720,422339.0
8721,424031.0
8722,422091.0
8723,420094.0
8724,421274.0
8725,421969.0
8726,423484.0
8727,423679.0
8728,421028.0
8729,419994.0
8730,422260.0
8731,423883.0
8732,424082.0
8733,422403.0
8734,421381.0
8735,422373.0
8736,422399.0
8737,422398.0
8738,422862.0
8739,421767.0
8740,422351.0
8741,424145.0
8742,424190.0
8743,422133.0
8744,420829.0
8745,422086.0
8746,423988.0
8747,424018.0
8748,422086.0
8749,420582.0
8750,421574.0
8751,421934.0
8752,421819.0
8753,421686.0
8754,420780.0
8755,421988.0
8756,421995.0
8757,422281.0
8758,422682.0
8759,421500.0
8760,422401.0
8761,424098.0
8762,423701.0
8763,421575.0
8764,420943.0
8765,421952.0
8766,423706.0
8767,423941.0
8768,422068.0
8769,421140.0
8770,422284.0
8771,423757.0
8772,422264.0
8773,420450.0
8774,419436.0
8775,420161.0
8776,423826.0
8777,423939.0
8778,422265.0
8779,421305.0
8780,422375.0
8781,423706.0
8782,422610.0
8783,420859.0
8784,420969.0
8785,422145.0
8786,411299.0
8787,408286.0
8788,422846.0
8789,419364.0
8790,420124.0
8791,424353.0
8792,423479.0
8793,421610.0
8794,421333.0
8795,422039.0
8796,423836.0
8797,424088.0
8798,422187.0
8799,421003.0
8800,422030.0
8801,424339.0
8802,424118.0
8803,421791.0
8804,420693.0
8805,422311.0
8806,424015.0
8807,424022.0
8808,422116.0
8809,421044.0
8810,422234.0
8811,423878.0
8812,423163.0
8813,421388.0
8814,421137.0
8815,422114.0
8816,424327.0
8817,424279.0
8818,422067.0
8819,421088.0
8820,421464.0
8821,423089.0
8822,423559.0
8823,421154.0
8824,419331.0
8825,420944.0
8826,423423.0
8827,423819.0
8828,419986.0
8829,418584.0
8830,421834.0
8831,423927.0
8832,424154.0
8833,421869.0
8834,420872.0
8835,422200.0
8836,423837.0
8837,424186.0
8838,422336.0
8839,421248.0
8840,422283.0
8841,423224.0
8842,423333.0
8843,422159.0
8844,421295.0
8845,422626.0
8846,424304.0
8847,423843.0
8848,421853.0
8849,421032.0
8850,421998.0
8851,422505.0
8852,422183.0
8853,421621.0
8854,420544.0
8855,421733.0
8856,421841.0
8857,421660.0
8858,421936.0
8859,408551.0
8860,407084.0
8861,423790.0
8862,423839.0
8863,421995.0
8864,420359.0
8865,420775.0
8866,422208.0
8867,421498.0
8868,419393.0
8869,418210.0
8870,418352.0
8871,418903.0
8872,418374.0
8873,416194.0
8874,413372.0
8875,413958.0
8876,417269.0
8877,417685.0
8878,415533.0
8879,414411.0
8880,415675.0
8881,417015.0
8882,417426.0
8883,415423.0
8884,413963.0
8885,415379.0
8886,417263.0
8887,416006.0
8888,414228.0
8889,414401.0
8890,415422.0
8891,417359.0
8892,417747.0
8893,416316.0
8894,415010.0
8895,414148.0
8896,415823.0
8897,418259.0
8898,416943.0
8899,416163.0
8900,416738.0
8901,418014.0
8902,418744.0
8903,416968.0
8904,415928.0
8905,415906.0
8906,417594.0
8907,419626.0
8908,417766.0
8909,416918.0
8910,416488.0
8911,417886.0
8912,420056.0
8913,418116.0
8914,417434.0
8915,418384.0
8916,419832.0
8917,420530.0
8918,415583.0
8919,414736.0
8920,418793.0
8921,420240.0
8922,421576.0
8923,419999.0
8924,418874.0
8925,420041.0
8926,420587.0
8927,420770.0
8928,420571.0
8929,419388.0
8930,420641.0
8931,422602.0
8932,422814.0
8933,418996.0
8934,417776.0
8935,421437.0
8936,423246.0
8937,423194.0
8938,421504.0
8939,420563.0
8940,421634.0
8941,421829.0
8942,420856.0
8943,420542.0
8944,420398.0
8945,421321.0
8946,421609.0
8947,421934.0
8948,421604.0
8949,420544.0
8950,422124.0
8951,422470.0
8952,421937.0
8953,419600.0
8954,418423.0
8955,421874.0
8956,421928.0
8957,421848.0
8958,422273.0
8959,421321.0
8960,422409.0
8961,424317.0
8962,424084.0
8963,422093.0
8964,421319.0
8965,422776.0
8966,424204.0
8967,424207.0
8968,422364.0
8969,421203.0
8970,422123.0
8971,424082.0
8972,424263.0
8973,422496.0
8974,420657.0
8975,421449.0
8976,423998.0
8977,424164.0
8978,422136.0
8979,421163.0
8980,422550.0
8981,423993.0
8982,423791.0
8983,421908.0
8984,421082.0
8985,422258.0
8986,423902.0
8987,422790.0
8988,420773.0
8989,421385.0
8990,422544.0
8991,424049.0
8992,424174.0
8993,422347.0
8994,420983.0
8995,421956.0
8996,424594.0
8997,424971.0
8998,422899.0
8999,421519.0
9000,421409.0
9001,423032.0
9002,423486.0
9003,421168.0
9004,418897.0
9005,419331.0
9006,422465.0
9007,424536.0
9008,422797.0
9009,421553.0
9010,421054.0
9011,422190.0
9012,424055.0
9013,422066.0
9014,421139.0
9015,422007.0
9016,423811.0
9017,424379.0
9018,421987.0
9019,420852.0
9020,422724.0
9021,424389.0
9022,424269.0
9023,420349.0
9024,419472.0
9025,422617.0
9026,424114.0
9027,424124.0
9028,422355.0
9029,421330.0
9030,422489.0
9031,424470.0
9032,424331.0
9033,422035.0
9034,420971.0
9035,422605.0
9036,424547.0
9037,424779.0
9038,422806.0
9039,420291.0
9040,421555.0
9041,424000.0
9042,422763.0
9043,421678.0
9044,421943.0
9045,422981.0
9046,424689.0
9047,424633.0
9048,422652.0
9049,421702.0
9050,422766.0
9051,422776.0
9052,422316.0
9053,422004.0
9054,405682.0
9055,402484.0
9056,424881.0
9057,425579.0
9058,423606.0
9059,422123.0
9060,423179.0
9061,424723.0
9062,424618.0
9063,422768.0
9064,421630.0
9065,422748.0
9066,424356.0
9067,424166.0
9068,422189.0
9069,421504.0
9070,422579.0
9071,424446.0
9072,424319.0
9073,422432.0
9074,421664.0
9075,422768.0
9076,424444.0
9077,422917.0
9078,420831.0
9079,420177.0
9080,420928.0
9081,424158.0
9082,422453.0
9083,420172.0
9084,421457.0
9085,422661.0
9086,424382.0
9087,424479.0
9088,422492.0
9089,421319.0
9090,421829.0
9091,423440.0
9092,422516.0
9093,420509.0
9094,421536.0
9095,422711.0
9096,424469.0
9097,424436.0
9098,422668.0
9099,421661.0
9100,422983.0
9101,424875.0
9102,424049.0
9103,419593.0
9104,418351.0
9105,422419.0
9106,424429.0
9107,422455.0
9108,420414.0
9109,421524.0
9110,422816.0
9111,424400.0
9112,424311.0
9113,422519.0
9114,421667.0
9115,416261.0
9116,416773.0
9117,424717.0
9118,423056.0
9119,421984.0
9120,422778.0
9121,424451.0
9122,424427.0
9123,422403.0
9124,421275.0
9125,422651.0
9126,424475.0
9127,424403.0
9128,422009.0
9129,420932.0
9130,422556.0
9131,424170.0
9132,424119.0
9133,420124.0
9134,418916.0
9135,422532.0
9136,424209.0
9137,424236.0
9138,422076.0
9139,421118.0
9140,422295.0
9141,424016.0
9142,424014.0
9143,422044.0
9144,421067.0
9145,422324.0
9146,424440.0
9147,424241.0
9148,422249.0
9149,421247.0
9150,422464.0
9151,423198.0
9152,422904.0
9153,422421.0
9154,421325.0
9155,422167.0
9156,424175.0
9157,423851.0
9158,421935.0
9159,421535.0
9160,422792.0
9161,424334.0
9162,424254.0
9163,422236.0
9164,421016.0
9165,420004.0
9166,421648.0
9167,424101.0
9168,422298.0
9169,419378.0
9170,420534.0
9171,424294.0
9172,424237.0
9173,422161.0
9174,421029.0
9175,422199.0
9176,424027.0
9177,423749.0
9178,421969.0
9179,421518.0
9180,422868.0
9181,424243.0
9182,424401.0
9183,422501.0
9184,421588.0
9185,422719.0
9186,424327.0
9187,423476.0
9188,421443.0
9189,421380.0
9190,422507.0
9191,424281.0
9192,424546.0
9193,422515.0
9194,421382.0
9195,422852.0
9196,424436.0
9197,424469.0
9198,422321.0
9199,421490.0
9200,422514.0
9201,423676.0
9202,423958.0
9203,421926.0
9204,420835.0
9205,422375.0
9206,424207.0
9207,424153.0
9208,422303.0
9209,421209.0
9210,422603.0
9211,424605.0
9212,424350.0
9213,419937.0
9214,418554.0
9215,422349.0
9216,424128.0
9217,423962.0
9218,421996.0
9219,421066.0
9220,422188.0
9221,422675.0
9222,422806.0
9223,422518.0
9224,421401.0
9225,422581.0
9226,422477.0
9227,422377.0
9228,422678.0
9229,421802.0
9230,422856.0
9231,424559.0
9232,424430.0
9233,422333.0
9234,420634.0
9235,422132.0
9236,424748.0
9237,423948.0
9238,421565.0
9239,419488.0
9240,420738.0
9241,424655.0
9242,424553.0
9243,422699.0
9244,421731.0
9245,422604.0
9246,424386.0
9247,424566.0
9248,422732.0
9249,421656.0
9250,422624.0
9251,423328.0
9252,423289.0
9253,422251.0
9254,421158.0
9255,422768.0
9256,424738.0
9257,424622.0
9258,422567.0
9259,421639.0
9260,423001.0
9261,424576.0
9262,424289.0
9263,422566.0
9264,421873.0
9265,423021.0
9266,424656.0
9267,424574.0
9268,422470.0
9269,421347.0
9270,422552.0
9271,424414.0
9272,424606.0
9273,422649.0
9274,421108.0
9275,422199.0
9276,424486.0
9277,424456.0
9278,422413.0
9279,419756.0
9280,420636.0
9281,424676.0
9282,424456.0
9283,422493.0
9284,421476.0
9285,422670.0
9286,424159.0
9287,424359.0
9288,422859.0
9289,422129.0
9290,423281.0
9291,424701.0
9292,424714.0
9293,422573.0
9294,421491.0
9295,422838.0
9296,424593.0
9297,424853.0
9298,422256.0
9299,421039.0
9300,422664.0
9301,422895.0
9302,422116.0
9303,421526.0
9304,421236.0
9305,422567.0
9306,424378.0
9307,424436.0
9308,422362.0
9309,421518.0
9310,412744.0
9311,412535.0
9312,425309.0
9313,423349.0
9314,422049.0
9315,423173.0
9316,424840.0
9317,424646.0
9318,422474.0
9319,421499.0
9320,422611.0
9321,424439.0
9322,424372.0
9323,422391.0
9324,421373.0
9325,422569.0
9326,422991.0
9327,422878.0
9328,422558.0
9329,420821.0
9330,422043.0
9331,424501.0
9332,424391.0
9333,422454.0
9334,420395.0
9335,421073.0
9336,424408.0
9337,424493.0
9338,422048.0
9339,421219.0
9340,422591.0
9341,424161.0
9342,424101.0
9343,421987.0
9344,420204.0
9345,421548.0
9346,424281.0
9347,423519.0
9348,421353.0
9349,421018.0
9350,422228.0
9351,422605.0
9352,422219.0
9353,421674.0
9354,420649.0
9355,421861.0
9356,422363.0
9357,422369.0
9358,422047.0
9359,421169.0
9360,422241.0
9361,422427.0
9362,421777.0
9363,420967.0
9364,419679.0
9365,420454.0
9366,421383.0
9367,420818.0
9368,418286.0
9369,414931.0
9370,415334.0
9371,417110.0
9372,417042.0
9373,416626.0
9374,415126.0
9375,415899.0
9376,417098.0
9377,417118.0
9378,415527.0
9379,412348.0
9380,413444.0
9381,417674.0
9382,417766.0
9383,415728.0
9384,414069.0
9385,415321.0
9386,417761.0
9387,417708.0
9388,415756.0
9389,414739.0
9390,416368.0
9391,418392.0
9392,418896.0
9393,417393.0
9394,416161.0
9395,417866.0
9396,419342.0
9397,417569.0
9398,416508.0
9399,417241.0
9400,418553.0
9401,418933.0
9402,418346.0
9403,418273.0
9404,417706.0
9405,419421.0
9406,421533.0
9407,421854.0
9408,419803.0
9409,419033.0
9410,420583.0
9411,422349.0
9412,422351.0
9413,419378.0
9414,418366.0
9415,420931.0
9416,422673.0
9417,422621.0
9418,421085.0
9419,420376.0
9420,421207.0
9421,422895.0
9422,423094.0
9423,421326.0
9424,420601.0
9425,421792.0
9426,421594.0
9427,421381.0
9428,421338.0
9429,420521.0
9430,421723.0
9431,423486.0
9432,423508.0
9433,421286.0
9434,420534.0
9435,422131.0
9436,423899.0
9437,424048.0
9438,422006.0
9439,419268.0
9440,420464.0
9441,424246.0
9442,424081.0
9443,422268.0
9444,421446.0
9445,422184.0
9446,423754.0
9447,420841.0
9448,418832.0
9449,421561.0
9450,422574.0
9451,422488.0
9452,421995.0
9453,421558.0
9454,420511.0
9455,421866.0
9456,421854.0
9457,421718.0
9458,422691.0
9459,422079.0
9460,422813.0
9461,423169.0
9462,422931.0
9463,422457.0
9464,421324.0
9465,422386.0
9466,423377.0
9467,423314.0
9468,422429.0
9469,421054.0
9470,422121.0
9471,424879.0
9472,424962.0
9473,422369.0
9474,421215.0
9475,422442.0
9476,424220.0
9477,424034.0
9478,422246.0
9479,421935.0
9480,422860.0
9481,424128.0
9482,423393.0
9483,420956.0
9484,419024.0
9485,420233.0
9486,424403.0
9487,424419.0
9488,422189.0
9489,421166.0
9490,422716.0
9491,424217.0
9492,422371.0
9493,417880.0
9494,419347.0
9495,423072.0
9496,424318.0
9497,422460.0
9498,420553.0
9499,421506.0
9500,422515.0
9501,422414.0
9502,421859.0
9503,421944.0
9504,420754.0
9505,409373.0
9506,408326.0
9507,424906.0
9508,421111.0
9509,419686.0
9510,423170.0
9511,424898.0
9512,424813.0
9513,422841.0
9514,421984.0
9515,422869.0
9516,423576.0
9517,423684.0
9518,421417.0
9519,420282.0
9520,422964.0
9521,424441.0
9522,424376.0
9523,422485.0
9524,421514.0
9525,423009.0
9526,422988.0
9527,422214.0
9528,421924.0
9529,421212.0
9530,422288.0
9531,423939.0
9532,424162.0
9533,421446.0
9534,420643.0
9535,422808.0
9536,424620.0
9537,424436.0
9538,422479.0
9539,421647.0
9540,422959.0
9541,424948.0
9542,424523.0
9543,422266.0
9544,421697.0
9545,422983.0
9546,424646.0
9547,423326.0
9548,421319.0
9549,421591.0
9550,422956.0
9551,423940.0
9552,423248.0
9553,421808.0
9554,417798.0
9555,418605.0
9556,424277.0
9557,422323.0
9558,420623.0
9559,422226.0
9560,422762.0
9561,424357.0
9562,424379.0
9563,422279.0
9564,421376.0
9565,422864.0
9566,417836.0
9567,416500.0
9568,422351.0
9569,421842.0
9570,423041.0
9571,423589.0
9572,423234.0
9573,422319.0
9574,421373.0
9575,422728.0
9576,424528.0
9577,424204.0
9578,422289.0
9579,421014.0
9580,422183.0
9581,424450.0
9582,424359.0
9583,422523.0
9584,418631.0
9585,419623.0
9586,424728.0
9587,424456.0
9588,422418.0
9589,421359.0
9590,422588.0
9591,424272.0
9592,424099.0
9593,421874.0
9594,421103.0
9595,422578.0
9596,424171.0
9597,424503.0
9598,422531.0
9599,421303.0
9600,422769.0
9601,424855.0
9602,424419.0
9603,421459.0
9604,420982.0
9605,422824.0
9606,422839.0
9607,422671.0
9608,422606.0
9609,421519.0
9610,422650.0
9611,424528.0
9612,424348.0
9613,422273.0
9614,419738.0
9615,420729.0
9616,424381.0
9617,424209.0
9618,422248.0
9619,421469.0
9620,422821.0
9621,424562.0
9622,423078.0
9623,421030.0
9624,421554.0
9625,422836.0
9626,424521.0
9627,424664.0
9628,422281.0
9629,421161.0
9630,421214.0
9631,422548.0
9632,424228.0
9633,422270.0
9634,421419.0
9635,422932.0
9636,424383.0
9637,424357.0
9638,420363.0
9639,419412.0
9640,423021.0
9641,424575.0
9642,424279.0
9643,421028.0
9644,419958.0
9645,422796.0
9646,424751.0
9647,424638.0
9648,422682.0
9649,421791.0
9650,422979.0
9651,422962.0
9652,422231.0
9653,420294.0
9654,419209.0
9655,422563.0
9656,424304.0
9657,423936.0
9658,422170.0
9659,421534.0
9660,422556.0
9661,424003.0
9662,423615.0
9663,421969.0
9664,420838.0
9665,422091.0
9666,422175.0
9667,421972.0
9668,422398.0
9669,421373.0
9670,420589.0
9671,422061.0
9672,424539.0
9673,422608.0
9674,422097.0
9675,423376.0
9676,422512.0
9677,422007.0
9678,422236.0
9679,421251.0
9680,422589.0
9681,424498.0
9682,424218.0
9683,422190.0
9684,420453.0
9685,421686.0
9686,424302.0
9687,424272.0
9688,414751.0
9689,410886.0
9690,421313.0
9691,425006.0
9692,424778.0
9693,422617.0
9694,421713.0
9695,422914.0
9696,424416.0
9697,422403.0
9698,420341.0
9699,421856.0
9700,423173.0
9701,424404.0
9702,424019.0
9703,420608.0
9704,419451.0
9705,422906.0
9706,424763.0
9707,424544.0
9708,422821.0
9709,422004.0
9710,423081.0
9711,422878.0
9712,422693.0
9713,421740.0
9714,420655.0
9715,422983.0
9716,425033.0
9717,424654.0
9718,422239.0
9719,421599.0
9720,423041.0
9721,424515.0
9722,424354.0
9723,422208.0
9724,421099.0
9725,422251.0
9726,424158.0
9727,424421.0
9728,422368.0
9729,421781.0
9730,423119.0
9731,424753.0
9732,424533.0
9733,422469.0
9734,421643.0
9735,422480.0
9736,423967.0
9737,424188.0
9738,422326.0
9739,421695.0
9740,423266.0
9741,424876.0
9742,424423.0
9743,421965.0
9744,421107.0
9745,422762.0
9746,424475.0
9747,424150.0
9748,422488.0
9749,421519.0
9750,422371.0
9751,424131.0
9752,423317.0
9753,421470.0
9754,420789.0
9755,420360.0
9756,422208.0
9757,424101.0
9758,422165.0
9759,421228.0
9760,422434.0
9761,413216.0
9762,410298.0
9763,420680.0
9764,419475.0
9765,422971.0
9766,424773.0
9767,424423.0
9768,422703.0
9769,421851.0
9770,422884.0
9771,424123.0
9772,424018.0
9773,422437.0
9774,421158.0
9775,422481.0
9776,423236.0
9777,422841.0
9778,422344.0
9779,421675.0
9780,421907.0
9781,423511.0
9782,424628.0
9783,422423.0
9784,421293.0
9785,422753.0
9786,423578.0
9787,423174.0
9788,422263.0
9789,421398.0
9790,422576.0
9791,424447.0
9792,424389.0
9793,422303.0
9794,419734.0
9795,420876.0
9796,424538.0
9797,424310.0
9798,422166.0
9799,418931.0
9800,420761.0
9801,424936.0
9802,424179.0
9803,421951.0
9804,419541.0
9805,420923.0
9806,424554.0
9807,424617.0
9808,422604.0
9809,421396.0
9810,422311.0
9811,424124.0
9812,424095.0
9813,421985.0
9814,421426.0
9815,422809.0
9816,424360.0
9817,424614.0
9818,422743.0
9819,421585.0
9820,423176.0
9821,424551.0
9822,421021.0
9823,418691.0
9824,421599.0
9825,423045.0
9826,424399.0
9827,424144.0
9828,422151.0
9829,421022.0
9830,420198.0
9831,422014.0
9832,423839.0
9833,421861.0
9834,420615.0
9835,421537.0
9836,422959.0
9837,422606.0
9838,419991.0
9839,418878.0
9840,419896.0
9841,420968.0
9842,419666.0
9843,416565.0
9844,416141.0
9845,417239.0
9846,418234.0
9847,417790.0
9848,415688.0
9849,414876.0
9850,413770.0
9851,415136.0
9852,416963.0
9853,413730.0
9854,412779.0
9855,416036.0
9856,417882.0
9857,417451.0
9858,415830.0
9859,414641.0
9860,415962.0
9861,418074.0
9862,417798.0
9863,415889.0
9864,414769.0
9865,416375.0
9866,417602.0
9867,417459.0
9868,416565.0
9869,415960.0
9870,417280.0
9871,418710.0
9872,418619.0
9873,417042.0
9874,416333.0
9875,417453.0
9876,419116.0
9877,417716.0
9878,415651.0
9879,416689.0
9880,418158.0
9881,420008.0
9882,419951.0
9883,417571.0
9884,416676.0
9885,418351.0
9886,420603.0
9887,420921.0
9888,418937.0
9889,417274.0
9890,418859.0
9891,421607.0
9892,421516.0
9893,417972.0
9894,417165.0
9895,420599.0
9896,422131.0
9897,422033.0
9898,420243.0
9899,417436.0
9900,418333.0
9901,420510.0
9902,420196.0
9903,420066.0
9904,417559.0
9905,419416.0
9906,423434.0
9907,423129.0
9908,420776.0
9909,420343.0
9910,422051.0
9911,423313.0
9912,423355.0
9913,421409.0
9914,420743.0
9915,422004.0
9916,423608.0
9917,423449.0
9918,421458.0
9919,420626.0
9920,421996.0
9921,423640.0
9922,421827.0
9923,419992.0
9924,421341.0
9925,422644.0
9926,424265.0
9927,423914.0
9928,421828.0
9929,421231.0
9930,421189.0
9931,422587.0
9932,424231.0
9933,422581.0
9934,421261.0
9935,422121.0
9936,423667.0
9937,423566.0
9938,421571.0
9939,420944.0
9940,420534.0
9941,421899.0
9942,423771.0
9943,421948.0
9944,414524.0
9945,414814.0
9946,424482.0
9947,424074.0
9948,422284.0
9949,421550.0
9950,422735.0
9951,423970.0
9952,424021.0
9953,420919.0
9954,419919.0
9955,423094.0
9956,411978.0
9957,408326.0
9958,423388.0
9959,422628.0
9960,423237.0
9961,424504.0
9962,424107.0
9963,420754.0
9964,419953.0
9965,422859.0
9966,423456.0
9967,423016.0
9968,422059.0
9969,420799.0
9970,422044.0
9971,424242.0
9972,423621.0
9973,421612.0
9974,420921.0
9975,422350.0
9976,424148.0
9977,423738.0
9978,421648.0
9979,419378.0
9980,420726.0
9981,422240.0
9982,421824.0
9983,422453.0
9984,421636.0
9985,422724.0
9986,424264.0
9987,424150.0
9988,421989.0
9989,421378.0
9990,422949.0
9991,424257.0
9992,424124.0
9993,421719.0
9994,420914.0
9995,422513.0
9996,424014.0
9997,423884.0
9998,421271.0
9999,418835.0
10000,420486.0
10001,424549.0
10002,423966.0
10003,421392.0
10004,420881.0
10005,419593.0
10006,419944.0
10007,422857.0
10008,422279.0
10009,421331.0
10010,422623.0
10011,424469.0
10012,424066.0
10013,421947.0
10014,422157.0
10015,423274.0
10016,424048.0
10017,417880.0
10018,414631.0
10019,419769.0
10020,421338.0
10021,424388.0
10022,424296.0
10023,422052.0
10024,421261.0
10025,422811.0
10026,424323.0
10027,423771.0
10028,421721.0
10029,421383.0
10030,422474.0
10031,424135.0
10032,424066.0
10033,421911.0
10034,421426.0
10035,421308.0
10036,422624.0
10037,423969.0
10038,422250.0
10039,421391.0
10040,422408.0
10041,424331.0
10042,424007.0
10043,421988.0
10044,421028.0
10045,420961.0
10046,422919.0
10047,424087.0
10048,422091.0
10049,421263.0
10050,423014.0
10051,424203.0
10052,423281.0
10053,421461.0
10054,420818.0
10055,422871.0
10056,424650.0
10057,422836.0
10058,418909.0
10059,419171.0
10060,422854.0
10061,424438.0
10062,424276.0
10063,422083.0
10064,421265.0
10065,422414.0
10066,424029.0
10067,424366.0
10068,420756.0
10069,419859.0
10070,423061.0
10071,424701.0
10072,424209.0
10073,420198.0
10074,419403.0
10075,422777.0
10076,423385.0
10077,423111.0
10078,421334.0
10079,419948.0
10080,422221.0
10081,422178.0
10082,421929.0
10083,422311.0
10084,421319.0
10085,422823.0
10086,424562.0
10087,424411.0
10088,422358.0
10089,421420.0
10090,422545.0
10091,422946.0
10092,422493.0
10093,421735.0
10094,420948.0
10095,422261.0
10096,423831.0
10097,423796.0
10098,421874.0
10099,421349.0
10100,421836.0
10101,423232.0
10102,424156.0
10103,421609.0
10104,420930.0
10105,422508.0
10106,422788.0
10107,422477.0
10108,421732.0
10109,421124.0
10110,423058.0
10111,424631.0
10112,424333.0
10113,422384.0
10114,421708.0
10115,422560.0
10116,424232.0
10117,424139.0
10118,422218.0
10119,421294.0
10120,422590.0
10121,424263.0
10122,424298.0
10123,422273.0
10124,420265.0
10125,421612.0
10126,423935.0
10127,423889.0
10128,422005.0
10129,421032.0
10130,422127.0
10131,423747.0
10132,424113.0
10133,422088.0
10134,420755.0
10135,422445.0
10136,424234.0
10137,423919.0
10138,422022.0
10139,421379.0
10140,422594.0
10141,424300.0
10142,424096.0
10143,420603.0
10144,419945.0
10145,423008.0
10146,424481.0
10147,424106.0
10148,422263.0
10149,421468.0
10150,422553.0
10151,424096.0
10152,424338.0
10153,422071.0
10154,420410.0
10155,422195.0
10156,424157.0
10157,422027.0
10158,420083.0
10159,421402.0
10160,422734.0
10161,424308.0
10162,423866.0
10163,421961.0
10164,420726.0
10165,420365.0
10166,422380.0
10167,423916.0
10168,421798.0
10169,421056.0
10170,422418.0
10171,424314.0
10172,424121.0
10173,422074.0
10174,421364.0
10175,422782.0
10176,424209.0
10177,423923.0
10178,422182.0
10179,421649.0
10180,422833.0
10181,423903.0
10182,423656.0
10183,422352.0
10184,421631.0
10185,422908.0
10186,424158.0
10187,423831.0
10188,422344.0
10189,421439.0
10190,422730.0
10191,424342.0
10192,423952.0
10193,421909.0
10194,420834.0
10195,422609.0
10196,424549.0
10197,423912.0
10198,421983.0
10199,420207.0
10200,420986.0
10201,422226.0
10202,420679.0
10203,420454.0
10204,421434.0
10205,422759.0
10206,422454.0
10207,422164.0
10208,422039.0
10209,421547.0
10210,420876.0
10211,422045.0
10212,411786.0
10213,405774.0
10214,419091.0
10215,421336.0
10216,424911.0
10217,424368.0
10218,422524.0
10219,421511.0
10220,422906.0
10221,424357.0
10222,422028.0
10223,420209.0
10224,421890.0
10225,422782.0
10226,424301.0
10227,422511.0
10228,420313.0
10229,420945.0
10230,422176.0
10231,424061.0
10232,423780.0
10233,421679.0
10234,420963.0
10235,420609.0
10236,421971.0
10237,422944.0
10238,420668.0
10239,420821.0
10240,422343.0
10241,424136.0
10242,423813.0
10243,421638.0
10244,421068.0
10245,421061.0
10246,422455.0
10247,423794.0
10248,422148.0
10249,421173.0
10250,422385.0
10251,424042.0
10252,423413.0
10253,421415.0
10254,420498.0
10255,420023.0
10256,421902.0
10257,423742.0
10258,421809.0
10259,421229.0
10260,423041.0
10261,425160.0
10262,424133.0
10263,421745.0
10264,420987.0
10265,422610.0
10266,424206.0
10267,423894.0
10268,422003.0
10269,421257.0
10270,422366.0
10271,424026.0
10272,424058.0
10273,417653.0
10274,416211.0
10275,422518.0
10276,424189.0
10277,423735.0
10278,421843.0
10279,420980.0
10280,421275.0
10281,421305.0
10282,422129.0
10283,421533.0
10284,420785.0
10285,422201.0
10286,423910.0
10287,423381.0
10288,421068.0
10289,419788.0
10290,420769.0
10291,421636.0
10292,421050.0
10293,419414.0
10294,418290.0
10295,419234.0
10296,420331.0
10297,419777.0
10298,417478.0
10299,415123.0
10300,416991.0
10301,418792.0
10302,417868.0
10303,417424.0
10304,416529.0
10305,417604.0
10306,419797.0
10307,420135.0
10308,418348.0
10309,417706.0
10310,418957.0
10311,420700.0
10312,420558.0
10313,418818.0
10314,417594.0
10315,417806.0
10316,420437.0
10317,421696.0
10318,419966.0
10319,419264.0
10320,420768.0
10321,422305.0
10322,421828.0
10323,419406.0
10324,419026.0
10325,420754.0
10326,422588.0
10327,422468.0
10328,420481.0
10329,419545.0
10330,420823.0
10331,422544.0
10332,422496.0
10333,420983.0
10334,419843.0
10335,421068.0
10336,423076.0
10337,423829.0
10338,421980.0
10339,420441.0
10340,420027.0
10341,421951.0
10342,423650.0
10343,421669.0
10344,421158.0
10345,422464.0
10346,424150.0
10347,423729.0
10348,421550.0
10349,420929.0
10350,422209.0
10351,423308.0
10352,423261.0
10353,420221.0
10354,418818.0
10355,421974.0
10356,423818.0
10357,423660.0
10358,421827.0
10359,420684.0
10360,421989.0
10361,424031.0
10362,423703.0
10363,421168.0
10364,420326.0
10365,422424.0
10366,423991.0
10367,423627.0
10368,421938.0
10369,421150.0
10370,422574.0
10371,424067.0
10372,423611.0
10373,421953.0
10374,419139.0
10375,420231.0
10376,424574.0
10377,424322.0
10378,422380.0
10379,421809.0
10380,423004.0
10381,424034.0
10382,423327.0
10383,421126.0
10384,420528.0
10385,422338.0
10386,424215.0
10387,424102.0
10388,422127.0
10389,421511.0
10390,422674.0
10391,423619.0
10392,423345.0
10393,421814.0
10394,421351.0
10395,419278.0
10396,420560.0
10397,424530.0
10398,422171.0
10399,421536.0
10400,422706.0
10401,422503.0
10402,421959.0
10403,421704.0
10404,421034.0
10405,422340.0
10406,422582.0
10407,422342.0
10408,421756.0
10409,420802.0
10410,422739.0
10411,424351.0
10412,423642.0
10413,421941.0
10414,419472.0
10415,420508.0
10416,424322.0
10417,424159.0
10418,422326.0
10419,421406.0
10420,422453.0
10421,424184.0
10422,424083.0
10423,422023.0
10424,421502.0
10425,421579.0
10426,422789.0
10427,422569.0
10428,420204.0
10429,421192.0
10430,422807.0
10431,424389.0
10432,423592.0
10433,420874.0
10434,420816.0
10435,423080.0
10436,424534.0
10437,424113.0
10438,422486.0
10439,421638.0
10440,421608.0
10441,423675.0
10442,424671.0
10443,422130.0
10444,420890.0
10445,421803.0
10446,423935.0
10447,423926.0
10448,421969.0
10449,421318.0
10450,422611.0
10451,423899.0
10452,423167.0
10453,420248.0
10454,419701.0
10455,422686.0
10456,419909.0
10457,419298.0
10458,422597.0
10459,421631.0
10460,423016.0
10461,424483.0
10462,424069.0
10463,420093.0
10464,419197.0
10465,422755.0
10466,424553.0
10467,424250.0
10468,411921.0
10469,408911.0
10470,423137.0
10471,424869.0
10472,424064.0
10473,422210.0
10474,421103.0
10475,422412.0
10476,424158.0
10477,423692.0
10478,419735.0
10479,419068.0
10480,422963.0
10481,424305.0
10482,423917.0
10483,422263.0
10484,421554.0
10485,422802.0
10486,424177.0
10487,423683.0
10488,421979.0
10489,421378.0
10490,422732.0
10491,424430.0
10492,424191.0
10493,421758.0
10494,421005.0
10495,422664.0
10496,424750.0
10497,424718.0
10498,422213.0
10499,419470.0
10500,420529.0
10501,424306.0
10502,423684.0
10503,420868.0
10504,420583.0
10505,422876.0
10506,422643.0
10507,422479.0
10508,422861.0
10509,421768.0
10510,422821.0
10511,423878.0
10512,423678.0
10513,422262.0
10514,419659.0
10515,420976.0
10516,424606.0
10517,424091.0
10518,422254.0
10519,420454.0
10520,421646.0
10521,424690.0
10522,424293.0
10523,422367.0
10524,421685.0
10525,422880.0
10526,424589.0
10527,422661.0
10528,420251.0
10529,421744.0
10530,423279.0
10531,423983.0
10532,423624.0
10533,421139.0
10534,420062.0
10535,421356.0
10536,422134.0
10537,420794.0
10538,418489.0
10539,417635.0
10540,418111.0
10541,419333.0
10542,418626.0
10543,416484.0
10544,415321.0
10545,414733.0
10546,416060.0
10547,417586.0
10548,415722.0
10549,414991.0
10550,416218.0
10551,417459.0
10552,417035.0
10553,414964.0
10554,414411.0
10555,414371.0
10556,416290.0
10557,418299.0
10558,416893.0
10559,416078.0
10560,417199.0
10561,418704.0
10562,418740.0
10563,416854.0
10564,415868.0
10565,416890.0
10566,418537.0
10567,418473.0
10568,416647.0
10569,416259.0
10570,417079.0
10571,418509.0
10572,418923.0
10573,415921.0
10574,415148.0
10575,417789.0
10576,419414.0
10577,419110.0
10578,413991.0
10579,413375.0
10580,418254.0
10581,419655.0
10582,419711.0
10583,418054.0
10584,417183.0
10585,418554.0
10586,419891.0
10587,419596.0
10588,418024.0
10589,417319.0
10590,410626.0
10591,409008.0
10592,419051.0
10593,419404.0
10594,418533.0
10595,419884.0
10596,421719.0
10597,420301.0
10598,418677.0
10599,419951.0
10600,420993.0
10601,420539.0
10602,420437.0
10603,419898.0
10604,418566.0
10605,420238.0
10606,422276.0
10607,422647.0
10608,420061.0
10609,419346.0
10610,421303.0
10611,422688.0
10612,422589.0
10613,420571.0
10614,419871.0
10615,421308.0
10616,422816.0
10617,422721.0
10618,421063.0
10619,418718.0
10620,419750.0
10621,423588.0
10622,423404.0
10623,421577.0
10624,421027.0
10625,422494.0
10626,423876.0
10627,423358.0
10628,421704.0
10629,421338.0
10630,422509.0
10631,423806.0
10632,423445.0
10633,421253.0
10634,421093.0
10635,422366.0
10636,423786.0
10637,423428.0
10638,421488.0
10639,420743.0
10640,420649.0
10641,422456.0
10642,424095.0
10643,421971.0
10644,421106.0
10645,421236.0
10646,422616.0
10647,423588.0
10648,421520.0
10649,420696.0
10650,422346.0
10651,415681.0
10652,414244.0
10653,422858.0
10654,421107.0
10655,422114.0
10656,423943.0
10657,423773.0
10658,422118.0
10659,420195.0
10660,421589.0
10661,424636.0
10662,424223.0
10663,407565.0
10664,403188.0
10665,421477.0
10666,422915.0
10667,424605.0
10668,422672.0
10669,422078.0
10670,423134.0
10671,424568.0
10672,424177.0
10673,422723.0
10674,421919.0
10675,422878.0
10676,424319.0
10677,424031.0
10678,420349.0
10679,419474.0
10680,422873.0
10681,424318.0
10682,423878.0
10683,421449.0
10684,420836.0
10685,422533.0
10686,423663.0
10687,423310.0
10688,422268.0
10689,421372.0
10690,422504.0
10691,422348.0
10692,421829.0
10693,422253.0
10694,421444.0
10695,422592.0
10696,424360.0
10697,423929.0
10698,421957.0
10699,421286.0
10700,422382.0
10701,423821.0
10702,423616.0
10703,420087.0
10704,419243.0
10705,422659.0
10706,424286.0
10707,424207.0
10708,422842.0
10709,422131.0
10710,422621.0
10711,422777.0
10712,422029.0
10713,421649.0
10714,421321.0
10715,422681.0
10716,424151.0
10717,423740.0
10718,421298.0
10719,420668.0
10720,421979.0
10721,423689.0
10722,423354.0
10723,421256.0
10724,417693.0
10725,418449.0
10726,421356.0
10727,420845.0
10728,421379.0
10729,420870.0
10730,421824.0
10731,423191.0
10732,423011.0
10733,420923.0
10734,419051.0
10735,420050.0
10736,422802.0
10737,422011.0
10738,419747.0
10739,418834.0
10740,419651.0
10741,420896.0
10742,419024.0
10743,416566.0
10744,417068.0
10745,418500.0
10746,420016.0
10747,419568.0
10748,417636.0
10749,416758.0
10750,418013.0
10751,417967.0
10752,417446.0
10753,417303.0
10754,416906.0
10755,418492.0
10756,420516.0
10757,420543.0
10758,418631.0
10759,418176.0
10760,419558.0
10761,421023.0
10762,420696.0
10763,419346.0
10764,418878.0
10765,420019.0
10766,419946.0
10767,419832.0
10768,420154.0
10769,417393.0
10770,418855.0
10771,423234.0
10772,423019.0
10773,420856.0
10774,420011.0
10775,421718.0
10776,423189.0
10777,422831.0
10778,421146.0
10779,419111.0
10780,420366.0
10781,423230.0
10782,422754.0
10783,420893.0
10784,420196.0
10785,421539.0
10786,423489.0
10787,423444.0
10788,421100.0
10789,418991.0
10790,420127.0
10791,423841.0
10792,423664.0
10793,421754.0
10794,421050.0
10795,422385.0
10796,423921.0
10797,421759.0
10798,419764.0
10799,421353.0
10800,422975.0
10801,423037.0
10802,422448.0
10803,421844.0
10804,420944.0
10805,422663.0
10806,424333.0
10807,424143.0
10808,422148.0
10809,421345.0
10810,422308.0
10811,422231.0
10812,422009.0
10813,421728.0
10814,420936.0
10815,422400.0
10816,424568.0
10817,424321.0
10818,421720.0
10819,418930.0
10820,420253.0
10821,424104.0
10822,423397.0
10823,419927.0
10824,418186.0
10825,421398.0
10826,424909.0
10827,424315.0
10828,422500.0
10829,421704.0
10830,422875.0
10831,424214.0
10832,422471.0
10833,420518.0
10834,419434.0
10835,420443.0
10836,424442.0
10837,424146.0
10838,422031.0
10839,421371.0
10840,422658.0
10841,424234.0
10842,422102.0
10843,419857.0
10844,421275.0
10845,422306.0
10846,419964.0
10847,419182.0
10848,422123.0
10849,421417.0
10850,422252.0
10851,422265.0
10852,422119.0
10853,421430.0
10854,421017.0
10855,422467.0
10856,422378.0
10857,422087.0
10858,422389.0
10859,421366.0
10860,422179.0
10861,423904.0
10862,423628.0
10863,422174.0
10864,421114.0
10865,422558.0
10866,424052.0
10867,423553.0
10868,422044.0
10869,419984.0
10870,421142.0
10871,422789.0
10872,422331.0
10873,422466.0
10874,421788.0
10875,422748.0
10876,424283.0
10877,422282.0
10878,419966.0
10879,421287.0
10880,422815.0
10881,424389.0
10882,424374.0
10883,422049.0
10884,421139.0
10885,422870.0
10886,424651.0
10887,424541.0
10888,421969.0
10889,419648.0
10890,420993.0
10891,424260.0
10892,423919.0
10893,422280.0
10894,421549.0
10895,422641.0
10896,424276.0
10897,423711.0
10898,421858.0
10899,421611.0
10900,422456.0
10901,423568.0
10902,423528.0
10903,421631.0
10904,420831.0
10905,422646.0
10906,422518.0
10907,416776.0
10908,415910.0
10909,421660.0
10910,422833.0
10911,424873.0
10912,424756.0
10913,422402.0
10914,419521.0
10915,420553.0
10916,424398.0
10917,424088.0
10918,421784.0
10919,410943.0
10920,410786.0
10921,424794.0
10922,424888.0
10923,422493.0
10924,420990.0
10925,422166.0
10926,424228.0
10927,424113.0
10928,421621.0
10929,420961.0
10930,422811.0
10931,424318.0
10932,423680.0
10933,421519.0
10934,421111.0
10935,422396.0
10936,424357.0
10937,422393.0
10938,420266.0
10939,421359.0
10940,422491.0
10941,424239.0
10942,424343.0
10943,422337.0
10944,421055.0
10945,422299.0
10946,424327.0
10947,424516.0
10948,422474.0
10949,421371.0
10950,421053.0
10951,422364.0
10952,423832.0
10953,421619.0
10954,420554.0
10955,420521.0
10956,422211.0
10957,424309.0
10958,422275.0
10959,421469.0
10960,420969.0
10961,421863.0
10962,423766.0
10963,421998.0
10964,421269.0
10965,422234.0
10966,423864.0
10967,423756.0
10968,421777.0
10969,420878.0
10970,421559.0
10971,421824.0
10972,422523.0
10973,422244.0
10974,421301.0
10975,422476.0
10976,424232.0
10977,423871.0
10978,421927.0
10979,421436.0
10980,422599.0
10981,424011.0
10982,423628.0
10983,421583.0
10984,420864.0
10985,422703.0
10986,424368.0
10987,424091.0
10988,420748.0
10989,419739.0
10990,422200.0
10991,423918.0
10992,423832.0
10993,422234.0
10994,421374.0
10995,422007.0
10996,423653.0
10997,423452.0
10998,421393.0
10999,420616.0
11000,421784.0
11001,421529.0
11002,421379.0
11003,420755.0
11004,418826.0
11005,419828.0
11006,421131.0
11007,420646.0
11008,418401.0
11009,417345.0
11010,418318.0
11011,419726.0
11012,419363.0
11013,416920.0
11014,415288.0
11015,416202.0
11016,417746.0
11017,417334.0
11018,415174.0
11019,414288.0
11020,415319.0
11021,416862.0
11022,417204.0
11023,414979.0
11024,413804.0
11025,413776.0
11026,414674.0
11027,416333.0
11028,414571.0
11029,413064.0
11030,414680.0
11031,416649.0
11032,416479.0
11033,414724.0
11034,413872.0
11035,413806.0
11036,415323.0
11037,417008.0
11038,415086.0
11039,414035.0
11040,415658.0
11041,417513.0
11042,416814.0
11043,414975.0
11044,414121.0
11045,415791.0
11046,417730.0
11047,417378.0
11048,415818.0
11049,415300.0
11050,416367.0
11051,417555.0
11052,416964.0
11053,415258.0
11054,414634.0
11055,415947.0
11056,417784.0
11057,417859.0
11058,416241.0
11059,416134.0
11060,417608.0
11061,417523.0
11062,417319.0
11063,417260.0
11064,416423.0
11065,417546.0
11066,419027.0
11067,419248.0
11068,417708.0
11069,417030.0
11070,418462.0
11071,418153.0
11072,417749.0
11073,418191.0
11074,417000.0
11075,418279.0
11076,420713.0
11077,420704.0
11078,417986.0
11079,417041.0
11080,419066.0
11081,421234.0
11082,421058.0
11083,419233.0
11084,418871.0
11085,420317.0
11086,422003.0
11087,422099.0
11088,419961.0
11089,419368.0
11090,420237.0
11091,421969.0
11092,422274.0
11093,420273.0
11094,419803.0
11095,421149.0
11096,422833.0
11097,421982.0
11098,420104.0
11099,420153.0
11100,421545.0
11101,423618.0
11102,414276.0
11103,407954.0
11104,418289.0
11105,422199.0
11106,423864.0
11107,423754.0
11108,421954.0
11109,420897.0
11110,421947.0
11111,423491.0
11112,423241.0
11113,421603.0
11114,406183.0
11115,403506.0
11116,423321.0
11117,422949.0
11118,422234.0
11119,421404.0
11120,422623.0
11121,424156.0
11122,423988.0
11123,422044.0
11124,420820.0
11125,422055.0
11126,424328.0
11127,424595.0
11128,422633.0
11129,419316.0
11130,420591.0
11131,424033.0
11132,423601.0
11133,421568.0
11134,420926.0
11135,422509.0
11136,424275.0
11137,423964.0
11138,421725.0
11139,419284.0
11140,420694.0
11141,424446.0
11142,424254.0
11143,422077.0
11144,421448.0
11145,422531.0
11146,424129.0
11147,423019.0
11148,420979.0
11149,421388.0
11150,422344.0
11151,422923.0
11152,422773.0
11153,421557.0
11154,420797.0
11155,422286.0
11156,423859.0
11157,423818.0
11158,421762.0
11159,419764.0
11160,421174.0
11161,424189.0
11162,423689.0
11163,420668.0
11164,420036.0
11165,422654.0
11166,424269.0
11167,424734.0
11168,422836.0
11169,421419.0
11170,422851.0
11171,424393.0
11172,424499.0
11173,422599.0
11174,421470.0
11175,417066.0
11176,417781.0
11177,424506.0
11178,422483.0
11179,421551.0
11180,423156.0
11181,424819.0
11182,423934.0
11183,422223.0
11184,421477.0
11185,422446.0
11186,423906.0
11187,423825.0
11188,421799.0
11189,420895.0
11190,422693.0
11191,424247.0
11192,424213.0
11193,420068.0
11194,418546.0
11195,421935.0
11196,424214.0
11197,424006.0
11198,421973.0
11199,421176.0
11200,422241.0
11201,423415.0
11202,423100.0
11203,421306.0
11204,420546.0
11205,421724.0
11206,423601.0
11207,423695.0
11208,421701.0
11209,420964.0
11210,422238.0
11211,423660.0
11212,423290.0
11213,421409.0
11214,420951.0
11215,422311.0
11216,423473.0
11217,423116.0
11218,421687.0
11219,419002.0
11220,419986.0
11221,423661.0
11222,423391.0
11223,421223.0
11224,420002.0
11225,420853.0
11226,421944.0
11227,421138.0
11228,418803.0
11229,415885.0
11230,416686.0
11231,420010.0
11232,419353.0
11233,417291.0
11234,416183.0
11235,417379.0
11236,419183.0
11237,418518.0
11238,416648.0
11239,415713.0
11240,417296.0
11241,419716.0
11242,417644.0
11243,416058.0
11244,417690.0
11245,419036.0
11246,420816.0
11247,420909.0
11248,419490.0
11249,418747.0
11250,420051.0
11251,420425.0
11252,420042.0
11253,419831.0
11254,418981.0
11255,420627.0
11256,422832.0
11257,422790.0
11258,420817.0
11259,420093.0
11260,421306.0
11261,422994.0
11262,422792.0
11263,421421.0
11264,420663.0
11265,421584.0
11266,423273.0
11267,423008.0
11268,421145.0
11269,420681.0
11270,422091.0
11271,423783.0
11272,423749.0
11273,421404.0
11274,420946.0
11275,422862.0
11276,424208.0
11277,424008.0
11278,421899.0
11279,421298.0
11280,421556.0
11281,422992.0
11282,422344.0
11283,420181.0
11284,421534.0
11285,422917.0
11286,424421.0
11287,424220.0
11288,421978.0
11289,421066.0
11290,422255.0
11291,423784.0
11292,423788.0
11293,421558.0
11294,420618.0
11295,422363.0
11296,423026.0
11297,417471.0
11298,416260.0
11299,421591.0
11300,422459.0
11301,423945.0
11302,423458.0
11303,419951.0
11304,418746.0
11305,422145.0
11306,424129.0
11307,424042.0
11308,422258.0
11309,421699.0
11310,422555.0
11311,423823.0
11312,424088.0
11313,422501.0
11314,421416.0
11315,422584.0
11316,423186.0
11317,422702.0
11318,421878.0
11319,421189.0
11320,422508.0
11321,424029.0
11322,423716.0
11323,421556.0
11324,421164.0
11325,422516.0
11326,424040.0
11327,423744.0
11328,421689.0
11329,420042.0
11330,421013.0
11331,423971.0
11332,423998.0
11333,422108.0
11334,420804.0
11335,422228.0
11336,424220.0
11337,423860.0
11338,421883.0
11339,420624.0
11340,421822.0
11341,424284.0
11342,424107.0
11343,422204.0
11344,421529.0
11345,422692.0
11346,424074.0
11347,423963.0
11348,421723.0
11349,420707.0
11350,422160.0
11351,422277.0
11352,421859.0
11353,421318.0
11354,420703.0
11355,422199.0
11356,422193.0
11357,422178.0
11358,415933.0
11359,413894.0
11360,422334.0
11361,424113.0
11362,423869.0
11363,422253.0
11364,421188.0
11365,421651.0
11366,421659.0
11367,421443.0
11368,421591.0
11369,420638.0
11370,413562.0
11371,413048.0
11372,422804.0
11373,420883.0
11374,419091.0
11375,419749.0
11376,421849.0
11377,421324.0
11378,418483.0
11379,417214.0
11380,418022.0
11381,419281.0
11382,418963.0
11383,417119.0
11384,416163.0
11385,417591.0
11386,417698.0
11387,417153.0
11388,416533.0
11389,415873.0
11390,417707.0
11391,419341.0
11392,419258.0
11393,417349.0
11394,416843.0
11395,418298.0
11396,420449.0
11397,420579.0
11398,419001.0
11399,418650.0
11400,419840.0
11401,419719.0
11402,419415.0
11403,419782.0
11404,418848.0
11405,420234.0
11406,420294.0
11407,420014.0
11408,420933.0
11409,420485.0
11410,421411.0
11411,422757.0
11412,422626.0
11413,420740.0
11414,420039.0
11415,421178.0
11416,421569.0
11417,420924.0
11418,420412.0
11419,420103.0
11420,421229.0
11421,420896.0
11422,420988.0
11423,421723.0
11424,420926.0
11425,421249.0
11426,422588.0
11427,423721.0
11428,421618.0
11429,420991.0
11430,422589.0
11431,423308.0
11432,422876.0
11433,421774.0
11434,421384.0
11435,422422.0
11436,424064.0
11437,424006.0
11438,421753.0
11439,419158.0
11440,420516.0
11441,424180.0
11442,423864.0
11443,421943.0
11444,419083.0
11445,420236.0
11446,424409.0
11447,423944.0
11448,421904.0
11449,420999.0
11450,422303.0
11451,422442.0
11452,422166.0
11453,421899.0
11454,421189.0
11455,422502.0
11456,423545.0
11457,423544.0
11458,420344.0
11459,419181.0
11460,422544.0
11461,424103.0
11462,424186.0
11463,422767.0
11464,422035.0
11465,423031.0
11466,424638.0
11467,424361.0
11468,422284.0
11469,421527.0
11470,422992.0
11471,424455.0
11472,424142.0
11473,422582.0
11474,421879.0
11475,423012.0
11476,421139.0
11477,420680.0
11478,423030.0
11479,421889.0
11480,422584.0
11481,424216.0
11482,424452.0
11483,422437.0
11484,420373.0
11485,421354.0
11486,424991.0
11487,424747.0
11488,422208.0
11489,421458.0
11490,422854.0
11491,424491.0
11492,412757.0
11493,408428.0
11494,420576.0
11495,421575.0
11496,425043.0
11497,424844.0
11498,422914.0
11499,421884.0
11500,423025.0
11501,422629.0
11502,422219.0
11503,422045.0
11504,421235.0
11505,423026.0
11506,424379.0
11507,424213.0
11508,422334.0
11509,421111.0
11510,422493.0
11511,424176.0
11512,423755.0
11513,422178.0
11514,421309.0
11515,422601.0
11516,422984.0
11517,422519.0
11518,422815.0
11519,422071.0
11520,422695.0
11521,422929.0
11522,422846.0
11523,422675.0
11524,422064.0
11525,423312.0
11526,424982.0
11527,424879.0
11528,422784.0
11529,421544.0
11530,423131.0
11531,425869.0
11532,425771.0
11533,423386.0
11534,422271.0
11535,423500.0
11536,425348.0
11537,425113.0
11538,421780.0
11539,421342.0
11540,424109.0
11541,425335.0
11542,425314.0
11543,423643.0
11544,422868.0
11545,423791.0
11546,425313.0
11547,423599.0
11548,421500.0
11549,422508.0
