EEG_CH1_RAW	EEG_CH1_BP_0p5_20
-22143	5.3743496
-49457	20.182785
-63983	44.2205
-47569	70.03015
-20338	89.785446
-21954	103.60916
-49173	115.72219
-63807	126.2131
-47658	130.59865
-21391	126.400986
-23743	120.18118
-50650	122.17935
-64770	136.83647
-48161	161.01292
-22801	190.12823
-25962	224.80502
-51595	266.2336
-65622	309.58487
-48803	343.9299
-24152	361.06873
-28002	363.39697
-51799	359.07236
-65265	355.4205
-48328	355.64343
-21316	363.5866
-23977	389.14105
-51377	441.23312
-64807	517.8329
-47896	605.7234
-20867	688.2815
-23840	756.0067
-51281	804.71515
-64480	829.93915
-47529	828.7631
-38578	810.66583
-17471	786.8546
-32819	781.24615
-58205	814.4857
-59182	893.79315
-38595	1013.6215
-18499	1159.6122
-33187	1316.8485
-58271	1465.1086
-59081	1579.0736
-38419	1638.5471
-17567	1637.992
-32954	1595.4509
-58189	1540.8477
-58901	1504.9781
-38252	1515.5309
-17578	1593.1335
-33042	1751.1652
-58199	1982.2677
-58739	2253.9795
-38069	2518.9045
-17584	2729.3167
-33114	2855.455
-58166	2885.7605
-58595	2827.3286
-37947	2709.8743
-17595	2583.7058
-33265	2514.3784
-58243	2557.7808
-58442	2740.437
-37731	3053.9773
-17407	3457.5725
-33352	3891.346
-58319	4280.6523
-58351	4549.849
-37603	4645.9795
-17430	4558.2295
-33482	4330.693
-58414	4046.9429
-58299	3808.2695
-37507	3713.6023
-17381	3837.2927
-33589	4213.1694
-58506	4811.8267
-58277	5537.1055
-37372	6247.569
-17382	6791.1304
-33712	7048.4053
-58581	6957.446
-58221	6532.8184
-37247	5876.5625
-17329	5168.1943
-33844	4636.3696
-58734	4499.0386
-58188	4903.5913
-37096	5883.495
-17281	7333.4404
-33935	9012.987
-58853	10563.132
-58139	11554.793
-36859	11565.323
-17325	10260.676
-34167	7469.6157
-59041	3217.838
-58143	-2266.186
-36774	-8572.407
-17269	-15163.266
-34252	-21449.152
-59109	-26888.957
-58054	-31077.5
-36596	-33800.15
-17236	-35053.582
-34324	-35027.375
-59259	-34068.062
-58036	-32613.79
-36471	-31108.795
-17320	-29923.023
-34590	-29289.299
-59398	-29285.822
-57932	-29845.469
-36309	-30784.176
-17224	-31849.236
-34651	-32774.004
-59415	-33344.3
-57801	-33443.613
-36172	-33065.69
-17238	-32302.566
-34772	-31310.22
-59524	-30277.82
-57776	-29388.658
-36044	-28777.795
-17346	-28504.021
-34976	-28538.63
-59542	-28788.27
-57642	-29126.238
-35907	-29420.486
-17364	-29560.416
-35106	-29474.209
-59585	-29150.107
-57502	-28638.115
-35826	-28030.041
-17468	-27431.82
-35267	-26932.754
-59599	-26595.088
-57358	-26446.508
-35686	-26473.326
-17402	-26623.842
-35346	-26817.625
-59546	-26974.605
-57217	-27037.191
-35574	-26977.705
-17497	-26798.404
-35469	-26522.477
-59606	-26194.922
-57124	-25874.246
-35446	-25614.238
-17450	-25448.7
-35584	-25380.059
-59636	-25390.105
-56997	-25450.328
-35209	-25526.076
-17321	-25581.78
-35637	-25583.816
-59706	-25516.277
-56977	-25386.951
-35072	-25219.709
-17253	-25043.87
-35773	-24881.352
-59816	-24750.662
-56824	-24666.98
-34852	-24635.527
-17233	-24648.008
-35889	-24680.518
-59926	-24709.008
-56874	-24718.947
-34800	-24704.127
-17142	-24663.848
-35947	-24596.977
-60073	-24510.52
-56853	-24421.186
-34589	-24346.916
-17084	-24299.127
-35999	-24275.36
-60227	-24269.555
-56784	-24278.041
-34269	-24296.266
-16895	-24316.488
-36036	-24324.547
-60317	-24311.947
-56717	-24281.494
-34012	-24241.717
-16721	-24200.895
-36089	-24159.936
-60533	-24121.525
-56746	-24093.518
-33841	-24082.879
-16689	-24090.533
-36226	-24106.49
-60697	-24121.514
-56751	-24133.184
-33622	-24141.754
-16601	-24146.146
-36321	-24139.127
-60916	-24118.125
-56774	-24089.672
-33464	-24063.246
-16644	-24045.059
-36436	-24034.848
-61079	-24028.94
-56750	-24027.549
-33282	-24031.555
-16552	-24043.385
-36589	-24061.207
-61281	-24080.275
-56802	-24095.758
-33214	-24105.309
-16725	-24110.525
-36789	-24111.12
-61347	-24105.854
-56684	-24094.795
-32981	-24080.578
-16638	-24069.098
-36913	-24062.414
-61466	-24059.635
-56669	-24059.816
-32891	-24062.867
-16761	-24071.04
-37082	-24082.64
-61557	-24093.303
-56577	-24100.707
-32754	-24104.363
-16887	-24107.172
-37264	-24109.762
-61691	-24110.836
-56546	-24109.463
-32634	-24106.95
-16876	-24106.89
-37365	-24109.62
-61701	-24112.66
-56517	-24113.303
-32535	-24111.125
-16898	-24110.586
-37501	-24104.86
-61798	-24096.617
-56417	-24088.594
-32438	-24080.867
-16939	-24074.035
-37659	-24065.768
-61897	-24059.19
-56421	-24056.906
-32085	-24057.967
-16406	-24060.951
-37527	-24061.01
-61988	-24059.357
-56297	-24057.127
-31982	-24052.818
-16824	-24045.734
-37772	-24032.879
-62097	-24017.848
-56260	-24004.268
-31845	-23992.697
-16769	-23983.648
-37934	-23974.23
-62230	-23967.15
-56246	-23964.307
-31809	-23964.285
-16982	-23965.676
-38155	-23964.209
-62183	-23962.158
-56002	-23961.68
-31747	-23962.285
-17301	-23963.807
-38426	-23963.354
-62324	-23963.871
-55994	-23967.55
-31503	-23973.178
-16987	-23979.178
-38501	-23980.832
-62373	-23979.527
-55880	-23976.373
-31322	-23969.934
-16996	-23959.445
-38592	-23941.922
-62466	-23921.19
-55871	-23900.994
-31191	-23882.219
-16952	-23865.818
-38701	-23849.54
-62561	-23836.814
-55749	-23830.07
-30951	-23828.225
-16906	-23829.922
-38811	-23830.77
-62619	-23832.615
-55683	-23836.904
-30801	-23842.38
-17010	-23848.072
-38943	-23850.488
-62721	-23852.408
-55653	-23856.166
-30683	-23860.977
-17016	-23866.06
-39080	-23868.0
-62768	-23869.39
-55546	-23872.46
-30506	-23876.678
-17077	-23881.648
-39261	-23884.574
-62810	-23888.799
-55439	-23896.965
-30406	-23908.494
-17252	-23922.379
-39385	-23934.602
-62871	-23946.783
-55328	-23959.758
-30263	-23971.254
-17339	-23979.299
-39554	-23980.09
-62807	-23976.504
-55211	-23971.576
-30217	-23966.121
-17416	-23961.398
-39711	-23956.299
-62829	-23955.365
-55120	-23961.738
-30158	-23974.549
-17591	-23991.928
-39849	-24008.799
-62773	-24025.416
-54943	-24041.326
-30067	-24053.512
-17725	-24059.842
-40002	-24057.219
-62727	-24049.615
-54835	-24041.287
-30007	-24034.13
-17779	-24030.012
-40107	-24027.947
-62619	-24031.764
-54623	-24042.979
-29899	-24058.795
-17939	-24075.326
-40242	-24085.959
-62535	-24090.121
-54484	-24087.234
-29833	-24075.244
-18006	-24053.959
-40377	-24022.633
-62467	-23987.848
-54339	-23955.916
-29737	-23930.229
-18074	-23913.416
-40531	-23904.414
-62524	-23906.365
-54221	-23919.688
-29618	-23940.582
-18161	-23964.523
-40671	-23984.857
-62466	-24001.605
-54096	-24014.98
-29417	-24023.898
-18091	-24028.73
-40711	-24028.713
-62470	-24029.451
-54017	-24035.186
-29322	-24046.502
-18158	-24062.7
-40835	-24079.629
-62491	-24098.0
-53902	-24116.69
-29124	-24131.75
-18162	-24139.896
-40962	-24136.955
-62593	-24126.027
-53833	-24110.578
-28931	-24092.266
-18041	-24073.363
-41082	-24053.936
-62658	-24039.373
-53743	-24032.738
-28714	-24032.992
-18054	-24037.771
-41212	-24041.951
-62789	-24045.959
-53652	-24049.367
-28558	-24049.57
-18090	-24045.072
-41277	-24033.578
-62842	-24019.69
-53646	-24007.441
-28137	-23998.143
-17597	-23992.703
-41180	-23989.27
-62968	-23990.904
-53552	-23998.633
-28012	-24009.766
-17944	-24021.23
-41416	-24028.318
-63097	-24032.537
-53463	-24035.064
-27864	-24035.059
-18031	-24032.299
-41619	-24025.56
-63181	-24019.488
-53521	-24017.383
-28514	-24018.988
-19706	-24023.338
-42296	-24027.729
-63336	-24034.209
-53474	-24043.346
-28012	-24052.664
-18622	-24059.916
-42181	-24061.896
-63248	-24061.557
-53301	-24061.145
-27800	-24060.31
-18561	-24058.889
-42262	-24055.42
-63234	-24053.797
-53183	-24056.299
-27654	-24061.83
-18614	-24068.896
-42440	-24074.338
-63237	-24080.475
-53070	-24088.227
-27606	-24095.643
-18831	-24100.896
-42531	-24101.34
-63117	-24099.994
-52907	-24098.79
-27506	-24096.875
-18970	-24093.488
-42684	-24086.865
-63079	-24080.57
-52773	-24076.729
-27450	-24074.312
-19016	-24072.117
-42787	-24067.691
-62997	-24063.79
-52579	-24061.719
-27312	-24059.783
-19114	-24056.48
-42871	-24049.53
-62877	-24042.334
-52437	-24037.154
-27229	-24033.451
-19190	-24030.775
-42964	-24027.617
-62780	-24027.488
-52293	-24031.838
-27126	-24038.693
-19219	-24045.545
-43125	-24048.623
-62756	-24049.662
-52184	-24048.893
-27071	-24044.186
-19396	-24034.354
-43247	-24018.213
-62712	-24000.684
-52021	-23985.424
-26881	-23973.234
-19387	-23964.486
-43353	-23958.012
-62679	-23956.975
-51971	-23961.736
-26777	-23969.037
-19356	-23975.225
-43427	-23976.04
-62632	-23973.16
-51766	-23967.514
-26549	-23958.285
-19392	-23945.73
-43486	-23929.996
-62629	-23916.63
-51671	-23909.096
-26394	-23907.201
-19433	-23909.531
-43647	-23912.85
-62641	-23918.29
-51541	-23924.838
-26231	-23928.844
-19512	-23927.297
-43787	-23917.623
-62707	-23903.559
-51501	-23888.021
-26198	-23871.588
-19675	-23854.672
-43904	-23836.66
-62701	-23821.135
-51426	-23808.928
-26146	-23797.438
-19804	-23783.846
-44042	-23765.566
-62721	-23746.277
-51301	-23729.457
-25978	-23717.44
-19829	-23713.783
-44110	-23721.951
-62606	-23749.836
-51181	-23801.453
-25804	-23875.34
-19867	-23966.479
-44315	-24066.342
-62576	-24168.912
-51068	-24265.012
-26026	-24343.0
-20357	-24393.252
-44450	-24409.377
-62411	-24394.08
-50924	-24352.438
-25866	-24290.494
-20297	-24216.666
-44545	-24139.99
-62276	-24073.477
-50803	-24025.652
-26107	-23998.814
-20823	-23991.607
-44679	-23999.266
-62062	-24019.395
-50639	-24046.385
-26179	-24072.258
-20981	-24090.527
-44769	-24096.994
-61966	-24094.629
-50523	-24086.445
-26147	-24074.287
-21232	-24060.559
-44983	-24047.309
-61858	-24040.146
-50377	-24040.895
-26156	-24047.232
-21303	-24055.602
-45049	-24061.918
-61716	-24066.768
-50215	-24069.152
-25977	-24066.568
-21312	-24057.691
-45137	-24042.299
-61599	-24025.533
-50087	-24010.453
-25824	-23997.473
-21266	-23986.36
-45220	-23976.168
-61498	-23970.014
-49966	-23968.121
-25789	-23968.152
-21386	-23967.576
-45349	-23964.352
-61482	-23961.445
-49865	-23959.951
-25712	-23958.826
-21473	-23957.035
-45472	-23953.562
-61455	-23951.918
-49772	-23952.91
-25536	-23954.82
-21539	-23955.531
-45566	-23953.043
-61414	-23950.111
-49672	-23947.17
-25509	-23942.68
-21676	-23935.102
-45682	-23923.312
-61494	-23910.934
-49729	-23899.236
-25546	-23887.38
-21802	-23874.307
-45918	-23859.207
-61543	-23845.912
-49534	-23835.783
-25341	-23827.875
-21873	-23820.857
-46017	-23813.56
-61481	-23809.162
-49411	-23808.19
-25131	-23808.865
-21879	-23809.06
-46068	-23807.215
-61493	-23806.574
-49329	-23808.133
-25081	-23811.107
-22004	-23814.557
-46172	-23818.154
-61418	-23825.742
-49159	-23838.246
-24967	-23853.732
-22111	-23869.338
-46252	-23882.22
-61356	-23893.611
-49068	-23902.293
-25019	-23905.291
-22381	-23900.232
-46419	-23886.586
-61282	-23869.29
-49014	-23851.48
-25112	-23834.674
-22699	-23820.148
-46543	-23809.691
-61217	-23808.145
-48833	-23816.438
-25038	-23831.96
-22806	-23850.777
-46634	-23869.256
-61084	-23887.701
-48711	-23904.105
-25026	-23915.326
-23012	-23919.186
-46743	-23915.814
-60921	-23910.064
-48587	-23905.246
-25974	-23902.172
-25486	-23901.047
-46842	-23903.154
-60684	-23911.857
-48425	-23926.85
-25410	-23944.945
-23816	-23962.338
-46966	-23976.52
-60549	-23989.156
-48329	-23999.793
-25321	-24006.738
-23750	-24008.996
-46941	-24007.248
-60385	-24006.262
-48219	-24007.572
-25350	-24010.299
-23930	-24012.854
-46982	-24014.21
-60112	-24016.559
-48068	-24018.742
-25376	-24017.814
-24074	-24011.01
-47009	-23997.482
-59852	-23980.773
-47874	-23962.055
-25304	-23941.266
-24084	-23918.543
-47080	-23895.402
-59586	-23876.92
-47657	-23864.387
-25803	-23856.76
-24871	-23852.344
-46982	-23850.361
-59035	-23853.092
-47431	-23859.22
-25273	-23865.854
-24307	-23870.064
-46978	-23870.588
-58786	-23870.32
-47234	-23869.096
-25101	-23865.7
-24284	-23859.047
-47029	-23849.773
-58681	-23842.316
-47072	-23837.611
-25126	-23835.123
-24549	-23833.912
-47081	-23834.39
-58619	-23840.258
-46847	-23851.453
-25537	-23866.008
-26036	-23881.336
-47059	-23896.758
-58451	-23914.268
-46755	-23932.215
-25051	-23947.523
-24812	-23956.969
-47302	-23959.188
-58600	-23956.91
-46778	-23949.896
-24727	-23937.47
-24617	-23919.346
-47377	-23897.56
-58841	-23877.904
-46838	-23862.766
-24255	-23852.834
-24258	-23847.5
-47456	-23846.61
-58921	-23852.398
-46715	-23862.578
-24382	-23873.03
-24698	-23879.033
-47632	-23878.26
-58950	-23873.006
-46718	-23863.63
-24378	-23851.014
-24891	-23836.87
-47867	-23825.422
-58988	-23824.133
-46635	-23835.854
-24327	-23860.209
-24993	-23893.8
-47856	-23932.56
-58939	-23973.725
-46552	-24010.145
-24425	-24033.928
-25443	-24038.475
-47935	-24022.377
-58851	-23991.178
-46408	-23950.812
-24369	-23909.125
-25391	-23874.988
-48067	-23858.969
-58767	-23872.455
-46352	-23919.188
-24263	-23996.676
-25484	-24096.494
-48141	-24207.676
-58643	-24319.477
-46174	-24417.06
-24613	-24486.387
-26364	-24516.648
-48066	-24505.018
-58467	-24457.338
-46046	-24381.594
-24957	-24288.492
-26424	-24190.188
-48344	-24100.258
-58516	-24032.379
-46068	-23992.344
-24376	-23979.98
-26034	-23989.35
-48357	-24012.92
-58338	-24044.24
-45917	-24073.4
-24280	-24091.59
-26169	-24092.24
-48422	-24074.902
-58197	-24045.66
-45789	-24009.87
-24216	-23973.508
-26201	-23941.488
-48384	-23919.312
-58022	-23912.908
-45667	-23921.781
-24131	-23942.037
-26257	-23966.559
-48432	-23989.473
-57936	-24007.826
-45565	-24016.084
-24002	-24009.846
-26269	-23985.783
-48454	-23944.896
-57819	-23892.928
-45451	-23833.305
-23885	-23769.805
-26353	-23705.232
-48462	-23644.592
-57677	-23595.213
-45299	-23559.977
-23734	-23540.357
-26440	-23535.486
-48578	-23545.63
-57663	-23572.527
-45240	-23612.975
-23762	-23662.154
-26609	-23713.045
-48644	-23760.742
-57619	-23803.16
-45135	-23835.346
-24454	-23853.09
-28117	-23852.79
-48749	-23835.748
-57565	-23807.275
-45012	-23770.512
-23759	-23728.965
-27012	-23684.895
-48844	-23642.547
-57548	-23607.812
-44967	-23581.393
-23642	-23562.527
-27011	-23548.104
-48958	-23537.318
-57491	-23531.906
-44912	-23530.459
-23772	-23531.906
-27275	-23534.611
-48994	-23540.127
-57391	-23552.463
-44832	-23571.525
-23771	-23596.12
-27343	-23622.86
-49003	-23650.266
-57259	-23678.758
-44730	-23704.992
-23862	-23725.906
-27553	-23738.248
-49051	-23742.91
-57106	-23744.354
-44642	-23744.29
-23889	-23744.73
-27740	-23746.041
-49064	-23750.791
-56959	-23762.41
-44535	-23779.107
-23897	-23797.748
-27917	-23813.002
-49141	-23822.545
-56798	-23826.83
-44407	-23823.97
-23897	-23813.666
-28136	-23796.059
-49177	-23775.652
-56649	-23759.89
-44376	-23752.373
-24317	-23755.738
-28558	-23769.746
-49124	-23795.318
-56399	-23833.213
-44250	-23878.83
-24815	-23926.305
-29487	-23968.414
-49114	-24001.646
-56219	-24024.76
-44181	-24035.59
-24711	-24033.117
-29023	-24016.67
-49112	-23989.758
-55967	-23958.398
-44045	-23925.113
-24410	-23892.254
-28983	-23860.13
-49122	-23831.379
-55814	-23809.729
-44002	-23794.43
-24399	-23784.367
-29124	-23776.465
-49096	-23770.531
-55621	-23767.979
-43955	-23766.348
-24513	-23763.578
-29369	-23756.184
-49077	-23744.4
-55433	-23730.705
-43799	-23714.527
-24487	-23696.389
-29364	-23675.764
-49119	-23655.639
-55340	-23640.74
-43742	-23631.316
-24352	-23627.412
-29455	-23625.979
-49102	-23626.074
-55176	-23627.578
-43630	-23626.527
-24340	-23619.809
-29566	-23603.523
-49106	-23578.86
-55049	-23550.844
-43548	-23522.588
-24357	-23499.426
-29654	-23485.086
-49153	-23486.027
-54964	-23508.605
-43462	-23552.412
-24369	-23614.635
-29863	-23687.11
-49131	-23762.748
-54761	-23834.701
-43308	-23892.592
-24544	-23928.613
-30172	-23936.129
-49052	-23915.893
-54625	-23873.67
-43292	-23815.617
-24922	-23750.404
-30367	-23685.475
-49125	-23630.64
-54492	-23594.814
-43196	-23579.723
-24382	-23584.459
-30324	-23602.764
-49299	-23630.004
-54564	-23661.96
-43287	-23690.955
-24486	-23711.93
-30535	-23719.957
-49352	-23716.664
-54483	-23707.004
-43201	-23693.385
-24574	-23679.576
-30620	-23666.912
-49312	-23659.342
-54301	-23660.285
-43063	-23667.654
-24597	-23679.018
-30794	-23689.334
-49269	-23697.627
-54173	-23704.54
-42960	-23707.79
-24521	-23707.225
-30823	-23701.436
-49248	-23693.635
-53984	-23687.902
-42881	-23684.023
-24969	-23682.186
-31169	-23680.164
-49284	-23679.346
-53926	-23681.893
-42833	-23686.523
-24714	-23693.482
-31209	-23701.617
-49287	-23714.197
-53771	-23735.244
-42708	-23764.367
-24562	-23801.2
-31216	-23841.885
-49327	-23885.186
-53680	-23929.436
-42686	-23968.371
-24430	-23996.986
-30903	-24009.17
-49210	-24004.31
-53491	-23984.662
-42510	-23951.041
-24821	-23907.168
-31551	-23856.033
-49358	-23804.926
-53507	-23761.469
-42542	-23728.197
-24573	-23707.012
-31494	-23695.559
-49401	-23693.844
-53416	-23701.244
-42452	-23712.598
-24397	-23724.213
-31466	-23730.834
-49351	-23732.592
-53276	-23731.398
-42322	-23726.467
-24204	-23719.125
-31460	-23708.457
-49371	-23697.705
-53207	-23690.04
-42251	-23684.125
-24197	-23679.396
-31527	-23672.424
-49435	-23664.021
-53135	-23655.854
-42171	-23646.217
-24007	-23635.566
-31515	-23622.299
-49436	-23609.547
-53080	-23600.947
-42099	-23595.908
-24000	-23594.775
-31556	-23594.613
-49457	-23596.195
-53011	-23600.34
-41971	-23603.984
-23724	-23605.94
-31519	-23602.873
-49509	-23596.895
-52986	-23591.246
-41909	-23586.078
-23627	-23583.479
-31548	-23582.535
-49545	-23586.46
-52937	-23597.758
-41794	-23614.238
-23031	-23634.389
-31023	-23653.111
-49556	-23669.281
-52880	-23682.414
-41709	-23689.53
-23627	-23690.117
-31669	-23682.12
-49617	-23669.215
-52834	-23656.318
-41582	-23644.96
-23219	-23638.273
-31567	-23635.7
-49619	-23640.164
-52749	-23653.537
-41456	-23672.645
-23112	-23695.062
-31601	-23714.836
-49709	-23730.678
-52692	-23742.148
-41366	-23746.127
-23070	-23742.611
-31662	-23729.75
-49682	-23711.47
-52608	-23692.592
-41206	-23674.516
-22951	-23660.105
-31707	-23648.404
-49662	-23642.307
-52511	-23643.982
-41119	-23651.111
-22866	-23662.746
-31745	-23674.42
-49731	-23686.56
-52483	-23699.992
-41080	-23712.441
-22853	-23723.754
-31839	-23730.691
-49750	-23734.877
-52405	-23737.875
-40979	-23737.553
-22606	-23733.604
-31873	-23722.223
-49876	-23704.873
-52379	-23683.604
-40911	-23657.86
-22734	-23629.838
-32016	-23599.158
-49863	-23570.71
-52311	-23549.643
-40797	-23537.291
-21801	-23536.201
-31035	-23543.9
-49852	-23560.945
-52247	-23586.877
-40747	-23617.133
-22789	-23648.31
-32184	-23673.602
-49971	-23691.516
-52244	-23701.834
-40691	-23702.459
-22465	-23694.664
-32167	-23676.914
-49980	-23653.469
-52186	-23628.807
-40576	-23604.111
-22348	-23582.021
-32225	-23560.662
-50057	-23542.508
-52136	-23529.498
-40451	-23520.127
-22369	-23514.719
-32404	-23509.693
-50139	-23506.56
-52142	-23506.756
-40366	-23508.607
-22227	-23512.209
-32480	-23513.264
-50223	-23512.469
-52149	-23510.451
-40271	-23505.143
-22007	-23497.016
-32539	-23483.082
-50315	-23466.545
-52114	-23451.076
-40225	-23437.723
-22085	-23429.344
-32592	-23423.893
-50347	-23423.441
-52071	-23428.527
-40122	-23435.4
-22069	-23441.422
-32669	-23439.576
-50429	-23428.645
-52085	-23408.701
-39986	-23378.828
-21841	-23342.287
-32705	-23299.88
-50467	-23258.879
-52062	-23226.562
-39954	-23206.498
-21305	-23202.498
-31970	-23211.373
-50464	-23232.41
-52045	-23262.73
-39928	-23295.34
-22046	-23324.979
-32934	-23343.176
-50637	-23348.562
-52042	-23342.309
-39819	-23325.36
-22011	-23302.598
-33060	-23275.465
-50676	-23250.756
-51973	-23233.75
-39690	-23225.143
-21901	-23225.438
-33171	-23228.758
-50756	-23233.59
-51959	-23237.852
-39617	-23237.5
-21889	-23232.094
-33299	-23218.432
-50809	-23200.557
-51914	-23183.209
-39547	-23168.656
-21664	-23160.502
-33091	-23156.264
-50852	-23157.238
-51862	-23162.854
-39439	-23168.914
-21887	-23173.262
-33533	-23170.035
-50900	-23160.639
-51871	-23147.986
-39405	-23134.164
-21970	-23124.154
-33690	-23118.29
-50952	-23121.041
-51816	-23134.342
-39295	-23154.832
-21793	-23178.752
-33693	-23195.879
-51003	-23201.48
-51788	-23191.594
-39249	-23162.578
-21836	-23116.441
-33807	-23054.354
-51026	-22986.43
-51705	-22924.145
-39131	-22876.578
-21377	-22852.947
-33349	-22854.129
-51006	-22882.08
-51661	-22933.93
-39168	-23000.377
-22094	-23071.936
-34084	-23134.318
-51187	-23180.586
-51686	-23206.625
-39029	-23210.127
-21832	-23194.941
-34096	-23163.402
-51224	-23125.574
-51619	-23091.004
-38956	-23065.447
-21834	-23053.98
-34172	-23053.717
-51229	-23064.67
-51567	-23084.068
-38871	-23105.734
-21685	-23125.879
-34217	-23137.19
-51254	-23140.25
-51532	-23136.924
-38814	-23128.336
-21806	-23118.418
-34334	-23106.271
-51306	-23096.232
-51487	-23090.69
-38754	-23088.438
-21876	-23089.58
-34447	-23089.002
-51354	-23088.012
-51460	-23087.74
-38637	-23087.867
-21692	-23090.752
-34524	-23093.822
-51413	-23100.12
-51380	-23110.604
-38501	-23122.46
-21702	-23133.557
-34655	-23136.021
-51496	-23128.332
-51392	-23109.111
-38461	-23076.738
-21779	-23034.238
-34786	-22982.357
-51509	-22930.219
-51306	-22886.799
-38303	-22858.303
-21650	-22851.137
-34870	-22863.633
-51474	-22897.188
-51261	-22948.479
-38349	-23009.174
-21985	-23071.826
-35059	-23124.555
-51636	-23163.566
-51210	-23186.879
-38179	-23193.488
-21783	-23187.457
-35131	-23170.086
-51666	-23149.93
-51198	-23133.705
-38114	-23124.158
-21838	-23123.63
-35264	-23127.084
-51672	-23134.1
-51154	-23141.887
-38040	-23145.572
-21833	-23143.645
-35358	-23131.572
-51724	-23113.523
-51089	-23094.055
-37950	-23076.383
-21877	-23065.727
-35478	-23061.342
-51738	-23067.176
-51023	-23083.715
-37854	-23107.256
-21862	-23134.99
-35607	-23158.84
-51747	-23178.021
-50989	-23191.54
-37811	-23197.95
-21952	-23199.383
-35722	-23194.219
-51772	-23187.807
-50946	-23183.416
-37718	-23181.004
-21938	-23181.12
-35812	-23178.12
-51817	-23172.363
-50842	-23162.502
-37566	-23145.93
-21809	-23123.607
-35941	-23093.416
-51829	-23061.777
-50764	-23034.54
-37459	-23015.61
-21692	-23010.21
-35856	-23016.756
-51825	-23038.326
-50737	-23073.775
-37467	-23117.32
-22012	-23164.102
-36107	-23204.186
-51909	-23235.164
-50747	-23254.6
-37319	-23260.168
-21800	-23253.926
-36183	-23234.834
-51922	-23209.98
-50649	-23184.896
-37207	-23162.525
-21857	-23146.643
-36264	-23134.62
-51955	-23129.38
-50626	-23130.742
-37136	-23135.88
-21883	-23143.908
-36406	-23149.408
-51996	-23154.525
-50588	-23160.016
-37077	-23165.104
-21839	-23171.098
-36476	-23174.229
-52063	-23177.408
-50568	-23180.996
-36999	-23183.154
-21879	-23183.953
-36536	-23178.973
-52084	-23171.383
-50506	-23162.803
-36890	-23153.588
-21817	-23146.447
-36597	-23139.09
-52107	-23135.936
-50490	-23138.41
-36804	-23144.977
-21879	-23155.219
-36760	-23163.217
-52198	-23169.96
-50468	-23174.6
-36745	-23175.031
-21934	-23172.25
-36841	-23163.455
-52176	-23153.895
-50347	-23146.81
-36626	-23143.479
-21731	-23146.47
-36727	-23152.422
-52207	-23163.957
-50344	-23180.387
-36590	-23198.01
-21919	-23215.074
-36958	-23225.326
-52237	-23230.443
-50297	-23230.908
-36489	-23226.426
-21934	-23219.547
-37065	-23208.615
-52277	-23199.078
-50250	-23193.586
-36402	-23192.137
-21924	-23195.678
-37143	-23199.592
-52300	-23205.678
-50171	-23213.088
-36275	-23219.293
-21827	-23224.145
-37187	-23223.398
-52344	-23220.586
-50142	-23217.283
-36160	-23213.582
-21702	-23211.488
-37186	-23207.896
-52352	-23206.525
-50086	-23208.15
-36066	-23211.393
-21694	-23216.604
-37254	-23219.38
-52389	-23222.605
-50071	-23226.852
-36048	-23231.11
-21779	-23236.283
-37326	-23238.408
-52394	-23240.426
-49974	-23242.387
-35906	-23242.469
-21720	-23240.566
-37457	-23232.062
-52447	-23219.922
-49942	-23205.139
-35723	-23187.887
-21587	-23170.795
-37505	-23152.184
-52516	-23137.686
-49909	-23129.98
-35671	-23129.334
-21710	-23136.824
-37589	-23147.615
-52513	-23163.2
-49859	-23181.697
-35589	-23199.244
-21711	-23214.076
-37674	-23220.576
-52561	-23221.209
-49831	-23217.074
-35422	-23208.6
-21553	-23198.734
-37711	-23185.818
-52584	-23175.312
-49784	-23169.342
-35400	-23167.654
-21720	-23170.922
-37880	-23174.402
-52709	-23180.188
-49806	-23187.541
-35354	-23194.438
-21826	-23200.959
-37962	-23203.098
-52715	-23204.459
-49734	-23206.12
-35219	-23207.688
-21695	-23210.25
-38021	-23209.9
-52754	-23209.629
-49699	-23209.506
-35094	-23208.06
-21721	-23205.762
-38139	-23198.87
-52771	-23191.47
-49612	-23185.37
-35031	-23181.082
-21785	-23180.855
-38194	-23181.836
-52817	-23187.816
-49582	-23198.814
-34920	-23212.486
-21772	-23227.465
-38275	-23237.492
-52835	-23243.664
-49536	-23244.797
-34887	-23239.303
-21870	-23228.371
-38400	-23209.83
-52901	-23189.588
-49530	-23171.146
-34796	-23156.547
-21961	-23148.72
-38501	-23145.217
-52895	-23149.57
-49477	-23161.127
-34652	-23177.068
-21866	-23195.48
-38601	-23210.016
-52906	-23221.906
-49347	-23230.264
-34571	-23233.8
-21976	-23233.617
-38694	-23227.111
-52941	-23219.234
-49336	-23211.932
-34553	-23205.537
-22064	-23201.344
-38727	-23195.623
-52891	-23191.303
-49259	-23187.922
-34428	-23183.736
-21995	-23178.643
-38829	-23168.59
-52857	-23157.303
-49161	-23145.828
-34340	-23134.479
-22123	-23125.129
-38957	-23115.268
-52970	-23109.262
-49175	-23107.953
-34289	-23110.436
-22139	-23116.707
-39044	-23122.027
-52999	-23128.629
-49175	-23135.521
-34191	-23140.785
-22066	-23144.12
-39131	-23141.355
-53015	-23135.924
-49102	-23128.557
-34128	-23119.295
-22194	-23109.758
-39226	-23097.479
-53044	-23087.117
-49037	-23080.098
-33984	-23076.5
-22211	-23077.27
-39309	-23078.734
-53046	-23083.82
-49002	-23091.865
-33947	-23100.787
-22255	-23109.648
-39387	-23113.338
-53047	-23114.27
-48960	-23111.984
-33759	-23105.78
-22141	-23096.867
-39491	-23082.928
-53136	-23069.307
-48932	-23058.387
-33692	-23051.504
-22163	-23050.748
-39599	-23053.322
-53221	-23062.834
-48953	-23078.568
-33597	-23098.23
-22205	-23119.994
-39718	-23137.795
-53240	-23152.88
-48909	-23163.627
-33552	-23168.43
-22251	-23167.652
-39756	-23158.514
-53237	-23146.135
-48824	-23132.758
-33474	-23119.893
-22320	-23109.96
-39884	-23100.785
-53301	-23096.625
-48794	-23097.6
-33331	-23102.244
-22307	-23109.707
-39948	-23114.787
-53304	-23119.531
-48734	-23122.928
-33271	-23123.703
-22465	-23122.28
-40034	-23115.816
-53267	-23109.123
-48661	-23103.855
-33144	-23100.943
-22382	-23102.004
-40135	-23104.29
-53316	-23111.414
-48637	-23122.861
-33186	-23136.7
-22591	-23151.537
-40246	-23162.045
-53322	-23169.998
-48576	-23174.31
-33094	-23173.78
-22594	-23169.01
-40280	-23157.566
-53308	-23144.727
-48569	-23132.62
-33046	-23122.662
-22704	-23116.86
-40449	-23112.826
-53363	-23114.445
-48512	-23121.14
-33001	-23130.973
-22789	-23142.328
-40522	-23149.74
-53359	-23154.996
-48444	-23156.844
-32846	-23154.154
-22740	-23147.588
-40594	-23134.871
-53326	-23121.402
-48369	-23109.27
-32726	-23099.86
-22749	-23095.018
-40635	-23092.26
-53323	-23095.346
-48331	-23103.588
-32662	-23115.166
-22752	-23128.67
-40674	-23138.977
-53320	-23148.281
-48246	-23155.512
-32556	-23159.617
-22799	-23160.953
-40782	-23156.846
-53302	-23151.965
-48204	-23147.42
-32456	-23143.691
-22770	-23141.781
-40834	-23138.807
-53368	-23138.465
-48169	-23140.516
-32386	-23143.91
-22904	-23148.19
-40918	-23149.521
-53379	-23151.082
-48121	-23152.486
-32305	-23153.068
-22954	-23153.025
-41009	-23149.156
-53391	-23145.387
-48081	-23141.803
-32040	-23138.129
-22790	-23134.666
-41089	-23128.4
-53372	-23123.268
-47992	-23119.518
-32054	-23117.006
-22883	-23116.236
-41142	-23114.266
-53424	-23115.117
-47912	-23118.781
-31885	-23124.652
-22940	-23132.47
-41221	-23138.512
-53424	-23145.797
-47914	-23153.436
-31893	-23160.234
-23086	-23165.658
-41341	-23166.234
-53474	-23165.656
-47867	-23164.14
-31784	-23161.775
-23094	-23159.367
-41391	-23154.598
-53424	-23151.906
-47788	-23151.67
-31689	-23153.594
-23151	-23157.506
-41482	-23159.748
-53417	-23163.312
-47708	-23167.135
-31537	-23169.928
-23181	-23171.076
-41571	-23167.26
-53437	-23162.44
-47669	-23157.07
-31482	-23151.648
-23240	-23147.271
-41624	-23141.994
-53446	-23140.451
-47666	-23142.895
-31355	-23148.865
-23202	-23157.781
-41728	-23165.662
-53445	-23175.014
-47558	-23184.426
-31299	-23192.414
-23387	-23198.291
-41843	-23198.906
-53462	-23198.416
-47499	-23197.488
-30614	-23196.951
-22769	-23197.826
-41919	-23197.94
-53402	-23201.635
-47457	-23208.72
-30989	-23218.338
-23314	-23229.352
-42002	-23237.535
-53476	-23245.328
-47399	-23251.27
-30906	-23254.164
-23409	-23253.484
-42087	-23246.434
-53437	-23237.338
-47317	-23226.924
-30719	-23215.967
-23341	-23205.45
-42156	-23193.41
-53466	-23184.254
-47309	-23178.143
-30758	-23174.727
-23567	-23173.52
-42289	-23171.111
-53534	-23170.63
-47312	-23171.082
-30588	-23171.559
-23471	-23171.385
-42370	-23167.281
-53552	-23162.926
-47287	-23158.178
-30441	-23153.24
-23504	-23148.443
-42483	-23141.668
-53542	-23137.438
-47177	-23136.203
-30344	-23138.166
-23545	-23143.16
-42524	-23148.03
-53553	-23155.854
-47116	-23165.164
-30238	-23174.445
-23572	-23181.998
-42585	-23183.844
-53562	-23182.986
-47117	-23178.902
-30233	-23171.76
-23750	-23162.14
-42676	-23148.574
-53548	-23136.158
-47001	-23125.83
-30163	-23118.252
-24066	-23113.35
-42761	-23108.361
-53562	-23106.395
-47009	-23106.336
-30144	-23107.205
-23982	-23108.143
-42866	-23106.363
-53599	-23106.002
-46949	-23107.375
-30026	-23111.082
-24080	-23117.332
-42949	-23123.77
-53615	-23133.729
-46894	-23145.818
-29947	-23158.324
-24109	-23168.984
-43069	-23173.582
-53656	-23174.752
-46863	-23171.742
-29923	-23164.973
-24236	-23155.367
-43132	-23142.36
-53651	-23131.814
-46817	-23125.121
-29844	-23123.07
-24352	-23125.186
-43255	-23127.945
-53654	-23133.275
-46727	-23138.637
-29777	-23141.936
-24467	-23141.342
-43334	-23134.271
-53669	-23125.455
-46721	-23116.479
-29684	-23109.73
-24483	-23107.031
-43354	-23107.59
-53573	-23115.414
-46636	-23128.736
-29642	-23144.586
-24602	-23158.451
-43457	-23163.766
-53609	-23160.553
-46615	-23146.15
-29575	-23120.305
-24672	-23084.514
-43529	-23040.646
-53563	-22997.98
-46460	-22962.11
-30495	-22938.066
-27733	-22928.451
-43735	-22933.145
-53554	-22954.178
-46467	-22987.232
-29628	-23026.582
-25071	-23065.17
-43732	-23094.85
-53596	-23114.795
-46391	-23122.275
-29325	-23117.533
-24931	-23102.512
-43786	-23079.324
-53563	-23056.857
-46332	-23039.512
-29172	-23031.04
-24989	-23032.523
-43909	-23041.525
-53652	-23059.516
-46344	-23082.357
-28987	-23105.873
-24977	-23125.148
-44024	-23135.035
-53655	-23137.691
-46331	-23132.729
-29004	-23121.94
-25072	-23107.217
-44116	-23089.512
-53666	-23075.428
-46255	-23066.377
-28909	-23063.201
-25178	-23064.502
-44169	-23066.605
-53652	-23070.932
-46198	-23074.668
-28794	-23076.094
-25169	-23073.367
-44235	-23064.64
-53701	-23054.797
-46182	-23045.34
-28781	-23038.63
-25365	-23035.871
-44343	-23036.416
-53668	-23044.238
-46087	-23058.021
-28627	-23076.025
-25419	-23094.807
-44416	-23109.781
-53673	-23122.387
-46024	-23130.697
-28573	-23134.5
-25625	-23133.59
-44450	-23127.727
-53617	-23122.666
-45986	-23119.762
-28551	-23120.486
-25684	-23124.264
-44509	-23128.633
-53622	-23135.701
-45936	-23142.846
-28440	-23148.197
-25697	-23149.31
-44626	-23144.006
-53654	-23136.662
-45895	-23128.625
-28402	-23122.525
-25771	-23119.879
-44741	-23120.826
-53681	-23129.613
-45847	-23144.79
-28384	-23164.113
-25934	-23183.018
-44795	-23195.996
-53637	-23203.434
-45794	-23202.906
-28275	-23194.803
-25984	-23180.188
-44856	-23161.295
-53614	-23146.463
-45715	-23139.465
-28197	-23143.4
-26089	-23157.553
-44904	-23177.955
-53576	-23203.121
-45673	-23225.793
-28087	-23239.29
-26084	-23237.002
-44976	-23214.932
-53595	-23178.316
-45594	-23132.543
-27989	-23087.51
-26226	-23053.705
-45035	-23041.232
-53536	-23062.77
-45550	-23122.11
-27921	-23217.84
-26341	-23340.691
-45114	-23475.613
-53494	-23609.066
-45466	-23722.455
-27949	-23800.291
-26801	-23830.32
-45209	-23807.29
-53494	-23738.113
-45443	-23632.152
-27879	-23504.871
-26589	-23372.436
-45321	-23250.297
-53506	-23155.352
-45357	-23094.803
-27705	-23070.559
-26622	-23076.885
-45368	-23103.443
-53478	-23142.352
-45297	-23181.44
-27569	-23211.81
-26620	-23226.521
-45424	-23223.113
-53477	-23207.918
-45247	-23185.842
-27560	-23164.043
-26717	-23147.387
-45489	-23138.896
-53485	-23143.39
-45213	-23158.586
-27462	-23180.82
-26871	-23203.291
-45579	-23219.584
-53466	-23229.193
-45102	-23229.496
-27197	-23221.46
-26794	-23206.266
-45645	-23186.842
-53470	-23171.092
-45057	-23161.871
-27082	-23161.691
-26863	-23169.098
-45728	-23181.135
-53537	-23198.05
-45097	-23215.164
-27119	-23229.436
-27104	-23236.754
-45897	-23235.148
-53590	-23228.84
-45080	-23219.059
-27216	-23209.072
-27585	-23200.072
-46029	-23193.361
-53584	-23193.424
-45011	-23199.197
-27301	-23209.654
-27813	-23220.793
-46017	-23229.33
-53507	-23236.314
-44907	-23239.611
-27124	-23239.295
-27514	-23234.396
-46057	-23225.49
-53491	-23217.828
-44864	-23212.537
-26867	-23211.451
-27462	-23213.562
-46117	-23217.838
-53458	-23226.707
-44794	-23237.963
-26782	-23250.506
-27541	-23261.068
-46193	-23267.686
-53456	-23272.965
-44698	-23275.984
-26756	-23277.404
-27662	-23275.984
-46246	-23271.49
-53421	-23267.715
-44581	-23264.28
-26568	-23261.846
-27719	-23258.682
-46300	-23253.994
-53359	-23250.99
-44544	-23248.783
-26508	-23247.855
-27839	-23246.242
-46371	-23243.094
-53374	-23241.408
-44513	-23240.049
-26549	-23239.19
-27969	-23236.656
-46462	-23231.592
-53343	-23227.31
-44418	-23223.271
-26358	-23220.62
-28005	-23218.178
-46534	-23216.13
-53336	-23218.363
-44386	-23224.488
-26395	-23235.033
-28195	-23247.596
-46567	-23260.61
-53279	-23275.941
-44301	-23291.174
-26874	-23305.19
-29269	-23314.74
-46591	-23318.637
-53212	-23318.742
-44217	-23315.012
-26390	-23308.54
-28436	-23298.162
-46706	-23284.326
-53250	-23271.117
-44181	-23258.541
-26234	-23247.857
-28459	-23237.598
-46757	-23227.605
-53266	-23221.152
-44129	-23217.514
-26031	-23217.316
-28471	-23218.357
-46851	-23219.959
-53257	-23224.783
-44051	-23231.299
-25985	-23239.229
-28574	-23245.424
-46891	-23248.432
-53264	-23250.268
-44032	-23249.229
-26037	-23245.506
-28745	-23236.99
-47011	-23223.908
-53262	-23210.29
-43950	-23196.465
-25782	-23184.492
-28704	-23173.506
-47071	-23164.373
-53226	-23160.887
-43864	-23162.582
-25728	-23170.205
-28841	-23181.334
-47146	-23195.414
-53187	-23215.0
-43772	-23238.684
-25735	-23266.53
-29057	-23295.592
-47194	-23324.857
-53141	-23356.129
-43675	-23387.084
-25524	-23416.73
-29004	-23440.945
-47233	-23457.914
-53107	-23469.135
-43619	-23472.783
-26459	-23469.135
-30430	-23456.402
-47290	-23436.139
-53100	-23412.885
-43574	-23387.867
-25773	-23363.744
-29544	-23339.928
-47422	-23317.684
-53077	-23300.574
-43527	-23287.787
-25525	-23279.719
-29449	-23273.416
-47426	-23268.29
-53017	-23266.674
-43422	-23267.178
-25520	-23270.1
-29610	-23272.611
-47510	-23274.293
-53027	-23277.186
-43396	-23279.406
-25412	-23280.562
-29639	-23277.25
-47516	-23268.986
-52948	-23258.656
-43286	-23246.16
-25421	-23233.84
-29791	-23221.436
-47526	-23211.506
-52856	-23208.914
-43171	-23213.906
-25386	-23227.107
-29917	-23244.43
-47548	-23263.246
-52824	-23282.488
-43122	-23297.225
-25306	-23304.777
-29939	-23300.748
-47622	-23285.537
-52781	-23264.195
-43034	-23240.084
-25278	-23219.479
-30057	-23205.652
-47681	-23203.838
-52800	-23219.645
-43001	-23252.346
-25202	-23299.867
-30146	-23354.262
-47775	-23408.71
-52756	-23458.219
-42911	-23494.922
-25377	-23514.709
-30570	-23512.994
-47809	-23491.502
-52684	-23456.75
-42832	-23413.818
-25368	-23370.111
-30609	-23329.14
-47929	-23295.871
-52789	-23274.98
-42860	-23265.193
-25083	-23264.803
-30529	-23267.418
-48012	-23269.652
-52783	-23270.96
-42796	-23268.793
-25096	-23264.092
-30644	-23256.0
-48076	-23247.762
-52732	-23244.82
-42706	-23248.13
-24903	-23259.02
-30712	-23273.436
-48132	-23289.156
-52712	-23304.969
-42632	-23316.178
-24902	-23320.754
-30803	-23314.873
-48222	-23300.129
-52677	-23281.889
-42597	-23263.303
-24854	-23249.44
-30875	-23241.03
-48276	-23240.455
-52646	-23249.568
-42514	-23264.518
-24854	-23281.582
-31037	-23292.895
-48301	-23294.969
-52606	-23287.92
-42437	-23271.139
-24827	-23248.807
-31052	-23224.02
-48349	-23204.834
-52604	-23200.807
-42435	-23216.234
-25080	-23254.105
-31297	-23309.984
-48434	-23379.15
-52567	-23455.182
-42360	-23526.758
-24691	-23584.531
-31107	-23617.432
-48407	-23621.57
-52432	-23598.854
-42285	-23552.361
-24959	-23490.45
-31476	-23420.076
-48563	-23352.15
-52473	-23297.71
-42244	-23261.596
-24608	-23246.865
-31412	-23249.021
-48573	-23264.422
-52400	-23288.826
-42197	-23314.223
-24724	-23335.379
-31522	-23345.312
-48598	-23343.584
-52332	-23333.492
-42106	-23317.047
-24652	-23299.17
-31534	-23281.096
-48584	-23267.068
-52278	-23261.04
-42149	-23261.871
-25282	-23268.686
-31912	-23276.078
-48601	-23282.244
-52103	-23286.941
-42036	-23287.523
-24646	-23284.559
-31716	-23276.027
-48417	-23264.818
-51902	-23255.207
-42110	-23247.875
-25389	-23244.805
-31984	-23243.604
-48412	-23244.932
-51844	-23249.777
-42096	-23255.44
-25193	-23261.488
-31936	-23264.336
-48336	-23265.205
-51752	-23266.912
-42130	-23269.36
-25575	-23274.836
-32072	-23281.822
-48233	-23292.213
-51700	-23307.826
-43131	-23326.086
-34786	-23344.174
-38442	-23358.902
-47732	-23370.994
-50217	-23380.33
-42842	-23384.676
-34860	-23383.043
-38306	-23375.271
-47827	-23365.32
-50233	-23356.463
-42709	-23348.473
-28947	-23342.828
-34126	-23337.865
-47524	-23335.213
-49999	-23335.936
-42411	-23337.121
-26640	-23338.404
-33226	-23336.24
-47361	-23331.996
-49791	-23327.504
-42223	-23321.45
-26536	-23315.45
-33181	-23307.871
-47230	-23301.533
-49650	-23298.936
-42107	-23298.562
-26403	-23301.113
-33112	-23303.518
-47176	-23306.928
-49502	-23312.242
-41962	-23316.72
-26194	-23320.408
-33102	-23320.053
-47112	-23317.332
-49381	-23314.168
-41912	-23309.158
-26312	-23304.04
-33194	-23297.402
-47124	-23292.639
-49351	-23292.768
-41830	-23296.889
-26227	-23306.213
-33262	-23317.598
-47142	-23331.682
-49270	-23347.861
-41761	-23361.4
-26186	-23370.252
-33266	-23369.31
-47105	-23359.314
-49171	-23342.219
-41674	-23318.127
-24685	-23291.943
-31206	-23265.842
-46913	-23246.104
-49016	-23238.414
-41659	-23243.297
-26895	-23261.14
-33582	-23286.352
-47131	-23315.47
-49089	-23343.172
-41576	-23360.709
-26006	-23363.604
-33330	-23346.738
-47066	-23313.547
-48978	-23270.771
-41432	-23224.791
-25609	-23186.326
-33267	-23161.773
-47096	-23159.854
-48962	-23184.236
-41411	-23230.006
-25703	-23290.13
-33396	-23350.178
-47119	-23399.521
-48959	-23428.246
-41367	-23427.342
-25517	-23396.746
-33334	-23339.25
-47134	-23268.63
-48917	-23201.62
-41269	-23152.01
-25403	-23133.322
-33374	-23148.832
-47175	-23198.5
-48926	-23272.959
-41224	-23352.932
-25461	-23418.725
-33627	-23448.182
-47275	-23430.695
-48966	-23365.229
-41266	-23260.314
-25777	-23139.928
-33796	-23034.291
-47357	-22983.506
-49043	-23025.146
-41318	-23184.836
-25916	-23476.455
-34001	-23891.398
-47534	-24406.646
-49122	-24980.922
-41211	-25557.855
-24071	-26079.941
-31884	-26489.361
-47468	-26744.924
-49031	-26823.35
-41172	-26719.572
-26026	-26452.625
-34193	-26055.898
-47682	-25579.793
-49174	-25078.168
-41089	-24598.623
-25191	-24181.646
-33992	-23849.18
-47697	-23612.396
-49184	-23466.297
-41001	-23391.412
-25045	-23364.688
-34059	-23357.941
-47749	-23352.271
-49139	-23335.04
-40892	-23299.291
-24812	-23249.113
-33989	-23190.025
-47752	-23135.482
-49077	-23096.611
-40742	-23077.625
-24757	-23080.223
-34042	-23096.236
-47736	-23119.035
-49041	-23139.07
-40646	-23145.338
-24691	-23133.588
-34074	-23100.771
-47784	-23055.176
-49082	-23008.107
-40674	-22970.094
-24487	-22953.484
-33941	-22962.277
-47906	-22999.73
-49149	-23060.68
-40566	-23130.89
-24636	-23194.855
-34191	-23232.076
-47929	-23230.717
-49099	-23183.805
-40422	-23090.262
-24449	-22960.844
-34245	-22809.744
-48031	-22661.535
-49162	-22540.326
-40352	-22464.072
-23829	-22446.578
-33694	-22487.51
-48055	-22582.162
-49127	-22715.832
-40345	-22865.326
-24552	-23008.578
-34373	-23121.717
-48184	-23192.53
-49222	-23215.8
-40269	-23192.574
-24367	-23134.45
-34439	-23053.639
-48238	-22969.918
-49181	-22899.66
-40135	-22852.121
-24159	-22833.25
-34418	-22838.092
-48303	-22862.451
-49194	-22897.627
-40037	-22931.924
-24084	-22958.436
-34454	-22969.215
-48349	-22966.244
-49191	-22953.451
-39912	-22934.545
-23899	-22916.4
-34480	-22900.17
-48404	-22890.46
-49202	-22888.064
-39876	-22889.324
-23917	-22892.666
-34576	-22892.531
-48504	-22891.25
-49214	-22892.0
-39788	-22897.76
-23758	-22915.307
-34576	-22945.945
-48538	-22994.16
-49236	-23059.11
-39692	-23132.943
-23722	-23206.428
-34681	-23263.12
-48686	-23292.625
-49276	-23286.223
-39643	-23238.328
-23773	-23153.184
-34848	-23037.455
-48822	-22909.77
-49364	-22790.691
-39597	-22698.39
-23182	-22650.025
-34226	-22651.64
-48903	-22703.695
-49370	-22799.32
-39582	-22923.691
-23782	-23059.104
-35009	-23182.29
-49002	-23276.246
-49418	-23331.121
-39475	-23343.648
-23651	-23319.5
-35114	-23264.906
-49139	-23195.133
-49481	-23125.633
-39510	-23067.81
-23801	-23031.043
-35304	-23013.646
-49243	-23015.07
-49501	-23029.814
-39426	-23048.777
-23765	-23065.78
-35336	-23071.078
-49264	-23064.418
-49454	-23047.658
-39251	-23023.64
-23729	-22999.088
-35393	-22974.953
-49293	-22957.234
-49378	-22948.477
-39211	-22947.314
-23775	-22953.066
-35477	-22958.559
-49307	-22963.28
-49342	-22966.41
-39093	-22967.059
-23634	-22968.262
-35551	-22968.13
-49348	-22971.139
-49321	-22979.367
-39084	-22991.572
-23728	-23007.096
-35599	-23017.94
-49339	-23021.953
-49229	-23016.074
-39037	-22997.26
-23955	-22967.463
-35757	-22925.787
-49386	-22880.307
-49244	-22839.05
-38996	-22808.602
-23811	-22796.555
-35707	-22801.977
-49440	-22827.295
-49202	-22870.084
-39044	-22922.69
-24334	-22978.678
-36094	-23026.145
-49446	-23060.812
-49178	-23079.795
-39042	-23081.656
-24481	-23070.205
-36277	-23046.016
-49475	-23017.152
-49117	-22989.896
-39021	-22967.598
-24524	-22954.027
-36303	-22945.248
-49387	-22942.18
-48992	-22942.816
-39033	-22943.479
-24855	-22943.48
-36506	-22937.982
-49379	-22930.059
-48929	-22921.926
-39122	-22914.709
-25131	-22911.695
-36677	-22909.973
-49362	-22912.004
-48857	-22917.117
-39024	-22922.227
-25161	-22926.43
-36784	-22924.049
-49289	-22917.229
-48771	-22907.355
-39069	-22895.688
-25192	-22886.69
-36932	-22879.633
-49266	-22879.773
-48680	-22888.62
-39025	-22904.39
-25247	-22925.812
-37055	-22944.92
-49184	-22959.94
-48539	-22967.338
-39020	-22963.572
-25324	-22949.637
-37111	-22923.594
-49066	-22892.312
-48399	-22861.85
-38926	-22836.994
-24807	-22824.42
-36726	-22823.32
-48986	-22837.766
-48235	-22867.066
-38892	-22906.03
-25372	-22951.125
-37317	-22993.31
-48923	-23030.883
-48201	-23061.303
-38885	-23082.436
-25332	-23096.424
-37462	-23101.459
-48921	-23103.578
-48082	-23105.91
-38676	-23109.48
-24849	-23116.582
-37411	-23122.805
-48788	-23129.926
-47915	-23136.29
-38509	-23138.99
-24554	-23138.33
-37384	-23130.023
-48693	-23118.3
-47774	-23105.24
-38430	-23091.982
-24587	-23082.105
-37464	-23073.037
-48664	-23068.62
-47714	-23068.459
-38445	-23070.027
-24492	-23073.012
-37267	-23071.498
-48613	-23067.7
-47611	-23061.588
-38272	-23052.973
-24471	-23045.021
-37533	-23035.834
-48578	-23030.955
-47569	-23031.982
-38156	-23038.14
-24356	-23050.02
-37636	-23061.615
-48572	-23073.867
-47477	-23084.408
-38046	-23090.246
-24388	-23092.078
-37701	-23086.492
-48551	-23079.05
-47385	-23072.959
-37935	-23070.54
-24018	-23076.389
-37407	-23088.395
-48552	-23110.615
-47367	-23142.043
-37786	-23178.682
-24141	-23218.14
-37756	-23252.176
-48501	-23280.605
-47257	-23301.0
-37548	-23311.248
-23795	-23313.504
-37742	-23305.781
-48506	-23294.918
-47173	-23284.645
-37481	-23277.25
-23874	-23276.727
-37793	-23280.31
-48552	-23291.734
-47179	-23310.016
-37402	-23332.193
-23796	-23357.492
-37845	-23379.553
-48565	-23400.285
-47186	-23418.492
-37324	-23432.504
-23800	-23443.59
-37973	-23447.947
-48621	-23449.775
-47126	-23449.68
-37216	-23447.113
-23845	-23444.158
-38044	-23437.516
-48672	-23431.887
-47182	-23428.354
-37231	-23427.031
-23984	-23430.229
-38133	-23434.396
-48740	-23443.098
-47107	-23455.273
-37029	-23467.82
-23806	-23479.336
-38114	-23482.723
-48713	-23478.928
-47097	-23465.889
-36986	-23441.824
-23887	-23409.082
-38164	-23366.408
-48718	-23321.887
-47066	-23280.68
-36915	-23247.057
-23999	-23226.916
-38348	-23219.246
-48700	-23228.932
-46979	-23254.473
-36837	-23290.865
-24060	-23333.9
-38320	-23373.312
-48761	-23406.646
-46977	-23428.564
-36729	-23434.535
-23932	-23424.557
-38376	-23395.729
-48814	-23354.947
-46977	-23306.574
-36565	-23254.693
-23888	-23205.535
-38511	-23159.299
-48800	-23122.686
-46940	-23096.834
-36522	-23080.459
-23982	-23073.248
-38594	-23068.992
-48901	-23068.889
-46975	-23070.256
-36445	-23069.967
-23978	-23067.836
-38719	-23059.314
-48954	-23048.438
-46971	-23035.768
-36370	-23021.414
-24089	-23007.887
-38852	-22992.71
-49079	-22980.957
-47032	-22973.393
-36354	-22969.559
-24126	-22970.566
-38957	-22972.057
-49149	-22976.94
-46983	-22983.586
-36211	-22989.346
-24022	-22993.637
-38972	-22991.06
-49197	-22984.428
-47054	-22973.2
-36200	-22956.799
-24152	-22937.463
-39139	-22913.057
-49302	-22889.48
-47086	-22868.67
-36069	-22851.33
-23911	-22839.6
-39086	-22829.652
-49387	-22824.564
-47095	-22822.68
-36071	-22821.162
-24158	-22819.213
-39371	-22811.494
-49629	-22801.006
-47318	-22787.805
-36189	-22772.193
-24339	-22757.07
-39721	-22740.625
-49976	-22728.633
-47594	-22722.33
-36279	-22721.605
-24479	-22727.084
-40001	-22733.508
-50227	-22742.602
-47765	-22752.04
-36292	-22759.14
-24371	-22763.756
-40024	-22761.545
-50267	-22756.85
-47638	-22751.11
-36068	-22745.805
-24201	-22744.176
-39842	-22744.049
-50093	-22749.947
-47431	-22761.723
-35632	-22777.701
-23816	-22796.96
-39677	-22813.006
-50047	-22826.826
-47283	-22836.281
-35364	-22839.6
-23726	-22837.57
-39595	-22826.975
-49966	-22813.047
-47161	-22797.83
-35207	-22783.232
-23766	-22772.28
-39676	-22762.414
-50068	-22757.887
-47161	-22758.502
-35107	-22763.162
-23756	-22771.73
-39686	-22778.814
-50056	-22786.746
-47100	-22794.367
-34941	-22800.684
-23704	-22806.326
-39695	-22807.107
-50202	-22806.637
-47132	-22804.928
-34897	-22801.672
-23872	-22797.947
-39795	-22789.852
-50229	-22781.22
-47114	-22772.377
-34773	-22763.787
-23807	-22757.191
-39823	-22749.36
-50311	-22744.512
-47086	-22742.914
-34616	-22744.418
-23777	-22749.576
-39911	-22753.523
-50429	-22758.932
-47126	-22764.615
-34526	-22769.688
-23799	-22774.756
-39987	-22775.94
-50481	-22777.63
-47094	-22780.482
-34442	-22785.537
-23820	-22794.494
-40035	-22803.635
-50551	-22816.377
-47129	-22831.453
-34380	-22847.363
-23867	-22863.236
-40156	-22873.275
-50669	-22880.041
-47135	-22882.805
-34319	-22881.812
-23987	-22879.07
-40261	-22872.197
-50740	-22866.86
-47112	-22864.361
-34159	-22865.814
-23879	-22872.273
-40344	-22878.916
-50834	-22888.041
-47151	-22897.297
-34112	-22904.832
-23964	-22909.861
-40381	-22907.713
-50911	-22902.48
-47143	-22895.27
-34016	-22888.562
-23945	-22885.994
-40400	-22886.426
-50934	-22896.117
-47111	-22916.287
-33870	-22947.469
-23954	-22989.686
-40522	-23037.213
-51077	-23091.367
-47179	-23148.951
-33847	-23207.375
-24022	-23264.893
-40611	-23315.633
-51120	-23362.094
-47131	-23402.988
-33767	-23438.004
-24047	-23467.502
-40730	-23487.168
-51244	-23500.326
-47171	-23505.99
-33601	-23503.736
-23988	-23493.67
-40755	-23471.533
-51282	-23441.293
-47171	-23403.09
-33506	-23358.305
-23956	-23309.117
-40819	-23253.525
-51357	-23197.494
-47126	-23142.707
-33362	-23091.426
-23940	-23045.979
-40905	-23003.715
-51464	-22969.363
-47158	-22942.836
-33261	-22924.24
-23935	-22913.508
-40929	-22905.627
-51531	-22902.873
-47156	-22903.096
-33142	-22904.812
-23923	-22906.88
-41005	-22904.092
-51578	-22899.482
-47116	-22892.418
-33036	-22883.77
-23999	-22875.14
-41079	-22864.148
-51671	-22856.145
-47141	-22852.035
-32292	-22853.148
-23393	-22859.918
-41161	-22867.633
-51730	-22878.604
-47078	-22890.44
-32857	-22901.475
-24119	-22910.295
-41270	-22911.928
-51831	-22909.709
-47099	-22903.799
-32719	-22895.941
-24001	-22888.328
-41254	-22879.105
-51864	-22873.557
-47055	-22872.229
-32410	-22875.676
-23854	-22883.479
-41343	-22890.44
-51958	-22898.479
-47106	-22905.455
-32426	-22910.588
-23939	-22913.66
-41398	-22911.23
-52025	-22907.973
-47068	-22905.049
-32246	-22904.613
-23942	-22908.3
-41477	-22913.17
-52081	-22922.846
-47024	-22935.97
-32167	-22951.547
-23971	-22967.918
-41539	-22979.56
-52176	-22988.688
-47057	-22994.193
-32137	-22996.646
-24040	-22997.104
-41612	-22993.229
-52234	-22990.127
-47011	-22988.705
-32023	-22990.28
-24105	-22995.203
-41725	-22999.354
-52341	-23005.33
-47037	-23011.422
-31874	-23016.916
-24015	-23021.05
-41818	-23019.781
-52371	-23016.91
-46982	-23012.686
-31501	-23008.76
-23836	-23006.312
-41863	-23002.662
-52406	-23002.125
-47002	-23004.514
-31683	-23010.168
-24136	-23018.707
-42007	-23025.959
-52492	-23034.938
-46966	-23044.63
-31506	-23055.16
-24080	-23066.164
-42064	-23073.729
-52556	-23081.049
-46989	-23087.078
-31482	-23091.84
-24189	-23094.742
-42148	-23091.986
-52621	-23087.213
-46975	-23080.377
-31259	-23073.02
-24089	-23066.324
-42290	-23058.16
-52683	-23053.414
-46964	-23052.242
-31235	-23055.188
-24131	-23061.373
-42319	-23065.861
-52722	-23070.54
-46942	-23073.096
-31234	-23072.893
-24332	-23069.432
-42424	-23060.098
-52781	-23050.307
-46942	-23041.854
-31119	-23037.812
-24297	-23039.908
-42537	-23045.547
-52856	-23057.65
-46954	-23073.246
-31092	-23089.246
-24468	-23101.115
-42589	-23101.52
-52842	-23091.23
-46893	-23068.744
-30865	-23036.12
-24362	-22996.887
-42682	-22953.352
-52918	-22915.65
-46881	-22889.406
-30874	-22879.9
-24487	-22889.105
-42755	-22913.133
-52929	-22952.035
-46804	-22999.377
-30844	-23048.465
-24649	-23091.855
-42843	-23120.475
-52929	-23134.305
-46796	-23132.02
-30841	-23116.168
-24724	-23090.78
-42927	-23058.393
-52969	-23028.518
-46785	-23005.574
-30818	-22993.232
-24867	-22992.188
-43031	-22998.176
-52959	-23011.863
-46696	-23028.852
-30691	-23045.666
-24891	-23058.69
-43086	-23063.09
-52962	-23062.037
-46678	-23056.059
-30638	-23047.705
-24936	-23039.123
-43158	-23029.75
-52982	-23024.826
-46639	-23024.674
-30614	-23029.646
-25079	-23038.42
-43234	-23046.852
-52957	-23057.096
-46576	-23067.447
-30538	-23077.61
-25124	-23086.797
-43282	-23092.098
-52948	-23096.998
-46539	-23100.86
-30551	-23103.74
-25236	-23104.592
-43367	-23099.92
-52979	-23092.672
-46517	-23082.078
-30507	-23068.906
-25376	-23053.7
-43449	-23035.465
-52941	-23019.723
-46437	-23008.01
-30399	-23002.465
-25447	-23003.648
-43506	-23008.984
-52963	-23021.133
-46394	-23037.791
-30394	-23057.16
-25563	-23076.25
-43586	-23090.379
-52965	-23101.521
-46372	-23108.371
-30246	-23111.506
-25553	-23111.13
-43662	-23105.96
-52971	-23100.94
-46339	-23096.67
-30251	-23094.422
-25651	-23093.941
-43736	-23092.547
-52987	-23093.295
-46311	-23094.943
-30165	-23097.344
-25719	-23099.496
-43777	-23098.875
-52949	-23099.21
-46212	-23100.287
-29996	-23103.064
-25760	-23107.291
-43848	-23110.791
-52927	-23117.135
-46178	-23125.404
-29980	-23135.57
-25857	-23146.346
-43930	-23154.732
-52934	-23163.604
-46111	-23171.71
-29942	-23179.031
-25952	-23184.475
-43971	-23185.502
-52892	-23185.547
-46086	-23183.906
-29839	-23181.207
-25986	-23176.988
-44041	-23169.58
-52891	-23163.152
-46026	-23157.78
-29922	-23154.531
-26201	-23153.246
-44126	-23152.117
-52909	-23154.646
-46004	-23159.822
-29797	-23167.379
-26223	-23175.691
-44196	-23181.934
-52915	-23188.94
-45977	-23195.41
-29795	-23201.652
-26342	-23207.13
-44224	-23210.283
-52846	-23215.125
-45877	-23221.39
-29689	-23229.57
-26352	-23238.576
-44272	-23245.697
-52831	-23253.389
-45876	-23259.805
-29595	-23264.281
-26361	-23265.336
-44342	-23260.898
-52836	-23254.943
-45772	-23247.748
-29495	-23241.037
-26471	-23235.377
-44429	-23230.105
-52812	-23229.445
-45724	-23232.705
-29417	-23239.562
-26483	-23247.902
-44469	-23254.314
-52794	-23260.705
-45664	-23265.025
-29208	-23266.955
-26503	-23265.59
-44546	-23259.848
-52825	-23254.424
-45636	-23250.04
-29190	-23248.465
-26565	-23249.676
-44561	-23252.27
-52753	-23259.314
-45577	-23269.004
-29091	-23280.193
-26647	-23290.316
-44670	-23296.229
-52802	-23300.465
-45518	-23301.969
-28996	-23301.48
-26708	-23298.902
-44737	-23293.795
-52809	-23290.824
-45471	-23290.055
-28964	-23292.248
-26929	-23296.074
-44794	-23299.277
-52767	-23304.184
-45423	-23308.691
-29029	-23312.152
-27380	-23312.82
-44930	-23309.305
-52803	-23305.64
-45389	-23301.977
-28794	-23299.89
-26989	-23299.291
-44967	-23299.328
-52841	-23303.404
-45334	-23309.996
-28694	-23318.248
-27015	-23325.363
-44961	-23328.336
-52796	-23329.197
-45321	-23326.4
-28558	-23320.445
-27048	-23310.893
-45117	-23297.832
-52882	-23286.428
-45294	-23277.484
-28601	-23272.775
-27224	-23271.744
-45193	-23272.918
-52882	-23278.83
-45251	-23287.07
-28495	-23296.262
-27289	-23303.41
-45236	-23305.91
-52877	-23306.44
-45199	-23304.168
-28308	-23300.338
-27326	-23294.89
-45304	-23288.066
-52849	-23284.613
-45144	-23284.66
-28306	-23289.04
-27393	-23296.203
-45376	-23304.17
-52844	-23315.012
-45070	-23326.572
-28249	-23337.93
-27539	-23346.78
-45416	-23351.414
-52809	-23355.045
-45022	-23356.988
-28214	-23358.16
-27779	-23357.648
-45508	-23354.838
-52796	-23353.22
-44881	-23351.936
-28133	-23351.094
-27746	-23348.988
-45549	-23344.232
-52769	-23339.87
-44927	-23335.043
-28084	-23330.371
-27814	-23324.838
-45599	-23317.89
-52751	-23313.236
-44842	-23310.266
-27894	-23309.537
-27817	-23309.346
-45667	-23308.299
-52766	-23309.016
-44784	-23309.938
-27907	-23310.934
-27886	-23310.04
-45658	-23306.006
-52671	-23301.986
-44719	-23297.15
-27883	-23292.256
-28047	-23286.072
-45744	-23278.078
-52692	-23271.777
-44723	-23266.477
-27756	-23262.9
-28066	-23259.63
-45812	-23255.791
-52711	-23254.541
-44669	-23254.79
-27817	-23256.795
-28210	-23258.662
-45896	-23259.04
-52723	-23260.545
-44621	-23261.783
-27607	-23262.887
-28232	-23261.998
-45929	-23258.363
-52671	-23255.588
-44525	-23253.451
-27571	-23253.496
-28374	-23255.074
-46041	-23258.363
-52686	-23267.113
-44479	-23280.48
-27569	-23298.56
-28650	-23318.46
-46090	-23337.787
-52630	-23357.52
-44385	-23374.52
-27501	-23387.344
-28642	-23392.732
-46197	-23389.182
-52705	-23379.746
-44431	-23364.45
-27399	-23345.438
-28658	-23323.152
-46254	-23299.246
-52671	-23279.03
-44359	-23263.441
-27312	-23254.326
-28717	-23250.43
-46271	-23250.914
-52664	-23257.941
-44321	-23269.25
-27246	-23283.816
-28815	-23298.197
-46334	-23310.34
-52597	-23322.07
-44223	-23331.64
-27274	-23339.242
-29006	-23342.982
-46436	-23342.549
-52673	-23341.227
-44241	-23338.535
-27109	-23335.537
-28997	-23330.734
-46474	-23323.932
-52638	-23318.361
-44161	-23313.328
-27057	-23309.766
-29096	-23305.982
-46519	-23301.783
-52595	-23300.293
-44078	-23300.75
-26961	-23303.816
-29199	-23307.357
-46562	-23310.709
-52559	-23316.273
-44032	-23322.545
-26937	-23329.566
-29315	-23334.809
-46671	-23337.4
-52573	-23339.984
-43968	-23341.582
-27201	-23342.9
-29816	-23342.217
-46659	-23339.61
-52512	-23338.188
-43906	-23337.184
-27032	-23337.25
-29632	-23336.19
-46794	-23333.396
-52542	-23331.312
-43874	-23328.66
-26874	-23325.906
-29647	-23320.936
-46816	-23313.697
-52496	-23307.35
-43816	-23301.51
-26864	-23297.387
-29755	-23293.324
-46893	-23289.332
-52513	-23288.16
-43792	-23288.594
-26746	-23290.803
-29784	-23292.143
-47012	-23291.842
-52529	-23292.414
-43726	-23292.818
-26707	-23294.057
-29952	-23294.441
-47033	-23294.453
-52488	-23297.348
-43651	-23302.455
-26674	-23310.377
-30084	-23318.316
-47146	-23325.209
-52499	-23332.602
-43626	-23338.176
-26551	-23341.662
-30091	-23340.203
-47142	-23333.795
-52465	-23325.85
-43576	-23316.666
-26669	-23308.566
-30301	-23301.004
-47213	-23295.45
-52444	-23295.473
-43502	-23300.27
-26526	-23310.006
-30319	-23321.127
-47250	-23332.129
-52414	-23343.889
-43401	-23353.945
-26418	-23362.059
-30420	-23365.586
-47196	-23364.973
-52316	-23363.645
-43342	-23361.754
-27077	-23360.934
-30991	-23359.754
-47459	-23358.766
-52443	-23360.121
-43389	-23362.24
-26486	-23364.902
-30681	-23364.71
-47449	-23361.156
-52393	-23356.545
-43293	-23350.168
-26245	-23343.69
-30716	-23335.953
-47533	-23328.574
-52361	-23325.297
-43226	-23325.867
-26305	-23331.203
-30863	-23338.271
-47549	-23346.297
-52359	-23356.385
-43172	-23365.906
-26247	-23374.344
-30972	-23378.36
-47588	-23378.041
-52347	-23376.146
-43117	-23372.422
-26175	-23368.572
-31044	-23363.055
-47685	-23356.943
-52356	-23352.967
-43094	-23349.977
-26201	-23348.277
-31132	-23344.732
-47710	-23339.332
-52261	-23334.389
-42957	-23329.242
-26169	-23325.564
-31219	-23322.146
-47711	-23321.014
-52211	-23325.973
-42881	-23336.885
-26054	-23354.627
-31296	-23375.791
-47786	-23399.176
-52209	-23424.625
-42871	-23448.227
-26139	-23467.926
-31501	-23478.895
-47814	-23480.414
-52160	-23474.697
-42781	-23461.916
-26131	-23445.03
-31562	-23424.436
-47887	-23403.84
-52115	-23388.258
-42691	-23378.65
-25897	-23376.557
-31546	-23378.893
-47937	-23384.727
-52097	-23394.13
-42628	-23403.588
-25856	-23411.703
-31604	-23414.383
-47997	-23411.926
-52112	-23407.291
-42589	-23401.021
-25824	-23396.008
-31673	-23391.678
-48005	-23390.293
-52066	-23394.76
-42565	-23403.557
-25704	-23416.062
-31710	-23427.32
-48106	-23435.588
-52096	-23440.957
-42529	-23441.23
-25658	-23437.229
-31774	-23427.473
-48135	-23415.086
-52025	-23405.217
-42424	-23399.695
-25548	-23401.465
-31810	-23408.537
-48215	-23420.877
-52055	-23438.27
-42382	-23456.207
-25465	-23471.57
-31839	-23477.959
-48245	-23473.896
-52004	-23461.02
-42349	-23440.033
-25475	-23415.45
-31931	-23389.576
-48328	-23368.906
-51979	-23360.604
-42214	-23367.162
-25164	-23390.639
-31834	-23426.598
-48381	-23471.762
-51981	-23522.133
-42184	-23569.791
-25255	-23608.936
-31947	-23631.494
-48461	-23635.365
-51996	-23622.514
-42164	-23594.582
-25169	-23557.414
-31909	-23514.334
-48495	-23472.662
-51963	-23439.988
-42116	-23419.016
-25337	-23412.143
-32145	-23415.607
-48582	-23427.531
-51925	-23445.861
-42014	-23465.143
-24889	-23482.47
-32027	-23492.125
-48571	-23494.035
-51864	-23490.732
-41961	-23483.1
-24859	-23474.885
-32069	-23465.955
-48646	-23459.666
-51874	-23459.434
-41896	-23464.504
-24763	-23474.969
-32112	-23486.01
-48675	-23496.324
-51815	-23505.65
-41829	-23511.092
-24635	-23512.676
-32110	-23507.246
-48682	-23496.643
-51751	-23484.299
-41765	-23471.084
-24609	-23460.023
-32182	-23449.85
-48746	-23442.94
-51762	-23441.87
-41701	-23445.768
-24435	-23455.162
-32186	-23465.959
-48780	-23477.94
-51704	-23491.547
-41613	-23504.244
-24254	-23515.848
-32097	-23522.19
-48797	-23523.664
-51632	-23521.89
-41516	-23516.236
-24327	-23508.54
-32342	-23496.793
-48904	-23483.408
-51652	-23471.691
-41466	-23461.848
-24217	-23455.953
-32377	-23451.236
-48934	-23448.834
-51586	-23450.018
-41376	-23452.93
-24068	-23457.664
-32476	-23460.059
-49029	-23460.602
-51587	-23460.883
-41352	-23460.07
-24137	-23459.791
-32665	-23457.54
-49121	-23455.295
-51621	-23455.365
-41284	-23456.914
-23826	-23460.846
-32599	-23463.213
-49156	-23464.408
-51609	-23465.355
-41214	-23464.434
-23669	-23462.635
-32617	-23456.883
-49192	-23449.21
-51542	-23442.451
-41149	-23436.855
-23743	-23434.643
-32682	-23433.11
-49227	-23433.668
-51536	-23437.535
-41089	-23442.682
-23696	-23449.059
-32787	-23451.924
-49284	-23451.557
-51519	-23449.03
-41040	-23443.4
-23384	-23436.475
-32502	-23425.908
-49288	-23414.201
-51452	-23404.277
-40964	-23396.184
-23533	-23391.764
-32771	-23387.877
-49371	-23385.824
-51469	-23386.883
-40966	-23389.8
-23912	-23395.469
-33214	-23400.48
-49447	-23406.166
-51465	-23414.223
-40915	-23423.727
-23804	-23435.504
-33191	-23445.453
-49468	-23453.924
-51420	-23461.02
-40811	-23464.365
-23726	-23463.986
-33282	-23455.795
-49542	-23441.55
-51396	-23423.854
-40766	-23403.582
-23655	-23384.375
-33361	-23365.297
-49548	-23350.047
-51362	-23341.564
-40711	-23339.244
-23724	-23343.479
-33472	-23349.05
-49644	-23355.15
-51389	-23360.697
-40662	-23362.648
-23692	-23360.922
-33561	-23351.947
-49667	-23338.408
-51302	-23323.76
-40549	-23309.594
-23686	-23299.545
-33684	-23292.012
-49713	-23289.463
-51308	-23292.89
-40489	-23299.824
-23504	-23308.965
-33672	-23314.023
-49729	-23314.121
-51194	-23308.969
-40359	-23297.223
-23587	-23280.98
-33841	-23258.877
-49786	-23235.654
-51182	-23215.918
-40318	-23201.672
-23269	-23196.121
-33641	-23196.328
-49811	-23203.248
-51162	-23216.205
-40270	-23231.582
-23471	-23247.482
-33987	-23257.691
-49927	-23262.133
-51157	-23261.479
-40168	-23255.537
-23381	-23247.24
-34067	-23235.46
-49919	-23224.67
-51068	-23218.55
-40024	-23217.795
-23212	-23224.209
-34117	-23233.592
-49919	-23246.285
-50983	-23261.354
-39959	-23275.42
-23251	-23287.32
-34197	-23291.662
-49967	-23289.268
-50976	-23281.344
-39907	-23267.791
-23096	-23251.469
-34257	-23230.738
-50041	-23209.852
-50941	-23192.352
-39822	-23179.2
-23232	-23172.959
-34372	-23170.615
-50025	-23173.955
-50877	-23183.312
-39691	-23196.115
-23006	-23211.453
-34352	-23223.074
-50093	-23230.564
-50883	-23232.994
-39644	-23228.059
-23028	-23216.545
-34497	-23195.463
-50143	-23168.723
-50851	-23140.502
-39600	-23113.521
-23025	-23092.932
-34592	-23078.527
-50202	-23075.09
-50839	-23085.236
-39551	-23107.809
-22914	-23142.262
-34473	-23181.645
-50205	-23223.861
-50792	-23265.643
-39441	-23301.867
-23122	-23330.611
-34745	-23346.367
-50279	-23351.121
-50759	-23347.447
-39361	-23336.91
-22972	-23323.912
-34806	-23307.977
-50276	-23294.02
-50721	-23285.049
-39282	-23280.846
-22798	-23282.348
-34891	-23284.629
-50360	-23288.35
-50728	-23293.201
-39269	-23297.209
-23011	-23301.227
-35016	-23301.686
-50376	-23301.752
-50645	-23303.576
-39217	-23307.086
-23019	-23314.068
-35145	-23320.584
-50469	-23328.152
-50684	-23336.652
-39126	-23343.576
-22940	-23348.816
-35228	-23347.72
-50481	-23342.525
-50607	-23335.023
-39081	-23325.594
-23029	-23317.17
-35348	-23307.672
-50513	-23300.79
-50599	-23298.154
-39010	-23298.45
-23008	-23301.723
-35437	-23302.438
-50517	-23301.162
-50522	-23297.473
-38927	-23289.566
-22969	-23278.88
-35512	-23262.793
-50545	-23245.926
-50494	-23231.877
-38853	-23222.115
-22969	-23219.81
-35600	-23222.03
-50582	-23231.057
-50436	-23246.504
-38731	-23264.879
-23006	-23284.469
-35711	-23298.512
-50642	-23307.26
-50394	-23310.281
-38679	-23306.299
-23031	-23297.336
-35877	-23281.27
-50661	-23262.941
-50370	-23245.668
-38680	-23230.428
-23221	-23219.762
-36002	-23210.467
-50737	-23205.225
-50366	-23204.352
-38577	-23205.996
-23051	-23210.387
-36039	-23212.885
-50729	-23215.662
-50313	-23219.271
-38497	-23222.543
-23087	-23226.477
-36184	-23226.9
-50787	-23226.287
-50286	-23224.986
-38441	-23221.51
-23094	-23216.822
-36251	-23207.164
-50830	-23196.014
-50262	-23185.318
-38403	-23175.482
-23127	-23169.242
-36324	-23164.012
-50814	-23163.518
-50204	-23168.635
-38299	-23177.617
-23077	-23190.047
-36440	-23200.033
-50911	-23208.305
-50226	-23213.861
-38286	-23214.566
-23206	-23211.414
-36536	-23201.398
-50918	-23189.268
-50166	-23178.207
-38145	-23169.492
-23071	-23166.248
-36594	-23165.664
-50903	-23170.773
-50066	-23181.28
-38052	-23194.148
-23134	-23208.008
-36726	-23216.43
-50982	-23220.36
-50110	-23219.49
-38054	-23212.951
-23138	-23203.053
-36776	-23188.086
-51056	-23173.64
-50089	-23163.102
-37987	-23157.643
-23213	-23159.666
-36919	-23165.443
-51091	-23177.053
-50099	-23193.406
-37918	-23211.234
-23102	-23229.291
-36948	-23241.59
-51106	-23249.832
-49942	-23254.225
-37781	-23254.23
-23081	-23252.088
-37002	-23245.52
-51155	-23239.21
-49990	-23235.432
-37726	-23234.266
-23069	-23237.287
-37065	-23240.328
-51140	-23245.752
-49943	-23253.08
-37711	-23260.15
-23083	-23266.934
-37162	-23268.713
-51229	-23268.145
-49902	-23265.951
-37610	-23261.686
-23062	-23257.225
-37288	-23249.574
-51269	-23242.812
-49900	-23238.234
-37568	-23235.383
-23364	-23235.371
-37471	-23234.15
-51259	-23234.324
-49844	-23235.822
-37477	-23237.092
-23043	-23238.729
-37292	-23236.564
-51247	-23233.89
-49785	-23231.715
-37387	-23229.889
-23257	-23230.412
-37576	-23230.406
-51374	-23233.807
-49819	-23241.629
-37388	-23252.924
-23342	-23268.025
-37596	-23281.97
-51319	-23296.35
-49725	-23309.928
-37262	-23320.193
-23189	-23326.96
-37677	-23325.805
-51375	-23320.123
-49684	-23311.424
-37176	-23300.426
-23146	-23290.203
-37737	-23278.986
-51444	-23271.744
-49677	-23270.049
-37128	-23273.3
-23197	-23281.877
-37790	-23290.53
-51443	-23300.592
-49631	-23310.45
-37029	-23317.395
-23116	-23321.34
-37847	-23318.076
-51463	-23311.52
-49602	-23303.52
-36977	-23295.13
-23266	-23289.47
-37962	-23284.467
-51517	-23284.578
-49551	-23290.377
-36819	-23300.297
-23096	-23313.787
-38004	-23324.906
-51572	-23334.8
-49549	-23341.957
-36787	-23344.281
-23109	-23342.432
-38069	-23333.121
-51597	-23321.068
-49481	-23308.52
-36709	-23296.588
-23202	-23288.09
-38091	-23280.455
-51520	-23277.65
-49387	-23279.959
-36627	-23285.76
-23387	-23295.01
-38271	-23302.812
-51614	-23311.525
-49404	-23320.932
-36582	-23329.826
-23211	-23339.22
-38255	-23345.309
-51604	-23351.506
-49382	-23357.885
-36524	-23363.072
-23256	-23367.299
-38345	-23365.91
-51648	-23361.719
-49332	-23354.729
-36417	-23344.438
-23249	-23332.8
-38443	-23317.55
-51721	-23303.902
-49318	-23293.979
-36344	-23288.344
-23176	-23288.592
-38470	-23290.646
-51669	-23296.66
-49231	-23305.102
-36244	-23312.977
-23252	-23319.295
-38573	-23318.998
-51720	-23315.309
-49159	-23309.367
-36128	-23302.24
-23249	-23297.393
-38662	-23293.557
-51750	-23296.19
-49161	-23306.395
-36061	-23322.898
-23205	-23344.674
-38709	-23364.805
-51777	-23383.074
-49144	-23396.18
-36000	-23400.695
-23301	-23396.404
-38811	-23380.191
-51848	-23357.918
-49146	-23333.621
-35986	-23310.992
-23294	-23295.236
-38922	-23285.879
-51843	-23288.004
-49076	-23301.455
-35857	-23323.262
-23225	-23350.57
-39018	-23375.117
-51929	-23395.96
-49028	-23409.844
-35836	-23414.092
-23434	-23409.445
-39093	-23393.875
-51937	-23373.879
-49029	-23353.316
-35776	-23335.082
-23339	-23322.97
-39173	-23314.79
-51981	-23314.16
-48999	-23319.926
-35676	-23329.242
-23396	-23340.232
-39242	-23346.744
-51972	-23350.438
-48937	-23350.607
-35559	-23346.885
-23396	-23341.27
-39317	-23331.826
-51987	-23323.88
-48932	-23319.07
-35547	-23317.582
-23506	-23320.36
-39404	-23323.002
-52011	-23327.842
-48877	-23333.469
-35436	-23337.922
-23464	-23341.092
-39481	-23338.88
-52053	-23335.027
-48832	-23330.23
-35413	-23324.781
-23577	-23320.316
-39573	-23313.967
-52053	-23309.623
-48789	-23307.389
-35305	-23306.385
-23577	-23307.072
-39645	-23305.49
-52049	-23305.018
-48745	-23305.752
-35194	-23307.297
-23504	-23310.736
-39673	-23312.627
-52060	-23316.537
-48680	-23322.133
-35198	-23328.178
-23647	-23334.559
-39773	-23336.799
-52044	-23337.717
-48641	-23336.91
-35099	-23333.855
-23622	-23329.887
-39851	-23322.387
-52122	-23316.096
-48633	-23312.123
-35026	-23310.66
-23701	-23312.713
-39960	-23314.354
-52149	-23318.312
-48585	-23323.299
-34898	-23327.37
-23578	-23330.025
-40037	-23326.959
-52217	-23321.607
-48582	-23314.414
-34837	-23305.885
-23690	-23298.053
-40094	-23288.676
-52201	-23282.445
-48527	-23279.85
-34783	-23280.273
-23729	-23283.717
-40212	-23285.56
-52271	-23288.176
-48550	-23290.326
-34774	-23290.756
-23816	-23289.906
-40306	-23284.654
-52279	-23279.58
-48490	-23275.818
-34672	-23274.07
-23829	-23275.94
-40387	-23278.395
-52329	-23284.908
-48484	-23294.564
-34554	-23305.61
-23808	-23317.062
-40461	-23323.973
-52316	-23328.77
-48385	-23330.74
-34484	-23329.447
-23807	-23326.209
-40484	-23318.729
-52282	-23312.174
-48351	-23307.871
-34491	-23306.49
-24052	-23309.307
-40564	-23313.004
-52324	-23320.654
-48295	-23331.082
-34304	-23342.41
-23876	-23353.713
-40622	-23360.219
-52334	-23364.533
-48265	-23366.025
-34271	-23364.285
-24012	-23360.396
-40714	-23351.889
-52309	-23343.594
-48189	-23336.523
-34210	-23331.217
-24032	-23328.938
-40711	-23326.541
-52294	-23327.602
-48120	-23331.357
-34077	-23336.58
-24017	-23342.822
-40811	-23345.871
-52330	-23348.672
-48104	-23350.693
-33919	-23351.475
-23897	-23351.791
-40822	-23348.824
-52299	-23346.973
-48034	-23346.625
-33795	-23347.883
-23918	-23351.412
-40958	-23353.61
-52359	-23357.705
-48002	-23362.727
-33722	-23367.334
-23953	-23371.164
-41016	-23370.156
-52362	-23367.68
-47949	-23363.479
-33656	-23357.574
-24037	-23351.08
-41083	-23341.592
-52382	-23333.727
-47917	-23328.018
-33546	-23324.596
-23997	-23324.059
-41149	-23322.94
-52376	-23324.56
-47847	-23328.068
-33184	-23332.56
-23711	-23337.824
-41232	-23340.102
-52392	-23342.867
-47794	-23345.799
-33384	-23348.605
-24132	-23351.748
-41268	-23352.037
-52376	-23353.133
-47775	-23354.629
-33294	-23355.96
-24097	-23357.244
-41347	-23355.05
-52396	-23353.033
-47699	-23351.035
-32720	-23349.11
-23606	-23348.006
-41449	-23344.787
-52403	-23343.707
-47648	-23344.758
-33076	-23347.766
-24172	-23352.973
-41478	-23356.914
-52420	-23362.97
-47622	-23370.41
-33008	-23378.477
-24183	-23387.104
-41549	-23392.842
-52442	-23399.264
-47602	-23405.883
-32968	-23412.283
-24269	-23418.533
-41619	-23421.215
-52476	-23423.717
-47572	-23425.338
-32905	-23425.486
-24361	-23424.209
-41702	-23418.443
-52521	-23412.21
-47579	-23405.645
-32851	-23399.24
-24426	-23393.982
-41761	-23387.572
-52497	-23384.275
-47499	-23384.043
-32697	-23386.59
-24401	-23391.629
-41851	-23395.389
-52551	-23400.656
-47463	-23406.08
-32004	-23410.682
-23764	-23413.857
-41968	-23412.031
-52576	-23408.998
-47434	-23404.686
-32576	-23399.494
-24561	-23394.41
-42016	-23387.283
-52572	-23382.596
-47426	-23380.486
-32490	-23380.957
-24543	-23383.9
-42066	-23385.676
-52588	-23389.064
-47389	-23392.53
-32447	-23394.674
-24663	-23394.623
-42161	-23388.758
-52572	-23380.703
-47265	-23370.377
-32227	-23358.52
-24592	-23346.373
-42250	-23332.305
-52554	-23321.254
-47241	-23313.61
-32097	-23309.514
-24547	-23308.67
-42310	-23307.258
-52604	-23307.84
-47237	-23308.715
-32041	-23308.8
-24589	-23307.664
-42376	-23302.566
-52577	-23298.168
-47152	-23295.28
-31892	-23295.25
-24583	-23299.15
-42406	-23304.457
-52592	-23314.287
-47111	-23326.51
-31792	-23338.52
-24639	-23347.252
-42500	-23347.01
-52577	-23339.473
-47038	-23323.459
-31652	-23299.934
-24611	-23271.467
-42566	-23239.182
-52595	-23211.53
-47029	-23192.49
-31430	-23185.445
-24661	-23191.803
-42694	-23208.02
-52592	-23234.857
-46939	-23266.996
-31567	-23298.566
-24834	-23323.557
-42710	-23334.34
-52626	-23331.777
-46968	-23314.955
-31442	-23285.97
-24825	-23248.969
-42784	-23206.795
-52629	-23169.158
-46899	-23140.836
-31342	-23125.594
-24879	-23124.814
-42864	-23135.123
-52654	-23157.67
-46847	-23187.89
-31277	-23221.215
-24949	-23253.078
-42943	-23277.316
-52648	-23295.531
-46830	-23306.514
-31229	-23310.879
-25024	-23309.975
-43006	-23303.168
-52640	-23296.346
-46796	-23290.76
-31246	-23287.842
-25159	-23288.166
-43109	-23289.492
-52679	-23295.555
-46737	-23305.453
-31137	-23318.645
-25247	-23333.904
-43191	-23347.34
-52657	-23360.984
-46711	-23372.125
-31146	-23378.562
-25312	-23377.85
-43224	-23365.816
-52650	-23345.467
-46626	-23316.775
-31045	-23281.809
-25447	-23243.504
-43280	-23203.666
-52616	-23170.645
-46577	-23148.117
-32121	-23139.082
-29160	-23144.232
-43637	-23161.744
-52668	-23192.68
-46598	-23232.514
-31189	-23276.355
-25970	-23318.625
-43502	-23352.463
-52718	-23378.16
-46564	-23393.467
-30937	-23398.477
-25756	-23394.387
-43516	-23381.404
-52653	-23366.281
-46464	-23351.238
-30830	-23338.6
-25821	-23329.174
-43596	-23320.799
-52662	-23316.516
-46449	-23314.457
-30791	-23313.393
-25858	-23311.707
-43607	-23306.312
-52611	-23300.707
-46370	-23294.596
-30746	-23288.742
-25957	-23283.426
-43684	-23277.064
-52621	-23273.654
-46324	-23272.414
-30641	-23272.957
-25980	-23273.97
-43722	-23272.283
-52579	-23270.709
-46236	-23267.88
-30588	-23263.691
-26096	-23257.719
-43792	-23248.256
-52613	-23239.648
-46239	-23231.941
-30432	-23225.922
-26121	-23221.398
-43924	-23216.18
-52664	-23213.59
-46212	-23212.275
-30344	-23211.666
-26128	-23210.43
-43947	-23205.98
-52596	-23201.965
-46121	-23198.055
-31307	-23195.012
-28987	-23193.055
-44164	-23192.059
-52572	-23196.352
-46041	-23205.328
-30740	-23218.412
-26946	-23233.504
-44164	-23246.42
-52649	-23258.113
-46072	-23265.373
-30386	-23266.525
-26953	-23260.166
-44234	-23245.217
-52626	-23227.494
-46043	-23209.523
-30260	-23195.29
-26637	-23187.408
-44272	-23186.273
-52614	-23195.953
-46019	-23213.82
-30069	-23236.613
-26550	-23258.775
-44294	-23273.441
-52623	-23280.234
-45972	-23276.365
-29979	-23262.832
-26671	-23242.328
-44376	-23218.559
-52598	-23201.643
-45889	-23196.7
-29879	-23207.732
-26704	-23234.191
-44429	-23270.55
-52566	-23313.17
-45819	-23351.77
-29763	-23376.826
-26784	-23379.756
-44478	-23355.188
-52575	-23308.723
-45772	-23247.521
-29758	-23184.88
-26906	-23135.777
-44591	-23114.225
-52631	-23136.238
-45741	-23207.344
-29701	-23326.053
-26984	-23481.316
-44606	-23654.04
-52534	-23825.78
-45679	-23972.777
-30222	-24075.27
-28816	-24118.504
-44716	-24096.648
-52528	-24017.783
-45609	-23893.959
-30319	-23744.22
-27943	-23589.064
-44857	-23447.053
-52624	-23336.98
-45652	-23266.566
-29479	-23237.064
-27183	-23241.514
-44821	-23267.518
-52584	-23305.645
-45569	-23342.836
-29396	-23370.277
-27286	-23382.174
-44889	-23376.799
-52567	-23361.332
-45539	-23340.75
-29394	-23321.479
-27419	-23307.164
-44979	-23298.47
-52538	-23298.383
-45443	-23303.271
-29196	-23309.809
-27400	-23313.46
-45057	-23310.732
-52583	-23305.123
-45449	-23297.676
-29180	-23291.975
-27572	-23289.975
-45121	-23292.215
-52559	-23301.951
-45332	-23315.625
-29062	-23329.113
-27640	-23335.92
-45182	-23330.246
-52502	-23313.486
-45252	-23286.32
-28974	-23254.566
-27746	-23225.68
-45229	-23208.764
-52521	-23217.043
-45220	-23256.527
-28852	-23329.715
-27781	-23431.486
-45261	-23550.87
-52464	-23677.139
-45207	-23792.94
-29034	-23883.176
-28537	-23934.459
-45455	-23939.697
-52631	-23903.105
-45376	-23831.15
-30182	-23736.725
-29373	-23633.957
-46111	-23536.875
-53297	-23460.863
-45994	-23411.947
-29446	-23391.756
-28864	-23394.438
-46589	-23410.305
-53669	-23432.389
-46307	-23449.854
-29679	-23456.125
-29159	-23446.6
-46903	-23421.205
-53873	-23387.998
-46456	-23352.7
-29699	-23322.898
-29354	-23302.604
-47114	-23293.305
-54000	-23297.773
-46542	-23311.32
-29739	-23329.121
-29551	-23343.809
-47304	-23349.508
-54095	-23347.092
-46574	-23335.781
-29816	-23319.047
-29729	-23299.834
-47411	-23281.975
-54179	-23272.68
-46605	-23272.725
-29732	-23282.025
-29828	-23295.912
-47534	-23308.74
-54212	-23319.043
-46569	-23322.197
-29712	-23317.766
-29966	-23306.082
-47612	-23290.895
-54214	-23282.363
-46537	-23286.764
-29665	-23310.846
-30068	-23356.193
-47742	-23421.002
-54297	-23503.314
-46531	-23593.172
-30746	-23679.521
-32386	-23748.754
-47822	-23790.35
-54248	-23799.646
-46489	-23774.57
-29959	-23718.936
-30599	-23638.795
-47899	-23544.1
-54280	-23449.88
-46491	-23366.275
-29601	-23302.312
-30436	-23260.7
-47924	-23240.695
-54226	-23241.652
-46340	-23256.041
-29388	-23276.828
-30451	-23294.979
-47883	-23304.277
-54040	-23305.082
-46082	-23296.463
-28981	-23281.725
-30211	-23262.963
-47581	-23243.715
-53677	-23230.555
-45732	-23224.34
-28824	-23225.668
-30147	-23230.916
-47344	-23236.414
-53307	-23241.99
-45313	-23243.96
-28486	-23241.568
-29946	-23233.076
-47012	-23219.271
-52927	-23205.654
-44873	-23193.678
-28013	-23185.94
-29687	-23181.227
-46737	-23178.203
-52597	-23177.807
-44556	-23176.254
-27771	-23171.514
-29688	-23159.91
-46652	-23140.908
-52447	-23119.57
-44371	-23098.943
-27682	-23085.303
-29654	-23082.94
-46547	-23097.047
-52377	-23134.654
-44250	-23196.281
-28161	-23281.059
-30846	-23382.775
-46543	-23494.775
-52227	-23611.23
-44106	-23723.652
-28836	-23825.26
-31479	-23908.979
-46652	-23972.137
-52248	-24017.61
-44082	-24047.2
-27910	-24066.078
-30216	-24077.992
-46706	-24088.268
-52239	-24104.467
-44012	-24128.875
-27359	-24163.543
-30012	-24205.676
-46729	-24252.51
-52189	-24303.2
-43929	-24352.434
-27183	-24396.898
-30060	-24431.229
-46771	-24453.416
-52188	-24466.254
-43931	-24470.432
-27280	-24469.893
-30217	-24466.64
-46798	-24464.906
-52127	-24471.252
-43807	-24486.908
-27166	-24512.988
-30341	-24545.342
-46874	-24579.922
-52120	-24614.098
-43762	-24640.885
-27070	-24656.018
-30395	-24654.033
-46956	-24634.648
-52108	-24603.79
-43670	-24566.87
-26971	-24533.6
-30452	-24511.72
-46982	-24510.562
-52072	-24539.643
-43631	-24600.625
-26977	-24692.02
-30596	-24804.139
-47028	-24925.365
-52031	-25044.139
-43534	-25144.852
-27154	-25215.611
-30982	-25245.834
-47014	-25232.848
-52001	-25182.191
-43499	-25102.01
-27611	-25005.55
-31217	-24904.967
-47219	-24813.52
-52081	-24743.898
-43503	-24700.473
-26811	-24683.896
-30901	-24686.447
-47233	-24699.346
-51991	-24714.52
-43415	-24720.734
-26882	-24711.137
-31068	-24679.627
-47306	-24626.982
-52006	-24560.287
-43347	-24485.514
-26594	-24411.387
-31047	-24342.336
-47301	-24282.982
-51962	-24236.924
-43284	-24200.785
-26688	-24170.379
-31212	-24136.938
-47365	-24094.744
-51906	-24042.008
-43189	-23976.117
-26504	-23899.445
-31274	-23813.752
-47490	-23725.414
-51965	-23643.342
-43165	-23571.791
-26511	-23514.836
-31420	-23470.404
-47484	-23436.773
-51878	-23412.38
-43093	-23391.521
-26482	-23371.055
-31502	-23346.328
-47531	-23318.33
-51863	-23292.748
-43047	-23273.883
-26492	-23268.861
-31696	-23280.887
-47657	-23314.213
-51844	-23371.82
-43001	-23449.426
-25884	-23541.24
-31012	-23635.045
-47622	-23720.363
-51777	-23789.03
-42877	-23831.676
-27039	-23844.006
-32147	-23822.756
-47740	-23771.586
-51808	-23699.572
-42857	-23614.88
-26409	-23528.17
-31949	-23445.764
-47780	-23375.36
-51789	-23323.53
-42772	-23290.389
-26175	-23275.312
-31983	-23272.139
-47840	-23277.174
-51758	-23288.322
-42740	-23300.787
-26249	-23312.996
-32036	-23321.121
-47866	-23325.951
-51714	-23330.686
-42628	-23335.117
-26056	-23340.988
-32085	-23345.81
-47994	-23350.115
-51707	-23355.607
-42587	-23360.34
-25991	-23364.629
-32157	-23365.45
-48039	-23363.895
-51715	-23363.01
-42522	-23362.57
-25848	-23364.326
-32148	-23365.8
-48076	-23367.729
-51667	-23371.633
-42441	-23375.28
-25732	-23378.55
-32130	-23377.836
-48112	-23374.152
-51669	-23370.834
-42405	-23368.762
-25638	-23371.621
-32137	-23379.217
-48155	-23394.594
-51576	-23420.922
-42285	-23456.273
-24783	-23499.236
-31132	-23542.852
-48233	-23582.564
-51591	-23615.092
-42258	-23635.586
-25863	-23642.46
-32424	-23632.564
-48305	-23608.818
-51581	-23577.453
-42222	-23542.654
-25304	-23510.889
-32278	-23483.748
-48361	-23465.064
-51560	-23457.771
-42159	-23459.285
-25298	-23467.54
-32346	-23475.5
-48402	-23480.37
-51476	-23481.53
-42071	-23476.762
-25128	-23468.025
-32372	-23454.605
-48428	-23440.977
-51454	-23432.57
-41980	-23430.713
-24899	-23437.365
-32362	-23448.326
-48481	-23462.018
-51410	-23476.857
-41914	-23487.982
-24843	-23493.822
-32404	-23490.152
-48547	-23479.14
-51406	-23465.867
-41860	-23453.557
-24951	-23447.78
-32664	-23448.875
-48587	-23459.447
-51371	-23480.385
-41794	-23506.846
-24840	-23534.26
-32656	-23552.994
-48682	-23558.441
-51353	-23548.955
-41704	-23523.045
-24636	-23484.986
-32771	-23437.822
-48719	-23391.15
-51326	-23355.818
-41649	-23338.455
-23564	-23345.166
-31412	-23373.559
-48709	-23421.012
-51279	-23482.342
-41579	-23547.545
-24997	-23607.904
-33046	-23651.932
-48846	-23675.049
-51274	-23677.201
-41480	-23659.938
-24411	-23629.885
-32968	-23591.03
-48911	-23552.156
-51270	-23521.477
-41420	-23502.068
-24341	-23496.16
-32954	-23498.684
-48975	-23507.2
-51261	-23519.008
-41405	-23528.955
-24346	-23535.488
-33047	-23534.404
-48999	-23528.104
-51218	-23520.752
-41249	-23514.219
-24113	-23512.037
-33106	-23511.875
-49021	-23514.504
-51161	-23519.727
-41198	-23523.814
-24134	-23525.236
-33259	-23518.904
-49086	-23506.129
-51101	-23490.574
-41120	-23474.537
-24122	-23463.281
-33348	-23456.81
-49152	-23458.453
-51078	-23469.377
-41070	-23485.277
-24058	-23501.977
-33482	-23509.309
-49185	-23502.557
-51094	-23479.148
-41082	-23437.047
-24235	-23380.4
-33579	-23312.377
-49212	-23243.91
-51071	-23187.057
-40939	-23150.248
-23376	-23141.408
-32722	-23159.27
-49227	-23202.486
-51022	-23265.768
-40924	-23338.18
-24524	-23409.658
-33864	-23466.717
-49330	-23503.48
-50956	-23518.357
-40766	-23511.68
-23904	-23489.691
-33848	-23456.193
-49402	-23420.824
-50904	-23392.121
-40662	-23373.482
-23859	-23367.406
-33941	-23368.4
-49434	-23374.062
-50905	-23380.957
-40642	-23383.658
-23931	-23380.6
-34020	-23367.69
-49471	-23348.541
-50895	-23328.14
-40571	-23309.73
-23841	-23298.098
-34093	-23291.713
-49520	-23292.383
-50851	-23299.75
-40459	-23309.803
-23829	-23320.443
-34178	-23325.586
-49531	-23326.18
-50776	-23324.889
-40354	-23323.547
-23771	-23326.98
-34311	-23334.676
-49602	-23349.908
-50771	-23372.9
-40381	-23398.71
-23824	-23422.146
-34357	-23432.01
-49611	-23423.191
-50756	-23392.479
-40256	-23338.275
-23739	-23265.701
-34458	-23179.355
-49660	-23092.613
-50670	-23019.564
-40121	-22970.857
-23214	-22956.072
-34099	-22974.434
-49704	-23025.201
-50667	-23101.846
-40131	-23191.355
-24003	-23281.441
-34686	-23355.984
-49743	-23407.303
-50617	-23432.15
-40022	-23430.29
-23673	-23408.303
-34731	-23371.012
-49833	-23330.113
-50609	-23295.814
-39942	-23273.453
-23547	-23266.812
-34852	-23270.998
-49871	-23283.83
-50555	-23300.785
-39857	-23315.15
-23617	-23323.783
-34871	-23320.99
-49882	-23309.504
-50533	-23293.535
-39772	-23276.31
-23456	-23263.246
-34964	-23253.52
-49923	-23250.38
-50477	-23254.162
-39662	-23261.428
-23438	-23270.309
-35059	-23274.146
-49944	-23273.635
-50422	-23270.348
-39642	-23265.586
-23500	-23263.947
-35188	-23265.162
-50075	-23273.951
-50417	-23292.0
-39499	-23316.309
-23554	-23343.623
-35314	-23364.07
-50109	-23373.596
-50391	-23368.377
-39436	-23345.096
-23440	-23306.229
-35387	-23252.81
-50117	-23195.023
-50319	-23143.559
-39301	-23106.64
-23415	-23092.611
-35562	-23100.912
-50121	-23133.135
-50256	-23185.355
-39269	-23247.797
-23776	-23311.43
-35699	-23362.717
-50207	-23396.305
-50242	-23409.387
-39178	-23401.2
-23487	-23377.03
-35730	-23339.883
-50243	-23300.455
-50201	-23267.701
-39092	-23246.475
-23516	-23240.95
-35875	-23246.94
-50294	-23263.838
-50204	-23287.777
-39033	-23312.217
-23596	-23333.393
-36018	-23344.043
-50293	-23345.506
-50147	-23339.68
-38964	-23327.986
-23579	-23314.771
-36089	-23299.24
-50381	-23286.404
-50134	-23278.53
-38892	-23274.66
-23714	-23275.23
-36317	-23275.178
-50439	-23276.242
-50116	-23279.006
-38817	-23282.67
-23678	-23288.975
-36409	-23294.707
-50506	-23302.793
-50086	-23313.64
-38722	-23324.69
-23647	-23334.592
-36545	-23336.473
-50528	-23330.51
-50051	-23315.986
-38631	-23291.904
-23591	-23261.344
-36558	-23224.041
-50524	-23187.889
-49981	-23159.238
-38541	-23142.02
-23534	-23140.691
-36603	-23152.152
-50609	-23177.896
-49966	-23215.113
-38499	-23256.967
-23903	-23298.322
-36931	-23329.695
-50698	-23349.71
-49962	-23357.469
-38408	-23352.56
-23676	-23338.791
-36943	-23316.412
-50742	-23293.074
-49951	-23273.965
-38334	-23261.252
-23613	-23257.414
-36978	-23258.05
-50741	-23264.182
-49895	-23273.717
-38209	-23282.562
-23571	-23289.158
-37070	-23287.857
-50765	-23281.281
-49834	-23271.057
-38116	-23258.05
-23609	-23245.512
-37152	-23231.754
-50769	-23221.623
-49762	-23216.955
-38027	-23217.117
-23562	-23222.785
-37224	-23229.11
-50792	-23238.05
-49732	-23249.262
-37943	-23260.838
-23653	-23272.998
-37387	-23281.168
-50868	-23287.818
-49664	-23293.164
-37833	-23295.752
-23577	-23296.217
-37406	-23290.428
-50854	-23281.738
-49612	-23271.633
-37745	-23260.44
-23467	-23251.02
-37359	-23241.24
-50917	-23235.992
-49622	-23237.209
-37683	-23244.467
-23459	-23258.229
-37478	-23272.926
-50953	-23289.516
-49562	-23306.195
-37602	-23319.34
-23624	-23328.096
-37692	-23327.678
-51019	-23321.43
-49559	-23311.547
-37548	-23299.43
-23568	-23288.707
-37722	-23277.828
-51057	-23271.795
-49526	-23272.025
-37464	-23277.322
-23594	-23287.502
-37777	-23296.697
-51077	-23306.13
-49454	-23314.666
-37325	-23320.336
-23418	-23324.014
-37825	-23322.342
-51131	-23319.92
-49447	-23318.924
-37277	-23320.03
-23550	-23325.283
-37939	-23331.016
-51165	-23340.08
-49348	-23352.014
-37155	-23364.49
-23516	-23377.102
-38021	-23384.707
-51188	-23390.02
-49373	-23393.59
-37089	-23395.111
-23454	-23396.416
-38095	-23394.383
-51187	-23392.918
-49300	-23392.635
-37048	-23392.332
-23579	-23392.229
-38192	-23387.47
-51241	-23380.62
-49265	-23371.994
-36896	-23361.209
-23497	-23350.479
-38252	-23337.662
-51263	-23328.305
-49195	-23325.006
-36777	-23328.53
-23426	-23340.512
-38389	-23356.475
-51278	-23378.32
-49149	-23404.027
-36789	-23429.57
-23616	-23452.807
-38451	-23467.186
-51316	-23474.291
-49139	-23474.111
-36707	-23466.547
-23699	-23454.262
-38556	-23435.79
-51319	-23417.25
-49113	-23401.545
-36557	-23389.684
-23492	-23383.596
-38645	-23379.225
-51371	-23379.154
-49037	-23382.256
-36521	-23385.99
-23634	-23389.623
-38723	-23388.025
-51385	-23384.121
-49011	-23378.42
-36439	-23370.98
-23637	-23363.893
-38834	-23354.65
-51452	-23348.086
-48986	-23345.484
-36342	-23346.5
-23681	-23351.805
-38927	-23356.764
-51431	-23363.771
-48910	-23371.709
-36230	-23378.42
-23691	-23383.596
-39023	-23382.412
-51461	-23378.1
-48841	-23371.102
-36157	-23361.223
-23752	-23350.299
-39066	-23335.637
-51474	-23321.996
-48806	-23310.83
-36085	-23302.336
-23748	-23297.97
-39146	-23294.174
-51484	-23294.473
-48732	-23298.805
-35899	-23305.906
-23658	-23315.951
-39226	-23324.373
-51508	-23334.137
-48697	-23344.781
-35900	-23355.166
-23856	-23365.654
-39381	-23372.045
-51556	-23377.535
-48693	-23382.06
-35822	-23384.635
-23863	-23385.855
-39464	-23381.723
-51579	-23375.91
-48627	-23368.863
-35731	-23360.383
-23854	-23351.947
-39499	-23340.701
-51569	-23331.186
-48574	-23324.484
-35629	-23320.64
-23780	-23320.754
-39600	-23320.934
-51624	-23324.285
-48547	-23330.078
-35534	-23336.527
-23798	-23343.168
-39704	-23345.133
-51649	-23345.38
-48528	-23343.77
-35471	-23339.986
-23759	-23335.586
-39747	-23327.902
-51668	-23321.822
-48486	-23318.557
-35352	-23318.354
-23794	-23322.158
-39778	-23325.824
-51634	-23332.068
-48358	-23339.559
-35267	-23346.13
-23932	-23351.027
-39949	-23349.422
-51701	-23344.494
-48399	-23336.527
-35206	-23325.943
-23903	-23314.947
-39966	-23301.678
-51701	-23291.67
-48326	-23286.53
-35136	-23286.63
-24039	-23292.908
-40080	-23301.088
-51724	-23313.604
-48272	-23328.713
-34949	-23343.932
-23940	-23358.023
-40172	-23365.822
-51762	-23370.045
-48247	-23370.465
-34890	-23367.031
-23997	-23361.283
-40264	-23350.889
-51777	-23340.904
-48187	-23332.615
-34772	-23326.514
-23992	-23323.822
-40371	-23321.059
-51814	-23321.82
-48162	-23325.582
-34661	-23331.262
-23968	-23338.754
-40441	-23343.73
-51824	-23349.35
-48091	-23355.027
-34595	-23359.908
-24077	-23364.244
-40518	-23364.236
-51869	-23363.521
-48093	-23362.072
-34602	-23359.584
-24203	-23357.004
-40609	-23351.217
-51862	-23346.549
-48013	-23343.5
-34444	-23342.086
-24167	-23343.115
-40690	-23342.953
-51891	-23345.014
-48027	-23348.441
-34347	-23351.934
-24166	-23354.979
-40725	-23353.148
-51859	-23349.576
-47909	-23343.953
-34280	-23336.145
-24251	-23327.486
-40789	-23315.637
-51871	-23305.863
-47890	-23299.36
-34362	-23296.838
-24589	-23299.367
-40909	-23303.674
-51897	-23312.986
-47843	-23326.041
-34223	-23340.896
-24567	-23356.344
-40981	-23367.303
-51899	-23376.207
-47786	-23381.979
-34081	-23383.812
-24527	-23382.287
-41039	-23374.629
-51909	-23365.59
-47741	-23356.064
-34011	-23346.816
-24594	-23339.193
-41140	-23330.57
-51947	-23325.197
-47737	-23322.992
-33900	-23323.355
-24556	-23326.227
-41241	-23327.652
-51975	-23330.697
-47670	-23334.41
-33734	-23337.748
-24557	-23340.432
-41354	-23338.715
-52003	-23336.229
-47626	-23332.76
-33577	-23328.223
-24478	-23323.35
-41395	-23315.36
-51962	-23308.738
-47527	-23303.816
-33477	-23300.764
-24584	-23300.234
-41463	-23298.998
-52007	-23300.873
-47497	-23305.244
-33388	-23311.326
-24651	-23318.805
-41561	-23323.736
-51991	-23329.352
-47409	-23334.852
-33211	-23339.457
-24563	-23343.11
-41582	-23342.342
-51959	-23340.97
-47355	-23338.783
-32736	-23335.809
-24121	-23332.572
-41648	-23326.127
-52008	-23320.861
-47347	-23316.879
-33212	-23314.268
-24866	-23313.559
-41792	-23311.586
-52016	-23312.115
-47292	-23314.434
-33141	-23317.695
-24933	-23321.37
-41873	-23321.598
-52004	-23321.602
-47284	-23320.613
-33106	-23318.334
-25034	-23315.096
-41960	-23308.373
-52064	-23302.809
-47227	-23298.863
-32979	-23297.025
-25024	-23297.986
-42025	-23298.86
-52069	-23303.334
-47215	-23310.52
-32814	-23319.412
-25015	-23329.203
-42151	-23335.84
-52112	-23342.514
-47166	-23348.254
-32561	-23352.635
-24878	-23355.65
-42184	-23354.3
-52124	-23352.61
-47126	-23350.248
-32384	-23347.15
-24857	-23343.3
-42288	-23335.588
-52087	-23327.998
-47068	-23320.416
-32277	-23313.305
-24997	-23307.547
-42444	-23301.193
-52157	-23299.273
-47007	-23302.365
-32049	-23310.945
-24867	-23324.89
-42494	-23340.32
-52144	-23359.572
-46930	-23380.135
-32192	-23399.479
-26289	-23414.979
-42679	-23422.23
-52153	-23424.062
-46882	-23420.02
-32266	-23410.97
-25565	-23398.658
-42662	-23382.564
-52162	-23368.893
-46861	-23359.156
-31859	-23354.607
-25091	-23355.334
-42679	-23357.713
-52142	-23364.102
-46780	-23372.076
-31764	-23379.668
-25202	-23385.139
-42731	-23384.725
-52106	-23382.215
-46717	-23377.76
-31767	-23372.559
-25327	-23367.662
-42762	-23361.303
-52092	-23357.855
-46664	-23356.504
-31672	-23356.35
-25453	-23355.791
-42867	-23350.584
-52078	-23343.564
-46606	-23333.76
-31604	-23321.729
-25551	-23308.697
-43007	-23293.943
-52121	-23283.74
-46587	-23279.49
-31458	-23282.328
-25521	-23291.795
-43064	-23303.53
-52154	-23318.576
-46494	-23332.635
-31386	-23341.771
-25668	-23342.264
-43163	-23329.158
-52152	-23305.877
-46467	-23273.305
-31341	-23234.723
-25812	-23194.377
-43241	-23154.824
-52147	-23124.97
-46424	-23108.246
-32337	-23106.816
-29165	-23120.232
-43503	-23145.318
-52109	-23182.363
-46333	-23226.32
-31390	-23272.316
-26258	-23315.191
-43425	-23348.605
-52165	-23373.79
-46340	-23389.057
-31168	-23394.945
-26071	-23392.69
-43485	-23382.387
-52184	-23370.85
-46256	-23360.348
-31067	-23353.354
-26181	-23350.906
-43570	-23351.033
-52167	-23357.021
-46219	-23366.66
-30956	-23377.848
-26193	-23387.537
-43590	-23390.834
-52166	-23389.64
-46185	-23382.236
-30872	-23368.783
-26284	-23349.957
-43691	-23325.521
-52158	-23302.174
-46122	-23282.152
-30719	-23268.102
-26300	-23260.938
-43753	-23258.434
-52153	-23263.066
-46111	-23271.617
-30681	-23280.82
-26425	-23286.62
-43857	-23283.87
-52150	-23275.023
-46021	-23259.783
-30715	-23240.688
-26701	-23221.055
-43942	-23203.576
-52139	-23197.0
-46021	-23204.41
-30569	-23227.924
-26648	-23266.27
-44002	-23314.008
-52107	-23369.578
-45909	-23425.467
-31239	-23474.617
-29083	-23509.855
-44186	-23525.373
-52113	-23522.94
-45856	-23502.783
-30989	-23468.143
-27486	-23423.137
-44197	-23371.26
-52183	-23321.447
-45888	-23277.215
-30406	-23241.602
-26965	-23215.045
-44217	-23195.324
-52154	-23185.164
-45781	-23182.393
-30214	-23185.764
-26949	-23193.117
-44281	-23201.26
-52159	-23212.734
-45741	-23225.557
-30158	-23238.375
-27043	-23248.475
-44337	-23252.016
-52137	-23251.36
-45699	-23245.23
-30091	-23234.746
-27164	-23221.258
-44426	-23206.193
-52121	-23197.121
-45611	-23196.674
-29959	-23207.168
-27189	-23227.328
-44466	-23252.377
-52120	-23280.615
-45532	-23304.371
-29755	-23317.1
-27216	-23312.521
-44528	-23286.842
-52086	-23246.143
-45508	-23196.693
-29742	-23149.754
-27375	-23117.324
-44606	-23110.256
-52114	-23141.94
-45442	-23215.8
-29632	-23329.637
-27401	-23472.527
-44651	-23626.895
-52081	-23776.816
-45371	-23901.385
-29837	-23983.783
-28288	-24011.607
-44822	-23980.287
-52082	-23898.775
-45359	-23778.914
-29671	-23638.959
-27823	-23497.607
-44906	-23371.455
-52107	-23277.664
-45332	-23222.41
-29501	-23205.848
-27809	-23220.176
-45041	-23252.629
-52238	-23293.947
-45473	-23331.395
-29599	-23356.79
-28087	-23364.855
-45326	-23354.61
-52536	-23334.094
-45796	-23309.05
-30512	-23286.566
-30066	-23270.447
-45951	-23262.006
-53004	-23264.014
-46156	-23272.49
-30302	-23283.346
-29114	-23290.883
-46362	-23290.604
-53366	-23285.39
-46417	-23276.002
-30247	-23266.473
-29179	-23259.662
-46519	-23257.586
-53479	-23265.396
-46471	-23281.21
-30187	-23302.176
-29340	-23321.787
-46716	-23333.285
-53556	-23336.14
-46487	-23327.988
-30171	-23311.514
-29454	-23290.773
-46855	-23272.533
-53587	-23269.277
-46478	-23287.812
-30131	-23333.432
-29596	-23404.754
-46869	-23495.43
-53563	-23599.328
-46420	-23702.441
-30732	-23791.357
-31215	-23851.967
-46987	-23874.85
-53531	-23859.504
-46377	-23807.54
-30161	-23727.162
-29903	-23628.383
-47084	-23522.998
-53588	-23426.912
-46337	-23348.973
-29908	-23295.51
-29882	-23266.027
-47109	-23256.238
-53526	-23263.43
-46241	-23278.943
-29805	-23296.031
-29992	-23307.375
-47139	-23308.697
-53474	-23303.072
-46127	-23291.414
-29642	-23277.74
-29949	-23264.082
-47028	-23252.373
-53249	-23247.506
-45823	-23248.3
-29386	-23253.555
-29824	-23258.908
-46772	-23260.3
-52901	-23258.693
-45440	-23251.764
-28992	-23240.277
-29685	-23223.877
-46483	-23203.879
-52559	-23186.158
-45056	-23171.893
-28647	-23163.086
-29524	-23158.232
-46333	-23155.654
-52344	-23157.133
-44817	-23159.787
-28469	-23162.695
-29506	-23163.258
-46211	-23160.773
-52181	-23159.564
-44625	-23160.371
-28287	-23165.908
-29527	-23176.037
-46162	-23190.924
-52039	-23213.459
-44480	-23240.867
-29032	-23270.617
-31106	-23297.03
-46159	-23315.709
-51993	-23325.13
-44385	-23322.393
-28519	-23307.166
-29918	-23278.787
-46250	-23239.824
-51975	-23198.652
-44303	-23161.094
-27981	-23135.365
-29692	-23127.07
-46232	-23141.857
-51967	-23187.166
-44234	-23263.43
-27879	-23369.523
-29806	-23498.389
-46297	-23641.414
-51905	-23791.625
-44184	-23936.96
-27744	-24067.633
-29763	-24173.111
-46346	-24247.275
-51896	-24291.607
-44080	-24307.463
-27844	-24301.602
-30025	-24280.701
-46410	-24254.174
-51873	-24234.402
-44046	-24227.633
-27680	-24238.549
-30149	-24265.209
-46499	-24303.516
-51868	-24349.926
-43987	-24395.264
-27741	-24432.402
-30239	-24453.332
-46559	-24454.99
-51894	-24441.625
-43957	-24417.197
-27681	-24390.355
-30371	-24368.236
-46586	-24359.307
-51846	-24372.934
-43884	-24410.744
-27486	-24471.834
-30366	-24547.922
-46641	-24629.371
-51812	-24708.031
-43787	-24771.986
-27938	-24813.25
-31236	-24824.691
-46694	-24805.719
-51784	-24762.488
-43776	-24701.852
-27877	-24634.062
-30949	-24566.781
-46811	-24508.094
-51819	-24466.363
-43744	-24442.793
-27472	-24436.873
-30829	-24442.297
-46866	-24453.23
-51792	-24466.469
-43703	-24475.777
-27344	-24478.523
-30888	-24470.916
-46907	-24453.281
-51773	-24429.975
-43618	-24401.906
-27241	-24371.441
-31003	-24336.92
-46964	-24297.906
-51733	-24255.963
-43547	-24208.479
-27245	-24155.209
-31075	-24093.725
-47021	-24025.373
-51735	-23955.621
-43464	-23886.94
-27089	-23823.836
-31153	-23766.84
-47065	-23717.453
-51671	-23677.959
-43412	-23644.854
-27018	-23615.42
-31253	-23583.215
-47089	-23545.236
-51641	-23502.848
-43351	-23456.178
-27129	-23409.844
-31424	-23367.328
-47158	-23335.705
-51603	-23323.947
-43302	-23335.242
-27087	-23371.441
-31524	-23427.125
-47240	-23495.793
-51606	-23570.45
-43260	-23638.92
-27089	-23691.55
-31622	-23717.695
-47187	-23713.31
-51493	-23680.99
-43154	-23624.385
-27475	-23552.371
-31997	-23472.62
-47320	-23395.7
-51519	-23332.693
-43096	-23288.041
-26891	-23264.479
-31813	-23257.684
-47331	-23263.428
-51524	-23278.066
-43068	-23294.262
-26505	-23307.87
-31341	-23313.363
-47352	-23310.518
-51422	-23303.568
-42981	-23294.506
-27322	-23287.62
-32279	-23283.531
-47527	-23284.52
-51489	-23292.883
-42911	-23306.523
-26586	-23323.957
-32039	-23339.748
-47533	-23352.104
-51434	-23362.154
-42802	-23368.71
-26550	-23373.764
-32139	-23376.404
-47606	-23379.164
-51446	-23385.824
-42795	-23395.58
-26524	-23408.406
-32191	-23419.604
-47669	-23427.438
-51457	-23431.963
-42767	-23430.672
-26471	-23424.545
-32231	-23412.52
-47693	-23398.566
-51406	-23389.2
-42746	-23387.434
-26592	-23397.604
-32330	-23418.691
-47776	-23450.941
-51434	-23493.982
-42677	-23541.979
-25834	-23590.21
-31530	-23629.938
-47797	-23656.605
-51372	-23668.998
-42604	-23665.373
-26757	-23648.162
-32561	-23618.254
-47919	-23581.465
-51379	-23545.602
-42575	-23514.42
-26316	-23492.484
-32456	-23478.703
-47942	-23473.578
-51354	-23477.404
-42491	-23485.81
-25966	-23496.363
-32414	-23502.959
-47992	-23504.424
-51316	-23502.219
-42429	-23495.89
-25898	-23488.314
-32453	-23478.932
-48070	-23470.945
-51302	-23468.264
-42307	-23470.295
-25596	-23477.475
-32454	-23484.977
-48105	-23491.244
-51277	-23495.95
-42302	-23495.94
-25615	-23491.502
-32504	-23480.129
-48191	-23464.688
-51246	-23450.309
-42219	-23439.328
-25481	-23435.92
-32526	-23439.057
-48246	-23450.076
-51217	-23469.625
-42122	-23493.521
-25452	-23518.723
-32617	-23537.738
-48287	-23547.912
-51200	-23549.318
-42061	-23541.045
-25339	-23526.758
-32658	-23507.787
-48337	-23490.613
-51181	-23482.652
-41962	-23486.973
-24327	-23506.611
-31551	-23537.258
-48338	-23575.28
-51114	-23615.936
-41927	-23650.83
-25466	-23673.639
-32909	-23675.795
-48419	-23655.771
-51088	-23616.86
-41834	-23563.066
-25084	-23503.406
-32843	-23444.08
-48494	-23395.379
-51122	-23366.592
-41792	-23360.732
-24866	-23379.229
-32831	-23415.111
-48559	-23462.732
-51075	-23515.55
-41710	-23563.91
-24878	-23601.934
-33026	-23621.828
-48613	-23623.568
-51056	-23610.984
-41656	-23587.256
-24789	-23559.225
-32948	-23529.19
-48644	-23502.861
-50985	-23484.86
-41524	-23474.945
-24634	-23473.488
-33087	-23475.223
-48661	-23479.31
-50941	-23485.96
-41441	-23493.47
-24464	-23503.344
-33092	-23512.98
-48726	-23524.344
-50927	-23539.273
-41396	-23555.543
-24574	-23571.854
-33182	-23581.402
-48755	-23581.688
-50877	-23571.557
-41319	-23548.678
-24541	-23515.426
-33346	-23472.094
-48792	-23425.979
-50910	-23386.033
-41276	-23358.328
-23612	-23349.951
-32513	-23360.312
-48841	-23389.818
-50866	-23436.043
-41244	-23491.188
-24952	-23547.955
-33714	-23594.639
-48971	-23625.793
-50818	-23639.193
-41159	-23633.434
-24441	-23612.654
-33651	-23578.719
-49023	-23539.701
-50822	-23503.68
-41100	-23474.594
-24349	-23456.396
-33709	-23445.69
-49007	-23441.984
-50785	-23443.553
-40999	-23445.826
-24278	-23447.271
-33794	-23442.941
-49102	-23434.617
-50736	-23425.469
-40921	-23416.77
-24331	-23411.916
-33936	-23408.543
-49086	-23408.135
-50671	-23410.842
-40863	-23413.385
-24508	-23414.668
-34012	-23409.57
-49086	-23399.639
-50657	-23387.91
-40795	-23376.467
-24302	-23370.33
-34067	-23369.264
-49153	-23376.836
-50620	-23393.984
-40709	-23416.49
-24186	-23440.03
-34137	-23453.969
-49175	-23453.088
-50572	-23433.682
-40630	-23392.947
-24236	-23334.365
-34287	-23260.61
-49257	-23183.002
-50515	-23114.22
-40552	-23064.102
-23594	-23042.377
-33699	-23049.436
-49271	-23085.953
-50529	-23147.42
-40562	-23223.186
-24507	-23302.701
-34589	-23370.883
-49394	-23420.168
-50544	-23446.555
-40461	-23448.484
-23773	-23430.982
-34111	-23397.375
-49416	-23357.957
-50492	-23322.57
-40389	-23296.814
-24191	-23285.64
-34698	-23285.64
-49459	-23296.066
-50472	-23313.838
-40294	-23332.713
-24009	-23349.398
-34777	-23357.156
-49524	-23356.707
-50466	-23350.217
-40249	-23338.916
-23984	-23326.703
-34847	-23312.031
-49552	-23298.197
-50370	-23286.658
-40116	-23275.89
-23927	-23266.33
-34943	-23253.652
-49594	-23240.28
-50327	-23228.887
-40061	-23220.92
-23889	-23220.338
-34993	-23225.467
-49668	-23238.926
-50353	-23260.574
-40009	-23285.879
-23954	-23310.82
-35167	-23325.473
-49713	-23326.346
-50306	-23311.043
-39946	-23278.006
-23926	-23231.496
-35235	-23174.043
-49751	-23116.484
-50255	-23069.71
-39859	-23041.535
-23897	-23039.303
-35244	-23061.334
-49753	-23107.54
-50229	-23172.945
-39826	-23247.166
-24171	-23320.945
-35469	-23380.92
-49811	-23421.83
-50201	-23441.268
-39742	-23438.67
-24014	-23419.281
-35613	-23385.77
-49891	-23347.895
-50200	-23313.86
-39681	-23288.004
-23965	-23274.36
-35687	-23269.139
-49941	-23272.627
-50185	-23282.543
-39612	-23294.365
-23941	-23306.398
-35741	-23313.17
-49936	-23316.795
-50112	-23319.334
-39502	-23321.31
-23991	-23325.354
-35887	-23328.295
-49945	-23332.338
-50059	-23337.264
-39394	-23340.43
-23841	-23341.465
-35931	-23335.56
-49971	-23325.47
-50017	-23313.73
-39308	-23301.803
-23832	-23293.746
-36082	-23287.99
-50040	-23288.258
-49966	-23295.06
-39213	-23305.139
-23881	-23316.15
-36198	-23319.969
-50091	-23315.475
-49921	-23301.432
-39104	-23276.844
-23801	-23245.418
-36274	-23207.824
-50136	-23172.668
-49921	-23147.074
-38993	-23135.006
-23683	-23140.45
-36321	-23159.096
-50176	-23190.562
-49904	-23230.408
-38936	-23270.473
-23935	-23305.188
-36564	-23325.355
-50266	-23330.895
-49892	-23323.121
-38818	-23304.336
-23752	-23281.14
-36621	-23255.871
-50282	-23237.236
-49877	-23230.504
-38787	-23236.533
-23860	-23255.693
-36723	-23280.68
-50334	-23309.44
-49853	-23337.418
-38754	-23358.799
-23910	-23371.523
-36844	-23370.531
-50442	-23359.7
-49855	-23342.719
-38645	-23322.457
-23862	-23304.1
-36965	-23286.9
-50472	-23275.78
-49809	-23272.1
-38542	-23273.979
-23874	-23280.818
-37059	-23286.482
-50511	-23292.01
-49787	-23297.045
-38462	-23300.35
-23807	-23303.61
-37092	-23303.84
-50529	-23305.188
-49780	-23309.188
-38479	-23315.023
-24024	-23323.227
-37224	-23328.71
-50607	-23333.018
-49718	-23335.615
-38312	-23334.78
-23764	-23331.756
-37113	-23323.424
-50632	-23314.395
-49664	-23307.457
-38234	-23303.703
-23712	-23305.777
-37194	-23310.283
-50620	-23320.1
-49647	-23334.857
-38133	-23351.514
-23809	-23369.008
-37429	-23381.385
-50731	-23390.098
-49654	-23395.223
-38104	-23396.04
-23886	-23394.547
-37522	-23388.096
-50699	-23381.271
-49568	-23376.072
-37994	-23372.518
-23842	-23372.123
-37567	-23370.742
-50751	-23371.045
-49571	-23372.836
-37958	-23374.525
-23928	-23376.541
-37651	-23374.48
-50725	-23371.346
-49472	-23367.777
-37853	-23363.041
-23854	-23358.463
-37717	-23350.326
-50750	-23342.076
-49411	-23334.605
-37769	-23327.473
-23779	-23322.32
-37757	-23315.775
-50777	-23311.582
-49378	-23310.885
-37684	-23313.055
-23798	-23319.088
-37824	-23324.424
-50796	-23331.184
-49338	-23338.594
-37579	-23344.379
-23706	-23348.344
-37853	-23345.627
-50861	-23339.314
-49344	-23330.488
-37507	-23319.592
-23637	-23309.518
-37884	-23298.264
-50854	-23290.855
-49271	-23289.162
-37419	-23292.877
-23619	-23302.84
-37907	-23313.797
-50889	-23327.389
-49249	-23342.088
-37331	-23354.996
-23764	-23365.674
-38052	-23369.416
-50957	-23369.426
-49257	-23367.018
-37285	-23362.83
-23686	-23359.568
-38088	-23354.87
-50991	-23353.227
-49251	-23355.861
-37141	-23361.922
-23585	-23371.975
-38162	-23381.086
-51087	-23391.361
-49199	-23402.17
-36940	-23411.867
-23502	-23420.934
-38204	-23425.072
-51095	-23427.623
-49172	-23429.13
-36855	-23429.12
-23484	-23428.879
-38273	-23424.64
-51172	-23419.955
-49144	-23415.527
-36753	-23411.152
-23477	-23408.432
-38293	-23404.176
-51177	-23402.564
-49079	-23404.66
-36601	-23410.14
-23467	-23419.926
-38416	-23429.258
-51230	-23440.18
-49054	-23451.197
-36514	-23459.547
-23502	-23464.293
-38499	-23460.012
-51311	-23449.473
-49043	-23433.443
-36377	-23412.75
-23497	-23390.76
-38558	-23366.396
-51338	-23346.074
-48982	-23332.717
-36261	-23327.45
-23407	-23331.812
-38590	-23341.17
-51405	-23357.078
-48980	-23377.33
-36177	-23398.352
-23439	-23418.262
-38693	-23430.96
-51401	-23438.549
-48926	-23441.227
-36122	-23439.236
-23551	-23435.092
-38806	-23426.812
-51497	-23419.719
-48951	-23415.55
-36048	-23414.54
-23576	-23417.611
-38908	-23420.127
-51572	-23424.281
-48922	-23428.895
-35936	-23432.086
-23542	-23433.777
-38977	-23429.568
-51608	-23423.08
-48911	-23415.18
-35836	-23406.35
-23516	-23398.533
-39071	-23388.748
-51697	-23381.123
-48919	-23376.217
-35807	-23373.436
-23587	-23373.271
-39150	-23371.244
-51747	-23370.209
-48879	-23369.85
-35497	-23369.387
-22991	-23369.514
-39051	-23366.164
-51784	-23362.805
-48874	-23359.695
-35977	-23356.291
-24824	-23353.207
-39708	-23346.822
-52086	-23340.482
-49012	-23334.43
-35901	-23328.338
-24399	-23323.3
-39686	-23316.035
-52059	-23310.588
-48946	-23307.625
-35648	-23307.129
-23942	-23310.145
-39666	-23312.807
-52053	-23318.361
-48914	-23326.332
-35541	-23335.496
-23859	-23345.729
-39746	-23352.309
-52124	-23357.857
-48875	-23361.836
-35301	-23363.375
-23722	-23362.947
-39811	-23356.775
-52179	-23348.63
-48861	-23339.05
-35205	-23328.385
-23801	-23318.156
-39896	-23305.51
-52204	-23294.8
-48797	-23286.877
-35172	-23281.836
-23994	-23280.465
-40024	-23278.732
-52209	-23279.447
-48741	-23281.676
-35041	-23283.893
-24014	-23285.63
-40118	-23282.32
-52247	-23277.143
-48681	-23270.32
-34846	-23262.309
-23902	-23254.898
-40179	-23245.732
-52237	-23239.643
-48593	-23237.541
-34921	-23239.334
-24182	-23245.18
-40307	-23250.34
-52275	-23256.861
-48600	-23263.12
-34878	-23267.34
-24294	-23269.182
-40441	-23264.898
-52310	-23258.53
-48566	-23251.246
-34846	-23244.096
-24364	-23238.922
-40499	-23232.941
-52302	-23229.924
-48530	-23229.379
-34852	-23229.842
-24533	-23230.627
-40605	-23227.127
-52291	-23222.557
-48507	-23217.217
-34856	-23211.982
-24696	-23209.182
-40744	-23207.3
-52314	-23211.498
-48421	-23222.416
-34762	-23239.06
-24698	-23259.898
-40836	-23278.398
-52301	-23294.559
-48384	-23305.008
-34699	-23307.166
-24799	-23301.004
-40918	-23284.541
-52262	-23264.795
-48288	-23246.19
-34599	-23233.225
-24776	-23230.266
-41017	-23235.914
-52275	-23253.213
-48267	-23278.76
-34546	-23306.645
-24744	-23330.58
-41083	-23340.508
-52223	-23335.367
-48168	-23313.2
-34475	-23275.762
-24790	-23229.365
-41179	-23179.416
-52237	-23140.07
-48159	-23121.305
-34369	-23130.588
-24814	-23172.238
-41242	-23241.748
-52212	-23336.803
-48076	-23446.982
-34283	-23559.137
-24855	-23660.396
-41316	-23735.752
-52210	-23780.926
-48017	-23792.543
-34184	-23772.154
-24862	-23726.604
-41399	-23662.08
-52229	-23593.28
-48016	-23530.26
-34179	-23480.613
-24996	-23449.139
-41472	-23433.014
-52214	-23433.045
-47889	-23443.586
-33971	-23457.777
-24921	-23469.738
-41604	-23471.611
-52241	-23464.986
-47818	-23450.21
-33869	-23429.742
-24927	-23408.053
-41625	-23386.48
-52162	-23372.732
-47761	-23369.01
-33740	-23375.584
-24942	-23391.275
-41709	-23409.754
-52206	-23431.0
-47736	-23450.709
-33653	-23465.273
-25031	-23472.79
-41797	-23469.344
-52252	-23459.537
-47728	-23444.955
-33526	-23427.943
-24996	-23411.418
-41876	-23394.59
-52221	-23383.08
-47611	-23377.56
-33411	-23377.928
-24975	-23383.9
-41881	-23391.32
-52188	-23402.865
-47605	-23417.002
-33431	-23432.316
-25156	-23447.986
-42018	-23460.1
-52233	-23471.9
-47526	-23482.531
-33372	-23491.477
-25250	-23498.764
-42083	-23501.438
-52229	-23503.709
-47448	-23505.795
-33248	-23508.184
-25290	-23511.762
-42164	-23514.166
-52212	-23519.78
-47418	-23528.283
-32599	-23539.371
-25156	-23552.264
-42283	-23563.037
-52192	-23574.451
-47357	-23585.025
-33102	-23593.61
-25490	-23599.652
-42304	-23600.135
-52219	-23599.176
-47316	-23596.918
-32924	-23593.992
-25394	-23591.19
-42392	-23586.287
-52212	-23583.514
-47274	-23582.59
-32773	-23583.041
-25329	-23584.398
-42404	-23583.059
-52149	-23582.232
-47272	-23580.875
-32661	-23578.555
-25327	-23575.156
-42518	-23568.01
-52178	-23561.477
-47176	-23555.672
-32419	-23551.045
-25213	-23548.027
-42583	-23543.922
-52152	-23542.637
-47087	-23543.371
-32408	-23545.396
-25377	-23547.916
-42629	-23547.33
-52114	-23546.867
-47033	-23545.635
-32261	-23543.268
-25341	-23539.807
-42702	-23532.78
-52155	-23526.812
-47037	-23521.938
-32210	-23518.646
-25481	-23517.271
-42829	-23515.25
-52205	-23516.229
-47039	-23519.54
-32279	-23524.59
-25660	-23530.525
-43051	-23533.852
-52390	-23537.557
-47204	-23540.55
-32759	-23542.158
-27432	-23541.625
-43639	-23536.49
-52869	-23530.531
-47667	-23523.441
-33004	-23515.354
-26719	-23506.47
-44072	-23494.521
-53244	-23483.896
-47973	-23474.484
-33026	-23466.613
-26748	-23460.45
-44433	-23453.516
-53509	-23449.951
-48136	-23449.096
-33127	-23450.662
-26896	-23454.072
-44560	-23456.139
-53582	-23460.12
-48199	-23464.697
-33152	-23469.008
-27074	-23472.092
-44707	-23470.69
-53599	-23468.215
-48214	-23463.814
-33156	-23457.44
-27157	-23449.143
-44834	-23436.945
-53641	-23425.613
-48152	-23415.625
-32976	-23408.182
-27222	-23404.06
-44974	-23401.63
-53697	-23405.256
-48203	-23414.191
-33101	-23427.633
-27428	-23443.912
-45104	-23458.504
-53796	-23472.955
-48204	-23484.227
-33025	-23490.176
-27565	-23488.883
-45172	-23477.184
-53752	-23459.23
-48126	-23435.715
-32956	-23408.938
-27669	-23381.42
-45216	-23353.844
-53742	-23332.9
-48042	-23320.225
-34022	-23316.799
-31153	-23321.861
-45445	-23332.902
-53699	-23351.178
-48012	-23373.092
-33115	-23395.3
-28146	-23414.045
-45354	-23424.307
-53736	-23427.898
-48005	-23423.438
-32877	-23411.385
-27971	-23392.828
-45345	-23367.766
-53624	-23342.654
-47802	-23319.55
-32502	-23300.777
-27784	-23287.217
-45162	-23276.838
-53343	-23272.541
-47439	-23271.818
-32160	-23272.377
-27646	-23271.062
-44898	-23263.389
-53003	-23251.656
-47044	-23234.912
-31726	-23214.332
-27396	-23191.475
-44641	-23167.02
-52667	-23147.734
-46637	-23135.4
-31366	-23131.52
-27252	-23135.29
-44429	-23142.738
-52392	-23154.334
-46377	-23165.318
-31172	-23171.861
-27211	-23170.37
-44287	-23157.537
-52207	-23138.25
-46206	-23115.287
-31087	-23094.41
-27246	-23081.77
-44293	-23082.094
-52156	-23104.664
-46078	-23151.938
-30831	-23224.32
-27194	-23318.088
-44276	-23425.398
-52055	-23542.172
-45991	-23659.156
-30728	-23768.824
-27509	-23864.432
-44346	-23940.707
-52046	-24000.758
-45931	-24045.723
-30748	-24079.48
-27455	-24105.668
-44393	-24126.508
-52001	-24148.7
-45820	-24172.97
-30536	-24199.648
-27475	-24226.951
-44479	-24251.627
-52059	-24276.045
-45872	-24298.754
-30546	-24320.28
-27579	-24340.629
-44562	-24358.982
-52032	-24379.635
-45772	-24401.43
-30443	-24423.188
-27603	-24441.637
-44574	-24452.219
-51994	-24456.033
-45735	-24451.066
-30352	-24438.379
-27709	-24420.066
-44666	-24399.287
-52025	-24385.586
-45706	-24383.586
-30236	-24397.443
-27711	-24427.076
-44681	-24467.914
-51974	-24517.287
-45586	-24565.477
-30135	-24603.375
-27807	-24621.93
-44767	-24614.963
-51977	-24586.617
-45559	-24542.096
-30101	-24492.77
-27917	-24451.887
-44844	-24432.479
-51992	-24450.223
-45521	-24511.035
-29991	-24614.887
-27957	-24752.568
-44831	-24907.383
-51909	-25063.18
-45417	-25198.02
-30046	-25293.605
-28531	-25335.623
-44869	-25317.72
-51843	-25246.795
-45364	-25133.307
-29899	-24994.814
-28191	-24849.81
-44925	-24715.365
-51884	-24609.191
-45330	-24538.025
-29797	-24502.668
-28199	-24495.51
-44971	-24503.775
-51902	-24517.363
-45292	-24522.367
-29713	-24509.494
-28275	-24472.545
-45067	-24410.387
-51950	-24331.336
-45252	-24242.258
-29682	-24152.416
-28392	-24068.254
-45124	-23993.557
-51901	-23933.357
-45207	-23884.898
-29557	-23844.479
-28402	-23805.598
-45144	-23762.229
-51862	-23714.832
-45132	-23661.812
-29493	-23605.64
-28484	-23548.938
-45181	-23495.123
-51894	-23451.86
-45096	-23420.771
-29236	-23402.865
-28562	-23394.818
-45274	-23391.715
-51877	-23392.303
-45039	-23390.994
-29161	-23385.13
-28608	-23371.924
-45384	-23351.12
-51902	-23328.799
-44986	-23307.67
-29219	-23292.197
-28781	-23283.93
-45439	-23283.182
-51884	-23292.678
-44907	-23308.959
-29471	-23328.836
-29833	-23346.69
-45453	-23358.281
-51817	-23364.244
-44861	-23363.277
-29203	-23357.156
-29047	-23347.006
-45562	-23334.969
-51838	-23327.531
-44864	-23325.846
-29021	-23331.416
-29101	-23342.158
-45612	-23355.254
-51851	-23371.38
-44771	-23386.57
-28911	-23399.09
-29162	-23405.998
-45682	-23406.188
-51802	-23403.943
-44729	-23399.746
-28738	-23396.24
-29112	-23393.49
-45716	-23391.64
-51847	-23394.182
-44765	-23399.195
-28964	-23405.955
-29389	-23411.29
-45776	-23412.965
-51832	-23413.459
-44702	-23411.512
-28864	-23408.402
-29400	-23403.672
-45787	-23397.963
-51793	-23395.729
-44617	-23396.447
-28539	-23400.926
-29422	-23406.719
-45896	-23411.97
-51801	-23418.62
-44543	-23424.326
-28503	-23429.084
-29552	-23431.125
-45939	-23430.305
-51751	-23430.95
-44460	-23433.041
-28451	-23438.316
-29679	-23445.447
-46039	-23453.518
-51777	-23464.709
-44463	-23476.23
-29235	-23486.662
-31231	-23492.395
-46057	-23491.947
-51727	-23486.904
-44357	-23477.31
-28596	-23465.08
-30004	-23450.162
-46117	-23434.012
-51772	-23421.498
-44400	-23412.97
-28310	-23409.898
-29979	-23410.432
-46178	-23413.39
-51713	-23420.783
-44358	-23430.129
-28303	-23440.895
-30057	-23450.031
-46242	-23456.227
-51737	-23461.916
-44277	-23465.586
-28135	-23467.748
-30107	-23466.338
-46302	-23460.852
-51712	-23454.422
-44169	-23446.24
-27962	-23437.812
-30120	-23428.002
-46334	-23417.527
-51668	-23410.525
-44100	-23406.705
-27903	-23407.293
-30278	-23409.867
-46374	-23413.043
-51686	-23417.953
-44081	-23421.514
-28011	-23422.64
-30416	-23418.117
-46467	-23407.55
-51657	-23395.068
-44024	-23382.137
-27865	-23373.03
-30473	-23369.432
-46518	-23374.297
-51646	-23392.432
-43981	-23422.844
-27889	-23464.297
-30654	-23510.596
-46561	-23556.1
-51637	-23597.65
-43945	-23628.729
-28376	-23646.195
-31586	-23646.275
-46581	-23629.992
-51576	-23603.29
-43873	-23569.95
-28142	-23536.275
-31016	-23505.234
-46678	-23480.312
-51622	-23465.791
-43886	-23460.012
-27768	-23461.395
-30952	-23464.195
-46736	-23464.764
-51588	-23462.984
-43789	-23456.475
-27546	-23446.682
-30951	-23433.496
-46757	-23420.062
-51531	-23412.445
-43728	-23412.14
-27596	-23421.2
-31115	-23436.668
-46815	-23456.174
-51539	-23478.748
-43702	-23499.305
-27481	-23515.264
-31106	-23522.127
-46890	-23519.469
-51544	-23511.195
-43622	-23498.818
-27412	-23486.355
-31223	-23474.26
-46940	-23464.291
-51532	-23459.24
-43588	-23456.613
-27452	-23454.871
-31402	-23448.988
-46946	-23437.22
-51492	-23421.82
-43551	-23403.451
-27466	-23386.895
-31523	-23375.139
-47004	-23374.133
-51443	-23391.275
-43454	-23428.059
-27404	-23484.867
-31588	-23555.205
-47056	-23632.074
-51485	-23708.586
-43426	-23773.662
-27551	-23819.303
-31896	-23836.95
-47056	-23824.715
-51391	-23786.914
-43356	-23728.527
-27796	-23659.105
-32024	-23586.336
-47136	-23520.137
-51419	-23470.385
-43364	-23440.275
-27476	-23431.352
-31972	-23438.402
-47206	-23456.438
-51432	-23481.262
-43281	-23505.154
-27445	-23523.662
-32076	-23530.977
-47225	-23526.582
-51353	-23514.033
-43168	-23495.0
-27339	-23473.873
-32114	-23451.543
-47259	-23431.24
-51361	-23416.963
-43165	-23408.18
-27344	-23405.459
-32184	-23405.475
-47321	-23407.713
-51317	-23413.74
-43092	-23421.867
-27237	-23432.66
-32253	-23443.164
-47389	-23453.357
-51329	-23464.594
-43014	-23474.46
-27136	-23482.377
-32302	-23484.504
-47394	-23480.766
-51259	-23473.727
-42994	-23463.78
-27174	-23454.45
-32417	-23446.514
-47450	-23444.244
-51226	-23452.941
-42862	-23473.303
-26926	-23506.36
-32447	-23547.54
-47559	-23593.746
-51260	-23642.195
-42899	-23686.117
-26549	-23721.422
-31901	-23741.537
-47484	-23744.93
-51193	-23733.652
-42843	-23709.014
-27311	-23675.695
-32697	-23635.752
-47656	-23594.695
-51227	-23558.785
-42793	-23529.73
-26716	-23509.943
-32505	-23496.535
-47671	-23488.914
-51202	-23487.193
-42751	-23488.123
-26665	-23490.867
-32525	-23491.459
-47685	-23490.176
-51187	-23489.219
-42689	-23487.996
-26577	-23488.22
-32576	-23487.58
-47737	-23487.01
-51147	-23488.4
-42616	-23490.082
-26439	-23492.564
-32584	-23492.545
-47802	-23490.713
-51115	-23489.371
-42561	-23488.154
-26306	-23489.021
-32566	-23490.072
-47824	-23492.71
-51097	-23499.21
-42457	-23508.072
-26212	-23519.45
-32600	-23529.025
-47926	-23536.26
-51102	-23541.842
-42427	-23543.879
-26054	-23543.506
-32608	-23538.514
-47966	-23531.338
-51083	-23525.924
-42333	-23523.264
-25683	-23526.457
-32558	-23533.615
-47994	-23545.975
-51038	-23564.78
-42257	-23587.307
-24695	-23612.762
-31313	-23635.574
-47951	-23653.922
-50967	-23667.686
-42235	-23675.18
-26165	-23677.533
-32847	-23672.775
-48119	-23663.496
-51039	-23653.564
-42171	-23643.926
-25705	-23637.21
-32744	-23631.2
-48096	-23626.883
-50966	-23625.42
-42119	-23624.562
-25490	-23624.344
-32806	-23620.678
-48161	-23614.258
-50949	-23607.232
-42037	-23599.66
-25383	-23594.295
-32809	-23589.592
-48197	-23587.877
-50912	-23591.508
-41942	-23598.938
-25302	-23610.043
-32826	-23619.496
-48240	-23625.998
-50895	-23629.176
-41902	-23626.615
-25304	-23619.484
-32972	-23605.906
-48263	-23589.625
-50864	-23575.615
-41817	-23566.121
-25139	-23565.008
-32981	-23570.15
-48305	-23582.016
-50834	-23599.734
-41761	-23618.107
-25172	-23633.627
-33106	-23638.506
-48316	-23630.8
-50801	-23611.11
-41792	-23579.89
-25241	-23542.42
-33157	-23501.355
-48382	-23464.654
-50784	-23440.246
-41662	-23431.686
-23937	-23442.53
-31854	-23468.422
-48366	-23506.215
-50726	-23551.354
-41652	-23595.832
-25380	-23634.113
-33388	-23657.867
-48512	-23665.64
-50762	-23659.371
-41576	-23640.959
-24891	-23616.543
-33304	-23588.28
-48500	-23562.602
-50714	-23544.709
-41506	-23535.129
-24889	-23534.701
-33434	-23537.732
-48578	-23542.455
-50731	-23547.225
-41457	-23548.678
-24832	-23547.283
-33535	-23540.225
-48613	-23530.688
-50694	-23522.443
-41404	-23516.447
-24668	-23515.07
-33546	-23514.504
-48659	-23514.545
-50628	-23514.31
-41264	-23510.275
-24532	-23502.277
-33552	-23486.893
-48670	-23467.543
-50613	-23449.193
-41193	-23435.266
-24532	-23431.217
-33627	-23436.129
-48735	-23451.422
-50599	-23475.348
-41152	-23500.826
-24569	-23521.215
-33752	-23524.65
-48766	-23505.793
-50561	-23462.479
-41112	-23394.701
-24609	-23309.676
-33822	-23214.06
-48813	-23122.254
-50558	-23048.986
-41051	-23004.666
-23836	-22998.06
-33027	-23027.318
-48792	-23089.416
-50535	-23176.236
-41032	-23273.816
-24819	-23369.402
-34144	-23446.97
-48939	-23499.033
-50531	-23522.957
-40941	-23519.12
-24589	-23494.727
-34179	-23454.97
-48941	-23411.148
-50445	-23373.041
-40864	-23345.473
-24459	-23332.15
-34142	-23328.395
-48932	-23332.17
-50454	-23339.992
-40816	-23346.398
-24537	-23349.904
-34346	-23346.168
-48998	-23338.334
-50409	-23330.473
-40744	-23324.926
-24503	-23325.426
-34385	-23329.213
-49037	-23336.63
-50390	-23345.945
-40671	-23352.402
-24417	-23353.898
-34437	-23344.988
-49066	-23328.037
-50362	-23307.408
-40637	-23287.463
-24486	-23275.63
-34609	-23273.598
-49167	-23286.107
-50349	-23313.684
-40579	-23350.766
-24406	-23390.75
-34650	-23420.084
-49167	-23430.82
-50327	-23416.809
-40516	-23374.184
-24451	-23306.748
-34744	-23218.92
-49209	-23124.814
-50265	-23039.986
-40446	-22977.361
-23999	-22949.088
-34380	-22956.77
-49207	-23001.213
-50221	-23076.344
-40391	-23168.973
-24432	-23265.863
-34899	-23349.193
-49272	-23409.504
-50227	-23441.621
-40324	-23444.086
-24236	-23423.225
-34931	-23384.277
-49317	-23340.088
-50231	-23302.135
-40303	-23277.305
-24363	-23270.844
-35082	-23278.678
-49379	-23298.625
-50196	-23325.229
-40257	-23350.256
-24119	-23369.012
-34826	-23373.96
-49370	-23366.312
-50162	-23349.178
-40224	-23325.607
-24564	-23301.773
-35231	-23278.385
-49417	-23260.467
-50162	-23249.98
-40138	-23245.084
-24311	-23245.068
-35267	-23243.807
-49446	-23241.73
-50087	-23239.436
-39996	-23236.96
-24099	-23237.9
-35342	-23240.967
-49504	-23250.287
-50067	-23267.188
-39976	-23288.861
-24219	-23312.828
-35398	-23329.928
-49546	-23336.705
-50075	-23329.467
-39875	-23304.922
-24165	-23265.408
-35513	-23211.625
-49552	-23153.51
-50006	-23101.258
-39780	-23063.197
-24114	-23048.31
-35572	-23056.885
-49523	-23091.47
-49987	-23148.686
-39767	-23219.031
-24177	-23293.553
-35695	-23357.883
-49657	-23405.416
-49977	-23431.459
-39666	-23433.584
-24092	-23415.855
-35755	-23380.648
-49696	-23338.684
-49955	-23299.541
-39600	-23269.57
-24173	-23254.922
-35899	-23253.29
-49696	-23265.502
-49933	-23288.129
-39524	-23314.486
-24081	-23340.164
-35936	-23356.568
-49745	-23363.537
-49886	-23361.447
-39473	-23350.992
-24184	-23336.732
-36020	-23318.771
-49741	-23303.396
-49863	-23294.203
-39420	-23291.518
-24268	-23296.58
-36223	-23304.258
-49782	-23315.17
-49781	-23327.938
-39324	-23339.703
-24167	-23350.623
-36269	-23356.336
-49836	-23359.705
-49785	-23361.97
-39300	-23362.592
-24286	-23363.074
-36384	-23359.365
-49826	-23353.617
-49741	-23345.78
-39214	-23334.229
-24214	-23320.117
-36459	-23300.018
-49833	-23277.975
-49689	-23256.705
-39119	-23237.602
-24086	-23224.564
-36427	-23215.637
-49841	-23215.26
-49659	-23224.625
-39092	-23241.67
-24211	-23265.906
-36608	-23290.908
-49951	-23316.412
-49689	-23340.217
-38977	-23358.824
-24199	-23371.734
-36693	-23374.16
-49942	-23369.191
-49611	-23358.621
-38903	-23343.451
-24162	-23327.496
-36789	-23309.607
-49981	-23295.291
-49591	-23287.379
-38846	-23286.32
-24121	-23293.904
-36843	-23305.621
-50033	-23322.885
-49584	-23343.877
-38777	-23364.812
-24131	-23384.02
-36921	-23394.951
-50052	-23398.822
-49561	-23395.475
-38696	-23384.475
-24057	-23368.842
-36919	-23347.277
-50087	-23325.895
-49532	-23308.328
-38645	-23296.121
-24171	-23292.035
-37119	-23292.408
-50137	-23299.281
-49516	-23311.104
-38592	-23324.25
-24105	-23337.207
-37117	-23343.73
-50128	-23345.432
-49446	-23342.46
-38504	-23334.684
-24148	-23325.078
-37218	-23311.932
-50179	-23300.621
-49424	-23293.473
-38435	-23290.705
-23992	-23293.752
-37127	-23297.947
-50173	-23305.105
-49441	-23314.182
-38466	-23322.436
-24296	-23329.992
-37314	-23332.455
-50220	-23333.004
-49387	-23332.855
-38392	-23332.094
-24329	-23332.936
-37463	-23332.164
-50211	-23333.15
-49282	-23335.975
-38301	-23339.035
-24350	-23342.691
-37540	-23342.262
-50265	-23340.486
-49329	-23337.857
-38272	-23334.11
-24166	-23331.557
-37480	-23327.572
-50305	-23326.37
-49316	-23329.094
-38146	-23334.979
-24064	-23344.707
-37525	-23353.209
-50319	-23362.07
-49285	-23370.166
-38076	-23375.436
-24004	-23378.518
-37606	-23375.69
-50392	-23371.055
-49209	-23366.404
-37977	-23362.578
-23982	-23362.35
-37662	-23362.74
-50393	-23367.086
-49166	-23375.047
-37876	-23384.297
-23905	-23394.064
-37732	-23398.375
-50422	-23398.713
-49146	-23394.44
-37797	-23384.7
-23861	-23371.855
-37837	-23353.854
-50497	-23336.39
-49146	-23322.402
-37664	-23313.28
-23749	-23311.744
-37915	-23314.092
-50517	-23322.992
-49106	-23337.078
-37648	-23353.121
-23940	-23369.816
-38018	-23380.904
-50519	-23388.025
-49037	-23390.707
-37557	-23388.402
-23845	-23383.408
-38030	-23373.45
-50523	-23363.736
-49017	-23356.29
-37552	-23351.584
-23935	-23351.438
-38099	-23351.836
-50552	-23355.303
-48995	-23360.844
-37469	-23366.36
-24043	-23371.816
-38229	-23372.367
-50612	-23371.016
-48965	-23368.182
-37349	-23363.635
-23869	-23359.488
-38239	-23352.805
-50594	-23347.807
-48904	-23345.418
-37236	-23345.324
-23746	-23348.72
-38324	-23351.371
-50667	-23356.174
-48927	-23362.697
-37277	-23369.58
-23937	-23377.373
-38368	-23381.572
-50632	-23385.127
-48824	-23387.703
-37149	-23388.232
-24004	-23387.63
-38481	-23381.92
-50681	-23374.697
-48844	-23366.54
-37149	-23357.428
-24086	-23349.465
-38536	-23339.918
-50697	-23333.336
-48794	-23330.832
-37081	-23332.328
-24186	-23339.115
-38699	-23347.02
-50741	-23358.707
-48801	-23373.012
-37014	-23387.898
-24061	-23403.092
-38731	-23413.53
-50772	-23421.994
-48779	-23428.236
-36949	-23431.75
-24099	-23434.152
-38804	-23432.287
-50787	-23430.29
-48721	-23428.676
-36912	-23426.922
-24233	-23425.992
-38907	-23421.707
-50798	-23417.04
-48709	-23411.62
-36789	-23404.627
-24079	-23397.238
-38949	-23386.07
-50798	-23375.436
-48674	-23366.13
-36751	-23358.275
-24132	-23353.535
-38989	-23348.25
-50837	-23345.672
-48654	-23345.164
-36682	-23345.295
-24142	-23346.168
-39053	-23343.277
-50808	-23339.65
-48591	-23335.232
-36673	-23329.7
-24247	-23324.773
-39112	-23317.367
-50837	-23311.652
-48549	-23307.98
-36501	-23305.793
-24123	-23305.883
-39176	-23303.877
-50837	-23302.662
-48466	-23301.635
-36426	-23299.916
-24107	-23298.643
-39224	-23294.387
-50842	-23291.404
-48462	-23290.348
-36344	-23291.262
-24132	-23295.45
-39259	-23298.908
-50827	-23304.498
-48417	-23310.975
-36297	-23316.535
-24192	-23320.93
-39387	-23319.598
-50926	-23315.906
-48407	-23310.227
-36240	-23303.172
-24191	-23297.377
-39427	-23290.822
-50965	-23288.602
-48397	-23291.494
-36178	-23299.146
-24298	-23311.645
-39538	-23323.68
-50990	-23336.61
-48411	-23347.844
-36167	-23354.744
-24289	-23356.787
-39609	-23349.697
-51036	-23337.57
-48441	-23321.709
-36214	-23303.803
-24454	-23287.37
-39894	-23271.076
-51311	-23260.47
-48689	-23256.363
-36462	-23258.33
-24770	-23266.443
-40312	-23275.357
-51773	-23286.646
-49136	-23298.05
-36805	-23307.361
-25069	-23314.533
-40771	-23315.5
-52149	-23314.465
-49399	-23312.236
-36996	-23309.875
-25360	-23309.826
-41085	-23309.535
-52378	-23313.309
-49584	-23320.918
-37132	-23331.271
-25444	-23344.137
-41339	-23354.299
-52577	-23363.867
-49701	-23371.32
-37152	-23375.42
-25501	-23376.883
-41501	-23372.25
-52676	-23366.094
-49746	-23359.31
-37127	-23352.78
-25637	-23348.57
-41668	-23343.812
-52768	-23342.582
-49781	-23344.57
-37107	-23348.836
-25606	-23355.408
-41690	-23359.467
-52808	-23363.502
-49780	-23366.326
-37102	-23366.86
-25692	-23365.766
-41821	-23359.379
-52816	-23351.793
-49751	-23343.396
-37014	-23334.684
-25712	-23327.354
-41902	-23318.352
-52826	-23311.914
-49736	-23307.904
-37049	-23305.924
-25855	-23306.527
-41943	-23305.57
-52848	-23306.193
-49743	-23307.469
-37023	-23308.441
-25826	-23309.54
-41962	-23306.732
-52876	-23303.508
-49674	-23299.404
-36812	-23294.0
-25752	-23288.164
-42030	-23278.26
-52846	-23268.156
-49540	-23257.6
-36674	-23246.45
-25759	-23235.787
-42015	-23222.273
-52777	-23210.068
-49389	-23199.19
-36412	-23189.658
-25544	-23182.605
-41781	-23174.572
-52457	-23169.33
-49026	-23166.303
-35458	-23164.938
-24469	-23165.53
-41468	-23163.79
-52062	-23163.13
-48644	-23162.7
-35821	-23161.934
-25413	-23161.58
-41221	-23158.422
-51781	-23156.531
-48261	-23155.77
-35259	-23156.049
-24937	-23158.148
-41066	-23158.307
-51587	-23159.912
-48049	-23161.873
-35097	-23163.21
-24987	-23164.156
-40950	-23161.127
-51454	-23158.193
-47883	-23155.758
-34859	-23154.914
-24812	-23158.102
-40890	-23163.871
-51327	-23177.928
-47735	-23201.355
-34657	-23234.924
-24755	-23279.537
-40962	-23331.352
-51386	-23392.922
-47709	-23461.98
-34566	-23536.08
-24780	-23613.623
-41015	-23689.02
-51374	-23764.283
-47631	-23837.324
-34536	-23906.783
-24822	-23972.467
-41065	-24030.557
-51362	-24084.568
-47614	-24133.818
-34444	-24178.04
-24866	-24217.934
-41110	-24250.447
-51367	-24279.824
-47630	-24306.148
-34531	-24329.967
-25099	-24352.6
-41237	-24371.465
-51400	-24390.766
-47549	-24410.08
-34311	-24428.94
-24981	-24447.305
-41215	-24461.232
-51344	-24473.773
-47490	-24483.96
-34308	-24491.531
-25054	-24497.422
-41297	-24499.168
-51404	-24501.602
-47491	-24505.09
-34269	-24510.158
-25159	-24517.48
-41366	-24523.438
-51412	-24530.928
-47450	-24538.047
-34112	-24543.426
-25004	-24546.691
-41412	-24544.443
-51420	-24541.055
-47394	-24537.428
-34066	-24535.291
-25187	-24537.107
-41434	-24541.201
-51368	-24551.928
-47306	-24567.908
-33897	-24586.938
-25037	-24606.414
-41457	-24619.613
-51366	-24627.062
-47283	-24625.936
-33918	-24615.533
-25168	-24597.598
-41534	-24572.117
-51411	-24547.156
-47277	-24526.639
-33811	-24514.23
-25179	-24512.336
-41627	-24517.266
-51435	-24529.533
-47213	-24542.873
-33781	-24550.088
-25271	-24544.217
-41653	-24516.1
-51427	-24465.887
-47202	-24392.697
-33774	-24299.81
-25382	-24194.197
-41726	-24081.5
-51458	-23974.875
-47158	-23882.03
-33214	-23808.924
-24851	-23758.406
-41787	-23726.084
-51431	-23711.186
-47151	-23706.172
-33699	-23703.094
-25491	-23695.176
-41861	-23674.191
-51454	-23641.54
-47125	-23597.258
-33415	-23544.635
-25327	-23489.008
-41904	-23432.914
-51485	-23384.857
-47077	-23347.23
-33392	-23320.684
-25428	-23304.049
-41970	-23291.184
-51452	-23281.918
-47062	-23271.83
-33487	-23258.383
-25600	-23241.014
-41971	-23217.852
-51453	-23195.178
-46996	-23175.576
-33304	-23162.154
-25531	-23157.258
-42035	-23158.525
-51460	-23168.516
-46950	-23183.736
-33138	-23200.53
-25496	-23215.48
-42109	-23222.791
-51430	-23224.908
-46895	-23221.498
-32947	-23214.693
-25372	-23207.879
-42189	-23201.639
-51527	-23202.812
-46942	-23212.293
-32968	-23230.037
-25508	-23254.3
-42249	-23278.924
-51506	-23303.688
-46901	-23323.934
-32946	-23336.748
-25599	-23340.89
-42318	-23333.96
-51496	-23321.885
-46842	-23307.043
-32470	-23293.207
-25187	-23283.734
-42345	-23277.865
-51472	-23280.31
-46779	-23289.443
-32541	-23303.445
-25367	-23319.75
-42382	-23332.764
-51475	-23344.113
-46771	-23351.598
-32541	-23355.04
-25493	-23355.143
-42479	-23350.262
-51526	-23345.664
-46747	-23341.568
-32446	-23338.65
-25477	-23336.895
-42517	-23332.8
-51519	-23329.47
-46694	-23325.205
-32464	-23319.762
-25660	-23313.365
-42612	-23304.057
-51485	-23296.787
-46669	-23291.832
-32423	-23290.23
-25677	-23292.229
-42663	-23294.65
-51527	-23300.236
-46651	-23306.658
-32224	-23312.682
-25642	-23317.217
-42686	-23317.22
-51485	-23317.145
-46555	-23317.322
-32166	-23319.54
-25742	-23325.191
-42745	-23332.352
-51509	-23344.621
-46546	-23359.543
-32113	-23374.725
-25736	-23386.879
-42764	-23390.172
-51518	-23385.977
-46497	-23372.447
-32024	-23350.564
-25778	-23322.92
-42803	-23290.979
-51504	-23263.371
-46474	-23243.836
-32007	-23236.035
-25906	-23241.447
-42857	-23256.943
-51521	-23283.666
-46464	-23315.986
-32069	-23348.822
-26001	-23376.977
-42899	-23393.928
-51519	-23401.314
-46419	-23398.402
-31979	-23387.605
-26044	-23372.475
-42977	-23354.793
-51537	-23342.258
-46395	-23336.943
-31947	-23340.27
-26134	-23351.47
-43058	-23365.773
-51551	-23383.574
-46339	-23400.34
-31872	-23413.133
-26207	-23419.53
-43081	-23416.3
-51556	-23407.715
-46344	-23394.447
-31897	-23378.982
-26386	-23363.303
-43189	-23346.76
-51561	-23333.94
-46321	-23324.006
-31861	-23316.709
-26427	-23310.943
-43202	-23303.67
-51549	-23298.227
-46264	-23294.025
-31788	-23292.232
-26468	-23293.686
-43268	-23297.104
-51591	-23306.47
-46243	-23320.357
-31764	-23337.367
-26580	-23354.55
-43337	-23366.412
-51569	-23373.262
-46215	-23371.508
-31693	-23359.959
-26583	-23338.447
-43371	-23306.518
-51596	-23271.004
-46196	-23235.21
-31659	-23203.918
-26742	-23180.596
-43454	-23165.7
-51540	-23163.78
-46142	-23172.988
-31614	-23191.14
-26731	-23214.252
-43509	-23236.035
-51613	-23256.227
-46154	-23271.033
-31472	-23279.246
-26725	-23280.451
-43541	-23273.822
-51592	-23265.244
-46066	-23256.604
-31435	-23250.877
-26835	-23249.607
-43601	-23251.55
-51567	-23260.014
-46052	-23272.639
-31409	-23287.604
-26844	-23301.959
-43598	-23311.174
-51596	-23316.867
-46021	-23317.084
-31389	-23312.145
-26964	-23302.469
-43689	-23287.598
-51589	-23273.059
-45959	-23259.895
-31090	-23250.145
-26833	-23244.312
-43697	-23240.545
-51545	-23241.816
-45929	-23245.975
-31042	-23251.86
-26889	-23257.264
-43764	-23258.777
-51581	-23258.908
-45917	-23256.326
-31012	-23251.781
-26944	-23245.574
-43814	-23236.908
-51561	-23230.582
-45829	-23226.756
-30936	-23226.61
-27044	-23229.805
-43851	-23234.027
-51538	-23241.918
-45744	-23251.426
-30821	-23261.709
-27240	-23271.027
-43913	-23276.748
-51539	-23281.969
-45715	-23285.621
-30871	-23288.463
-27251	-23290.422
-43984	-23290.19
-51607	-23291.547
-45752	-23293.752
-30802	-23297.1
-27270	-23300.553
-44044	-23301.754
-51581	-23303.652
-45693	-23304.918
-30696	-23305.996
-27326	-23306.502
-44091	-23305.172
-51549	-23306.107
-45684	-23308.951
-30824	-23314.588
-27512	-23322.35
-44094	-23330.088
-51554	-23340.361
-45685	-23351.043
-30724	-23361.37
-27504	-23369.543
-44154	-23373.018
-51552	-23374.79
-45644	-23374.047
-30565	-23371.951
-27484	-23368.66
-44226	-23363.547
-51559	-23360.885
-45580	-23360.227
-30527	-23362.324
-27567	-23366.094
-44252	-23369.252
-51572	-23374.283
-45573	-23379.217
-30390	-23383.826
-27569	-23386.844
-44270	-23386.533
-51471	-23386.469
-45477	-23386.03
-30372	-23386.297
-27699	-23386.902
-44364	-23386.607
-51512	-23388.729
-45453	-23391.965
-30374	-23396.38
-27916	-23400.445
-44388	-23402.084
-51464	-23404.094
-45423	-23404.934
-30438	-23404.955
-27930	-23403.297
-44459	-23398.666
-51562	-23394.645
-45440	-23390.408
-30327	-23386.746
-27976	-23383.0
-44519	-23377.877
-51550	-23374.941
-45417	-23373.201
-30080	-23373.432
-27880	-23374.756
-44594	-23375.746
-51562	-23379.574
-45366	-23384.66
-30027	-23390.943
-27938	-23396.576
-44620	-23399.055
-51564	-23400.598
-45322	-23399.143
-30024	-23394.736
-28132	-23386.17
-44719	-23372.43
-51572	-23357.674
-45286	-23342.03
-30074	-23327.582
-28182	-23314.797
-44739	-23303.543
-51600	-23297.867
-45308	-23296.723
-29993	-23300.297
-28299	-23306.523
-44806	-23312.688
-51552	-23320.418
-45180	-23327.035
-29899	-23331.963
-28292	-23333.338
-44811	-23329.762
-51538	-23324.826
-45208	-23318.264
-29802	-23311.916
-28344	-23306.008
-44886	-23300.479
-51541	-23299.46
-45131	-23302.225
-29851	-23309.334
-28718	-23318.951
-44909	-23328.914
-51531	-23340.943
-45147	-23352.385
-29824	-23362.502
-28648	-23368.965
-45038	-23370.006
-51534	-23368.688
-45089	-23364.443
-29598	-23358.955
-28512	-23352.416
-45035	-23345.146
-51550	-23341.676
-45080	-23341.871
-29583	-23346.797
-28658	-23355.03
-45064	-23364.506
-51467	-23376.91
-44944	-23389.31
-29406	-23400.643
-28659	-23408.104
-45109	-23409.598
-51476	-23407.9
-44936	-23402.318
-29336	-23394.633
-28679	-23384.99
-45139	-23373.9
-51474	-23365.867
-44923	-23360.65
-29399	-23359.268
-28822	-23360.045
-45175	-23360.953
-51478	-23363.684
-44909	-23365.664
-29316	-23366.404
-28868	-23363.793
-45201	-23356.69
-51447	-23348.639
-44862	-23339.525
-29424	-23331.453
-29018	-23324.44
-45275	-23318.758
-51517	-23318.072
-44871	-23321.395
-29405	-23329.07
-29130	-23338.758
-45327	-23348.395
-51466	-23359.793
-44834	-23370.717
-29823	-23381.146
-30146	-23389.258
-45247	-23394.613
-51328	-23400.291
-44707	-23405.465
-30099	-23410.91
-29911	-23415.24
-45459	-23417.352
-51480	-23419.516
-44739	-23419.791
-29287	-23418.229
-29352	-23412.906
-45489	-23402.979
-51457	-23391.836
-44671	-23379.24
-28907	-23367.334
-29251	-23356.018
-45480	-23345.898
-51394	-23340.879
-44624	-23340.326
-28851	-23345.027
-29305	-23352.74
-45512	-23361.574
-51423	-23373.06
-44598	-23384.717
-28886	-23396.236
-29448	-23405.309
-45564	-23410.967
-51409	-23416.219
-44556	-23420.332
-28767	-23424.7
-29466	-23428.053
-45619	-23429.87
-51381	-23432.7
-44529	-23434.715
-28742	-23435.977
-29544	-23434.018
-45642	-23427.662
-51375	-23419.617
-44438	-23409.242
-28758	-23398.506
-29662	-23387.34
-45679	-23377.088
-51372	-23372.271
-44418	-23373.059
-28641	-23380.88
-29690	-23393.666
-45709	-23409.623
-51337	-23429.42
-44392	-23449.305
-28781	-23467.514
-29928	-23480.104
-45632	-23485.146
-51231	-23484.777
-44301	-23478.336
-29676	-23467.793
-30594	-23453.611
-45869	-23437.625
-51372	-23424.443
-44366	-23414.244
-28645	-23408.5
-29994	-23405.066
-45854	-23402.518
-51292	-23402.014
-44297	-23400.738
-28778	-23398.24
-30099	-23392.062
-45894	-23381.854
-51310	-23371.0
-44255	-23359.615
-28616	-23350.115
-30129	-23342.156
-45887	-23336.4
-51267	-23335.81
-44230	-23338.984
-28581	-23345.83
-30148	-23353.268
-45922	-23359.555
-51257	-23366.123
-44134	-23371.125
-28461	-23375.283
-30216	-23377.13
-45915	-23377.127
-51186	-23378.746
-44085	-23381.44
-28322	-23386.484
-30251	-23391.863
-45962	-23396.826
-51169	-23403.223
-44050	-23409.303
-28421	-23415.748
-30402	-23421.09
-46022	-23426.273
-51151	-23435.604
-44009	-23449.795
-28462	-23471.566
-30508	-23500.088
-46031	-23535.191
-51141	-23577.95
-43914	-23624.295
-28802	-23671.016
-31544	-23711.428
-46059	-23741.074
-51129	-23758.48
-43932	-23759.994
-28342	-23745.912
-30712	-23715.531
-46190	-23671.7
-51173	-23621.064
-43877	-23567.236
-28076	-23515.732
-30657	-23468.283
-46194	-23427.348
-51137	-23396.527
-43843	-23374.514
-28256	-23361.16
-30789	-23352.848
-46214	-23347.936
-51099	-23347.533
-43767	-23349.516
-28154	-23354.371
-30811	-23359.826
-46230	-23365.756
-51125	-23374.06
-43767	-23382.727
-27890	-23391.547
-30807	-23396.994
-46316	-23397.953
-51134	-23396.027
-43710	-23390.152
-27877	-23382.264
-30927	-23372.057
-46353	-23361.873
-51112	-23356.361
-43681	-23356.025
-27937	-23362.484
-31033	-23372.865
-46377	-23385.354
-51067	-23399.223
-43651	-23409.992
-27848	-23415.727
-31091	-23412.469
-46460	-23400.3
-51099	-23383.406
-43587	-23364.287
-27858	-23348.771
-31173	-23339.852
-46469	-23342.174
-51085	-23360.803
-43577	-23394.945
-28225	-23443.236
-31886	-23498.805
-46451	-23555.666
-51009	-23608.812
-43529	-23650.44
-28071	-23676.38
-31483	-23681.709
-46549	-23666.814
-51046	-23636.67
-43478	-23595.064
-27872	-23549.275
-31576	-23503.486
-46627	-23463.691
-51049	-23436.104
-43467	-23421.393
-27731	-23420.182
-31478	-23427.865
-46631	-23441.137
-51054	-23457.885
-43487	-23472.836
-27802	-23483.734
-31619	-23486.281
-46619	-23480.365
-50962	-23468.896
-43397	-23452.53
-27703	-23434.826
-31651	-23416.04
-46711	-23399.023
-50999	-23387.52
-43348	-23381.158
-27684	-23380.84
-31724	-23383.236
-46799	-23387.262
-51042	-23393.064
-43341	-23397.633
-27663	-23400.588
-31844	-23398.691
-46802	-23392.688
-51031	-23385.693
-43325	-23378.512
-27679	-23374.703
-31931	-23374.676
-46834	-23381.35
-51006	-23398.432
-43297	-23425.15
-27554	-23461.475
-32001	-23502.273
-46899	-23544.234
-51001	-23584.594
-43252	-23617.314
-27669	-23639.23
-32075	-23645.045
-46828	-23634.264
-50955	-23609.719
-43186	-23573.555
-27762	-23531.383
-32252	-23486.27
-46977	-23444.021
-50959	-23411.107
-43136	-23389.582
-27433	-23381.594
-32169	-23383.742
-46977	-23394.092
-50921	-23410.85
-43129	-23428.74
-27709	-23444.96
-32351	-23454.197
-47016	-23455.654
-50954	-23451.11
-43106	-23440.475
-27631	-23426.895
-32396	-23410.273
-47029	-23393.84
-50889	-23381.383
-43031	-23372.979
-27501	-23370.137
-32423	-23370.125
-47091	-23373.047
-50852	-23379.79
-42939	-23388.107
-27404	-23398.096
-32439	-23406.322
-47080	-23412.861
-50857	-23418.908
-42933	-23422.736
-27251	-23425.12
-32426	-23423.252
-47161	-23418.195
-50854	-23412.412
-42887	-23405.89
-27170	-23401.389
-32469	-23398.19
-47161	-23399.068
-50818	-23407.36
-42809	-23422.754
-27117	-23446.232
-32492	-23473.89
-47196	-23504.27
-50798	-23536.055
-42782	-23564.637
-26844	-23588.006
-32299	-23601.047
-47189	-23603.283
-50735	-23596.592
-42728	-23581.395
-27173	-23561.371
-32640	-23537.291
-47311	-23513.176
-50796	-23493.676
-42761	-23479.812
-26971	-23473.584
-32626	-23471.875
-47324	-23474.184
-50741	-23480.176
-42710	-23486.47
-26849	-23492.332
-32617	-23493.732
-47352	-23491.117
-50702	-23486.6
-42634	-23480.068
-26642	-23474.19
-32584	-23467.592
-47372	-23462.406
-50713	-23460.9
-42619	-23462.035
-26686	-23466.611
-32604	-23471.11
-47419	-23475.516
-50711	-23480.86
-42551	-23485.574
-26583	-23490.902
-32647	-23494.332
-47424	-23497.373
-50693	-23502.158
-42525	-23507.896
-26531	-23515.816
-32626	-23522.652
-47457	-23528.61
-50674	-23534.37
-42477	-23537.916
-26449	-23539.936
-32626	-23537.535
-47500	-23532.207
-50662	-23526.65
-42419	-23521.291
-26288	-23518.97
-32614	-23518.227
-47526	-23520.803
-50677	-23528.408
-42365	-23539.168
-25933	-23552.99
-32347	-23565.031
-47531	-23574.15
-50602	-23579.984
-42316	-23580.684
-26319	-23577.453
-32772	-23568.4
-47636	-23556.334
-50637	-23545.256
-42294	-23536.533
-26082	-23533.637
-32707	-23535.02
-47708	-23541.97
-50639	-23555.096
-42247	-23571.5
-26073	-23589.988
-32778	-23604.943
-47681	-23615.145
-50615	-23620.527
-42186	-23619.54
-25946	-23614.113
-32787	-23602.76
-47729	-23588.621
-50632	-23575.336
-42168	-23563.703
-25890	-23556.254
-32816	-23550.271
-47767	-23546.398
-50562	-23544.926
-42063	-23543.428
-25699	-23542.057
-32835	-23536.99
-47816	-23529.418
-50552	-23521.432
-42036	-23513.234
-25660	-23507.658
-32859	-23502.914
-47803	-23500.887
-50494	-23502.857
-41992	-23506.74
-25696	-23512.217
-32905	-23514.1
-47802	-23511.61
-50485	-23504.758
-41961	-23492.055
-25691	-23475.756
-32989	-23454.732
-47866	-23433.111
-50481	-23415.447
-41884	-23403.72
-24866	-23401.732
-32294	-23407.346
-47881	-23421.135
-50418	-23442.525
-41868	-23467.754
-25782	-23494.71
-33165	-23516.924
-47932	-23532.787
-50456	-23541.846
-41834	-23542.564
-25392	-23537.045
-33102	-23523.787
-47924	-23506.312
-50402	-23488.256
-41763	-23470.742
-25287	-23456.836
-33172	-23444.219
-47978	-23434.523
-50379	-23428.8
-41721	-23425.527
-25299	-23425.602
-33144	-23425.35
-48007	-23425.79
-50404	-23427.918
-41694	-23430.535
-25139	-23434.83
-33187	-23437.076
-48120	-23437.975
-50437	-23438.16
-41706	-23436.084
-25084	-23433.1
-33366	-23426.17
-48322	-23417.46
-50604	-23409.441
-41845	-23402.504
-25313	-23399.469
-33628	-23397.844
-48556	-23399.066
-50824	-23403.51
-42012	-23408.508
-25326	-23413.373
-33826	-23412.412
-48914	-23405.07
-51152	-23391.549
-42342	-23371.156
-25717	-23347.102
-34356	-23318.902
-49249	-23291.633
-51398	-23270.232
-42527	-23256.887
-25281	-23255.299
-33907	-23262.432
-49414	-23278.25
-51538	-23301.27
-42663	-23326.871
-26044	-23352.773
-34768	-23372.217
-49668	-23384.385
-51703	-23389.637
-42774	-23387.662
-26011	-23381.92
-34874	-23371.443
-49746	-23360.305
-51706	-23351.629
-42735	-23345.61
-25949	-23343.97
-35009	-23342.514
-49838	-23341.447
-51771	-23340.53
-42789	-23337.945
-26097	-23334.947
-35179	-23328.543
-49948	-23321.258
-51819	-23315.297
-42785	-23310.713
-25979	-23309.445
-35249	-23307.46
-50043	-23305.076
-51838	-23301.693
-42763	-23294.812
-26017	-23285.209
-35347	-23269.514
-50104	-23250.877
-51861	-23233.01
-42792	-23218.334
-26237	-23211.723
-35451	-23211.938
-50069	-23221.219
-51816	-23239.0
-42756	-23260.572
-26173	-23282.23
-35566	-23294.535
-50106	-23293.889
-51756	-23277.844
-42692	-23244.775
-26099	-23198.908
-35612	-23142.271
-50192	-23084.334
-51736	-23034.643
-42547	-22999.969
-25317	-22987.465
-34857	-22995.533
-50114	-23023.93
-51686	-23068.322
-42501	-23119.785
-25974	-23171.057
-35645	-23210.393
-50096	-23233.592
-51523	-23238.963
-42246	-23226.445
-25626	-23201.777
-35461	-23167.54
-49829	-23132.473
-51171	-23103.662
-41879	-23084.2
-25428	-23077.117
-35186	-23077.43
-49484	-23083.559
-50812	-23091.92
-41456	-23097.19
-24984	-23097.992
-34937	-23089.69
-49198	-23075.555
-50501	-23059.684
-41125	-23045.293
-24817	-23038.11
-34806	-23037.594
-48990	-23047.045
-50246	-23066.621
-40844	-23093.016
-24626	-23124.45
-34672	-23154.018
-48842	-23181.51
-50080	-23207.246
-40727	-23231.617
-24615	-23259.06
-34768	-23289.621
-48913	-23328.63
-50091	-23378.953
-40629	-23439.365
-24537	-23508.79
-34821	-23578.865
-48909	-23645.777
-50018	-23704.5
-40570	-23749.678
-24563	-23780.812
-34791	-23795.408
-48860	-23799.592
-49946	-23800.506
-40502	-23804.344
-24205	-23819.352
-34351	-23846.55
-48766	-23889.645
-49837	-23947.826
-40442	-24015.184
-24862	-24086.367
-34938	-24150.367
-48891	-24202.771
-49866	-24240.014
-40366	-24259.715
-24483	-24265.176
-34967	-24257.008
-48941	-24243.357
-49874	-24231.191
-40311	-24224.602
-24408	-24228.305
-35007	-24239.31
-48953	-24258.307
-49827	-24282.809
-40271	-24307.773
-24504	-24331.03
-35064	-24346.344
-49018	-24355.031
-49857	-24358.69
-40237	-24358.34
-24438	-24358.238
-35173	-24357.303
-49043	-24359.652
-49824	-24366.74
-40171	-24377.021
-24397	-24390.73
-35204	-24402.432
-49028	-24413.107
-49754	-24422.768
-40140	-24430.574
-24491	-24439.066
-35241	-24445.803
-49054	-24454.207
-49754	-24465.195
-40122	-24476.7
-24574	-24487.947
-35336	-24491.97
-49037	-24487.773
-49714	-24473.227
-40081	-24445.994
-24605	-24408.402
-35439	-24359.924
-49085	-24308.137
-49706	-24260.088
-39992	-24221.19
-24622	-24198.14
-35665	-24190.066
-49047	-24199.559
-49637	-24224.082
-39951	-24256.428
-24546	-24290.512
-35587	-24314.531
-49179	-24323.914
-49674	-24314.469
-39887	-24283.23
-24344	-24232.902
-35602	-24163.457
-49194	-24083.094
-49650	-23998.732
-39837	-23915.23
-24360	-23838.621
-35715	-23767.682
-49266	-23705.566
-49676	-23651.729
-39784	-23602.953
-24348	-23558.266
-35837	-23511.664
-49269	-23464.527
-49637	-23417.244
-39712	-23369.639
-24311	-23324.684
-35883	-23280.268
-49268	-23240.648
-49585	-23207.467
-39647	-23180.205
-24274	-23160.396
-35939	-23143.791
-49307	-23132.748
-49571	-23127.416
-39569	-23126.557
-24317	-23131.479
-36051	-23138.016
-49279	-23148.172
-49507	-23161.084
-39566	-23173.725
-24546	-23184.977
-36111	-23188.389
-49340	-23184.479
-49533	-23172.326
-39548	-23150.855
-24589	-23123.184
-36186	-23088.664
-49365	-23054.602
-49486	-23026.28
-39384	-23007.299
-24429	-23002.473
-36339	-23009.393
-49387	-23030.46
-49482	-23063.34
-39388	-23102.314
-24533	-23143.389
-36409	-23177.361
-49437	-23202.69
-49456	-23217.182
-39337	-23219.223
-24442	-23211.88
-36418	-23194.625
-49491	-23174.783
-49473	-23157.266
-39266	-23144.979
-24381	-23141.916
-36473	-23145.031
-49448	-23156.482
-49402	-23174.346
-39266	-23194.51
-24531	-23215.084
-36580	-23229.434
-49491	-23238.672
-49349	-23242.518
-39157	-23240.498
-24479	-23235.57
-36682	-23225.969
-49517	-23216.959
-49381	-23210.77
-39170	-23207.643
-24576	-23209.531
-36736	-23212.367
-49530	-23218.428
-49344	-23226.898
-39081	-23235.63
-24560	-23245.068
-36734	-23250.777
-49571	-23255.559
-49324	-23259.9
-39048	-23263.283
-24616	-23267.635
-36852	-23269.643
-49563	-23272.846
-49322	-23277.729
-39031	-23283.357
-24563	-23290.938
-36905	-23296.281
-49609	-23302.016
-49276	-23307.834
-38949	-23312.242
-24579	-23316.166
-36976	-23315.252
-49631	-23312.596
-49219	-23308.457
-38903	-23301.945
-24660	-23294.941
-37036	-23284.373
-49666	-23274.375
-49180	-23266.209
-38776	-23259.908
-24519	-23257.611
-37060	-23255.865
-49663	-23257.828
-49165	-23263.207
-38737	-23270.256
-24442	-23279.3
-37100	-23285.404
-49630	-23290.756
-49127	-23294.86
-38673	-23296.523
-24310	-23297.264
-37019	-23293.6
-49742	-23289.254
-49124	-23285.072
-38598	-23280.662
-24379	-23277.73
-37184	-23272.525
-49730	-23268.158
-49151	-23264.69
-38536	-23261.25
-24287	-23259.38
-37239	-23255.62
-49771	-23253.787
-49106	-23254.74
-38536	-23258.316
-24445	-23266.322
-37364	-23274.928
-49821	-23286.768
-49111	-23301.008
-38514	-23315.352
-24485	-23329.592
-37413	-23338.451
-49837	-23344.021
-49084	-23345.918
-38399	-23343.523
-24170	-23339.213
-37257	-23330.508
-49837	-23322.277
-49057	-23316.312
-38386	-23313.04
-24246	-23314.562
-37294	-23316.951
-49849	-23322.72
-49007	-23330.842
-38280	-23338.893
-24293	-23346.791
-37512	-23349.592
-49903	-23349.762
-48989	-23347.451
-38229	-23342.443
-24296	-23337.148
-37570	-23328.832
-49865	-23321.889
-48937	-23317.318
-38214	-23314.848
-24302	-23315.947
-37601	-23316.547
-49944	-23319.328
-48929	-23323.762
-38155	-23328.447
-24448	-23334.264
-37794	-23337.156
-49951	-23340.338
-48897	-23343.986
-38122	-23347.424
-24408	-23352.127
-37731	-23354.26
-49942	-23357.006
-48878	-23360.182
-38101	-23362.744
-24444	-23365.83
-37741	-23365.543
-49929	-23365.195
-48862	-23365.045
-38014	-23364.576
-24284	-23365.57
-37784	-23364.477
-49975	-23364.81
-48806	-23366.672
-37961	-23369.13
-24332	-23373.285
-37860	-23374.957
-50025	-23377.012
-48804	-23379.191
-37911	-23380.555
-24237	-23382.398
-37894	-23381.016
-50039	-23379.873
-48769	-23379.238
-37825	-23378.66
-24374	-23379.615
-38139	-23378.314
-50075	-23377.994
-48802	-23378.404
-37843	-23378.504
-24289	-23379.285
-37996	-23376.5
-50076	-23373.035
-48717	-23368.605
-37772	-23362.314
-24324	-23355.514
-38025	-23344.564
-50046	-23333.197
-48679	-23321.912
-37684	-23310.658
-24235	-23301.525
-38057	-23291.418
-50040	-23284.242
-48663	-23280.295
-37679	-23278.867
-24348	-23281.027
-38117	-23282.377
-50077	-23285.51
-48648	-23289.422
-37591	-23292.639
-24347	-23295.967
-38163	-23295.46
-50087	-23294.865
-48624	-23294.771
-37571	-23295.451
-24331	-23299.348
-38176	-23303.514
-50097	-23311.803
-48584	-23323.854
-37501	-23338.121
-24390	-23354.336
-38303	-23366.78
-50173	-23376.688
-48587	-23382.006
-37383	-23380.713
-24294	-23373.586
-38409	-23357.309
-50214	-23336.629
-48574	-23313.611
-37356	-23290.291
-24302	-23270.576
-38436	-23253.021
-50206	-23242.518
-48522	-23239.572
-37299	-23243.121
-24394	-23253.113
-38492	-23263.926
-50177	-23276.701
-48494	-23289.094
-37312	-23298.771
-24434	-23305.969
-38534	-23306.693
-50225	-23304.781
-48532	-23301.082
-37325	-23296.332
-24591	-23293.227
-38647	-23289.352
-50239	-23288.945
-48457	-23292.164
-37223	-23298.268
-24490	-23307.92
-38647	-23316.572
-50229	-23326.605
-48415	-23336.766
-37079	-23345.55
-24311	-23353.564
-38730	-23356.604
-50285	-23357.863
-48414	-23357.22
-37047	-23354.336
-24292	-23350.832
-38750	-23343.477
-50275	-23336.19
-48358	-23329.234
-36997	-23322.51
-24373	-23317.64
-38786	-23311.19
-50271	-23306.684
-48331	-23303.814
-36893	-23301.834
-24346	-23301.688
-38884	-23299.29
-50326	-23297.71
-48327	-23296.46
-36903	-23294.943
-24424	-23294.453
-38894	-23291.617
-50324	-23290.291
-48309	-23290.67
-36792	-23292.7
-24329	-23297.803
-38955	-23302.322
-50329	-23309.393
-48230	-23318.13
-36704	-23327.156
-24322	-23336.635
-39026	-23341.803
-50369	-23345.172
-48181	-23345.777
-36610	-23342.799
-24300	-23337.45
-39029	-23326.543
-50358	-23314.314
-48201	-23301.555
-36629	-23288.883
-24467	-23278.627
-39066	-23268.102
-50378	-23261.377
-48182	-23258.422
-36526	-23258.666
-24386	-23262.803
-39142	-23266.402
-50399	-23272.04
-48142	-23278.357
-36499	-23283.988
-24447	-23289.344
-39184	-23290.31
-50386	-23290.29
-48103	-23289.105
-36461	-23286.645
-24478	-23284.672
-39173	-23280.21
-50387	-23277.367
-48094	-23276.162
-36376	-23276.383
-24441	-23279.027
-39283	-23280.213
-50412	-23283.05
-48076	-23286.596
-36366	-23289.912
-24493	-23293.736
-39312	-23294.309
-50438	-23295.094
-48042	-23295.863
-36321	-23296.355
-24626	-23297.84
-39416	-23296.9
-50477	-23297.01
-48037	-23297.586
-36219	-23297.965
-24453	-23298.973
-39426	-23296.818
-50485	-23295.117
-48049	-23293.725
-36211	-23292.697
-24602	-23293.822
-39542	-23294.336
-50491	-23298.436
-47974	-23306.152
-36142	-23316.867
-24625	-23330.986
-39555	-23343.877
-50498	-23357.518
-47956	-23369.709
-36029	-23378.373
-24449	-23383.291
-39624	-23380.164
-50529	-23372.564
-47913	-23360.805
-35929	-23345.88
-24459	-23330.58
-39621	-23313.254
-50476	-23299.111
-47889	-23288.877
-35975	-23282.662
-24643	-23281.266
-39756	-23280.424
-50552	-23282.451
-47874	-23285.486
-35886	-23287.885
-24544	-23289.758
-39741	-23287.21
-50524	-23283.928
-47797	-23280.035
-35905	-23276.027
-24739	-23273.87
-39815	-23270.887
-50560	-23271.107
-47823	-23274.113
-35712	-23279.15
-24516	-23286.424
-39860	-23291.377
-50588	-23296.576
-47773	-23300.602
-35664	-23302.484
-24529	-23302.86
-39941	-23298.246
-50624	-23292.578
-47802	-23285.871
-35624	-23278.385
-24589	-23271.652
-40013	-23262.664
-50592	-23255.434
-47746	-23249.688
-35692	-23245.176
-24761	-23242.941
-40032	-23239.604
-50622	-23238.76
-47719	-23239.809
-35601	-23242.324
-24769	-23247.021
-40120	-23250.064
-50639	-23254.674
-47702	-23259.709
-35492	-23264.287
-24738	-23268.799
-40131	-23269.43
-50653	-23269.658
-47629	-23269.021
-35306	-23267.451
-24537	-23266.379
-40142	-23262.766
-50644	-23260.693
-47641	-23259.865
-35347	-23260.049
-24751	-23261.88
-40240	-23261.533
-50642	-23262.11
-47571	-23262.52
-35255	-23262.041
-24693	-23261.352
-40264	-23257.148
-50668	-23253.443
-47547	-23250.332
-35149	-23248.299
-24715	-23248.912
-40310	-23249.271
-50692	-23253.203
-47548	-23259.94
-35149	-23268.555
-24748	-23278.932
-40346	-23286.445
-50653	-23293.535
-47524	-23298.629
-35142	-23300.785
-24815	-23300.678
-40434	-23295.352
-50717	-23289.312
-47504	-23283.148
-35041	-23277.965
-24767	-23275.797
-40502	-23274.111
-50744	-23276.92
-47457	-23283.273
-34970	-23291.979
-24823	-23302.375
-40493	-23309.41
-50667	-23314.979
-47386	-23317.016
-34994	-23314.395
-25059	-23307.684
-40617	-23294.234
-50744	-23278.936
-47434	-23262.963
-34909	-23248.078
-24922	-23236.818
-40659	-23227.297
-50761	-23223.838
-47402	-23225.76
-34904	-23232.049
-24968	-23242.076
-40734	-23250.846
-50739	-23260.346
-47380	-23268.535
-34821	-23274.363
-24949	-23278.346
-40762	-23277.518
-50748	-23276.354
-47352	-23275.143
-34801	-23274.574
-24957	-23275.957
-40750	-23276.115
-50736	-23278.268
-47307	-23280.924
-34620	-23282.773
-24884	-23283.559
-40779	-23279.236
-50748	-23273.266
-47289	-23265.314
-34581	-23256.127
-24973	-23247.654
-40882	-23238.113
-50792	-23232.371
-47250	-23230.559
-34535	-23232.725
-25055	-23239.16
-40941	-23245.69
-50808	-23254.727
-47241	-23264.287
-34511	-23273.09
-25049	-23281.125
-40984	-23285.037
-50819	-23288.777
-47220	-23292.303
-34104	-23296.203
-24612	-23301.684
-40987	-23305.467
-50786	-23310.895
-47169	-23316.287
-34382	-23320.209
-25125	-23321.998
-41076	-23317.32
-50846	-23309.309
-47182	-23297.336
-34305	-23282.146
-25091	-23265.873
-41081	-23247.277
-50794	-23231.98
-47102	-23220.957
-34210	-23215.14
-25061	-23215.365
-41144	-23217.893
-50852	-23225.053
-47161	-23234.305
-34259	-23243.621
-25211	-23251.867
-41218	-23254.697
-50880	-23255.18
-47103	-23252.682
-34182	-23247.775
-25213	-23242.096
-41264	-23233.719
-50878	-23227.365
-47030	-23223.12
-34007	-23221.324
-25206	-23222.482
-41329	-23223.24
-50874	-23226.781
-47024	-23231.799
-33961	-23237.709
-25189	-23244.574
-41377	-23248.94
-50855	-23254.094
-46974	-23258.947
-34109	-23262.963
-25454	-23266.248
-41439	-23265.404
-50883	-23263.777
-46929	-23260.613
-33997	-23256.137
-25461	-23251.43
-41453	-23244.363
-50856	-23239.643
-46942	-23237.455
-34030	-23238.39
-25612	-23243.252
-41466	-23248.855
-50861	-23258.092
-46942	-23268.963
-34037	-23280.045
-25636	-23290.467
-41552	-23296.21
-50846	-23300.258
-46893	-23301.752
-33919	-23301.04
-25598	-23299.338
-41655	-23294.658
-50953	-23291.514
-46901	-23289.66
-33829	-23289.252
-25623	-23290.516
-41768	-23289.965
-51039	-23290.547
-46969	-23290.707
-33833	-23289.893
-25767	-23288.205
-41987	-23282.707
-51281	-23277.217
-47279	-23271.201
-33929	-23264.994
-25812	-23259.148
-42327	-23250.64
-51575	-23243.08
-47485	-23235.533
-34176	-23228.11
-26150	-23221.646
-42682	-23213.873
-51862	-23209.475
-47767	-23208.723
-34300	-23212.658
-26321	-23222.004
-42997	-23233.396
-52166	-23249.188
-48014	-23266.252
-34434	-23281.805
-26427	-23293.084
-43216	-23294.352
-52301	-23287.42
-48126	-23270.893
-34432	-23246.035
-26494	-23215.846
-43411	-23181.174
-52464	-23150.197
-48197	-23126.309
-34149	-23113.148
-26267	-23112.818
-43494	-23122.1
-52537	-23142.682
-48229	-23169.996
-34427	-23199.635
-26664	-23227.102
-43652	-23245.297
-52627	-23255.227
-48271	-23255.082
-34357	-23246.04
-26626	-23231.004
-43766	-23210.621
-52730	-23192.555
-48349	-23179.432
-34431	-23173.95
-26846	-23177.242
-43871	-23185.77
-52773	-23201.137
-48378	-23219.36
-34360	-23237.25
-26854	-23251.867
-43945	-23257.893
-52837	-23257.666
-48414	-23250.275
-34404	-23237.074
-26937	-23220.246
-44073	-23199.252
-52911	-23180.168
-48402	-23164.111
-34337	-23152.764
-27064	-23146.928
-44192	-23143.686
-52890	-23146.016
-48429	-23151.848
-34367	-23160.104
-27127	-23169.672
-44289	-23176.459
-52985	-23183.18
-48474	-23188.275
-34346	-23191.676
-27153	-23193.469
-44343	-23190.988
-53009	-23188.316
-48460	-23185.006
-34341	-23181.975
-27247	-23179.963
-44406	-23176.584
-53047	-23175.764
-48464	-23176.48
-34221	-23178.72
-27237	-23181.986
-44472	-23182.656
-53043	-23183.484
-48479	-23182.729
-34247	-23180.16
-27331	-23175.701
-44605	-23166.785
-53148	-23157.65
-48492	-23148.295
-34167	-23140.143
-27324	-23134.324
-44644	-23128.863
-53121	-23127.992
-48433	-23130.918
-34123	-23137.928
-27377	-23148.834
-44684	-23160.611
-53099	-23176.7
-48368	-23196.125
-34039	-23219.494
-27427	-23247.184
-44634	-23276.85
-52962	-23312.338
-48160	-23352.594
-33854	-23397.53
-27324	-23446.268
-44414	-23494.906
-52677	-23545.744
-47824	-23596.459
-33502	-23646.32
-27068	-23694.6
-44054	-23738.44
-52296	-23781.588
-47409	-23823.373
-33133	-23864.535
-26907	-23905.123
-43686	-23942.352
-51904	-23979.025
-46983	-24012.918
-32749	-24042.879
-26673	-24067.338
-43351	-24082.695
-51525	-24091.906
-46616	-24094.29
-32472	-24091.297
-26531	-24084.785
-43203	-24074.703
-51363	-24067.209
-46462	-24063.53
-32294	-24065.695
-26494	-24074.28
-43106	-24086.71
-51283	-24105.465
-46341	-24127.588
-32231	-24151.297
-26533	-24174.416
-43103	-24192.94
-51196	-24209.324
-46226	-24222.293
-32146	-24232.514
-26589	-24240.676
-43092	-24245.518
-51155	-24251.531
-46155	-24258.39
-32080	-24266.715
-26664	-24276.156
-43138	-24283.965
-51165	-24292.969
-46087	-24301.467
-31971	-24309.355
-26672	-24316.25
-43139	-24320.045
-51094	-24324.688
-46079	-24329.688
-31920	-24335.918
-26660	-24343.527
-43168	-24350.312
-51092	-24359.523
-46035	-24369.635
-31940	-24380.396
-26761	-24390.963
-43214	-24398.688
-51101	-24406.863
-46013	-24414.47
-31809	-24422.188
-26775	-24430.107
-43217	-24436.416
-51112	-24444.717
-46037	-24453.736
-31869	-24463.475
-26911	-24472.959
-43329	-24479.277
-51093	-24485.174
-45922	-24489.207
-31722	-24491.73
-26919	-24492.84
-43369	-24491.23
-51132	-24491.355
-45949	-24493.227
-31676	-24498.193
-26974	-24506.414
-43377	-24515.746
-51093	-24528.932
-45864	-24543.867
-31553	-24559.582
-26945	-24574.227
-43419	-24584.393
-51072	-24592.61
-45830	-24597.549
-31547	-24599.94
-27048	-24600.166
-43475	-24597.223
-51110	-24595.602
-45837	-24595.11
-31467	-24596.576
-27049	-24599.336
-43541	-24600.467
-51143	-24601.828
-45827	-24600.51
-31364	-24595.006
-27021	-24583.053
-43516	-24561.295
-51096	-24532.309
-45759	-24494.998
-31263	-24450.416
-27042	-24399.248
-43586	-24341.01
-51107	-24280.693
-45738	-24218.518
-31263	-24156.06
-27107	-24093.443
-43646	-24028.898
-51144	-23965.648
-45746	-23902.096
-31251	-23838.316
-27217	-23773.543
-43661	-23705.977
-51090	-23639.596
-45697	-23574.094
-31237	-23511.3
-27238	-23452.123
-43687	-23396.236
-51107	-23348.234
-45685	-23307.688
-31341	-23275.29
-27470	-23250.121
-43770	-23229.459
-51146	-23215.473
-45667	-23205.344
-31067	-23198.092
-27433	-23191.773
-43812	-23183.809
-51097	-23177.156
-45581	-23170.428
-31061	-23164.486
-27494	-23159.207
-43849	-23153.463
-51107	-23151.105
-45600	-23151.008
-31005	-23153.531
-27519	-23157.492
-43912	-23160.477
-51123	-23165.02
-45556	-23168.947
-30954	-23172.14
-27551	-23173.54
-43929	-23171.463
-51136	-23169.572
-45570	-23167.139
-30899	-23165.377
-27572	-23164.242
-43994	-23162.605
-51079	-23164.135
-45484	-23167.467
-30834	-23172.88
-27669	-23179.12
-44044	-23184.0
-51106	-23190.355
-45486	-23196.41
-30764	-23202.502
-27671	-23207.846
-44064	-23211.01
-51100	-23215.64
-45426	-23220.672
-30724	-23226.97
-27806	-23233.746
-44113	-23239.453
-51101	-23247.08
-45384	-23254.904
-30632	-23263.018
-27814	-23270.082
-44137	-23274.205
-51086	-23278.426
-45371	-23281.271
-30579	-23283.377
-27813	-23283.951
-44164	-23281.73
-51074	-23280.16
-45347	-23277.992
-30629	-23275.898
-28053	-23273.07
-44207	-23268.16
-51012	-23264.629
-45291	-23261.322
-30625	-23259.21
-28018	-23257.836
-44246	-23256.275
-51047	-23258.188
-45277	-23262.316
-30489	-23269.213
-28041	-23277.445
-44292	-23284.795
-51031	-23293.453
-45263	-23300.684
-30497	-23305.885
-28113	-23307.13
-44281	-23302.57
-51050	-23295.473
-45233	-23285.074
-30231	-23273.338
-28042	-23260.822
-44359	-23247.965
-51056	-23239.648
-45174	-23235.63
-30196	-23237.184
-28073	-23243.078
-44347	-23251.096
-51016	-23262.92
-45133	-23275.348
-30138	-23287.22
-28154	-23296.004
-44419	-23299.416
-51033	-23300.516
-45113	-23298.49
-30193	-23295.309
-28242	-23291.557
-44461	-23287.709
-51034	-23288.305
-45092	-23292.941
-30281	-23302.39
-28411	-23314.895
-44514	-23327.842
-51037	-23342.39
-45092	-23355.236
-30191	-23365.209
-28475	-23369.975
-44586	-23367.791
-51053	-23361.994
-45028	-23352.416
-29978	-23341.426
-28490	-23329.834
-44529	-23318.246
-50956	-23311.166
-44962	-23308.1
-29999	-23309.828
-28602	-23314.549
-44683	-23319.904
-51033	-23327.414
-44982	-23334.32
-29999	-23340.139
-28638	-23342.986
-44692	-23341.51
-51041	-23339.068
-44979	-23335.193
-29872	-23331.639
-28608	-23328.168
-44753	-23324.336
-51046	-23323.443
-44949	-23324.162
-29864	-23326.736
-28757	-23329.25
-44760	-23329.826
-51027	-23330.678
-44935	-23330.205
-29844	-23329.13
-28745	-23326.629
-44785	-23322.197
-50982	-23319.518
-44837	-23318.02
-29692	-23318.938
-28812	-23321.045
-44840	-23323.002
-50969	-23326.98
-44817	-23330.814
-29727	-23334.32
-28934	-23335.402
-44906	-23332.555
-50974	-23328.643
-44820	-23322.84
-29695	-23316.836
-28989	-23310.426
-44915	-23303.836
-50974	-23300.951
-44787	-23301.193
-29539	-23305.574
-28953	-23312.418
-44955	-23319.902
-50945	-23329.67
-44703	-23339.125
-30316	-23347.639
-30637	-23352.734
-44888	-23353.512
-50841	-23352.639
-44611	-23349.354
-30202	-23345.176
-29702	-23339.883
-45053	-23333.734
-50972	-23330.332
-44700	-23328.793
-29384	-23329.986
-29167	-23331.969
-45099	-23333.049
-50986	-23334.977
-44681	-23335.486
-29399	-23334.553
-29234	-23330.285
-45099	-23321.781
-50926	-23312.256
-44613	-23301.17
-29457	-23290.33
-29360	-23279.395
-45134	-23268.523
-50900	-23261.227
-44599	-23256.547
-29466	-23255.309
-29481	-23255.707
-45191	-23256.508
-50956	-23259.799
-44582	-23263.7
-29217	-23268.707
-29380	-23273.13
-45189	-23276.338
-50901	-23281.354
-44537	-23287.336
-29205	-23295.549
-29452	-23304.764
-45223	-23314.283
-50899	-23326.49
-44507	-23339.38
-29241	-23352.832
-29586	-23363.992
-45291	-23370.91
-50912	-23375.137
-44472	-23374.564
-29112	-23369.812
-29598	-23359.668
-45340	-23344.469
-50894	-23328.53
-44446	-23312.662
-29177	-23299.885
-29954	-23290.545
-45411	-23285.617
-50901	-23288.361
-44374	-23297.197
-29121	-23311.744
-29827	-23328.291
-45442	-23343.676
-50911	-23357.809
-44410	-23367.209
-29080	-23371.36
-29889	-23368.33
-45491	-23358.562
-50933	-23346.67
-44396	-23334.12
-29121	-23324.707
-29939	-23319.234
-45461	-23318.643
-50928	-23325.61
-44394	-23337.488
-29152	-23352.557
-30056	-23365.791
-45550	-23373.32
-50931	-23375.037
-44336	-23368.316
-28852	-23354.576
-29983	-23334.287
-45536	-23310.697
-50812	-23290.79
-44219	-23277.463
-28786	-23274.86
-30037	-23282.445
-45572	-23298.81
-50857	-23323.227
-44211	-23349.5
-28731	-23372.977
-30076	-23386.74
-45611	-23386.895
-50844	-23375.018
-44168	-23351.842
-28762	-23323.197
-30245	-23294.23
-45667	-23272.414
-50847	-23267.404
-44157	-23283.01
-28755	-23322.098
-30296	-23380.986
-45706	-23453.814
-50852	-23534.639
-44115	-23612.182
-28867	-23677.49
-30695	-23720.44
-45733	-23735.662
-50794	-23724.133
-44044	-23687.07
-28726	-23631.293
-30546	-23562.938
-45819	-23490.613
-50826	-23424.967
-44058	-23371.043
-28583	-23333.578
-30516	-23311.48
-45822	-23302.844
-50827	-23306.572
-44017	-23316.996
-28619	-23330.889
-30569	-23342.994
-45846	-23351.129
-50830	-23357.158
-43988	-23360.46
-28536	-23363.252
-30669	-23364.898
-45889	-23366.15
-50822	-23369.5
-43993	-23372.975
-28496	-23376.383
-30757	-23376.35
-45944	-23371.703
-50791	-23364.377
-43887	-23353.537
-28559	-23341.51
-30849	-23328.21
-45975	-23315.76
-50806	-23308.277
-43861	-23305.705
-28472	-23309.19
-30866	-23315.992
-45997	-23324.52
-50814	-23335.084
-43898	-23344.445
-28487	-23352.197
-30981	-23355.672
-46071	-23355.068
-50788	-23353.756
-43814	-23352.074
-28371	-23352.803
-30965	-23355.26
-46091	-23360.22
-50783	-23369.807
-43760	-23381.852
-28591	-23395.736
-31517	-23407.453
-46115	-23415.527
-50732	-23420.799
-43741	-23421.527
-28474	-23419.074
-31262	-23412.467
-46176	-23403.531
-50724	-23396.348
-43708	-23391.416
-28302	-23391.07
-31258	-23393.83
-46159	-23399.742
-50709	-23410.139
-43726	-23422.436
-28339	-23436.047
-31280	-23447.145
-46214	-23454.428
-50709	-23458.957
-43655	-23458.73
-28269	-23454.652
-31397	-23444.795
-46216	-23430.08
-50656	-23413.645
-43618	-23395.432
-28097	-23377.9
-31358	-23360.197
-46241	-23343.838
-50672	-23332.012
-43586	-23324.162
-28237	-23321.654
-31578	-23322.086
-46345	-23325.135
-50712	-23331.818
-43553	-23339.65
-28085	-23348.453
-31570	-23354.887
-46369	-23358.58
-50671	-23361.521
-43522	-23362.873
-28015	-23364.701
-31586	-23365.924
-46375	-23368.193
-50697	-23374.52
-43484	-23384.203
-28067	-23398.156
-31716	-23413.223
-46412	-23428.344
-50687	-23443.768
-43456	-23456.385
-28344	-23465.686
-32203	-23468.523
-46451	-23465.17
-50667	-23457.871
-43441	-23447.107
-28059	-23435.717
-31886	-23423.201
-46507	-23411.492
-50681	-23403.541
-43433	-23398.752
-27977	-23398.035
-31866	-23398.35
-46530	-23399.207
-50692	-23401.521
-43376	-23403.277
-28004	-23405.215
-31932	-23405.0
-46536	-23403.602
-50690	-23403.59
-43360	-23404.338
-27877	-23407.45
-32041	-23410.574
-46609	-23413.895
-50692	-23418.703
-43308	-23422.943
-27862	-23427.05
-32056	-23428.168
-46608	-23426.803
-50661	-23425.291
-43251	-23423.254
-27732	-23422.893
-32081	-23422.688
-46635	-23423.854
-50640	-23428.348
-43185	-23434.424
-27812	-23442.18
-32234	-23447.781
-46682	-23450.59
-50637	-23451.455
-43176	-23448.895
-27798	-23444.596
-32299	-23437.432
-46722	-23430.059
-50629	-23426.443
-43143	-23427.428
-27697	-23435.453
-32312	-23448.295
-46749	-23465.777
-50574	-23487.668
-43089	-23509.947
-27827	-23530.576
-32442	-23544.111
-46728	-23549.16
-50594	-23546.363
-43079	-23535.037
-27782	-23518.03
-32483	-23495.637
-46826	-23471.904
-50591	-23451.818
-43009	-23436.908
-27602	-23429.957
-32481	-23428.773
-46841	-23433.168
-50570	-23442.879
-43022	-23454.113
-27593	-23465.29
-32502	-23471.514
-46879	-23471.936
-50545	-23467.76
-42941	-23458.38
-27424	-23446.479
-32497	-23431.576
-46895	-23416.857
-50555	-23406.297
-42935	-23400.453
-27400	-23401.578
-32588	-23407.1
-46981	-23417.133
-50556	-23431.85
-42899	-23448.12
-27434	-23464.95
-32626	-23477.58
-46967	-23485.182
-50534	-23488.23
-42841	-23485.225
-27307	-23477.791
-32631	-23464.494
-47039	-23448.168
-50537	-23432.793
-42827	-23419.734
-27463	-23412.578
-32674	-23410.63
-46998	-23415.953
-50532	-23430.283
-42854	-23451.611
-27451	-23479.285
-32719	-23508.045
-47059	-23535.764
-50517	-23560.96
-42754	-23579.846
-26956	-23591.943
-32509	-23593.766
-47089	-23586.639
-50464	-23573.523
-42652	-23555.643
-27055	-23536.969
-32667	-23517.451
-47163	-23500.256
-50479	-23488.41
-42633	-23481.436
-27068	-23480.406
-32757	-23481.64
-47161	-23484.814
-50419	-23490.033
-42620	-23494.953
-26934	-23500.066
-32682	-23502.27
-47140	-23502.645
-50378	-23503.094
-42589	-23502.922
-26807	-23503.766
-32697	-23502.934
-47207	-23501.191
-50376	-23499.639
-42521	-23496.688
-26662	-23493.363
-32680	-23486.814
-47254	-23478.537
-50379	-23470.885
-42464	-23463.967
-26526	-23460.5
-32670	-23458.762
-47253	-23460.469
-50359	-23467.164
-42444	-23477.053
-26484	-23490.232
-32702	-23502.104
-47306	-23511.844
-50344	-23519.34
-42409	-23522.47
-26457	-23522.436
-32723	-23516.984
-47296	-23508.584
-50306	-23500.52
-42384	-23493.678
-26452	-23491.152
-32811	-23491.156
-47364	-23495.012
-50326	-23503.535
-42326	-23514.297
-26252	-23526.93
-32791	-23536.646
-47290	-23542.955
-50223	-23546.143
-42255	-23545.027
-26436	-23541.543
-32909	-23534.006
-47391	-23525.012
-50282	-23517.445
-42269	-23511.457
-26221	-23509.125
-32829	-23507.453
-47434	-23506.87
-50261	-23507.58
-42196	-23507.31
-25994	-23506.512
-32829	-23501.55
-47417	-23493.744
-50197	-23485.22
-42150	-23476.273
-26082	-23470.03
-32985	-23465.074
-47459	-23463.775
-50201	-23467.86
-42114	-23475.871
-26040	-23488.037
-33006	-23499.418
-47509	-23509.105
-50219	-23516.387
-42070	-23518.822
-25819	-23517.44
-32960	-23509.75
-47524	-23498.549
-50207	-23487.52
-42072	-23478.27
-25837	-23474.81
-32998	-23475.803
-47544	-23483.186
-50161	-23497.41
-42009	-23515.523
-26001	-23535.979
-33113	-23552.234
-47583	-23562.213
-50177	-23564.518
-41989	-23556.707
-25963	-23540.443
-33137	-23514.385
-47612	-23482.9
-50174	-23451.057
-41900	-23421.94
-25352	-23400.75
-32746	-23386.898
-47613	-23382.57
-50107	-23388.445
-41825	-23401.637
-25750	-23420.672
-33192	-23438.996
-47657	-23454.594
-50071	-23466.06
-41811	-23470.846
-25531	-23470.256
-33167	-23461.947
-47633	-23449.033
-50052	-23434.88
-41802	-23420.598
-25451	-23409.541
-33137	-23399.545
-47692	-23392.236
-50034	-23388.336
-41718	-23385.92
-25564	-23385.371
-33314	-23382.543
-47751	-23378.164
-50039	-23373.174
-41718	-23366.758
-25422	-23361.102
-33354	-23353.6
-47797	-23346.318
-50026	-23340.787
-41680	-23336.115
-25472	-23333.768
-33412	-23330.271
-47784	-23326.86
-49954	-23324.59
-41629	-23322.586
-25424	-23322.723
-33447	-23322.258
-47859	-23323.016
-50010	-23326.242
-41609	-23330.744
-25454	-23337.43
-33571	-23342.057
-47869	-23344.986
-49967	-23346.193
-41551	-23343.986
-25424	-23339.79
-33643	-23330.938
-47904	-23320.164
-49971	-23310.25
-41537	-23302.018
-25073	-23298.768
-33304	-23298.162
-47941	-23301.814
-50006	-23309.969
-41564	-23320.1
-25519	-23331.63
-34025	-23338.99
-48244	-23341.865
-50302	-23340.012
-41901	-23332.254
-25624	-23320.953
-34372	-23304.41
-48817	-23286.33
-50847	-23270.107
-42426	-23256.83
-26044	-23249.674
-34898	-23245.879
-49317	-23246.918
-51231	-23252.943
-42708	-23261.566
-26221	-23272.91
-35164	-23281.988
-49556	-23289.145
-51468	-23294.422
-42885	-23296.309
-26234	-23296.38
-35270	-23291.174
-49678	-23282.73
-51512	-23272.543
-42909	-23260.371
-26310	-23249.045
-35461	-23236.361
-49765	-23225.56
-51551	-23219.28
-42869	-23218.014
-26259	-23224.504
-35504	-23235.39
-49801	-23251.643
-51547	-23272.215
-42890	-23293.283
-26354	-23312.996
-35597	-23324.303
-49867	-23325.838
-51591	-23316.703
-42877	-23295.695
-26402	-23266.115
-35714	-23227.71
-49929	-23186.71
-51608	-23149.074
-42913	-23118.463
-25696	-23100.27
-34887	-23092.639
-49882	-23096.822
-51521	-23111.479
-42853	-23131.656
-26892	-23154.377
-36036	-23171.715
-50047	-23181.973
-51565	-23184.08
-42820	-23176.871
-26453	-23163.719
-35944	-23143.973
-50027	-23123.082
-51522	-23105.416
-42742	-23092.65
-26426	-23088.02
-36037	-23087.959
-50073	-23093.273
-51580	-23102.754
-42828	-23113.014
-26448	-23123.572
-36067	-23129.203
-50079	-23131.121
-51578	-23130.15
-42733	-23125.955
-26371	-23121.234
-36144	-23113.332
-50156	-23104.977
-51571	-23097.37
-42675	-23089.578
-26426	-23083.258
-36252	-23074.854
-50199	-23066.75
-51571	-23060.395
-42697	-23055.717
-26382	-23055.36
-36336	-23056.314
-50246	-23060.686
-51574	-23068.422
-42680	-23076.738
-26329	-23085.05
-36304	-23087.008
-50247	-23082.33
-51542	-23070.338
-42616	-23049.787
-26209	-23023.877
-36356	-22991.75
-50259	-22959.543
-51472	-22932.564
-42498	-22914.17
-26024	-22909.682
-36129	-22917.602
-50264	-22940.727
-51415	-22979.057
-42356	-23029.734
-26197	-23092.074
-36382	-23160.025
-50170	-23233.77
-51304	-23312.766
-42219	-23395.285
-26012	-23482.713
-36232	-23570.836
-49965	-23660.96
-50995	-23752.066
-41851	-23840.684
-25554	-23925.52
-35910	-23999.771
-49632	-24063.184
-50578	-24115.033
-41345	-24154.328
-25319	-24184.285
-35666	-24204.0
-49217	-24219.191
-50167	-24233.836
-40987	-24249.36
-24998	-24268.457
-35388	-24286.86
-49010	-24304.857
-50001	-24320.31
-40790	-24329.426
-24913	-24332.117
-35350	-24324.48
-48889	-24310.674
-49780	-24294.873
-40536	-24280.652
-24711	-24274.35
-35222	-24275.777
-48753	-24288.758
-49669	-24312.61
-40458	-24342.248
-24877	-24373.156
-35410	-24394.637
-48792	-24402.6
-49636	-24393.31
-40414	-24364.617
-24850	-24320.818
-35348	-24264.438
-48770	-24206.63
-49527	-24157.826
-40252	-24125.908
-24591	-24118.867
-35242	-24135.41
-48756	-24176.13
-49499	-24235.615
-40244	-24303.75
-24805	-24371.951
-35412	-24426.943
-48739	-24463.994
-49452	-24480.08
-40131	-24474.701
-24801	-24453.695
-35468	-24420.324
-48779	-24385.121
-49466	-24356.178
-40139	-24338.012
-24807	-24334.889
-35554	-24342.627
-48798	-24360.504
-49459	-24384.139
-40092	-24406.969
-24872	-24425.934
-35601	-24434.363
-48826	-24434.174
-49426	-24427.377
-40062	-24416.166
-24817	-24406.133
-35721	-24397.28
-48893	-24394.953
-49431	-24400.705
-39994	-24412.883
-24801	-24431.04
-35771	-24448.547
-48911	-24465.08
-49396	-24478.785
-39938	-24487.348
-24795	-24492.334
-35797	-24490.97
-48874	-24487.49
-49346	-24484.086
-39849	-24480.93
-24733	-24480.111
-35894	-24477.484
-48931	-24474.627
-49346	-24470.635
-39857	-24463.408
-24874	-24453.97
-36094	-24439.01
-48954	-24422.555
-49317	-24407.05
-39829	-24393.717
-24898	-24386.115
-36114	-24381.605
-48964	-24382.928
-49350	-24389.17
-39749	-24396.777
-24699	-24404.074
-36069	-24403.787
-49024	-24395.438
-49289	-24377.053
-39706	-24346.4
-24836	-24304.959
-36253	-24249.941
-49022	-24186.03
-49249	-24115.844
-39643	-24040.82
-24836	-23964.75
-36282	-23885.889
-49017	-23808.799
-49214	-23735.225
-39574	-23665.33
-24714	-23601.717
-36207	-23541.371
-49069	-23487.768
-49190	-23441.373
-39469	-23400.836
-24761	-23366.854
-36486	-23334.277
-49145	-23304.615
-49224	-23276.637
-39437	-23248.275
-24685	-23220.664
-36511	-23190.316
-49142	-23161.582
-49178	-23136.635
-39397	-23116.586
-24761	-23104.91
-36591	-23098.947
-49126	-23101.861
-49106	-23112.69
-39332	-23128.025
-24843	-23146.164
-36606	-23159.684
-49120	-23168.46
-49069	-23170.451
-39194	-23163.795
-24505	-23150.7
-36559	-23129.367
-49139	-23106.033
-49096	-23084.516
-39292	-23067.256
-24756	-23058.361
-36542	-23055.232
-49134	-23060.928
-49039	-23074.334
-39201	-23091.805
-24817	-23111.957
-36712	-23128.326
-49147	-23141.812
-48986	-23151.639
-39147	-23156.912
-24794	-23160.201
-36807	-23159.307
-49177	-23159.197
-49002	-23161.633
-39110	-23166.701
-24785	-23176.08
-36876	-23185.443
-49180	-23196.746
-48998	-23208.707
-39099	-23219.066
-24847	-23228.355
-36947	-23232.363
-49233	-23234.562
-48952	-23235.877
-39026	-23236.555
-24804	-23239.111
-36997	-23240.57
-49234	-23244.363
-48907	-23250.303
-38987	-23256.557
-24801	-23263.365
-37038	-23265.656
-49254	-23265.54
-48937	-23262.639
-38923	-23256.305
-24681	-23249.03
-37106	-23238.602
-49303	-23230.246
-48919	-23226.07
-38877	-23226.818
-24742	-23234.951
-37216	-23246.557
-49387	-23263.895
-48916	-23285.182
-38837	-23306.984
-24687	-23328.068
-37245	-23342.04
-49403	-23350.299
-48934	-23352.027
-38805	-23346.56
-24661	-23336.715
-37252	-23320.828
-49435	-23304.943
-48892	-23291.893
-38722	-23283.092
-24527	-23281.504
-37256	-23283.65
-49437	-23291.988
-48892	-23304.78
-38711	-23318.684
-24736	-23332.463
-37356	-23339.84
-49419	-23342.4
-48834	-23339.482
-38699	-23330.63
-24781	-23318.803
-37387	-23302.385
-49441	-23287.205
-48814	-23275.643
-38575	-23268.6
-24645	-23268.42
-37428	-23271.113
-49482	-23278.889
-48767	-23290.006
-38556	-23301.586
-24716	-23313.203
-37446	-23319.674
-49504	-23323.598
-48764	-23325.15
-38519	-23324.293
-24661	-23323.69
-37427	-23320.791
-49527	-23319.777
-48785	-23321.021
-38462	-23323.426
-24638	-23327.46
-37555	-23327.965
-49535	-23326.734
-48736	-23322.557
-38466	-23314.078
-24709	-23302.87
-37587	-23286.242
-49589	-23269.066
-48761	-23253.404
-38410	-23240.557
-24714	-23233.646
-37681	-23229.848
-49625	-23232.43
-48737	-23240.61
-38374	-23252.059
-24879	-23266.227
-37960	-23277.297
-49621	-23286.904
-48736	-23293.852
-38355	-23296.988
-24697	-23298.084
-37771	-23294.291
-49662	-23290.14
-48742	-23286.898
-38375	-23285.006
-24805	-23286.582
-37888	-23288.053
-49709	-23292.396
-48694	-23298.898
-38257	-23305.934
-24746	-23313.979
-37904	-23318.553
-49664	-23322.352
-48641	-23325.117
-38220	-23326.172
-24745	-23327.146
-37971	-23324.654
-49740	-23322.246
-48691	-23320.15
-38172	-23317.846
-24627	-23316.822
-37997	-23313.277
-49770	-23310.459
-48648	-23308.299
-38062	-23306.127
-24561	-23305.424
-38010	-23302.55
-49772	-23300.857
-48630	-23300.408
-38059	-23300.615
-24624	-23302.926
-38078	-23303.646
-49819	-23306.049
-48611	-23310.023
-37976	-23314.816
-24607	-23321.594
-38197	-23326.258
-49827	-23331.674
-48557	-23337.055
-37886	-23341.018
-24535	-23344.248
-38228	-23342.32
-49877	-23338.158
-48587	-23331.635
-37859	-23322.572
-24602	-23313.283
-38315	-23301.188
-49880	-23291.062
-48503	-23284.098
-37784	-23280.768
-24672	-23282.96
-38369	-23286.818
-49920	-23294.928
-48552	-23305.758
-37729	-23316.975
-24473	-23328.246
-38337	-23334.191
-49929	-23337.135
-48521	-23336.55
-37686	-23332.168
-24609	-23326.283
-38437	-23316.492
-49958	-23307.486
-48502	-23300.354
-37675	-23295.293
-24753	-23293.918
-38482	-23292.225
-49949	-23292.852
-48476	-23294.648
-37620	-23296.066
-24644	-23297.783
-38526	-23295.727
-49998	-23293.299
-48433	-23290.74
-37549	-23288.094
-24666	-23287.361
-38597	-23285.291
-49982	-23285.498
-48411	-23287.555
-37497	-23290.455
-24679	-23294.979
-38645	-23296.893
-50031	-23299.203
-48354	-23301.662
-37395	-23304.002
-24592	-23308.14
-38685	-23310.992
-50041	-23316.467
-48386	-23324.586
-37402	-23334.65
-24680	-23347.39
-38781	-23358.078
-50081	-23368.957
-48354	-23378.496
-37304	-23385.244
-24657	-23389.97
-38817	-23388.982
-50036	-23386.21
-48274	-23382.363
-37107	-23377.988
-24479	-23375.367
-38914	-23371.48
-50103	-23369.994
-48299	-23370.418
-37134	-23371.648
-24579	-23374.154
-38986	-23373.344
-50146	-23372.021
-48271	-23369.646
-37047	-23365.906
-24497	-23362.6
-38992	-23356.746
-50139	-23352.525
-48239	-23350.2
-37097	-23349.428
-24668	-23351.236
-39026	-23351.215
-50151	-23351.838
-48220	-23351.791
-37031	-23349.795
-24650	-23346.713
-39046	-23338.926
-50136	-23330.508
-48188	-23322.143
-36990	-23314.656
-24736	-23310.432
-39116	-23306.686
-50150	-23307.2
-48145	-23311.36
-36891	-23317.865
-24639	-23326.688
-39152	-23332.584
-50189	-23337.656
-48150	-23340.422
-36901	-23339.936
-24768	-23337.443
-39201	-23330.043
-50164	-23322.365
-48096	-23315.42
-36827	-23310.143
-24730	-23308.836
-39252	-23308.463
-50196	-23312.486
-48101	-23319.86
-36748	-23329.037
-24703	-23339.676
-39281	-23346.564
-50157	-23351.754
-48062	-23353.771
-36349	-23351.814
-24087	-23347.236
-39407	-23336.965
-50275	-23325.943
-48055	-23315.34
-36604	-23306.432
-24695	-23301.9
-39393	-23299.115
-50259	-23302.027
-48071	-23309.87
-36624	-23321.277
-24769	-23335.82
-39461	-23347.99
-50262	-23359.38
-48022	-23367.992
-36522	-23372.393
-24755	-23373.363
-39529	-23367.773
-50302	-23360.256
-48016	-23351.947
-36557	-23344.166
-24882	-23339.51
-39586	-23335.38
-50312	-23335.494
-47941	-23338.963
-36437	-23344.148
-24886	-23350.523
-39625	-23352.83
-50329	-23353.215
-47960	-23350.559
-36355	-23344.514
-24803	-23337.133
-39661	-23326.404
-50334	-23317.818
-47956	-23312.775
-36331	-23312.229
-24831	-23317.754
-39723	-23325.229
-50339	-23336.672
-47883	-23349.38
-36272	-23360.418
-24925	-23368.428
-39752	-23368.148
-50329	-23362.371
-47837	-23351.098
-36167	-23335.488
-24835	-23318.969
-39830	-23300.611
-50331	-23286.484
-47825	-23277.902
-35634	-23275.488
-24058	-23279.994
-39899	-23286.29
-50352	-23295.953
-47792	-23306.182
-36142	-23314.514
-25007	-23320.55
-39953	-23320.258
-50389	-23317.658
-47796	-23313.484
-36071	-23309.049
-24952	-23307.037
-39997	-23305.172
-50409	-23307.492
-47758	-23313.19
-35944	-23320.898
-24958	-23330.033
-40045	-23335.38
-50374	-23339.229
-47737	-23340.25
-35955	-23338.168
-25011	-23334.738
-40107	-23327.676
-50411	-23322.102
-47689	-23318.662
-35823	-23317.75
-24894	-23320.268
-40160	-23321.963
-50412	-23325.246
-47649	-23328.156
-35821	-23329.28
-25041	-23329.037
-40209	-23324.205
-50491	-23319.469
-47683	-23315.844
-35723	-23314.656
-24920	-23318.11
-40232	-23323.064
-50482	-23332.371
-47641	-23343.469
-35681	-23353.215
-24987	-23359.31
-40291	-23355.39
-50511	-23343.174
-47669	-23321.662
-35704	-23292.02
-25162	-23258.285
-40404	-23221.455
-50504	-23190.08
-47588	-23168.06
-35727	-23158.41
-25327	-23163.45
-40427	-23179.11
-50519	-23206.303
-47601	-23240.158
-35581	-23275.5
-25172	-23308.43
-40474	-23331.814
-50518	-23347.22
-47543	-23353.715
-35552	-23352.438
-25187	-23346.955
-40512	-23337.107
-50521	-23329.586
-47477	-23325.982
-35338	-23327.06
-25051	-23333.41
-40586	-23340.299
-50526	-23349.412
-47471	-23358.105
-35259	-23364.57
-25054	-23368.756
-40605	-23367.215
-50519	-23364.307
-47409	-23360.436
-35192	-23356.486
-25046	-23353.941
-40617	-23349.615
-50487	-23346.803
-47359	-23344.146
-35088	-23340.73
-25031	-23336.965
-40668	-23329.738
-50512	-23323.654
-47341	-23319.477
-35019	-23318.605
-25104	-23323.002
-40822	-23329.596
-50591	-23341.1
-47349	-23354.502
-35023	-23366.191
-25175	-23372.922
-40856	-23367.701
-50602	-23351.662
-47356	-23323.475
-34947	-23284.594
-25175	-23239.691
-40870	-23191.172
-50546	-23149.273
-47274	-23119.59
-34665	-23106.879
-24917	-23114.283
-40931	-23137.943
-50608	-23178.164
-47271	-23228.434
-34881	-23281.47
-25315	-23330.727
-40985	-23366.932
-50661	-23389.889
-47242	-23397.664
-34754	-23391.678
-25267	-23376.375
-41046	-23353.58
-50619	-23332.262
-47217	-23316.055
-34735	-23307.5
-25357	-23307.898
-41079	-23312.66
-50635	-23322.662
-47201	-23333.61
-34687	-23342.113
-25314	-23346.475
-41120	-23342.557
-50636	-23334.738
-47164	-23324.252
-34644	-23313.67
-25444	-23306.33
-41181	-23301.068
-50647	-23302.434
-47146	-23309.197
-34560	-23319.506
-25416	-23331.473
-41233	-23339.17
-50656	-23344.074
-47083	-23344.145
-34472	-23339.342
-25439	-23331.516
-41311	-23319.791
-50682	-23310.55
-47098	-23305.646
-34444	-23306.865
-25507	-23315.547
-41336	-23328.043
-50697	-23346.395
-47084	-23367.334
-34430	-23388.072
-25521	-23406.574
-41364	-23417.803
-50681	-23424.441
-47020	-23425.74
-33730	-23422.666
-24849	-23417.104
-41451	-23407.416
-50706	-23398.96
-47020	-23391.756
-34276	-23386.174
-25582	-23382.598
-41520	-23377.275
-50742	-23373.14
-46952	-23368.576
-34157	-23362.898
-25591	-23356.332
-41537	-23345.918
-50689	-23335.736
-46916	-23325.562
-34182	-23316.049
-25699	-23308.209
-41574	-23299.348
-50711	-23293.285
-46874	-23289.055
-34190	-23286.273
-25847	-23284.85
-41617	-23281.203
-50697	-23278.455
-46844	-23275.227
-34093	-23271.13
-25833	-23266.398
-41697	-23258.104
-50735	-23250.31
-46844	-23242.8
-33912	-23236.61
-25734	-23233.22
-41769	-23230.77
-50771	-23233.9
-46830	-23242.232
-33922	-23255.611
-25851	-23273.504
-41834	-23291.23
-50762	-23310.13
-46796	-23326.654
-33776	-23338.256
-25742	-23343.176
-41844	-23337.242
-50758	-23324.191
-46768	-23304.473
-33606	-23280.688
-25671	-23256.436
-41880	-23232.295
-50741	-23215.215
-46719	-23206.6
-32862	-23207.781
-24984	-23218.553
-41935	-23234.016
-50741	-23255.31
-46708	-23277.982
-33431	-23298.99
-25732	-23316.16
-42023	-23325.066
-50789	-23329.201
-46694	-23328.506
-33376	-23324.81
-25758	-23320.252
-42068	-23313.682
-50784	-23309.973
-46665	-23308.695
-33263	-23309.672
-25737	-23312.309
-42081	-23312.64
-50789	-23313.482
-46672	-23313.479
-33140	-23313.012
-25614	-23312.957
-42184	-23311.299
-50823	-23312.62
-46612	-23316.385
-33053	-23322.508
-25729	-23330.158
-42194	-23334.729
-50767	-23338.094
-46555	-23337.725
-33072	-23332.98
-25798	-23324.42
-42246	-23310.758
-50808	-23298.277
-46529	-23289.188
-32977	-23286.555
-25857	-23292.475
-42296	-23304.367
-50812	-23324.3
-46514	-23347.744
-32877	-23370.057
-25835	-23385.955
-42382	-23387.857
-50870	-23376.361
-46531	-23349.791
-32872	-23310.541
-25926	-23263.38
-42372	-23212.059
-50797	-23167.54
-46457	-23135.527
-32715	-23121.084
-25982	-23126.385
-42491	-23147.514
-50839	-23184.135
-46475	-23229.172
-32959	-23275.787
-26239	-23317.248
-42532	-23345.684
-50856	-23361.975
-46467	-23365.113
-32899	-23357.84
-26211	-23344.486
-42584	-23327.314
-50889	-23314.629
-46402	-23308.807
-32627	-23311.537
-26128	-23322.21
-42670	-23335.8
-50892	-23352.662
-46409	-23368.197
-32681	-23379.82
-26204	-23385.812
-42696	-23383.273
-50876	-23377.02
-46340	-23368.027
-32626	-23358.908
-26316	-23351.658
-42684	-23344.914
-50803	-23342.592
-46311	-23343.004
-32584	-23345.275
-26384	-23348.021
-42773	-23347.674
-50847	-23347.566
-46272	-23346.975
-32523	-23347.05
-26447	-23348.602
-42837	-23349.553
-50850	-23353.223
-46272	-23357.021
-32482	-23358.83
-26460	-23355.506
-42877	-23341.486
-50857	-23318.24
-46235	-23284.111
-32496	-23240.7
-26579	-23191.365
-42896	-23138.756
-50855	-23092.553
-46203	-23057.654
-33476	-23038.992
-30173	-23038.553
-43247	-23055.107
-50872	-23089.326
-46167	-23135.15
-32636	-23186.332
-27098	-23235.826
-43097	-23275.105
-50893	-23303.268
-46165	-23317.107
-32372	-23317.25
-26814	-23305.988
-43070	-23284.916
-50902	-23262.209
-46126	-23241.02
-32363	-23224.885
-26949	-23215.293
-43116	-23209.965
-50867	-23211.176
-46111	-23215.64
-32346	-23221.283
-26986	-23225.748
-43162	-23225.328
-50856	-23223.244
-46035	-23218.893
-32282	-23213.768
-27054	-23209.123
-43189	-23203.986
-50859	-23202.725
-46019	-23204.436
-32225	-23208.996
-27062	-23215.143
-43229	-23219.344
-50860	-23223.91
-45981	-23226.867
-32172	-23228.205
-27138	-23227.764
-43257	-23223.953
-50842	-23221.117
-45992	-23218.93
-32169	-23218.367
-27212	-23219.236
-43296	-23219.082
-50834	-23220.73
-45927	-23222.215
-31965	-23223.223
-27177	-23223.006
-43391	-23219.56
-50864	-23217.172
-45912	-23216.068
-32854	-23218.012
-30011	-23223.748
-43592	-23233.14
-50828	-23249.697
-45832	-23271.225
-32408	-23295.914
-27934	-23320.348
-43566	-23339.05
-50953	-23351.994
-45947	-23355.463
-32045	-23348.639
-27575	-23331.719
-43706	-23305.06
-51097	-23276.156
-46158	-23248.754
-32184	-23228.13
-27853	-23217.693
-44077	-23217.309
-51434	-23229.906
-46410	-23251.39
-32329	-23277.223
-28077	-23300.92
-44412	-23314.562
-51719	-23317.283
-46736	-23306.273
-32559	-23283.586
-28349	-23253.2
-44767	-23219.84
-52000	-23194.469
-46946	-23182.555
-32688	-23188.652
-28568	-23212.416
-44969	-23247.807
-52186	-23290.55
-47092	-23329.42
-32739	-23354.848
-28719	-23358.35
-45199	-23334.365
-52367	-23288.5
-47216	-23227.77
-32897	-23165.82
-29003	-23117.95
-45399	-23097.791
-52477	-23120.918
-47287	-23192.02
-32896	-23309.535
-29023	-23462.406
-45467	-23631.299
-52512	-23797.84
-47287	-23938.307
-33648	-24033.75
-31389	-24070.342
-45639	-24042.844
-52489	-23959.727
-47272	-23832.94
-33589	-23681.959
-30036	-23527.447
-45754	-23387.463
-52673	-23280.34
-47386	-23212.967
-32960	-23186.45
-29443	-23193.922
-45777	-23222.555
-52670	-23262.75
-47354	-23301.05
-32811	-23329.006
-29353	-23341.209
-45804	-23335.854
-52645	-23320.006
-47324	-23298.295
-32739	-23277.418
-29500	-23261.27
-45954	-23250.254
-52766	-23247.244
-47387	-23248.273
-32702	-23250.41
-29554	-23249.623
-46043	-23242.494
-52830	-23232.752
-47386	-23221.473
-32699	-23212.742
-29658	-23209.078
-46087	-23210.67
-52824	-23220.422
-47382	-23233.916
-32701	-23246.648
-29744	-23251.805
-46104	-23242.607
-52767	-23219.914
-47322	-23183.96
-32579	-23141.193
-29783	-23100.225
-46156	-23070.838
-52787	-23067.488
-47305	-23096.947
-32511	-23162.938
-29839	-23261.135
-46206	-23380.066
-52814	-23508.09
-47305	-23626.27
-33019	-23718.031
-31286	-23768.78
-46337	-23770.084
-52782	-23725.346
-47186	-23641.043
-33347	-23531.506
-30911	-23413.29
-46479	-23302.664
-52916	-23217.846
-47291	-23167.494
-32432	-23155.871
-30067	-23179.336
-46399	-23228.498
-52833	-23295.947
-47184	-23369.268
-32256	-23439.883
-30051	-23500.793
-46346	-23548.64
-52679	-23588.37
-46995	-23622.773
-32019	-23657.662
-29912	-23696.303
-46126	-23739.54
-52399	-23790.455
-46646	-23845.34
-31717	-23901.117
-29749	-23952.584
-45869	-23995.291
-52112	-24031.05
-46285	-24059.406
-31313	-24083.717
-29454	-24106.367
-45431	-24129.305
-51531	-24157.73
-45676	-24190.43
-30809	-24226.182
-29137	-24260.299
-44979	-24287.506
-51144	-24307.627
-45325	-24318.105
-30489	-24321.209
-29009	-24320.172
-44803	-24320.379
-50946	-24332.51
-45159	-24362.045
-30355	-24414.154
-28956	-24488.232
-44719	-24579.338
-50827	-24682.607
-44994	-24785.896
-31491	-24877.578
-31575	-24945.227
-44746	-24980.291
-50737	-24980.88
-44928	-24947.654
-30564	-24887.207
-29332	-24807.746
-44800	-24719.146
-50830	-24635.184
-44957	-24563.455
-30171	-24510.316
-29159	-24476.334
-44816	-24458.791
-50833	-24456.424
-44917	-24462.51
-30037	-24472.484
-29169	-24480.97
-44835	-24484.734
-50812	-24486.559
-44890	-24486.592
-29984	-24487.93
-29226	-24491.398
-44907	-24497.322
-50778	-24508.762
-44824	-24523.355
-30004	-24539.883
-29289	-24554.799
-44938	-24565.158
-50804	-24572.951
-44794	-24577.113
-29926	-24579.666
-29401	-24580.953
-45027	-24581.64
-50811	-24585.59
-44799	-24591.324
-29861	-24598.338
-29471	-24603.027
-45098	-24602.04
-50835	-24596.527
-44834	-24584.943
-29935	-24569.77
-29621	-24553.238
-45129	-24539.668
-50810	-24537.79
-44748	-24551.7
-29912	-24585.87
-29699	-24639.736
-45136	-24710.129
-50792	-24794.383
-44694	-24883.32
-30902	-24968.346
-31866	-25039.033
-45199	-25087.887
-50769	-25112.387
-44666	-25110.75
-30236	-25085.936
-30147	-25041.469
-45259	-24983.018
-50807	-24920.348
-44661	-24858.656
-29759	-24803.592
-29889	-24756.52
-45259	-24717.41
-50781	-24688.168
-44639	-24665.508
-29632	-24647.889
-29957	-24631.223
-45366	-24612.668
-50807	-24593.254
-44609	-24570.352
-29567	-24543.615
-29967	-24510.248
-45366	-24468.398
-50782	-24419.852
-44576	-24362.729
-29563	-24298.123
-30061	-24225.543
-45365	-24146.377
-50753	-24066.107
-44539	-23986.166
-29397	-23909.883
-30104	-23836.764
-45463	-23765.998
-50750	-23698.67
-44447	-23630.7
-29210	-23560.17
-30089	-23483.33
-45486	-23399.527
-50771	-23314.121
-44454	-23231.256
-29231	-23159.72
-30187	-23106.818
-45524	-23080.602
-50785	-23089.975
-44454	-23135.764
-29276	-23216.043
-30346	-23320.828
-45562	-23437.053
-50768	-23552.111
-44423	-23649.02
-30107	-23715.172
-31738	-23740.012
-45573	-23720.646
-50747	-23662.717
-44408	-23574.717
-29841	-23470.775
-30834	-23364.072
-45667	-23267.734
-50797	-23194.621
-44407	-23149.096
-29455	-23132.338
-30682	-23138.133
-45714	-23158.455
-50787	-23186.973
-44301	-23214.12
-29276	-23234.86
-30673	-23244.56
-45712	-23243.326
-50707	-23236.793
-44238	-23227.805
-29094	-23221.602
-30724	-23219.264
-45791	-23221.576
-50713	-23230.328
-44227	-23241.729
-29208	-23253.99
-30873	-23262.846
-45844	-23267.074
-50742	-23269.895
-44189	-23272.002
-29221	-23277.197
-30982	-23286.184
-45861	-23300.096
-50726	-23320.932
-44160	-23344.604
-29086	-23367.904
-31020	-23384.135
-45941	-23389.248
-50756	-23384.094
-44181	-23368.754
-29133	-23349.055
-31034	-23330.57
-45896	-23322.113
-50691	-23334.588
-44140	-23372.5
-29141	-23438.549
-31199	-23527.35
-45960	-23630.514
-50679	-23738.336
-44072	-23835.338
-29409	-23909.117
-31847	-23947.303
-45918	-23944.729
-50630	-23904.086
-43996	-23830.809
-29664	-23736.863
-31732	-23634.021
-46089	-23535.812
-50689	-23456.016
-44012	-23400.814
-28974	-23373.633
-31435	-23370.012
-46149	-23383.79
-50717	-23409.064
-44026	-23435.922
-28847	-23458.434
-31469	-23470.15
-46167	-23470.025
-50706	-23462.129
-43983	-23448.678
-28904	-23435.02
-31564	-23422.846
-46174	-23414.645
-50681	-23413.297
-43922	-23416.232
-28854	-23422.088
-31612	-23426.05
-46156	-23426.055
-50624	-23423.299
-43846	-23416.65
-28681	-23408.55
-31639	-23398.793
-46227	-23389.498
-50637	-23384.123
-43833	-23381.523
-28707	-23381.834
-31734	-23381.258
-46266	-23378.314
-50621	-23374.248
-43808	-23368.145
-28738	-23363.037
-31847	-23360.191
-46302	-23364.145
-50580	-23381.328
-43726	-23413.502
-28674	-23462.625
-31900	-23524.576
-46312	-23595.004
-50589	-23669.127
-43691	-23737.63
-28564	-23793.621
-31907	-23828.66
-46267	-23839.297
-50530	-23826.832
-43627	-23793.787
-29081	-23746.996
-32340	-23691.701
-46400	-23635.805
-50580	-23587.86
-43626	-23550.955
-28431	-23527.756
-32055	-23514.834
-46449	-23509.373
-50579	-23509.244
-43592	-23509.006
-28524	-23506.605
-32243	-23498.27
-46489	-23484.938
-50569	-23470.795
-43519	-23457.719
-28415	-23450.012
-32242	-23447.781
-46518	-23452.605
-50531	-23465.912
-43494	-23484.389
-28417	-23505.975
-32346	-23524.842
-46567	-23538.49
-50558	-23547.053
-43486	-23548.854
-28363	-23546.045
-32400	-23538.367
-46596	-23529.02
-50555	-23522.51
-43441	-23519.36
-28314	-23521.326
-32494	-23525.354
-46639	-23530.477
-50534	-23536.596
-43380	-23540.615
-28389	-23542.533
-32582	-23540.004
-46699	-23534.982
-50517	-23531.834
-43400	-23532.36
-28312	-23540.625
-32622	-23556.201
-46668	-23580.348
-50496	-23613.807
-43337	-23652.51
-27660	-23693.549
-31781	-23729.713
-46634	-23756.586
-50424	-23771.988
-43316	-23773.201
-28824	-23761.25
-33036	-23735.8
-46756	-23701.09
-50464	-23663.62
-43237	-23627.084
-28117	-23596.902
-32744	-23573.568
-46802	-23559.084
-50464	-23555.016
-43201	-23558.455
-28104	-23567.89
-32835	-23577.744
-46837	-23586.064
-50453	-23592.6
-43208	-23595.113
-28057	-23594.72
-32856	-23589.578
-46857	-23581.635
-50439	-23573.91
-43123	-23566.197
-27869	-23560.264
-32871	-23553.576
-46902	-23546.666
-50441	-23541.031
-43115	-23535.389
-27894	-23531.238
-32944	-23526.639
-46990	-23523.521
-50461	-23524.715
-43092	-23529.877
-27794	-23540.453
-32921	-23553.062
-46998	-23566.973
-50442	-23581.543
-43036	-23592.873
-27823	-23599.748
-32989	-23597.861
-47007	-23587.738
-50389	-23572.295
-43016	-23552.959
-27734	-23534.693
-32976	-23518.895
-47050	-23510.107
-50430	-23512.51
-42994	-23525.576
-26626	-23549.52
-31560	-23578.576
-47019	-23608.652
-50344	-23636.45
-42944	-23656.744
-28249	-23667.668
-33325	-23665.707
-47204	-23652.771
-50419	-23633.53
-42914	-23611.033
-27602	-23590.99
-33144	-23574.39
-47269	-23564.375
-50491	-23562.996
-42985	-23567.756
-27451	-23577.225
-33232	-23585.322
-47481	-23590.006
-50721	-23591.012
-43353	-23586.896
-27855	-23580.389
-33750	-23571.26
-48109	-23563.53
-51304	-23561.521
-43827	-23565.57
-28031	-23576.922
-34199	-23590.68
-48638	-23604.504
-51744	-23616.137
-44209	-23621.166
-28171	-23619.266
-34341	-23607.904
-48843	-23590.58
-51927	-23573.332
-44382	-23560.291
-28328	-23557.746
-34525	-23565.754
-49046	-23585.47
-52023	-23615.47
-44402	-23648.77
-28141	-23679.219
-34556	-23695.94
-49136	-23693.51
-52104	-23670.234
-44421	-23625.904
-28021	-23567.32
-34632	-23500.186
-49279	-23436.244
-52156	-23387.807
-44424	-23362.422
-27117	-23366.576
-33389	-23397.084
-49259	-23449.355
-52143	-23515.873
-44439	-23584.496
-28678	-23645.531
-35034	-23687.195
-49399	-23705.256
-52214	-23700.688
-44445	-23676.521
-28067	-23641.55
-34895	-23601.434
-49507	-23565.451
-52229	-23541.14
-44418	-23530.135
-28032	-23533.176
-34995	-23543.19
-49590	-23555.627
-52238	-23566.148
-44386	-23569.264
-27862	-23564.695
-34989	-23550.215
-49565	-23530.266
-52204	-23511.004
-44339	-23496.133
-27817	-23490.61
-35007	-23492.225
-49626	-23500.357
-52250	-23512.566
-44307	-23522.805
-27834	-23528.076
-35077	-23522.287
-49612	-23506.434
-52167	-23484.686
-44222	-23461.186
-27742	-23443.81
-35094	-23434.97
-49569	-23439.018
-52041	-23456.916
-44027	-23483.117
-27576	-23511.334
-34946	-23528.508
-49307	-23526.223
-51622	-23498.887
-43578	-23443.129
-27148	-23363.865
-34607	-23266.857
-48927	-23166.555
-51247	-23079.506
-43144	-23018.984
-25764	-22997.336
-33082	-23015.87
-48557	-23072.988
-50838	-23160.97
-42801	-23264.555
-26971	-23368.717
-34275	-23454.63
-48371	-23511.494
-50671	-23534.523
-42578	-23523.6
-26325	-23487.61
-34019	-23435.455
-48277	-23382.951
-50499	-23345.357
-42374	-23332.766
-26310	-23353.166
-34098	-23404.348
-48181	-23483.729
-50336	-23584.965
-42195	-23697.688
-26031	-23814.312
-33974	-23924.135
-48136	-24023.762
-50266	-24112.502
-42061	-24189.818
-25819	-24259.14
-34012	-24319.244
-48131	-24373.08
-50207	-24422.262
-41977	-24465.387
-25711	-24503.154
-34012	-24531.508
-48082	-24552.146
-50127	-24567.725
-41900	-24579.982
-25741	-24593.781
-34082	-24608.777
-48127	-24628.047
-50121	-24652.238
-41914	-24677.475
-25978	-24700.389
-34213	-24711.676
-48148	-24707.166
-50102	-24684.223
-41832	-24641.385
-25770	-24583.674
-34120	-24515.016
-48061	-24446.97
-49969	-24391.812
-41705	-24358.764
-24987	-24356.885
-33302	-24385.422
-48081	-24443.398
-49979	-24524.832
-41682	-24617.803
-26038	-24711.527
-34446	-24791.16
-48188	-24849.28
-49976	-24882.37
-41614	-24889.613
-25641	-24876.957
-34347	-24848.32
-48166	-24813.902
-49946	-24782.695
-41540	-24759.61
-25586	-24749.117
-34389	-24747.547
-48161	-24753.773
-49901	-24764.64
-41488	-24775.02
-25588	-24783.31
-34476	-24784.746
-48189	-24781.576
-49860	-24776.875
-41402	-24772.424
-25506	-24772.268
-34498	-24774.234
-48242	-24779.84
-49836	-24788.28
-41368	-24795.922
-25523	-24801.549
-34597	-24799.604
-48228	-24791.145
-49833	-24778.021
-41340	-24761.447
-25536	-24745.592
-34699	-24728.982
-48320	-24713.871
-49844	-24699.312
-41291	-24680.127
-25453	-24651.885
-34757	-24604.502
-48388	-24534.137
-49820	-24438.723
-41251	-24318.064
-25472	-24178.844
-34831	-24026.615
-48369	-23875.078
-49805	-23737.914
-41204	-23625.693
-24936	-23548.33
-34362	-23505.598
-48431	-23497.545
-49799	-23518.543
-41219	-23556.867
-25674	-23602.037
-35051	-23639.168
-48466	-23661.135
-49782	-23663.857
-41152	-23645.768
-25464	-23611.828
-35076	-23564.605
-48485	-23513.408
-49739	-23466.096
-41087	-23426.77
-25357	-23399.637
-35090	-23380.941
-48503	-23370.41
-49754	-23365.295
-41080	-23360.898
-25356	-23355.994
-35147	-23345.477
-48555	-23331.586
-49729	-23316.521
-40971	-23301.21
-25251	-23289.143
-35174	-23277.73
-48558	-23269.305
-49659	-23263.959
-40912	-23259.521
-25347	-23256.705
-35271	-23251.7
-48594	-23247.795
-49674	-23247.873
-40903	-23253.47
-25360	-23268.56
-35369	-23290.602
-48598	-23321.064
-49649	-23357.484
-40842	-23393.32
-25281	-23423.307
-35417	-23436.69
-48636	-23430.182
-49652	-23401.703
-40815	-23351.123
-25126	-23285.201
-35427	-23208.71
-48681	-23134.955
-49609	-23075.855
-40724	-23039.805
-25094	-23034.525
-35469	-23057.482
-48713	-23107.713
-49621	-23178.174
-40719	-23256.654
-25379	-23333.082
-35661	-23393.406
-48769	-23432.582
-49613	-23448.32
-40618	-23440.938
-25059	-23417.312
-35686	-23381.297
-48791	-23343.941
-49634	-23313.47
-40645	-23293.951
-25259	-23289.041
-35801	-23293.873
-48805	-23307.383
-49590	-23325.27
-40584	-23341.426
-25236	-23353.621
-35894	-23356.074
-48846	-23351.613
-49544	-23342.965
-40432	-23332.229
-25046	-23324.389
-35936	-23318.217
-48871	-23317.678
-49482	-23323.176
-40394	-23332.068
-25253	-23343.715
-36088	-23352.021
-48849	-23358.18
-49501	-23362.393
-40414	-23364.36
-25281	-23367.383
-36112	-23369.549
-48886	-23375.06
-49461	-23384.896
-40402	-23396.89
-25452	-23410.205
-36267	-23417.705
-48911	-23418.682
-49410	-23411.074
-40287	-23392.838
-25356	-23366.656
-36387	-23332.066
-48946	-23296.914
-49392	-23267.664
-40174	-23248.84
-25236	-23246.19
-36414	-23257.562
-48960	-23284.914
-49363	-23325.242
-40220	-23371.43
-25535	-23418.28
-36587	-23455.719
-49003	-23481.416
-49382	-23493.348
-40144	-23490.584
-25441	-23477.236
-36656	-23453.871
-49081	-23428.55
-49403	-23406.775
-40153	-23391.232
-25411	-23385.426
-36725	-23385.404
-49062	-23392.045
-49328	-23402.734
-40051	-23413.004
-25330	-23421.344
-36754	-23421.969
-49102	-23417.195
-49303	-23408.379
-40011	-23396.518
-25378	-23385.701
-36807	-23374.64
-49138	-23368.213
-49316	-23367.793
-39956	-23372.354
-25263	-23382.424
-36821	-23392.486
-49149	-23403.588
-49304	-23414.285
-39906	-23422.275
-25322	-23428.252
-36978	-23428.143
-49177	-23425.146
-49277	-23420.059
-39844	-23412.57
-25302	-23404.805
-37026	-23393.541
-49209	-23382.277
-49252	-23372.105
-39790	-23362.857
-25267	-23357.027
-37054	-23351.598
-49208	-23350.396
-49228	-23354.135
-39706	-23361.818
-25146	-23374.258
-36996	-23386.188
-49219	-23398.924
-49171	-23411.123
-39667	-23419.979
-25425	-23425.908
-37302	-23424.887
-49289	-23420.555
-49192	-23414.734
-39611	-23408.535
-25359	-23405.467
-37321	-23403.31
-49319	-23405.955
-49156	-23413.54
-39542	-23424.031
-25267	-23436.932
-37274	-23446.107
-49316	-23452.326
-49143	-23454.258
-39539	-23450.281
-25383	-23442.299
-37429	-23427.857
-49359	-23412.25
-49105	-23398.172
-39468	-23387.057
-25388	-23382.012
-37447	-23380.021
-49339	-23383.934
-49095	-23392.951
-39431	-23404.568
-25357	-23418.469
-37550	-23429.273
-49402	-23439.04
-49054	-23447.559
-39329	-23454.201
-25274	-23461.05
-37591	-23464.975
-49368	-23469.67
-48996	-23475.527
-39275	-23481.324
-25221	-23487.756
-37481	-23489.934
-49402	-23489.99
-48984	-23487.463
-39268	-23481.4
-25263	-23473.94
-37542	-23462.586
-49447	-23452.252
-48964	-23445.057
-39159	-23441.86
-25197	-23445.275
-37665	-23451.709
-49464	-23463.88
-48953	-23480.625
-39121	-23499.059
-25259	-23518.527
-37728	-23533.152
-49446	-23544.629
-48891	-23552.25
-39034	-23555.127
-25201	-23555.262
-37799	-23549.822
-49497	-23543.203
-48860	-23536.709
-38981	-23530.432
-25216	-23526.35
-37891	-23520.777
-49511	-23516.84
-48912	-23514.293
-38984	-23512.043
-25184	-23511.293
-37891	-23508.117
-49527	-23505.791
-48840	-23504.566
-38848	-23503.697
-25049	-23504.64
-37937	-23503.355
-49588	-23502.818
-48834	-23502.777
-38782	-23502.164
-24984	-23502.348
-37974	-23499.535
-49574	-23497.434
-48787	-23496.705
-38760	-23497.21
-25003	-23500.926
-38027	-23504.05
-49646	-23509.537
-48797	-23516.525
-38639	-23523.004
-24969	-23528.807
-38114	-23528.549
-49644	-23524.424
-48716	-23516.076
-38632	-23503.227
-25096	-23488.654
-38139	-23470.61
-49696	-23454.977
-48741	-23444.309
-38499	-23439.885
-25027	-23444.309
-38222	-23453.62
-49715	-23470.016
-48692	-23491.244
-38478	-23513.646
-25119	-23535.45
-38213	-23550.1
-49705	-23558.9
-48682	-23561.059
-38422	-23556.264
-25071	-23547.453
-38329	-23533.018
-49762	-23519.004
-48648	-23507.824
-38288	-23500.613
-24875	-23499.793
-38362	-23501.357
-49755	-23507.766
-48619	-23517.42
-38242	-23527.742
-24940	-23538.393
-38429	-23544.12
-49799	-23547.625
-48668	-23548.793
-38197	-23547.549
-24855	-23546.18
-38469	-23541.758
-49796	-23538.506
-48611	-23536.713
-38241	-23535.62
-25198	-23536.096
-38622	-23533.584
-49909	-23530.615
-48654	-23526.436
-38222	-23520.129
-25188	-23513.15
-38729	-23502.188
-49977	-23491.445
-48682	-23481.885
-38254	-23473.76
-25301	-23469.129
-38828	-23464.53
-50015	-23463.295
-48661	-23464.887
-38196	-23468.092
-25225	-23473.502
-38877	-23476.508
-50041	-23479.941
-48637	-23483.213
-38052	-23485.523
-24972	-23488.139
-38858	-23487.227
-50039	-23486.234
-48649	-23485.027
-38112	-23483.08
-25251	-23481.818
-39007	-23477.61
-50106	-23474.086
-48658	-23471.506
-37991	-23469.797
-25060	-23470.762
-39065	-23470.844
-50131	-23473.543
-48586	-23478.41
-37846	-23484.31
-25017	-23491.684
-39098	-23495.508
-50125	-23498.168
-48541	-23498.53
-37807	-23495.596
-25004	-23490.629
-39089	-23480.283
-50082	-23468.95
-48542	-23457.559
-37677	-23446.902
-24920	-23439.326
-39097	-23431.648
-50172	-23427.518
-48526	-23426.379
-37672	-23427.041
-24982	-23429.912
-39226	-23430.195
-50191	-23430.66
-48451	-23430.684
-37694	-23429.73
-25345	-23429.38
-39334	-23426.477
-50174	-23425.035
-48456	-23425.271
-37789	-23426.832
-25794	-23430.67
-39509	-23432.713
-50160	-23435.79
-48436	-23438.84
-37800	-23440.795
-25893	-23442.484
-39624	-23440.295
-50186	-23438.139
-48365	-23436.18
-37861	-23434.498
-26246	-23434.688
-39785	-23433.473
-50168	-23434.31
-48320	-23436.445
-37889	-23438.621
-26299	-23441.168
-39888	-23439.88
-50162	-23437.756
-48344	-23434.244
-37879	-23428.93
-26072	-23423.406
-39919	-23414.62
-50140	-23406.736
-48251	-23399.822
-37857	-23393.629
-26287	-23389.348
-40031	-23383.389
-50124	-23379.22
-48200	-23376.344
-37725	-23374.238
-26077	-23374.271
-40065	-23373.223
-50059	-23375.137
-48135	-23380.018
-37662	-23387.518
-25987	-23398.764
-40093	-23409.807
-49996	-23423.645
-48025	-23439.037
-37651	-23454.682
-26146	-23471.002
-40124	-23484.1
-49905	-23497.52
-47933	-23510.916
-37487	-23524.025
-26089	-23538.2
-40237	-23549.773
-49927	-23562.076
-47922	-23573.766
-37504	-23583.14
-26094	-23590.086
-40260	-23589.863
-49914	-23585.504
-47943	-23576.43
-37456	-23562.832
-26058	-23547.393
-40281	-23528.572
-49895	-23512.45
-47869	-23500.734
-36896	-23494.63
-25367	-23496.053
-40392	-23500.973
-49912	-23511.945
-47854	-23526.316
-37416	-23540.998
-26301	-23554.47
-40429	-23561.152
-49860	-23563.348
-47745	-23560.014
-37234	-23551.13
-26076	-23539.01
-40477	-23521.826
-49827	-23505.213
-47646	-23490.217
-37137	-23477.496
-26064	-23468.643
-40473	-23459.963
-49736	-23454.707
-47588	-23451.242
-37066	-23448.09
-25962	-23445.465
-40452	-23439.244
-49697	-23433.143
-47504	-23426.809
-36917	-23420.316
-25916	-23415.58
-40487	-23409.98
-49656	-23408.305
-47439	-23410.654
-36836	-23417.123
-25894	-23429.057
-40446	-23442.973
-49584	-23462.396
-47370	-23485.959
-36807	-23512.094
-25891	-23540.592
-40505	-23566.408
-49596	-23591.979
-47374	-23615.287
-36719	-23634.947
-25859	-23651.723
-40550	-23662.434
-49607	-23671.934
-47304	-23680.887
-36668	-23690.438
-25966	-23703.012
-40611	-23716.057
-49527	-23733.627
-47275	-23754.287
-35899	-23776.09
-24996	-23797.924
-40749	-23813.7
-49549	-23825.484
-47224	-23831.215
-36631	-23830.152
-26207	-23824.299
-40757	-23812.242
-49534	-23800.453
-47181	-23790.84
-36459	-23785.088
-25949	-23785.268
-40763	-23787.752
-49512	-23794.969
-47105	-23803.61
-36294	-23810.31
-25797	-23813.3
-40726	-23807.203
-49457	-23795.428
-47031	-23778.025
-36224	-23756.76
-25776	-23735.625
-40741	-23714.36
-49456	-23699.52
-47005	-23691.621
-36129	-23690.084
-25879	-23694.111
-40830	-23697.512
-49445	-23701.006
-46933	-23700.861
-35989	-23694.965
-25681	-23684.146
-40794	-23666.648
-49401	-23649.436
-46884	-23635.506
-35888	-23628.025
-25717	-23630.29
-40821	-23639.361
-49402	-23657.36
-46902	-23679.559
-35837	-23700.23
-25674	-23714.633
-40890	-23714.47
-49475	-23700.824
-46892	-23672.684
-35747	-23632.527
-25658	-23586.666
-40967	-23538.672
-49468	-23499.938
-46802	-23475.86
-35496	-23470.133
-25638	-23484.492
-41015	-23513.135
-49525	-23554.902
-46843	-23601.857
-35600	-23646.174
-25712	-23682.12
-41007	-23701.668
-49602	-23706.96
-46831	-23698.059
-35496	-23678.008
-25780	-23652.32
-41109	-23622.719
-49615	-23597.572
-46839	-23578.664
-35518	-23566.55
-25879	-23561.035
-41150	-23556.502
-49637	-23554.18
-46831	-23550.49
-35468	-23543.588
-25946	-23533.867
-41269	-23518.879
-49702	-23504.303
-46852	-23491.107
-35426	-23480.543
-25990	-23473.938
-41323	-23467.58
-49767	-23464.105
-46861	-23460.678
-35457	-23455.334
-26171	-23447.828
-41427	-23435.191
-49781	-23422.924
-46839	-23412.584
-35219	-23406.746
-25993	-23408.484
-41468	-23415.555
-49771	-23431.057
-46834	-23451.129
-35322	-23470.934
-26198	-23485.65
-41556	-23486.752
-49840	-23474.17
-46821	-23445.64
-35231	-23402.64
-26224	-23350.56
-41624	-23293.32
-49818	-23243.05
-46746	-23207.057
-34752	-23191.535
-25871	-23200.373
-41736	-23229.799
-49814	-23279.34
-46743	-23340.818
-35392	-23404.916
-26628	-23462.947
-41722	-23503.72
-49816	-23525.646
-46762	-23525.887
-35349	-23505.959
-26699	-23471.166
-41776	-23425.02
-49782	-23378.686
-46707	-23337.871
-35106	-23307.502
-26518	-23290.668
-41840	-23284.197
-49825	-23289.602
-46712	-23302.17
-35076	-23317.475
-26542	-23331.938
-41854	-23339.209
-49819	-23341.254
-46669	-23336.668
-34972	-23326.25
-26562	-23312.195
-41946	-23293.332
-49869	-23275.436
-46676	-23259.012
-34810	-23245.11
-26541	-23234.795
-42090	-23224.963
-49917	-23219.318
-46675	-23216.607
-34807	-23216.598
-26564	-23219.385
-42095	-23221.318
-49915	-23225.514
-46667	-23230.045
-34492	-23234.04
-26362	-23236.977
-42192	-23234.766
-49973	-23230.842
-46671	-23224.234
-34560	-23215.732
-26525	-23206.936
-42226	-23196.113
-49917	-23188.59
-46605	-23184.412
-34092	-23184.457
-26194	-23188.95
-42248	-23193.982
-49908	-23202.447
-46556	-23211.617
-34242	-23220.488
-26423	-23228.656
-42303	-23232.707
-49956	-23236.846
-46537	-23240.78
-34241	-23245.66
-26521	-23252.56
-42289	-23258.6
-49909	-23267.377
-46474	-23276.857
-34153	-23286.154
-26479	-23294.434
-42399	-23297.781
-49966	-23299.994
-46482	-23300.58
-34231	-23301.246
-26707	-23304.1
-42434	-23307.795
-49934	-23317.418
-46491	-23331.934
-34116	-23350.578
-26657	-23371.406
-42485	-23388.365
-49972	-23402.1
-46452	-23408.814
-34055	-23407.402
-26713	-23398.363
-42537	-23380.717
-49981	-23361.871
-46420	-23344.984
-34011	-23334.627
-26821	-23334.2
-42583	-23341.984
-49964	-23360.857
-46387	-23386.303
-33864	-23413.668
-26752	-23437.268
-42630	-23448.67
-49958	-23447.96
-46376	-23432.605
-34000	-23404.541
-26959	-23368.451
-42641	-23327.898
-49905	-23294.143
-46306	-23272.86
-33866	-23269.473
-27159	-23286.139
-42716	-23318.912
-49934	-23367.477
-46264	-23423.564
-33716	-23479.709
-26962	-23528.512
-42782	-23561.064
-49969	-23577.877
-46252	-23577.48
-33707	-23562.873
-27081	-23538.926
-42820	-23508.537
-49960	-23481.19
-46236	-23459.996
-33790	-23447.74
-27280	-23444.67
-42861	-23446.156
-49951	-23452.941
-46234	-23460.23
-33610	-23465.459
-27142	-23466.893
-42928	-23461.424
-49969	-23454.15
-46225	-23445.953
-33640	-23439.799
-27322	-23437.854
-42972	-23438.342
-49959	-23444.838
-46169	-23454.406
-33581	-23464.922
-27372	-23473.629
-42979	-23475.336
-49963	-23472.59
-46144	-23464.055
-33542	-23451.633
-27422	-23437.748
-43048	-23422.52
-49982	-23412.355
-46092	-23407.447
-33497	-23408.285
-27504	-23413.438
-43059	-23417.543
-49963	-23421.13
-46047	-23419.725
-33383	-23411.574
-27505	-23395.887
-43142	-23371.098
-49971	-23343.78
-46063	-23316.291
-33511	-23293.236
-27972	-23278.055
-43175	-23270.506
-49963	-23274.875
-46039	-23288.271
-33396	-23308.123
-27725	-23330.258
-43222	-23347.96
-49979	-23361.611
-45981	-23367.748
-33307	-23366.564
-27792	-23359.379
-43259	-23346.502
-49999	-23335.209
-45983	-23327.508
-33176	-23326.367
-27796	-23332.693
-43303	-23343.477
-49945	-23360.46
-45960	-23379.285
-33304	-23397.002
-28007	-23410.49
-43362	-23415.357
-49939	-23414.799
-45884	-23408.305
-33214	-23398.38
-28021	-23387.59
-43410	-23376.32
-49983	-23370.52
-45919	-23369.96
-33127	-23374.988
-28048	-23384.002
-43420	-23392.398
-49911	-23401.281
-45841	-23406.912
-33166	-23408.191
-28243	-23404.453
-43474	-23394.152
-49891	-23382.938
-45769	-23371.87
-33036	-23364.111
-28184	-23361.488
-43477	-23362.902
-49856	-23372.018
-45729	-23386.066
-32972	-23403.19
-28284	-23420.123
-43557	-23431.615
-49835	-23438.965
-45701	-23439.361
-33174	-23433.15
-29019	-23421.07
-43585	-23403.426
-49792	-23386.783
-45687	-23372.469
-33132	-23363.426
-28667	-23360.89
-43621	-23363.0
-49781	-23372.578
-45660	-23386.373
-32996	-23402.475
-28598	-23417.965
-43647	-23428.488
-49768	-23436.135
-45656	-23439.002
-32835	-23438.076
-28539	-23434.102
-43691	-23426.602
-49743	-23420.875
-45589	-23416.83
-32816	-23415.834
-28660	-23417.562
-43757	-23419.389
-49779	-23423.979
-45597	-23428.691
-32805	-23433.12
-28734	-23436.137
-43782	-23435.559
-49747	-23435.316
-45542	-23434.58
-32554	-23434.758
-28614	-23435.91
-43794	-23436.248
-49736	-23439.105
-45516	-23442.236
-32482	-23445.262
-28704	-23446.602
-43855	-23443.477
-49706	-23439.275
-45474	-23432.86
-32486	-23425.998
-28824	-23419.664
-43876	-23413.787
-49721	-23413.582
-45453	-23418.533
-32376	-23429.514
-28811	-23445.242
-43900	-23462.283
-49676	-23482.025
-45398	-23500.414
-33054	-23515.676
-30974	-23525.102
-43994	-23526.674
-49666	-23523.8
-45351	-23515.732
-33144	-23504.426
-29810	-23491.127
-44069	-23476.059
-49778	-23464.146
-45407	-23454.762
-32156	-23449.064
-29012	-23446.26
-44085	-23444.213
-49789	-23445.979
-45400	-23449.484
-32044	-23455.107
-29013	-23461.842
-44107	-23467.725
-49770	-23475.941
-45310	-23484.416
-31802	-23493.129
-28914	-23500.38
-44141	-23503.473
-49796	-23505.17
-45297	-23503.59
-31836	-23499.805
-29036	-23493.896
-44136	-23485.61
-49756	-23480.094
-45262	-23477.254
-31731	-23478.857
-29080	-23484.168
-44214	-23490.63
-49816	-23499.9
-45266	-23507.951
-31609	-23513.078
-29029	-23512.322
-44208	-23503.04
-49836	-23488.994
-45210	-23470.453
-31534	-23451.424
-29131	-23434.773
-44270	-23422.785
-49872	-23421.963
-45207	-23432.344
-31463	-23454.592
-29148	-23485.61
-44293	-23520.084
-49847	-23556.738
-45151	-23589.295
-31927	-23614.494
-30592	-23628.611
-44374	-23629.775
-49862	-23622.242
-45133	-23607.043
-32257	-23588.158
-30057	-23568.035
-44487	-23548.053
-50057	-23532.945
-45217	-23521.455
-31291	-23513.613
-29343	-23506.893
-44513	-23498.242
-50055	-23489.98
-45179	-23480.562
-31063	-23471.967
-29289	-23464.889
-44513	-23459.93
-50032	-23461.959
-45097	-23470.135
-30978	-23484.58
-29346	-23501.793
-44571	-23516.84
-50077	-23528.996
-45099	-23533.201
-30804	-23528.277
-29287	-23512.809
-44592	-23487.31
-50139	-23458.93
-45066	-23431.25
-30697	-23410.49
-29309	-23399.375
-44656	-23398.445
-50179	-23409.988
-45046	-23429.135
-30760	-23451.379
-29468	-23469.297
-44685	-23475.97
-50219	-23471.127
-45045	-23453.262
-30691	-23426.857
-29509	-23397.408
-44768	-23372.438
-50261	-23364.373
-44985	-23379.549
-30554	-23423.45
-29546	-23494.674
-44827	-23586.791
-50282	-23693.45
-44984	-23800.684
-30982	-23896.008
-30499	-23965.836
-44857	-24000.328
-50296	-23998.357
-44928	-23960.01
-31574	-23892.504
-30565	-23804.73
-44989	-23707.57
-50394	-23615.723
-44979	-23537.377
-30642	-23479.572
-30041	-23442.81
-45009	-23423.871
-50419	-23420.775
-44976	-23425.672
-30516	-23433.139
-30043	-23436.65
-45122	-23432.23
-50475	-23422.527
-45022	-23407.936
-30592	-23392.752
-30237	-23378.982
-45367	-23368.33
-50772	-23365.14
-45334	-23367.916
-30781	-23376.1
-30686	-23385.578
-45889	-23392.45
-51268	-23397.492
-45792	-23398.248
-31157	-23396.059
-31114	-23390.682
-46392	-23382.88
-51664	-23377.424
-46121	-23374.105
-31401	-23374.26
-31459	-23375.291
-46726	-23374.367
-51976	-23372.463
-46366	-23366.906
-31551	-23358.877
-31727	-23348.35
-46966	-23337.484
-52102	-23333.656
-46416	-23340.285
-31470	-23362.676
-31823	-23401.432
-47106	-23455.154
-52189	-23523.463
-46459	-23599.037
-31256	-23675.25
-31393	-23741.785
-47034	-23789.48
-52181	-23814.943
-46478	-23813.934
-32737	-23787.828
-32971	-23738.89
-47398	-23672.695
-52402	-23599.885
-46562	-23527.47
-31331	-23463.871
-32121	-23412.35
-47525	-23374.31
-52470	-23352.344
-46583	-23342.766
-31330	-23343.105
-32265	-23347.203
-47544	-23350.164
-52496	-23351.846
-46558	-23349.387
-31210	-23343.943
-32361	-23334.402
-47627	-23321.256
-52541	-23308.785
-46583	-23296.93
-31093	-23287.947
-32379	-23280.162
-47730	-23272.656
-52586	-23268.06
-46554	-23265.148
-30986	-23265.559
-32470	-23267.64
-47779	-23270.92
-52609	-23278.166
-46534	-23287.49
-30979	-23299.11
-32580	-23309.043
-47817	-23314.254
-52602	-23315.297
-46551	-23309.432
-30992	-23298.053
-32646	-23280.613
-47875	-23259.643
-52661	-23242.357
-46550	-23232.76
-30897	-23237.283
-32715	-23257.35
-47869	-23293.55
-52633	-23346.979
-46510	-23411.865
-31746	-23482.652
-33987	-23549.053
-47877	-23602.438
-52564	-23637.729
-46396	-23649.715
-31606	-23638.537
-33349	-23604.508
-48021	-23552.148
-52664	-23491.229
-46381	-23428.729
-30936	-23373.38
-33029	-23328.607
-48012	-23296.844
-52589	-23280.945
-46304	-23277.791
-30750	-23285.645
-32957	-23298.885
-47977	-23314.383
-52508	-23333.639
-46069	-23356.186
-30462	-23385.838
-32912	-23423.432
-47756	-23471.59
-52191	-23534.55
-45699	-23610.945
-30114	-23699.86
-32627	-23794.77
-47449	-23889.812
-51857	-23981.89
-45350	-24065.19
-29774	-24138.668
-32370	-24199.879
-47084	-24250.797
-51446	-24297.809
-44867	-24344.113
-29269	-24394.932
-32091	-24449.686
-46771	-24507.324
-51087	-24566.756
-44501	-24621.11
-29021	-24665.305
-31989	-24691.21
-46587	-24695.123
-50916	-24679.244
-44312	-24646.178
-28835	-24604.844
-31866	-24562.844
-46486	-24530.803
-50809	-24520.611
-44165	-24537.422
-28976	-24584.463
-32335	-24656.121
-46461	-24744.504
-50733	-24840.264
-44059	-24929.768
-29171	-25002.336
-32326	-25046.596
-46555	-25057.555
-50752	-25037.86
-43982	-24991.68
-28421	-24929.51
-32007	-24859.88
-46572	-24793.945
-50749	-24743.24
-43935	-24712.514
-28536	-24705.082
-32111	-24716.314
-46549	-24741.018
-50718	-24774.154
-43898	-24806.764
-28540	-24833.615
-32248	-24847.688
-46612	-24847.44
-50705	-24836.225
-43850	-24816.25
-28591	-24793.748
-32407	-24771.5
-46636	-24754.338
-50734	-24747.6
-43852	-24751.314
-28687	-24765.973
-32526	-24786.547
-46714	-24809.588
-50731	-24833.12
-43799	-24851.988
-28452	-24864.607
-32564	-24866.885
-46833	-24859.37
-50799	-24846.117
-43817	-24829.314
-28502	-24814.748
-32723	-24804.623
-46901	-24803.797
-50784	-24817.924
-43767	-24847.693
-28397	-24894.307
-32705	-24952.822
-46904	-25019.25
-50796	-25089.71
-43736	-25156.203
-28224	-25213.377
-32491	-25252.955
-46886	-25271.412
-50725	-25269.336
-43647	-25247.074
-29117	-25209.572
-33291	-25160.07
-46997	-25105.385
-50772	-25053.879
-43669	-25009.791
-28364	-24977.627
-32958	-24955.586
-47023	-24942.5
-50739	-24936.904
-43573	-24933.047
-28216	-24927.525
-33027	-24913.623
-47039	-24889.291
-50694	-24855.707
-43519	-24812.604
-28169	-24763.484
-33077	-24708.418
-47131	-24650.574
-50702	-24593.85
-43461	-24537.887
-28065	-24483.602
-33073	-24426.896
-47150	-24366.66
-50695	-24303.252
-43399	-24234.752
-27962	-24162.781
-33078	-24086.07
-47141	-24007.64
-50631	-23932.303
-43347	-23861.527
-28017	-23798.73
-33167	-23742.027
-47212	-23691.945
-50654	-23649.22
-43323	-23611.072
-27889	-23577.297
-33127	-23544.227
-47238	-23512.723
-50651	-23485.945
-43274	-23464.895
-27749	-23453.355
-33128	-23450.635
-47252	-23458.467
-50648	-23478.12
-43220	-23505.951
-26976	-23539.527
-32312	-23570.842
-47244	-23595.178
-50624	-23610.094
-43257	-23611.393
-28057	-23599.734
-33355	-23574.164
-47382	-23539.041
-50641	-23501.363
-43175	-23465.79
-27573	-23438.635
-33231	-23420.387
-47431	-23413.252
-50646	-23418.19
-43149	-23431.379
-27479	-23450.598
-33223	-23469.057
-47446	-23484.512
-50638	-23497.025
-43122	-23505.246
-27513	-23511.945
-33254	-23516.52
-47482	-23522.494
-50653	-23533.646
-43119	-23549.613
-27457	-23571.14
-33309	-23593.281
-47520	-23614.078
-50583	-23632.184
-43040	-23643.938
-27437	-23649.717
-33377	-23647.281
-47581	-23640.055
-50531	-23633.375
-42909	-23630.033
-27067	-23634.844
-33297	-23646.582
-47590	-23666.03
-50535	-23692.307
-42882	-23719.82
-27022	-23744.787
-33382	-23759.027
-47671	-23760.016
-50509	-23748.297
-42802	-23724.459
-26884	-23694.574
-33321	-23662.123
-47677	-23635.656
-50502	-23623.56
-42774	-23629.22
-26035	-23655.84
-32447	-23698.201
-47685	-23751.635
-50479	-23809.947
-42778	-23863.562
-27125	-23906.014
-33619	-23928.523
-47786	-23929.492
-50506	-23911.594
-42740	-23878.057
-26693	-23836.994
-33502	-23792.715
-47802	-23753.277
-50470	-23725.39
-42668	-23710.408
-26634	-23709.56
-33572	-23716.9
-47827	-23729.365
-50475	-23743.82
-42629	-23755.059
-26644	-23762.086
-33669	-23760.896
-47842	-23753.793
-50410	-23744.404
-42524	-23734.19
-26401	-23726.92
-33588	-23720.562
-47839	-23716.426
-50357	-23714.953
-42452	-23713.459
-26207	-23712.078
-33613	-23706.754
-47854	-23699.19
-50336	-23692.438
-42421	-23687.719
-26219	-23689.066
-33675	-23694.814
-47899	-23706.443
-50252	-23723.537
-42325	-23741.223
-26205	-23756.021
-33774	-23759.19
-47949	-23747.607
-50315	-23720.285
-42334	-23676.81
-26152	-23622.732
-33811	-23561.451
-47962	-23502.98
-50266	-23457.54
-42246	-23431.605
-24975	-23431.643
-32602	-23455.06
-47973	-23499.633
-50236	-23559.951
-42191	-23626.023
-26235	-23689.787
-34030	-23739.562
-48068	-23770.807
-50265	-23782.598
-42161	-23775.408
-25961	-23755.344
-34049	-23725.396
-48109	-23694.014
-50257	-23668.418
-42126	-23651.516
-25946	-23646.41
-34124	-23648.791
-48105	-23657.459
-50232	-23670.168
-42086	-23682.594
-25937	-23694.053
-34147	-23700.23
-48152	-23703.053
-50235	-23705.031
-42057	-23706.594
-25927	-23710.238
-34204	-23712.36
-48226	-23713.125
-50205	-23711.648
-42008	-23704.678
-25999	-23692.29
-34338	-23671.014
-48267	-23644.152
-50216	-23616.424
-41974	-23591.574
-25863	-23575.92
-34420	-23569.514
-48322	-23575.254
-50215	-23592.557
-41908	-23615.852
-25822	-23639.844
-34531	-23653.303
-48367	-23650.92
-50165	-23629.346
-41857	-23586.898
-25804	-23528.879
-34589	-23459.291
-48406	-23390.115
-50154	-23333.57
-41782	-23298.414
-25081	-23292.951
-33862	-23315.342
-48369	-23363.916
-50103	-23432.055
-41783	-23507.96
-26196	-23581.465
-34839	-23638.889
-48470	-23674.623
-50114	-23687.139
-41728	-23677.521
-25827	-23653.246
-34846	-23618.998
-48482	-23585.227
-50074	-23560.266
-41649	-23547.525
-25639	-23549.506
-34894	-23560.111
-48519	-23576.162
-50079	-23592.707
-41612	-23603.312
-25547	-23606.035
-34924	-23596.17
-48546	-23577.105
-50062	-23553.33
-41533	-23528.307
-25449	-23507.744
-34946	-23490.672
-48571	-23479.645
-50047	-23474.428
-41475	-23471.418
-25476	-23469.377
-35088	-23462.447
-48630	-23452.0
-50026	-23440.436
-41366	-23429.93
-25399	-23426.139
-35123	-23429.025
-48638	-23442.469
-49992	-23466.682
-41332	-23496.938
-25380	-23528.309
-35222	-23549.096
-48684	-23553.26
-49954	-23535.812
-41259	-23493.398
-25360	-23429.889
-35279	-23348.38
-48722	-23261.514
-49929	-23182.686
-41198	-23123.21
-24982	-23094.398
-34999	-23097.564
-48707	-23134.549
-49922	-23200.67
-41233	-23284.738
-25636	-23375.887
-35491	-23457.951
-48810	-23522.516
-49922	-23564.057
-41112	-23579.846
-25293	-23574.33
-35497	-23550.123
-48789	-23517.645
-49882	-23486.172
-41060	-23461.514
-25201	-23449.336
-35525	-23446.754
-48818	-23454.004
-49880	-23468.18
-41055	-23483.898
-25258	-23498.947
-35633	-23507.24
-48885	-23510.45
-49887	-23510.662
-41056	-23509.105
-25428	-23509.875
-35743	-23510.945
-48926	-23515.15
-49836	-23522.553
-40969	-23530.377
-25372	-23538.05
-35829	-23539.994
-48938	-23537.805
-49837	-23533.062
-40926	-23526.889
-25484	-23523.809
-35937	-23522.873
-48944	-23528.236
-49795	-23540.74
-40828	-23557.277
-25307	-23575.383
-35958	-23586.018
-49014	-23586.336
-49739	-23573.246
-40665	-23544.32
-25190	-23502.914
-36079	-23450.139
-49008	-23395.861
-49702	-23349.523
-40612	-23318.322
-25259	-23310.0
-36255	-23323.395
-49091	-23359.871
-49726	-23415.23
-40642	-23480.094
-25374	-23546.557
-36346	-23601.553
-49117	-23640.291
-49687	-23659.541
-40562	-23658.023
-25377	-23640.467
-36454	-23608.842
-49127	-23572.791
-49640	-23539.824
-40467	-23514.197
-25306	-23500.389
-36556	-23494.633
-49175	-23497.518
-49669	-23506.059
-40382	-23515.299
-25167	-23523.283
-36603	-23524.037
-49191	-23519.727
-49613	-23512.195
-40351	-23502.674
-25234	-23495.215
-36680	-23487.994
-49239	-23484.83
-49570	-23486.271
-40271	-23490.113
-25249	-23496.107
-36722	-23498.398
-49274	-23498.404
-49589	-23496.348
-40202	-23491.88
-25159	-23488.076
-36842	-23482.797
-49302	-23480.428
-49554	-23482.375
-40171	-23487.201
-25150	-23494.92
-36906	-23498.988
-49363	-23499.38
-49561	-23494.375
-40111	-23481.812
-25272	-23463.71
-37015	-23438.408
-49377	-23412.537
-49530	-23391.229
-40006	-23378.008
-25046	-23377.838
-36970	-23388.113
-49404	-23411.148
-49496	-23444.514
-39977	-23482.047
-25241	-23519.463
-37165	-23547.178
-49451	-23563.639
-49479	-23567.02
-39919	-23556.53
-25230	-23536.195
-37186	-23506.453
-49449	-23475.701
-49453	-23449.807
-39852	-23432.271
-25220	-23427.293
-37323	-23431.44
-49519	-23446.205
-49476	-23468.926
-39846	-23494.62
-25255	-23520.715
-37337	-23539.732
-49564	-23552.533
-49440	-23558.898
-39747	-23558.764
-25156	-23555.62
-37422	-23548.027
-49582	-23541.588
-49371	-23538.787
-39640	-23539.857
-25121	-23546.348
-37454	-23553.322
-49542	-23562.12
-49320	-23571.078
-39590	-23577.355
-25137	-23580.848
-37558	-23576.662
-49592	-23567.82
-49314	-23555.387
-39539	-23539.777
-25065	-23524.236
-37576	-23506.64
-49597	-23491.79
-49262	-23481.512
-39444	-23475.885
-24986	-23476.852
-37596	-23480.277
-49606	-23488.678
-49237	-23501.41
-39382	-23516.31
-25025	-23533.549
-37684	-23547.613
-49657	-23560.604
-49249	-23572.0
-39363	-23580.229
-25198	-23586.594
-37822	-23587.424
-49706	-23586.307
-49169	-23584.396
-39204	-23581.643
-24919	-23580.24
-37795	-23576.455
-49707	-23573.658
-49184	-23571.914
-39199	-23570.04
-24942	-23569.121
-37874	-23564.71
-49742	-23559.94
-49141	-23555.234
-39091	-23550.262
-25087	-23547.172
-38050	-23542.678
-49767	-23540.695
-49143	-23541.783
-39063	-23545.025
-24989	-23551.307
-38008	-23555.617
-49777	-23560.074
-49100	-23563.742
-38981	-23564.9
-25036	-23564.654
-38104	-23559.195
-49827	-23552.686
-49107	-23546.623
-38983	-23541.734
-25073	-23540.84
-38166	-23540.889
-49839	-23545.482
-49020	-23554.26
-38831	-23565.219
-25037	-23577.963
-38229	-23586.52
-49872	-23592.428
-49027	-23594.559
-38788	-23591.71
-24976	-23585.771
-38297	-23573.99
-49901	-23561.607
-48999	-23550.873
-38754	-23542.973
-25135	-23540.676
-38444	-23540.59
-49926	-23545.879
-48920	-23555.576
-38696	-23567.193
-25182	-23580.145
-38482	-23588.723
-49905	-23594.992
-48894	-23598.521
-38675	-23598.76
-25289	-23597.94
-38527	-23593.45
-49929	-23590.18
-48864	-23589.457
-38487	-23591.428
-24981	-23597.559
-38561	-23603.377
-49964	-23611.236
-48866	-23619.783
-38483	-23626.758
-25162	-23632.17
-38659	-23631.15
-49954	-23626.86
-48814	-23619.564
-38387	-23609.393
-25159	-23598.828
-38747	-23585.225
-50000	-23573.355
-48780	-23564.348
-38248	-23558.209
-24895	-23556.555
-38793	-23555.158
-50009	-23556.986
-48726	-23561.17
-38361	-23565.938
-25381	-23571.465
-38917	-23572.809
-50064	-23572.516
-48734	-23569.998
-38174	-23564.389
-25162	-23557.135
-39004	-23544.879
-50097	-23532.188
-48704	-23520.354
-38086	-23510.242
-25080	-23504.604
-39051	-23500.635
-50117	-23502.602
-48705	-23510.422
-38067	-23522.717
-25179	-23539.254
-39156	-23554.0
-50129	-23568.13
-48641	-23579.244
-38007	-23584.807
-25264	-23584.955
-39231	-23575.617
-50146	-23561.309
-48601	-23543.803
-37976	-23525.082
-25337	-23509.186
-39283	-23494.85
-50195	-23487.49
-48586	-23487.932
-37832	-23495.328
-25202	-23509.46
-39359	-23524.092
-50211	-23540.033
-48566	-23554.31
-37827	-23564.143
-25346	-23569.367
-39474	-23565.906
-50246	-23558.328
-48572	-23548.254
-37791	-23537.492
-25319	-23529.678
-39513	-23522.85
-50270	-23521.742
-48521	-23526.264
-37653	-23534.889
-25249	-23547.049
-39589	-23556.568
-50316	-23564.855
-48509	-23569.945
-37569	-23570.322
-25322	-23567.156
-39654	-23557.512
-50252	-23546.674
-48442	-23536.36
-37511	-23527.93
-25289	-23523.988
-39733	-23521.283
-50262	-23523.371
-48367	-23529.13
-37442	-23536.637
-25357	-23545.604
-39791	-23550.92
-50314	-23555.51
-48381	-23559.088
-37339	-23561.64
-25332	-23565.16
-39887	-23566.79
-50369	-23570.9
-48386	-23577.316
-37369	-23584.918
-25454	-23593.537
-39971	-23597.719
-50394	-23599.4
-48331	-23596.914
-37229	-23589.256
-25425	-23577.904
-39969	-23560.506
-50343	-23543.021
-48257	-23527.742
-37181	-23516.715
-25415	-23512.857
-39997	-23513.025
-50360	-23520.342
-48221	-23532.553
-37078	-23546.406
-25474	-23559.719
-40126	-23565.83
-50356	-23566.377
-48184	-23560.346
-37081	-23548.008
-25557	-23532.61
-40186	-23513.564
-50387	-23498.096
-48167	-23488.959
-36954	-23487.875
-25532	-23496.576
-40288	-23510.418
-50437	-23530.877
-48174	-23554.234
-36996	-23576.414
-25766	-23595.002
-40333	-23603.89
-50435	-23605.668
-48133	-23600.193
-36874	-23588.64
-25643	-23574.486
-40392	-23556.865
-50436	-23542.264
-48082	-23532.295
-36767	-23527.678
-25586	-23529.441
-40442	-23533.059
-50424	-23540.943
-47999	-23550.936
-36624	-23561.11
-25545	-23571.174
-40512	-23576.709
-50521	-23581.352
-48025	-23584.85
-36481	-23587.225
-25528	-23589.756
-40639	-23588.951
-50514	-23588.627
-47971	-23588.182
-36425	-23587.057
-25529	-23586.072
-40658	-23581.547
-50520	-23577.77
-47936	-23574.848
-36319	-23573.188
-25526	-23574.404
-40717	-23575.264
-50553	-23579.82
-47899	-23587.096
-36246	-23595.96
-25566	-23606.082
-40762	-23612.46
-50540	-23617.705
-47882	-23620.426
-36151	-23619.955
-25506	-23617.352
-40786	-23609.588
-50534	-23601.57
-47824	-23593.95
-36161	-23587.453
-25725	-23583.635
-40894	-23579.154
-50582	-23577.752
-47807	-23578.283
-36036	-23579.71
-25649	-23581.95
-40968	-23580.588
-50607	-23579.03
-47784	-23576.541
-35915	-23573.057
-25650	-23569.8
-41039	-23563.744
-50601	-23559.465
-47733	-23556.969
-35861	-23556.488
-25675	-23559.033
-41122	-23561.012
-50597	-23566.256
-47706	-23573.791
-35808	-23582.887
-25768	-23593.662
-41181	-23601.768
-50640	-23610.262
-47708	-23617.709
-35754	-23623.01
-25845	-23626.219
-41271	-23623.3
-50661	-23618.025
-47672	-23610.04
-35724	-23599.822
-25854	-23589.137
-41382	-23575.635
-50753	-23564.486
-47701	-23556.295
-35627	-23551.646
-25892	-23551.523
-41452	-23552.215
-50764	-23556.877
-47703	-23563.79
-35623	-23571.44
-25952	-23579.303
-41624	-23582.893
-50924	-23585.613
-47791	-23586.846
-35659	-23586.965
-26148	-23587.44
-41869	-23585.787
-51149	-23586.873
-47981	-23590.79
-35774	-23597.598
-26324	-23607.713
-42215	-23616.832
-51416	-23627.785
-48194	-23638.506
-35995	-23647.516
-26627	-23654.213
-42349	-23654.346
-51527	-23651.363
-48309	-23644.773
-35960	-23635.066
-26649	-23623.713
-42574	-23608.303
-51732	-23593.922
-48472	-23580.912
-36011	-23570.047
-26801	-23562.414
-42872	-23554.77
-51984	-23550.924
-48645	-23549.764
-35826	-23550.65
-26638	-23553.365
-43090	-23553.475
-52132	-23554.209
-48725	-23554.203
-36259	-23553.031
-27287	-23551.096
-43341	-23545.113
-52305	-23539.412
-48850	-23533.79
-36338	-23528.809
-27481	-23525.48
-43489	-23520.674
-52436	-23518.291
-48941	-23517.316
-36352	-23517.172
-27499	-23517.605
-43618	-23514.47
-52482	-23511.088
-48917	-23506.363
-36302	-23500.322
-27586	-23493.887
-43746	-23484.46
-52583	-23476.959
-48982	-23471.584
-36129	-23469.201
-27484	-23470.645
-43914	-23472.344
-52642	-23477.64
-49047	-23484.648
-36042	-23492.111
-27429	-23499.062
-44008	-23500.836
-52721	-23500.627
-49041	-23497.303
-36066	-23491.229
-27684	-23483.527
-44156	-23471.86
-52776	-23461.33
-49054	-23452.049
-35982	-23444.889
-27715	-23440.463
-44220	-23435.309
-52850	-23432.96
-49053	-23431.951
-35946	-23431.824
-27742	-23432.447
-44278	-23430.19
-52822	-23429.012
-48996	-23428.238
-35390	-23428.438
-27901	-23429.906
-44421	-23429.523
-52817	-23431.098
-49046	-23433.389
-36154	-23436.008
-28292	-23438.76
-44386	-23438.014
-52831	-23437.455
-48966	-23436.236
-35541	-23434.846
-27651	-23433.936
-44412	-23430.646
-52766	-23429.291
-48828	-23429.24
-35404	-23430.762
-27762	-23433.97
-44449	-23435.498
-52737	-23439.336
-48689	-23444.889
-35025	-23453.05
-27411	-23464.865
-44244	-23478.107
-52501	-23497.8
-48437	-23523.756
-34777	-23556.484
-27375	-23595.674
-44106	-23636.854
-52232	-23682.117
-48096	-23728.346
-34436	-23773.537
-27213	-23815.82
-43811	-23850.7
-51905	-23881.617
-47776	-23907.932
-34131	-23931.062
-27030	-23952.531
-43554	-23970.812
-51539	-23990.936
-47329	-24012.652
-33716	-24036.145
-26807	-24060.662
-43263	-24081.992
-51243	-24102.781
-47021	-24121.182
-33426	-24137.236
-26752	-24151.506
-43152	-24162.426
-51079	-24175.863
-46840	-24193.143
-33726	-24216.467
-28161	-24246.996
-43196	-24282.574
-51012	-24326.236
-46768	-24375.145
-33382	-24426.873
-27052	-24478.254
-43232	-24523.37
-51047	-24563.504
-46717	-24595.896
-33217	-24620.164
-27077	-24636.504
-43241	-24643.385
-51034	-24646.426
-46699	-24646.697
-33236	-24646.451
-27133	-24647.12
-43238	-24647.018
-51004	-24650.375
-46651	-24655.992
-33154	-24663.484
-27201	-24671.787
-43306	-24677.125
-51008	-24682.344
-46584	-24685.719
-33026	-24687.203
-27199	-24686.734
-43352	-24682.223
-50978	-24678.574
-46512	-24676.045
-32912	-24676.521
-27214	-24681.182
-43368	-24688.414
-50981	-24702.426
-46496	-24721.791
-32867	-24745.576
-27299	-24771.355
-43424	-24793.805
-50976	-24813.75
-46451	-24827.48
-32899	-24833.389
-27473	-24830.523
-43465	-24817.088
-50962	-24799.09
-46405	-24778.797
-32760	-24760.705
-27477	-24748.607
-43567	-24743.393
-51009	-24750.889
-46404	-24770.27
-32713	-24800.238
-27675	-24837.021
-43579	-24873.473
-50935	-24908.191
-46347	-24935.133
-32727	-24950.857
-27672	-24952.814
-43649	-24938.346
-51012	-24912.795
-46306	-24878.291
-32571	-24839.33
-27672	-24799.795
-43678	-24761.016
-50961	-24729.293
-46230	-24704.592
-32422	-24686.787
-27683	-24673.514
-43734	-24659.494
-50967	-24645.076
-46195	-24626.047
-32388	-24600.387
-27776	-24566.434
-43757	-24521.773
-50916	-24471.469
-46134	-24416.605
-32278	-24360.492
-27802	-24305.521
-43777	-24251.816
-50931	-24204.6
-46098	-24162.955
-32095	-24126.287
-27782	-24091.803
-43852	-24054.04
-50918	-24013.287
-46077	-23965.16
-32159	-23907.969
-27926	-23840.58
-43926	-23762.045
-50949	-23679.348
-46040	-23596.262
-32042	-23519.395
-28032	-23454.43
-43970	-23404.81
-50959	-23378.14
-46039	-23374.672
-31909	-23393.549
-28042	-23429.926
-44024	-23475.125
-50977	-23524.998
-45998	-23570.107
-31902	-23603.85
-28368	-23620.363
-44104	-23615.477
-50919	-23593.771
-45927	-23557.596
-31830	-23513.271
-28226	-23466.924
-44144	-23423.193
-50926	-23391.17
-45891	-23372.893
-31806	-23369.656
-28309	-23379.148
-44169	-23395.777
-50897	-23418.572
-45879	-23441.514
-31627	-23461.164
-28334	-23474.115
-44294	-23477.426
-50949	-23475.535
-45852	-23469.035
-31606	-23461.05
-28417	-23453.281
-44311	-23445.63
-50972	-23442.697
-45771	-23443.115
-31390	-23446.521
-28451	-23450.605
-44353	-23452.047
-50954	-23453.477
-45775	-23453.172
-31412	-23452.158
-28561	-23450.5
-44467	-23447.71
-50984	-23448.8
-45729	-23453.273
-31356	-23461.963
-28632	-23473.46
-44512	-23484.814
-51001	-23498.092
-45700	-23510.35
-31209	-23520.963
-28652	-23528.113
-44542	-23530.03
-50964	-23530.883
-45672	-23530.426
-31284	-23530.596
-28857	-23531.654
-44615	-23532.83
-50979	-23538.146
-45632	-23545.982
-31395	-23556.209
-29424	-23566.56
-44721	-23574.393
-51001	-23581.873
-45637	-23586.658
-31299	-23588.83
-29134	-23587.225
-44741	-23580.52
-51031	-23572.84
-45619	-23563.79
-31002	-23555.016
-28976	-23546.375
-44816	-23537.033
-51009	-23531.215
-45597	-23527.758
-30967	-23527.385
-29111	-23528.646
-44861	-23529.414
-51021	-23532.418
-45555	-23535.258
-30906	-23537.68
-29227	-23537.586
-44880	-23532.982
-50958	-23527.236
-45464	-23519.129
-30712	-23510.174
-29232	-23500.238
-44930	-23489.32
-50976	-23482.25
-45446	-23478.682
-30672	-23480.041
-29296	-23485.12
-44978	-23491.957
-50964	-23502.836
-45369	-23514.746
-30634	-23526.812
-29411	-23536.178
-45037	-23540.467
-50946	-23542.613
-45359	-23541.447
-30613	-23538.604
-29510	-23534.092
-45097	-23528.117
-50987	-23525.467
-45351	-23525.752
-30656	-23530.209
-29669	-23537.29
-45126	-23544.955
-50939	-23555.197
-45301	-23565.074
-31141	-23573.781
-30826	-23578.703
-45173	-23578.3
-50904	-23575.266
-45230	-23569.078
-30986	-23561.41
-30388	-23552.146
-45274	-23541.531
-50967	-23533.908
-45246	-23528.719
-30713	-23527.18
-30099	-23527.812
-45334	-23529.066
-51007	-23533.361
-45235	-23538.379
-30296	-23544.09
-30030	-23548.11
-45429	-23548.676
-50994	-23548.625
-45165	-23546.518
-30248	-23543.422
-30062	-23538.219
-45454	-23530.465
-50962	-23524.07
-45118	-23518.584
-30231	-23515.625
-30199	-23514.361
-45505	-23514.27
-50977	-23518.604
-45051	-23525.8
-30037	-23536.11
-30231	-23546.8
-45482	-23555.537
-50886	-23563.914
-45031	-23569.174
-30172	-23571.174
-30393	-23567.852
-45595	-23558.676
-50929	-23547.887
-45015	-23536.117
-30106	-23526.686
-30444	-23520.584
-45599	-23519.264
-50959	-23527.37
-44985	-23544.281
-29936	-23570.215
-30501	-23601.643
-45636	-23634.773
-50891	-23669.064
-44884	-23699.436
-30670	-23723.287
-32028	-23736.396
-45724	-23737.332
-50907	-23729.086
-44887	-23712.053
-30104	-23689.73
-30838	-23663.645
-45756	-23636.293
-50897	-23613.506
-44820	-23596.018
-29834	-23585.78
-30791	-23580.984
-45809	-23580.053
-50948	-23584.375
-44812	-23590.893
-29805	-23598.713
-30864	-23604.602
-45848	-23606.818
-50922	-23607.662
-44741	-23605.635
-29709	-23601.812
-31039	-23594.69
-45968	-23584.12
-50934	-23573.668
-44712	-23562.7
-29691	-23553.025
-31013	-23543.785
-45924	-23535.363
-50875	-23531.46
-44667	-23531.408
-29716	-23536.232
-31182	-23543.582
-45957	-23551.82
-50851	-23562.13
-44618	-23571.232
-29696	-23578.25
-31269	-23579.99
-45958	-23575.613
-50822	-23568.734
-44534	-23560.074
-29497	-23553.576
-31299	-23550.742
-46041	-23554.547
-50789	-23570.299
-44526	-23597.838
-29622	-23637.512
-31494	-23684.92
-46109	-23735.861
-50816	-23788.14
-44451	-23835.432
-30246	-23874.062
-32631	-23898.9
-46081	-23908.598
-50774	-23906.111
-44392	-23892.17
-29654	-23870.791
-31813	-23843.371
-46226	-23812.877
-50805	-23784.404
-44348	-23758.074
-29305	-23735.416
-31716	-23714.104
-46260	-23693.477
-50831	-23675.838
-44304	-23660.021
-29196	-23647.654
-31844	-23637.467
-46284	-23630.348
-50756	-23629.402
-44248	-23633.053
-29040	-23641.139
-31772	-23649.352
-46297	-23654.936
-50767	-23657.959
-44204	-23655.273
-29116	-23647.383
-31966	-23633.086
-46376	-23614.908
-50730	-23598.982
-44125	-23587.828
-29066	-23585.688
-32078	-23591.932
-46363	-23606.215
-50666	-23628.422
-44114	-23652.834
-28971	-23675.258
-32117	-23688.416
-46419	-23688.932
-50668	-23678.35
-44031	-23657.48
-28969	-23632.285
-32248	-23607.459
-46479	-23590.824
-50653	-23591.654
-43999	-23613.043
-28982	-23656.91
-32385	-23717.771
-46506	-23789.0
-50634	-23863.58
-43986	-23929.777
-29081	-23979.059
-32579	-24002.117
-46469	-23996.059
-50599	-23964.285
-43971	-23910.85
-29525	-23844.957
-32819	-23774.158
-46600	-23708.162
-50626	-23656.938
-43868	-23623.916
-28809	-23611.33
-32676	-23614.62
-46694	-23629.508
-50648	-23652.457
-43861	-23676.191
-28566	-23697.072
-32617	-23709.545
-46692	-23713.043
-50619	-23710.832
-43802	-23703.775
-28696	-23695.738
-32780	-23686.71
-46764	-23678.885
-50629	-23675.395
-43769	-23674.84
-28678	-23677.713
-32907	-23680.53
-46802	-23683.033
-50592	-23687.084
-43727	-23691.27
-28553	-23696.848
-32948	-23701.156
-46839	-23704.318
-50629	-23707.613
-43726	-23708.395
-28609	-23706.363
-33034	-23697.902
-46874	-23683.438
-50547	-23666.395
-43634	-23648.127
-28553	-23633.729
-33145	-23625.264
-46911	-23627.752
-50505	-23646.658
-43542	-23681.945
-28382	-23733.379
-33129	-23794.186
-46964	-23858.455
-50534	-23920.521
-43517	-23971.13
-27257	-24004.992
-31558	-24015.22
-46864	-24000.844
-50427	-23966.26
-43487	-23915.803
-29136	-23857.945
-33632	-23798.453
-47119	-23745.355
-50547	-23706.283
-43459	-23682.86
-28171	-23676.045
-33294	-23680.117
-47124	-23690.678
-50490	-23704.13
-43387	-23714.033
-28058	-23717.896
-33312	-23711.451
-47166	-23696.316
-50469	-23677.352
-43337	-23657.412
-27962	-23642.139
-33331	-23632.332
-47178	-23630.764
-50435	-23639.545
-43269	-23655.488
-27659	-23676.521
-33207	-23695.58
-47141	-23709.41
-50402	-23717.012
-43249	-23715.807
-27687	-23707.648
-33284	-23692.045
-47259	-23673.318
-50421	-23657.428
-43173	-23646.686
-27522	-23644.8
-33331	-23649.531
-47287	-23660.55
-50379	-23677.19
-43162	-23694.629
-27369	-23710.73
-33304	-23719.729
-47344	-23721.156
-50389	-23717.46
-43107	-23709.754
-27341	-23703.088
-33326	-23698.646
-47336	-23701.125
-50317	-23714.814
-43017	-23738.969
-26092	-23773.453
-31972	-23811.395
-47259	-23848.01
-50216	-23879.262
-43012	-23899.295
-27877	-23906.002
-33670	-23895.637
-47404	-23870.723
-50264	-23836.99
-42987	-23798.625
-27161	-23762.945
-33395	-23732.021
-47346	-23710.268
-50150	-23700.79
-42864	-23701.312
-26938	-23710.512
-33437	-23721.498
-47385	-23731.477
-50136	-23739.5
-42830	-23743.156
-27002	-23744.545
-33524	-23742.693
-47382	-23741.477
-50110	-23745.236
-42763	-23754.213
-26852	-23769.621
-33487	-23786.195
-47382	-23801.44
-50056	-23812.904
-42603	-23815.996
-26379	-23810.523
-33386	-23794.06
-47424	-23771.16
-50069	-23749.102
-42612	-23733.27
-26471	-23730.996
-33536	-23742.525
-47483	-23768.84
-50021	-23807.236
-42487	-23848.527
-26491	-23883.684
-33697	-23898.656
-47579	-23885.848
-50059	-23842.389
-42449	-23768.45
-26152	-23673.053
-33566	-23565.611
-47593	-23463.215
-50056	-23383.795
-42309	-23339.97
-24782	-23341.916
-32185	-23387.533
-47612	-23471.27
-50069	-23581.99
-42272	-23702.236
-26319	-23815.803
-33723	-23904.021
-47791	-23957.492
-50194	-23973.887
-42267	-23955.209
-25959	-23911.803
-33664	-23852.674
-47822	-23792.098
-50164	-23742.82
-42207	-23710.94
-25992	-23700.115
-33824	-23704.174
-47910	-23717.967
-50178	-23734.912
-42153	-23746.512
-25956	-23749.24
-33873	-23738.098
-47999	-23716.418
-50224	-23690.412
-42083	-23665.037
-25850	-23647.375
-33953	-23637.379
-48024	-23636.928
-50198	-23645.05
-42026	-23656.254
-25698	-23667.041
-34012	-23669.732
-48119	-23663.785
-50201	-23651.65
-41937	-23636.178
-25709	-23624.447
-34122	-23618.484
-48141	-23623.352
-50211	-23640.86
-41941	-23666.467
-25822	-23694.627
-34214	-23712.387
-48180	-23711.605
-50206	-23686.38
-41772	-23633.021
-25097	-23556.2
-33994	-23461.018
-48238	-23362.215
-50241	-23276.695
-41746	-23218.32
-24880	-23199.877
-33504	-23222.582
-48307	-23285.172
-50264	-23379.395
-41731	-23489.506
-25747	-23599.602
-34409	-23689.549
-48416	-23747.752
-50274	-23768.84
-41639	-23752.426
-25425	-23707.137
-34402	-23641.268
-48484	-23570.395
-50296	-23509.125
-41723	-23466.72
-26522	-23449.678
-34986	-23454.266
-48699	-23476.861
-50417	-23510.225
-41688	-23543.959
-25860	-23571.15
-34865	-23582.395
-48736	-23577.127
-50384	-23557.77
-41549	-23527.545
-25402	-23493.443
-34789	-23457.127
-48726	-23424.406
-50379	-23398.771
-41453	-23380.03
-25301	-23369.066
-34832	-23361.049
-48774	-23356.873
-50322	-23357.742
-41327	-23363.848
-25114	-23378.223
-34818	-23398.014
-48795	-23424.396
-50317	-23455.867
-41254	-23486.676
-25033	-23511.64
-34849	-23519.357
-48835	-23504.76
-50299	-23464.717
-41215	-23398.18
-25236	-23311.17
-35042	-23208.906
-48939	-23105.416
-50304	-23015.553
-41140	-22951.42
-25245	-22924.26
-35162	-22934.695
-48944	-22983.398
-50280	-23064.39
-41124	-23164.857
-25545	-23272.197
-35321	-23368.738
-48997	-23444.486
-50256	-23493.299
-41074	-23512.47
-25554	-23506.637
-35492	-23479.223
-49106	-23441.715
-50269	-23405.004
-41056	-23376.639
-25771	-23363.584
-35760	-23363.951
-49183	-23378.084
-50231	-23402.658
-40939	-23431.105
-25749	-23458.934
-35914	-23477.553
-49175	-23486.047
-50203	-23484.52
-40951	-23473.414
-25827	-23456.965
-35999	-23434.982
-49241	-23413.31
-50150	-23396.041
-40860	-23384.725
-25906	-23382.117
-36084	-23384.86
-49211	-23394.555
-50130	-23410.871
-40839	-23431.076
-25876	-23454.121
-36296	-23473.293
-49299	-23487.65
-50081	-23494.832
-40789	-23491.215
-25869	-23476.383
-36354	-23446.062
-49310	-23403.92
-50025	-23354.016
-40771	-23300.303
-26024	-23250.15
-36482	-23205.861
-49334	-23175.104
-49989	-23162.297
-40651	-23167.754
-25698	-23191.527
-36450	-23225.877
-49318	-23268.094
-49910	-23313.346
-40579	-23355.352
-25806	-23392.145
-36656	-23418.908
-49352	-23439.365
-49886	-23457.85
-40549	-23478.004
-25811	-23505.502
-36752	-23539.31
-49342	-23582.385
-49809	-23633.367
-40407	-23686.748
-25679	-23737.658
-36842	-23775.441
-49406	-23796.908
-49806	-23799.168
-40354	-23780.8
-25604	-23745.783
-36891	-23695.46
-49432	-23639.396
-49746	-23585.84
-40291	-23540.424
-25579	-23509.002
-36966	-23489.193
-49441	-23482.332
-49714	-23485.55
-40216	-23492.957
-25447	-23500.742
-37012	-23500.494
-49491	-23492.42
-49654	-23476.896
-40133	-23454.871
-25604	-23431.18
-37131	-23406.096
-49505	-23386.375
-49626	-23375.688
-40079	-23374.559
-25738	-23383.957
-37364	-23397.98
-49532	-23416.393
-49559	-23436.562
-39994	-23454.723
-25641	-23470.297
-37334	-23478.553
-49433	-23482.94
-49527	-23485.428
-40021	-23487.084
-25667	-23491.186
-37272	-23495.146
-49468	-23502.805
-49459	-23514.814
-39959	-23529.148
-25909	-23545.982
-37481	-23560.37
-49478	-23574.303
-49427	-23588.012
-39861	-23600.691
-25792	-23614.148
-37612	-23625.068
-49500	-23636.945
-49355	-23650.479
-39780	-23664.447
-25883	-23679.451
-37730	-23690.629
-49482	-23700.066
-49277	-23707.562
-39752	-23711.871
-25841	-23714.625
-37800	-23712.697
-49493	-23710.3
-49209	-23709.219
-39692	-23709.508
-25797	-23713.156
-37792	-23716.273
-49494	-23721.477
-49162	-23728.307
-39597	-23734.67
-25832	-23740.836
-38020	-23742.254
-49554	-23742.031
-49193	-23741.166
-39593	-23739.674
-25888	-23740.13
-38088	-23739.873
-49547	-23742.908
-49080	-23749.844
-39484	-23759.166
-25760	-23770.867
-38046	-23779.283
-49518	-23785.639
-49056	-23788.613
-39447	-23786.117
-25818	-23779.09
-38184	-23764.256
-49530	-23746.53
-48961	-23728.387
-39238	-23711.258
-25434	-23698.686
-38202	-23688.31
-49536	-23684.447
-48891	-23687.412
-39148	-23694.947
-25407	-23706.533
-38271	-23716.012
-49584	-23724.467
-48907	-23730.498
-39136	-23732.037
-25480	-23730.086
-38327	-23721.229
-49586	-23710.033
-48799	-23698.44
-39081	-23687.176
-25565	-23678.955
-38466	-23670.934
-49609	-23666.65
-48831	-23666.242
-38991	-23668.037
-25451	-23672.127
-38501	-23673.26
-49582	-23673.576
-48739	-23672.484
-38919	-23668.568
-25498	-23663.186
-38541	-23653.018
-49571	-23642.54
-48721	-23633.238
-38930	-23625.564
-25620	-23621.957
-38706	-23619.518
-49586	-23622.297
-48639	-23630.5
-38756	-23642.623
-25562	-23658.754
-38771	-23673.39
-49596	-23688.332
-48572	-23701.86
-38659	-23711.355
-25521	-23716.771
-38913	-23713.613
-49607	-23705.764
-48528	-23694.387
-38600	-23680.193
-25556	-23666.545
-38885	-23651.809
-49596	-23641.58
-48484	-23637.518
-38494	-23639.273
-25466	-23647.74
-38982	-23657.768
-49609	-23671.074
-48457	-23685.537
-38446	-23698.076
-25536	-23708.152
-39082	-23711.016
-49657	-23710.232
-48410	-23706.857
-38426	-23701.572
-25719	-23697.316
-39157	-23692.047
-49639	-23690.469
-48371	-23693.086
-38321	-23698.426
-25601	-23706.357
-39201	-23711.225
-49654	-23714.607
-48361	-23715.07
-38274	-23710.979
-25621	-23703.67
-39234	-23690.527
-49696	-23677.031
-48315	-23665.602
-38206	-23657.71
-25694	-23656.242
-39373	-23658.135
-49661	-23666.68
-48245	-23680.484
-38098	-23696.568
-25679	-23713.432
-39386	-23724.838
-49660	-23732.357
-48211	-23735.078
-38049	-23732.223
-25696	-23725.92
-39477	-23714.09
-49688	-23702.27
-48174	-23692.232
-37932	-23684.436
-25647	-23680.447
-39506	-23675.969
-49709	-23673.455
-48132	-23671.2
-37864	-23666.82
-25587	-23660.152
-39568	-23646.69
-49741	-23630.197
-48068	-23611.605
-37701	-23591.805
-25627	-23573.8
-39624	-23555.676
-49726	-23542.678
-48079	-23535.598
-37603	-23534.037
-25552	-23538.525
-39729	-23544.293
-49789	-23553.59
-48037	-23564.81
-37446	-23575.953
-25406	-23586.959
-39787	-23593.2
-49822	-23597.873
-48014	-23600.695
-37361	-23601.12
-25508	-23600.344
-39871	-23594.855
-49830	-23588.818
-47951	-23582.506
-37397	-23575.97
-25686	-23570.967
-39954	-23564.48
-49874	-23560.992
-47962	-23560.812
-37223	-23563.615
-25444	-23570.21
-39971	-23576.123
-49921	-23584.057
-47929	-23592.432
-37132	-23599.348
-25545	-23604.6
-40073	-23603.67
-49934	-23600.133
-47896	-23594.22
-37072	-23586.338
-25587	-23578.848
-40144	-23569.352
-49966	-23562.826
-47858	-23559.691
-36989	-23559.469
-25619	-23562.516
-40225	-23563.922
-49974	-23565.97
-47867	-23566.969
-37046	-23565.365
-25851	-23561.65
-40317	-23552.432
-50024	-23542.443
-47822	-23532.967
-36850	-23525.299
-25691	-23521.996
-40329	-23520.473
-49999	-23524.92
-47802	-23534.62
-36772	-23547.906
-25733	-23563.86
-40527	-23576.678
-50181	-23588.057
-47901	-23596.225
-36839	-23599.861
-25952	-23599.81
-40817	-23593.055
-50409	-23584.646
-48126	-23575.873
-36997	-23567.943
-26105	-23563.104
-41229	-23558.367
-50846	-23557.69
-48508	-23560.348
-37350	-23565.135
-26509	-23571.814
-41686	-23575.42
-51218	-23578.734
-48836	-23580.69
-37537	-23580.646
-26644	-23579.627
-42013	-23574.117
-51521	-23568.562
-49074	-23563.191
-37763	-23558.297
-26929	-23555.236
-42255	-23550.457
-51662	-23547.787
-49123	-23546.65
-37578	-23546.473
-26759	-23547.682
-42383	-23545.879
-51751	-23544.393
-49128	-23542.31
-37589	-23538.996
-26905	-23535.135
-42466	-23526.912
-51812	-23518.385
-49169	-23509.615
-37530	-23501.045
-26970	-23494.236
-42629	-23486.016
-51879	-23480.738
-49194	-23478.09
-37499	-23477.572
-27039	-23479.295
-42755	-23478.326
-51965	-23477.406
-49237	-23474.771
-37511	-23469.332
-27101	-23461.605
-42859	-23448.05
-52017	-23433.672
-49224	-23419.486
-37372	-23407.186
-27059	-23399.375
-42891	-23393.586
-51981	-23394.418
-49174	-23400.982
-37321	-23411.887
-27152	-23425.871
-42985	-23436.668
-52005	-23445.838
-49103	-23450.826
-37245	-23450.33
-27226	-23444.96
-43057	-23431.875
-52068	-23416.797
-49114	-23401.295
-37098	-23387.441
-27264	-23377.656
-43165	-23369.115
-52083	-23365.78
-49114	-23366.137
-37127	-23368.553
-27377	-23371.922
-43287	-23370.982
-52208	-23368.693
-49172	-23364.22
-37100	-23358.256
-27423	-23352.758
-43344	-23345.736
-52132	-23342.713
-49072	-23344.02
-37042	-23349.783
-27586	-23359.836
-43395	-23368.84
-52137	-23378.55
-49006	-23385.844
-36856	-23388.66
-27541	-23386.291
-43513	-23374.838
-52207	-23359.17
-49059	-23340.395
-36159	-23321.227
-26805	-23304.94
-43626	-23290.197
-52254	-23283.037
-49021	-23283.83
-36919	-23292.846
-27886	-23310.217
-43656	-23331.477
-52192	-23359.553
-48937	-23392.703
-36669	-23430.258
-27760	-23472.453
-43667	-23515.719
-52106	-23564.215
-48813	-23617.38
-36527	-23675.217
-27717	-23737.914
-43582	-23801.203
-51956	-23868.088
-48542	-23936.527
-36157	-24005.293
-27469	-24073.576
-43377	-24136.73
-51670	-24197.78
-48234	-24255.14
-35799	-24308.045
-27272	-24356.213
-43054	-24395.426
-51262	-24429.023
-47761	-24455.713
-35274	-24475.4
-26966	-24488.686
-42718	-24492.928
-50924	-24493.332
-47396	-24490.725
-34845	-24487.086
-26709	-24484.42
-42537	-24480.736
-50737	-24480.855
-47177	-24484.115
-34590	-24490.229
-26611	-24498.662
-42431	-24505.053
-50562	-24512.459
-46958	-24519.432
-34276	-24526.105
-26564	-24533.033
-42396	-24537.56
-50463	-24544.38
-46854	-24553.08
-33802	-24563.88
-26128	-24576.4
-42474	-24586.045
-50518	-24595.312
-46848	-24601.783
-33959	-24604.52
-26463	-24603.188
-42536	-24594.76
-50518	-24584.424
-46801	-24572.984
-33872	-24562.686
-26491	-24555.441
-42516	-24549.186
-50454	-24548.229
-46692	-24550.969
-33816	-24556.232
-26607	-24562.307
-42596	-24564.299
-50478	-24564.973
-46712	-24563.031
-33689	-24559.383
-26621	-24555.63
-42671	-24550.574
-50496	-24550.13
-46612	-24554.82
-33532	-24565.404
-26634	-24581.238
-42699	-24597.512
-50457	-24615.87
-46631	-24632.809
-33557	-24646.574
-26741	-24656.15
-42817	-24658.62
-50516	-24659.348
-46607	-24659.549
-33495	-24661.902
-26772	-24668.31
-42809	-24676.5
-50495	-24689.648
-46552	-24704.477
-33382	-24717.793
-26859	-24725.646
-42883	-24721.543
-50457	-24707.314
-46463	-24681.918
-33331	-24647.926
-26969	-24609.79
-42969	-24570.516
-50484	-24540.457
-46422	-24524.463
-33368	-24526.764
-27264	-24548.549
-43037	-24585.299
-50531	-24636.467
-46466	-24694.553
-33374	-24752.453
-27264	-24802.855
-43089	-24837.256
-50536	-24856.09
-46419	-24857.506
-33330	-24843.525
-27376	-24817.586
-43144	-24781.5
-50530	-24743.746
-46378	-24706.95
-33272	-24673.615
-27484	-24643.92
-43221	-24613.883
-50535	-24585.104
-46358	-24553.578
-33342	-24516.941
-27845	-24473.014
-43294	-24418.324
-50516	-24357.064
-46289	-24289.357
-33234	-24217.322
-27670	-24142.797
-43285	-24064.975
-50524	-23989.469
-46238	-23916.195
-33035	-23846.406
-27708	-23780.494
-43384	-23716.486
-50556	-23659.168
-46191	-23608.12
-32868	-23564.342
-27749	-23527.75
-43494	-23495.334
-50580	-23470.01
-46157	-23448.607
-32747	-23429.125
-27721	-23408.646
-43511	-23382.432
-50562	-23353.139
-46111	-23319.434
-32585	-23283.043
-27720	-23246.047
-43554	-23209.27
-50550	-23180.213
-46046	-23160.756
-32573	-23153.283
-27994	-23157.707
-43647	-23170.297
-50556	-23192.209
-46055	-23218.352
-32539	-23245.047
-28020	-23268.008
-43711	-23282.156
-50613	-23290.291
-46057	-23291.543
-32382	-23288.148
-27988	-23282.178
-43771	-23274.139
-50654	-23270.38
-46034	-23271.129
-32366	-23277.104
-28096	-23286.826
-43836	-23295.996
-50644	-23306.314
-46006	-23314.25
-32294	-23318.867
-28169	-23319.031
-43894	-23313.037
-50698	-23306.379
-45971	-23299.92
-32131	-23296.455
-28239	-23297.166
-43962	-23300.807
-50671	-23311.182
-45885	-23325.861
-32018	-23343.447
-28291	-23360.836
-44005	-23373.434
-50642	-23383.27
-45841	-23387.928
-31936	-23387.926
-28383	-23383.316
-44102	-23373.514
-50700	-23364.29
-45808	-23356.318
-31787	-23351.855
-28439	-23351.197
-44149	-23352.607
-50683	-23359.723
-45752	-23370.637
-31801	-23384.963
-28591	-23400.883
-44201	-23415.428
-50642	-23431.627
-45689	-23447.648
-31772	-23463.66
-28858	-23478.318
-44274	-23489.44
-50652	-23500.426
-45663	-23509.291
-31557	-23516.227
-28699	-23520.107
-44311	-23519.031
-50655	-23517.197
-45681	-23514.232
-31622	-23512.057
-28852	-23511.162
-44377	-23510.965
-50636	-23516.236
-45541	-23526.137
-31502	-23541.049
-28964	-23559.05
-44472	-23576.512
-50674	-23595.066
-45593	-23611.111
-31394	-23623.316
-28960	-23629.137
-44497	-23626.064
-50644	-23617.977
-45547	-23604.63
-31376	-23588.545
-29107	-23570.926
-44560	-23552.24
-50656	-23538.146
-45516	-23528.66
-31167	-23525.086
-29114	-23525.955
-44614	-23528.357
-50631	-23534.191
-45426	-23540.105
-31114	-23544.936
-29243	-23545.98
-44671	-23540.68
-50623	-23532.482
-45404	-23520.727
-30994	-23507.473
-29256	-23493.291
-44711	-23478.324
-50619	-23467.8
-45334	-23461.652
-30959	-23461.277
-29399	-23465.371
-44741	-23471.72
-50610	-23482.615
-45271	-23495.268
-30942	-23508.945
-29841	-23520.828
-44859	-23528.518
-50591	-23534.932
-45236	-23538.408
-31011	-23539.92
-29747	-23538.75
-44887	-23534.271
-50591	-23530.768
-45212	-23527.639
-30802	-23526.334
-29725	-23525.941
-44938	-23525.295
-50577	-23527.873
-45194	-23532.066
-30747	-23538.285
-29829	-23544.62
-45006	-23549.084
-50611	-23554.424
-45179	-23558.57
-30702	-23561.818
-29899	-23562.295
-45056	-23558.553
-50593	-23554.098
-45086	-23547.97
-30631	-23541.629
-30082	-23534.424
-45119	-23526.055
-50570	-23520.625
-45012	-23517.266
-30498	-23517.041
-30143	-23518.143
-45165	-23518.873
-50581	-23521.74
-45010	-23524.467
-30504	-23527.092
-30247	-23527.562
-45241	-23524.693
-50619	-23522.111
-45007	-23519.256
-30501	-23517.957
-30419	-23517.645
-45306	-23518.062
-50584	-23522.865
-44935	-23530.496
-30286	-23541.08
-30407	-23551.742
-45372	-23559.904
-50587	-23567.404
-44885	-23571.682
-30640	-23572.957
-31336	-23569.53
-45404	-23561.469
-50544	-23553.174
-44819	-23544.904
-30405	-23539.092
-30795	-23535.31
-45466	-23533.21
-50566	-23535.947
-44836	-23541.43
-30329	-23549.312
-30852	-23556.475
-45530	-23560.684
-50599	-23564.158
-44804	-23565.191
-31230	-23564.713
-32647	-23561.695
-45597	-23556.857
-50547	-23554.344
-44700	-23553.672
-30468	-23556.041
-31209	-23559.467
-45614	-23562.326
-50553	-23566.422
-44659	-23569.209
-29963	-23570.6
-31001	-23568.184
-45639	-23561.268
-50511	-23553.639
-44574	-23545.252
-29866	-23538.51
-31144	-23532.764
-45671	-23528.143
-50482	-23527.803
-44531	-23529.812
-29581	-23533.97
-31142	-23536.78
-45755	-23536.062
-50481	-23533.855
-44452	-23528.596
-29585	-23521.928
-31269	-23513.393
-45763	-23504.467
-50462	-23500.342
-44423	-23501.506
-29506	-23510.023
-31327	-23523.797
-45862	-23541.068
-50483	-23562.607
-44351	-23584.291
-30071	-23604.125
-32488	-23617.586
-45849	-23623.053
-50401	-23623.023
-44299	-23617.002
-29589	-23607.766
-31677	-23595.508
-45946	-23582.008
-50445	-23571.979
-44284	-23565.068
-29403	-23562.453
-31724	-23561.432
-46032	-23560.566
-50474	-23561.67
-44242	-23562.652
-29402	-23564.268
-31831	-23564.701
-46078	-23564.395
-50465	-23567.027
-44222	-23571.717
-29372	-23579.43
-31948	-23587.066
-46067	-23592.816
-50371	-23597.598
-44139	-23598.283
-29240	-23594.92
-31990	-23585.37
-46175	-23570.85
-50455	-23556.867
-44121	-23545.426
-29249	-23540.94
-32136	-23543.604
-46201	-23554.207
-50428	-23574.291
-44057	-23599.393
-29264	-23625.945
-32346	-23646.428
-46257	-23656.33
-50359	-23655.602
-44001	-23642.816
-29085	-23621.904
-32352	-23595.918
-46301	-23571.906
-50339	-23559.62
-43932	-23563.37
-29163	-23586.904
-32513	-23626.752
-46330	-23677.922
-50316	-23734.816
-43889	-23786.201
-29191	-23823.56
-32819	-23837.258
-46319	-23824.406
-50250	-23789.426
-43814	-23737.934
-29315	-23681.805
-32882	-23631.488
-46454	-23599.578
-50302	-23598.145
-43805	-23630.555
-29003	-23696.58
-32851	-23786.61
-46477	-23888.855
-50298	-23991.146
-43739	-24077.252
-28744	-24135.766
-32809	-24156.078
-46502	-24136.03
-50261	-24081.547
-43686	-23999.773
-28781	-23903.576
-32959	-23803.3
-46562	-23711.027
-50247	-23638.172
-43557	-23588.346
-28594	-23563.336
-33037	-23557.416
-46594	-23565.207
-50231	-23582.176
-43562	-23600.264
-28439	-23615.357
-33024	-23621.441
-46672	-23617.875
-50244	-23607.818
-43484	-23592.086
-28456	-23574.496
-33093	-23555.076
-46707	-23536.545
-50260	-23522.943
-43444	-23514.203
-28352	-23512.54
-33172	-23516.066
-46798	-23526.074
-50212	-23545.588
-43384	-23573.502
-28241	-23610.434
-33169	-23651.906
-46774	-23695.521
-50192	-23739.49
-43289	-23777.85
-27209	-23807.377
-31931	-23821.45
-46764	-23818.13
-50091	-23799.703
-43284	-23767.314
-28956	-23726.479
-33644	-23680.62
-46913	-23636.768
-50145	-23602.963
-43243	-23582.213
-27971	-23577.676
-33282	-23585.838
-46919	-23604.19
-50092	-23630.133
-43177	-23656.826
-27957	-23680.303
-33352	-23693.719
-46996	-23695.72
-50152	-23688.686
-43160	-23673.613
-27734	-23655.52
-33306	-23635.86
-47009	-23619.318
-50062	-23611.148
-43039	-23611.525
-27512	-23621.555
-33308	-23636.422
-47073	-23653.945
-50049	-23672.986
-42957	-23689.299
-27300	-23702.207
-33272	-23707.688
-47076	-23706.818
-50040	-23703.006
-42930	-23696.92
-27252	-23692.021
-33304	-23686.951
-47098	-23683.428
-49992	-23683.625
-42858	-23685.76
-27161	-23690.188
-33402	-23692.768
-47167	-23693.523
-49962	-23694.357
-42786	-23694.64
-27164	-23696.965
-33531	-23699.738
-47208	-23705.21
-49984	-23716.24
-42767	-23731.57
-26671	-23751.729
-32950	-23771.68
-47164	-23789.56
-49892	-23804.482
-42696	-23813.178
-27306	-23815.633
-33675	-23808.693
-47269	-23794.332
-49942	-23776.7
-42639	-23757.45
-26115	-23741.088
-32552	-23726.713
-47264	-23716.178
-49813	-23711.527
-42489	-23710.408
-27097	-23712.342
-33780	-23712.242
-47347	-23709.264
-49848	-23704.207
-42471	-23696.703
-26774	-23689.66
-33853	-23681.865
-47421	-23676.334
-49860	-23676.338
-42464	-23680.998
-26680	-23690.64
-33793	-23699.596
-47437	-23705.777
-49826	-23707.906
-42385	-23702.746
-26567	-23691.47
-33846	-23672.58
-47475	-23650.951
-49735	-23633.445
-42244	-23624.203
-26446	-23628.832
-33831	-23645.686
-47432	-23674.45
-49752	-23711.834
-42214	-23748.994
-26526	-23778.207
-34051	-23787.336
-47547	-23771.123
-49727	-23728.74
-42121	-23661.506
-26383	-23578.357
-34077	-23487.295
-47549	-23403.094
-49697	-23340.62
-42103	-23309.23
-25947	-23316.21
-33649	-23358.016
-47600	-23429.572
-49692	-23521.305
-42049	-23618.467
-26572	-23708.32
-34389	-23775.512
-47716	-23813.592
-49670	-23821.762
-41957	-23801.99
-26287	-23763.234
-34395	-23712.123
-47746	-23660.568
-49666	-23619.012
-41896	-23592.037
-26191	-23582.885
-34473	-23586.016
-47765	-23597.941
-49649	-23613.854
-41834	-23626.564
-26137	-23633.076
-34596	-23627.67
-47823	-23612.285
-49621	-23590.889
-41772	-23566.178
-26180	-23543.54
-34689	-23522.463
-47882	-23506.03
-49603	-23495.727
-41699	-23489.361
-26106	-23486.68
-34747	-23482.574
-47872	-23477.783
-49541	-23473.936
-41641	-23471.08
-25986	-23472.295
-34829	-23475.203
-47943	-23481.695
-49512	-23492.176
-41548	-23503.348
-26048	-23513.584
-34936	-23515.994
-47939	-23509.816
-49486	-23495.555
-41499	-23473.479
-25939	-23448.357
-35016	-23421.264
-47987	-23398.86
-49468	-23386.555
-41442	-23385.459
-25429	-23396.635
-34591	-23412.97
-48055	-23430.42
-49452	-23443.625
-41374	-23445.646
-25915	-23434.047
-35244	-23404.443
-48106	-23361.445
-49421	-23312.543
-41245	-23265.33
-25636	-23230.373
-35234	-23211.61
-48151	-23215.5
-49418	-23243.922
-41142	-23292.389
-25558	-23355.348
-35352	-23419.762
-48237	-23477.871
-49403	-23522.855
-41054	-23548.705
-25489	-23555.834
-35402	-23542.93
-48199	-23517.316
-49367	-23487.068
-41029	-23458.047
-25412	-23437.078
-35471	-23422.895
-48244	-23417.258
-49291	-23418.611
-40901	-23422.04
-25411	-23425.027
-35526	-23420.773
-48299	-23410.354
-49291	-23396.201
-40876	-23380.633
-25533	-23369.41
-35689	-23362.717
-48337	-23365.121
-49257	-23377.906
-40783	-23397.842
-25501	-23421.926
-35826	-23440.52
-48409	-23450.066
-49247	-23447.373
-40707	-23429.941
-25622	-23400.799
-36032	-23360.629
-48417	-23318.42
-49214	-23282.746
-40651	-23259.691
-25490	-23255.63
-36052	-23268.354
-48431	-23298.566
-49176	-23342.645
-40591	-23392.438
-25649	-23441.768
-36190	-23479.93
-48421	-23504.055
-49136	-23513.04
-40529	-23506.975
-25541	-23490.797
-36340	-23465.717
-48494	-23439.674
-49099	-23418.557
-40429	-23404.887
-25514	-23401.59
-36426	-23404.168
-48547	-23412.879
-49082	-23425.701
-40417	-23438.717
-25637	-23451.045
-36519	-23457.43
-48531	-23460.174
-49032	-23460.865
-40261	-23459.81
-25448	-23459.6
-36627	-23456.992
-48612	-23454.6
-49034	-23452.812
-40175	-23449.865
-25366	-23446.57
-36700	-23438.645
-48631	-23429.236
-48931	-23420.488
-40116	-23413.227
-25614	-23410.83
-36831	-23410.785
-48679	-23416.197
-48967	-23427.05
-40057	-23440.266
-25439	-23454.121
-36930	-23461.018
-48731	-23460.379
-48971	-23450.88
-40049	-23431.191
-25615	-23404.287
-37079	-23369.602
-48794	-23334.59
-48952	-23305.158
-39916	-23285.027
-25603	-23278.807
-37240	-23283.582
-48812	-23301.016
-48936	-23328.664
-39892	-23360.68
-25439	-23393.148
-37135	-23417.188
-48879	-23431.879
-48904	-23436.385
-39846	-23430.28
-25784	-23417.318
-37438	-23397.096
-48891	-23376.74
-48888	-23360.814
-39756	-23350.654
-25592	-23348.67
-37490	-23350.15
-48961	-23355.908
-48876	-23363.82
-39681	-23370.094
-25564	-23373.828
-37561	-23369.742
-48949	-23360.852
-48799	-23349.094
-39585	-23335.754
-25633	-23324.746
-37652	-23314.348
-49001	-23309.121
-48796	-23310.25
-39506	-23316.354
-25476	-23327.432
-37639	-23337.562
-48991	-23347.867
-48712	-23357.438
-39393	-23364.582
-25447	-23370.674
-37779	-23372.393
-49043	-23373.924
-48679	-23377.07
-39326	-23381.883
-25584	-23390.066
-37881	-23397.246
-49084	-23405.643
-48677	-23414.451
-39242	-23421.545
-25439	-23427.191
-37921	-23426.857
-49159	-23423.855
-48677	-23419.564
-39176	-23414.443
-25464	-23411.28
-37935	-23407.252
-49116	-23406.318
-48585	-23409.127
-39083	-23414.129
-25424	-23421.533
-38019	-23425.941
-49182	-23429.193
-48604	-23430.967
-39091	-23430.246
-25497	-23428.86
-38122	-23423.812
-49230	-23419.668
-48576	-23418.24
-38978	-23419.625
-25479	-23425.459
-38204	-23431.166
-49261	-23438.705
-48524	-23446.768
-38852	-23452.613
-25362	-23455.982
-38250	-23451.768
-49229	-23443.2
-48472	-23431.508
-38799	-23417.588
-25454	-23404.986
-38364	-23391.887
-49333	-23383.467
-48489	-23381.258
-38713	-23384.602
-25418	-23393.977
-38431	-23403.623
-49358	-23414.705
-48464	-23425.477
-38647	-23433.512
-25392	-23439.293
-38506	-23438.852
-49373	-23436.623
-48400	-23434.64
-38524	-23434.125
-25386	-23438.12
-38616	-23443.602
-49397	-23454.023
-48379	-23468.7
-38491	-23485.043
-25392	-23501.893
-38691	-23512.674
-49478	-23518.771
-48397	-23519.309
-38400	-23513.734
-25512	-23504.562
-38837	-23490.035
-49432	-23476.588
-48317	-23467.377
-38282	-23463.943
-25389	-23468.83
-38869	-23477.934
-49549	-23493.36
-48356	-23512.912
-38251	-23532.9
-25511	-23551.482
-38979	-23562.066
-49521	-23566.668
-48268	-23565.143
-38060	-23557.78
-25280	-23547.783
-38969	-23533.604
-49529	-23521.34
-48229	-23513.195
-37987	-23509.623
-25397	-23511.928
-39084	-23515.05
-49532	-23520.783
-48157	-23526.994
-37931	-23530.86
-25473	-23531.967
-39169	-23525.436
-49582	-23515.123
-48116	-23502.17
-37852	-23487.68
-25421	-23474.88
-39234	-23461.666
-49588	-23453.148
-48112	-23450.135
-37787	-23451.932
-25529	-23458.924
-39321	-23465.812
-49587	-23474.668
-48042	-23483.986
-37627	-23491.928
-25466	-23498.752
-39457	-23500.055
-49696	-23499.516
-48066	-23497.463
-37626	-23493.72
-25511	-23489.926
-39507	-23482.459
-49646	-23475.324
-47972	-23468.746
-37490	-23462.49
-25503	-23457.965
-39554	-23451.66
-49683	-23447.803
-47942	-23446.818
-37376	-23448.568
-25463	-23454.28
-39696	-23459.72
-49729	-23467.951
-47931	-23477.922
-37317	-23487.865
-25492	-23497.475
-39765	-23501.543
-49781	-23502.895
-47887	-23500.947
-37201	-23495.379
-25499	-23487.89
-39812	-23475.584
-49764	-23463.594
-47875	-23453.12
-37131	-23444.984
-25591	-23441.076
-39965	-23437.936
-49819	-23439.242
-47820	-23444.404
-37042	-23452.107
-25656	-23462.275
-40030	-23469.783
-49827	-23477.29
-47805	-23483.549
-37044	-23487.426
-25693	-23489.486
-40056	-23485.764
-49851	-23480.377
-47782	-23473.688
-36986	-23466.188
-25772	-23459.854
-40151	-23451.895
-49902	-23446.977
-47751	-23445.566
-36824	-23447.6
-25771	-23453.799
-40240	-23459.654
-49897	-23467.986
-47679	-23477.25
-36706	-23485.867
-25717	-23493.562
-40302	-23495.85
-49917	-23496.291
-47656	-23494.982
-36640	-23492.373
-25773	-23490.443
-40340	-23486.506
-49891	-23485.26
-47566	-23486.879
-36569	-23490.828
-25969	-23497.275
-40542	-23501.178
-49978	-23504.904
-47591	-23506.678
-36500	-23505.05
-25927	-23500.273
-40590	-23488.74
-49997	-23475.041
-47576	-23460.244
-36431	-23445.842
-25956	-23434.305
-40662	-23423.291
-50032	-23417.506
-47512	-23416.775
-36331	-23420.318
-26059	-23427.87
-40782	-23434.299
-50076	-23442.021
-47482	-23449.332
-36094	-23455.076
-25794	-23459.525
-40801	-23458.834
-50070	-23457.225
-47461	-23454.83
-36034	-23452.086
-25842	-23450.35
-40899	-23446.281
-50117	-23444.055
-47445	-23443.365
-35953	-23443.977
-25951	-23446.531
-40997	-23447.166
-50119	-23449.67
-47382	-23453.36
-35987	-23457.738
-26099	-23463.102
-41069	-23465.258
-50136	-23467.473
-47372	-23468.697
-35717	-23468.297
-25887	-23466.611
-41146	-23459.975
-50136	-23452.725
-47289	-23445.096
-34992	-23438.0
-25146	-23433.072
-41174	-23427.215
-50112	-23424.994
-47222	-23425.977
-35597	-23429.59
-26194	-23435.637
-41333	-23439.441
-50196	-23443.797
-47250	-23447.285
-35455	-23449.168
-26082	-23449.852
-41398	-23445.973
-50166	-23442.152
-47209	-23438.78
-35401	-23436.59
-26093	-23436.857
-41383	-23436.363
-50194	-23439.07
-47182	-23444.07
-35308	-23450.605
-26202	-23458.432
-41552	-23463.209
-50215	-23468.354
-47079	-23472.947
-35127	-23476.799
-26173	-23480.514
-41576	-23480.787
-50232	-23481.912
-47085	-23483.596
-35054	-23485.953
-26201	-23489.502
-41671	-23490.66
-50220	-23493.268
-47022	-23496.465
-35079	-23499.889
-26401	-23503.62
-41755	-23503.75
-50249	-23503.871
-46960	-23502.928
-35001	-23500.473
-26546	-23496.627
-41854	-23487.979
-50289	-23478.795
-46939	-23469.082
-34765	-23459.795
-26403	-23452.395
-41906	-23444.629
-50264	-23441.496
-46895	-23442.936
-34281	-23448.996
-26064	-23459.406
-41982	-23469.451
-50268	-23481.63
-46879	-23493.59
-34572	-23503.963
-26547	-23512.055
-42051	-23514.232
-50302	-23514.959
-46849	-23514.52
-34429	-23514.258
-26529	-23515.633
-42179	-23516.158
-50344	-23520.084
-46806	-23526.174
-34411	-23533.299
-26664	-23540.133
-42184	-23541.734
-50339	-23540.908
-46766	-23536.307
-34297	-23528.17
-26736	-23517.656
-42310	-23503.006
-50372	-23489.94
-46704	-23479.139
-34071	-23471.596
-26622	-23467.58
-42389	-23463.191
-50407	-23461.377
-46779	-23460.209
-34136	-23459.002
-26914	-23457.785
-42786	-23454.014
-50796	-23453.186
-47125	-23456.4
-34294	-23465.38
-27137	-23480.979
-43257	-23499.201
-51193	-23521.773
-47518	-23543.975
-34535	-23561.117
-27431	-23568.166
-43726	-23557.545
-51601	-23530.96
-47869	-23487.867
-34884	-23431.68
-27866	-23368.414
-44087	-23302.535
-51871	-23246.648
-48039	-23207.535
-34804	-23191.068
-27939	-23199.549
-44277	-23228.408
-51983	-23276.924
-48053	-23336.809
-34801	-23399.621
-28091	-23456.676
-44416	-23497.764
-52032	-23522.736
-48092	-23529.668
-34822	-23520.994
-28236	-23501.293
-44527	-23473.373
-52078	-23447.44
-48073	-23427.545
-34770	-23417.04
-28407	-23416.52
-44670	-23421.322
-52129	-23432.385
-48086	-23444.904
-34787	-23455.514
-28541	-23461.268
-44747	-23457.889
-52195	-23449.664
-48054	-23437.33
-34699	-23423.61
-28687	-23410.924
-44922	-23398.373
-52275	-23391.383
-48114	-23389.334
-34672	-23392.203
-28766	-23398.693
-45017	-23404.598
-52282	-23412.94
-48074	-23422.08
-34620	-23432.035
-28933	-23442.344
-45125	-23449.768
-52346	-23457.584
-48051	-23463.68
-34519	-23466.676
-29045	-23464.264
-45222	-23451.758
-52349	-23432.057
-48027	-23404.266
-34445	-23370.246
-29163	-23332.51
-45294	-23292.143
-52383	-23257.469
-47975	-23231.592
-34291	-23217.855
-29234	-23217.072
-45325	-23225.684
-52316	-23245.041
-47841	-23270.115
-34169	-23296.672
-29237	-23319.812
-45282	-23333.48
-52162	-23339.879
-47647	-23338.184
-33878	-23330.713
-29132	-23319.908
-45104	-23306.361
-51899	-23296.81
-47292	-23291.941
-33493	-23292.352
-28935	-23296.145
-44819	-23298.166
-51547	-23299.346
-46934	-23296.043
-33119	-23287.17
-28776	-23272.045
-44524	-23249.87
-51169	-23227.752
-46462	-23208.787
-32622	-23197.87
-28542	-23198.043
-44229	-23209.287
-50817	-23236.309
-46103	-23277.0
-32404	-23329.379
-28512	-23389.45
-44035	-23451.412
-50578	-23516.121
-45861	-23580.549
-32103	-23644.436
-28429	-23707.467
-43989	-23768.496
-50507	-23832.795
-45731	-23900.375
-31968	-23971.926
-28534	-24045.799
-44022	-24117.7
-50479	-24188.6
-45694	-24254.205
-31861	-24312.04
-28564	-24359.104
-44095	-24392.059
-50457	-24415.152
-45616	-24428.816
-31718	-24436.172
-28676	-24439.293
-44065	-24439.146
-50366	-24442.045
-45523	-24448.201
-31716	-24458.623
-28792	-24471.99
-44126	-24485.094
-50370	-24500.16
-45456	-24514.688
-31679	-24528.064
-28871	-24538.87
-44151	-24545.057
-50317	-24550.945
-45373	-24556.207
-31447	-24562.346
-28902	-24569.113
-44235	-24574.973
-50351	-24583.78
-45352	-24594.174
-31391	-24606.223
-29020	-24618.328
-44318	-24628.06
-50398	-24638.773
-45380	-24649.078
-31319	-24659.65
-29095	-24669.5
-44372	-24676.88
-50397	-24685.611
-45342	-24694.53
-31191	-24704.205
-29201	-24713.344
-44467	-24719.951
-50408	-24727.652
-45241	-24735.225
-31174	-24743.34
-29372	-24750.988
-44538	-24756.506
-50367	-24763.674
-45191	-24771.27
-31028	-24779.809
-29381	-24787.824
-44607	-24793.146
-50415	-24799.027
-45211	-24804.006
-31088	-24808.479
-29601	-24811.193
-44648	-24810.514
-50404	-24810.12
-45172	-24808.824
-30866	-24807.15
-29744	-24803.348
-44749	-24795.307
-50401	-24785.8
-45056	-24772.582
-30811	-24755.477
-29762	-24732.482
-44779	-24701.686
-50371	-24666.738
-45023	-24626.846
-30651	-24583.465
-29842	-24536.031
-44872	-24483.877
-50355	-24431.268
-44988	-24377.191
-30571	-24322.479
-29909	-24265.396
-44885	-24204.148
-50339	-24141.98
-44927	-24077.541
-30449	-24011.94
-30041	-23944.385
-44982	-23874.643
-50350	-23807.549
-44889	-23743.252
-30430	-23683.766
-30181	-23628.482
-45049	-23576.494
-50343	-23531.24
-44822	-23490.986
-30317	-23455.879
-30272	-23423.674
-45074	-23392.666
-50323	-23366.217
-44814	-23343.213
-30234	-23325.002
-30354	-23310.596
-45148	-23299.295
-50311	-23294.795
-44752	-23295.32
-30194	-23300.799
-30464	-23308.086
-45220	-23314.36
-50345	-23321.373
-44723	-23326.21
-30209	-23328.848
-30639	-23327.379
-45322	-23321.37
-50348	-23315.55
-44676	-23310.127
-30249	-23307.525
-31011	-23307.203
-45347	-23308.932
-50337	-23315.975
-44641	-23325.934
-30238	-23338.027
-31027	-23348.61
-45437	-23355.031
-50332	-23359.379
-44556	-23359.568
-29857	-23356.816
-30926	-23350.24
-45456	-23340.715
-50272	-23333.59
-44501	-23329.191
-29845	-23329.787
-31022	-23334.049
-45517	-23340.977
-50279	-23352.99
-44396	-23367.113
-29558	-23382.592
-31127	-23395.814
-45629	-23404.861
-50314	-23412.54
-44392	-23417.504
-29604	-23421.363
-31281	-23423.107
-45672	-23423.127
-50294	-23425.613
-44328	-23429.57
-29595	-23435.979
-31449	-23442.23
-45704	-23446.984
-50229	-23452.662
-44254	-23457.049
-29488	-23460.809
-31532	-23461.955
-45756	-23460.543
-50254	-23460.766
-44241	-23462.264
-29497	-23466.959
-31728	-23473.281
-45867	-23480.848
-50258	-23492.299
-44184	-23505.117
-29411	-23518.844
-31834	-23529.795
-45942	-23536.19
-50257	-23540.285
-44118	-23540.363
-29692	-23537.643
-32451	-23530.797
-45967	-23520.957
-50211	-23512.588
-44028	-23505.52
-29441	-23501.615
-32157	-23498.984
-46033	-23497.15
-50251	-23498.46
-44041	-23500.45
-29282	-23503.08
-32194	-23503.148
-46112	-23499.93
-50227	-23496.434
-43997	-23491.74
-29169	-23487.762
-32236	-23483.26
-46112	-23479.13
-50190	-23479.12
-43931	-23482.154
-29131	-23489.004
-32411	-23496.559
-46130	-23503.658
-50132	-23511.838
-43827	-23518.51
-28989	-23523.816
-32489	-23524.875
-46188	-23521.791
-50089	-23518.031
-43763	-23513.223
-29007	-23509.541
-32604	-23505.617
-46211	-23502.156
-50062	-23502.283
-43726	-23504.46
-28931	-23509.215
-32728	-23513.297
-46287	-23515.992
-50086	-23519.545
-43687	-23522.492
-28943	-23526.244
-32907	-23529.104
-46328	-23532.213
-50066	-23539.344
-43641	-23549.955
-28876	-23565.385
-32949	-23582.732
-46374	-23601.145
-50052	-23621.635
-43534	-23640.94
-28787	-23658.111
-33046	-23668.924
-46406	-23672.445
-49997	-23670.928
-43434	-23663.451
-28808	-23652.102
-33221	-23635.795
-46488	-23616.531
-50036	-23598.457
-43469	-23581.57
-28632	-23567.793
-33215	-23554.883
-46598	-23543.035
-50024	-23534.56
-43390	-23527.895
-28489	-23523.932
-33228	-23519.938
-46619	-23516.375
-50012	-23516.09
-43328	-23517.969
-28377	-23523.242
-33276	-23529.016
-46670	-23535.113
-50004	-23543.307
-43269	-23551.354
-28397	-23559.525
-33375	-23564.395
-46729	-23566.1
-49955	-23567.18
-43191	-23566.846
-28112	-23567.035
-33297	-23565.691
-46761	-23564.031
-49952	-23564.9
-43152	-23567.062
-28044	-23571.467
-33338	-23574.861
-46797	-23577.225
-49873	-23580.734
-43044	-23584.137
-27902	-23589.166
-33342	-23593.855
-46796	-23599.777
-49835	-23610.305
-43000	-23624.812
-27746	-23644.541
-33331	-23665.879
-46882	-23687.855
-49842	-23710.666
-42931	-23730.746
-27499	-23747.092
-33252	-23754.967
-46864	-23754.084
-49759	-23746.9
-42814	-23733.365
-27526	-23716.807
-33472	-23696.82
-47019	-23676.71
-49836	-23660.969
-42846	-23649.879
-27411	-23645.355
-33484	-23643.94
-47046	-23645.156
-49776	-23649.543
-42726	-23653.916
-27251	-23658.113
-33486	-23657.904
-47049	-23653.682
-49777	-23647.98
-42691	-23640.416
-27215	-23633.58
-33596	-23625.596
-47099	-23618.346
-49747	-23614.547
-42597	-23613.09
-26871	-23615.096
-33576	-23616.65
-47124	-23617.848
-49693	-23620.098
-42564	-23621.738
-26939	-23624.172
-33786	-23624.443
-47217	-23624.127
-49704	-23626.02
-42417	-23629.63
-26734	-23636.781
-33774	-23644.287
-47274	-23652.68
-49672	-23663.193
-42377	-23673.55
-26639	-23683.984
-33807	-23690.057
-47303	-23691.977
-49633	-23691.412
-42338	-23687.393
-26512	-23682.156
-33867	-23673.537
-47342	-23663.98
-49631	-23656.99
-42247	-23652.666
-25490	-23653.652
-32664	-23656.834
-47315	-23662.633
-49541	-23672.174
-42161	-23683.014
-26822	-23694.988
-34251	-23703.326
-47433	-23707.941
-49547	-23709.936
-42119	-23708.098
-26443	-23704.3
-34202	-23696.018
-47478	-23685.688
-49522	-23676.387
-42046	-23668.129
-26289	-23663.309
-34254	-23658.85
-47547	-23656.023
-49518	-23656.312
-41968	-23658.01
-26221	-23661.924
-34386	-23663.836
-47594	-23664.523
-49507	-23665.297
-41926	-23664.682
-26354	-23663.977
-34506	-23659.547
-47636	-23652.648
-49459	-23645.0
-41785	-23635.559
-26119	-23626.102
-34562	-23613.533
-47683	-23600.02
-49454	-23588.146
-41757	-23577.781
-26113	-23571.266
-34688	-23565.469
-47723	-23561.82
-49435	-23561.277
-41667	-23561.555
-26021	-23562.613
-34768	-23559.162
-47742	-23551.373
-49369	-23540.148
-41618	-23524.611
-26063	-23507.44
-34872	-23486.955
-47801	-23467.207
-49364	-23452.213
-41521	-23442.904
-25647	-23441.953
-34610	-23445.682
-47865	-23454.28
-49334	-23467.072
-41477	-23480.496
-26052	-23493.553
-35130	-23500.686
-47874	-23502.615
-49317	-23500.98
-41377	-23496.033
-25816	-23491.107
-35160	-23484.398
-47913	-23479.05
-49264	-23477.098
-41315	-23477.1
-25768	-23479.285
-35237	-23478.133
-47995	-23473.574
-49266	-23465.95
-41218	-23454.172
-25701	-23440.95
-35267	-23424.738
-47962	-23410.07
-49228	-23400.984
-41094	-23398.314
-25560	-23404.04
-35410	-23413.08
-48070	-23424.602
-49202	-23436.3
-41074	-23443.56
-25764	-23445.174
-35569	-23436.37
-48096	-23420.092
-49175	-23400.799
-40972	-23382.062
-25567	-23370.3
-35610	-23365.63
-48129	-23371.818
-49131	-23389.031
-40877	-23412.37
-25526	-23436.793
-35686	-23450.672
-48145	-23448.535
-49108	-23426.275
-40847	-23381.244
-25777	-23317.525
-35841	-23238.248
-48202	-23155.719
-49075	-23083.12
-40772	-23031.105
-25741	-23010.076
-35979	-23020.832
-48273	-23064.625
-49055	-23136.594
-40609	-23225.576
-25536	-23320.299
-36113	-23403.967
-48318	-23467.764
-48950	-23505.832
-40515	-23515.229
-25615	-23500.26
-36310	-23463.988
-48338	-23418.053
-48990	-23373.531
-40510	-23338.227
-25621	-23319.463
-36434	-23315.498
-48367	-23327.176
-48917	-23351.15
-40348	-23380.514
-25467	-23410.432
-36497	-23431.602
-48414	-23443.14
-48912	-23445.13
-40284	-23438.096
-25515	-23426.455
-36643	-23409.885
-48456	-23394.225
-48867	-23383.062
-40239	-23376.766
-25495	-23376.74
-36714	-23377.895
-48517	-23380.994
-48866	-23385.502
-40109	-23389.41
-25441	-23393.736
-36859	-23394.602
-48576	-23395.031
-48831	-23396.516
-40026	-23398.293
-25426	-23401.453
-36926	-23400.96
-48584	-23398.11
-48795	-23392.625
-39927	-23382.947
-25408	-23370.676
-37036	-23352.914
-48612	-23334.334
-48746	-23318.557
-39845	-23307.357
-25407	-23304.39
-37072	-23306.703
-48633	-23316.795
-48756	-23333.977
-39807	-23354.729
-25424	-23377.275
-37253	-23394.32
-48700	-23406.098
-48717	-23412.057
-39639	-23411.254
-25259	-23406.197
-37298	-23394.754
-48757	-23382.008
-48680	-23370.94
-39591	-23362.186
-25409	-23357.752
-37462	-23353.207
-48796	-23350.385
-48651	-23348.828
-39481	-23346.531
-25282	-23344.262
-37474	-23338.041
-48818	-23331.555
-48644	-23327.027
-39462	-23325.162
-25337	-23328.615
-37559	-23333.805
-48872	-23343.316
-48624	-23356.506
-39396	-23370.393
-25404	-23383.834
-37646	-23390.316
-48897	-23391.096
-48590	-23386.146
-39308	-23375.172
-25332	-23361.338
-37719	-23343.121
-48906	-23326.656
-48507	-23315.555
-39176	-23311.238
-25306	-23316.295
-37796	-23326.441
-48958	-23343.344
-48499	-23365.193
-39102	-23388.068
-25306	-23410.129
-37881	-23424.428
-49006	-23432.22
-48499	-23433.31
-38994	-23427.312
-25236	-23417.078
-37994	-23400.635
-49031	-23384.025
-48418	-23370.65
-38936	-23361.514
-25392	-23359.328
-38124	-23360.361
-49085	-23367.17
-48398	-23378.982
-38836	-23393.072
-25337	-23408.57
-38208	-23419.148
-49125	-23426.354
-48379	-23429.693
-38782	-23428.158
-25384	-23423.662
-38316	-23413.238
-49124	-23401.871
-48344	-23391.855
-38741	-23384.018
-25717	-23380.742
-38642	-23378.475
-49160	-23380.473
-48287	-23386.344
-38512	-23394.105
-25134	-23403.639
-38442	-23409.346
-49199	-23413.457
-48249	-23415.92
-38482	-23415.95
-25372	-23415.367
-38551	-23410.926
-49199	-23407.0
-48209	-23404.879
-38417	-23404.371
-25280	-23406.855
-38646	-23407.703
-49285	-23409.576
-48234	-23411.799
-38284	-23412.736
-25337	-23412.982
-38846	-23408.098
-49291	-23401.975
-48124	-23395.736
-38181	-23389.809
-25380	-23386.568
-38862	-23382.871
-49325	-23382.7
-48133	-23386.27
-38103	-23392.242
-25339	-23400.617
-38934	-23405.766
-49361	-23409.855
-48099	-23412.14
-37981	-23411.379
-25270	-23408.986
-38981	-23401.648
-49359	-23394.203
-48072	-23388.383
-38026	-23384.896
-25642	-23385.719
-39152	-23386.941
-49394	-23391.613
-48055	-23398.7
-37875	-23406.03
-25446	-23413.094
-39238	-23414.48
-49476	-23413.146
-48010	-23409.373
-37736	-23403.434
-25394	-23398.004
-39327	-23390.682
-49509	-23386.79
-47960	-23387.65
-37565	-23393.0
-25324	-23403.39
-39415	-23413.207
-49531	-23424.191
-47936	-23434.254
-37586	-23440.81
-25553	-23443.654
-39481	-23438.332
-49525	-23429.115
-47880	-23417.58
-37472	-23405.17
-25568	-23395.07
-39551	-23384.982
-49542	-23379.707
-47793	-23379.443
-37321	-23382.88
-25556	-23389.52
-39684	-23393.426
-49601	-23396.582
-47814	-23397.791
-37264	-23396.014
-25533	-23392.766
-39746	-23385.191
-49624	-23378.744
-47794	-23375.281
-37206	-23375.666
-25667	-23381.434
-39847	-23388.193
-49666	-23398.324
-47772	-23409.8
-36555	-23420.025
-24718	-23427.979
-39957	-23428.182
-49691	-23424.424
-47709	-23417.678
-37000	-23409.584
-25706	-23403.865
-40031	-23399.24
-49674	-23401.668
-47646	-23412.031
-36926	-23429.43
-25841	-23452.744
-40117	-23474.834
-49676	-23495.645
-47616	-23511.137
-36811	-23517.857
-25766	-23514.98
-40209	-23498.543
-49758	-23474.246
-47566	-23445.12
-36665	-23414.89
-25721	-23388.637
-40252	-23366.021
-49708	-23353.213
-47502	-23350.717
-36584	-23357.168
-25779	-23371.066
-40354	-23385.219
-49757	-23400.104
-47462	-23412.596
-36486	-23420.434
-25732	-23423.834
-40381	-23419.611
-49707	-23413.365
-47453	-23407.047
-36412	-23402.477
-25794	-23402.043
-40507	-23402.441
-49826	-23407.066
-47437	-23414.168
-36369	-23421.37
-25992	-23427.248
-40612	-23426.24
-49828	-23421.426
-47396	-23412.744
-36219	-23401.25
-25856	-23389.902
-40692	-23377.402
-49881	-23370.08
-47356	-23369.385
-35414	-23375.914
-24991	-23389.855
-40829	-23405.477
-49922	-23424.432
-47345	-23443.574
-36088	-23460.08
-26066	-23472.664
-40858	-23476.55
-49964	-23475.67
-47321	-23470.518
-35919	-23462.318
-25942	-23453.396
-40905	-23441.408
-49917	-23431.385
-47234	-23423.402
-35790	-23417.182
-25939	-23413.041
-41027	-23406.775
-50012	-23402.236
-47251	-23399.143
-35786	-23397.828
-26129	-23399.73
-41069	-23401.781
-49972	-23408.32
-47172	-23418.57
-35606	-23431.203
-26066	-23444.898
-41143	-23453.63
-49944	-23459.104
-47106	-23459.12
-35584	-23452.846
-26206	-23441.502
-41207	-23423.52
-49962	-23406.047
-47050	-23392.28
-35436	-23385.484
-26227	-23388.48
-41274	-23398.184
-49967	-23417.234
-47013	-23441.656
-35401	-23466.35
-26302	-23486.314
-41355	-23492.826
-49987	-23486.371
-46926	-23465.111
-35168	-23430.354
-26302	-23386.54
-41440	-23336.086
-49963	-23290.018
-46904	-23254.486
-34482	-23234.82
-26122	-23234.21
-41624	-23249.162
-49994	-23281.066
-46871	-23324.48
-35126	-23373.02
-26637	-23420.736
-41666	-23458.629
-50061	-23486.94
-46843	-23503.451
-35070	-23508.426
-26619	-23504.432
-41725	-23491.09
-50064	-23475.863
-46818	-23461.098
-34940	-23448.758
-26634	-23440.15
-41789	-23431.887
-50069	-23427.24
-46793	-23424.71
-34709	-23423.607
-26520	-23423.727
-41871	-23421.508
-50094	-23421.06
-46741	-23421.756
-34572	-23423.277
-26511	-23425.227
-41942	-23423.178
-50149	-23420.11
-46751	-23414.625
-34412	-23406.77
-26453	-23397.73
-41981	-23386.033
-50102	-23378.482
-46672	-23377.307
-34237	-23384.93
-26444	-23402.54
-42037	-23425.887
-50114	-23456.025
-46624	-23487.303
-34090	-23513.766
-26478	-23529.35
-42164	-23525.652
-50111	-23504.072
-46549	-23464.354
-33887	-23410.459
-26419	-23349.262
-42237	-23286.105
-50099	-23234.174
-46504	-23200.594
-33892	-23190.67
-27678	-23205.736
-42461	-23240.316
-50171	-23292.467
-46527	-23352.947
-34084	-23412.541
-27089	-23462.86
-42471	-23494.53
-50209	-23508.717
-46500	-23505.326
-33581	-23488.494
-26571	-23464.154
-42509	-23435.84
-50166	-23413.754
-46392	-23401.389
-33516	-23400.748
-26711	-23410.943
-42546	-23425.734
-50162	-23444.9
-46379	-23462.957
-33412	-23476.379
-26720	-23482.791
-42599	-23478.564
-50176	-23469.055
-46354	-23455.871
-33400	-23442.23
-26916	-23430.82
-42739	-23420.355
-50326	-23415.678
-46464	-23415.588
-33472	-23419.143
-27183	-23424.637
-43076	-23427.531
-50588	-23430.896
-46746	-23433.576
-33804	-23436.086
-27650	-23438.883
-43553	-23439.31
-51019	-23441.398
-47137	-23443.527
-34129	-23444.617
-28122	-23442.72
-44096	-23433.025
-51471	-23418.373
-47474	-23397.752
-34449	-23372.6
-28456	-23345.248
-44417	-23316.24
-51729	-23293.645
-47667	-23280.324
-35172	-23279.309
-30586	-23291.36
-44786	-23313.61
-51843	-23347.775
-47752	-23388.797
-34747	-23432.21
-29086	-23472.904
-44778	-23503.65
-51886	-23525.398
-47745	-23535.676
-34517	-23535.023
-28977	-23524.81
-44889	-23504.926
-51939	-23482.688
-47767	-23460.441
-34504	-23441.396
-29104	-23427.14
-45041	-23415.662
-52016	-23410.768
-47758	-23410.295
-34434	-23412.865
-29201	-23416.002
-45108	-23414.898
-52066	-23411.906
-47750	-23405.02
-34371	-23394.484
-29312	-23380.514
-45179	-23361.691
-52062	-23343.8
-47744	-23327.678
-34236	-23315.447
-29456	-23307.63
-45296	-23301.598
-52082	-23300.424
-47744	-23301.182
-34367	-23301.87
-29654	-23299.39
-45401	-23288.963
-52174	-23273.422
-47743	-23252.062
-34167	-23227.24
-29700	-23201.828
-45507	-23177.545
-52179	-23162.914
-47703	-23160.875
-34012	-23174.428
-29746	-23203.346
-45603	-23243.004
-52166	-23293.076
-47632	-23346.443
-34344	-23396.668
-30689	-23436.36
-45672	-23458.066
-52199	-23462.541
-47611	-23447.783
-33912	-23416.162
-30029	-23371.043
-45828	-23315.324
-52286	-23258.71
-47651	-23205.48
-33709	-23160.357
-30082	-23125.018
-45917	-23097.86
-52301	-23081.988
-47631	-23074.42
-33572	-23073.387
-30017	-23075.676
-45881	-23076.818
-52229	-23079.184
-47509	-23080.691
-33431	-23081.584
-30091	-23081.13
-45939	-23077.383
-52219	-23075.068
-47461	-23074.26
-33391	-23077.277
-30262	-23085.35
-46027	-23098.629
-52230	-23123.408
-47457	-23160.484
-33264	-23211.705
-30303	-23275.836
-46091	-23348.865
-52257	-23431.217
-47408	-23517.31
-33143	-23602.943
-30434	-23682.834
-46174	-23751.932
-52230	-23813.371
-47308	-23867.893
-33000	-23920.43
-30444	-23975.701
-46106	-24037.729
-52088	-24115.326
-47144	-24209.986
-32762	-24321.672
-30332	-24444.771
-45869	-24569.32
-51757	-24688.756
-46711	-24791.002
-33509	-24866.717
-32629	-24907.715
-45719	-24910.342
-51362	-24880.207
-46241	-24822.672
-32222	-24748.357
-30209	-24667.748
-45229	-24590.324
-50949	-24528.984
-45772	-24488.457
-31467	-24471.385
-29744	-24474.643
-44929	-24491.42
-50632	-24518.643
-45506	-24548.203
-31206	-24574.898
-29751	-24593.51
-44839	-24600.682
-50461	-24600.59
-45276	-24594.127
-30937	-24584.986
-29680	-24574.639
-44786	-24563.578
-50357	-24556.586
-45175	-24552.695
-30778	-24552.273
-29777	-24553.457
-44850	-24554.322
-50368	-24558.584
-45101	-24565.486
-30807	-24576.35
-29914	-24590.105
-44852	-24604.79
-50303	-24622.637
-45004	-24640.135
-30696	-24655.307
-29997	-24664.002
-44864	-24663.008
-50240	-24655.475
-44955	-24641.518
-30572	-24625.146
-30126	-24609.217
-44909	-24597.283
-50216	-24597.037
-44857	-24609.674
-30584	-24636.16
-30241	-24672.57
-44993	-24713.037
-50210	-24755.014
-44811	-24790.912
-31611	-24816.1
-32280	-24825.818
-45006	-24819.146
-50153	-24801.336
-44772	-24775.695
-30985	-24748.393
-30834	-24723.227
-45087	-24702.93
-50232	-24692.645
-44771	-24690.48
-30469	-24694.602
-30636	-24699.521
-45139	-24700.238
-50199	-24697.273
-44715	-24688.055
-30322	-24674.379
-30683	-24657.336
-45183	-24639.674
-50181	-24628.588
-44661	-24625.312
-30216	-24631.62
-30770	-24644.432
-45246	-24659.686
-50140	-24676.62
-44556	-24689.885
-30175	-24697.592
-30888	-24697.348
-45267	-24689.928
-50135	-24682.318
-44517	-24677.762
-30017	-24681.414
-30951	-24693.99
-45342	-24714.436
-50119	-24742.729
-44466	-24771.56
-29956	-24794.463
-31097	-24802.498
-45394	-24789.95
-50099	-24758.936
-44395	-24711.36
-29797	-24655.8
-31229	-24600.918
-45476	-24557.592
-50130	-24539.092
-44404	-24549.986
-29737	-24591.5
-31339	-24655.383
-45504	-24728.81
-50067	-24798.965
-44307	-24847.053
-30475	-24858.383
-32336	-24820.459
-45474	-24729.137
-50011	-24591.055
-44224	-24416.268
-30261	-24221.766
-31915	-24024.143
-45621	-23840.422
-50031	-23687.672
-44186	-23572.66
-29737	-23497.926
-31705	-23456.93
-45632	-23440.096
-50021	-23439.225
-44124	-23441.836
-29691	-23440.07
-31871	-23426.807
-45669	-23400.725
-49967	-23367.732
-44042	-23331.523
-29389	-23299.023
-31776	-23273.11
-45714	-23256.504
-49998	-23252.92
-44006	-23259.217
-29337	-23273.148
-31931	-23288.664
-45797	-23302.115
-50002	-23314.436
-43946	-23323.617
-29102	-23331.305
-31989	-23336.408
-45827	-23339.79
-49962	-23344.727
-43898	-23349.006
-29072	-23351.89
-32141	-23348.965
-45900	-23338.404
-49981	-23323.166
-43877	-23303.936
-29188	-23286.21
-32347	-23273.916
-46023	-23273.951
-49988	-23295.58
-43806	-23341.457
-29227	-23413.025
-32607	-23504.047
-46053	-23606.53
-49920	-23712.318
-43737	-23807.488
-28869	-23881.377
-32158	-23922.658
-46011	-23926.574
-49904	-23896.52
-43733	-23836.945
-29983	-23758.43
-33185	-23670.738
-46191	-23585.969
-49965	-23517.012
-43711	-23469.006
-29112	-23445.285
-32846	-23441.344
-46209	-23452.068
-49939	-23473.02
-43631	-23495.322
-28932	-23513.95
-32902	-23522.596
-46247	-23520.523
-49915	-23512.02
-43561	-23498.96
-28965	-23486.393
-33064	-23475.271
-46294	-23468.201
-49880	-23468.494
-43507	-23473.633
-28856	-23482.592
-33136	-23490.145
-46383	-23494.43
-49867	-23496.896
-43429	-23496.092
-28619	-23494.246
-33136	-23490.441
-46412	-23486.86
-49869	-23487.387
-43380	-23490.83
-28682	-23497.445
-33199	-23502.809
-46439	-23505.334
-49854	-23505.957
-43316	-23502.684
-28642	-23497.559
-33290	-23490.357
-46481	-23485.273
-49800	-23489.002
-43233	-23503.781
-28367	-23532.967
-33269	-23573.744
-46520	-23624.066
-49808	-23681.48
-43157	-23737.99
-27154	-23787.883
-31871	-23821.95
-46507	-23835.717
-49708	-23829.48
-43110	-23803.777
-28974	-23764.004
-33616	-23714.012
-46626	-23661.643
-49765	-23616.25
-43060	-23581.836
-28040	-23562.37
-33290	-23554.857
-46588	-23557.04
-49675	-23566.545
-42954	-23576.627
-27777	-23583.566
-33270	-23581.053
-46716	-23568.521
-49687	-23549.604
-42937	-23526.326
-27733	-23504.512
-33311	-23485.799
-46713	-23474.422
-49637	-23474.283
-42845	-23483.35
-27502	-23500.008
-33240	-23516.775
-46764	-23529.344
-49659	-23535.678
-42778	-23532.014
-27412	-23519.771
-33322	-23498.682
-46800	-23474.395
-49619	-23455.281
-42694	-23446.049
-27367	-23452.465
-33437	-23473.21
-46890	-23507.426
-49614	-23552.43
-42677	-23599.686
-27302	-23642.36
-33469	-23669.727
-46937	-23677.277
-49601	-23665.475
-42597	-23635.48
-27204	-23594.969
-33494	-23549.92
-46927	-23511.219
-49572	-23490.125
-42502	-23491.842
-25941	-23520.361
-32204	-23570.217
-46932	-23635.09
-49482	-23707.105
-42451	-23774.607
-27493	-23828.85
-33858	-23859.541
-47068	-23864.074
-49554	-23845.654
-42410	-23808.412
-26836	-23761.783
-33732	-23711.635
-47107	-23667.244
-49524	-23636.693
-42351	-23621.658
-26771	-23622.973
-33812	-23633.977
-47145	-23650.42
-49490	-23668.771
-42270	-23683.342
-26579	-23693.027
-33795	-23694.102
-47216	-23689.182
-49486	-23682.885
-42241	-23676.867
-26555	-23674.65
-33989	-23673.318
-47299	-23672.857
-49487	-23672.885
-42174	-23669.756
-26552	-23663.176
-34101	-23649.611
-47326	-23632.13
-49445	-23616.328
-42122	-23605.86
-26462	-23606.77
-34152	-23618.504
-47382	-23642.104
-49431	-23675.678
-42036	-23711.021
-26475	-23740.398
-34307	-23750.605
-47445	-23734.938
-49429	-23690.953
-41986	-23618.639
-26396	-23526.287
-34364	-23422.15
-47436	-23322.344
-49349	-23243.82
-41854	-23198.293
-25564	-23195.264
-33637	-23232.395
-47479	-23304.816
-49343	-23402.213
-41847	-23507.92
-26829	-23606.61
-34723	-23680.371
-47536	-23720.555
-49327	-23725.268
-41737	-23696.639
-26331	-23644.854
-34641	-23578.51
-47545	-23512.018
-49290	-23458.129
-41671	-23423.174
-26147	-23411.055
-34747	-23415.814
-47635	-23432.775
-49265	-23455.455
-41589	-23475.049
-26281	-23487.207
-34902	-23485.666
-47654	-23472.64
-49284	-23453.084
-41529	-23430.904
-26061	-23412.615
-34926	-23398.172
-47675	-23390.625
-49173	-23390.533
-41406	-23394.2
-26061	-23399.809
-35079	-23400.854
-47734	-23397.832
-49197	-23392.99
-41370	-23388.086
-25970	-23388.428
-35131	-23393.83
-47803	-23407.904
-49189	-23431.139
-41302	-23458.545
-25954	-23484.918
-35243	-23498.34
-47854	-23492.742
-49181	-23463.914
-41277	-23409.402
-25937	-23334.213
-35314	-23242.938
-47899	-23149.326
-49141	-23068.348
-41228	-23011.822
-25761	-22990.793
-35187	-23005.74
-47893	-23056.455
-49121	-23136.562
-41151	-23232.799
-26147	-23332.266
-35587	-23417.58
-47999	-23479.377
-49138	-23512.781
-41052	-23516.236
-25720	-23495.654
-35610	-23455.355
-48052	-23407.15
-49095	-23361.896
-40989	-23326.205
-25748	-23305.893
-35691	-23297.844
-48052	-23301.604
-48999	-23313.98
-40869	-23329.234
-25634	-23344.725
-35752	-23354.12
-48116	-23358.855
-49036	-23361.143
-40827	-23362.158
-25656	-23365.52
-35864	-23368.617
-48121	-23373.447
-49003	-23379.842
-40724	-23384.879
-25640	-23388.094
-36021	-23384.398
-48142	-23376.205
-48956	-23366.479
-40649	-23357.57
-25594	-23354.72
-36111	-23357.154
-48177	-23368.402
-48959	-23388.494
-40634	-23412.91
-25801	-23437.412
-36303	-23451.354
-48266	-23450.674
-48944	-23432.227
-40517	-23394.402
-25690	-23341.842
-36395	-23277.57
-48267	-23213.428
-48862	-23160.89
-40411	-23128.537
-25686	-23124.26
-36456	-23146.053
-48238	-23193.586
-48829	-23260.617
-40340	-23335.45
-25747	-23407.908
-36665	-23463.54
-48349	-23496.912
-48833	-23505.793
-40252	-23490.855
-25606	-23459.232
-36701	-23415.436
-48392	-23371.422
-48758	-23336.682
-40151	-23316.336
-25659	-23314.352
-36874	-23325.4
-48426	-23347.637
-48772	-23375.586
-40073	-23401.58
-25567	-23421.398
-36931	-23427.467
-48467	-23421.592
-48732	-23406.47
-39966	-23385.06
-25439	-23363.58
-36982	-23342.53
-48476	-23327.945
-48699	-23322.297
-39921	-23324.41
-25467	-23333.885
-37099	-23343.88
-48549	-23354.178
-48690	-23363.262
-39867	-23368.951
-25592	-23372.607
-37250	-23371.133
-48607	-23368.785
-48654	-23367.846
-39733	-23368.484
-25484	-23372.299
-37281	-23374.57
-48600	-23376.77
-48647	-23378.15
-39717	-23376.576
-25457	-23373.01
-37286	-23363.816
-48596	-23353.256
-48530	-23344.172
-39530	-23338.059
-25477	-23338.293
-37495	-23341.873
-48630	-23351.902
-48516	-23368.031
-39574	-23386.75
-25591	-23406.607
-37467	-23420.67
-48656	-23429.26
-48500	-23431.691
-39462	-23426.912
-25481	-23417.225
-37542	-23400.42
-48677	-23381.865
-48447	-23364.67
-39364	-23350.035
-25450	-23340.814
-37584	-23333.5
-48674	-23330.926
-48351	-23332.875
-39211	-23337.336
-25301	-23344.486
-37683	-23348.986
-48767	-23353.086
-48367	-23356.826
-39191	-23359.059
-25413	-23361.14
-37737	-23359.021
-48736	-23356.082
-48365	-23353.146
-39158	-23349.826
-25436	-23348.117
-37807	-23344.717
-48752	-23343.582
-48316	-23346.074
-39042	-23351.979
-25421	-23362.895
-37893	-23374.385
-48800	-23388.682
-48295	-23404.799
-38932	-23420.04
-25380	-23433.852
-38009	-23440.469
-48855	-23442.012
-48246	-23438.73
-38852	-23430.527
-25399	-23420.31
-38033	-23406.092
-48869	-23393.393
-48224	-23384.709
-38791	-23380.666
-25499	-23383.127
-38226	-23387.428
-48894	-23395.682
-48161	-23406.459
-38636	-23416.688
-25366	-23425.82
-38216	-23428.617
-48892	-23427.86
-48124	-23424.475
-38613	-23418.963
-25414	-23414.312
-38323	-23408.021
-48982	-23404.66
-48116	-23405.232
-38547	-23408.805
-25491	-23415.723
-38484	-23420.412
-49054	-23424.559
-48096	-23426.875
-38421	-23425.555
-25426	-23421.521
-38556	-23411.113
-49060	-23398.844
-48084	-23386.68
-38406	-23375.807
-25515	-23369.248
-38655	-23364.238
-49056	-23364.863
-48025	-23371.244
-38314	-23381.887
-25477	-23396.65
-38710	-23409.756
-49086	-23422.879
-48005	-23434.59
-38219	-23443.055
-25468	-23448.791
-38779	-23447.568
-49116	-23443.186
-47975	-23436.484
-38157	-23427.734
-25563	-23419.184
-38894	-23407.719
-49127	-23397.762
-47942	-23390.031
-38071	-23384.305
-25491	-23382.012
-38946	-23379.08
-49150	-23378.861
-47890	-23381.215
-37944	-23385.148
-25440	-23391.469
-39037	-23395.56
-49162	-23400.588
-47843	-23406.178
-37867	-23411.113
-25515	-23416.04
-39111	-23416.396
-49223	-23415.268
-47831	-23412.44
-37749	-23407.152
-25420	-23400.625
-39159	-23389.047
-49234	-23376.63
-47815	-23364.162
-37718	-23351.91
-25478	-23342.086
-39277	-23331.492
-49271	-23324.527
-47771	-23321.59
-37596	-23322.09
-25458	-23326.816
-39344	-23330.945
-49255	-23337.236
-47690	-23344.578
-37472	-23351.408
-25464	-23358.088
-39424	-23360.127
-49304	-23361.17
-47670	-23361.385
-37351	-23360.695
-25377	-23360.691
-39487	-23357.807
-49265	-23356.018
-47633	-23355.281
-37351	-23354.84
-25591	-23355.438
-39596	-23352.709
-49366	-23350.191
-47641	-23347.742
-37269	-23345.158
-25605	-23344.031
-39696	-23341.05
-49394	-23340.557
-47628	-23342.865
-37147	-23347.486
-25528	-23355.03
-39777	-23360.541
-49369	-23366.56
-47601	-23371.438
-37093	-23373.578
-25587	-23373.166
-39924	-23366.098
-49491	-23356.713
-47592	-23346.064
-37064	-23335.459
-25736	-23327.713
-39986	-23320.61
-49494	-23319.025
-47541	-23323.133
-36923	-23332.053
-25607	-23345.545
-40013	-23357.82
-49485	-23370.732
-47524	-23382.164
-36922	-23390.428
-25818	-23395.914
-40084	-23394.97
-49457	-23392.324
-47452	-23389.002
-36762	-23386.137
-25722	-23385.877
-40170	-23385.023
-49546	-23387.424
-47426	-23392.104
-36790	-23397.547
-25932	-23403.299
-40269	-23404.252
-49546	-23403.482
-47423	-23400.346
-36637	-23395.006
-25820	-23389.371
-40362	-23380.977
-49607	-23375.166
-47401	-23372.668
-36569	-23373.8
-25852	-23379.277
-40409	-23384.506
-49585	-23391.998
-47345	-23399.732
-36496	-23405.85
-25984	-23409.97
-40511	-23407.674
-49622	-23402.855
-47342	-23395.736
-36476	-23387.164
-26089	-23379.26
-40601	-23369.49
-49629	-23362.715
-47265	-23358.97
-36339	-23357.885
-26129	-23359.693
-40701	-23359.86
-49651	-23361.39
-47219	-23362.945
-36262	-23363.79
-26149	-23364.434
-40735	-23361.299
-49672	-23358.64
-47217	-23356.516
-36172	-23355.111
-26116	-23355.459
-40820	-23353.914
-49685	-23354.262
-47177	-23355.695
-36071	-23357.498
-26101	-23359.982
-40879	-23359.03
-49721	-23358.285
-47176	-23357.025
-36059	-23354.92
-26247	-23352.586
-40979	-23346.295
-49724	-23340.002
-47084	-23333.172
-35908	-23325.77
-26256	-23318.822
-41054	-23309.242
-49754	-23301.795
-47076	-23296.865
-35806	-23295.176
-26272	-23298.143
-41131	-23302.447
-49764	-23311.896
-47029	-23325.133
-35731	-23340.605
-26342	-23357.111
-41206	-23369.098
-49766	-23378.73
-47006	-23384.107
-35572	-23384.527
-26324	-23380.865
-41259	-23370.69
-49801	-23359.822
-46971	-23349.846
-35557	-23342.727
-26429	-23340.727
-41337	-23341.236
-49826	-23348.145
-46943	-23359.955
-35177	-23374.834
-26177	-23391.176
-41384	-23403.178
-49852	-23412.973
-46906	-23418.727
-35361	-23420.0
-26535	-23417.746
-41466	-23409.654
-49857	-23401.168
-46837	-23393.26
-35251	-23387.072
-26578	-23383.91
-41538	-23380.453
-49853	-23380.266
-46792	-23381.912
-35204	-23384.338
-26623	-23387.156
-41593	-23386.467
-49834	-23386.139
-46753	-23385.873
-35046	-23386.338
-26623	-23388.709
-41704	-23390.195
-49867	-23395.066
-46687	-23402.29
-34947	-23411.055
-26642	-23420.54
-41721	-23425.951
-49859	-23429.97
-46658	-23430.953
-34673	-23428.65
-26545	-23423.725
-41824	-23413.895
-49850	-23404.63
-46595	-23396.936
-34552	-23392.441
-26546	-23392.55
-41908	-23394.346
-49881	-23401.467
-46604	-23412.146
-34426	-23424.904
-26440	-23438.246
-41967	-23447.098
-49925	-23454.248
-46543	-23458.238
-34525	-23459.21
-26837	-23458.076
-42053	-23452.672
-49926	-23448.242
-46521	-23445.1
-33973	-23444.154
-27239	-23445.502
-42220	-23445.676
-49918	-23447.824
-46524	-23449.996
-34509	-23451.234
-27197	-23450.979
-42314	-23445.754
-50153	-23439.824
-46711	-23433.17
-34277	-23427.066
-27025	-23422.871
-42776	-23418.271
-50561	-23417.893
-47087	-23420.893
-34421	-23426.918
-27174	-23435.041
-43234	-23440.605
-50957	-23446.434
-47451	-23450.604
-34650	-23452.846
-27452	-23453.258
-43607	-23449.016
-51276	-23445.01
-47667	-23441.291
-34744	-23438.963
-27664	-23438.553
-43929	-23436.734
-51516	-23437.127
-47817	-23438.09
-34884	-23439.098
-27977	-23439.451
-44118	-23435.53
-51597	-23431.576
-47881	-23427.137
-35002	-23423.418
-28162	-23421.357
-44212	-23418.504
-51674	-23419.133
-47916	-23422.033
-34947	-23426.533
-28318	-23431.193
-44362	-23431.213
-51741	-23429.143
-47916	-23423.068
-34937	-23413.123
-28481	-23399.92
-44461	-23381.932
-51743	-23365.33
-47912	-23351.459
-36044	-23342.55
-32253	-23339.44
-44837	-23340.668
-51802	-23349.488
-47926	-23363.396
-35157	-23380.436
-29152	-23397.832
-44746	-23410.129
-51911	-23419.287
-47959	-23423.152
-34971	-23421.846
-28977	-23415.93
-44766	-23403.926
-51906	-23391.678
-47911	-23380.021
-34867	-23370.836
-29052	-23364.81
-44877	-23359.178
-51917	-23357.34
-47887	-23357.17
-34761	-23357.61
-29101	-23356.924
-44897	-23351.006
-51877	-23343.049
-47804	-23331.762
-34503	-23317.959
-29039	-23302.145
-44977	-23282.586
-51869	-23264.357
-47727	-23247.512
-34413	-23233.24
-29123	-23221.49
-44990	-23209.371
-51797	-23200.443
-47592	-23193.041
-34317	-23186.963
-29222	-23181.365
-44959	-23173.307
-51752	-23166.887
-47506	-23161.477
-34181	-23158.19
-29214	-23157.186
-44945	-23156.277
-51685	-23159.484
-47411	-23165.49
-34201	-23174.059
-29404	-23183.785
-44931	-23191.05
-51534	-23198.895
-47219	-23205.729
-34945	-23211.865
-32212	-23217.111
-44953	-23220.904
-51314	-23228.232
-46933	-23239.361
-34149	-23255.623
-29746	-23276.955
-44545	-23300.736
-50910	-23329.943
-46498	-23362.37
-32984	-23397.5
-28807	-23434.12
-44197	-23469.887
-50570	-23509.465
-46082	-23553.145
-32608	-23603.025
-28577	-23659.652
-43894	-23720.854
-50200	-23789.363
-45651	-23861.352
-32176	-23933.445
-28422	-24000.37
-43653	-24055.467
-49937	-24099.393
-45420	-24129.969
-31886	-24149.16
-28343	-24160.2
-43587	-24166.438
-49851	-24177.977
-45325	-24199.094
-31756	-24233.578
-28390	-24280.533
-43656	-24333.875
-49885	-24390.312
-45311	-24439.729
-31724	-24473.752
-28534	-24484.793
-43746	-24468.068
-49926	-24430.027
-45261	-24377.994
-31759	-24325.574
-28720	-24287.49
-43726	-24276.941
-49837	-24309.475
-45174	-24389.6
-31604	-24515.846
-28729	-24677.07
-43820	-24854.1
-49847	-25029.164
-45128	-25178.875
-31565	-25284.6
-29350	-25332.365
-43914	-25315.975
-49857	-25243.873
-45126	-25127.803
-31622	-24986.998
-29084	-24841.633
-44002	-24709.463
-49934	-24609.256
-45144	-24548.242
-31199	-24527.934
-28907	-24541.285
-44045	-24575.473
-49848	-24621.008
-45006	-24664.135
-31210	-24695.89
-29159	-24710.059
-44137	-24704.27
-49904	-24685.69
-45056	-24659.084
-31203	-24631.766
-29287	-24608.074
-44219	-24589.418
-49962	-24579.926
-45069	-24576.602
-31068	-24577.102
-29329	-24577.17
-44296	-24572.91
-49937	-24567.49
-44997	-24560.871
-30930	-24556.137
-29354	-24554.424
-44319	-24555.396
-49907	-24562.094
-44948	-24570.61
-31001	-24577.432
-29551	-24576.576
-44382	-24562.648
-49919	-24537.9
-44920	-24503.266
-30717	-24465.594
-29538	-24432.785
-44450	-24413.93
-49954	-24422.525
-44874	-24463.953
-30766	-24540.447
-29681	-24645.71
-44475	-24766.842
-49936	-24890.875
-44848	-24997.469
-31656	-25068.69
-31683	-25088.191
-44622	-25046.88
-49932	-24947.324
-44779	-24795.92
-30926	-24607.795
-30194	-24400.146
-44678	-24191.219
-49952	-24001.86
-44768	-23843.445
-30517	-23722.967
-29975	-23638.32
-44704	-23581.732
-49964	-23546.322
-44711	-23519.043
-30342	-23490.242
-30024	-23450.902
-44744	-23396.596
-49913	-23332.021
-44615	-23260.344
-30228	-23189.172
-30153	-23123.865
-44782	-23068.96
-49896	-23031.275
-44563	-23009.729
-30384	-23003.092
-30334	-23005.89
-44836	-23012.65
-49867	-23022.87
-44512	-23032.387
-30201	-23041.113
-30386	-23047.904
-44852	-23053.246
-49859	-23062.285
-44497	-23074.65
-30062	-23091.344
-30427	-23109.482
-44919	-23125.863
-49874	-23141.34
-44438	-23152.102
-30036	-23157.76
-30558	-23156.73
-44952	-23149.771
-49847	-23143.154
-44377	-23139.0
-30087	-23141.576
-30799	-23151.553
-45025	-23168.906
-49845	-23196.01
-44302	-23228.682
-30774	-23263.754
-32247	-23295.04
-45054	-23318.125
-49799	-23332.215
-44281	-23335.242
-30573	-23328.32
-31702	-23311.412
-45178	-23286.816
-49851	-23261.113
-44281	-23236.518
-29991	-23217.1
-31165	-23203.297
-45214	-23195.832
-49824	-23198.488
-44249	-23209.447
-29866	-23228.639
-31229	-23252.492
-45267	-23278.178
-49823	-23306.373
-44186	-23332.88
-29656	-23355.947
-31249	-23371.156
-45341	-23376.2
-49812	-23373.576
-44102	-23362.633
-29634	-23346.578
-31424	-23326.793
-45377	-23306.957
-49793	-23294.4
-44047	-23290.969
-29497	-23299.314
-31477	-23316.76
-45408	-23339.916
-49777	-23366.922
-44012	-23390.322
-29491	-23405.36
-31584	-23405.537
-45507	-23388.871
-49817	-23360.188
-44041	-23323.41
-29426	-23287.707
-31749	-23260.594
-45518	-23250.977
-49744	-23268.982
-43887	-23316.393
-29219	-23392.686
-31679	-23489.17
-45534	-23594.78
-49736	-23699.385
-43850	-23788.121
-29636	-23850.463
-32357	-23876.736
-45541	-23864.371
-49682	-23818.545
-43789	-23746.42
-29781	-23660.018
-32324	-23569.545
-45670	-23485.936
-49781	-23420.412
-43821	-23376.229
-29177	-23354.684
-32136	-23349.873
-45712	-23355.62
-49725	-23367.719
-43721	-23378.55
-29093	-23384.922
-32245	-23382.89
-45870	-23373.303
-49806	-23361.955
-43782	-23351.307
-29199	-23346.088
-32539	-23346.2
-46027	-23351.975
-49972	-23364.547
-43966	-23379.533
-29354	-23394.385
-32921	-23403.354
-46464	-23404.389
-50365	-23399.777
-44381	-23389.578
-29921	-23377.584
-33499	-23364.664
-46986	-23353.732
-50880	-23349.148
-44793	-23349.654
-29944	-23354.943
-33850	-23359.904
-47436	-23361.715
-51151	-23360.836
-44999	-23355.348
-30088	-23347.883
-34100	-23339.451
-47641	-23335.05
-51302	-23342.63
-45075	-23365.37
-30234	-23406.959
-34353	-23464.361
-47754	-23534.064
-51312	-23611.992
-45051	-23688.385
-29906	-23755.44
-34126	-23802.588
-47792	-23824.445
-51312	-23821.176
-45106	-23793.055
-30888	-23746.04
-34931	-23684.916
-47966	-23618.254
-51420	-23556.418
-45107	-23504.32
-30212	-23466.89
-34747	-23442.258
-48027	-23429.06
-51434	-23426.195
-45089	-23427.965
-29979	-23431.574
-34735	-23431.232
-48071	-23425.852
-51394	-23417.95
-45052	-23407.559
-30133	-23397.95
-34877	-23388.387
-48149	-23380.584
-51413	-23377.26
-45037	-23376.377
-29849	-23377.889
-34886	-23377.293
-48213	-23373.723
-51415	-23368.873
-44929	-23361.873
-29595	-23355.42
-34826	-23348.527
-48271	-23343.637
-51377	-23344.447
-44874	-23349.87
-29482	-23360.28
-34869	-23370.492
-48304	-23377.912
-51423	-23381.605
-44932	-23377.734
-29722	-23366.594
-34989	-23346.021
-48381	-23319.357
-51413	-23293.115
-44878	-23271.188
-29532	-23260.025
-34985	-23260.514
-48436	-23274.977
-51396	-23304.736
-44797	-23344.982
-28587	-23391.63
-33955	-23434.865
-48432	-23468.023
-51346	-23487.326
-44739	-23488.518
-29714	-23472.506
-35153	-23438.994
-48460	-23393.574
-51301	-23344.943
-44681	-23298.785
-29234	-23262.553
-35062	-23237.24
-48430	-23225.16
-51179	-23227.396
-44442	-23239.57
-28916	-23259.025
-34901	-23278.496
-48298	-23295.71
-50962	-23311.576
-44220	-23325.826
-28653	-23343.043
-34762	-23364.512
-48144	-23395.766
-50776	-23442.652
-43946	-23505.89
-28370	-23586.582
-34637	-23678.7
-47951	-23778.105
-50466	-23880.744
-43604	-23979.31
-28027	-24070.428
-34381	-24148.121
-47638	-24212.775
-50092	-24268.209
-43222	-24316.566
-27795	-24363.342
-34207	-24408.76
-47387	-24455.64
-49841	-24505.611
-42845	-24555.049
-27148	-24601.465
-34044	-24636.973
-47300	-24658.62
-49654	-24666.117
-42672	-24658.7
-27193	-24641.24
-34049	-24616.33
-47250	-24592.312
-49564	-24578.45
-42523	-24579.605
-25797	-24600.898
-32641	-24638.908
-47141	-24690.482
-49412	-24750.592
-42403	-24809.936
-27400	-24861.418
-34242	-24894.951
-47174	-24907.322
-49356	-24899.621
-42289	-24873.764
-26764	-24837.094
-34141	-24793.732
-47247	-24752.309
-49342	-24720.848
-42192	-24702.092
-26576	-24698.643
-34170	-24705.326
-47189	-24719.596
-49262	-24738.29
-42114	-24755.53
-26641	-24769.201
-34231	-24773.854
-47214	-24770.518
-49240	-24762.01
-42081	-24749.14
-26566	-24735.525
-34331	-24719.305
-47295	-24702.494
-49264	-24686.701
-41968	-24670.45
-26369	-24655.18
-34404	-24638.043
-47294	-24622.135
-49186	-24611.748
-41891	-24608.984
-26434	-24618.307
-34524	-24637.818
-47359	-24668.408
-49169	-24708.379
-41837	-24750.875
-26250	-24789.982
-34521	-24814.18
-47367	-24818.01
-49163	-24798.84
-41754	-24755.344
-26197	-24693.303
-34636	-24617.271
-47382	-24539.797
-49091	-24474.23
-41654	-24430.064
-25564	-24416.434
-33961	-24432.426
-47387	-24476.748
-49084	-24543.316
-41631	-24620.299
-26469	-24696.867
-34902	-24758.008
-47457	-24796.416
-49069	-24808.906
-41562	-24794.668
-26188	-24759.568
-34907	-24707.322
-47459	-24648.07
-49042	-24591.064
-41471	-24541.05
-26230	-24502.436
-35014	-24471.371
-47523	-24446.781
-49019	-24425.875
-41395	-24403.373
-25949	-24377.732
-35075	-24343.832
-47631	-24303.824
-49046	-24260.826
-41372	-24216.22
-26062	-24173.625
-35166	-24130.215
-47642	-24087.025
-49017	-24043.229
-41336	-23994.99
-26186	-23941.44
-35332	-23877.72
-47661	-23806.582
-48959	-23732.398
-41287	-23659.316
-26168	-23594.781
-35422	-23540.498
-47691	-23501.742
-48972	-23479.893
-41215	-23470.607
-26087	-23468.873
-35472	-23462.451
-47707	-23444.516
-48894	-23409.225
-41102	-23352.16
-25984	-23276.3
-35503	-23184.203
-47741	-23088.195
-48897	-23002.02
-41029	-22937.195
-25769	-22905.326
-35474	-22907.955
-47722	-22946.709
-48786	-23016.406
-40972	-23104.908
-26227	-23199.932
-35783	-23283.729
-47834	-23346.43
-48837	-23381.66
-40944	-23386.43
-25990	-23365.656
-35801	-23323.318
-47839	-23271.83
-48796	-23222.922
-40887	-23184.713
-25952	-23164.613
-35904	-23160.67
-47897	-23173.088
-48803	-23197.822
-40779	-23227.416
-25754	-23257.021
-35951	-23277.678
-47979	-23288.807
-48835	-23291.12
-40694	-23285.592
-25609	-23277.105
-36069	-23265.314
-48001	-23255.53
-48779	-23250.443
-40632	-23249.482
-25746	-23253.373
-36234	-23256.664
-47996	-23260.307
-48714	-23264.176
-40489	-23267.143
-25709	-23271.412
-36289	-23274.062
-48029	-23278.408
-48724	-23285.441
-40469	-23293.172
-25750	-23301.06
-36417	-23302.143
-48059	-23295.812
-48645	-23280.545
-40366	-23254.535
-25754	-23220.594
-36622	-23178.129
-48107	-23135.111
-48611	-23098.658
-40304	-23074.004
-25632	-23067.559
-36602	-23077.664
-48106	-23106.62
-48616	-23151.885
-40310	-23206.354
-26099	-23264.203
-36870	-23314.215
-48189	-23352.826
-48589	-23376.992
-40159	-23384.682
-25757	-23379.047
-36897	-23359.938
-48251	-23335.275
-48606	-23311.16
-40169	-23291.205
-25861	-23279.975
-36987	-23274.531
-48276	-23276.9
-48619	-23285.785
-40125	-23297.514
-25799	-23310.975
-37015	-23320.193
-48270	-23327.01
-48561	-23332.246
-40006	-23335.875
-25686	-23340.758
-37134	-23344.059
-48319	-23349.352
-48501	-23357.422
-39895	-23366.709
-25592	-23377.684
-37186	-23385.025
-48368	-23390.51
-48528	-23394.215
-39867	-23395.207
-25660	-23395.453
-37263	-23391.62
-48367	-23387.254
-48462	-23383.465
-39812	-23379.31
-25668	-23375.83
-37346	-23368.168
-48419	-23358.49
-48456	-23346.86
-39744	-23332.518
-25538	-23317.906
-37276	-23300.56
-48413	-23285.523
-48431	-23275.596
-39710	-23271.71
-25645	-23276.484
-37414	-23285.74
-48441	-23301.547
-48372	-23322.547
-39592	-23344.717
-25656	-23366.717
-37496	-23382.055
-48508	-23391.967
-48402	-23396.334
-39527	-23394.77
-25378	-23390.107
-37511	-23379.92
-48530	-23369.125
-48357	-23359.707
-39470	-23351.785
-25643	-23347.182
-37692	-23341.627
-48572	-23337.617
-48336	-23334.887
-39383	-23332.082
-25437	-23330.502
-37687	-23326.139
-48584	-23322.598
-48314	-23320.783
-39322	-23320.29
-25493	-23322.74
-37784	-23323.762
-48623	-23325.916
-48314	-23328.764
-39255	-23330.707
-25497	-23332.701
-37898	-23330.518
-48719	-23327.7
-48286	-23325.396
-39199	-23323.775
-25476	-23325.217
-37937	-23326.236
-48681	-23330.053
-48229	-23336.404
-39116	-23343.393
-25527	-23351.11
-38033	-23354.074
-48762	-23354.566
-48258	-23352.611
-39084	-23347.986
-25614	-23343.387
-38093	-23336.555
-48740	-23332.797
-48202	-23334.041
-38941	-23340.5
-25470	-23353.684
-38206	-23368.465
-48779	-23386.443
-48142	-23405.594
-38871	-23422.547
-25609	-23436.684
-38299	-23442.715
-48879	-23443.67
-48164	-23440.637
-38829	-23434.525
-25674	-23428.736
-38374	-23421.285
-48896	-23417.11
-48146	-23417.223
-38776	-23420.857
-25579	-23428.49
-38449	-23434.457
-48924	-23440.293
-48127	-23444.445
-38699	-23444.955
-25582	-23442.602
-38507	-23433.459
-48934	-23421.828
-48063	-23409.129
-38608	-23396.229
-25619	-23385.93
-38582	-23375.344
-48923	-23368.66
-48054	-23366.209
-38532	-23367.078
-25502	-23372.102
-38607	-23376.393
-48932	-23382.5
-47983	-23389.592
-38455	-23396.184
-25625	-23402.848
-38734	-23404.885
-48975	-23405.225
-47954	-23403.646
-38336	-23399.451
-25525	-23394.258
-38778	-23384.607
-48964	-23374.902
-47900	-23366.326
-38260	-23359.451
-25524	-23356.607
-38839	-23354.365
-48979	-23356.316
-47889	-23361.928
-38229	-23369.393
-25617	-23378.441
-38984	-23383.295
-49038	-23386.05
-47860	-23385.633
-38090	-23381.2
-25549	-23374.637
-39039	-23363.266
-49074	-23352.38
-47854	-23344.031
-38042	-23339.275
-25463	-23340.486
-39112	-23343.635
-49147	-23351.414
-47876	-23362.05
-38015	-23372.781
-25666	-23382.602
-39239	-23385.633
-49189	-23384.443
-47858	-23378.984
-37909	-23369.785
-25569	-23360.006
-39311	-23347.88
-49199	-23339.363
-47804	-23336.049
-37807	-23338.188
-25507	-23346.762
-39369	-23356.365
-49258	-23368.61
-47842	-23380.889
-37784	-23390.41
-25620	-23396.771
-39429	-23395.268
-49265	-23389.965
-47778	-23382.098
-37687	-23373.207
-25651	-23366.8
-39500	-23360.867
-49234	-23360.398
-47707	-23365.455
-37539	-23374.873
-25539	-23388.15
-39572	-23399.006
-49304	-23408.777
-47695	-23415.148
-37543	-23416.402
-25715	-23413.45
-39631	-23403.043
-49234	-23390.602
-47610	-23378.082
-37406	-23367.5
-25668	-23362.139
-39716	-23359.408
-49291	-23363.588
-47616	-23373.816
-37361	-23388.223
-25720	-23405.9
-39771	-23420.58
-49289	-23433.783
-47561	-23443.54
-37286	-23448.58
-25750	-23449.984
-39808	-23444.572
-49280	-23437.404
-47526	-23429.76
-37199	-23422.836
-25721	-23419.01
-39898	-23415.035
-49324	-23414.707
-47504	-23417.062
-37069	-23420.688
-25657	-23425.299
-39951	-23425.686
-49369	-23424.613
-47479	-23421.195
-37071	-23415.148
-25794	-23408.203
-40019	-23397.518
-49356	-23388.2
-47419	-23381.1
-36914	-23376.824
-25755	-23376.879
-40106	-23377.191
-49371	-23380.824
-47396	-23386.066
-36869	-23391.107
-25764	-23395.475
-40185	-23394.133
-49420	-23390.273
-47377	-23383.514
-36819	-23374.297
-25875	-23364.955
-40259	-23353.271
-49374	-23344.84
-47317	-23340.58
-36696	-23341.014
-25838	-23347.168
-40306	-23354.434
-49458	-23365.184
-47326	-23376.96
-36611	-23387.443
-25796	-23395.756
-40330	-23396.791
-49422	-23394.012
-47280	-23387.457
-36619	-23378.27
-26012	-23369.361
-40465	-23359.21
-49504	-23353.729
-47294	-23353.9
-36485	-23360.146
-25898	-23372.95
-40504	-23387.082
-49523	-23404.322
-47269	-23421.555
-36441	-23436.0
-26029	-23446.508
-40598	-23448.121
-49514	-23444.57
-47232	-23436.21
-36404	-23424.611
-26116	-23412.93
-40681	-23399.873
-49504	-23391.463
-47190	-23388.432
-36349	-23391.014
-26173	-23399.404
-40694	-23408.473
-49500	-23420.043
-47172	-23431.242
-36188	-23439.848
-26051	-23445.127
-40757	-23442.695
-49547	-23436.68
-47117	-23427.43
-36060	-23416.36
-26085	-23406.049
-40818	-23394.56
-49548	-23387.148
-47083	-23383.83
-35981	-23384.422
-26052	-23389.027
-40904	-23392.73
-49600	-23398.113
-47082	-23403.096
-35992	-23406.494
-26231	-23408.451
-41009	-23405.297
-49646	-23401.428
-47034	-23396.975
-35974	-23392.764
-26422	-23390.422
-41077	-23387.02
-49676	-23386.74
-47021	-23388.71
-35820	-23392.271
-26332	-23397.256
-41116	-23399.086
-49641	-23400.818
-46986	-23401.057
-35745	-23399.35
-26364	-23396.361
-41214	-23389.002
-49655	-23381.809
-46929	-23374.947
-35706	-23369.139
-26449	-23365.748
-41291	-23361.7
-49717	-23361.066
-46954	-23362.934
-35655	-23366.729
-26501	-23372.352
-41314	-23375.508
-49654	-23379.244
-46875	-23382.125
-35539	-23383.525
-26512	-23383.805
-41376	-23379.59
-49670	-23375.152
-46838	-23370.37
-35477	-23365.928
-26581	-23363.193
-41494	-23359.393
-49739	-23358.94
-46866	-23361.21
-35394	-23365.932
-26520	-23373.08
-41514	-23378.295
-49692	-23384.45
-46779	-23389.625
-35403	-23392.83
-26778	-23393.88
-41605	-23389.234
-49762	-23383.025
-46812	-23375.166
-35316	-23366.723
-26701	-23359.494
-41624	-23351.342
-49721	-23347.293
-46742	-23347.168
-34502	-23351.236
-25901	-23359.492
-41654	-23367.465
-49723	-23377.83
-46724	-23388.291
-35133	-23397.496
-26850	-23404.896
-41791	-23406.592
-49770	-23406.596
-46686	-23404.521
-34862	-23401.39
-26703	-23398.775
-41829	-23394.5
-49777	-23393.451
-46642	-23395.262
-34737	-23400.027
-26726	-23407.639
-41880	-23413.973
-49749	-23421.873
-46550	-23429.314
-34546	-23435.41
-26646	-23439.773
-41942	-23438.71
-49790	-23436.246
-46559	-23431.744
-33826	-23426.027
-26016	-23419.932
-42016	-23410.545
-49754	-23402.395
-46501	-23394.76
-34422	-23387.945
-26777	-23382.227
-42080	-23374.436
-49791	-23368.6
-46453	-23363.863
-34327	-23360.506
-26847	-23358.98
-42132	-23356.271
-49782	-23356.525
-46429	-23358.816
-34149	-23363.44
-26727	-23370.54
-42187	-23376.832
-49801	-23386.244
-46429	-23397.547
-34109	-23410.725
-26810	-23425.426
-42242	-23437.898
-49802	-23451.148
-46374	-23463.02
-33856	-23472.56
-27235	-23478.521
-42344	-23477.033
-49787	-23471.666
-46381	-23461.719
-34145	-23448.64
-27149	-23434.396
-42392	-23418.385
-49886	-23407.02
-46384	-23401.406
-33917	-23403.092
-27011	-23412.291
-42435	-23424.742
-49857	-23442.062
-46310	-23459.996
-33766	-23475.547
-26967	-23485.904
-42516	-23486.25
-49839	-23480.283
-46275	-23468.297
-33674	-23453.316
-26972	-23438.883
-42531	-23425.488
-49845	-23419.764
-46209	-23421.873
-33661	-23431.54
-27186	-23446.406
-42646	-23459.992
-49884	-23472.225
-46207	-23478.592
-33579	-23477.51
-27191	-23469.035
-42674	-23452.447
-49883	-23435.746
-46189	-23422.73
-33574	-23418.398
-27326	-23425.86
-42766	-23442.955
-49899	-23471.357
-46194	-23504.975
-33594	-23537.207
-27474	-23560.4
-42851	-23565.049
-49946	-23550.838
-46177	-23515.908
-33546	-23463.805
-27567	-23401.055
-42887	-23333.95
-49886	-23276.213
-46070	-23235.438
-34192	-23217.758
-29857	-23224.871
-43047	-23252.533
-49909	-23298.596
-46098	-23353.45
-33656	-23408.088
-28022	-23453.938
-42999	-23482.363
-49923	-23494.574
-46031	-23490.477
-33334	-23474.438
-27734	-23452.074
-43019	-23426.799
-49887	-23407.406
-45999	-23395.326
-33299	-23390.71
-27904	-23390.537
-43089	-23387.602
-49919	-23380.713
-45931	-23364.646
-33139	-23337.86
-27891	-23300.887
-43134	-23254.895
-49917	-23209.578
-45950	-23170.787
-33099	-23145.568
-27934	-23138.486
-43224	-23148.945
-49962	-23179.457
-45895	-23224.475
-33051	-23277.678
-28067	-23330.824
-43282	-23373.922
-49962	-23404.861
-45898	-23419.156
-33029	-23416.986
-28124	-23400.527
-43324	-23372.05
-49964	-23341.191
-45861	-23312.533
-32906	-23291.303
-28172	-23280.012
-43382	-23276.973
-49961	-23284.799
-45819	-23299.562
-32911	-23318.297
-28325	-23337.23
-43416	-23351.35
-49905	-23362.975
-45740	-23370.754
-33327	-23376.0
-29826	-23379.73
-43553	-23381.82
-49927	-23387.117
-45719	-23394.947
-32943	-23405.135
-28629	-23415.617
-43531	-23421.896
-49949	-23425.133
-45692	-23422.096
-32695	-23412.129
-28541	-23394.81
-43564	-23369.39
-49926	-23342.25
-45664	-23315.645
-32522	-23293.785
-28502	-23279.215
-43677	-23271.59
-49992	-23275.027
-45657	-23286.895
-32451	-23304.916
-28592	-23324.639
-43763	-23339.76
-50047	-23350.53
-45746	-23353.56
-32566	-23349.23
-28859	-23338.58
-44131	-23322.797
-50422	-23309.793
-46152	-23302.604
-32691	-23305.1
-29146	-23317.896
-44620	-23337.697
-50836	-23364.795
-46536	-23392.766
-32947	-23416.553
-29505	-23430.328
-45061	-23428.752
-51222	-23415.348
-46835	-23392.053
-33244	-23365.91
-29849	-23344.645
-45279	-23335.04
-51436	-23348.285
-46990	-23387.688
-33226	-23454.22
-30049	-23542.412
-45484	-23641.088
-51531	-23741.69
-47036	-23829.557
-33324	-23893.186
-30559	-23922.602
-45599	-23911.82
-51556	-23865.938
-47025	-23790.133
-33361	-23695.875
-30387	-23595.234
-45682	-23498.988
-51636	-23421.223
-47082	-23367.398
-33150	-23340.455
-30358	-23337.027
-45761	-23349.268
-51640	-23372.715
-47028	-23397.846
-33000	-23418.588
-30441	-23429.557
-45851	-23427.445
-51669	-23417.107
-47073	-23400.59
-33386	-23382.889
-31356	-23366.994
-45952	-23354.244
-51665	-23349.37
-46956	-23350.67
-33112	-23357.305
-30847	-23365.965
-45957	-23372.92
-51680	-23380.232
-46952	-23385.719
-32769	-23390.438
-30627	-23393.91
-45997	-23394.95
-51683	-23397.088
-46945	-23398.309
-32881	-23398.168
-30860	-23393.982
-46097	-23382.85
-51694	-23367.998
-46892	-23349.281
-32834	-23330.51
-30978	-23314.752
-46119	-23305.305
-51669	-23310.125
-46832	-23330.832
-32635	-23368.984
-30971	-23421.0
-46094	-23480.11
-51576	-23542.22
-46706	-23597.34
-32802	-23638.062
-31557	-23656.705
-46013	-23648.672
-51403	-23617.412
-46495	-23565.53
-32561	-23500.713
-31101	-23430.227
-45901	-23361.264
-51221	-23304.408
-46249	-23263.053
-32001	-23239.752
-30782	-23231.688
-45638	-23233.479
-50901	-23243.047
-45929	-23253.457
-31719	-23261.154
-30596	-23262.27
-45401	-23255.332
-50661	-23245.78
-45639	-23235.938
-31463	-23231.3
-30535	-23234.89
-45225	-23248.72
-50403	-23277.744
-45303	-23320.404
-31239	-23375.758
-30489	-23439.47
-45021	-23506.951
-50181	-23578.232
-45132	-23649.408
-30999	-23719.94
-30373	-23787.957
-44866	-23852.617
-49968	-23917.836
-44864	-23982.768
-30804	-24048.473
-30343	-24112.963
-44728	-24173.963
-49801	-24232.986
-44702	-24286.809
-30551	-24334.824
-30254	-24374.643
-44667	-24405.07
-49709	-24430.176
-44574	-24450.094
-30481	-24467.95
-30382	-24484.39
-44741	-24500.273
-49757	-24519.885
-44607	-24542.004
-31255	-24566.54
-31980	-24590.2
-44785	-24610.033
-49696	-24625.902
-44477	-24634.59
-30525	-24635.52
-30667	-24626.594
-44845	-24607.678
-49722	-24583.91
-44491	-24557.309
-30289	-24533.057
-30691	-24513.844
-44934	-24502.885
-49728	-24506.266
-44456	-24524.06
-30253	-24556.805
-30760	-24600.287
-44925	-24649.336
-49729	-24701.227
-44431	-24748.219
-30181	-24785.316
-30808	-24805.953
-44968	-24806.492
-49732	-24789.582
-44376	-24756.068
-30009	-24711.674
-30810	-24660.95
-44999	-24610.215
-49702	-24569.074
-44336	-24541.36
-29953	-24531.066
-30999	-24536.662
-45119	-24555.031
-49772	-24584.514
-44363	-24617.795
-29941	-24649.867
-31134	-24673.633
-45180	-24685.002
-49741	-24685.8
-44291	-24675.912
-29962	-24659.814
-31289	-24640.207
-45206	-24621.47
-49716	-24610.652
-44263	-24608.982
-29928	-24618.059
-31314	-24634.348
-45240	-24653.822
-49682	-24674.635
-44176	-24690.398
-30602	-24697.566
-32634	-24691.062
-45254	-24669.273
-49667	-24634.768
-44129	-24588.352
-30239	-24533.885
-31774	-24472.756
-45322	-24407.555
-49692	-24343.43
-44111	-24280.742
-29775	-24221.45
-31651	-24163.863
-45377	-24107.64
-49701	-24055.545
-44106	-24006.438
-29682	-23961.82
-31769	-23920.082
-45454	-23881.072
-49702	-23847.28
-44063	-23816.46
-29598	-23788.281
-31789	-23758.828
-45488	-23725.988
-49697	-23691.049
-44036	-23652.137
-29591	-23611.035
-31872	-23567.383
-45506	-23523.508
-49677	-23484.854
-44003	-23452.334
-29679	-23428.236
-32045	-23409.967
-45552	-23395.219
-49667	-23383.086
-43974	-23367.842
-29627	-23346.771
-32164	-23315.23
-45646	-23273.031
-49665	-23225.508
-43922	-23176.572
-29581	-23134.707
-32282	-23105.729
-45705	-23096.83
-49682	-23115.453
-43912	-23161.295
-29476	-23232.41
-32361	-23319.29
-45692	-23411.654
-49618	-23500.152
-43852	-23571.75
-29651	-23618.38
-32754	-23632.418
-45726	-23613.582
-49615	-23568.482
-43800	-23503.977
-29839	-23431.693
-32807	-23360.5
-45837	-23300.21
-49672	-23260.082
-43795	-23241.53
-29371	-23244.62
-32661	-23262.53
-45893	-23288.873
-49636	-23318.951
-43708	-23344.854
-29307	-23363.285
-32761	-23369.877
-45821	-23365.52
-49552	-23355.17
-43664	-23340.928
-29950	-23327.494
-33210	-23315.537
-45933	-23307.057
-49614	-23304.518
-43663	-23305.826
-29242	-23310.805
-32952	-23315.682
-45994	-23320.035
-49606	-23326.3
-43591	-23333.834
-29042	-23344.994
-32978	-23358.17
-46024	-23373.977
-49561	-23393.826
-43527	-23414.13
-29023	-23433.232
-33076	-23445.47
-46021	-23449.027
-49557	-23445.262
-43511	-23433.8
-29024	-23419.123
-33186	-23403.611
-46077	-23393.604
-49549	-23396.906
-43454	-23416.123
-28982	-23453.996
-33257	-23506.254
-46149	-23568.674
-49554	-23636.184
-43407	-23698.713
-28695	-23749.037
-32967	-23777.73
-46127	-23781.262
-49537	-23761.379
-43395	-23720.133
-29379	-23665.04
-33562	-23601.889
-46236	-23540.04
-49525	-23489.281
-43334	-23453.678
-28842	-23436.836
-33371	-23435.207
-46216	-23445.824
-49474	-23465.39
-43262	-23486.473
-28717	-23504.998
-33350	-23514.45
-46274	-23513.941
-49531	-23506.244
-43236	-23492.648
-28582	-23478.209
-33448	-23464.188
-46394	-23454.582
-49509	-23453.475
-43188	-23459.852
-28436	-23473.727
-33386	-23489.871
-46352	-23505.96
-49502	-23521.105
-43139	-23531.932
-28193	-23538.979
-33352	-23539.877
-46361	-23536.873
-49446	-23534.16
-43084	-23532.623
-28276	-23535.32
-33422	-23540.193
-46459	-23547.488
-49446	-23557.695
-43051	-23567.436
-28138	-23575.926
-33449	-23578.66
-46506	-23575.71
-49461	-23569.793
-43017	-23561.602
-28089	-23555.53
-33474	-23552.037
-46529	-23554.943
-49436	-23567.977
-42946	-23590.115
-27377	-23621.244
-32742	-23655.088
-46482	-23687.48
-49356	-23714.877
-42929	-23731.77
-28216	-23736.326
-33592	-23724.637
-46606	-23698.865
-49391	-23664.523
-42857	-23625.812
-27883	-23590.502
-33544	-23561.686
-46649	-23545.033
-49408	-23544.99
-42831	-23560.373
-27730	-23590.213
-33637	-23626.982
-46631	-23665.88
-49321	-23702.672
-42740	-23730.941
-27612	-23748.61
-33606	-23751.145
-46677	-23740.082
-49332	-23719.578
-42703	-23691.957
-27432	-23662.742
-33566	-23632.523
-46674	-23605.113
-49286	-23583.9
-42639	-23568.256
-27290	-23559.412
-33669	-23553.492
-46746	-23550.768
-49285	-23552.31
-42582	-23556.621
-27179	-23565.207
-33656	-23574.844
-46786	-23586.133
-49292	-23599.646
-42560	-23612.53
-27067	-23624.186
-33703	-23629.18
-46849	-23626.785
-49297	-23617.781
-42484	-23601.615
-27026	-23582.074
-33792	-23559.482
-46883	-23539.342
-49292	-23527.592
-42432	-23526.57
-25857	-23539.902
-32482	-23563.951
-46819	-23596.611
-49224	-23634.643
-42441	-23671.316
-27300	-23702.293
-33983	-23719.7
-46952	-23721.805
-49208	-23709.947
-42326	-23685.4
-26909	-23654.275
-33936	-23618.947
-46959	-23586.342
-49227	-23562.611
-42292	-23549.402
-26850	-23548.82
-34017	-23555.818
-47032	-23568.195
-49218	-23583.172
-42221	-23595.498
-26784	-23603.672
-34229	-23602.783
-47067	-23594.266
-49214	-23581.07
-42159	-23564.537
-26662	-23548.871
-34206	-23532.818
-47087	-23518.926
-49179	-23508.805
-42153	-23500.766
-26774	-23495.486
-34302	-23488.932
-47099	-23482.363
-49121	-23477.879
-42054	-23475.885
-26655	-23479.666
-34364	-23487.133
-47124	-23499.932
-49107	-23518.127
-42034	-23537.736
-26646	-23556.176
-34395	-23565.27
-47167	-23562.09
-49119	-23545.121
-41971	-23512.854
-26583	-23469.336
-34522	-23416.215
-47217	-23362.014
-49089	-23315.764
-41906	-23283.584
-25804	-23272.375
-33854	-23280.594
-47164	-23308.188
-49029	-23351.688
-41915	-23403.166
-26939	-23456.268
-34795	-23500.297
-47284	-23531.152
-49048	-23547.297
-41829	-23548.041
-25842	-23538.035
-33910	-23518.404
-47252	-23495.64
-49018	-23475.5
-41789	-23459.834
-26556	-23451.305
-34843	-23445.559
-47347	-23442.057
-49049	-23439.35
-41732	-23434.332
-26489	-23427.65
-34944	-23416.305
-47407	-23403.332
-49065	-23392.145
-41761	-23383.955
-26486	-23381.646
-35140	-23381.518
-47576	-23383.643
-49154	-23386.387
-41816	-23385.867
-26509	-23381.492
-35360	-23368.918
-47881	-23351.184
-49470	-23332.518
-42101	-23316.49
-26630	-23309.596
-35739	-23311.756
-48347	-23326.008
-49881	-23351.549
-42509	-23382.385
-27031	-23412.766
-36267	-23430.434
-48722	-23429.355
-50179	-23405.293
-42668	-23356.158
-27094	-23287.277
-36498	-23203.008
-48937	-23116.562
-50362	-23041.572
-42832	-22988.777
-26890	-22968.53
-36267	-22980.611
-49098	-23024.92
-50431	-23095.367
-42852	-23180.04
-27379	-23268.033
-36893	-23343.62
-49182	-23399.28
-50484	-23430.86
-42868	-23437.184
-27282	-23424.088
-36971	-23394.94
-49295	-23360.154
-50512	-23328.742
-42849	-23305.834
-27236	-23296.346
-37054	-23296.438
-49359	-23305.479
-50559	-23320.219
-42859	-23335.254
-27339	-23348.686
-37172	-23354.559
-49450	-23354.596
-50592	-23350.826
-42841	-23344.303
-27225	-23338.947
-37245	-23332.3
-49497	-23326.912
-50604	-23323.076
-42816	-23318.697
-27167	-23314.475
-37387	-23305.88
-49592	-23295.613
-50601	-23286.041
-42784	-23278.473
-27349	-23277.01
-37512	-23279.271
-49626	-23287.504
-50599	-23300.697
-42684	-23314.33
-27228	-23325.47
-37605	-23325.357
-49616	-23312.531
-50537	-23286.24
-42592	-23246.879
-27211	-23200.432
-37674	-23149.438
-49564	-23103.732
-50385	-23071.064
-42390	-23055.406
-27080	-23060.219
-37547	-23079.393
-49296	-23109.959
-50061	-23144.85
-42048	-23174.389
-27140	-23192.785
-37393	-23191.504
-48969	-23171.98
-49597	-23138.219
-41533	-23095.867
-26543	-23055.281
-37032	-23021.367
-48539	-23003.818
-49214	-23007.363
-41134	-23031.197
-26326	-23073.182
-36884	-23122.635
-48366	-23173.775
-48991	-23219.164
-40924	-23251.645
-26246	-23269.701
-36839	-23269.775
-48212	-23258.05
-48841	-23241.043
-40767	-23224.613
-26252	-23216.79
-36884	-23218.387
-48226	-23234.355
-48795	-23265.229
-40654	-23307.98
-26129	-23361.018
-36917	-23417.12
-48256	-23476.389
-48756	-23538.107
-40532	-23601.33
-26138	-23668.602
-36951	-23737.076
-48174	-23810.033
-48634	-23887.244
-40449	-23965.383
-26081	-24042.36
-37014	-24109.635
-48213	-24165.555
-48601	-24207.33
-40337	-24232.59
-25965	-24244.041
-37014	-24241.256
-48218	-24232.404
-48598	-24224.275
-40304	-24221.871
-25986	-24231.377
-37041	-24250.889
-48252	-24282.982
-48556	-24325.268
-40224	-24371.568
-26083	-24417.738
-37206	-24454.535
-48272	-24480.787
-48556	-24495.328
-40187	-24497.85
-26111	-24492.688
-37285	-24480.09
-48304	-24467.596
-48519	-24459.84
-40113	-24458.736
-26072	-24466.887
-37394	-24479.523
-48372	-24497.264
-48552	-24517.334
-40064	-24535.457
-25940	-24550.514
-37463	-24556.977
-48390	-24557.701
-48460	-24554.29
-39886	-24548.062
-25699	-24543.264
-37444	-24538.27
-48324	-24537.982
-48362	-24543.6
-39852	-24553.97
-25891	-24569.5
-37506	-24584.479
-48344	-24599.973
-48366	-24614.572
-39787	-24626.107
-25818	-24635.473
-37501	-24638.557
-48326	-24638.79
-48284	-24637.145
-39748	-24633.324
-25838	-24629.469
-37600	-24621.787
-48375	-24613.357
-48293	-24604.242
-39648	-24593.262
-25749	-24581.582
-37658	-24564.7
-48427	-24545.299
-48272	-24523.127
-39579	-24496.68
-25727	-24466.71
-37674	-24428.15
-48422	-24383.33
-48247	-24331.684
-39558	-24271.697
-25874	-24205.008
-37827	-24128.479
-48446	-24046.842
-48250	-23962.777
-39509	-23878.434
-25956	-23798.486
-37911	-23721.787
-48547	-23654.025
-48273	-23597.01
-39419	-23550.246
-25576	-23514.828
-37911	-23485.396
-48572	-23463.293
-48210	-23446.793
-39330	-23433.33
-25644	-23423.12
-37988	-23411.307
-48587	-23400.863
-48192	-23392.162
-39264	-23384.771
-25714	-23380.617
-38096	-23375.73
-48616	-23373.23
-48162	-23372.705
-39192	-23372.666
-25720	-23373.797
-38146	-23371.412
-48622	-23368.373
-48152	-23364.695
-39081	-23359.873
-25551	-23355.979
-38152	-23349.48
-48587	-23344.229
-48082	-23340.57
-39051	-23337.734
-25640	-23336.951
-38233	-23333.768
-48622	-23331.195
-48026	-23329.027
-38942	-23326.621
-25591	-23325.832
-38316	-23323.217
-48664	-23323.059
-48050	-23325.986
-38922	-23331.67
-25669	-23341.6
-38441	-23351.135
-48700	-23362.99
-48039	-23375.977
-38839	-23388.105
-25690	-23399.863
-38539	-23406.666
-48784	-23412.096
-48045	-23416.656
-38817	-23420.555
-25657	-23426.328
-38552	-23430.64
-48744	-23437.455
-47976	-23446.38
-38724	-23455.758
-25634	-23465.564
-38638	-23469.969
-48836	-23470.994
-48021	-23467.383
-38736	-23458.098
-25751	-23445.139
-38716	-23425.828
-48819	-23405.9
-47957	-23387.54
-38629	-23372.262
-25739	-23363.113
-38772	-23356.768
-48827	-23356.7
-47943	-23361.592
-38562	-23368.979
-25692	-23378.219
-38830	-23383.264
-48887	-23386.43
-47913	-23386.852
-38452	-23384.076
-25674	-23380.422
-38931	-23373.178
-48861	-23367.54
-47884	-23364.486
-38411	-23364.057
-25679	-23367.566
-38980	-23370.197
-48901	-23374.44
-47854	-23378.61
-38349	-23380.797
-25802	-23381.598
-39084	-23376.867
-48924	-23371.07
-47817	-23365.28
-38276	-23360.59
-25712	-23360.152
-39107	-23361.262
-48886	-23368.389
-47746	-23381.012
-38232	-23397.465
-25924	-23417.148
-39232	-23433.799
-48989	-23448.594
-47777	-23459.215
-38121	-23463.69
-25781	-23462.803
-39287	-23452.908
-48986	-23438.992
-47779	-23422.586
-38069	-23405.432
-25731	-23390.992
-39364	-23377.09
-48987	-23368.674
-47709	-23365.928
-37976	-23368.215
-25766	-23375.986
-39414	-23383.926
-49022	-23394.19
-47682	-23404.799
-37901	-23413.844
-25766	-23421.467
-39489	-23422.922
-49050	-23421.541
-47677	-23417.139
-37837	-23409.773
-25817	-23401.498
-39536	-23389.322
-49029	-23377.959
-47620	-23367.953
-37791	-23359.602
-25899	-23354.578
-39620	-23349.098
-49089	-23346.664
-47631	-23346.398
-37774	-23347.246
-25934	-23349.824
-39755	-23349.605
-49172	-23349.994
-47672	-23350.56
-37671	-23351.266
-25924	-23353.83
-39839	-23354.938
-49192	-23358.898
-47618	-23365.611
-37578	-23374.596
-25921	-23386.488
-39873	-23396.383
-49144	-23406.742
-47566	-23415.799
-37508	-23421.943
-25973	-23425.562
-39962	-23422.533
-49227	-23417.01
-47593	-23409.59
-37496	-23401.428
-26122	-23395.277
-40031	-23388.809
-49219	-23386.799
-47512	-23389.271
-37351	-23395.61
-25963	-23405.992
-40056	-23415.12
-49218	-23425.113
-47474	-23433.918
-37259	-23440.043
-26000	-23443.969
-40142	-23441.86
-49267	-23438.066
-47458	-23433.027
-37286	-23427.51
-26157	-23423.564
-40204	-23418.037
-49254	-23415.023
-47436	-23413.648
-37196	-23413.09
-26143	-23413.691
-40302	-23410.988
-49359	-23408.438
-47499	-23405.453
-37217	-23402.117
-26261	-23400.166
-40431	-23396.578
-49402	-23395.793
-47489	-23397.623
-37150	-23401.684
-26245	-23408.428
-40576	-23413.03
-49601	-23418.166
-47661	-23422.088
-37350	-23423.719
-26593	-23423.715
-40945	-23418.533
-49952	-23412.803
-48013	-23407.09
-37597	-23402.482
-26837	-23401.205
-41384	-23400.166
-50321	-23403.447
-48329	-23409.9
-37891	-23418.248
-27169	-23428.018
-41766	-23433.844
-50669	-23438.191
-48617	-23439.469
-38036	-23437.191
-27336	-23432.684
-42067	-23422.926
-50860	-23413.041
-48713	-23403.664
-38072	-23395.781
-27469	-23391.115
-42226	-23386.05
-50986	-23384.395
-48846	-23384.742
-38153	-23386.13
-27610	-23388.623
-42376	-23387.732
-51067	-23387.012
-48846	-23385.67
-38016	-23383.764
-27480	-23382.625
-42457	-23378.844
-51138	-23376.664
-48864	-23375.55
-37937	-23375.332
-27536	-23376.807
-42628	-23375.973
-51258	-23376.635
-48953	-23378.143
-37987	-23380.578
-27667	-23385.219
-42788	-23388.521
-51349	-23394.705
-48936	-23402.832
-38000	-23412.225
-27844	-23422.77
-42918	-23429.324
-51497	-23434.41
-49052	-23435.945
-37969	-23433.053
-27883	-23426.316
-43079	-23412.625
-51561	-23397.352
-49104	-23381.654
-37171	-23367.934
-26899	-23359.012
-43139	-23352.34
-51545	-23352.58
-49093	-23358.459
-38062	-23368.443
-28227	-23381.123
-43311	-23390.197
-51718	-23397.145
-49169	-23399.236
-37946	-23395.375
-28179	-23386.38
-43418	-23369.508
-51767	-23350.596
-49161	-23331.027
-37888	-23312.982
-28166	-23299.035
-43501	-23286.521
-51804	-23279.754
-49194	-23277.37
-37858	-23278.32
-28281	-23282.004
-43544	-23283.473
-51765	-23285.744
-49067	-23287.453
-37633	-23288.562
-28130	-23290.045
-43498	-23288.65
-51699	-23288.828
-48959	-23289.902
-37562	-23291.86
-28221	-23295.05
-43411	-23295.426
-51463	-23296.605
-48682	-23297.53
-37238	-23298.465
-28069	-23300.7
-43281	-23301.7
-51291	-23306.824
-48429	-23316.557
-36983	-23332.225
-27885	-23355.412
-42997	-23383.207
-50883	-23419.762
-47960	-23463.902
-36507	-23515.057
-27633	-23572.969
-42632	-23633.197
-50482	-23698.568
-47514	-23766.906
-35154	-23837.057
-26542	-23907.92
-42260	-23974.236
-50039	-24038.41
-47102	-24098.064
-35889	-24152.06
-27514	-24200.43
-42096	-24240.035
-49864	-24275.51
-46898	-24307.25
-35352	-24336.777
-27034	-24365.918
-42002	-24392.209
-49819	-24419.771
-46815	-24447.016
-35142	-24472.824
-26964	-24495.932
-42021	-24511.408
-49732	-24522.105
-46748	-24526.691
-35036	-24526.04
-26989	-24522.11
-42100	-24513.834
-49799	-24507.516
-46726	-24504.086
-34894	-24504.848
-26965	-24510.15
-42146	-24515.682
-49812	-24523.652
-46709	-24531.117
-34805	-24536.918
-26949	-24540.941
-42161	-24540.848
-49731	-24542.805
-46602	-24548.727
-34639	-24561.836
-26936	-24584.521
-42189	-24613.922
-49723	-24652.11
-46557	-24693.975
-34401	-24733.861
-26796	-24765.367
-42234	-24779.107
-49758	-24774.898
-46502	-24750.533
-34423	-24708.746
-26957	-24655.795
-42266	-24597.156
-49746	-24546.729
-46498	-24512.842
-34033	-24503.072
-26624	-24521.197
-42349	-24563.291
-49764	-24628.463
-46471	-24707.479
-34200	-24790.783
-26944	-24868.697
-42384	-24930.002
-49763	-24973.613
-46471	-24997.11
-34078	-25003.107
-26974	-24996.645
-42436	-24981.004
-49779	-24966.377
-46421	-24956.654
-34031	-24954.842
-27012	-24961.258
-42516	-24970.781
-49774	-24983.896
-46381	-24995.701
-33952	-25003.395
-27085	-25005.127
-42574	-24997.61
-49814	-24985.879
-46327	-24970.75
-33826	-24954.707
-27136	-24939.291
-42642	-24921.87
-49822	-24905.648
-46317	-24887.963
-33757	-24867.44
-27204	-24842.672
-42701	-24810.213
-49813	-24774.729
-46249	-24736.95
-33749	-24699.584
-27319	-24664.629
-42791	-24629.969
-49874	-24598.506
-46298	-24566.086
-33758	-24528.383
-27405	-24479.822
-42794	-24412.262
-49841	-24326.145
-46233	-24219.729
-33697	-24096.43
-27486	-23962.678
-42801	-23824.805
-49805	-23697.146
-46194	-23588.535
-33684	-23507.01
-27639	-23456.428
-42869	-23433.379
-49826	-23436.818
-46181	-23457.094
-33587	-23484.34
-27641	-23508.12
-42950	-23517.275
-49827	-23510.643
-46119	-23485.96
-33496	-23446.596
-27692	-23398.318
-42947	-23345.994
-49809	-23301.09
-46088	-23268.365
-33414	-23251.611
-27740	-23250.967
-43021	-23261.092
-49806	-23281.242
-46047	-23304.594
-33356	-23326.445
-27789	-23342.764
-43040	-23349.035
-49791	-23349.395
-45991	-23344.457
-33227	-23337.55
-27809	-23331.27
-43092	-23325.049
-49825	-23323.637
-45982	-23325.168
-33091	-23328.465
-27854	-23331.059
-43147	-23328.238
-49807	-23322.68
-45912	-23312.861
-33025	-23300.418
-27944	-23287.102
-43206	-23272.82
-49827	-23263.775
-45919	-23260.064
-32897	-23262.475
-27828	-23269.586
-43194	-23276.621
-49864	-23284.674
-45868	-23289.736
-32766	-23290.395
-27921	-23285.479
-43246	-23273.16
-49836	-23259.258
-45824	-23245.25
-32712	-23234.836
-28102	-23230.209
-43299	-23230.73
-49850	-23240.762
-45816	-23257.521
-32692	-23279.312
-28114	-23302.57
-43346	-23321.707
-49897	-23337.855
-45780	-23347.996
-32491	-23352.332
-28086	-23351.115
-43429	-23343.75
-49970	-23336.357
-45814	-23329.89
-32419	-23326.97
-28127	-23328.076
-43474	-23330.953
-50009	-23338.63
-45766	-23348.244
-32279	-23358.668
-28174	-23367.541
-43543	-23371.273
-50029	-23373.002
-45742	-23371.475
-32213	-23368.229
-28207	-23363.963
-43601	-23357.9
-50138	-23355.242
-45768	-23355.725
-32147	-23360.627
-28292	-23369.281
-43651	-23378.768
-50101	-23391.781
-45687	-23405.64
-32049	-23419.736
-28376	-23432.105
-43747	-23439.629
-50182	-23445.477
-45712	-23448.283
-32127	-23449.16
-28551	-23448.117
-43821	-23443.887
-50207	-23441.082
-45674	-23439.254
-31982	-23439.797
-28643	-23442.273
-43853	-23444.5
-50203	-23449.646
-45631	-23455.791
-31956	-23462.852
-28834	-23469.068
-43947	-23471.8
-50257	-23474.086
-45662	-23474.168
-32004	-23472.877
-28882	-23469.791
-43996	-23463.375
-50293	-23457.766
-45620	-23452.484
-31836	-23448.867
-28889	-23446.393
-44048	-23443.166
-50296	-23442.484
-45606	-23442.717
-31884	-23444.209
-29013	-23445.527
-44086	-23444.295
-50346	-23443.635
-45594	-23442.002
-31215	-23440.318
-28572	-23437.6
-44092	-23432.027
-50346	-23427.252
-45522	-23422.246
-31546	-23418.201
-29012	-23414.38
-44246	-23409.25
-50424	-23406.486
-45543	-23404.97
-31544	-23405.611
-29192	-23407.205
-44326	-23407.592
-50434	-23409.574
-45525	-23411.074
-31810	-23412.08
-29541	-23410.803
-44397	-23405.02
-50466	-23397.943
-45527	-23388.564
-31316	-23378.604
-29262	-23368.08
-44477	-23356.643
-50504	-23349.041
-45456	-23344.959
-31182	-23345.883
-29317	-23350.545
-44503	-23356.527
-50515	-23365.818
-45456	-23375.54
-31166	-23384.99
-29582	-23391.521
-44533	-23392.848
-50534	-23392.178
-45421	-23388.648
-31177	-23384.293
-29589	-23379.21
-44637	-23373.146
-50557	-23370.357
-45385	-23369.906
-31056	-23372.531
-29614	-23376.133
-44702	-23378.088
-50577	-23380.518
-45384	-23381.17
-31102	-23380.633
-29787	-23377.746
-44760	-23371.88
-50599	-23367.41
-45366	-23364.195
-31142	-23364.254
-29951	-23366.658
-44856	-23369.848
-50601	-23376.26
-45296	-23383.273
-31112	-23390.398
-30112	-23395.016
-44910	-23395.06
-50580	-23393.764
-45270	-23390.445
-31202	-23387.455
-30285	-23384.977
-44929	-23383.393
-50509	-23386.965
-45202	-23394.666
-31184	-23406.95
-30456	-23421.115
-45021	-23434.178
-50492	-23447.38
-45196	-23457.748
-31261	-23465.232
-30577	-23468.326
-44989	-23466.633
-50423	-23464.68
-45168	-23462.834
-31320	-23463.617
-30793	-23466.75
-45123	-23471.482
-50426	-23480.545
-45131	-23491.43
-31536	-23503.475
-31462	-23513.633
-45167	-23519.855
-50357	-23524.62
-45086	-23526.8
-31565	-23528.117
-31258	-23528.33
-45247	-23527.674
-50383	-23529.977
-45062	-23533.867
-31233	-23539.516
-31143	-23543.73
-45291	-23543.566
-50348	-23539.936
-45012	-23529.91
-31074	-23513.785
-31167	-23490.504
-45296	-23460.992
-50270	-23431.111
-44985	-23402.932
-31137	-23380.979
-31342	-23366.678
-45317	-23361.248
-50225	-23368.484
-44914	-23386.424
-30956	-23414.262
-31382	-23447.67
-45379	-23482.809
-50209	-23519.602
-44887	-23553.955
-30834	-23584.898
-31402	-23609.307
-45389	-23625.828
-50186	-23637.184
-44832	-23642.057
-30842	-23641.787
-31541	-23635.057
-45474	-23621.777
-50193	-23605.625
-44836	-23586.25
-30730	-23566.145
-31601	-23545.223
-45452	-23524.805
-50129	-23509.688
-44741	-23499.951
-30685	-23497.568
-31707	-23500.812
-45522	-23508.404
-50062	-23521.627
-44668	-23536.932
-31187	-23552.809
-32784	-23565.207
-45541	-23572.299
-50011	-23575.965
-44606	-23574.941
-30833	-23571.111
-32034	-23564.24
-45601	-23555.703
-50019	-23550.086
-44592	-23547.355
-30619	-23549.29
-32066	-23554.088
-45628	-23560.895
-50015	-23571.596
-44563	-23583.602
-30422	-23596.893
-32057	-23608.611
-45644	-23617.898
-50003	-23627.295
-44540	-23635.361
-30285	-23643.318
-32074	-23649.295
-45688	-23653.23
-49953	-23657.973
-44445	-23662.092
-30286	-23666.709
-32249	-23669.967
-45712	-23671.977
-49922	-23675.84
-44402	-23680.457
-30150	-23687.133
-32256	-23693.867
-45741	-23700.209
-49947	-23708.307
-44395	-23715.809
-30156	-23722.943
-32395	-23726.865
-45806	-23727.223
-49923	-23726.928
-44347	-23725.482
-30253	-23725.387
-32572	-23726.428
-45837	-23730.44
-49884	-23741.58
-44301	-23759.229
-30179	-23784.285
-32581	-23813.494
-45847	-23844.807
-49852	-23878.08
-44214	-23908.9
-30393	-23935.53
-33239	-23953.51
-45843	-23961.88
-49832	-23962.758
-44201	-23955.402
-30373	-23942.19
-33009	-23922.824
-45958	-23899.479
-49804	-23876.521
-44142	-23854.145
-29978	-23834.574
-32888	-23816.477
-45964	-23800.584
-49764	-23789.773
-44091	-23782.807
-29917	-23780.76
-32989	-23781.217
-45966	-23783.762
-49710	-23789.89
-44037	-23796.818
-30092	-23803.816
-33176	-23806.834
-45988	-23804.816
-49662	-23799.32
-43996	-23788.758
-29739	-23775.227
-33055	-23758.342
-46018	-23741.102
-49672	-23728.682
-43959	-23722.041
-29712	-23723.623
-33269	-23731.113
-46109	-23743.371
-49725	-23759.9
-43971	-23775.57
-29767	-23787.621
-33373	-23790.693
-46123	-23783.625
-49630	-23769.152
-43929	-23748.445
-29851	-23726.865
-33521	-23707.334
-46203	-23695.707
-49683	-23698.572
-43907	-23716.676
-29956	-23750.67
-33657	-23795.076
-46155	-23845.186
-49596	-23896.41
-43827	-23940.248
-28825	-23971.896
-32186	-23984.977
-46111	-23978.404
-49457	-23956.066
-43716	-23920.58
-30611	-23878.498
-34131	-23833.91
-46240	-23793.37
-49542	-23763.244
-43704	-23744.16
-29579	-23736.973
-33731	-23736.867
-46219	-23741.03
-49462	-23747.541
-43621	-23751.488
-29398	-23751.56
-33726	-23744.535
-46215	-23732.027
-49424	-23718.275
-43609	-23704.57
-29419	-23694.6
-33776	-23687.746
-46251	-23685.436
-49402	-23689.158
-43541	-23695.79
-29337	-23704.13
-33847	-23709.309
-46303	-23710.383
-49414	-23708.729
-43534	-23703.504
-29224	-23697.523
-33852	-23690.658
-46375	-23686.154
-49399	-23688.057
-43480	-23695.95
-29095	-23710.617
-33830	-23727.65
-46372	-23745.072
-49361	-23761.65
-43427	-23773.166
-28972	-23778.982
-33828	-23776.217
-46416	-23767.047
-49353	-23756.53
-43391	-23747.316
-28746	-23744.879
-33765	-23749.969
-46424	-23765.105
-49307	-23791.861
-43327	-23826.168
-27729	-23864.895
-32501	-23899.445
-46388	-23924.2
-49283	-23936.121
-43349	-23931.18
-29332	-23910.479
-34104	-23874.398
-46557	-23829.076
-49353	-23783.291
-43288	-23742.98
-28474	-23715.578
-33841	-23702.012
-46568	-23703.758
-49304	-23720.24
-43195	-23745.104
-28302	-23773.197
-33832	-23795.072
-46599	-23806.277
-49307	-23805.828
-43157	-23792.666
-28142	-23771.324
-33822	-23744.262
-46586	-23718.424
-49281	-23701.217
-43122	-23694.922
-28042	-23701.928
-33796	-23717.162
-46636	-23736.994
-49298	-23757.396
-43081	-23771.643
-28083	-23777.557
-33966	-23771.457
-46717	-23756.818
-49261	-23740.791
-43014	-23729.084
-27935	-23730.08
-33922	-23745.525
-46681	-23777.57
-49234	-23824.682
-42980	-23877.996
-27894	-23928.553
-34002	-23961.771
-46754	-23968.693
-49241	-23944.908
-42893	-23888.627
-27849	-23807.148
-34069	-23708.836
-46782	-23609.87
-49172	-23528.121
-42879	-23476.438
-27134	-23465.969
-33455	-23496.31
-46804	-23563.703
-49180	-23658.54
-42859	-23764.314
-27946	-23865.596
-34282	-23944.035
-46850	-23989.781
-49197	-23999.688
-42779	-23974.57
-27531	-23923.895
-34138	-23856.283
-46814	-23785.977
-49111	-23726.328
-42668	-23684.512
-27364	-23665.867
-34153	-23666.094
-46832	-23681.412
-49060	-23706.11
-42625	-23731.514
-27385	-23753.174
-34237	-23764.504
-46831	-23766.287
-49043	-23762.129
-42568	-23754.322
-27089	-23748.232
-34207	-23743.2
-46871	-23741.22
-49033	-23742.66
-42485	-23743.82
-27105	-23743.637
-34314	-23736.732
-46926	-23724.074
-49042	-23708.754
-42454	-23693.066
-27093	-23682.898
-34468	-23678.693
-46959	-23683.732
-49022	-23698.367
-42386	-23717.36
-26891	-23735.645
-34461	-23741.826
-46975	-23729.78
-49011	-23695.992
-42364	-23638.56
-26932	-23563.447
-34498	-23476.182
-47004	-23390.432
-48988	-23320.936
-42248	-23278.607
-26233	-23273.389
-33851	-23304.338
-47010	-23368.754
-48951	-23458.238
-42254	-23558.102
-26899	-23654.9
-34694	-23731.37
-47106	-23778.85
-48946	-23794.035
-42189	-23777.268
-26879	-23737.012
-34733	-23680.092
-47094	-23619.615
-48926	-23567.232
-42135	-23529.287
-26734	-23510.77
-34815	-23507.16
-47147	-23515.584
-48951	-23530.824
-42077	-23545.41
-26762	-23556.121
-34961	-23557.047
-47202	-23550.166
-48912	-23539.443
-42027	-23527.922
-26631	-23521.385
-34953	-23519.062
-47209	-23523.258
-48902	-23533.639
-41983	-23545.95
-26784	-23558.012
-35074	-23562.873
-47256	-23560.36
-48924	-23551.766
-41962	-23538.484
-26739	-23526.152
-35182	-23515.53
-47304	-23511.77
-48923	-23517.416
-41944	-23530.295
-26820	-23548.484
-35271	-23562.979
-47336	-23569.514
-48885	-23564.148
-41834	-23543.35
-26570	-23509.627
-35271	-23463.66
-47359	-23414.162
-48848	-23370.672
-41786	-23340.479
-26157	-23331.592
-34892	-23342.922
-47367	-23374.78
-48827	-23422.936
-41780	-23477.684
-26746	-23531.133
-35497	-23570.861
-47407	-23591.932
-48787	-23592.572
-41637	-23573.26
-26487	-23540.666
-35531	-23498.43
-47439	-23456.486
-48801	-23422.83
-41646	-23401.229
-26476	-23394.97
-35594	-23398.668
-47517	-23409.998
-48832	-23424.3
-41642	-23435.213
-26518	-23440.473
-35805	-23434.682
-47680	-23420.543
-48991	-23401.914
-41784	-23382.082
-26589	-23367.186
-35981	-23356.816
-47823	-23354.514
-49069	-23360.594
-41819	-23371.836
-26614	-23386.676
-36117	-23397.867
-47892	-23404.76
-49071	-23407.059
-41786	-23404.441
-26457	-23400.771
-36156	-23395.045
-47938	-23391.896
-49016	-23393.674
-41661	-23399.205
-26512	-23408.22
-36167	-23413.312
-47871	-23412.32
-48922	-23402.264
-41514	-23379.9
-26336	-23347.223
-36179	-23303.102
-47841	-23255.006
-48867	-23210.482
-41447	-23175.607
-26272	-23158.209
-36146	-23157.947
-47842	-23177.754
-48829	-23215.783
-41355	-23265.17
-26424	-23320.39
-36356	-23370.01
-47844	-23409.498
-48769	-23435.295
-41252	-23445.037
-26316	-23441.91
-36345	-23425.875
-47872	-23404.533
-48775	-23384.098
-41191	-23368.209
-26211	-23361.582
-36473	-23361.033
-47932	-23367.73
-48796	-23379.68
-41216	-23392.494
-26423	-23404.785
-36601	-23410.371
-47918	-23410.83
-48722	-23407.312
-41074	-23400.455
-26396	-23394.31
-36698	-23387.195
-47914	-23383.434
-48679	-23384.562
-41027	-23389.596
-26454	-23399.473
-36836	-23409.076
-47937	-23419.717
-48640	-23430.998
-40987	-23441.377
-26497	-23452.377
-36892	-23460.096
-47989	-23467.041
-48636	-23473.314
-40927	-23476.965
-26421	-23478.29
-36941	-23471.691
-47944	-23458.473
-48581	-23438.533
-40817	-23411.354
-26344	-23380.445
-37027	-23344.947
-47944	-23311.494
-48530	-23284.822
-40779	-23267.691
-26444	-23264.336
-37118	-23271.459
-48036	-23290.693
-48556	-23319.51
-40747	-23352.348
-26412	-23385.94
-37222	-23411.666
-48019	-23428.742
-48492	-23435.896
-40668	-23432.447
-26324	-23422.21
-37264	-23404.72
-48044	-23387.025
-48488	-23373.732
-40647	-23367.254
-26411	-23371.38
-37312	-23382.672
-48068	-23403.148
-48467	-23431.201
-40555	-23463.28
-26229	-23498.355
-37358	-23530.041
-48092	-23559.438
-48437	-23585.97
-40437	-23608.393
-26107	-23628.635
-37429	-23643.01
-48117	-23654.986
-48434	-23665.209
-40419	-23672.867
-26282	-23679.613
-37516	-23681.287
-48164	-23680.875
-48416	-23678.797
-40377	-23674.361
-26275	-23669.588
-37542	-23660.762
-48135	-23651.19
-48386	-23641.174
-40288	-23629.752
-26203	-23618.326
-37657	-23602.62
-48196	-23585.662
-48346	-23568.03
-40182	-23549.527
-26144	-23532.871
-37712	-23515.31
-48223	-23501.357
-48336	-23492.385
-40157	-23488.084
-26051	-23490.059
-37620	-23493.334
-48239	-23499.602
-48313	-23507.271
-40052	-23513.287
-26166	-23517.63
-37835	-23515.201
-48284	-23509.027
-48320	-23500.088
-40067	-23489.088
-26246	-23479.717
-37854	-23470.062
-48266	-23465.062
-48277	-23466.006
-40016	-23472.258
-26106	-23484.75
-37840	-23497.85
-48288	-23512.686
-48239	-23527.219
-39961	-23538.643
-26246	-23547.236
-37979	-23548.416
-48316	-23545.736
-48243	-23540.357
-39915	-23533.041
-26177	-23527.273
-38026	-23520.646
-48362	-23517.738
-48227	-23519.293
-39847	-23524.447
-26255	-23534.166
-38082	-23543.168
-48385	-23553.174
-48212	-23562.666
-39781	-23569.434
-26139	-23574.02
-38129	-23571.729
-48408	-23565.854
-48206	-23556.945
-39702	-23545.236
-26076	-23533.686
-38171	-23519.72
-48459	-23508.117
-48209	-23500.234
-39711	-23496.262
-26305	-23498.17
-38365	-23501.787
-48465	-23509.738
-48151	-23520.787
-39602	-23532.592
-26163	-23545.088
-38357	-23552.564
-48458	-23557.293
-48115	-23558.72
-39574	-23555.99
-26239	-23551.473
-38458	-23542.375
-48534	-23533.688
-48124	-23527.031
-39547	-23523.008
-26312	-23523.9
-38567	-23525.65
-48550	-23530.814
-48126	-23537.803
-39486	-23543.967
-26322	-23548.906
-38687	-23547.008
-48546	-23540.873
-48081	-23530.445
-39368	-23516.064
-26179	-23501.143
-38619	-23483.986
-48562	-23470.498
-48052	-23462.562
-39322	-23460.771
-26167	-23466.857
-38640	-23475.867
-48561	-23489.457
-47982	-23505.012
-39189	-23519.271
-26020	-23531.48
-38647	-23536.035
-48566	-23535.959
-47987	-23531.592
-39181	-23523.69
-26203	-23515.732
-38781	-23505.697
-48614	-23498.842
-47944	-23495.89
-39081	-23496.17
-26134	-23500.285
-38799	-23502.592
-48632	-23504.75
-47969	-23504.803
-39029	-23500.988
-26063	-23494.523
-38861	-23482.041
-48614	-23468.764
-47897	-23456.592
-38912	-23447.158
-25949	-23443.918
-38810	-23443.914
-48582	-23450.818
-47837	-23463.383
-38875	-23479.018
-26096	-23496.67
-38969	-23509.758
-48657	-23519.65
-47842	-23524.656
-38817	-23523.828
-26079	-23519.322
-39010	-23508.629
-48681	-23497.39
-47817	-23487.434
-38699	-23479.975
-26050	-23477.562
-39107	-23476.473
-48742	-23479.873
-47816	-23486.344
-38685	-23493.95
-26131	-23502.746
-39167	-23507.695
-48694	-23511.87
-47758	-23514.906
-38634	-23516.666
-26157	-23519.102
-39179	-23518.81
-48694	-23519.633
-47727	-23521.117
-38592	-23522.219
-26244	-23523.62
-39292	-23520.617
-48746	-23516.346
-47730	-23510.418
-38546	-23502.896
-26187	-23496.354
-39353	-23488.303
-48784	-23483.94
-47687	-23484.168
-38412	-23489.172
-26107	-23500.186
-39421	-23512.117
-48766	-23526.805
-47657	-23541.555
-38365	-23553.584
-26139	-23562.379
-39483	-23562.87
-48817	-23558.684
-47648	-23550.344
-38297	-23539.28
-26094	-23529.285
-39554	-23518.814
-48816	-23513.629
-47604	-23514.514
-38198	-23521.318
-26155	-23534.623
-39654	-23548.826
-48862	-23565.434
-47620	-23581.668
-38226	-23595.064
-26243	-23605.564
-39646	-23608.572
-48825	-23607.912
-47545	-23603.809
-38107	-23597.025
-26201	-23590.086
-39737	-23580.08
-48908	-23571.38
-47592	-23563.693
-38093	-23556.445
-26224	-23550.48
-39752	-23541.328
-48909	-23532.344
-47589	-23522.816
-38033	-23512.549
-26249	-23503.355
-39820	-23492.025
-48923	-23483.133
-47544	-23476.805
-37932	-23473.164
-26227	-23473.676
-39941	-23474.316
-48992	-23478.445
-47502	-23484.834
-37815	-23492.395
-26200	-23501.566
-39979	-23507.582
-48979	-23513.402
-47493	-23517.746
-37766	-23519.633
-26134	-23519.812
-39985	-23514.012
-48968	-23505.977
-47464	-23495.234
-37720	-23482.15
-26293	-23468.85
-40087	-23452.701
-48979	-23438.877
-47447	-23428.021
-37660	-23420.934
-26248	-23419.44
-40122	-23419.658
-48999	-23424.814
-47422	-23433.137
-37606	-23442.791
-26304	-23453.375
-40192	-23459.621
-48993	-23464.396
-47362	-23466.662
-37514	-23466.402
-26309	-23465.588
-40269	-23461.518
-49037	-23459.137
-47351	-23458.73
-37480	-23460.469
-26340	-23465.379
-40335	-23468.936
-49072	-23473.967
-47343	-23478.584
-37414	-23481.523
-26387	-23483.354
-40409	-23480.21
-49069	-23476.512
-47303	-23472.604
-37360	-23469.537
-26428	-23469.582
-40442	-23469.734
-49065	-23473.984
-47246	-23481.182
-37347	-23489.916
-26589	-23499.754
-40510	-23505.363
-49107	-23509.164
-47284	-23509.61
-37219	-23506.326
-26387	-23500.98
-40520	-23490.904
-49092	-23481.406
-47211	-23473.203
-37213	-23467.186
-26583	-23464.988
-40673	-23462.828
-49174	-23463.96
-47297	-23466.629
-37222	-23469.418
-26606	-23472.41
-40951	-23471.215
-49512	-23469.584
-47634	-23467.178
-37524	-23464.643
-26957	-23463.947
-41321	-23462.203
-49824	-23463.75
-47940	-23467.78
-37776	-23473.637
-27216	-23481.383
-41747	-23486.082
-50128	-23490.55
-48173	-23493.129
-37899	-23493.312
-27356	-23492.36
-42001	-23487.094
-50349	-23482.455
-48368	-23478.61
-37962	-23476.404
-27453	-23477.379
-42234	-23477.768
-50556	-23481.088
-48502	-23485.688
-38054	-23490.527
-27594	-23495.67
-42326	-23496.625
-50594	-23496.957
-48509	-23495.84
-38063	-23493.56
-27676	-23491.705
-42452	-23487.045
-50684	-23484.0
-48555	-23481.857
-38014	-23480.441
-27685	-23480.295
-42580	-23477.004
-50782	-23474.01
-48571	-23469.895
-37956	-23464.486
-27809	-23458.832
-42672	-23449.69
-50852	-23441.666
-48587	-23434.717
-37887	-23429.541
-27767	-23427.518
-42726	-23425.121
-50872	-23426.06
-48619	-23428.883
-37846	-23432.8
-27822	-23437.85
-42802	-23439.412
-50890	-23440.754
-48572	-23440.5
-37778	-23438.496
-27888	-23435.713
-42829	-23428.766
-50848	-23422.168
-48514	-23415.504
-37799	-23409.29
-27971	-23404.873
-42887	-23398.924
-50863	-23395.557
-48499	-23393.832
-37673	-23393.6
-28006	-23395.377
-42961	-23395.059
-50911	-23396.135
-48492	-23397.09
-37576	-23397.488
-27999	-23397.73
-43040	-23394.02
-50944	-23390.309
-48495	-23385.848
-37537	-23381.059
-28065	-23377.268
-43127	-23371.377
-50969	-23367.79
-48504	-23365.727
-37562	-23365.242
-28184	-23366.684
-43146	-23365.94
-50927	-23366.105
-48411	-23365.354
-37346	-23362.977
-28056	-23359.176
-43205	-23350.148
-50988	-23340.018
-48449	-23328.396
-37297	-23316.348
-28141	-23305.768
-43329	-23294.451
-51019	-23287.66
-48374	-23285.633
-37286	-23289.457
-28214	-23300.652
-43314	-23316.205
-51010	-23340.367
-48352	-23372.123
-37108	-23411.465
-28151	-23458.566
-43343	-23509.166
-50959	-23566.29
-48246	-23627.557
-36873	-23691.637
-28053	-23757.408
-43290	-23819.582
-50814	-23880.482
-48059	-23937.553
-36697	-23989.945
-28001	-24037.709
-43127	-24077.398
-50640	-24113.508
-47828	-24145.807
-36280	-24175.684
-27695	-24204.76
-42928	-24230.531
-50354	-24257.445
-47486	-24284.496
-35989	-24311.559
-27581	-24338.303
-42636	-24360.44
-50016	-24380.94
-47126	-24397.932
-35513	-24411.258
-27286	-24421.453
-42471	-24425.682
-49846	-24428.824
-46926	-24430.895
-35282	-24433.293
-27201	-24437.365
-42384	-24440.441
-49693	-24446.6
-46763	-24454.47
-35100	-24463.664
-27156	-24473.703
-42319	-24480.312
-49596	-24486.719
-46628	-24491.209
-34871	-24493.928
-27066	-24495.438
-42332	-24492.967
-49566	-24491.121
-46582	-24489.393
-34781	-24488.623
-27136	-24489.377
-42372	-24488.383
-49570	-24489.334
-46567	-24490.521
-34688	-24491.693
-27134	-24492.66
-42370	-24489.95
-49504	-24487.482
-46442	-24484.414
-34434	-24481.598
-27007	-24479.94
-42372	-24476.785
-49455	-24476.494
-46382	-24477.914
-34489	-24481.127
-27208	-24485.773
-42447	-24487.934
-49499	-24490.678
-46361	-24492.145
-34406	-24492.367
-27252	-24491.633
-42501	-24487.363
-49479	-24484.393
-46313	-24482.652
-34234	-24483.67
-27167	-24488.473
-42528	-24494.28
-49466	-24504.787
-46305	-24517.865
-34218	-24532.469
-27312	-24546.979
-42612	-24556.537
-49565	-24563.525
-46361	-24565.777
-34221	-24563.527
-27384	-24557.543
-42681	-24546.168
-49522	-24535.205
-46262	-24525.54
-34124	-24519.543
-27464	-24518.754
-42681	-24520.936
-49479	-24529.758
-46180	-24542.998
-34097	-24559.39
-27596	-24576.922
-42711	-24590.488
-49476	-24602.094
-46201	-24609.146
-34033	-24611.432
-27572	-24609.137
-42748	-24599.998
-49497	-24589.06
-46151	-24576.314
-34016	-24563.379
-27682	-24551.025
-42822	-24536.607
-49538	-24523.715
-46161	-24510.307
-34071	-24495.762
-27954	-24478.928
-42887	-24455.998
-49497	-24430.201
-46080	-24399.928
-33960	-24365.771
-27911	-24328.113
-42918	-24284.77
-49507	-24240.305
-46089	-24193.861
-33911	-24146.191
-27962	-24097.28
-42974	-24044.234
-49546	-23990.785
-46049	-23935.512
-33808	-23879.201
-28022	-23822.363
-43024	-23763.328
-49522	-23707.447
-46049	-23654.883
-33784	-23607.705
-28145	-23566.953
-43111	-23530.613
-49551	-23502.602
-45991	-23480.705
-33697	-23464.023
-28177	-23450.5
-43123	-23435.5
-49565	-23421.195
-45980	-23404.955
-33625	-23386.902
-28218	-23367.264
-43184	-23344.617
-49552	-23324.72
-45955	-23308.092
-33503	-23297.08
-28216	-23292.648
-43169	-23292.467
-49538	-23299.666
-45902	-23310.996
-33551	-23324.451
-28347	-23336.844
-43230	-23342.822
-49552	-23344.12
-45871	-23338.12
-33396	-23325.453
-28380	-23307.266
-43303	-23283.545
-49541	-23261.35
-45825	-23242.623
-33301	-23230.8
-28487	-23227.514
-43353	-23230.934
-49526	-23244.123
-45782	-23263.455
-33374	-23286.355
-28631	-23308.92
-43392	-23325.268
-49527	-23336.58
-45777	-23339.953
-33174	-23335.988
-28527	-23325.709
-43422	-23309.244
-49512	-23293.66
-45717	-23280.834
-33111	-23274.145
-28639	-23274.98
-43506	-23281.52
-49537	-23296.703
-45719	-23317.06
-33068	-23340.436
-28749	-23363.307
-43547	-23380.625
-49504	-23394.166
-45645	-23401.457
-32865	-23403.342
-28670	-23400.41
-43554	-23392.271
-49528	-23384.771
-45668	-23378.404
-32861	-23375.29
-28758	-23375.521
-43594	-23376.623
-49494	-23381.527
-45609	-23387.316
-32761	-23393.295
-28875	-23397.63
-43709	-23397.527
-49559	-23396.785
-45612	-23394.61
-32594	-23393.03
-28830	-23392.877
-43739	-23393.342
-49564	-23399.156
-45614	-23409.129
-32791	-23423.53
-29094	-23440.531
-43794	-23456.389
-49609	-23472.908
-45597	-23486.736
-32697	-23497.188
-29213	-23502.791
-43865	-23501.533
-49606	-23497.762
-45526	-23491.207
-32505	-23484.156
-29227	-23477.486
-43920	-23470.496
-49607	-23467.703
-45504	-23467.879
-32417	-23471.48
-29237	-23476.959
-43962	-23481.324
-49649	-23487.207
-45519	-23492.096
-32352	-23496.283
-29304	-23498.814
-44049	-23497.99
-49661	-23498.027
-45515	-23498.096
-32400	-23499.629
-29491	-23502.145
-44074	-23503.861
-49657	-23507.97
-45454	-23512.2
-32232	-23516.502
-29511	-23518.992
-44104	-23517.121
-49643	-23514.064
-45395	-23508.387
-32127	-23501.488
-29547	-23493.475
-44148	-23483.803
-49614	-23477.252
-45366	-23473.295
-32238	-23473.277
-29726	-23476.201
-44171	-23479.744
-49643	-23486.23
-45349	-23492.65
-32158	-23498.402
-29786	-23501.328
-44204	-23499.162
-49602	-23495.396
-45309	-23489.252
-32049	-23482.895
-29831	-23476.969
-44235	-23471.42
-49642	-23470.955
-45293	-23474.512
-31993	-23482.73
-30027	-23493.357
-44264	-23503.146
-49541	-23513.36
-45187	-23520.367
-31899	-23523.498
-29968	-23520.836
-44364	-23511.143
-49595	-23499.0
-45185	-23484.87
-31759	-23472.086
-30020	-23461.846
-44419	-23454.479
-49597	-23454.256
-45143	-23459.45
-31704	-23469.688
-30053	-23481.656
-44441	-23491.32
-49615	-23499.52
-45169	-23502.69
-31644	-23500.748
-30216	-23492.559
-44515	-23478.025
-49602	-23462.537
-45106	-23447.123
-31573	-23435.225
-30232	-23427.467
-44526	-23423.562
-49585	-23426.688
-45041	-23434.059
-31461	-23444.697
-30335	-23454.955
-44600	-23461.303
-49596	-23465.414
-45028	-23465.043
-31413	-23461.564
-30369	-23455.03
-44607	-23446.254
-49566	-23440.766
-45002	-23439.154
-31527	-23443.848
-30531	-23453.984
-44652	-23467.791
-49576	-23486.988
-44948	-23507.826
-31452	-23528.793
-30664	-23546.254
-44684	-23557.254
-49558	-23564.055
-44957	-23565.059
-31708	-23561.95
-31539	-23554.576
-44602	-23543.762
-49462	-23534.062
-44858	-23525.273
-32186	-23518.945
-31457	-23514.074
-44829	-23509.537
-49612	-23508.04
-44869	-23507.656
-31162	-23509.191
-30881	-23511.107
-44799	-23512.566
-49534	-23516.99
-44837	-23523.195
-31019	-23532.299
-30871	-23542.47
-44857	-23551.969
-49582	-23562.723
-44785	-23571.795
-31045	-23578.867
-31099	-23581.209
-44961	-23577.283
-49605	-23570.256
-44801	-23559.43
-31015	-23547.45
-31151	-23534.613
-45053	-23522.033
-49654	-23514.512
-44822	-23511.73
-31049	-23515.225
-31307	-23522.885
-45062	-23532.654
-49598	-23545.74
-44753	-23558.64
-31052	-23570.53
-31372	-23578.314
-45061	-23580.428
-49561	-23579.805
-44691	-23575.652
-30843	-23570.268
-31361	-23563.441
-45045	-23555.879
-49491	-23551.611
-44604	-23549.773
-30791	-23551.484
-31506	-23554.44
-45108	-23556.957
-49493	-23560.783
-44575	-23563.25
-30761	-23564.586
-31787	-23562.543
-45087	-23556.607
-49444	-23550.07
-44534	-23542.285
-30901	-23535.38
-31781	-23528.531
-45177	-23521.898
-49488	-23518.752
-44536	-23517.623
-30752	-23519.375
-31738	-23521.607
-45166	-23523.111
-49431	-23526.072
-44437	-23528.584
-30557	-23531.525
-31830	-23533.117
-45226	-23533.1
-49442	-23534.541
-44465	-23536.209
-30568	-23539.326
-31907	-23541.836
-45289	-23542.855
-49464	-23544.451
-44414	-23544.469
-30493	-23543.55
-32012	-23539.45
-45343	-23532.016
-49452	-23524.605
-44362	-23516.805
-30429	-23511.174
-32070	-23507.035
-45381	-23505.135
-49466	-23508.691
-44336	-23515.988
-30356	-23527.277
-32177	-23538.957
-45421	-23548.795
-49401	-23557.613
-44261	-23562.549
-30279	-23564.344
-32214	-23561.629
-45441	-23556.05
-49394	-23553.05
-44266	-23554.416
-30221	-23564.574
-32303	-23583.898
-45475	-23613.168
-49388	-23654.219
-44191	-23702.83
-30576	-23755.66
-32999	-23804.928
-45491	-23844.564
-49379	-23871.61
-44186	-23880.498
-30316	-23870.484
-32590	-23840.096
-45547	-23792.273
-49379	-23734.717
-44123	-23672.367
-30107	-23613.3
-32650	-23561.428
-45569	-23521.373
-49361	-23498.172
-44076	-23490.537
-30093	-23497.771
-32749	-23514.117
-45636	-23535.225
-49362	-23559.15
-44078	-23580.686
-30101	-23598.654
-32889	-23609.867
-45659	-23614.932
-49319	-23617.875
-43981	-23619.406
-29930	-23622.88
-32895	-23627.627
-45679	-23634.43
-49318	-23645.283
-43972	-23657.436
-29817	-23670.246
-32907	-23679.307
-45711	-23682.947
-49317	-23682.336
-43922	-23675.705
-29949	-23664.934
-33107	-23649.07
-45746	-23630.197
-49309	-23612.674
-43860	-23596.986
-29773	-23585.768
-33139	-23577.44
-45764	-23572.346
-49284	-23572.424
-43813	-23575.525
-29653	-23582.066
-33176	-23588.848
-45768	-23595.54
-49219	-23604.086
-43758	-23612.846
-29767	-23623.006
-33399	-23631.967
-45746	-23639.787
-49152	-23648.082
-43684	-23654.656
-29912	-23659.844
-33525	-23660.375
-45871	-23656.068
-49213	-23648.947
-43664	-23637.99
-29557	-23625.52
-33417	-23610.502
-45842	-23595.16
-49190	-23583.455
-43639	-23575.541
-29503	-23573.717
-33478	-23575.775
-45886	-23581.67
-49187	-23592.303
-43596	-23604.5
-29434	-23617.602
-33554	-23627.18
-45889	-23632.396
-49081	-23634.67
-43515	-23632.676
-29443	-23628.746
-33581	-23621.809
-45896	-23614.246
-49116	-23609.82
-43517	-23608.344
-29327	-23611.656
-33648	-23616.723
-45974	-23622.945
-49129	-23630.512
-43426	-23635.951
-29229	-23638.783
-33654	-23635.209
-46032	-23625.67
-49136	-23613.135
-43412	-23598.246
-29134	-23585.242
-33699	-23574.62
-46067	-23569.957
-49123	-23575.432
-43356	-23590.652
-28919	-23616.43
-33624	-23648.012
-46086	-23682.686
-49128	-23718.338
-43323	-23749.34
-28759	-23773.389
-33557	-23785.107
-46135	-23783.953
-49086	-23772.16
-43271	-23750.666
-28969	-23724.115
-33756	-23693.799
-46159	-23664.188
-49096	-23640.623
-43238	-23624.416
-28634	-23618.205
-33682	-23618.992
-46204	-23626.21
-49090	-23639.475
-43214	-23654.826
-28577	-23671.152
-33707	-23683.373
-46242	-23690.781
-49087	-23694.506
-43181	-23693.219
-28436	-23689.16
-33722	-23680.527
-46302	-23669.428
-49072	-23658.902
-43115	-23648.742
-28344	-23641.348
-33737	-23634.432
-46332	-23629.201
-49074	-23627.668
-43086	-23628.578
-28264	-23633.463
-33744	-23639.13
-46344	-23646.06
-49048	-23655.271
-43032	-23664.586
-28059	-23674.467
-33712	-23680.705
-46382	-23683.043
-49011	-23682.408
-42983	-23677.176
-28074	-23669.277
-33799	-23656.64
-46410	-23641.822
-49001	-23628.496
-42956	-23617.5
-27995	-23612.367
-33874	-23611.377
-46444	-23616.025
-49000	-23627.578
-42851	-23643.46
-27629	-23663.307
-33697	-23681.543
-46386	-23696.717
-48949	-23708.295
-42862	-23713.701
-27871	-23714.19
-33906	-23707.234
-46543	-23695.11
-48993	-23681.361
-42806	-23666.873
-27637	-23655.277
-33901	-23644.81
-46504	-23637.191
-48938	-23633.98
-42742	-23633.248
-27522	-23635.627
-33977	-23636.713
-46574	-23636.53
-48951	-23635.957
-42716	-23633.656
-27637	-23631.656
-34091	-23627.447
-46645	-23622.975
-48967	-23620.49
-42676	-23619.242
-27489	-23621.004
-34127	-23622.172
-46647	-23623.281
-48942	-23625.104
-42625	-23625.846
-27316	-23626.926
-34096	-23625.178
-46636	-23622.238
-48876	-23620.252
-42532	-23618.748
-27381	-23619.918
-34201	-23620.592
-46661	-23621.555
-48876	-23623.29
-42499	-23623.402
-27144	-23622.38
-34173	-23615.879
-46697	-23604.762
-48837	-23590.846
-42444	-23574.115
-27154	-23558.27
-34268	-23542.17
-46724	-23529.324
-48822	-23522.777
-42389	-23522.176
-26816	-23529.215
-34012	-23539.209
-46742	-23551.275
-48784	-23564.135
-42364	-23574.326
-27125	-23581.688
-34376	-23581.854
-46762	-23576.16
-48769	-23566.99
-42342	-23555.0
-27144	-23544.094
-34566	-23532.922
-46796	-23524.314
-48734	-23520.154
-42262	-23519.049
-27004	-23521.793
-34553	-23523.473
-46839	-23524.096
-48751	-23523.742
-42229	-23520.848
-27041	-23517.436
-34707	-23511.002
-46917	-23504.277
-48765	-23499.744
-42184	-23497.15
-26981	-23498.441
-34687	-23499.555
-46853	-23500.717
-48704	-23501.363
-42104	-23498.838
-26830	-23493.885
-34812	-23482.832
-46949	-23468.162
-48713	-23452.885
-42071	-23438.414
-26845	-23429.176
-34854	-23423.754
-46936	-23424.781
-48690	-23433.018
-42041	-23445.635
-26860	-23461.47
-34969	-23473.441
-46975	-23479.756
-48650	-23478.84
-41938	-23468.549
-26736	-23451.336
-34983	-23426.031
-46974	-23398.123
-48666	-23372.967
-41896	-23353.727
-26426	-23345.36
-34802	-23345.648
-47026	-23355.695
-48635	-23373.95
-41869	-23395.61
-26776	-23417.992
-35178	-23433.346
-47067	-23440.354
-48638	-23438.684
-41850	-23428.043
-26616	-23412.758
-35231	-23392.912
-47108	-23374.455
-48560	-23362.152
-41781	-23357.586
-26687	-23363.535
-35332	-23375.56
-47164	-23393.105
-48646	-23413.672
-41721	-23432.658
-26554	-23448.65
-35361	-23455.822
-47151	-23455.271
-48571	-23448.502
-41681	-23436.387
-26566	-23423.188
-35443	-23407.758
-47192	-23393.996
-48559	-23384.059
-41603	-23377.283
-26466	-23374.951
-35506	-23372.244
-47240	-23369.9
-48574	-23367.793
-41565	-23364.574
-26381	-23362.193
-35570	-23357.568
-47267	-23353.463
-48541	-23351.363
-41459	-23350.488
-26326	-23352.203
-35581	-23351.648
-47292	-23349.32
-48537	-23344.512
-41475	-23335.13
-26497	-23322.72
-35751	-23304.316
-47351	-23283.85
-48542	-23264.799
-41374	-23249.264
-26245	-23241.88
-35621	-23240.87
-47347	-23249.06
-48484	-23266.48
-41351	-23289.975
-26382	-23318.162
-35890	-23343.596
-47388	-23365.006
-48488	-23380.566
-41329	-23388.035
-26460	-23389.432
-36001	-23382.52
-47438	-23372.078
-48495	-23361.791
-41247	-23353.457
-26324	-23350.902
-35954	-23351.258
-47410	-23356.475
-48436	-23365.969
-41160	-23376.69
-26431	-23388.162
-36177	-23394.527
-47507	-23396.752
-48471	-23394.955
-41182	-23388.564
-26354	-23380.482
-36128	-23368.441
-47458	-23356.543
-48398	-23346.98
-41064	-23339.863
-26355	-23337.639
-36307	-23336.518
-47539	-23338.676
-48379	-23344.166
-41061	-23351.254
-26545	-23360.9
-36391	-23368.387
-47533	-23375.35
-48411	-23381.463
-41028	-23384.732
-26334	-23385.99
-36417	-23380.625
-47602	-23370.701
-48376	-23356.943
-40947	-23339.13
-26441	-23320.523
-36592	-23299.303
-47597	-23280.441
-48349	-23266.883
-40872	-23259.639
-26481	-23261.582
-36702	-23268.855
-47552	-23283.146
-48282	-23302.87
-40816	-23324.326
-26330	-23346.377
-36656	-23362.559
-47698	-23373.738
-48326	-23379.793
-40787	-23380.225
-26477	-23378.186
-36878	-23371.744
-47675	-23365.81
-48302	-23362.545
-40736	-23361.936
-26417	-23365.684
-36926	-23368.979
-47718	-23373.1
-48292	-23376.795
-40670	-23377.654
-26389	-23376.676
-37004	-23370.027
-47732	-23361.486
-48274	-23353.129
-40594	-23345.824
-26456	-23342.852
-37096	-23341.139
-47716	-23343.46
-48201	-23349.115
-40526	-23355.281
-26423	-23361.479
-37184	-23361.76
-47788	-23357.797
-48207	-23349.803
-40477	-23337.936
-26394	-23326.023
-37260	-23312.887
-47847	-23304.113
-48251	-23302.21
-40472	-23307.137
-26469	-23319.959
-37391	-23334.654
-47866	-23351.09
-48228	-23365.965
-40405	-23375.047
-26419	-23377.79
-37429	-23369.547
-47872	-23354.467
-48166	-23335.568
-40311	-23315.83
-26327	-23301.088
-37394	-23290.902
-47846	-23290.648
-48115	-23301.111
-40267	-23319.762
-26582	-23345.121
-37621	-23369.03
-47945	-23390.205
-48143	-23405.268
-40221	-23411.12
-26364	-23409.102
-37597	-23396.71
-47901	-23380.072
-48144	-23363.207
-40226	-23349.078
-26443	-23342.35
-37727	-23340.525
-47984	-23346.521
-48086	-23358.756
-40116	-23373.354
-26371	-23388.57
-37746	-23397.268
-47964	-23400.523
-48040	-23397.896
-40012	-23389.502
-26167	-23379.273
-37711	-23366.25
-48006	-23356.63
-48041	-23353.11
-39979	-23356.062
-26404	-23366.97
-37880	-23380.193
-48051	-23396.352
-48051	-23412.45
-39959	-23424.854
-26397	-23433.203
-37943	-23432.738
-48037	-23427.316
-48017	-23418.857
-39879	-23409.027
-26296	-23402.113
-37969	-23396.238
-48032	-23395.871
-47943	-23401.047
-39794	-23409.812
-26279	-23421.676
-38044	-23430.13
-48079	-23436.105
-47960	-23438.037
-39723	-23434.56
-26093	-23427.926
-37923	-23415.656
-48063	-23403.432
-47927	-23393.86
-39655	-23388.223
-26168	-23389.564
-38172	-23394.158
-48138	-23404.586
-47939	-23419.129
-39664	-23434.74
-26371	-23450.604
-38239	-23460.533
-48178	-23466.473
-47931	-23467.857
-39636	-23464.36
-26295	-23458.86
-38298	-23448.984
-48193	-23440.0
-47936	-23433.504
-39619	-23429.87
-26251	-23431.135
-38396	-23432.877
-48364	-23437.566
-48075	-23443.686
-39706	-23449.062
-26317	-23454.01
-38637	-23453.535
-48629	-23450.793
-48327	-23446.135
-39913	-23439.895
-26569	-23435.17
-39004	-23429.459
-48942	-23427.662
-48585	-23430.748
-40156	-23438.342
-26774	-23451.68
-39329	-23465.37
-49302	-23481.021
-48906	-23496.264
-40404	-23508.117
-27011	-23516.28
-39721	-23515.406
-49617	-23508.688
-49135	-23496.717
-40587	-23480.5
-27232	-23464.047
-39954	-23445.861
-49774	-23431.912
-49277	-23423.926
-40615	-23422.21
-27175	-23428.209
-40096	-23436.498
-49874	-23448.545
-49324	-23461.701
-40639	-23472.873
-27260	-23481.83
-40199	-23483.43
-49979	-23481.268
-49387	-23476.242
-40617	-23469.484
-27264	-23464.62
-40319	-23459.217
-50093	-23457.855
-49467	-23460.355
-40637	-23465.09
-27281	-23471.814
-40457	-23473.986
-50139	-23472.871
-49486	-23466.611
-40705	-23453.924
-27471	-23437.154
-40581	-23414.078
-50243	-23391.084
-49546	-23371.213
-40624	-23356.904
-27496	-23351.934
-40687	-23352.982
-50302	-23362.99
-49550	-23379.58
-40564	-23399.05
-27321	-23419.428
-40734	-23433.123
-50328	-23441.158
-49497	-23441.941
-40520	-23435.066
-27377	-23423.607
-40782	-23405.744
-50331	-23387.793
-49514	-23371.951
-40468	-23359.45
-27477	-23352.477
-40902	-23346.295
-50368	-23343.072
-49504	-23340.332
-40408	-23335.44
-27356	-23328.37
-40956	-23314.176
-50420	-23296.88
-49494	-23277.562
-40347	-23258.04
-27459	-23242.438
-41058	-23229.023
-50460	-23223.21
-49484	-23225.318
-40316	-23234.459
-27521	-23250.592
-41135	-23267.12
-50501	-23284.885
-49467	-23300.707
-40255	-23311.88
-27493	-23318.498
-41166	-23316.05
-50512	-23308.816
-49426	-23297.824
-40151	-23284.748
-27441	-23273.332
-41215	-23261.59
-50497	-23255.04
-49411	-23254.549
-40157	-23260.43
-27614	-23274.404
-41329	-23292.139
-50573	-23316.824
-49462	-23347.258
-40068	-23382.3
-27436	-23422.662
-41381	-23463.475
-50591	-23507.74
-49436	-23554.383
-39979	-23602.55
-27422	-23653.377
-41392	-23702.422
-50552	-23753.291
-49341	-23805.389
-39884	-23858.398
-27479	-23913.695
-41405	-23967.033
-50496	-24021.697
-49219	-24076.46
-39730	-24129.998
-27430	-24182.479
-41317	-24228.47
-50304	-24270.383
-49019	-24306.523
-39469	-24335.877
-27267	-24359.697
-41167	-24374.291
-50090	-24384.38
-48664	-24390.727
-39094	-24394.646
-27059	-24399.0
-40849	-24401.127
-49707	-24405.621
-48234	-24412.266
-38614	-24420.592
-26749	-24431.379
-40485	-24439.809
-49285	-24448.748
-47831	-24456.924
-38215	-24463.727
-26543	-24470.527
-40251	-24473.873
-49123	-24478.258
-47667	-24483.947
-38016	-24491.482
-26455	-24502.688
-40232	-24513.705
-48992	-24527.941
-47519	-24543.871
-37835	-24560.018
-26332	-24576.197
-40197	-24587.088
-48924	-24595.273
-47407	-24599.281
-37740	-24598.627
-26382	-24594.814
-40255	-24584.754
-48951	-24573.459
-47363	-24561.648
-37666	-24550.463
-26438	-24542.344
-40281	-24534.379
-48917	-24530.77
-47314	-24530.877
-37546	-24534.02
-26346	-24540.586
-40311	-24545.71
-48944	-24552.025
-47369	-24557.797
-37537	-24562.031
-26429	-24565.408
-40369	-24564.014
-48951	-24561.918
-47251	-24559.0
-37431	-24555.959
-26380	-24554.904
-40423	-24552.877
-48945	-24554.412
-47234	-24559.135
-37367	-24566.797
-26462	-24578.076
-40472	-24588.254
-48931	-24600.07
-47194	-24611.371
-37248	-24620.73
-26466	-24628.135
-40555	-24629.164
-48976	-24627.562
-47182	-24622.895
-37262	-24616.004
-26559	-24609.293
-40626	-24600.582
-49001	-24595.201
-47171	-24593.697
-37171	-24596.7
-26529	-24605.467
-40660	-24615.73
-48983	-24630.232
-47131	-24646.566
-37087	-24662.766
-26567	-24678.068
-40699	-24687.285
-48956	-24693.309
-47074	-24695.072
-37007	-24692.826
-26545	-24688.635
-40729	-24680.146
-48974	-24672.807
-47039	-24667.129
-36947	-24663.812
-26570	-24664.18
-40794	-24664.066
-48972	-24666.34
-47015	-24668.605
-36842	-24669.004
-26536	-24666.955
-40802	-24657.441
-48956	-24643.715
-46958	-24624.84
-36787	-24601.076
-26641	-24574.277
-40920	-24541.668
-49031	-24508.035
-46987	-24472.777
-36737	-24435.582
-26661	-24396.637
-40983	-24351.014
-49029	-24301.393
-46951	-24245.537
-36716	-24182.697
-26665	-24113.879
-40981	-24036.422
-49003	-23956.33
-46902	-23875.287
-36304	-23796.34
-26385	-23723.402
-41138	-23655.29
-49059	-23597.785
-46913	-23550.584
-36576	-23513.158
-26721	-23484.914
-41132	-23460.217
-49071	-23440.793
-46922	-23423.443
-36549	-23406.516
-26800	-23390.008
-41157	-23370.28
-49059	-23352.135
-46857	-23335.705
-36462	-23322.24
-26884	-23313.682
-41216	-23307.076
-49023	-23306.477
-46796	-23310.121
-36327	-23316.717
-26776	-23325.537
-41252	-23331.412
-49039	-23337.113
-46758	-23340.785
-36329	-23342.156
-26942	-23342.451
-41304	-23338.969
-49078	-23336.918
-46764	-23336.223
-36182	-23337.705
-26864	-23342.48
-41386	-23346.842
-49096	-23354.328
-46764	-23362.85
-36157	-23371.268
-26940	-23379.361
-41438	-23382.78
-49076	-23385.26
-46699	-23385.643
-36066	-23384.422
-26963	-23383.004
-41472	-23378.729
-49075	-23376.594
-46655	-23376.092
-35988	-23377.68
-27041	-23382.156
-41559	-23385.938
-49090	-23392.756
-46668	-23400.928
-35232	-23410.111
-26602	-23420.297
-41710	-23427.475
-49137	-23435.45
-46653	-23442.748
-35944	-23449.27
-27196	-23455.486
-41623	-23457.955
-49108	-23460.666
-46614	-23462.352
-35822	-23462.988
-27097	-23463.191
-41708	-23459.531
-49159	-23456.283
-46589	-23452.383
-35789	-23448.273
-27167	-23444.918
-41717	-23439.395
-49127	-23436.2
-46549	-23434.39
-35658	-23434.238
-27171	-23436.191
-41783	-23436.525
-49154	-23438.78
-46534	-23440.967
-35604	-23442.406
-27215	-23442.96
-41809	-23438.871
-49099	-23434.277
-46463	-23428.326
-35432	-23422.074
-27114	-23417.291
-41841	-23412.057
-49122	-23411.742
-46470	-23415.982
-35360	-23425.234
-27171	-23439.395
-41929	-23453.795
-49170	-23470.455
-46466	-23485.56
-35337	-23496.744
-27297	-23502.307
-42056	-23497.615
-49239	-23486.475
-46489	-23468.596
-35137	-23446.293
-27162	-23422.92
-42084	-23398.512
-49216	-23380.268
-46439	-23369.459
-34771	-23367.9
-27930	-23375.844
-42297	-23389.25
-49264	-23409.99
-46419	-23434.057
-35341	-23458.648
-27729	-23481.465
-42206	-23497.373
-49247	-23509.13
-46388	-23515.24
-34465	-23516.59
-26834	-23514.45
-42244	-23506.803
-49284	-23498.787
-46373	-23490.152
-34806	-23481.885
-27306	-23474.668
-42251	-23465.602
-49225	-23458.855
-46304	-23453.508
-34666	-23450.234
-27226	-23449.814
-42269	-23449.334
-49209	-23452.818
-46253	-23458.633
-34515	-23466.334
-27206	-23474.963
-42354	-23479.957
-49266	-23483.926
-46255	-23484.7
-34451	-23482.44
-27230	-23477.846
-42383	-23469.082
-49243	-23461.867
-46219	-23456.812
-34481	-23455.828
-27380	-23459.895
-42409	-23465.63
-49255	-23475.533
-46224	-23485.951
-34421	-23494.287
-27473	-23497.854
-42471	-23491.328
-49222	-23477.602
-46158	-23455.828
-34254	-23428.498
-27408	-23399.035
-42493	-23368.574
-49241	-23345.156
-46114	-23331.078
-35126	-23328.77
-30793	-23338.463
-42858	-23357.098
-49241	-23385.648
-46085	-23419.133
-34593	-23453.723
-28172	-23485.55
-42659	-23508.533
-49279	-23524.47
-46083	-23531.28
-34179	-23529.982
-27707	-23522.254
-42677	-23507.537
-49267	-23492.33
-46044	-23477.857
-34100	-23466.703
-27732	-23460.367
-42696	-23456.656
-49253	-23459.238
-46016	-23465.812
-34046	-23475.248
-27810	-23485.44
-42746	-23491.305
-49265	-23494.537
-45981	-23492.17
-34014	-23483.836
-27856	-23469.777
-42844	-23448.547
-49297	-23426.414
-45992	-23405.166
-33992	-23388.701
-28012	-23379.916
-42866	-23378.049
-49291	-23387.389
-45947	-23405.248
-33954	-23429.162
-28121	-23454.883
-42863	-23475.104
-49289	-23489.418
-45947	-23493.598
-33926	-23487.332
-28163	-23472.041
-42949	-23448.727
-49316	-23426.35
-45916	-23409.242
-33926	-23403.033
-28272	-23410.941
-42976	-23431.188
-49293	-23465.506
-45852	-23507.893
-34992	-23552.088
-31962	-23590.223
-43291	-23614.281
-49289	-23623.025
-45832	-23612.738
-34136	-23584.709
-28829	-23542.28
-43137	-23488.506
-49415	-23433.658
-45903	-23382.742
-33685	-23341.62
-28414	-23313.54
-43167	-23297.223
-49350	-23295.69
-45817	-23305.105
-33701	-23322.568
-28619	-23343.94
-43213	-23363.01
-49326	-23380.277
-45772	-23391.918
-33474	-23396.896
-28506	-23394.14
-43269	-23381.201
-49344	-23362.756
-45758	-23339.22
-33506	-23313.959
-28659	-23290.182
-43337	-23269.37
-49367	-23259.0
-45734	-23260.568
-33563	-23275.883
-28852	-23303.506
-43406	-23337.475
-49390	-23375.537
-45715	-23408.918
-33316	-23430.725
-28734	-23434.545
-43401	-23415.066
-49369	-23377.227
-45699	-23325.574
-33269	-23270.889
-28753	-23225.664
-43461	-23200.879
-49374	-23211.45
-45652	-23262.668
-33236	-23355.496
-28910	-23482.787
-43529	-23628.996
-49369	-23780.02
-45626	-23914.809
-33384	-24015.992
-29687	-24069.508
-43559	-24067.053
-49311	-24013.713
-45554	-23916.914
-33120	-23792.248
-29132	-23656.994
-43527	-23526.695
-49299	-23419.404
-45537	-23342.914
-33001	-23300.816
-29054	-23289.424
-43619	-23298.88
-49314	-23322.764
-45492	-23349.602
-32837	-23372.135
-29072	-23385.172
-43629	-23385.662
-49280	-23379.393
-45473	-23368.988
-32781	-23359.562
-29107	-23353.906
-43658	-23351.375
-49307	-23355.014
-45443	-23361.29
-32761	-23368.344
-29222	-23373.477
-43671	-23373.955
-49257	-23374.35
-45361	-23375.582
-32562	-23381.312
-29168	-23393.047
-43679	-23409.162
-49265	-23431.113
-45361	-23452.96
-32494	-23469.52
-29241	-23474.102
-43805	-23460.61
-49330	-23432.086
-45359	-23391.152
-32507	-23347.346
-29398	-23312.168
-43851	-23297.305
-49322	-23318.357
-45324	-23381.54
-32397	-23488.729
-29457	-23632.348
-43855	-23796.355
-49276	-23964.533
-45245	-24113.25
-33019	-24222.469
-31187	-24275.584
-43927	-24263.893
-49258	-24192.324
-45237	-24070.45
-32749	-23917.205
-30413	-23753.723
-44038	-23600.357
-49316	-23478.627
-45219	-23398.576
-32348	-23364.338
-29856	-23370.209
-44028	-23403.52
-49293	-23452.982
-45226	-23501.764
-32177	-23538.254
-29807	-23553.768
-44076	-23544.863
-49328	-23518.625
-45191	-23481.297
-32141	-23443.498
-29854	-23413.5
-44089	-23396.5
-49275	-23398.979
-45116	-23418.295
-31941	-23450.805
-29854	-23488.715
-44080	-23523.154
-49261	-23551.268
-45069	-23567.348
-31936	-23571.045
-29994	-23562.59
-44149	-23543.785
-49244	-23522.193
-44987	-23500.266
-31769	-23482.084
-29965	-23468.234
-44149	-23457.672
-49227	-23453.12
-44981	-23452.053
-31676	-23454.691
-30027	-23459.67
-44175	-23466.076
-49146	-23478.104
-44909	-23494.984
-31764	-23517.85
-30231	-23544.646
-44203	-23571.928
-49180	-23599.822
-44884	-23622.979
-32815	-23638.494
-32621	-23642.43
-44336	-23633.154
-49244	-23613.662
-44949	-23585.662
-31891	-23554.006
-30567	-23521.785
-44434	-23491.514
-49301	-23469.088
-44943	-23454.178
-31525	-23447.31
-30493	-23445.33
-44470	-23444.42
-49322	-23445.295
-44916	-23444.55
-31461	-23442.523
-30517	-23438.33
-44567	-23432.117
-49356	-23428.86
-44881	-23428.38
-31429	-23432.271
-30601	-23438.486
-44576	-23444.037
-49394	-23449.475
-44949	-23450.627
-31435	-23446.6
-30719	-23435.396
-44624	-23416.963
-49360	-23397.11
-44873	-23378.053
-31342	-23364.867
-30812	-23359.344
-44683	-23362.041
-49375	-23375.514
-44854	-23395.53
-31258	-23418.797
-30899	-23438.793
-44774	-23449.863
-49397	-23452.254
-44856	-23444.197
-31262	-23429.387
-31011	-23411.523
-44838	-23396.4
-49455	-23394.145
-44872	-23409.018
-31266	-23445.24
-31185	-23500.887
-44887	-23570.79
-49435	-23650.648
-44830	-23729.57
-32153	-23798.645
-32944	-23847.818
-44929	-23870.904
-49422	-23867.709
-44796	-23839.312
-31783	-23791.88
-31717	-23731.336
-44961	-23665.047
-49406	-23603.514
-44763	-23551.328
-31176	-23513.104
-31474	-23488.043
-45012	-23473.984
-49444	-23470.934
-44745	-23473.697
-31074	-23479.922
-31546	-23485.129
-45063	-23486.74
-49426	-23486.828
-44765	-23483.762
-31154	-23478.873
-31759	-23470.75
-45227	-23458.904
-49568	-23446.406
-44837	-23432.129
-30999	-23418.05
-31802	-23403.777
-45382	-23390.418
-49689	-23382.86
-44932	-23381.266
-31018	-23387.557
-31966	-23399.182
-45467	-23412.973
-49672	-23427.828
-44849	-23437.385
-31006	-23438.223
-32017	-23425.174
-45399	-23396.943
-49599	-23358.867
-44726	-23315.38
-30840	-23276.398
-32003	-23250.17
-45307	-23245.807
-49481	-23273.303
-44589	-23334.098
-30837	-23427.03
-32077	-23542.438
-45281	-23667.363
-49391	-23789.443
-44488	-23891.695
-31293	-23962.021
-32902	-23989.95
-45186	-23972.756
-49270	-23916.729
-44400	-23830.111
-31271	-23727.371
-32573	-23621.504
-45391	-23525.87
-49379	-23453.463
-44465	-23408.396
-30722	-23392.158
-32404	-23398.477
-45404	-23419.434
-49357	-23448.791
-44433	-23476.777
-30549	-23498.615
-32389	-23509.322
-45448	-23508.852
-49367	-23502.629
-44414	-23493.28
-30436	-23486.346
-32435	-23482.855
-45476	-23483.809
-49386	-23491.066
-44352	-23500.865
-30460	-23511.479
-32531	-23518.152
-45481	-23519.045
-49324	-23516.701
-44327	-23511.242
-30373	-23506.496
-32574	-23503.137
-45554	-23503.076
-49358	-23509.533
-44283	-23519.934
-30268	-23533.018
-32720	-23543.225
-45587	-23547.41
-49364	-23546.29
-44252	-23538.791
-30296	-23529.129
-32829	-23520.28
-45661	-23518.66
-49354	-23533.143
-44172	-23566.982
-30234	-23623.266
-32967	-23697.676
-45692	-23784.271
-49286	-23876.273
-44164	-23961.14
-29431	-24029.406
-31591	-24069.94
-45560	-24076.9
-49243	-24051.545
-44101	-23996.678
-31597	-23921.105
-33900	-23833.47
-45814	-23745.266
-49376	-23668.965
-44133	-23610.982
-30196	-23576.678
-33306	-23563.86
-45862	-23569.37
-49429	-23589.771
-44167	-23616.904
-30204	-23645.785
-33490	-23669.252
-46037	-23684.902
-49576	-23694.812
-44335	-23699.324
-30302	-23702.744
-33642	-23706.043
-46233	-23712.162
-49752	-23724.953
-44478	-23743.07
-30557	-23766.531
-34017	-23790.639
-46452	-23812.982
-49883	-23833.205
-44512	-23847.977
-30413	-23857.676
-34011	-23859.766
-46448	-23855.248
-49813	-23847.361
-44437	-23835.75
-30202	-23822.69
-33897	-23806.123
-46357	-23786.61
-49665	-23766.393
-44226	-23744.402
-29977	-23722.941
-33882	-23701.021
-46264	-23681.32
-49519	-23668.604
-44101	-23663.992
-30052	-23670.85
-33984	-23687.371
-46238	-23713.182
-49500	-23747.875
-44029	-23785.982
-28798	-23824.201
-32300	-23854.855
-46184	-23873.318
-49425	-23878.232
-43979	-23867.809
-30876	-23844.6
-34481	-23809.752
-46334	-23768.805
-49458	-23729.385
-43901	-23695.266
-29659	-23671.64
-33949	-23657.53
-46245	-23652.84
-49366	-23656.814
-43799	-23664.018
-29617	-23671.424
-33959	-23672.693
-46214	-23666.3
-49263	-23654.275
-43637	-23637.389
-29368	-23620.791
-33852	-23606.209
-46158	-23598.154
-49181	-23600.875
-43535	-23612.945
-29214	-23633.236
-33806	-23654.459
-46095	-23671.625
-49066	-23681.379
-43427	-23678.727
-29112	-23664.418
-33842	-23638.271
-46100	-23606.623
-49020	-23578.941
-43402	-23561.719
-29014	-23562.666
-33814	-23581.936
-46121	-23618.695
-49026	-23668.598
-43331	-23720.293
-28973	-23763.389
-33866	-23783.762
-46182	-23773.826
-48962	-23732.355
-43262	-23661.207
-28844	-23571.473
-33849	-23474.783
-46160	-23388.768
-48938	-23331.346
-43233	-23313.457
-27812	-23342.809
-32667	-23414.906
-46156	-23520.953
-48946	-23647.361
-43246	-23775.07
-29461	-23887.492
-34180	-23967.605
-46272	-24007.7
-48968	-24008.482
-43164	-23974.729
-28449	-23919.705
-33841	-23855.057
-46282	-23796.291
-48903	-23757.035
-43087	-23743.232
-28477	-23758.172
-33936	-23795.559
-46318	-23849.256
-48893	-23912.264
-43068	-23975.146
-28362	-24033.549
-33914	-24081.564
-46334	-24120.213
-48897	-24153.336
-43017	-24182.625
-28245	-24211.852
-33999	-24238.31
-46409	-24261.135
-48939	-24278.24
-43026	-24283.902
-28164	-24276.297
-34021	-24251.02
-46419	-24210.967
-48908	-24162.855
-42928	-24112.898
-28046	-24071.053
-34084	-24041.266
-46462	-24028.443
-48872	-24033.562
-42871	-24049.918
-27892	-24069.963
-34055	-24079.377
-46487	-24068.666
-48885	-24032.14
-42877	-23966.787
-27908	-23878.916
-34159	-23776.139
-46527	-23674.598
-48879	-23592.303
-42849	-23542.676
-26759	-23537.48
-32890	-23576.219
-46619	-23654.379
-48913	-23761.219
-42877	-23878.684
-28416	-23989.797
-34522	-24074.828
-46659	-24122.91
-48949	-24130.643
-42846	-24099.275
-27757	-24039.412
-34342	-23960.846
-46674	-23878.988
-48884	-23807.861
-42771	-23754.97
-27668	-23725.512
-34447	-23714.352
-46760	-23716.854
-48919	-23726.324
-42756	-23733.53
-27544	-23734.213
-34420	-23722.232
-46768	-23699.48
-48867	-23670.799
-42682	-23640.002
-27411	-23613.875
-34467	-23592.639
-46858	-23578.785
-48942	-23572.59
-42700	-23569.994
-27597	-23569.387
-34710	-23564.598
-46899	-23555.938
-48950	-23545.775
-42627	-23535.875
-27485	-23531.928
-34779	-23533.898
-46914	-23544.852
-48919	-23564.746
-42658	-23588.129
-27504	-23609.98
-34849	-23618.982
-46963	-23609.445
-48919	-23578.256
-42598	-23524.15
-26902	-23453.873
-34235	-23373.242
-47003	-23295.77
-48944	-23235.568
-42576	-23202.508
-26637	-23205.361
-33961	-23241.574
-47035	-23307.283
-48856	-23393.625
-42487	-23485.348
-27689	-23569.803
-35136	-23631.404
-47042	-23663.44
-48858	-23664.867
-42402	-23638.346
-27229	-23593.912
-35069	-23538.957
-47064	-23486.18
-48855	-23445.742
-42399	-23422.027
-27288	-23417.854
-35172	-23426.742
-47097	-23444.527
-48815	-23465.371
-42350	-23482.182
-27321	-23492.89
-35279	-23493.006
-47087	-23486.03
-48814	-23476.695
-42319	-23468.178
-27269	-23465.736
-35339	-23467.32
-47128	-23473.756
-48802	-23483.11
-42252	-23490.293
-27116	-23493.318
-35377	-23486.174
-47140	-23470.654
-48732	-23450.354
-42186	-23428.953
-27011	-23413.947
-35437	-23406.65
-47211	-23411.576
-48756	-23429.146
-42147	-23454.17
-27127	-23481.354
-35581	-23498.477
-47259	-23499.268
-48775	-23479.04
-42087	-23435.297
-26987	-23373.43
-35602	-23298.004
-47249	-23222.48
-48698	-23160.648
-41980	-23123.111
-26430	-23119.822
-35136	-23149.697
-47297	-23211.46
-48712	-23297.69
-41984	-23394.56
-27173	-23490.025
-35790	-23567.877
-47311	-23620.402
-48688	-23644.1
-41919	-23638.957
-27016	-23612.396
-35847	-23569.482
-47365	-23522.174
-48705	-23480.408
-41887	-23449.764
-26910	-23435.152
-35874	-23432.424
-47366	-23440.17
-48642	-23454.205
-41756	-23468.34
-26826	-23480.281
-35922	-23484.168
-47390	-23482.135
-48653	-23476.887
-41766	-23470.494
-26857	-23467.998
-36013	-23468.043
-47438	-23473.764
-48641	-23485.508
-41746	-23500.625
-26974	-23518.621
-36111	-23533.623
-47465	-23546.174
-48652	-23556.443
-41691	-23563.748
-26757	-23570.695
-36151	-23574.14
-47484	-23576.143
-48575	-23576.297
-41613	-23571.396
-26849	-23560.441
-36194	-23536.973
-47447	-23501.588
-48544	-23455.354
-41549	-23399.986
-26629	-23342.533
-36177	-23286.137
-47461	-23240.748
-48520	-23214.041
-41491	-23209.967
-26643	-23232.19
-36206	-23274.863
-47481	-23334.98
-48518	-23405.326
-41458	-23475.246
-26781	-23537.66
-36367	-23581.828
-47516	-23605.986
-48473	-23610.678
-41350	-23598.117
-26677	-23575.861
-36411	-23546.96
-47586	-23520.6
-48491	-23502.666
-41342	-23495.053
-26657	-23499.932
-36455	-23511.385
-47577	-23528.186
-48436	-23546.74
-41196	-23562.287
-26500	-23574.018
-36542	-23576.994
-47611	-23574.158
-48451	-23567.695
-41205	-23558.625
-26496	-23550.756
-36592	-23541.291
-47601	-23533.137
-48387	-23526.373
-41061	-23519.271
-26465	-23512.947
-36807	-23503.312
-47641	-23493.793
-48377	-23486.492
-41021	-23482.531
-26414	-23485.691
-36812	-23493.225
-47662	-23507.633
-48391	-23527.633
-41007	-23548.93
-26489	-23568.951
-36939	-23579.055
-47719	-23578.031
-48399	-23564.035
-40956	-23536.098
-26515	-23498.543
-37056	-23452.178
-47734	-23406.018
-48367	-23367.258
-40923	-23340.91
-26471	-23332.992
-37129	-23340.918
-47814	-23366.44
-48394	-23406.275
-40891	-23453.375
-26574	-23502.938
-37182	-23544.725
-47770	-23576.377
-48318	-23595.373
-40811	-23600.205
-26554	-23594.121
-37274	-23576.275
-47826	-23553.588
-48305	-23530.635
-40739	-23509.965
-26556	-23495.836
-37327	-23485.281
-47801	-23481.148
-48237	-23482.682
-40697	-23487.43
-26526	-23495.574
-37432	-23501.787
-47844	-23508.229
-48229	-23514.889
-40619	-23520.9
-26504	-23528.25
-37415	-23533.092
-47806	-23538.418
-48188	-23544.23
-40534	-23549.117
-26496	-23554.178
-37529	-23554.861
-47885	-23553.793
-48222	-23551.2
-40521	-23546.4
-26561	-23541.58
-37602	-23533.29
-47911	-23525.027
-48243	-23517.37
-40555	-23509.527
-26471	-23503.205
-37646	-23494.156
-48018	-23485.281
-48282	-23476.748
-40496	-23467.95
-26528	-23461.137
-37895	-23452.82
-48212	-23446.957
-48455	-23444.521
-40672	-23444.848
-26705	-23449.742
-38207	-23454.617
-48527	-23461.955
-48780	-23471.053
-41010	-23479.633
-27101	-23488.424
-38729	-23492.545
-48961	-23494.64
-49206	-23494.865
-41384	-23492.695
-27392	-23490.443
-39106	-23484.541
-49261	-23478.7
-49432	-23473.385
-41517	-23467.96
-27419	-23464.24
-39324	-23457.955
-49527	-23452.219
-49593	-23447.13
-41591	-23441.936
-27424	-23438.709
-39522	-23433.443
-49632	-23429.64
-49666	-23427.512
-41675	-23426.236
-27621	-23427.42
-39639	-23426.46
-49772	-23426.127
-49736	-23426.05
-41654	-23425.129
-27564	-23425.104
-39739	-23421.873
-49852	-23419.162
-49765	-23417.584
-41599	-23416.97
-27444	-23419.676
-39795	-23421.648
-49891	-23426.148
-49791	-23432.79
-41622	-23440.129
-27597	-23449.102
-39912	-23454.648
-49984	-23459.35
-49812	-23462.807
-41572	-23464.207
-27545	-23465.666
-39963	-23463.447
-50008	-23461.62
-49811	-23460.775
-41563	-23460.654
-27603	-23463.229
-40110	-23463.99
-50039	-23465.95
-49817	-23468.344
-41597	-23469.51
-27865	-23470.473
-40183	-23466.643
-50084	-23461.238
-49824	-23454.47
-41541	-23446.303
-27782	-23439.277
-40294	-23430.035
-50177	-23422.686
-49823	-23417.537
-41485	-23413.924
-27654	-23413.254
-40276	-23410.49
-50139	-23408.176
-49784	-23405.197
-41401	-23400.107
-27663	-23394.16
-40316	-23383.152
-50131	-23370.959
-49739	-23358.236
-41302	-23345.43
-27611	-23335.408
-40351	-23324.965
-50103	-23318.256
-49678	-23315.35
-41177	-23315.379
-27496	-23319.445
-40412	-23322.268
-50135	-23326.227
-49662	-23330.043
-41079	-23332.271
-27458	-23334.178
-40429	-23331.418
-50095	-23327.947
-49562	-23324.271
-40977	-23320.824
-27512	-23320.48
-40346	-23320.178
-49884	-23324.55
-49311	-23334.338
-40681	-23349.715
-27208	-23372.97
-40141	-23400.389
-49667	-23435.863
-49021	-23479.354
-40291	-23530.277
-26987	-23590.11
-39877	-23654.113
-49276	-23724.969
-48545	-23801.049
-39895	-23879.945
-26992	-23961.076
-39609	-24037.977
-48961	-24111.756
-48244	-24179.916
-39554	-24240.06
-26586	-24292.63
-39452	-24333.12
-48833	-24365.541
-48086	-24390.754
-39376	-24409.95
-26545	-24426.807
-39369	-24439.436
-48699	-24453.303
-47946	-24469.447
-39137	-24488.02
-26320	-24510.496
-39305	-24531.957
-48594	-24554.63
-47810	-24576.467
-39020	-24595.172
-26301	-24610.87
-39387	-24618.564
-48650	-24621.691
-47814	-24620.34
-38982	-24615.172
-26435	-24609.287
-39507	-24600.426
-48686	-24594.023
-47807	-24590.953
-38904	-24591.486
-26311	-24597.266
-39448	-24603.607
-48623	-24613.086
-47741	-24623.795
-38799	-24633.744
-26334	-24643.152
-39559	-24647.104
-48709	-24649.053
-47739	-24648.943
-38737	-24647.23
-26323	-24646.666
-39571	-24644.656
-48685	-24646.139
-47692	-24651.518
-38597	-24660.791
-26299	-24675.113
-39671	-24689.658
-48728	-24706.895
-47674	-24724.83
-38645	-24741.502
-26522	-24756.943
-39692	-24766.248
-48733	-24772.521
-47671	-24775.16
-38542	-24774.135
-26362	-24771.541
-39741	-24764.227
-48704	-24756.81
-47599	-24749.58
-38449	-24742.82
-26355	-24738.387
-39789	-24732.445
-48710	-24728.67
-47545	-24726.22
-38345	-24724.348
-26353	-24723.91
-39784	-24720.387
-48696	-24717.016
-47512	-24712.88
-38297	-24707.494
-26342	-24702.27
-39857	-24693.617
-48687	-24685.836
-47480	-24678.99
-38186	-24673.545
-26292	-24671.379
-39926	-24668.826
-48702	-24669.488
-47446	-24672.045
-38134	-24674.988
-26302	-24677.984
-39984	-24675.123
-48754	-24668.252
-47457	-24655.072
-38126	-24634.17
-26493	-24606.387
-40051	-24568.092
-48754	-24524.129
-47439	-24475.348
-38071	-24423.146
-26448	-24370.47
-40113	-24314.598
-48783	-24260.025
-47371	-24206.166
-37509	-24152.37
-25705	-24099.262
-40172	-24041.998
-48787	-23984.182
-47367	-23925.348
-37957	-23866.145
-26605	-23809.371
-40254	-23753.033
-48812	-23702.977
-47357	-23659.963
-37827	-23624.516
-26437	-23597.676
-40318	-23574.188
-48864	-23555.873
-47397	-23539.4
-37849	-23522.03
-26577	-23503.05
-40349	-23477.611
-48869	-23450.047
-47371	-23421.129
-37784	-23393.129
-26646	-23370.309
-40422	-23351.602
-48880	-23343.121
-47320	-23344.842
-37688	-23355.879
-26557	-23375.35
-40447	-23396.193
-48906	-23418.668
-47310	-23438.385
-37643	-23452.342
-26599	-23460.229
-40529	-23458.11
-48899	-23451.428
-47263	-23441.66
-37621	-23431.4
-26756	-23424.467
-40564	-23418.896
-48889	-23419.607
-47267	-23425.135
-37532	-23433.855
-26669	-23444.72
-40616	-23451.68
-48907	-23457.018
-47240	-23458.924
-37488	-23457.389
-26826	-23454.701
-40664	-23449.02
-48887	-23446.492
-47182	-23448.025
-36787	-23454.572
-25835	-23467.203
-40754	-23480.701
-48950	-23497.227
-47180	-23513.312
-37420	-23526.418
-26978	-23535.729
-40784	-23536.637
-48934	-23533.332
-47136	-23526.03
-37294	-23516.354
-26833	-23507.287
-40796	-23496.785
-48936	-23489.92
-47110	-23485.988
-37190	-23484.28
-26847	-23484.793
-40871	-23482.531
-48959	-23480.607
-47086	-23477.531
-37138	-23473.363
-26887	-23469.834
-40961	-23464.283
-48987	-23461.736
-47066	-23461.793
-37047	-23464.11
-26824	-23468.809
-41011	-23470.58
-48961	-23471.867
-47008	-23470.244
-37006	-23464.97
-26927	-23457.566
-41061	-23446.078
-49014	-23437.25
-47039	-23433.092
-36911	-23436.162
-26846	-23449.0
-41101	-23467.672
-49023	-23494.12
-47009	-23523.295
-36826	-23549.809
-26904	-23569.064
-41171	-23572.676
-49022	-23561.908
-46998	-23535.469
-36807	-23495.94
-26937	-23449.402
-41204	-23399.096
-49032	-23356.5
-46926	-23327.08
-36664	-23315.27
-26920	-23323.564
-41226	-23346.734
-48995	-23384.557
-46917	-23429.668
-36649	-23475.17
-27019	-23515.672
-41344	-23543.062
-49056	-23559.287
-46895	-23564.01
-36583	-23559.969
-26980	-23552.244
-41332	-23541.674
-49022	-23535.953
-46844	-23536.15
-36508	-23542.46
-27041	-23554.154
-41419	-23564.85
-49091	-23575.312
-46823	-23581.78
-36411	-23582.701
-27044	-23578.834
-41450	-23568.033
-49058	-23556.795
-46815	-23546.816
-36351	-23540.467
-27046	-23539.8
-41481	-23541.19
-49045	-23547.248
-46769	-23554.615
-36281	-23560.846
-27039	-23564.87
-41511	-23562.361
-49041	-23558.006
-46786	-23552.61
-36242	-23548.9
-27154	-23550.188
-41632	-23554.646
-49136	-23566.293
-46767	-23582.031
-36139	-23598.238
-27157	-23610.76
-41657	-23611.191
-49123	-23599.66
-46752	-23573.37
-36055	-23533.508
-27124	-23484.838
-41667	-23430.383
-49128	-23381.918
-46717	-23345.98
-35406	-23328.926
-26474	-23334.648
-41722	-23359.297
-49102	-23403.078
-46684	-23458.105
-36159	-23516.053
-27468	-23569.1
-41771	-23606.87
-49117	-23628.816
-46621	-23632.768
-36059	-23620.92
-27534	-23598.725
-41856	-23569.139
-49092	-23542.55
-46583	-23523.045
-35970	-23513.822
-27548	-23516.098
-41864	-23524.76
-49080	-23540.19
-46547	-23556.838
-35704	-23570.695
-27260	-23579.422
-41874	-23578.398
-49102	-23572.133
-46576	-23561.469
-35656	-23549.527
-27365	-23539.822
-41984	-23531.334
-49135	-23529.219
-46540	-23532.02
-35601	-23538.605
-27392	-23547.332
-42032	-23552.662
-49124	-23556.84
-46477	-23557.602
-35423	-23555.322
-27346	-23551.469
-42086	-23544.31
-49161	-23539.494
-46495	-23537.004
-35329	-23537.596
-27337	-23541.385
-42114	-23543.953
-49153	-23547.703
-46438	-23549.875
-35177	-23549.588
-27282	-23546.889
-42166	-23538.959
-49159	-23530.92
-46458	-23523.129
-34588	-23517.668
-26729	-23516.08
-42178	-23515.543
-49177	-23519.87
-46430	-23526.523
-35013	-23534.236
-27311	-23541.709
-42231	-23544.37
-49153	-23545.404
-46370	-23543.54
-34910	-23539.791
-27293	-23535.678
-42284	-23529.303
-49187	-23525.703
-46327	-23524.188
-34682	-23525.146
-27181	-23528.281
-42289	-23529.424
-49162	-23531.441
-46293	-23532.15
-34657	-23531.47
-27234	-23529.74
-42302	-23524.248
-49144	-23519.66
-46224	-23515.508
-34576	-23512.719
-27289	-23511.703
-42343	-23509.031
-49121	-23508.14
-46181	-23507.176
-34502	-23506.188
-27323	-23505.57
-42346	-23502.906
-49105	-23503.268
-46171	-23506.645
-34391	-23514.514
-27332	-23527.465
-42399	-23541.676
-49096	-23559.125
-46091	-23575.477
-34316	-23587.523
-27381	-23591.77
-42428	-23582.256
-49076	-23561.459
-46044	-23528.625
-34211	-23486.998
-27432	-23441.355
-42491	-23394.611
-49099	-23356.945
-46076	-23332.664
-34277	-23326.197
-27645	-23339.225
-42551	-23367.822
-49140	-23412.475
-46039	-23466.193
-34277	-23523.033
-27701	-23576.703
-42592	-23618.916
-49124	-23649.818
-46034	-23666.49
-34258	-23669.92
-27782	-23662.316
-42649	-23643.969
-49128	-23622.191
-46042	-23598.934
-34167	-23577.154
-27798	-23558.531
-42696	-23540.875
-49151	-23528.068
-45996	-23518.506
-34181	-23512.37
-27959	-23509.498
-42719	-23507.072
-49118	-23508.936
-45942	-23513.57
-34107	-23520.94
-28010	-23530.084
-42779	-23536.773
-49142	-23543.123
-45905	-23546.178
-34059	-23545.293
-28057	-23540.184
-42786	-23528.797
-49136	-23516.494
-45883	-23504.201
-33977	-23494.87
-28124	-23490.385
-42822	-23489.068
-49094	-23494.258
-45823	-23502.703
-33925	-23511.904
-28209	-23518.002
-42901	-23514.75
-49124	-23503.219
-45808	-23480.912
-33823	-23449.291
-28184	-23411.168
-42884	-23368.475
-49103	-23330.35
-45783	-23300.746
-33993	-23284.398
-28697	-23283.514
-42956	-23295.637
-49118	-23322.066
-45779	-23356.979
-33929	-23395.303
-28539	-23430.965
-43006	-23456.346
-49176	-23471.584
-45794	-23473.766
-33737	-23464.283
-28486	-23445.592
-43058	-23419.104
-49138	-23392.994
-45766	-23369.84
-33649	-23353.246
-28494	-23344.443
-43136	-23340.805
-49147	-23344.527
-45728	-23351.697
-33606	-23360.133
-28552	-23367.05
-43168	-23368.207
-49168	-23366.516
-45696	-23360.793
-33479	-23352.852
-28574	-23343.996
-43192	-23333.607
-49187	-23326.744
-45699	-23322.762
-33504	-23322.34
-28710	-23324.469
-43259	-23325.594
-49199	-23327.92
-45666	-23328.596
-33372	-23327.334
-28728	-23323.326
-43300	-23314.482
-49184	-23305.297
-45611	-23295.56
-33272	-23287.438
-28724	-23281.902
-43302	-23277.764
-49150	-23279.25
-45564	-23284.936
-33282	-23295.0
-28859	-23308.076
-43365	-23320.748
-49180	-23335.338
-45577	-23349.17
-33389	-23362.006
-29327	-23372.697
-43469	-23379.074
-49198	-23384.93
-45553	-23388.951
-33315	-23392.334
-29152	-23395.11
-43512	-23395.521
-49192	-23397.352
-45567	-23399.281
-33129	-23401.979
-28999	-23404.828
-43549	-23405.414
-49204	-23407.168
-45537	-23408.62
-33032	-23410.643
-29082	-23412.854
-43562	-23413.312
-49205	-23415.686
-45529	-23418.541
-32956	-23422.533
-29109	-23426.723
-43616	-23428.545
-49220	-23431.025
-45479	-23432.148
-32884	-23432.406
-29156	-23431.13
-43652	-23426.516
-49224	-23422.596
-45447	-23418.594
-32809	-23415.938
-29241	-23414.617
-43701	-23412.844
-49209	-23413.992
-45420	-23416.0
-32703	-23418.9
-29251	-23420.975
-43749	-23419.367
-49260	-23417.02
-45453	-23412.312
-32695	-23406.627
-29321	-23400.408
-43758	-23393.287
-49195	-23390.484
-45364	-23391.914
-32521	-23399.53
-29351	-23412.768
-43799	-23429.152
-49222	-23450.65
-45335	-23473.492
-32739	-23495.982
-30073	-23514.682
-43852	-23526.0
-49236	-23532.158
-45339	-23531.09
-32630	-23524.268
-29621	-23512.414
-43891	-23495.78
-49255	-23480.064
-45271	-23465.723
-32363	-23455.207
-29573	-23448.477
-43914	-23443.83
-49252	-23444.088
-45300	-23446.521
-32353	-23450.643
-29651	-23454.264
-44004	-23454.697
-49256	-23454.77
-45242	-23452.746
-32216	-23449.957
-29671	-23446.113
-44051	-23440.416
-49267	-23437.178
-45248	-23435.438
-32352	-23436.57
-29907	-23439.719
-44045	-23443.135
-49233	-23449.688
-45189	-23456.992
-32181	-23465.078
-29852	-23471.896
-44081	-23474.908
-49256	-23476.523
-45222	-23474.477
-32108	-23469.414
-29946	-23460.443
-44127	-23446.766
-49286	-23432.953
-45176	-23419.09
-32128	-23408.148
-30081	-23401.084
-44163	-23398.238
-49246	-23404.082
-45182	-23417.338
-32052	-23438.377
-30113	-23464.486
-44241	-23491.826
-49242	-23520.79
-45098	-23546.723
-32234	-23567.945
-31014	-23581.316
-44218	-23584.842
-49212	-23581.91
-45041	-23572.107
-33051	-23558.139
-31195	-23541.3
-44349	-23522.635
-49266	-23507.143
-45064	-23494.387
-31825	-23485.838
-30301	-23480.066
-44332	-23475.008
-49216	-23473.0
-45002	-23471.627
-31713	-23471.418
-30324	-23470.914
-44357	-23468.936
-49256	-23468.904
-44989	-23469.453
-31747	-23471.615
-30456	-23473.834
-44371	-23474.215
-49185	-23475.123
-44955	-23474.24
-31622	-23472.197
-30464	-23467.781
-44428	-23460.367
-49226	-23454.229
-44916	-23449.184
-31477	-23447.705
-30506	-23449.312
-44442	-23452.988
-49214	-23461.04
-44887	-23470.27
-31517	-23479.527
-30599	-23485.127
-44507	-23484.002
-49212	-23478.234
-44816	-23466.648
-31440	-23452.096
-30717	-23436.191
-44498	-23421.518
-49171	-23414.803
-44792	-23417.379
-31420	-23431.8
-30748	-23456.213
-44530	-23487.156
-49177	-23523.51
-44794	-23558.678
-31340	-23588.61
-30644	-23607.598
-44481	-23611.865
-49107	-23603.76
-44720	-23583.46
-32739	-23555.26
-31979	-23522.646
-44662	-23489.799
-49209	-23463.87
-44751	-23446.262
-31328	-23439.102
-31042	-23440.076
-44659	-23445.758
-49202	-23455.838
-44742	-23465.414
-31272	-23473.06
-31080	-23475.9
-44667	-23473.223
-49184	-23469.412
-44672	-23465.227
-31186	-23464.236
-31166	-23466.732
-44710	-23472.541
-49176	-23483.799
-44667	-23496.97
-31038	-23510.328
-31170	-23519.299
-44722	-23520.701
-49147	-23516.363
-44641	-23505.35
-31099	-23491.09
-31287	-23475.47
-44775	-23461.648
-49178	-23455.799
-44577	-23458.477
-30912	-23470.988
-31367	-23489.576
-44822	-23509.8
-49149	-23529.71
-44596	-23543.15
-31066	-23548.016
-31477	-23541.662
-44828	-23525.188
-49182	-23505.752
-44549	-23488.273
-30857	-23481.098
-31492	-23488.904
-44864	-23515.191
-49130	-23563.502
-44509	-23629.145
-30591	-23706.58
-31001	-23784.596
-44805	-23851.732
-49092	-23900.611
-44491	-23922.242
-32331	-23913.79
-32650	-23874.65
-44986	-23809.729
-49166	-23730.32
-44489	-23645.652
-30763	-23567.611
-31757	-23503.299
-44997	-23457.93
-49180	-23435.938
-44503	-23433.754
-30891	-23447.572
-31847	-23468.766
-45033	-23489.895
-49191	-23507.777
-44438	-23517.375
-30764	-23518.941
-31913	-23512.064
-45093	-23499.4
-49176	-23487.207
-44384	-23477.123
-30671	-23472.264
-32022	-23470.918
-45106	-23471.406
-49176	-23474.059
-44420	-23474.955
-30582	-23473.84
-32017	-23468.51
-45129	-23459.977
-49167	-23453.283
-44382	-23449.877
-30639	-23453.56
-32153	-23463.447
-45168	-23478.338
-49159	-23497.67
-44320	-23515.256
-30451	-23527.234
-32192	-23527.156
-45227	-23512.525
-49162	-23486.578
-44270	-23451.965
-30483	-23417.053
-32234	-23388.65
-45252	-23375.324
-49149	-23386.447
-44246	-23423.662
-30934	-23486.84
-33072	-23567.844
-45239	-23656.73
-49088	-23743.477
-44222	-23814.426
-31122	-23860.664
-32816	-23874.268
-45304	-23854.244
-49126	-23807.264
-44199	-23740.324
-30394	-23665.783
-32492	-23592.908
-45340	-23531.291
-49091	-23489.6
-44116	-23468.418
-30349	-23467.057
-32552	-23478.281
-45217	-23495.33
-48992	-23513.744
-44042	-23526.775
-30261	-23532.96
-32539	-23530.113
-45195	-23520.451
-48944	-23509.764
-43977	-23500.053
-30347	-23495.19
-32627	-23494.014
-45224	-23495.652
-48887	-23500.252
-43850	-23503.684
-30074	-23505.174
-32638	-23501.75
-45222	-23494.564
-48904	-23488.412
-43879	-23485.277
-30047	-23489.72
-32684	-23501.412
-45256	-23520.135
-48869	-23545.105
-43827	-23569.629
-30067	-23588.57
-32802	-23593.56
-45283	-23580.562
-48874	-23550.887
-43783	-23506.238
-29927	-23455.088
-32856	-23405.105
-45289	-23367.625
-48842	-23354.691
-43731	-23371.457
-29978	-23421.041
-32942	-23497.318
-45236	-23591.527
-48744	-23692.754
-43677	-23785.348
-30651	-23857.174
-33369	-23896.375
-45319	-23898.412
-48759	-23866.674
-43624	-23806.852
-29891	-23731.455
-33046	-23651.217
-45289	-23579.201
-48742	-23527.426
-43591	-23500.098
-29850	-23499.285
-33109	-23518.623
-45356	-23551.145
-48787	-23589.69
-43592	-23623.873
-29834	-23648.066
-33225	-23656.072
-45412	-23648.07
-48753	-23629.025
-43606	-23602.715
-29795	-23576.805
-33301	-23554.676
-45460	-23541.086
-48783	-23539.979
-43548	-23549.42
-29807	-23568.172
-33431	-23589.7
-45496	-23610.125
-48765	-23627.234
-43554	-23636.586
-29844	-23638.195
-33457	-23629.904
-45522	-23614.072
-48806	-23595.443
-43520	-23575.979
-29789	-23560.576
-33556	-23549.873
-45604	-23546.914
-48805	-23555.084
-43449	-23573.523
-29542	-23603.145
-33517	-23639.916
-45599	-23682.033
-48788	-23728.162
-43458	-23773.16
-29164	-23814.691
-32872	-23846.51
-45554	-23866.062
-48737	-23873.293
-43430	-23866.107
-30118	-23846.719
-33868	-23815.184
-45664	-23775.324
-48779	-23732.992
-43389	-23691.188
-29501	-23654.867
-33622	-23623.898
-45644	-23600.068
-48749	-23584.82
-43337	-23575.422
-29428	-23571.24
-33611	-23567.518
-45663	-23563.201
-48767	-23558.865
-43291	-23552.88
-29280	-23547.135
-33694	-23539.855
-45791	-23532.748
-48823	-23528.082
-43412	-23524.523
-29337	-23522.986
-33873	-23519.674
-46072	-23514.23
-49149	-23507.4
-43731	-23497.574
-29580	-23486.91
-34270	-23474.21
-46595	-23462.36
-49642	-23455.303
-44270	-23453.502
-29967	-23459.354
-34728	-23469.676
-47090	-23483.428
-50061	-23499.23
-44577	-23512.232
-29964	-23520.791
-34914	-23519.832
-47331	-23509.543
-50212	-23492.875
-44714	-23471.764
-30035	-23452.37
-35016	-23436.846
-47460	-23430.5
-50320	-23437.814
-44766	-23458.1
-29324	-23491.275
-34101	-23530.234
-47501	-23569.72
-50316	-23605.043
-44772	-23628.936
-30526	-23638.895
-35334	-23630.748
-47637	-23606.29
-50401	-23570.928
-44827	-23529.242
-29929	-23489.303
-35176	-23454.033
-47726	-23428.62
-50455	-23416.645
-44806	-23416.475
-29781	-23427.365
-35231	-23442.496
-47806	-23458.473
-50541	-23473.027
-44841	-23482.441
-29810	-23487.695
-35286	-23486.697
-47872	-23482.463
-50527	-23479.062
-44795	-23477.488
-29694	-23480.914
-35285	-23486.404
-47936	-23493.7
-50575	-23502.23
-44823	-23508.514
-29547	-23512.629
-35311	-23510.885
-47986	-23505.059
-50601	-23498.553
-44858	-23492.914
-29631	-23492.643
-35419	-23496.47
-48049	-23505.58
-50606	-23519.549
-44751	-23533.541
-29564	-23544.543
-35437	-23544.504
-47983	-23530.62
-50461	-23502.494
-44602	-23460.062
-29246	-23409.406
-35212	-23354.049
-47731	-23303.158
-50187	-23266.041
-44291	-23247.705
-28196	-23253.494
-33961	-23279.791
-47466	-23323.031
-49870	-23377.133
-43989	-23431.947
-29129	-23480.068
-34885	-23511.05
-47154	-23521.361
-49507	-23511.543
-43597	-23483.332
-28415	-23444.287
-34504	-23398.535
-46858	-23354.533
-49181	-23319.424
-43224	-23295.455
-28147	-23285.15
-34402	-23283.564
-46676	-23288.445
-48958	-23297.164
-43020	-23305.441
-27939	-23313.672
-34269	-23319.4
-46547	-23326.53
-48871	-23340.268
-42914	-23363.775
-27971	-23402.316
-34377	-23454.486
-46478	-23521.178
-48756	-23601.04
-42793	-23688.854
-27864	-23781.754
-34329	-23872.16
-46462	-23958.23
-48695	-24039.543
-42694	-24115.027
-27624	-24187.68
-34345	-24255.627
-46514	-24320.918
-48664	-24384.018
-42672	-24441.35
-27514	-24491.002
-34196	-24525.252
-46453	-24541.4
-48606	-24538.293
-42559	-24515.246
-27444	-24477.818
-34280	-24429.424
-46518	-24380.275
-48647	-24340.963
-42559	-24318.848
-26242	-24321.885
-32938	-24348.666
-46471	-24397.746
-48543	-24463.928
-42506	-24536.947
-27716	-24608.44
-34572	-24665.877
-46534	-24703.799
-48564	-24720.242
-42496	-24715.32
-27417	-24695.62
-34506	-24664.975
-46501	-24632.803
-48516	-24607.268
-42341	-24592.287
-27133	-24591.836
-34499	-24601.484
-46501	-24619.25
-48469	-24641.28
-42307	-24661.53
-27277	-24677.955
-34557	-24685.152
-46485	-24684.654
-48397	-24679.2
-42217	-24670.717
-27126	-24664.201
-34558	-24658.781
-46516	-24657.336
-48428	-24660.766
-42203	-24666.979
-27052	-24676.324
-34601	-24683.986
-46505	-24690.879
-48385	-24698.156
-42189	-24705.88
-27164	-24717.229
-34679	-24729.62
-46502	-24744.098
-48396	-24759.217
-42099	-24769.8
-27084	-24772.2
-34727	-24757.09
-46558	-24721.152
-48372	-24662.508
-42040	-24580.758
-27053	-24481.99
-34769	-24370.383
-46561	-24257.467
-48346	-24154.482
-42009	-24069.643
-26224	-24011.203
-33931	-23977.54
-46524	-23967.52
-48315	-23975.3
-41996	-23990.084
-27387	-24003.027
-35026	-24001.412
-46617	-23980.176
-48337	-23937.633
-41953	-23874.543
-26911	-23798.27
-34942	-23713.152
-46643	-23629.457
-48292	-23555.494
-41881	-23495.379
-26982	-23453.027
-35020	-23423.998
-46664	-23406.73
-48274	-23397.45
-41837	-23390.732
-26913	-23385.205
-35052	-23375.824
-46620	-23364.797
-48257	-23354.426
-41779	-23345.81
-26761	-23342.371
-35109	-23340.861
-46654	-23341.938
-48261	-23343.766
-41722	-23342.176
-26649	-23336.328
-35079	-23321.287
-46633	-23299.684
-48149	-23275.115
-41641	-23251.088
-26782	-23234.7
-35188	-23226.762
-46655	-23231.613
-48163	-23249.1
-41635	-23273.895
-26702	-23300.838
-35266	-23317.557
-46696	-23317.844
-48159	-23296.254
-41638	-23249.59
-26712	-23182.633
-35281	-23099.438
-46709	-23013.688
-48162	-22939.371
-41537	-22888.107
-26182	-22871.467
-34792	-22890.2
-46753	-22944.945
-48135	-23029.1
-41536	-23129.357
-26967	-23233.143
-35459	-23322.8
-46781	-23389.021
-48185	-23425.768
-41512	-23430.824
-26585	-23410.344
-35442	-23368.896
-46814	-23319.295
-48170	-23272.588
-41469	-23236.078
-26594	-23216.668
-35503	-23211.621
-46839	-23220.617
-48171	-23239.018
-41395	-23259.523
-26474	-23278.373
-35539	-23287.873
-46852	-23288.91
-48079	-23283.008
-41309	-23271.777
-26437	-23260.709
-35621	-23249.352
-46846	-23242.39
-48079	-23241.09
-41271	-23243.586
-26317	-23250.09
-35609	-23254.781
-46864	-23258.684
-48069	-23261.885
-41257	-23263.979
-26334	-23268.514
-35708	-23273.398
-46927	-23282.316
-48111	-23295.621
-41269	-23310.293
-26467	-23324.752
-35788	-23330.678
-46909	-23326.115
-48036	-23308.27
-41206	-23275.064
-26517	-23230.363
-35824	-23175.336
-46948	-23119.848
-48032	-23072.816
-41177	-23041.08
-26426	-23032.576
-35912	-23045.996
-47002	-23082.828
-48059	-23138.564
-41191	-23203.834
-26806	-23271.05
-36046	-23327.383
-47001	-23368.104
-48044	-23389.709
-41086	-23390.871
-26465	-23376.688
-35967	-23349.104
-46981	-23317.705
-47940	-23289.682
-41021	-23269.072
-26493	-23260.506
-36119	-23260.143
-47044	-23268.225
-47976	-23281.16
-40938	-23293.592
-26423	-23303.531
-36181	-23304.719
-47101	-23299.123
-48004	-23288.059
-40970	-23272.73
-26423	-23257.707
-36206	-23241.662
-47141	-23228.879
-48002	-23220.393
-40909	-23214.943
-26463	-23213.455
-36299	-23211.068
-47134	-23209.69
-48026	-23209.586
-40891	-23210.414
-26427	-23215.01
-36347	-23220.51
-47107	-23230.043
-47924	-23243.256
-40813	-23257.412
-26479	-23271.61
-36366	-23278.666
-47089	-23278.26
-47886	-23268.531
-40754	-23248.03
-26410	-23220.115
-36457	-23184.43
-47100	-23148.738
-47867	-23118.889
-40726	-23099.072
-26400	-23094.887
-36607	-23103.895
-47108	-23128.201
-47859	-23164.803
-40769	-23207.172
-26751	-23251.027
-36736	-23286.79
-47250	-23312.678
-47898	-23326.389
-40651	-23326.785
-26411	-23317.633
-36776	-23298.562
-47279	-23276.748
-47912	-23256.598
-40624	-23240.498
-26365	-23232.16
-36799	-23227.936
-47282	-23229.584
-47859	-23235.025
-40564	-23240.697
-26449	-23245.97
-36881	-23245.2
-47294	-23240.504
-47871	-23232.24
-40581	-23220.56
-26459	-23208.875
-36940	-23195.03
-47295	-23183.518
-47859	-23175.682
-40517	-23171.215
-26474	-23172.154
-37046	-23174.357
-47344	-23180.385
-47844	-23189.656
-40457	-23200.596
-26474	-23214.137
-37126	-23225.475
-47378	-23236.605
-47858	-23246.58
-40484	-23253.527
-26622	-23258.479
-37230	-23257.213
-47390	-23253.033
-47830	-23246.945
-40402	-23239.61
-26570	-23234.742
-37194	-23230.521
-47382	-23231.701
-47796	-23239.354
-40364	-23252.584
-26405	-23272.088
-37153	-23291.713
-47325	-23311.818
-47756	-23329.428
-40337	-23340.672
-26551	-23345.445
-37352	-23339.17
-47376	-23325.56
-47751	-23306.623
-40318	-23284.385
-26495	-23263.887
-37381	-23244.193
-47402	-23230.717
-47734	-23224.582
-40242	-23224.854
-26527	-23232.113
-37446	-23240.498
-47394	-23250.838
-47694	-23261.045
-40127	-23268.654
-26236	-23274.852
-37383	-23275.74
-47426	-23275.229
-47702	-23274.482
-40100	-23273.875
-26501	-23276.053
-37609	-23277.494
-47489	-23281.207
-47687	-23286.393
-40081	-23291.232
-26429	-23296.436
-37598	-23297.238
-47491	-23296.453
-47677	-23293.994
-39967	-23289.496
-26284	-23285.352
-37619	-23278.283
-47491	-23272.021
-47673	-23266.656
-39981	-23261.346
-26330	-23257.615
-37665	-23251.13
-47517	-23245.02
-47656	-23239.322
-39941	-23233.867
-26452	-23231.396
-37737	-23229.115
-47511	-23231.47
-47634	-23239.125
-39855	-23251.535
-26082	-23270.027
-37551	-23289.23
-47549	-23310.555
-47632	-23331.59
-39859	-23349.143
-26442	-23362.998
-37850	-23368.043
-47566	-23367.14
-47602	-23360.76
-39784	-23349.58
-26325	-23337.268
-37874	-23321.943
-47601	-23308.94
-47609	-23299.535
-39822	-23293.855
-26451	-23293.799
-37933	-23294.979
-47646	-23299.828
-47614	-23306.979
-39733	-23314.531
-26392	-23323.217
-38019	-23328.299
-47666	-23332.775
-47617	-23336.209
-39709	-23337.92
-26351	-23339.902
-38015	-23338.46
-47704	-23337.309
-47631	-23336.557
-39704	-23335.945
-26366	-23337.668
-37991	-23338.219
-47694	-23341.45
-47569	-23347.344
-39657	-23355.248
-26441	-23366.545
-38134	-23376.686
-47691	-23388.1
-47524	-23399.197
-39551	-23407.93
-26333	-23414.71
-38172	-23414.662
-47704	-23410.746
-47493	-23402.736
-39489	-23390.691
-26249	-23377.506
-38169	-23360.725
-47711	-23345.385
-47472	-23332.668
-39425	-23323.037
-26169	-23318.98
-38156	-23316.637
-47711	-23319.21
-47506	-23325.695
-39427	-23334.547
-26242	-23346.41
-38184	-23356.287
-47752	-23366.4
-47464	-23375.506
-39352	-23381.996
-26216	-23386.725
-38277	-23384.988
-47788	-23379.81
-47496	-23370.71
-39382	-23357.436
-26292	-23342.643
-38331	-23323.88
-47784	-23306.498
-47401	-23292.303
-39244	-23282.701
-26089	-23280.979
-38319	-23283.94
-47826	-23294.766
-47434	-23311.645
-39237	-23331.582
-26141	-23353.201
-38339	-23369.275
-47786	-23380.395
-47358	-23384.154
-39124	-23379.207
-26170	-23367.998
-38392	-23348.652
-47805	-23327.734
-47400	-23308.41
-39081	-23293.441
-26009	-23286.998
-38431	-23286.254
-47805	-23294.334
-47361	-23308.824
-39047	-23326.148
-26005	-23344.346
-38497	-23355.873
-47874	-23361.455
-47352	-23359.207
-38995	-23348.62
-26143	-23332.895
-38554	-23310.86
-47854	-23289.408
-47336	-23271.49
-38947	-23259.365
-26082	-23256.385
-38593	-23258.936
-47851	-23269.59
-47332	-23285.752
-38969	-23304.264
-26203	-23323.945
-38653	-23338.559
-47877	-23349.928
-47320	-23357.021
-38883	-23359.746
-26126	-23360.861
-38717	-23357.998
-47914	-23356.31
-47268	-23356.502
-38815	-23358.773
-26132	-23364.754
-38750	-23369.863
-47921	-23376.63
-47296	-23383.234
-38790	-23388.062
-26090	-23391.955
-38802	-23390.682
-47982	-23388.012
-47278	-23384.004
-38702	-23379.191
-26062	-23376.137
-38824	-23371.7
-47959	-23370.037
-47227	-23370.674
-38681	-23372.932
-26186	-23377.78
-38916	-23380.508
-47966	-23383.877
-47223	-23386.467
-38694	-23387.236
-26222	-23387.457
-38941	-23383.09
-47952	-23377.838
-47173	-23371.36
-38567	-23363.65
-26189	-23356.69
-39066	-23346.979
-47946	-23338.473
-47140	-23330.857
-38538	-23323.93
-26226	-23319.305
-38997	-23313.178
-47954	-23309.04
-47158	-23306.145
-38488	-23303.97
-26200	-23303.94
-39090	-23302.041
-47961	-23301.93
-47102	-23302.953
-38492	-23304.805
-26307	-23309.13
-39122	-23312.113
-48002	-23317.303
-47146	-23323.809
-38465	-23330.781
-26287	-23339.102
-39112	-23344.008
-47999	-23348.242
-47102	-23350.273
-38310	-23349.139
-26133	-23346.104
-39244	-23337.389
-48034	-23327.314
-47103	-23316.168
-38289	-23304.86
-26139	-23296.19
-39256	-23287.299
-48044	-23282.535
-47069	-23281.256
-38247	-23282.629
-26187	-23287.15
-39274	-23289.639
-48036	-23292.305
-47056	-23293.191
-38187	-23291.174
-26153	-23287.562
-39345	-23278.877
-48054	-23269.758
-47017	-23260.807
-38119	-23253.135
-26156	-23249.453
-39421	-23246.65
-48074	-23248.617
-46996	-23254.066
-38103	-23261.615
-26229	-23271.36
-39489	-23277.951
-48129	-23283.887
-47034	-23287.553
-38083	-23288.5
-26245	-23288.572
-39516	-23284.834
-48129	-23282.125
-47026	-23280.785
-37999	-23281.42
-26264	-23285.8
-39595	-23289.871
-48169	-23296.584
-47025	-23303.994
-37976	-23310.506
-26274	-23316.338
-39661	-23316.88
-48204	-23315.607
-47004	-23312.037
-37952	-23306.79
-26301	-23302.355
-39692	-23296.115
-48186	-23292.71
-46973	-23291.8
-37899	-23293.07
-26289	-23297.336
-39711	-23299.764
-48217	-23302.941
-46979	-23304.97
-37830	-23304.893
-26346	-23303.873
-39752	-23298.46
-48204	-23293.176
-46921	-23288.252
-37745	-23284.64
-26294	-23284.598
-39824	-23284.83
-48237	-23288.994
-46918	-23295.662
-37748	-23303.55
-26372	-23312.754
-39858	-23318.242
-48231	-23322.777
-46888	-23324.979
-37639	-23324.521
-26236	-23323.13
-39835	-23317.67
-48212	-23312.715
-46862	-23308.14
-37613	-23304.217
-26370	-23302.486
-39906	-23299.045
-48239	-23297.32
-46877	-23295.922
-37634	-23294.367
-26506	-23293.768
-39958	-23290.547
-48237	-23288.9
-46834	-23288.383
-37496	-23289.412
-26409	-23293.604
-40003	-23297.254
-48251	-23303.793
-46784	-23311.5
-37431	-23319.135
-26404	-23326.775
-40057	-23329.527
-48274	-23330.393
-46776	-23328.094
-37382	-23322.617
-26362	-23315.822
-40078	-23304.998
-48299	-23295.066
-46798	-23286.238
-37299	-23279.305
-26306	-23276.018
-40093	-23272.738
-48276	-23272.969
-46777	-23275.111
-37272	-23278.256
-26376	-23282.744
-40181	-23284.096
-48312	-23285.604
-46769	-23285.945
-37267	-23284.86
-26445	-23283.674
-40228	-23278.941
-48331	-23274.832
-46704	-23270.738
-37114	-23266.936
-26341	-23265.018
-40250	-23261.59
-48306	-23260.803
-46684	-23261.852
-37177	-23264.729
-26551	-23270.514
-40271	-23275.291
-48309	-23282.45
-46708	-23290.299
-37149	-23298.0
-26552	-23305.975
-40355	-23309.96
-48369	-23313.432
-46678	-23315.287
-36992	-23315.68
-26446	-23316.256
-40368	-23314.021
-48359	-23313.492
-46670	-23314.227
-36344	-23316.557
-25593	-23321.574
-40419	-23325.016
-48391	-23330.164
-46662	-23335.21
-37034	-23339.33
-26753	-23343.1
-40476	-23342.732
-48375	-23342.17
-46627	-23340.807
-36877	-23339.098
-26519	-23338.742
-40517	-23336.443
-48377	-23336.2
-46599	-23336.684
-36827	-23337.365
-26575	-23338.69
-40582	-23336.46
-48404	-23334.168
-46617	-23330.736
-36846	-23326.49
-26668	-23323.225
-40611	-23318.256
-48421	-23316.314
-46589	-23316.84
-36782	-23319.812
-26724	-23325.773
-40709	-23330.0
-48442	-23334.967
-46569	-23337.965
-36687	-23337.697
-26607	-23334.463
-40664	-23324.73
-48402	-23313.307
-46531	-23300.676
-36634	-23288.92
-26730	-23281.164
-40786	-23275.588
-48439	-23277.055
-46517	-23284.467
-36667	-23296.768
-26838	-23313.055
-40831	-23327.44
-48465	-23341.277
-46501	-23351.258
-36611	-23356.053
-26851	-23356.162
-40832	-23348.678
-48408	-23338.803
-46433	-23327.291
-35832	-23316.258
-25952	-23308.27
-40861	-23300.666
-48391	-23297.684
-46421	-23297.717
-36584	-23299.734
-27047	-23303.424
-40944	-23304.1
-48429	-23304.66
-46415	-23303.398
-36454	-23300.377
-26935	-23296.898
-40983	-23290.238
-48411	-23284.986
-46400	-23280.684
-36437	-23277.82
-27017	-23277.557
-41038	-23276.516
-48427	-23278.479
-46382	-23282.045
-36392	-23287.033
-27011	-23294.035
-41064	-23299.22
-48452	-23305.918
-46412	-23312.016
-36374	-23316.596
-27081	-23319.389
-41261	-23316.04
-48591	-23309.98
-46556	-23300.18
-36639	-23287.805
-27412	-23275.654
-41609	-23262.982
-48960	-23256.533
-46941	-23257.506
-36901	-23267.41
-27741	-23286.97
-42037	-23310.791
-49321	-23339.027
-47275	-23365.23
-37177	-23383.855
-27957	-23390.535
-42422	-23378.2
-49597	-23349.562
-47508	-23304.941
-37410	-23249.076
-28289	-23189.629
-42659	-23131.312
-49779	-23086.084
-47642	-23059.145
-36637	-23054.645
-27352	-23073.807
-42789	-23109.9
-49843	-23160.982
-47691	-23217.87
-37597	-23272.367
-28648	-23317.951
-42907	-23346.23
-49907	-23358.967
-47764	-23355.797
-37660	-23340.406
-28715	-23318.88
-43024	-23293.73
-49949	-23274.027
-47734	-23262.033
-37707	-23259.3
-28867	-23265.984
-43127	-23276.525
-49967	-23291.645
-47756	-23306.666
-37690	-23319.021
-28932	-23327.88
-43189	-23329.643
-49976	-23328.777
-47781	-23325.057
-37752	-23319.682
-29044	-23314.09
-43288	-23305.074
-50018	-23296.146
-47794	-23285.312
-37457	-23272.488
-28812	-23258.844
-43333	-23242.629
-49967	-23230.19
-47720	-23223.049
-37425	-23224.021
-28872	-23235.375
-43351	-23253.615
-49946	-23280.262
-47650	-23309.271
-37308	-23334.654
-28857	-23350.422
-43403	-23347.535
-49946	-23326.3
-47672	-23284.832
-37272	-23226.48
-28857	-23158.402
-43496	-23086.111
-49985	-23023.305
-47711	-22977.375
-36611	-22955.027
-28281	-22959.379
-43567	-22985.516
-49965	-23031.967
-47705	-23089.055
-37294	-23147.578
-29041	-23199.28
-43573	-23234.277
-49939	-23253.004
-47661	-23254.049
-37080	-23240.924
-28966	-23219.54
-43671	-23192.871
-49951	-23170.4
-47628	-23154.371
-37071	-23146.377
-29021	-23145.982
-43727	-23147.357
-49927	-23151.115
-47629	-23152.77
-36959	-23151.059
-28950	-23146.865
-43760	-23139.232
-49860	-23135.89
-47517	-23139.434
-36852	-23153.734
-29006	-23181.453
-43772	-23219.64
-49837	-23270.473
-47500	-23329.135
-36809	-23391.969
-28989	-23455.896
-43712	-23515.412
-49674	-23573.889
-47307	-23630.836
-36594	-23688.797
-28856	-23750.82
-43473	-23815.568
-49322	-23887.078
-46920	-23961.592
-36239	-24034.977
-28700	-24101.635
-43129	-24152.213
-48853	-24185.277
-46429	-24196.26
-35821	-24185.732
-28404	-24158.094
-42700	-24117.635
-48371	-24077.72
-46009	-24046.588
-35413	-24033.154
-28326	-24043.418
-42514	-24076.453
-48157	-24133.953
-45776	-24207.848
-35467	-24289.61
-28396	-24369.875
-42371	-24436.975
-47944	-24488.316
-45608	-24519.074
-35166	-24529.957
-28179	-24524.959
-42387	-24507.094
-47894	-24487.09
-45549	-24469.566
-35123	-24459.504
-28255	-24459.613
-42384	-24467.096
-47814	-24483.92
-45446	-24504.928
-35121	-24526.592
-28389	-24545.662
-42385	-24556.947
-47714	-24563.074
-45363	-24562.361
-35018	-24555.912
-28440	-24545.312
-42382	-24529.299
-47672	-24512.953
-45364	-24495.488
-35066	-24477.805
-28487	-24460.787
-42409	-24442.469
-47646	-24427.834
-45332	-24416.28
-35077	-24409.225
-28601	-24407.66
-42459	-24408.994
-47618	-24416.227
-45299	-24425.611
-35001	-24434.668
-28591	-24440.46
-42481	-24437.455
-47570	-24427.666
-45212	-24408.918
-34921	-24382.814
-28669	-24352.596
-42481	-24319.975
-47531	-24293.719
-45209	-24276.57
-35200	-24272.084
-29347	-24281.729
-42512	-24302.568
-47459	-24335.828
-45152	-24375.248
-34982	-24416.094
-28872	-24453.605
-42512	-24481.45
-47495	-24501.146
-45129	-24510.547
-34880	-24511.178
-28924	-24505.703
-42572	-24494.787
-47441	-24485.354
-45103	-24477.963
-34877	-24474.266
-29051	-24474.484
-42603	-24475.396
-47422	-24479.453
-45102	-24483.35
-34971	-24486.107
-29164	-24487.164
-42637	-24484.11
-47438	-24481.295
-45076	-24477.719
-34745	-24474.508
-29036	-24472.053
-42654	-24467.81
-47402	-24464.764
-45056	-24459.764
-34610	-24451.557
-29002	-24438.49
-42691	-24416.803
-47372	-24389.383
-45029	-24353.94
-34602	-24310.975
-29079	-24260.861
-42652	-24201.92
-47312	-24138.723
-44964	-24070.1
-34605	-23997.201
-29207	-23920.85
-42691	-23839.852
-47311	-23759.557
-44965	-23679.91
-34544	-23603.498
-29241	-23532.576
-42773	-23466.975
-47266	-23412.252
-44895	-23367.379
-34878	-23332.605
-30213	-23306.62
-42811	-23285.697
-47231	-23271.275
-44898	-23258.562
-34682	-23245.658
-29590	-23230.867
-42823	-23211.352
-47281	-23191.262
-44878	-23169.945
-34384	-23149.72
-29406	-23132.498
-42851	-23117.826
-47263	-23110.787
-44845	-23109.762
-34346	-23114.682
-29467	-23123.97
-42901	-23133.41
-47259	-23144.61
-44859	-23153.576
-34249	-23159.344
-29435	-23160.979
-42887	-23156.422
-47178	-23150.53
-44804	-23142.969
-34221	-23136.387
-29565	-23132.586
-42896	-23131.084
-47121	-23136.732
-44724	-23147.693
-34131	-23163.701
-29535	-23182.822
-42937	-23200.635
-47175	-23218.424
-44737	-23231.72
-34031	-23239.307
-29577	-23239.994
-42916	-23231.992
-47092	-23220.537
-44696	-23206.129
-33856	-23192.53
-29530	-23182.793
-42940	-23177.816
-47094	-23183.436
-44657	-23198.342
-33919	-23222.385
-29636	-23252.984
-43002	-23284.729
-47109	-23317.37
-44674	-23344.865
-34270	-23364.408
-30644	-23373.305
-43048	-23369.426
-47078	-23357.535
-44649	-23337.78
-33939	-23314.203
-29933	-23290.1
-43022	-23267.12
-47086	-23251.725
-44612	-23243.477
-33805	-23243.434
-29892	-23250.398
-43129	-23260.814
-47157	-23276.361
-44729	-23292.79
-33756	-23309.014
-29950	-23323.166
-43220	-23332.555
-47231	-23340.547
-44746	-23344.93
-33702	-23346.527
-29936	-23344.828
-43214	-23337.986
-47207	-23329.785
-44669	-23318.322
-33657	-23304.906
-30100	-23289.996
-43216	-23273.186
-47162	-23259.812
-44649	-23249.361
-33647	-23243.867
-30149	-23243.303
-43271	-23245.549
-47183	-23252.979
-44625	-23261.406
-33556	-23269.25
-30192	-23273.646
-43264	-23271.424
-47151	-23265.898
-44582	-23256.094
-33453	-23245.35
-30173	-23236.465
-43247	-23231.512
-47104	-23237.375
-44544	-23254.088
-33374	-23282.844
-30242	-23321.248
-43264	-23363.996
-47082	-23409.63
-44522	-23450.463
-34348	-23481.91
-32387	-23499.162
-43277	-23499.178
-47038	-23485.44
-44501	-23458.332
-33497	-23422.887
-30506	-23383.424
-43332	-23343.398
-47104	-23310.475
-44493	-23285.508
-33195	-23270.666
-30311	-23264.654
-43282	-23264.027
-47081	-23269.55
-44504	-23276.408
-33174	-23283.205
-30423	-23287.469
-43349	-23286.803
-47107	-23284.648
-44478	-23279.502
-33176	-23273.21
-30471	-23265.828
-43366	-23256.39
-47103	-23248.656
-44423	-23240.9
-33071	-23234.365
-30524	-23228.615
-43361	-23222.537
-47093	-23219.97
-44417	-23219.348
-32911	-23221.791
-30546	-23225.867
-43437	-23228.783
-47151	-23232.027
-44461	-23231.5
-32912	-23226.365
-30622	-23214.59
-43437	-23194.678
-47101	-23171.604
-44383	-23146.572
-32906	-23125.135
-30648	-23111.266
-43444	-23107.918
-47122	-23121.395
-44392	-23150.535
-32790	-23194.73
-30709	-23248.648
-43473	-23304.518
-47094	-23358.197
-44343	-23400.62
-33672	-23427.201
-32725	-23433.758
-43534	-23419.467
-47079	-23390.277
-44349	-23349.916
-33119	-23306.383
-31167	-23265.662
-43565	-23232.158
-47139	-23212.748
-44336	-23206.56
-32689	-23213.457
-30872	-23229.043
-43561	-23247.625
-47144	-23267.984
-44333	-23284.75
-32613	-23297.127
-30957	-23303.67
-43536	-23303.957
-47121	-23302.852
-44316	-23300.229
-32484	-23298.766
-30975	-23297.836
-43614	-23295.705
-47158	-23294.568
-44301	-23291.547
-32220	-23287.555
-30869	-23281.797
-43650	-23274.363
-47203	-23270.445
-44296	-23270.27
-32501	-23276.678
-31162	-23288.66
-43671	-23303.287
-47164	-23320.254
-44281	-23332.895
-32478	-23337.607
-31222	-23329.303
-43641	-23305.207
-47121	-23269.898
-44229	-23226.416
-32342	-23184.01
-31184	-23151.08
-43686	-23135.928
-47139	-23149.068
-44231	-23192.219
-32206	-23265.422
-31224	-23360.775
-43677	-23466.043
-47177	-23570.252
-44187	-23657.035
-32226	-23715.275
-31338	-23735.363
-43589	-23713.508
-47071	-23655.74
-44121	-23569.12
-33607	-23467.166
-32397	-23362.838
-43774	-23268.3
-47157	-23196.459
-44172	-23151.092
-32279	-23134.236
-31425	-23140.75
-43699	-23162.547
-47132	-23193.975
-44099	-23224.906
-32087	-23250.352
-31449	-23265.307
-43736	-23268.088
-47112	-23263.354
-44078	-23252.477
-31872	-23240.688
-31454	-23229.566
-43814	-23219.977
-47172	-23215.082
-44072	-23212.137
-31915	-23211.203
-31489	-23209.537
-43775	-23205.697
-47146	-23202.975
-44063	-23200.828
-31875	-23202.543
-31591	-23208.04
-43823	-23216.775
-47175	-23230.48
-44024	-23244.611
-31740	-23256.97
-31635	-23262.123
-43842	-23256.24
-47165	-23241.062
-44007	-23216.488
-31702	-23188.682
-31717	-23163.05
-43855	-23147.078
-47162	-23151.332
-43958	-23179.582
-31717	-23235.322
-31741	-23314.46
-43865	-23409.01
-47170	-23510.691
-43914	-23604.611
-31612	-23679.234
-31741	-23722.367
-43863	-23726.85
-47200	-23694.244
-43972	-23627.795
-33106	-23538.486
-32858	-23437.914
-44029	-23339.477
-47288	-23258.19
-43990	-23201.182
-31805	-23173.979
-32095	-23173.568
-43982	-23193.316
-47214	-23226.521
-43954	-23260.857
-31629	-23288.328
-32132	-23300.365
-44090	-23293.559
-47305	-23271.857
-43967	-23238.434
-31653	-23202.238
-32168	-23169.562
-44100	-23146.684
-47354	-23140.465
-43961	-23149.992
-31502	-23174.371
-32242	-23206.58
-44189	-23239.549
-47372	-23269.297
-43983	-23289.072
-31561	-23298.088
-32332	-23295.104
-44218	-23282.713
-47356	-23268.287
-43897	-23255.14
-31399	-23249.037
-32304	-23250.16
-44166	-23257.41
-47374	-23270.076
-43911	-23281.502
-31391	-23288.0
-32402	-23283.42
-44177	-23265.494
-47325	-23237.973
-43845	-23203.69
-31289	-23171.521
-32466	-23148.135
-44259	-23141.27
-47350	-23159.078
-43810	-23201.918
-31996	-23268.734
-33821	-23350.82
-44234	-23437.855
-47329	-23519.654
-43809	-23583.453
-31567	-23621.666
-32848	-23627.246
-44302	-23599.646
-47360	-23545.69
-43786	-23472.11
-31224	-23391.178
-32694	-23311.795
-44283	-23243.105
-47361	-23193.658
-43775	-23164.209
-31191	-23155.13
-32728	-23160.152
-44222	-23173.193
-47273	-23190.39
-43712	-23204.938
-31051	-23215.354
-32807	-23218.666
-44371	-23215.777
-47374	-23211.275
-43812	-23206.025
-31228	-23203.77
-33063	-23203.326
-44455	-23204.273
-47357	-23207.424
-43763	-23209.248
-31062	-23209.863
-33071	-23206.486
-44441	-23199.676
-47339	-23193.332
-43717	-23188.035
-31094	-23187.7
-33131	-23191.516
-44439	-23199.361
-47313	-23211.516
-43695	-23222.922
-30972	-23231.264
-33121	-23230.709
-44449	-23219.123
-47291	-23198.99
-43625	-23171.656
-31029	-23144.535
-33277	-23122.82
-44449	-23114.414
-47261	-23127.863
-43621	-23165.031
-31432	-23227.078
-33877	-23307.234
-44458	-23397.201
-47284	-23487.48
-43625	-23565.088
-31577	-23621.084
-33767	-23645.977
-44524	-23637.043
-47283	-23598.314
-43592	-23534.91
-30929	-23458.549
-33536	-23378.596
-44567	-23306.576
-47298	-23253.55
-43579	-23223.258
-31047	-23218.516
-33651	-23234.107
-44554	-23264.203
-47295	-23302.807
-43581	-23340.057
-31109	-23370.643
-33845	-23387.74
-44576	-23390.201
-47279	-23381.393
-43577	-23363.467
-31007	-23343.277
-33832	-23323.904
-44589	-23310.344
-47263	-23307.275
-43548	-23313.525
-30943	-23329.059
-33914	-23347.994
-44624	-23366.162
-47236	-23380.707
-43499	-23386.014
-30903	-23381.373
-34006	-23364.098
-44659	-23336.594
-47279	-23304.746
-43511	-23272.389
-30894	-23247.266
-34031	-23232.686
-44666	-23233.61
-47227	-23254.207
-43463	-23292.63
-30917	-23347.674
-34199	-23411.64
-44699	-23478.23
-47206	-23541.693
-43417	-23593.22
-30762	-23628.773
-34128	-23642.465
-44717	-23634.219
-47276	-23607.846
-43444	-23566.158
-31187	-23516.635
-34386	-23463.428
-44747	-23412.674
-47269	-23370.6
-43426	-23338.406
-30505	-23318.295
-34151	-23306.305
-44719	-23300.357
-47259	-23299.205
-43429	-23298.54
-30579	-23298.445
-34251	-23295.992
-44774	-23292.719
-47213	-23292.174
-43327	-23294.807
-30394	-23304.088
-34196	-23318.01
-44820	-23336.7
-47242	-23359.938
-43352	-23383.219
-30537	-23405.037
-34309	-23419.918
-44817	-23426.682
-47231	-23426.473
-43327	-23418.715
-30505	-23407.426
-34402	-23392.879
-44897	-23378.87
-47302	-23369.346
-43349	-23363.877
-30426	-23363.955
-34393	-23365.438
-44922	-23366.87
-47304	-23367.53
-43306	-23364.22
-30285	-23358.33
-34422	-23348.344
-44909	-23337.723
-47277	-23331.707
-43286	-23332.57
-30322	-23345.262
-34417	-23368.791
-44912	-23403.55
-47249	-23448.48
-43256	-23497.355
-29713	-23546.223
-33731	-23586.215
-44854	-23612.701
-47201	-23623.734
-43302	-23616.611
-30628	-23594.547
-34611	-23558.975
-45002	-23516.037
-47249	-23473.541
-43234	-23436.104
-30286	-23410.154
-34524	-23395.549
-44991	-23393.445
-47294	-23403.568
-43261	-23421.055
-30157	-23443.55
-34539	-23464.209
-45057	-23480.648
-47274	-23492.27
-43214	-23497.014
-29947	-23497.541
-34461	-23492.773
-45010	-23485.732
-47253	-23479.86
-43167	-23475.012
-29792	-23473.578
-34477	-23472.48
-45133	-23471.861
-47317	-23472.105
-43228	-23470.855
-29718	-23469.709
-34528	-23466.113
-45231	-23461.988
-47382	-23460.043
-43281	-23460.06
-29706	-23464.766
-34579	-23471.406
-45334	-23480.166
-47451	-23490.857
-43282	-23499.955
-29707	-23507.27
-34640	-23508.37
-45386	-23503.65
-47494	-23495.14
-43308	-23483.283
-29561	-23472.758
-34718	-23463.75
-45542	-23460.14
-47640	-23465.102
-43473	-23477.586
-29169	-23498.436
-34333	-23521.926
-45736	-23545.076
-47869	-23564.824
-43692	-23576.38
-30174	-23579.307
-35210	-23570.006
-45971	-23550.639
-48037	-23525.266
-43814	-23496.396
-29699	-23470.16
-35200	-23447.043
-46089	-23430.416
-48064	-23422.205
-43787	-23420.11
-29511	-23424.041
-35101	-23428.027
-46036	-23430.584
-47957	-23431.146
-43572	-23427.814
-29255	-23423.6
-34897	-23417.31
-45840	-23412.652
-47747	-23413.215
-43342	-23419.12
-29033	-23432.592
-34813	-23449.041
-45679	-23467.006
-47560	-23484.31
-43128	-23496.373
-28711	-23503.06
-34660	-23500.365
-45621	-23490.57
-47447	-23477.463
-43012	-23463.459
-28739	-23454.467
-34707	-23450.232
-45555	-23453.291
-47379	-23463.885
-42969	-23477.645
-28566	-23492.125
-34614	-23498.87
-45517	-23494.506
-47336	-23477.242
-42886	-23445.424
-28577	-23403.809
-34711	-23354.363
-45514	-23305.404
-47278	-23265.555
-42801	-23240.18
-27662	-23236.078
-33604	-23251.404
-45426	-23285.127
-47241	-23333.36
-42819	-23387.941
-28954	-23443.12
-34961	-23488.7
-45517	-23520.658
-47240	-23537.383
-42798	-23537.986
-28386	-23527.338
-34771	-23506.465
-45553	-23481.69
-47295	-23458.434
-42735	-23438.514
-28266	-23425.549
-34726	-23415.875
-45547	-23409.213
-47262	-23404.387
-42684	-23398.229
-28242	-23391.773
-34816	-23381.672
-45512	-23370.477
-47203	-23360.92
-42632	-23353.963
-28122	-23353.438
-34852	-23356.645
-45538	-23364.658
-47186	-23376.938
-42577	-23390.299
-27942	-23404.88
-34909	-23415.7
-45577	-23423.605
-47174	-23430.021
-42557	-23435.219
-28079	-23443.225
-34905	-23452.285
-45504	-23464.66
-47117	-23480.701
-42470	-23497.48
-27866	-23514.443
-34842	-23525.004
-45524	-23528.111
-47117	-23523.428
-42420	-23510.744
-27921	-23495.416
-34984	-23479.002
-45475	-23469.223
-47003	-23472.965
-42341	-23493.852
-26871	-23536.734
-33830	-23597.309
-45457	-23672.951
-46999	-23757.941
-42335	-23843.018
-28009	-23921.992
-35150	-23984.395
-45525	-24027.076
-47047	-24049.168
-42276	-24051.04
-27839	-24038.79
-35171	-24014.115
-45486	-23984.26
-46981	-23954.45
-42200	-23926.277
-27703	-23902.633
-35202	-23878.705
-45536	-23853.865
-46986	-23826.176
-42236	-23792.543
-27831	-23754.531
-35348	-23709.535
-45632	-23661.656
-47077	-23614.713
-42212	-23570.652
-27739	-23533.94
-35346	-23501.814
-45578	-23475.393
-47010	-23453.316
-42162	-23431.914
-27597	-23411.23
-35315	-23386.414
-45589	-23359.682
-47003	-23333.809
-42129	-23310.992
-27646	-23297.076
-35387	-23291.188
-45626	-23296.07
-47013	-23310.691
-42111	-23329.605
-27761	-23348.627
-35515	-23356.875
-45669	-23349.688
-46980	-23323.39
-42070	-23276.219
-27639	-23213.836
-35484	-23140.055
-45633	-23066.875
-46936	-23006.113
-41956	-22966.754
-26493	-22958.213
-34110	-22979.16
-45535	-23028.506
-46869	-23099.525
-41972	-23180.135
-28038	-23260.24
-35704	-23325.068
-45643	-23368.184
-46892	-23386.266
-41912	-23379.104
-27497	-23354.078
-35641	-23315.47
-45629	-23274.363
-46872	-23239.441
-41859	-23215.361
-27400	-23206.643
-35696	-23208.393
-45699	-23218.742
-46922	-23232.844
-41857	-23244.305
-27352	-23251.47
-35734	-23248.914
-45727	-23239.512
-46904	-23226.605
-41779	-23212.951
-27259	-23204.443
-35827	-23199.572
-45771	-23200.924
-46919	-23207.395
-41736	-23214.758
-27278	-23221.607
-35854	-23221.104
-45782	-23214.066
-46911	-23201.758
-41741	-23185.863
-27231	-23172.887
-35875	-23163.22
-45818	-23162.271
-46919	-23171.229
-41703	-23186.758
-27244	-23206.02
-35974	-23218.137
-45816	-23217.977
-46964	-23199.96
-41694	-23160.135
-27164	-23102.021
-35992	-23027.504
-45821	-22948.373
-46941	-22876.602
-41597	-22822.666
-26067	-22798.227
-34786	-22804.248
-45831	-22842.525
-46879	-22907.932
-41604	-22989.182
-27426	-23075.96
-36130	-23151.988
-45890	-23209.383
-46901	-23242.41
-41465	-23248.822
-26919	-23234.533
-36098	-23202.918
-45872	-23165.875
-46853	-23133.035
-41398	-23110.637
-26719	-23105.197
-36097	-23113.064
-45885	-23133.998
-46885	-23163.156
-41439	-23193.338
-26865	-23221.28
-36187	-23239.059
-45881	-23247.545
-46846	-23247.463
-41369	-23239.66
-26888	-23229.076
-36217	-23214.217
-45897	-23199.535
-46849	-23186.059
-41280	-23172.793
-26737	-23161.83
-36252	-23149.314
-45951	-23139.07
-46852	-23133.455
-41310	-23134.07
-26877	-23145.809
-36319	-23166.016
-45961	-23196.734
-46833	-23234.816
-41223	-23273.139
-26834	-23305.943
-36389	-23320.553
-46071	-23312.365
-46885	-23277.236
-41161	-23214.15
-26675	-23130.408
-36348	-23031.53
-46047	-22933.129
-46856	-22849.385
-41096	-22791.807
-26132	-22771.566
-35829	-22787.658
-46032	-22839.947
-46869	-22920.156
-41170	-23014.275
-27004	-23110.062
-36537	-23190.008
-46121	-23246.586
-46913	-23274.848
-41086	-23274.135
-26757	-23252.086
-36580	-23213.328
-46231	-23170.87
-47027	-23134.186
-41130	-23109.031
-26780	-23100.633
-36668	-23104.098
-46236	-23118.373
-46981	-23137.965
-41020	-23156.123
-26571	-23170.672
-36606	-23175.262
-46260	-23173.068
-46986	-23166.508
-40948	-23158.11
-26556	-23153.395
-36668	-23150.303
-46309	-23152.115
-47013	-23157.512
-40943	-23162.904
-26544	-23167.68
-36724	-23165.545
-46339	-23159.078
-47028	-23149.912
-40887	-23140.506
-26500	-23137.285
-36666	-23139.895
-46447	-23153.232
-47101	-23176.691
-40857	-23205.521
-26548	-23235.348
-36844	-23253.848
-46474	-23256.059
-47085	-23236.256
-40817	-23191.404
-26656	-23126.332
-36925	-23044.145
-46537	-22958.703
-47115	-22882.701
-40809	-22827.295
-26581	-22803.799
-36818	-22812.164
-46527	-22853.982
-47138	-22922.31
-40785	-23004.617
-26697	-23089.611
-37012	-23159.96
-46564	-23208.354
-47102	-23229.004
-40691	-23220.754
-26582	-23190.607
-37071	-23142.977
-46619	-23091.451
-47119	-23046.21
-40650	-23014.549
-26506	-23002.98
-37089	-23007.549
-46640	-23027.736
-47131	-23057.297
-40621	-23088.213
-26559	-23115.967
-37126	-23131.545
-46644	-23135.887
-47131	-23129.436
-40567	-23114.38
-26619	-23097.033
-37266	-23077.576
-46749	-23062.72
-47141	-23054.48
-40571	-23052.6
-26760	-23058.22
-37363	-23065.312
-46696	-23074.938
-47102	-23085.25
-40484	-23094.504
-26470	-23104.582
-37207	-23111.537
-46744	-23118.76
-47137	-23125.955
-40327	-23131.533
-26252	-23135.97
-37252	-23132.77
-46774	-23122.812
-47135	-23104.383
-40464	-23076.572
-26830	-23042.918
-37456	-23002.576
-46822	-22963.365
-47160	-22930.516
-40633	-22908.398
-27908	-22902.848
-38011	-22911.727
-46940	-22937.95
-47217	-22978.51
-40829	-23027.48
-28824	-23080.592
-38264	-23128.229
-47058	-23168.314
-47309	-23197.344
-40414	-23213.373
-26769	-23219.172
-37800	-23212.828
-47000	-23200.795
-47239	-23186.242
-40318	-23171.47
-26682	-23160.473
-37829	-23149.86
-46950	-23142.688
-47135	-23137.857
-40217	-23133.625
-26776	-23131.074
-37964	-23125.502
-46975	-23120.383
-47096	-23115.928
-40156	-23112.236
-26839	-23111.967
-38022	-23111.154
-46962	-23112.994
-47066	-23116.432
-40135	-23119.857
-26958	-23124.238
-38090	-23124.713
-47002	-23124.441
-47072	-23123.408
-40076	-23121.936
-26930	-23123.117
-38111	-23123.94
-46967	-23128.553
-47042	-23136.736
-40049	-23147.357
-27022	-23161.154
-38197	-23172.424
-46961	-23183.008
-47026	-23191.125
-40079	-23195.465
-27184	-23197.838
-38347	-23194.717
-47024	-23190.725
-47016	-23186.727
-40044	-23183.326
-26960	-23183.303
-38215	-23182.621
-47052	-23184.674
-47016	-23188.445
-40016	-23192.107
-27362	-23196.633
-38551	-23197.28
-47121	-23197.291
-47019	-23196.309
-39961	-23194.19
-27254	-23193.164
-38571	-23189.389
-47093	-23186.506
-46972	-23183.773
-39907	-23180.322
-27333	-23177.65
-38642	-23171.654
-47089	-23166.377
-46983	-23162.086
-39922	-23159.424
-27404	-23161.502
-38662	-23165.34
-47121	-23175.0
-46932	-23189.547
-39912	-23207.031
-27549	-23227.006
-38872	-23242.596
-47204	-23254.662
-47014	-23260.246
-39918	-23257.43
-27376	-23247.854
-38862	-23228.549
-47272	-23205.303
-47059	-23180.24
-39906	-23155.635
-27368	-23135.535
-38983	-23117.264
-47277	-23104.98
-47021	-23097.887
-39818	-23094.943
-27414	-23097.682
-39012	-23102.494
-47234	-23114.67
-46954	-23136.195
-39704	-23169.768
-27204	-23220.209
-39029	-23285.322
-47260	-23368.693
-46949	-23466.824
-39686	-23573.336
-27104	-23681.66
-38904	-23777.502
-47213	-23854.348
-46867	-23902.613
-39637	-23915.496
-27271	-23892.7
-39098	-23832.625
-47193	-23745.771
-46856	-23641.766
-39536	-23532.102
-27163	-23430.5
-39217	-23342.852
-47296	-23279.676
-46844	-23242.945
-39499	-23230.562
-27292	-23239.162
-39257	-23257.37
-47279	-23281.098
-46857	-23302.598
-39432	-23316.467
-27112	-23322.32
-39262	-23316.592
-47324	-23305.988
-46842	-23293.84
-39312	-23283.78
-26919	-23280.656
-39235	-23281.693
-47343	-23290.113
-46820	-23302.934
-39245	-23316.354
-26852	-23328.629
-39255	-23332.885
-47324	-23331.688
-46777	-23324.74
-39218	-23313.64
-26879	-23303.213
-39262	-23292.732
-47317	-23288.842
-46726	-23292.455
-39073	-23303.05
-26780	-23320.527
-39295	-23337.822
-47269	-23355.229
-46687	-23368.688
-39038	-23375.404
-26796	-23376.27
-39306	-23368.07
-47308	-23357.033
-46662	-23345.732
-38963	-23337.28
-26841	-23336.326
-39357	-23340.512
-47251	-23353.879
-46557	-23374.205
-38868	-23398.297
-26829	-23424.195
-39331	-23444.234
-47221	-23459.367
-46562	-23467.082
-38824	-23466.64
-26803	-23460.842
-39370	-23447.855
-47231	-23434.51
-46525	-23422.87
-38722	-23415.057
-26778	-23414.158
-39453	-23416.625
-47236	-23425.795
-46477	-23439.457
-38622	-23455.338
-26656	-23473.092
-39423	-23486.965
-47214	-23499.729
-46420	-23510.008
-38558	-23517.465
-26722	-23524.172
-39482	-23526.79
-47183	-23529.979
-46371	-23533.494
-38456	-23537.283
-26587	-23542.975
-39488	-23546.256
-47185	-23550.627
-46400	-23554.71
-38479	-23557.684
-26772	-23560.625
-39626	-23559.172
-47201	-23556.953
-46346	-23553.033
-38444	-23546.836
-26767	-23539.916
-39623	-23528.324
-47221	-23516.33
-46359	-23503.342
-38289	-23489.498
-26570	-23476.984
-39673	-23462.447
-47229	-23450.518
-46286	-23441.01
-38079	-23434.014
-26447	-23431.258
-39797	-23428.633
-47274	-23429.457
-46329	-23432.508
-38159	-23436.908
-26622	-23443.604
-39812	-23448.078
-47341	-23453.396
-46335	-23458.82
-38105	-23464.121
-26574	-23470.79
-39874	-23474.78
-47382	-23479.906
-46379	-23484.951
-38119	-23489.066
-26768	-23493.078
-39947	-23492.236
-47366	-23489.879
-46366	-23484.568
-38082	-23475.906
-26754	-23465.625
-39974	-23450.37
-47369	-23435.107
-46321	-23420.049
-37951	-23406.207
-26581	-23396.1
-40011	-23386.395
-47447	-23381.24
-46337	-23379.342
-37909	-23379.734
-26704	-23382.662
-40052	-23382.805
-47437	-23382.783
-46304	-23380.66
-37801	-23375.674
-26614	-23369.2
-40074	-23357.81
-47416	-23346.371
-46256	-23335.11
-37801	-23325.146
-26802	-23318.855
-40181	-23313.004
-47461	-23311.63
-46272	-23313.275
-37721	-23316.918
-26785	-23322.57
-40192	-23324.951
-47481	-23326.629
-46276	-23325.76
-37691	-23321.787
-26827	-23316.25
-40369	-23305.816
-47600	-23295.547
-46427	-23285.664
-37897	-23277.191
-27181	-23272.244
-40647	-23267.418
-47966	-23266.344
-46826	-23267.383
-38189	-23269.467
-27423	-23272.695
-41124	-23272.025
-48439	-23270.379
-47201	-23266.309
-38455	-23259.777
-27641	-23252.611
-41559	-23241.629
-48854	-23231.615
-47567	-23222.379
-38795	-23214.51
-28088	-23209.496
-41813	-23203.178
-49030	-23198.8
-47684	-23194.627
-38825	-23189.95
-28075	-23185.6
-41948	-23177.602
-49120	-23170.254
-47739	-23163.46
-38842	-23158.44
-28126	-23157.775
-42097	-23158.443
-49190	-23164.773
-47769	-23175.39
-38783	-23189.115
-28159	-23205.363
-42227	-23217.762
-49329	-23227.754
-47882	-23232.078
-38809	-23229.367
-28173	-23220.398
-42317	-23201.92
-49395	-23179.555
-47890	-23154.805
-38687	-23130.668
-28147	-23111.217
-42376	-23094.713
-49436	-23086.4
-47872	-23085.287
-38661	-23090.535
-28225	-23101.525
-42402	-23111.969
-49409	-23123.504
-47876	-23133.102
-38740	-23139.723
-28471	-23144.322
-42475	-23143.762
-49386	-23143.312
-47791	-23143.443
-38412	-23145.768
-28148	-23152.27
-42354	-23159.105
-49229	-23169.355
-47526	-23180.24
-38161	-23189.889
-28047	-23197.426
-42079	-23197.424
-48972	-23193.062
-47264	-23183.383
-37876	-23169.736
-27903	-23155.072
-41809	-23137.758
-48610	-23123.832
-46857	-23113.537
-37508	-23107.535
-27881	-23106.42
-41633	-23105.2
-48397	-23106.059
-46636	-23105.812
-37227	-23103.05
-27557	-23097.943
-41451	-23086.877
-48219	-23074.879
-46444	-23062.377
-37041	-23051.451
-27564	-23044.86
-41406	-23039.988
-48114	-23041.006
-46312	-23045.791
-36799	-23052.766
-27408	-23060.666
-41389	-23063.611
-48078	-23063.945
-46223	-23059.72
-36661	-23051.68
-27421	-23042.525
-41406	-23031.336
-48041	-23025.443
-46184	-23026.795
-35882	-23038.393
-26854	-23062.621
-41469	-23095.984
-48008	-23141.639
-46137	-23196.314
-36698	-23257.668
-27710	-23323.926
-41407	-23389.363
-47953	-23456.465
-46076	-23523.258
-36541	-23590.082
-27651	-23658.393
-41464	-23725.402
-47976	-23795.602
-46072	-23867.562
-36581	-23940.627
-27771	-24014.037
-41489	-24082.145
-47920	-24146.576
-45979	-24203.758
-36383	-24252.207
-27673	-24291.78
-41474	-24318.945
-47875	-24338.531
-45924	-24350.676
-36274	-24357.543
-27608	-24361.98
-41517	-24362.404
-47904	-24364.434
-45922	-24367.879
-36175	-24373.744
-27625	-24383.092
-41594	-24392.416
-47939	-24405.469
-45906	-24420.35
-35885	-24436.672
-27414	-24454.193
-41676	-24468.3
-47961	-24481.88
-45864	-24492.4
-35741	-24499.375
-27388	-24503.006
-41745	-24499.803
-47982	-24494.666
-45887	-24487.586
-35689	-24480.875
-27424	-24477.234
-41756	-24474.992
-47965	-24479.523
-45842	-24489.637
-35235	-24505.055
-27707	-24524.29
-41872	-24541.268
-47960	-24556.906
-45795	-24566.57
-35766	-24568.105
-27804	-24560.562
-41859	-24540.225
-47997	-24511.95
-45827	-24476.047
-35439	-24435.26
-27523	-24392.408
-41917	-24345.965
-48002	-24301.176
-45790	-24256.805
-35331	-24212.906
-27461	-24169.045
-41922	-24120.82
-47999	-24071.61
-45791	-24019.82
-35225	-23966.58
-27423	-23913.518
-41968	-23858.72
-48015	-23807.713
-45759	-23759.979
-35251	-23716.393
-27577	-23677.0
-41985	-23637.414
-48008	-23600.406
-45762	-23563.314
-35228	-23526.004
-27684	-23489.215
-42067	-23450.738
-48006	-23416.525
-45711	-23387.168
-35151	-23365.02
-27714	-23351.412
-42096	-23342.72
-48025	-23341.172
-45697	-23342.055
-35159	-23342.01
-27866	-23337.422
-42140	-23321.896
-48055	-23297.85
-45714	-23264.158
-35024	-23223.96
-27812	-23181.893
-42208	-23140.166
-48014	-23108.332
-45617	-23089.475
-35035	-23087.006
-28074	-23101.818
-42238	-23128.94
-48012	-23168.559
-45627	-23213.885
-34934	-23259.943
-27986	-23301.945
-42295	-23333.064
-48022	-23355.39
-45594	-23367.37
-34890	-23371.055
-27958	-23369.254
-42305	-23361.611
-48006	-23354.592
-45601	-23348.201
-34896	-23343.58
-28146	-23340.576
-42371	-23335.178
-48027	-23330.375
-45561	-23323.76
-34759	-23315.746
-28097	-23307.107
-42389	-23295.91
-48017	-23287.578
-45526	-23281.736
-34806	-23279.592
-28205	-23281.254
-42388	-23282.73
-48002	-23286.525
-45514	-23289.082
-34756	-23289.314
-28301	-23286.326
-42439	-23276.889
-47992	-23265.824
-45462	-23252.943
-34694	-23240.72
-28402	-23231.09
-42507	-23222.396
-48006	-23219.164
-45439	-23219.2
-34595	-23221.832
-28410	-23225.4
-42502	-23225.338
-47977	-23224.521
-45401	-23220.896
-34556	-23215.748
-28471	-23210.715
-42549	-23205.084
-48008	-23205.078
-45377	-23210.623
-34596	-23222.98
-28732	-23241.639
-42592	-23262.027
-48021	-23285.453
-45372	-23306.879
-34426	-23323.836
-28614	-23333.768
-42652	-23332.543
-48047	-23324.139
-45355	-23308.09
-34348	-23287.326
-28658	-23264.652
-42717	-23240.232
-48099	-23220.498
-45371	-23205.408
-34334	-23196.34
-28701	-23193.047
-42737	-23191.914
-48058	-23195.621
-45319	-23201.035
-34427	-23207.602
-29165	-23214.309
-42805	-23218.172
-48094	-23222.99
-45324	-23227.252
-34311	-23231.867
-28979	-23236.887
-42819	-23239.78
-48082	-23244.28
-45286	-23248.586
-34211	-23253.193
-28996	-23257.832
-42847	-23259.863
-48044	-23263.213
-45253	-23266.328
-34002	-23270.018
-28953	-23274.143
-42896	-23276.012
-48051	-23279.287
-45180	-23282.008
-33943	-23284.713
-29030	-23286.945
-42927	-23286.256
-48031	-23286.639
-45164	-23286.742
-33882	-23287.71
-29102	-23289.623
-42921	-23290.238
-48037	-23293.232
-45154	-23296.58
-33929	-23300.416
-29349	-23303.64
-42994	-23303.39
-48062	-23302.959
-45134	-23300.32
-33759	-23296.531
-29195	-23291.91
-42980	-23284.92
-48029	-23280.271
-45086	-23277.205
-33735	-23277.137
-29364	-23279.783
-43081	-23282.55
-48048	-23288.367
-45085	-23294.58
-33672	-23300.887
-29341	-23305.936
-43060	-23306.682
-48019	-23306.525
-45025	-23303.973
-33537	-23300.459
-29336	-23296.348
-43106	-23290.256
-48017	-23286.732
-45045	-23284.783
-33441	-23285.637
-29359	-23288.87
-43150	-23291.883
-48026	-23297.787
-44995	-23304.156
-33508	-23311.031
-29518	-23317.16
-43199	-23319.691
-48069	-23321.768
-45008	-23321.46
-33324	-23319.68
-29501	-23316.066
-43221	-23309.018
-48078	-23302.844
-44994	-23296.541
-33196	-23291.934
-29521	-23289.191
-43277	-23286.838
-48105	-23288.854
-44985	-23293.484
-33216	-23301.303
-29643	-23311.012
-43319	-23319.643
-48110	-23329.729
-44976	-23338.438
-33168	-23345.783
-29951	-23350.398
-43355	-23350.22
-48076	-23348.727
-44897	-23344.611
-33042	-23339.506
-29746	-23333.576
-43392	-23325.688
-48081	-23320.21
-44918	-23316.162
-33115	-23315.04
-29929	-23316.57
-43482	-23319.162
-48134	-23326.428
-44901	-23336.486
-32929	-23350.053
-29931	-23365.748
-43502	-23380.867
-48125	-23397.906
-44871	-23413.725
-32902	-23427.97
-29980	-23438.502
-43545	-23442.543
-48133	-23443.057
-44887	-23438.158
-32897	-23429.457
-30117	-23417.201
-43634	-23401.105
-48156	-23386.246
-44859	-23372.295
-32764	-23361.361
-30209	-23352.996
-43608	-23345.4
-48124	-23341.373
-44820	-23338.104
-32729	-23335.545
-30251	-23331.871
-43641	-23324.953
-48106	-23318.404
-44786	-23311.121
-32741	-23305.32
-30339	-23301.422
-43684	-23298.97
-48109	-23302.188
-44744	-23309.352
-32604	-23320.86
-30422	-23334.307
-43755	-23346.24
-48148	-23358.041
-44759	-23366.146
-32686	-23370.365
-30867	-23369.262
-43781	-23361.85
-48142	-23352.736
-44725	-23341.938
-32616	-23332.564
-30655	-23325.297
-43834	-23319.867
-48131	-23320.02
-44716	-23323.564
-32368	-23330.445
-30576	-23337.947
-43867	-23342.719
-48134	-23346.494
-44677	-23346.322
-32352	-23342.885
-30664	-23335.271
-43897	-23322.98
-48114	-23310.736
-44670	-23298.27
-32176	-23288.395
-30679	-23281.082
-43921	-23275.736
-48151	-23275.889
-44676	-23279.496
-32254	-23287.066
-30859	-23296.451
-44001	-23305.14
-48154	-23315.273
-44630	-23324.004
-31985	-23331.646
-30727	-23336.172
-43960	-23335.78
-48146	-23333.523
-44595	-23327.836
-31932	-23320.576
-30861	-23311.408
-44056	-23300.307
-48163	-23291.93
-44572	-23286.043
-31944	-23285.156
-30944	-23288.676
-44027	-23295.48
-48112	-23308.041
-44521	-23323.244
-31875	-23340.38
-31021	-23355.82
-44074	-23366.232
-48130	-23373.127
-44491	-23373.918
-32082	-23370.023
-31669	-23361.184
-44081	-23348.385
-48081	-23337.102
-44447	-23327.996
-31920	-23324.213
-31323	-23325.334
-44200	-23330.113
-48177	-23340.422
-44465	-23352.473
-31660	-23365.15
-31302	-23374.537
-44239	-23377.87
-48171	-23377.426
-44425	-23371.871
-32720	-23363.686
-33229	-23353.521
-44233	-23343.379
-48074	-23338.357
-44390	-23338.223
-32081	-23344.537
-31731	-23355.088
-44297	-23367.125
-48167	-23381.107
-44391	-23392.938
-31703	-23401.867
-31664	-23405.16
-44311	-23401.867
-48161	-23395.887
-44331	-23387.45
-31549	-23379.943
-31640	-23373.805
-44315	-23369.42
-48104	-23370.086
-44329	-23373.443
-31540	-23379.377
-31709	-23384.363
-44307	-23385.857
-48096	-23385.59
-44297	-23381.697
-31630	-23376.441
-31942	-23370.084
-44374	-23364.318
-48084	-23364.44
-44244	-23370.508
-31354	-23384.56
-31855	-23404.111
-44363	-23426.385
-48022	-23451.055
-44196	-23472.928
-32272	-23489.842
-33404	-23497.72
-44377	-23495.344
-48005	-23485.975
-44193	-23469.96
-31626	-23451.5
-32272	-23432.041
-44445	-23413.75
-48049	-23401.094
-44171	-23392.85
-31237	-23389.627
-32113	-23387.973
-44477	-23385.299
-48067	-23382.594
-44144	-23377.363
-31124	-23371.217
-32162	-23363.688
-44497	-23356.182
-48034	-23353.65
-44071	-23355.963
-30996	-23365.018
-32281	-23377.904
-44549	-23391.766
-48031	-23405.941
-44062	-23415.219
-31081	-23418.096
-32416	-23411.201
-44584	-23394.54
-48027	-23373.166
-43997	-23349.34
-30877	-23329.049
-32405	-23314.602
-44578	-23308.36
-48026	-23313.674
-44007	-23327.139
-30899	-23346.379
-32481	-23364.396
-44603	-23375.83
-47987	-23379.482
-43926	-23372.291
-30821	-23357.064
-32555	-23335.91
-44608	-23314.564
-48018	-23302.209
-43931	-23302.69
-30846	-23320.482
-32729	-23353.09
-44672	-23396.15
-47991	-23444.969
-43875	-23488.965
-31280	-23520.717
-33597	-23531.44
-44666	-23518.445
-47943	-23485.885
-43866	-23438.697
-31144	-23388.363
-33025	-23344.65
-44782	-23318.81
-48033	-23321.785
-43854	-23355.8
-30706	-23420.756
-32964	-23507.496
-44758	-23604.795
-48008	-23701.713
-43800	-23783.41
-30663	-23840.545
-32995	-23864.336
-44789	-23853.24
-48022	-23813.117
-43781	-23749.885
-30794	-23674.867
-33224	-23596.395
-44817	-23523.607
-47947	-23465.457
-43696	-23423.611
-30691	-23399.664
-33369	-23388.945
-44842	-23387.799
-47982	-23394.264
-43752	-23403.139
-30647	-23413.314
-33329	-23421.197
-44858	-23426.514
-47961	-23431.502
-43706	-23434.553
-30756	-23436.742
-33518	-23435.121
-44894	-23429.125
-47971	-23420.734
-43694	-23409.02
-30577	-23397.445
-33564	-23386.965
-44943	-23381.969
-47942	-23388.9
-43653	-23409.537
-30623	-23446.775
-33662	-23497.139
-44978	-23556.879
-47931	-23621.625
-43604	-23681.734
-29481	-23730.605
-31964	-23758.84
-44897	-23761.844
-47842	-23740.748
-43567	-23696.727
-31656	-23636.957
-34394	-23567.451
-45055	-23497.6
-47937	-23437.621
-43569	-23391.94
-30381	-23365.045
-33779	-23354.252
-45021	-23356.838
-47880	-23369.86
-43507	-23386.05
-30314	-23401.79
-33908	-23410.99
-45062	-23412.59
-47896	-23409.186
-43439	-23401.383
-30118	-23393.777
-33906	-23386.762
-45095	-23383.018
-47898	-23385.312
-43433	-23391.445
-30059	-23401.188
-33947	-23409.504
-45144	-23414.596
-47884	-23416.77
-43328	-23413.916
-29838	-23408.254
-33948	-23398.682
-45154	-23387.89
-47892	-23379.844
-43337	-23374.398
-29770	-23373.664
-33973	-23374.479
-45179	-23376.303
-47839	-23379.594
-43279	-23381.605
-29823	-23383.576
-34019	-23383.598
-45199	-23384.15
-47872	-23389.746
-43281	-23401.648
-29853	-23423.635
-34082	-23453.947
-45246	-23492.309
-47885	-23537.662
-43261	-23583.832
-29217	-23626.887
-33234	-23658.373
-45246	-23673.93
-47852	-23672.477
-43266	-23652.402
-30256	-23617.777
-34353	-23571.105
-45351	-23519.799
-47884	-23472.916
-43230	-23435.4
-29262	-23413.518
-33587	-23406.33
-45318	-23413.3
-47811	-23432.441
-43172	-23456.764
-30059	-23481.676
-34353	-23499.396
-45392	-23507.25
-47843	-23505.814
-43108	-23495.945
-29341	-23483.342
-34139	-23470.287
-45416	-23462.287
-47824	-23464.445
-43084	-23476.32
-29359	-23497.857
-34207	-23522.027
-45454	-23544.066
-47826	-23559.994
-43049	-23564.113
-29268	-23556.621
-34207	-23536.389
-45465	-23509.201
-47796	-23483.908
-42989	-23466.895
-29061	-23466.486
-34131	-23483.236
-45480	-23517.215
-47814	-23564.611
-42996	-23614.545
-29016	-23657.064
-34147	-23677.572
-45508	-23667.92
-47787	-23625.555
-42936	-23551.201
-28881	-23455.186
-34214	-23348.31
-45570	-23248.326
-47789	-23173.625
-42896	-23136.418
-28407	-23146.459
-33856	-23201.188
-45552	-23294.094
-47763	-23412.88
-42843	-23538.906
-28727	-23655.6
-34287	-23743.98
-45590	-23794.197
-47766	-23803.777
-42819	-23774.58
-28466	-23717.72
-34248	-23643.135
-45606	-23566.21
-47773	-23501.152
-42793	-23455.578
-28519	-23435.361
-34284	-23436.21
-45626	-23453.875
-47759	-23481.934
-42739	-23510.633
-28221	-23534.787
-34196	-23546.682
-45659	-23546.092
-47740	-23535.857
-42667	-23518.166
-28081	-23499.246
-34282	-23479.645
-45698	-23463.148
-47746	-23451.992
-42672	-23444.402
-28221	-23440.867
-34457	-23436.695
-45724	-23432.322
-47724	-23429.197
-42622	-23427.225
-27932	-23430.086
-34416	-23435.91
-45797	-23446.496
-47755	-23462.223
-42586	-23479.158
-28071	-23495.428
-34537	-23503.406
-45803	-23500.71
-47704	-23486.633
-42546	-23460.355
-28124	-23426.9
-34621	-23388.336
-45819	-23352.553
-47725	-23327.275
-42514	-23316.242
-27245	-23323.865
-33831	-23345.871
-45849	-23379.234
-47752	-23418.715
-42561	-23456.0
-28194	-23486.451
-34936	-23502.209
-46086	-23503.03
-47924	-23491.871
-42675	-23472.064
-28111	-23451.691
-35146	-23433.592
-46364	-23424.098
-48179	-23426.818
-42918	-23440.021
-28369	-23462.404
-35529	-23485.357
-46650	-23504.562
-48424	-23516.232
-43121	-23516.176
-28524	-23506.111
-35800	-23484.906
-46921	-23458.42
-48649	-23432.992
-43279	-23412.422
-28582	-23402.016
-36034	-23399.309
-47087	-23404.342
-48803	-23414.695
-43464	-23424.754
-28729	-23432.197
-36198	-23430.438
-47219	-23419.963
-48889	-23403.066
-43479	-23381.8
-28566	-23362.527
-36294	-23345.922
-47369	-23336.566
-48954	-23336.621
-43479	-23343.842
-28613	-23357.041
-36394	-23368.064
-47452	-23373.744
-49036	-23371.264
-43532	-23357.611
-28622	-23335.354
-36537	-23303.643
-47517	-23268.55
-49044	-23236.355
-43471	-23210.842
-27869	-23197.705
-35885	-23194.453
-47479	-23201.799
-49000	-23218.12
-43463	-23237.814
-28554	-23258.66
-36714	-23273.535
-47566	-23281.621
-49011	-23283.527
-43399	-23279.46
-28390	-23273.688
-36752	-23264.8
-47589	-23256.406
-48981	-23250.19
-43296	-23244.682
-28307	-23240.564
-36784	-23232.2
-47594	-23219.732
-48926	-23203.336
-43226	-23182.658
-28309	-23161.93
-36787	-23140.498
-47516	-23123.734
-48810	-23115.36
-43009	-23115.94
-28099	-23127.164
-36618	-23142.834
-47233	-23160.857
-48454	-23177.217
-42632	-23186.447
-27846	-23187.613
-36407	-23176.24
-46914	-23156.166
-48134	-23132.205
-42309	-23108.91
-27636	-23094.018
-36246	-23088.195
-46714	-23095.475
-47902	-23115.459
-42101	-23142.83
-27606	-23172.916
-36239	-23194.188
-46610	-23201.484
-47729	-23190.451
-41897	-23158.412
-27497	-23109.824
-36193	-23047.2
-46505	-22981.623
-47604	-22924.088
-41737	-22883.203
-26834	-22868.334
-35574	-22879.195
-46377	-22917.22
-47511	-22978.686
-41686	-23054.857
-26792	-23139.062
-35501	-23219.086
-46419	-23290.143
-47467	-23349.33
-41601	-23395.28
-27462	-23432.42
-36281	-23461.37
-46403	-23489.543
-47423	-23522.127
-41519	-23560.854
-27232	-23608.45
-36287	-23659.824
-46385	-23714.111
-47403	-23768.436
-41471	-23818.588
-27120	-23864.479
-36305	-23901.63
-46374	-23933.355
-47362	-23962.195
-41379	-23989.492
-26978	-24019.164
-36291	-24048.096
-46370	-24078.014
-47342	-24107.572
-41283	-24133.207
-26823	-24154.47
-36347	-24165.834
-46426	-24169.686
-47309	-24168.32
-41266	-24164.066
-26867	-24163.195
-36411	-24165.787
-46409	-24177.072
-47279	-24198.303
-41204	-24226.582
-26815	-24259.703
-36479	-24287.793
-46436	-24306.973
-47268	-24312.36
-41144	-24299.81
-26789	-24271.385
-36568	-24226.562
-46528	-24174.305
-47307	-24123.467
-41074	-24081.707
-26497	-24058.51
-36402	-24054.35
-46502	-24072.803
-47267	-24111.352
-41083	-24162.637
-26909	-24220.318
-36751	-24271.588
-46589	-24311.51
-47315	-24335.45
-41017	-24340.809
-26692	-24331.494
-36784	-24308.072
-46607	-24279.646
-47294	-24253.162
-40985	-24232.959
-26686	-24224.086
-36879	-24222.723
-46643	-24229.016
-47296	-24238.707
-40935	-24245.21
-26832	-24245.053
-36979	-24230.098
-46652	-24201.148
-47276	-24158.83
-40889	-24104.494
-26800	-24043.93
-37052	-23977.328
-46646	-23911.533
-47219	-23849.713
-40815	-23792.332
-26707	-23741.545
-37121	-23692.424
-46727	-23646.67
-47257	-23603.666
-40782	-23562.229
-26857	-23524.979
-37287	-23489.209
-46753	-23459.51
-47252	-23437.352
-40709	-23422.004
-26764	-23414.209
-37289	-23407.154
-46727	-23399.81
-47197	-23387.803
-40679	-23365.938
-26951	-23333.12
-37449	-23284.33
-46761	-23224.076
-47153	-23156.64
-40556	-23087.098
-26819	-23024.473
-37514	-22971.633
-46751	-22937.479
-47124	-22925.803
-40592	-22936.111
-27063	-22968.059
-37585	-23012.787
-46796	-23066.86
-47147	-23123.344
-40466	-23174.688
-26812	-23217.594
-37657	-23244.768
-46774	-23258.44
-47106	-23259.879
-40405	-23250.957
-26891	-23237.139
-37787	-23218.05
-46819	-23200.035
-47090	-23185.328
-40371	-23174.123
-26853	-23168.26
-37805	-23162.762
-46833	-23159.666
-47108	-23157.713
-40341	-23154.992
-26867	-23152.863
-37935	-23147.03
-46873	-23141.129
-47032	-23135.682
-40194	-23130.44
-26671	-23127.865
-37955	-23124.164
-46913	-23122.936
-47051	-23124.271
-40177	-23127.277
-26759	-23133.654
-38019	-23138.883
-46905	-23145.861
-47042	-23153.82
-40117	-23160.947
-26757	-23168.076
-38106	-23169.93
-46971	-23169.047
-47043	-23164.89
-40060	-23156.72
-26749	-23147.234
-38202	-23133.734
-46966	-23121.729
-47004	-23113.338
-39971	-23109.787
-26751	-23114.328
-38235	-23123.164
-46966	-23139.246
-46992	-23160.746
-39962	-23184.045
-26854	-23207.916
-38351	-23225.305
-47063	-23237.512
-47020	-23243.291
-39899	-23242.117
-26751	-23237.248
-38396	-23226.88
-47054	-23217.488
-47023	-23211.502
-39849	-23210.186
-26699	-23216.238
-38414	-23225.027
-47059	-23238.564
-46979	-23254.19
-39782	-23268.389
-26732	-23280.463
-38503	-23284.494
-47082	-23283.492
-46908	-23277.748
-39686	-23268.172
-26696	-23258.836
-38522	-23247.988
-47049	-23241.41
-46902	-23240.227
-39655	-23244.096
-26814	-23254.158
-38652	-23264.793
-47080	-23277.684
-46892	-23290.514
-39616	-23300.838
-26754	-23309.324
-38659	-23311.4
-47104	-23310.992
-46884	-23308.639
-39541	-23304.824
-26752	-23302.428
-38723	-23298.158
-47149	-23296.09
-46877	-23296.045
-39533	-23297.184
-26863	-23300.79
-38770	-23302.303
-47133	-23304.965
-46825	-23308.252
-39371	-23311.502
-26641	-23316.508
-38793	-23318.994
-47114	-23322.533
-46789	-23326.508
-39399	-23329.645
-26836	-23333.025
-38886	-23331.87
-47181	-23329.541
-46787	-23325.717
-39304	-23319.992
-26721	-23314.793
-38945	-23306.887
-47236	-23300.947
-46802	-23297.533
-39209	-23296.748
-26609	-23300.414
-38999	-23303.988
-47208	-23310.33
-46728	-23317.883
-39149	-23324.84
-26573	-23331.738
-39002	-23333.457
-47252	-23333.168
-46781	-23330.383
-39145	-23324.924
-26633	-23319.068
-39085	-23309.438
-47239	-23300.61
-46739	-23292.861
-39086	-23286.262
-26626	-23282.902
-39098	-23278.832
-47277	-23277.883
-46757	-23279.477
-39034	-23282.879
-26642	-23289.436
-39209	-23294.432
-47327	-23301.04
-46735	-23307.951
-38971	-23313.889
-26601	-23319.703
-39248	-23320.564
-47309	-23319.965
-46687	-23317.41
-38866	-23312.867
-26610	-23308.83
-39336	-23302.191
-47370	-23297.945
-46726	-23296.533
-38817	-23298.137
-26639	-23304.498
-39389	-23310.93
-47319	-23320.361
-46611	-23330.895
-38782	-23340.488
-26780	-23349.441
-39434	-23352.621
-47382	-23353.488
-46638	-23351.65
-38744	-23347.36
-26778	-23343.209
-39474	-23336.16
-47354	-23330.994
-46602	-23327.572
-38596	-23325.506
-26616	-23325.9
-39475	-23323.855
-47366	-23322.4
-46566	-23320.166
-38496	-23316.367
-26759	-23312.68
-39771	-23305.496
-47369	-23299.695
-46525	-23295.65
-38411	-23293.895
-26638	-23296.41
-39626	-23298.988
-47350	-23304.906
-46517	-23312.28
-38473	-23319.338
-26813	-23326.223
-39651	-23327.86
-47411	-23327.75
-46459	-23325.453
-38242	-23321.494
-26595	-23318.71
-39719	-23314.363
-47395	-23313.512
-46479	-23316.035
-38246	-23321.354
-26757	-23329.988
-39861	-23336.229
-47460	-23342.117
-46449	-23345.082
-38264	-23343.479
-26955	-23338.295
-39899	-23326.01
-47465	-23311.92
-46446	-23297.441
-38224	-23284.654
-26951	-23277.17
-39970	-23272.496
-47507	-23275.113
-46469	-23283.615
-38106	-23296.135
-26827	-23311.703
-40029	-23323.62
-47502	-23333.244
-46465	-23337.947
-38162	-23336.553
-27015	-23330.645
-40139	-23317.355
-47570	-23302.592
-46486	-23287.684
-38149	-23274.52
-27072	-23266.076
-40199	-23259.26
-47607	-23258.004
-46472	-23260.701
-37992	-23265.896
-26977	-23273.44
-40276	-23277.879
-47640	-23282.168
-46486	-23284.893
-37932	-23285.889
-26919	-23286.955
-40316	-23284.781
-47648	-23284.088
-46489	-23284.486
-37887	-23286.078
-26981	-23290.043
-40411	-23291.963
-47677	-23295.22
-46460	-23298.223
-37846	-23300.27
-27082	-23302.357
-40440	-23300.496
-47677	-23298.87
-46421	-23296.877
-37745	-23294.723
-27057	-23293.967
-40504	-23290.855
-47726	-23289.373
-46424	-23288.39
-37671	-23287.705
-27004	-23288.438
-40549	-23286.678
-47731	-23286.611
-46356	-23287.451
-37566	-23289.455
-27004	-23294.035
-40599	-23297.219
-47736	-23302.754
-46374	-23308.984
-37579	-23314.982
-27163	-23320.936
-40704	-23321.959
-47792	-23321.383
-46375	-23317.793
-37502	-23311.291
-27153	-23303.604
-40754	-23291.805
-47798	-23281.113
-46333	-23271.635
-37427	-23264.283
-27206	-23260.795
-40784	-23257.424
-47788	-23257.932
-46312	-23260.502
-37429	-23264.188
-27321	-23269.172
-40856	-23270.75
-47802	-23272.39
-46320	-23272.666
-37307	-23271.479
-27242	-23270.096
-40882	-23264.87
-47824	-23260.074
-46312	-23254.715
-37275	-23248.871
-27323	-23243.65
-40976	-23235.33
-47848	-23228.166
-46282	-23221.514
-37246	-23216.018
-27392	-23213.568
-40996	-23211.285
-47846	-23213.922
-46256	-23220.822
-37169	-23231.986
-27456	-23247.844
-41051	-23263.578
-47824	-23281.637
-46242	-23299.064
-37034	-23314.13
-27365	-23326.322
-41101	-23330.861
-47882	-23331.53
-46209	-23327.576
-37168	-23320.102
-27628	-23311.71
-41169	-23300.549
-47902	-23292.527
-46211	-23287.947
-36887	-23287.922
-27363	-23293.816
-41207	-23301.62
-47898	-23314.502
-46146	-23330.0
-36845	-23346.629
-27473	-23363.693
-41270	-23375.994
-47909	-23386.453
-46176	-23393.104
-36777	-23395.754
-27470	-23395.479
-41326	-23389.164
-47918	-23381.809
-46125	-23373.195
-36683	-23364.625
-27469	-23357.98
-41381	-23350.41
-47939	-23346.576
-46133	-23345.412
-36652	-23346.895
-27540	-23351.441
-41422	-23354.682
-47956	-23359.926
-46137	-23365.127
-36721	-23369.764
-27764	-23374.227
-41501	-23374.785
-47992	-23375.588
-46135	-23375.654
-36675	-23375.45
-27763	-23376.16
-41562	-23374.342
-48002	-23374.082
-46121	-23373.795
-36644	-23373.174
-27886	-23372.475
-41606	-23367.678
-47991	-23362.625
-46048	-23356.035
-36354	-23348.523
-27656	-23341.64
-41632	-23332.828
-47984	-23327.316
-46039	-23324.762
-36109	-23326.105
-27549	-23332.242
-41721	-23339.195
-48035	-23350.201
-46035	-23362.516
-36284	-23374.8
-27834	-23386.227
-41766	-23392.012
-48049	-23395.496
-46036	-23395.21
-35962	-23392.023
-27587	-23387.629
-41823	-23379.893
-48072	-23374.35
-46019	-23370.941
-35946	-23370.76
-27661	-23374.607
-41872	-23378.494
-48077	-23385.523
-46007	-23392.924
-35886	-23399.535
-27757	-23404.65
-41922	-23404.008
-48063	-23401.521
-45958	-23396.264
-35784	-23389.725
-27671	-23384.021
-41934	-23377.27
-48073	-23374.941
-45956	-23376.457
-35796	-23382.342
-27848	-23392.473
-41986	-23402.06
-48080	-23413.293
-45934	-23422.766
-35625	-23429.09
-27772	-23431.498
-42065	-23426.188
-48079	-23417.773
-45923	-23406.188
-35549	-23393.955
-27787	-23383.863
-42082	-23374.748
-48064	-23372.39
-45905	-23376.031
-35422	-23385.824
-27762	-23400.812
-42206	-23415.334
-48157	-23430.691
-45894	-23442.664
-35361	-23449.48
-27853	-23450.182
-42182	-23441.22
-48099	-23427.629
-45856	-23410.045
-35284	-23391.637
-27837	-23375.656
-42216	-23361.322
-48109	-23354.36
-45821	-23353.846
-35177	-23359.598
-27838	-23370.223
-42307	-23379.92
-48154	-23390.102
-45791	-23396.95
-35137	-23399.416
-27944	-23397.393
-42334	-23388.309
-48175	-23377.922
-45772	-23367.158
-35013	-23359.121
-28001	-23356.17
-42443	-23356.424
-48198	-23364.227
-45754	-23377.191
-34916	-23394.143
-27960	-23413.105
-42418	-23428.527
-48170	-23442.67
-45741	-23452.998
-34959	-23460.023
-28126	-23464.893
-42474	-23465.91
-48149	-23468.826
-45717	-23473.428
-34866	-23480.87
-28162	-23490.975
-42494	-23499.123
-48196	-23507.111
-45715	-23510.844
-34894	-23508.621
-28310	-23499.11
-42534	-23479.012
-48167	-23453.557
-45677	-23423.781
-34897	-23393.818
-28432	-23367.746
-42577	-23346.125
-48162	-23335.518
-45635	-23335.355
-34817	-23345.547
-28562	-23363.781
-42663	-23383.557
-48195	-23404.697
-45594	-23421.682
-34804	-23432.09
-28673	-23434.365
-42714	-23425.705
-48228	-23411.693
-45611	-23393.625
-34723	-23375.549
-28672	-23360.832
-42744	-23349.11
-48186	-23345.648
-45551	-23348.762
-34664	-23357.617
-28708	-23369.84
-42780	-23379.764
-48182	-23388.697
-45519	-23393.135
-34686	-23392.879
-28859	-23388.246
-42788	-23377.842
-48211	-23367.592
-45520	-23358.209
-34484	-23352.324
-28854	-23351.148
-42841	-23352.201
-48171	-23358.656
-45474	-23367.418
-34392	-23377.166
-28872	-23385.752
-42874	-23388.73
-48175	-23388.965
-45396	-23384.654
-34370	-23377.139
-28964	-23367.574
-42861	-23354.93
-48157	-23344.69
-45377	-23336.738
-34207	-23332.55
-28952	-23332.264
-42943	-23332.785
-48104	-23337.127
-45359	-23342.51
-34195	-23348.518
-29049	-23353.885
-42960	-23355.258
-48233	-23356.049
-45457	-23354.56
-34215	-23351.74
-29289	-23347.77
-43224	-23340.502
-48379	-23334.227
-45522	-23327.863
-34149	-23322.566
-29242	-23318.473
-43233	-23313.316
-48340	-23311.197
-45454	-23310.648
-33974	-23312.498
-29221	-23316.38
-43241	-23319.387
-48317	-23324.836
-45391	-23330.41
-33938	-23336.168
-29304	-23341.02
-43223	-23341.95
-48234	-23342.389
-45294	-23340.738
-33835	-23338.092
-29381	-23334.69
-43249	-23328.85
-48273	-23325.102
-45299	-23322.418
-33764	-23321.982
-29466	-23323.484
-43281	-23324.252
-48229	-23327.596
-45271	-23331.23
-33767	-23335.469
-29550	-23339.447
-43322	-23340.627
-48215	-23342.832
-45232	-23344.773
-33646	-23347.777
-29534	-23351.799
-43352	-23354.793
-48276	-23360.502
-45251	-23367.049
-33667	-23374.826
-29709	-23382.68
-43410	-23387.654
-48256	-23392.887
-45221	-23396.494
-33576	-23399.393
-29793	-23401.475
-43462	-23401.133
-48262	-23402.865
-45207	-23405.648
-33406	-23410.879
-29861	-23418.0
-43509	-23424.547
-48199	-23433.453
-45147	-23441.906
-33446	-23449.662
-29945	-23455.04
-43569	-23455.178
-48251	-23453.477
-45128	-23448.51
-33338	-23442.084
-29937	-23434.672
-43596	-23425.643
-48282	-23419.945
-45107	-23416.875
-33295	-23417.818
-30019	-23422.018
-43588	-23426.729
-48236	-23434.373
-45087	-23441.664
-33239	-23448.043
-30085	-23451.42
-43614	-23449.018
-48204	-23444.209
-45038	-23435.686
-33135	-23425.455
-30119	-23414.188
-43629	-23401.521
-48193	-23392.496
-45015	-23386.316
-33107	-23384.36
-30220	-23385.47
-43680	-23386.818
-48212	-23390.518
-45009	-23393.13
-33027	-23394.145
-30282	-23391.596
-43710	-23383.287
-48205	-23373.242
-44966	-23360.94
-32912	-23349.408
-30339	-23340.098
-43776	-23333.598
-48224	-23335.389
-44966	-23344.842
-32941	-23363.182
-30476	-23388.506
-43783	-23417.125
-48186	-23449.83
-44911	-23481.65
-32806	-23510.566
-30597	-23533.041
-43747	-23545.764
-48160	-23551.566
-44919	-23549.049
-32780	-23540.72
-30639	-23527.594
-43889	-23510.402
-48244	-23494.77
-44935	-23480.611
-32671	-23470.068
-30616	-23462.299
-43936	-23455.309
-48234	-23451.69
-44899	-23448.488
-32626	-23445.82
-30683	-23442.025
-43984	-23435.445
-48265	-23429.865
-44912	-23424.217
-32655	-23420.543
-30870	-23418.588
-44079	-23417.38
-48323	-23420.309
-44929	-23425.043
-32621	-23431.666
-31012	-23437.799
-44214	-23440.725
-48497	-23442.797
-45123	-23441.69
-32736	-23438.684
-31195	-23433.402
-44425	-23425.691
-48599	-23420.402
-45227	-23417.18
-32839	-23418.25
-31474	-23422.89
-44752	-23429.414
-48935	-23440.195
-45562	-23451.92
-33009	-23464.018
-31786	-23473.56
-45081	-23477.89
-49224	-23479.605
-45779	-23477.002
-33199	-23472.07
-32142	-23464.814
-45384	-23455.416
-49496	-23448.684
-46036	-23443.941
-34037	-23442.912
-33701	-23444.107
-45544	-23446.055
-49571	-23450.816
-46095	-23455.406
-34520	-23459.705
-33393	-23461.785
-45768	-23460.2
-49728	-23458.236
-46232	-23454.682
-33402	-23451.63
-32633	-23448.47
-45804	-23444.549
-49797	-23443.238
-46287	-23442.574
-33423	-23443.309
-32834	-23443.197
-46007	-23440.283
-49912	-23437.094
-46339	-23431.605
-33438	-23425.332
-32979	-23417.395
-46119	-23407.553
-49962	-23399.908
-46361	-23393.629
-33322	-23390.68
-33035	-23389.68
-46101	-23389.209
-49951	-23391.594
-46313	-23394.154
-33159	-23397.174
-33064	-23398.256
-46149	-23395.799
-49962	-23392.773
-46283	-23387.768
-33173	-23382.875
-33152	-23377.39
-46134	-23371.146
-49909	-23367.824
-46159	-23366.002
-33046	-23366.96
-33134	-23368.6
-46019	-23369.178
-49721	-23370.816
-45947	-23370.924
-32907	-23370.28
-33100	-23366.953
-45747	-23360.24
-49383	-23353.535
-45569	-23345.861
-32595	-23339.43
-33158	-23333.322
-45384	-23327.504
-48989	-23325.146
-45192	-23324.496
-32331	-23326.443
-32759	-23328.6
-45150	-23329.326
-48749	-23330.59
-44900	-23329.795
-31900	-23327.826
-32537	-23322.805
-45005	-23314.465
-48601	-23306.496
-44737	-23298.344
-31717	-23292.816
-32567	-23289.455
-44927	-23288.83
-48459	-23294.363
-44578	-23304.387
-31552	-23319.652
-32517	-23337.137
-44841	-23354.771
-48381	-23373.674
-44506	-23390.879
-31628	-23407.084
-32681	-23420.635
-44866	-23432.127
-48344	-23446.11
-44429	-23463.15
-31509	-23486.873
-32745	-23517.127
-44849	-23554.223
-48321	-23600.404
-44361	-23652.236
-31401	-23708.402
-32772	-23763.72
-44797	-23814.822
-48229	-23862.209
-44289	-23903.629
-31441	-23941.703
-32834	-23977.652
-44807	-24015.637
-48191	-24063.395
-44226	-24123.941
-31384	-24201.803
-32971	-24295.715
-44851	-24403.127
-48166	-24521.31
-44161	-24640.742
-31494	-24753.424
-33459	-24847.707
-44794	-24915.395
-48125	-24953.342
-44164	-24957.941
-31317	-24932.617
-33124	-24881.152
-44896	-24812.016
-48191	-24738.0
-44148	-24667.814
-31247	-24611.768
-33254	-24574.13
-44911	-24557.693
-48154	-24564.377
-44071	-24588.898
-31045	-24626.83
-33186	-24669.168
-44917	-24709.074
-48118	-24743.418
-44028	-24766.982
-31128	-24779.758
-33354	-24780.36
-44887	-24771.135
-48072	-24757.879
-43941	-24742.555
-30862	-24729.84
-33317	-24719.773
-44911	-24713.498
-48071	-24713.357
-43937	-24716.799
-30955	-24723.705
-33446	-24730.143
-44956	-24734.465
-48077	-24737.697
-43905	-24737.264
-30905	-24734.166
-33580	-24725.99
-45021	-24712.922
-48097	-24697.43
-43869	-24678.072
-30854	-24656.441
-33643	-24630.31
-45022	-24599.828
-48055	-24567.201
-43875	-24530.684
-30849	-24491.658
-33691	-24447.742
-45049	-24399.04
-48037	-24347.805
-43806	-24292.578
-30972	-24235.146
-34117	-24173.715
-45103	-24109.523
-48087	-24045.88
-43819	-23982.611
-30967	-23922.611
-34014	-23864.99
-45157	-23811.273
-48081	-23764.39
-43772	-23723.078
-30786	-23688.697
-34026	-23658.164
-45201	-23630.977
-48082	-23608.3
-43751	-23587.605
-30784	-23569.775
-34081	-23552.178
-45181	-23535.352
-48050	-23521.871
-43663	-23510.754
-30529	-23504.121
-34052	-23499.82
-45219	-23498.285
-48032	-23501.152
-43679	-23506.059
-30669	-23513.408
-34201	-23519.535
-45224	-23523.844
-48007	-23527.494
-43642	-23528.357
-30502	-23527.838
-34219	-23523.625
-45251	-23516.814
-47982	-23510.084
-43567	-23502.605
-30334	-23496.646
-34234	-23490.236
-45296	-23484.47
-48000	-23481.758
-43564	-23480.826
-30289	-23483.59
-34255	-23487.629
-45333	-23493.717
-48029	-23503.79
-43559	-23516.031
-30298	-23531.508
-34329	-23546.834
-45369	-23561.697
-48000	-23576.885
-43499	-23589.742
-30023	-23600.92
-34119	-23607.174
-45353	-23608.87
-47998	-23607.8
-43470	-23603.318
-30162	-23597.94
-34372	-23590.12
-45436	-23581.316
-47987	-23574.188
-43433	-23568.023
-29888	-23564.713
-34286	-23561.436
-45422	-23558.646
-47990	-23557.795
-43418	-23556.787
-29836	-23556.875
-34324	-23554.924
-45439	-23551.559
-47954	-23548.521
-43349	-23544.29
-29735	-23540.633
-34337	-23534.912
-45505	-23528.236
-47977	-23522.736
-43352	-23517.338
-29623	-23514.334
-34284	-23511.549
-45535	-23510.523
-47976	-23513.57
-43305	-23519.453
-29446	-23529.912
-34300	-23541.459
-45544	-23554.121
-47931	-23568.244
-43266	-23580.758
-29436	-23591.9
-34326	-23597.62
-45572	-23598.275
-47962	-23595.717
-43219	-23589.422
-29302	-23582.8
-34336	-23575.062
-45594	-23569.39
-47902	-23569.46
-43174	-23575.09
-29234	-23588.49
-34379	-23606.084
-45629	-23627.322
-47922	-23651.572
-43160	-23674.814
-29070	-23696.354
-34322	-23711.293
-45631	-23719.473
-47904	-23722.326
-43101	-23719.336
-29025	-23713.898
-34383	-23705.031
-45676	-23695.615
-47916	-23688.785
-43069	-23683.998
-28822	-23683.16
-34356	-23682.447
-45715	-23681.629
-47919	-23680.766
-43078	-23677.287
-28995	-23672.312
-34523	-23662.916
-45751	-23651.064
-47924	-23639.807
-43035	-23629.617
-28691	-23624.287
-34456	-23621.973
-45806	-23624.264
-47937	-23632.143
-43005	-23642.805
-28551	-23655.947
-34481	-23665.904
-45816	-23671.385
-47907	-23672.12
-42936	-23666.059
-28450	-23655.625
-34521	-23639.262
-45811	-23620.637
-47912	-23603.992
-42897	-23590.87
-28334	-23585.367
-34618	-23585.268
-45851	-23591.543
-47877	-23604.04
-42849	-23618.992
-28401	-23635.334
-34676	-23646.84
-45830	-23652.28
-47850	-23651.62
-42806	-23643.508
-28230	-23631.049
-34665	-23613.195
-45855	-23593.953
-47825	-23577.504
-42762	-23565.023
-27743	-23560.191
-34221	-23560.123
-45871	-23565.148
-47795	-23574.781
-42686	-23585.55
-28094	-23596.986
-34720	-23603.553
-45955	-23604.994
-47808	-23602.025
-42665	-23593.854
-27923	-23583.754
-34773	-23570.18
-45962	-23556.416
-47817	-23545.45
-42598	-23537.402
-27797	-23534.895
-34771	-23534.322
-45934	-23536.22
-47757	-23540.441
-42570	-23544.332
-27935	-23548.531
-34962	-23548.627
-45979	-23545.494
-47786	-23540.303
-42524	-23532.45
-27859	-23524.807
-35004	-23514.963
-45996	-23505.404
-47727	-23498.018
-42439	-23492.133
-27899	-23489.922
-35169	-23487.729
-46036	-23486.662
-47711	-23487.215
-42432	-23487.652
-27844	-23489.398
-35176	-23488.574
-46060	-23486.426
-47741	-23483.906
-42407	-23479.963
-27792	-23476.87
-35169	-23471.504
-46046	-23465.766
-47701	-23461.07
-42347	-23456.592
-27738	-23454.607
-35289	-23451.596
-46126	-23448.965
-47714	-23447.389
-42300	-23445.3
-27446	-23444.283
-35058	-23440.39
-46163	-23434.887
-47721	-23428.71
-42297	-23421.307
-27902	-23415.414
-35532	-23408.58
-46239	-23403.564
-47755	-23402.322
-42267	-23404.502
-27764	-23412.293
-35536	-23421.62
-46231	-23433.03
-47729	-23445.697
-42237	-23456.666
-27533	-23466.143
-35597	-23469.027
-46240	-23466.287
-47691	-23458.932
-42192	-23446.918
-27517	-23434.027
-35659	-23418.686
-46298	-23404.77
-47715	-23394.658
-42140	-23388.195
-27463	-23387.379
-35722	-23387.547
-46277	-23388.896
-47659	-23390.43
-42094	-23389.549
-27523	-23387.371
-35809	-23380.268
-46326	-23371.113
-47667	-23362.5
-42029	-23355.658
-27431	-23354.648
-35896	-23357.05
-46341	-23364.89
-47624	-23377.566
-41977	-23391.428
-27308	-23405.012
-35859	-23410.766
-46360	-23407.36
-47654	-23393.47
-41946	-23367.96
-27356	-23334.686
-35983	-23293.629
-46384	-23251.785
-47644	-23215.291
-41942	-23188.143
-27127	-23175.994
-35738	-23176.555
-46404	-23190.914
-47609	-23216.729
-41831	-23248.262
-27314	-23282.11
-36213	-23309.26
-46461	-23327.75
-47632	-23336.07
-41791	-23333.164
-27174	-23323.06
-36236	-23305.283
-46486	-23286.104
-47611	-23270.15
-41767	-23259.475
-27294	-23257.77
-36279	-23261.17
-46482	-23270.479
-47593	-23283.883
-41734	-23297.615
-27353	-23311.219
-36390	-23319.174
-46516	-23323.055
-47573	-23323.867
-41665	-23321.87
-27174	-23320.705
-36385	-23318.031
-46527	-23317.195
-47572	-23319.09
-41622	-23322.373
-27195	-23328.172
-36468	-23331.486
-46571	-23333.732
-47546	-23334.936
-41562	-23334.156
-27206	-23334.057
-36581	-23331.549
-46595	-23329.908
-47524	-23330.145
-41534	-23331.072
-27255	-23333.914
-36627	-23333.408
-46591	-23330.498
-47522	-23324.457
-41507	-23313.766
-27131	-23301.031
-36651	-23283.988
-46610	-23267.717
-47502	-23255.867
-41394	-23250.422
-27043	-23255.715
-36562	-23268.71
-46594	-23291.162
-47431	-23321.182
-41355	-23354.127
-27171	-23387.623
-36832	-23413.516
-46613	-23431.037
-47457	-23438.742
-41344	-23435.5
-27118	-23424.967
-36832	-23406.074
-46661	-23385.113
-47464	-23366.064
-41331	-23350.785
-27107	-23342.998
-36963	-23338.934
-46706	-23340.24
-47436	-23345.445
-41214	-23351.355
-26971	-23357.99
-36966	-23359.969
-46716	-23359.629
-47429	-23357.791
-41203	-23354.562
-27114	-23353.31
-37082	-23351.193
-46706	-23351.602
-47395	-23354.703
-41154	-23358.674
-27113	-23364.195
-37160	-23365.746
-46782	-23365.068
-47427	-23361.922
-41124	-23355.607
-27057	-23349.096
-37238	-23339.861
-46844	-23332.355
-47432	-23328.096
-41078	-23326.682
-27074	-23329.852
-37315	-23332.377
-46806	-23335.49
-47414	-23337.541
-41033	-23336.04
-27108	-23332.082
-37449	-23321.758
-46818	-23309.197
-47364	-23296.562
-40931	-23285.246
-27048	-23279.518
-37507	-23276.838
-46829	-23281.01
-47344	-23291.75
-40907	-23306.473
-27217	-23324.834
-37599	-23340.248
-46894	-23353.467
-47336	-23363.133
-40819	-23367.66
-27134	-23369.482
-37713	-23365.787
-46918	-23361.488
-47329	-23358.541
-40760	-23357.482
-27097	-23360.936
-37808	-23364.633
-46927	-23370.797
-47274	-23378.027
-40711	-23383.69
-27105	-23388.227
-37853	-23386.596
-46973	-23381.791
-47314	-23374.496
-40699	-23365.016
-27178	-23356.846
-37907	-23347.44
-46959	-23341.262
-47256	-23339.064
-40597	-23340.053
-27052	-23345.662
-37974	-23350.836
-46969	-23357.639
-47244	-23365.06
-40551	-23371.383
-27061	-23378.06
-38080	-23380.707
-47038	-23382.664
-47234	-23384.033
-40471	-23384.076
-27012	-23384.568
-38146	-23381.094
-47054	-23376.557
-47221	-23370.56
-40476	-23362.102
-27186	-23353.102
-38268	-23339.977
-47064	-23326.93
-47195	-23315.113
-40421	-23305.016
-27281	-23299.652
-38401	-23295.771
-47069	-23297.104
-47157	-23303.41
-40336	-23312.938
-27057	-23326.324
-38321	-23337.914
-47091	-23349.52
-47180	-23359.748
-40349	-23366.836
-27251	-23372.186
-38467	-23371.71
-47089	-23369.178
-47171	-23365.178
-40279	-23359.74
-27224	-23355.475
-38569	-23348.889
-47122	-23343.969
-47166	-23340.793
-40249	-23338.7
-27272	-23339.533
-38684	-23339.049
-47190	-23340.64
-47157	-23343.936
-40102	-23348.057
-27066	-23354.531
-38689	-23358.877
-47160	-23364.256
-47084	-23370.018
-40025	-23375.021
-27111	-23380.762
-38732	-23382.799
-47152	-23384.68
-47061	-23386.293
-39979	-23387.213
-26956	-23389.646
-38691	-23389.717
-47149	-23391.244
-47034	-23393.986
-39976	-23396.973
-27278	-23401.564
-38918	-23403.035
-47227	-23404.396
-47071	-23404.816
-39917	-23403.352
-27194	-23401.803
-38943	-23396.45
-47226	-23391.629
-47007	-23387.938
-39777	-23385.65
-26992	-23387.297
-38801	-23389.05
-47206	-23394.518
-46966	-23402.803
-39709	-23412.156
-27111	-23422.969
-39045	-23429.709
-47266	-23434.855
-46984	-23437.229
-39727	-23435.965
-27271	-23433.12
-39155	-23425.484
-47262	-23418.05
-46961	-23411.814
-39652	-23407.367
-27201	-23407.268
-39196	-23407.68
-47302	-23411.955
-46951	-23418.854
-39664	-23426.438
-27247	-23434.986
-39183	-23439.094
-47314	-23441.48
-46911	-23441.271
-39498	-23438.035
-27047	-23434.012
-39249	-23425.994
-47355	-23418.783
-46909	-23412.865
-39478	-23408.31
-27202	-23407.012
-39359	-23404.684
-47376	-23404.615
-46912	-23405.676
-39449	-23406.668
-27191	-23408.81
-39414	-23407.91
-47431	-23407.936
-46933	-23408.94
-39402	-23411.037
-27161	-23416.541
-39452	-23421.678
-47471	-23430.238
-46922	-23441.195
-39342	-23453.168
-27166	-23466.441
-39504	-23475.492
-47464	-23482.791
-46843	-23486.742
-39191	-23486.357
-27135	-23483.285
-39642	-23474.047
-47453	-23463.68
-46854	-23453.139
-39199	-23443.494
-27155	-23437.82
-39629	-23433.078
-47496	-23433.678
-46861	-23438.99
-39096	-23448.002
-27074	-23461.225
-39646	-23473.055
-47513	-23485.832
-46832	-23497.494
-39030	-23506.416
-27089	-23513.412
-39702	-23514.086
-47531	-23512.488
-46814	-23508.658
-39031	-23502.996
-27142	-23498.01
-39746	-23490.37
-47537	-23484.396
-46764	-23479.545
-38914	-23474.947
-27120	-23471.477
-39824	-23464.098
-47493	-23455.904
-46734	-23445.758
-38839	-23433.299
-27036	-23420.809
-39913	-23405.477
-47539	-23393.047
-46734	-23384.898
-38748	-23382.443
-27016	-23388.432
-39931	-23399.012
-47542	-23417.246
-46734	-23440.393
-38736	-23465.143
-27130	-23489.434
-40037	-23505.697
-47633	-23514.908
-46739	-23514.588
-38676	-23504.012
-27114	-23485.83
-40061	-23458.537
-47618	-23429.637
-46667	-23402.334
-38488	-23380.047
-27086	-23367.021
-40247	-23360.713
-47593	-23365.166
-46644	-23378.227
-38554	-23397.139
-27277	-23420.26
-40200	-23440.484
-47646	-23459.111
-46654	-23473.639
-38481	-23483.06
-27238	-23489.07
-40236	-23488.605
-47678	-23486.943
-46679	-23484.557
-38441	-23482.197
-27251	-23481.643
-40347	-23478.707
-47714	-23476.77
-46644	-23474.213
-38293	-23470.102
-27119	-23465.549
-40365	-23456.635
-47713	-23448.002
-46601	-23439.89
-38263	-23433.316
-27254	-23430.756
-40424	-23428.94
-47721	-23432.021
-46587	-23438.832
-38294	-23448.17
-27445	-23460.176
-40514	-23469.51
-47750	-23478.967
-46597	-23486.766
-38105	-23492.309
-27196	-23496.842
-40589	-23496.656
-47782	-23496.188
-46585	-23495.021
-38081	-23493.293
-27323	-23492.467
-40722	-23488.557
-47899	-23485.502
-46673	-23482.234
-38114	-23478.62
-27401	-23476.13
-40906	-23471.018
-48059	-23467.748
-46837	-23465.682
-38226	-23464.934
-27554	-23466.756
-41274	-23466.748
-48430	-23468.332
-47221	-23469.734
-38674	-23470.148
-28112	-23470.262
-41643	-23465.824
-48764	-23460.988
-47461	-23455.201
-38773	-23449.121
-28189	-23444.83
-41938	-23439.041
-48996	-23436.268
-47697	-23435.643
-38986	-23436.885
-28507	-23440.646
-42234	-23442.2
-49238	-23444.756
-47891	-23446.621
-39024	-23447.275
-28500	-23447.73
-42479	-23443.926
-49441	-23440.068
-48034	-23435.28
-39049	-23429.781
-28565	-23424.887
-42569	-23416.623
-49471	-23409.174
-48036	-23401.555
-38998	-23394.162
-28629	-23388.66
-42703	-23381.72
-49579	-23378.117
-48107	-23377.379
-38919	-23379.867
-28559	-23386.65
-42793	-23393.03
-49627	-23402.0
-48112	-23411.01
-39002	-23418.54
-28780	-23424.387
-42862	-23423.7
-49682	-23420.25
-48120	-23413.43
-38922	-23404.385
-28794	-23395.69
-42975	-23384.982
-49714	-23377.658
-48104	-23373.463
-38778	-23372.695
-28762	-23375.97
-43034	-23378.414
-49726	-23382.89
-48071	-23387.158
-37935	-23390.574
-28536	-23393.637
-43262	-23392.436
-49747	-23391.633
-48094	-23390.645
-38852	-23390.09
-29139	-23391.154
-43235	-23389.67
-49859	-23388.945
-48104	-23386.732
-38532	-23382.148
-28849	-23375.4
-43212	-23362.424
-49778	-23347.91
-48012	-23332.04
-38422	-23316.914
-28866	-23305.646
-43235	-23296.15
-49686	-23293.693
-47917	-23297.238
-38321	-23305.959
-28893	-23318.822
-43172	-23329.293
-49615	-23338.719
-47741	-23343.459
-38177	-23342.21
-28946	-23335.549
-42983	-23320.72
-49319	-23303.855
-47391	-23286.424
-37863	-23271.371
-28809	-23261.873
-42675	-23255.688
-48918	-23257.164
-47032	-23264.33
-37376	-23275.803
-28471	-23290.549
-42438	-23303.336
-48692	-23317.39
-46801	-23331.662
-37181	-23347.617
-28461	-23368.27
-42331	-23392.621
-48526	-23427.205
-46589	-23472.473
-36704	-23529.09
-28117	-23596.7
-42202	-23669.102
-48380	-23746.705
-46419	-23823.932
-36051	-23897.121
-29150	-23963.242
-42441	-24017.158
-48301	-24062.697
-46283	-24099.867
-36745	-24131.43
-28625	-24161.258
-42208	-24189.127
-48286	-24221.564
-46248	-24258.51
-36287	-24300.064
-28127	-24345.207
-42160	-24387.754
-48197	-24428.701
-46159	-24463.742
-36030	-24491.076
-27975	-24510.326
-42194	-24518.445
-48236	-24521.266
-46145	-24520.148
-35872	-24518.408
-27959	-24519.234
-42249	-24520.938
-48216	-24528.234
-46099	-24539.1
-35842	-24552.299
-27996	-24566.049
-42256	-24574.602
-48205	-24580.545
-46063	-24581.938
-35842	-24579.924
-28243	-24576.895
-42340	-24572.14
-48237	-24572.594
-46057	-24579.082
-35721	-24593.008
-28206	-24614.143
-42383	-24636.744
-48226	-24661.125
-46007	-24681.324
-35427	-24693.312
-27972	-24694.066
-42398	-24678.5
-48184	-24651.373
-45934	-24614.271
-35557	-24572.66
-28277	-24533.102
-42451	-24498.738
-48174	-24479.176
-45894	-24476.555
-36192	-24492.32
-31564	-24524.615
-42777	-24567.115
-48179	-24617.78
-45895	-24668.545
-35637	-24713.418
-28706	-24747.492
-42594	-24764.252
-48269	-24766.67
-45926	-24754.549
-35251	-24731.469
-28367	-24701.928
-42617	-24667.354
-48234	-24636.24
-45886	-24610.523
-35176	-24592.855
-28407	-24584.09
-42700	-24580.143
-48269	-24583.139
-45862	-24588.762
-35111	-24594.256
-28506	-24596.508
-42745	-24589.318
-48294	-24574.31
-45856	-24548.393
-35154	-24511.445
-28632	-24464.076
-42792	-24404.582
-48296	-24339.379
-45829	-24270.059
-35244	-24200.525
-28863	-24134.164
-42866	-24070.596
-48339	-24015.586
-45861	-23967.98
-35134	-23927.514
-28902	-23892.268
-42895	-23856.508
-48311	-23821.484
-45832	-23783.32
-35109	-23741.408
-28988	-23696.105
-42968	-23646.246
-48346	-23599.092
-45813	-23557.014
-35027	-23524.64
-29029	-23505.246
-42987	-23497.695
-48314	-23505.893
-45724	-23526.047
-36150	-23554.398
-33092	-23585.17
-43261	-23610.943
-48287	-23630.178
-45729	-23637.264
-35201	-23630.45
-29557	-23609.379
-43096	-23572.848
-48338	-23528.043
-45714	-23477.568
-34706	-23426.676
-29121	-23379.72
-43136	-23337.51
-48354	-23306.71
-45716	-23286.979
-34682	-23279.018
-29205	-23281.422
-43179	-23289.082
-48377	-23303.041
-45713	-23318.275
-34629	-23332.139
-29321	-23341.797
-43213	-23342.793
-48333	-23338.877
-45617	-23329.547
-34573	-23318.096
-29484	-23308.035
-43283	-23300.746
-48364	-23303.86
-45658	-23317.846
-34397	-23343.354
-29389	-23377.426
-43302	-23412.154
-48364	-23444.533
-45603	-23465.12
-34354	-23467.95
-29506	-23448.717
-43359	-23404.82
-48367	-23345.055
-45562	-23277.076
-34270	-23214.379
-29612	-23170.855
-43425	-23156.982
-48408	-23186.107
-45565	-23259.988
-34307	-23375.662
-29934	-23522.05
-43536	-23680.166
-48427	-23834.309
-45547	-23962.863
-35077	-24049.838
-32052	-24083.893
-43650	-24060.633
-48432	-23989.014
-45510	-23879.344
-34360	-23749.223
-30169	-23616.57
-43586	-23495.672
-48411	-23402.848
-45487	-23342.727
-33941	-23316.232
-29844	-23317.428
-43599	-23334.975
-48414	-23362.56
-45432	-23389.28
-33861	-23409.568
-29901	-23420.285
-43622	-23419.959
-48388	-23415.914
-45403	-23410.82
-33857	-23409.475
-30055	-23413.625
-43602	-23421.07
-48353	-23433.77
-45337	-23446.986
-33679	-23458.658
-30063	-23466.549
-43649	-23468.664
-48347	-23471.102
-45323	-23475.662
-33597	-23486.861
-30155	-23506.25
-43716	-23531.303
-48347	-23562.375
-45262	-23591.652
-33444	-23612.479
-30130	-23617.066
-43697	-23598.793
-48319	-23561.512
-45255	-23509.084
-33456	-23453.385
-30251	-23408.293
-43794	-23387.36
-48333	-23407.773
-45221	-23475.918
-33336	-23592.988
-30356	-23749.666
-43846	-23927.213
-48335	-24106.926
-45217	-24262.607
-34189	-24372.654
-32502	-24419.92
-43945	-24396.182
-48354	-24307.834
-45167	-24166.4
-33458	-23993.275
-30737	-23811.701
-43927	-23643.104
-48367	-23509.887
-45164	-23421.945
-33171	-23383.14
-30664	-23387.2
-43992	-23420.615
-48398	-23472.062
-45148	-23524.832
-33028	-23567.943
-30660	-23593.115
-44044	-23596.775
-48392	-23585.594
-45089	-23564.197
-32872	-23541.166
-30741	-23522.184
-44094	-23509.703
-48412	-23508.457
-45074	-23514.88
-32847	-23526.332
-30823	-23537.525
-44089	-23543.18
-48363	-23545.11
-45039	-23541.807
-32732	-23536.385
-30920	-23530.514
-44137	-23525.082
-48356	-23524.906
-45041	-23527.752
-32777	-23532.66
-30993	-23535.484
-44171	-23531.873
-48381	-23524.082
-45033	-23511.559
-32944	-23499.406
-31290	-23492.809
-44227	-23497.85
-48351	-23524.877
-44952	-23576.445
-32687	-23654.031
-31247	-23751.93
-44279	-23859.365
-48347	-23967.076
-44921	-24059.146
-34089	-24123.3
-34063	-24148.664
-44346	-24130.527
-48336	-24073.21
-44872	-23983.607
-33094	-23875.18
-31814	-23761.309
-44341	-23654.635
-48372	-23569.775
-44907	-23511.766
-32592	-23483.37
-31583	-23479.895
-44358	-23493.135
-48334	-23517.709
-44859	-23543.195
-32465	-23564.102
-31634	-23575.135
-44431	-23574.31
-48386	-23566.791
-44854	-23554.213
-32411	-23541.527
-31777	-23530.281
-44497	-23520.82
-48380	-23516.363
-44832	-23513.799
-32157	-23512.566
-31746	-23509.688
-44544	-23503.45
-48374	-23497.75
-44762	-23492.43
-32191	-23490.672
-31936	-23492.432
-44505	-23496.824
-48318	-23505.672
-44701	-23514.29
-32019	-23520.121
-31933	-23517.986
-44551	-23504.537
-48301	-23483.258
-44658	-23455.658
-32106	-23429.146
-32072	-23410.246
-44574	-23406.348
-48286	-23427.535
-44608	-23475.678
-32056	-23551.05
-32210	-23646.096
-44637	-23749.55
-48304	-23851.44
-44610	-23936.406
-32826	-23993.78
-33776	-24014.373
-44641	-23995.584
-48261	-23943.107
-44564	-23864.992
-32372	-23774.662
-32682	-23683.684
-44691	-23602.896
-48274	-23543.574
-44536	-23507.783
-31982	-23495.758
-32556	-23500.791
-44712	-23514.814
-48281	-23533.076
-44541	-23547.39
-31838	-23555.174
-32559	-23553.887
-44753	-23544.604
-48289	-23533.92
-44494	-23524.021
-31690	-23519.197
-32646	-23518.75
-44805	-23521.004
-48297	-23526.291
-44450	-23529.52
-31613	-23529.217
-32741	-23522.217
-44864	-23508.83
-48324	-23495.035
-44452	-23483.717
-31551	-23480.96
-32827	-23488.348
-44857	-23506.28
-48257	-23535.467
-44439	-23569.012
-31641	-23601.086
-32999	-23622.396
-44957	-23626.697
-48300	-23614.738
-44384	-23587.16
-31549	-23552.506
-33151	-23519.652
-44951	-23500.648
-48291	-23509.885
-44348	-23553.508
-31512	-23635.016
-33199	-23747.633
-44959	-23879.586
-48260	-24017.25
-44306	-24140.324
-31704	-24232.535
-33664	-24278.549
-44954	-24271.35
-48219	-24214.219
-44261	-24114.822
-32119	-23989.111
-33750	-23853.174
-45039	-23724.691
-48227	-23621.24
-44232	-23550.818
-31592	-23517.826
-33621	-23516.945
-45089	-23539.71
-48243	-23577.662
-44210	-23617.61
-31379	-23651.393
-33671	-23670.729
-45111	-23673.496
-48255	-23664.178
-44197	-23645.637
-31420	-23624.957
-33731	-23605.385
-45141	-23590.514
-48202	-23584.387
-44137	-23584.6
-31324	-23590.094
-33910	-23595.598
-45176	-23598.328
-48187	-23599.174
-44072	-23596.188
-31109	-23591.883
-33912	-23585.764
-45201	-23579.627
-48191	-23577.062
-44055	-23576.348
-31144	-23577.717
-34007	-23576.969
-45222	-23572.295
-48196	-23565.182
-44006	-23554.555
-31104	-23544.34
-34161	-23536.395
-45246	-23536.096
-48228	-23550.81
-43996	-23582.486
-31158	-23633.516
-34258	-23699.242
-45279	-23774.291
-48201	-23852.748
-43969	-23923.406
-30409	-23978.588
-33497	-24008.63
-45321	-24009.52
-48177	-23983.402
-43926	-23933.375
-31629	-23868.326
-34718	-23795.545
-45441	-23725.012
-48246	-23667.346
-43927	-23626.436
-30856	-23605.785
-34419	-23601.395
-45428	-23609.184
-48208	-23625.395
-43867	-23642.066
-30759	-23655.457
-34446	-23659.73
-45430	-23654.504
-48191	-23643.451
-43858	-23628.162
-30811	-23613.986
-34521	-23602.043
-45467	-23595.266
-48156	-23596.697
-43737	-23603.912
-30414	-23616.277
-34454	-23628.342
-45486	-23637.816
-48154	-23644.928
-43702	-23647.424
-30318	-23647.564
-34499	-23644.537
-45518	-23641.271
-48121	-23642.19
-43664	-23647.223
-30286	-23658.324
-34491	-23671.746
-45532	-23685.824
-48085	-23699.8
-43592	-23709.332
-30098	-23713.996
-34496	-23710.486
-45539	-23700.354
-48078	-23688.32
-43621	-23676.63
-30057	-23671.156
-34510	-23672.846
-45610	-23684.672
-48108	-23709.152
-43582	-23743.05
-28728	-23784.717
-32987	-23826.426
-45637	-23862.686
-48084	-23890.018
-43570	-23903.98
-30596	-23904.559
-34799	-23890.053
-45683	-23863.973
-48118	-23832.797
-43520	-23800.357
-29612	-23773.287
-34499	-23752.375
-45742	-23740.092
-48081	-23738.164
-43451	-23743.09
-29516	-23753.438
-34548	-23762.676
-45824	-23768.41
-48089	-23770.703
-43383	-23767.703
-29209	-23762.441
-34435	-23754.193
-45754	-23746.36
-48039	-23743.03
-43356	-23743.87
-29352	-23750.283
-34617	-23757.441
-45801	-23763.299
-48016	-23766.555
-43265	-23763.309
-29117	-23754.455
-34565	-23738.0
-45827	-23717.857
-48024	-23700.344
-43215	-23689.09
-28816	-23690.236
-34569	-23703.06
-45879	-23727.994
-48007	-23763.287
-43203	-23801.328
-28955	-23836.191
-34672	-23856.99
-45884	-23858.584
-47998	-23839.807
-43176	-23800.5
-28858	-23748.016
-34746	-23688.14
-45927	-23632.521
-48000	-23593.416
-43107	-23577.744
-27446	-23591.947
-33137	-23632.186
-45907	-23693.266
-47977	-23767.158
-43127	-23841.246
-29326	-23905.848
-35046	-23948.893
-46039	-23966.184
-47987	-23959.123
-43026	-23930.791
-28583	-23890.873
-34863	-23845.582
-45999	-23804.91
-47937	-23777.143
-42949	-23764.174
-28559	-23767.205
-35055	-23778.984
-46084	-23794.584
-48007	-23809.06
-42939	-23815.889
-28401	-23814.207
-35064	-23800.738
-46114	-23779.451
-47966	-23756.285
-42875	-23734.752
-28193	-23720.613
-35046	-23712.18
-46117	-23710.053
-47941	-23712.863
-42830	-23715.379
-28306	-23715.69
-35249	-23707.957
-46160	-23693.334
-47941	-23675.62
-42784	-23657.895
-28243	-23647.32
-35246	-23644.822
-46151	-23653.916
-47901	-23674.729
-42764	-23701.262
-28336	-23727.846
-35486	-23741.928
-46249	-23736.55
-47926	-23707.467
-42669	-23652.406
-28009	-23577.637
-35401	-23488.838
-46219	-23400.225
-47849	-23327.094
-42636	-23280.814
-27216	-23272.086
-34405	-23300.207
-46256	-23362.516
-47843	-23450.81
-42601	-23550.367
-28569	-23647.982
-35817	-23726.494
-46321	-23777.19
-47839	-23796.74
-42475	-23785.146
-27746	-23750.707
-35713	-23699.283
-46347	-23643.059
-47847	-23592.832
-42449	-23554.223
-27829	-23532.318
-35799	-23522.77
-46344	-23523.703
-47809	-23531.365
-42376	-23539.875
-27674	-23547.895
-35843	-23550.31
-46377	-23549.309
-47788	-23547.81
-42292	-23546.791
-27618	-23549.498
-35935	-23551.914
-46396	-23553.727
-47788	-23552.916
-42290	-23545.193
-27781	-23530.531
-36024	-23505.38
-46436	-23474.305
-47796	-23443.705
-42225	-23419.322
-27699	-23409.898
-36097	-23416.371
-46502	-23441.559
-47789	-23483.0
-42162	-23531.83
-27671	-23578.91
-36246	-23608.371
-46514	-23611.31
-47767	-23582.027
-42103	-23518.766
-27422	-23429.443
-36213	-23322.111
-46546	-23214.508
-47762	-23124.592
-42072	-23066.434
-27046	-23052.164
-35724	-23080.953
-46581	-23150.066
-47708	-23249.283
-42066	-23361.67
-27946	-23471.87
-36546	-23560.81
-46608	-23619.336
-47735	-23643.746
-41990	-23635.13
-27617	-23603.188
-36531	-23555.336
-46617	-23505.75
-47721	-23465.799
-41930	-23441.396
-27584	-23436.76
-36641	-23445.709
-46672	-23464.596
-47712	-23486.871
-41864	-23504.662
-27477	-23515.064
-36682	-23512.336
-46692	-23499.848
-47646	-23482.15
-41762	-23463.268
-27446	-23449.861
-36760	-23441.182
-46699	-23440.338
-47626	-23446.738
-41742	-23456.447
-27483	-23467.979
-36780	-23474.617
-46686	-23477.29
-47610	-23477.398
-41662	-23476.455
-27364	-23479.771
-36885	-23486.377
-46738	-23499.936
-47606	-23520.127
-41566	-23542.273
-27246	-23562.547
-36947	-23570.041
-46755	-23561.0
-47555	-23532.242
-41501	-23482.738
-27292	-23418.582
-37052	-23343.75
-46802	-23271.215
-47552	-23212.973
-41400	-23177.86
-27139	-23174.148
-37171	-23199.066
-46805	-23251.488
-47555	-23323.848
-41458	-23403.36
-27529	-23479.77
-37324	-23538.338
-46862	-23573.996
-47529	-23584.627
-41326	-23571.287
-27241	-23541.824
-37329	-23500.576
-46876	-23459.027
-47489	-23425.38
-41236	-23403.613
-27200	-23397.201
-37474	-23400.32
-46939	-23411.467
-47532	-23425.965
-41240	-23437.904
-27315	-23445.812
-37624	-23444.334
-46924	-23437.234
-47491	-23427.777
-41120	-23418.484
-27117	-23414.643
-37620	-23414.143
-46956	-23420.178
-47454	-23431.951
-41069	-23445.953
-27126	-23461.13
-37776	-23470.639
-47022	-23475.803
-47468	-23477.06
-41028	-23474.814
-27290	-23473.24
-37901	-23470.496
-47027	-23471.219
-47443	-23476.0
-40972	-23482.512
-27282	-23489.799
-38035	-23490.043
-47080	-23482.791
-47459	-23466.129
-40926	-23438.898
-27379	-23405.102
-38129	-23364.936
-47104	-23327.387
-47432	-23299.156
-40841	-23284.87
-27417	-23289.879
-38329	-23310.553
-47129	-23347.871
-47409	-23397.268
-40816	-23450.57
-27549	-23502.242
-38354	-23541.693
-47168	-23567.355
-47438	-23577.8
-40784	-23573.234
-27564	-23558.873
-38456	-23535.521
-47214	-23511.605
-47379	-23492.014
-40679	-23478.898
-27479	-23475.104
-38526	-23475.521
-47237	-23480.982
-47375	-23488.566
-40619	-23494.416
-27410	-23498.133
-38641	-23494.537
-47274	-23487.346
-47394	-23478.162
-40615	-23468.238
-27557	-23461.326
-38754	-23454.682
-47291	-23452.16
-47352	-23453.422
-40507	-23456.266
-27373	-23460.81
-38669	-23461.156
-47297	-23459.51
-47334	-23455.588
-40455	-23449.059
-27547	-23442.744
-38931	-23433.836
-47339	-23426.896
-47305	-23422.773
-40387	-23420.684
-27559	-23421.684
-39012	-23420.443
-47347	-23419.162
-47290	-23416.994
-40324	-23412.932
-27486	-23409.357
-39017	-23403.404
-47362	-23400.396
-47264	-23402.078
-40223	-23408.977
-27401	-23423.12
-39169	-23439.21
-47409	-23458.83
-47271	-23479.121
-40156	-23495.775
-27406	-23507.6
-39176	-23508.469
-47434	-23501.27
-47232	-23487.168
-40072	-23468.135
-27422	-23449.379
-39308	-23430.553
-47440	-23418.566
-47198	-23415.44
-39974	-23420.977
-27327	-23435.668
-39334	-23452.479
-47494	-23471.338
-47204	-23488.197
-39870	-23498.975
-27192	-23503.232
-39365	-23496.057
-47476	-23482.264
-47152	-23464.158
-39853	-23444.496
-27366	-23428.566
-39384	-23415.213
-47514	-23410.111
-47164	-23413.703
-39803	-23424.436
-27359	-23441.938
-39442	-23459.19
-47511	-23476.906
-47124	-23492.373
-39659	-23503.352
-27207	-23510.936
-39492	-23511.41
-47543	-23509.855
-47097	-23507.928
-39628	-23506.852
-27307	-23509.654
-39574	-23512.805
-47577	-23519.887
-47099	-23529.756
-39545	-23540.463
-27202	-23552.11
-39625	-23559.182
-47590	-23564.727
-47014	-23568.35
-39389	-23570.104
-27169	-23572.668
-39746	-23573.072
-47606	-23576.336
-47025	-23582.902
-39391	-23592.027
-27295	-23604.525
-39787	-23614.74
-47676	-23624.543
-47056	-23631.895
-39347	-23634.791
-27291	-23634.104
-39884	-23625.719
-47675	-23614.555
-47005	-23602.096
-39248	-23590.12
-27324	-23582.42
-39896	-23576.61
-47661	-23577.537
-46989	-23584.695
-39247	-23596.451
-27402	-23612.307
-39996	-23625.447
-47698	-23637.041
-46932	-23644.438
-39112	-23645.725
-27407	-23642.107
-40087	-23630.266
-47701	-23615.979
-46921	-23601.332
-39078	-23588.604
-27412	-23581.693
-40119	-23578.049
-47719	-23582.055
-46887	-23592.625
-38951	-23607.592
-27476	-23625.941
-40255	-23640.744
-47767	-23653.363
-46912	-23661.404
-38927	-23663.49
-27458	-23661.178
-40294	-23651.342
-47789	-23639.72
-46884	-23627.863
-38822	-23617.27
-27362	-23610.865
-40359	-23605.154
-47772	-23604.041
-46836	-23606.15
-38814	-23609.807
-27472	-23615.01
-40480	-23616.33
-47833	-23617.045
-46832	-23616.27
-38627	-23614.004
-27397	-23612.37
-40534	-23608.064
-47853	-23605.771
-46850	-23605.254
-38642	-23606.018
-27576	-23608.69
-40607	-23608.088
-47840	-23607.03
-46781	-23603.81
-38512	-23597.557
-27486	-23589.672
-40648	-23576.84
-47857	-23564.492
-46772	-23553.615
-38366	-23545.654
-27408	-23543.281
-40734	-23542.918
-47893	-23548.379
-46718	-23557.79
-38326	-23569.053
-27554	-23581.186
-40771	-23587.873
-47869	-23591.42
-46690	-23590.082
-38228	-23583.611
-27497	-23574.256
-40833	-23559.58
-47895	-23545.91
-46677	-23534.625
-38102	-23527.252
-27467	-23525.988
-40874	-23526.795
-47905	-23532.76
-46617	-23541.41
-38080	-23550.35
-27638	-23558.63
-40918	-23560.38
-47881	-23558.643
-46584	-23552.426
-37976	-23542.328
-27610	-23531.117
-40984	-23516.79
-47929	-23505.594
-46552	-23498.521
-37939	-23496.666
-27697	-23501.59
-41049	-23508.844
-47917	-23521.244
-46545	-23536.068
-37755	-23551.191
-27606	-23565.734
-41124	-23574.143
-47933	-23579.5
-46510	-23580.732
-37655	-23578.264
-27561	-23574.252
-41187	-23566.121
-47932	-23559.48
-46475	-23554.717
-37493	-23552.75
-27496	-23555.047
-41280	-23557.373
-47945	-23563.092
-46420	-23570.191
-37499	-23577.33
-27656	-23584.35
-41285	-23586.309
-47956	-23586.8
-46421	-23584.834
-37442	-23580.842
-27717	-23576.752
-41383	-23569.701
-48006	-23564.943
-46428	-23562.443
-37312	-23562.803
-27727	-23567.107
-41387	-23571.06
-47949	-23577.969
-46348	-23585.736
-37271	-23593.14
-27806	-23600.086
-41513	-23601.91
-48002	-23602.385
-46341	-23600.625
-37181	-23597.225
-27818	-23593.885
-41575	-23587.691
-48044	-23583.516
-46361	-23580.863
-37112	-23580.025
-27845	-23581.715
-41694	-23581.662
-48149	-23583.354
-46484	-23585.172
-36530	-23586.973
-27266	-23589.441
-41969	-23588.67
-48408	-23589.309
-46749	-23590.664
-37412	-23593.303
-28382	-23598.277
-42406	-23601.621
-48823	-23606.904
-47114	-23612.197
-37726	-23616.562
-28773	-23619.74
-42822	-23617.13
-49161	-23612.51
-47385	-23604.87
-37774	-23595.092
-28781	-23585.17
-43070	-23572.656
-49372	-23563.121
-47581	-23556.482
-37770	-23553.633
-28956	-23555.314
-43349	-23557.053
-49581	-23561.99
-47682	-23567.44
-37809	-23572.213
-29089	-23575.758
-43461	-23573.498
-49648	-23569.395
-47737	-23562.646
-37773	-23554.389
-29139	-23546.506
-43619	-23536.404
-49786	-23529.36
-47866	-23524.838
-37781	-23523.354
-29244	-23525.307
-43735	-23526.236
-49806	-23529.385
-47813	-23532.541
-37695	-23535.146
-29330	-23537.238
-43849	-23534.883
-49903	-23532.484
-47874	-23529.281
-37541	-23526.28
-29181	-23524.693
-43896	-23521.133
-49902	-23519.992
-47823	-23519.703
-37446	-23520.084
-30969	-23520.43
-44239	-23516.668
-49922	-23512.256
-47798	-23505.371
-37841	-23496.283
-30081	-23485.83
-44128	-23471.186
-49984	-23457.484
-47857	-23444.453
-37345	-23433.36
-29504	-23425.26
-44187	-23416.62
-50006	-23411.525
-47788	-23408.129
-37107	-23406.23
-29453	-23405.617
-44226	-23402.209
-49980	-23400.102
-47737	-23398.162
-37005	-23397.303
-29427	-23398.42
-44117	-23398.244
-49799	-23400.998
-47528	-23404.898
-36671	-23409.473
-29209	-23413.738
-43926	-23412.645
-49523	-23409.162
-47191	-23401.203
-36361	-23389.416
-29103	-23375.162
-43606	-23356.865
-49144	-23341.266
-46772	-23329.592
-35914	-23324.492
-28858	-23327.434
-43322	-23334.69
-48821	-23348.684
-46471	-23364.867
-35644	-23379.746
-28871	-23389.316
-43209	-23386.654
-48681	-23373.979
-46244	-23350.006
-35502	-23317.809
-28932	-23282.428
-43154	-23247.178
-48568	-23223.713
-46128	-23217.715
-36602	-23235.104
-32725	-23278.855
-43377	-23347.03
-48460	-23440.6
-46039	-23552.283
-35502	-23674.738
-29288	-23799.15
-43101	-23913.81
-48468	-24015.588
-45999	-24098.191
-35238	-24160.24
-29111	-24202.854
-43110	-24226.525
-48422	-24240.727
-45939	-24250.115
-35153	-24261.086
-29169	-24278.117
-43150	-24300.629
-48397	-24332.963
-45788	-24371.773
-34948	-24414.053
-29179	-24455.477
-43101	-24488.781
-48348	-24514.805
-45792	-24530.404
-34976	-24536.57
-29359	-24535.547
-43186	-24528.188
-48354	-24522.982
-45752	-24522.717
-34895	-24531.111
-29382	-24549.295
-43189	-24573.44
-48374	-24604.504
-45715	-24636.355
-34685	-24664.346
-29425	-24683.387
-43274	-24687.248
-48380	-24678.947
-45719	-24658.615
-34721	-24631.27
-29571	-24603.11
-43328	-24578.582
-48391	-24568.566
-45689	-24576.668
-34547	-24606.018
-29588	-24655.455
-43342	-24718.05
-48336	-24790.947
-45641	-24864.223
-35594	-24929.81
-32777	-24979.682
-43584	-25007.027
-48344	-25013.604
-45605	-24998.893
-35108	-24967.045
-30481	-24923.213
-43497	-24870.877
-48382	-24819.62
-45627	-24772.354
-34361	-24732.7
-29893	-24701.518
-43506	-24676.086
-48349	-24659.424
-45522	-24648.412
-34122	-24642.4
-29820	-24639.541
-43550	-24635.818
-48347	-24633.578
-45490	-24629.059
-34097	-24620.445
-29957	-24604.33
-43607	-24575.346
-48377	-24535.287
-45546	-24481.844
-34135	-24417.121
-30132	-24343.922
-43648	-24264.812
-48379	-24189.574
-45450	-24122.074
-33849	-24066.957
-30036	-24024.688
-43717	-23990.525
-48392	-23962.951
-45437	-23932.969
-33841	-23893.71
-30172	-23838.766
-43724	-23763.578
-48324	-23675.027
-45369	-23579.84
-33682	-23491.783
-30210	-23425.502
-43796	-23393.414
-48396	-23410.434
-45353	-23479.525
-33514	-23597.998
-30239	-23752.955
-43798	-23922.873
-48321	-24088.102
-45279	-24223.092
-33816	-24308.555
-31219	-24330.814
-43875	-24284.758
-48344	-24181.184
-45274	-24033.916
-33446	-23865.395
-30531	-23698.307
-43917	-23551.648
-48346	-23444.637
-45221	-23382.842
-33184	-23365.959
-30449	-23384.316
-43943	-23422.023
-48348	-23467.572
-45209	-23505.576
-33088	-23527.723
-30594	-23529.518
-44003	-23511.043
-48374	-23482.719
-45206	-23451.604
-33031	-23427.277
-30678	-23414.875
-44051	-23414.75
-48338	-23429.092
-45110	-23451.236
-32898	-23475.816
-30719	-23495.693
-44089	-23504.887
-48364	-23506.193
-45121	-23499.88
-32794	-23491.43
-30837	-23484.9
-44166	-23482.674
-48369	-23490.441
-45095	-23505.113
-32846	-23523.674
-31036	-23539.08
-44230	-23543.684
-48389	-23537.453
-45059	-23518.307
-32844	-23491.613
-31142	-23464.648
-44253	-23446.805
-48332	-23453.447
-45012	-23491.988
-32864	-23568.03
-31342	-23678.504
-44279	-23813.066
-48341	-23960.94
-45003	-24102.045
-33939	-24218.59
-33781	-24293.256
-44360	-24315.219
-48323	-24284.695
-44969	-24205.299
-33142	-24089.992
-31841	-23954.035
-44403	-23813.803
-48378	-23689.156
-44909	-23590.488
-32449	-23525.357
-31544	-23492.635
-44407	-23485.9
-48354	-23500.29
-44903	-23524.137
-32497	-23549.705
-31706	-23569.219
-44447	-23578.367
-48332	-23581.002
-44836	-23577.95
-32224	-23574.258
-31681	-23572.104
-44471	-23572.424
-48315	-23579.2
-44792	-23588.977
-32441	-23600.193
-31957	-23608.3
-44526	-23609.67
-48317	-23606.818
-44806	-23598.457
-32258	-23587.871
-31958	-23576.371
-44539	-23565.541
-48331	-23560.752
-44783	-23560.424
-32202	-23564.57
-32126	-23569.156
-44609	-23570.123
-48334	-23568.436
-44762	-23561.068
-32274	-23549.96
-32282	-23536.127
-44668	-23522.516
-48325	-23517.047
-44704	-23521.686
-31918	-23539.885
-32239	-23569.662
-44707	-23606.965
-48314	-23649.908
-44656	-23690.104
-32669	-23722.068
-33933	-23738.752
-44714	-23736.688
-48271	-23718.01
-44608	-23684.625
-32309	-23642.928
-32861	-23597.488
-44827	-23553.574
-48357	-23519.326
-44604	-23496.016
-31986	-23485.545
-32747	-23484.715
-44836	-23489.785
-48347	-23500.475
-44601	-23511.791
-31911	-23522.766
-32831	-23530.412
-44847	-23533.883
-48314	-23536.912
-44551	-23538.469
-31787	-23540.252
-32937	-23540.094
-44906	-23536.49
-48329	-23531.5
-44499	-23522.76
-31792	-23511.877
-33059	-23498.459
-44944	-23484.541
-48319	-23476.742
-44457	-23476.795
-31697	-23488.441
-33205	-23510.207
-44990	-23539.414
-48286	-23574.547
-44421	-23607.58
-31724	-23632.922
-33262	-23642.846
-45026	-23633.69
-48322	-23609.146
-44414	-23572.57
-31367	-23534.31
-33332	-23503.627
-45110	-23491.666
-48322	-23510.926
-44349	-23564.912
-31341	-23654.361
-33362	-23770.121
-45104	-23899.17
-48264	-24028.115
-44293	-24137.97
-31655	-24214.816
-34003	-24246.123
-45112	-24227.742
-48256	-24165.115
-44310	-24067.13
-31969	-23949.752
-33971	-23827.479
-45192	-23715.479
-48299	-23628.334
-44291	-23571.16
-31389	-23545.97
-33819	-23545.838
-45214	-23562.01
-48256	-23587.105
-44193	-23610.078
-31237	-23625.543
-33891	-23628.059
-45281	-23618.217
-48265	-23602.49
-44160	-23584.678
-31166	-23571.693
-34048	-23565.303
-45292	-23567.076
-48277	-23578.65
-44121	-23595.236
-31086	-23613.916
-34103	-23628.174
-45306	-23635.045
-48213	-23636.379
-44057	-23631.863
-31068	-23625.996
-34238	-23620.105
-45308	-23617.586
-48194	-23622.826
-44061	-23633.832
-31111	-23649.615
-34312	-23663.867
-45374	-23672.314
-48207	-23674.068
-43977	-23666.11
-30937	-23651.27
-34344	-23631.314
-45372	-23612.65
-48177	-23604.906
-43906	-23612.68
-30794	-23641.373
-34426	-23688.814
-45422	-23751.6
-48153	-23825.014
-43860	-23897.768
-30308	-23961.186
-33900	-24003.68
-45421	-24019.322
-48152	-24008.438
-43848	-23972.107
-31293	-23918.148
-34769	-23853.184
-45519	-23787.479
-48186	-23732.422
-43835	-23692.863
-30681	-23673.225
-34587	-23670.229
-45514	-23680.238
-48159	-23699.652
-43794	-23720.209
-30613	-23737.703
-34624	-23745.715
-45600	-23743.402
-48182	-23734.324
-43721	-23720.043
-30417	-23706.287
-34625	-23694.336
-45599	-23687.625
-48141	-23689.646
-43676	-23698.188
-30241	-23712.664
-34592	-23727.32
-45626	-23739.46
-48137	-23748.885
-43662	-23752.719
-30169	-23752.736
-34603	-23747.525
-45675	-23739.781
-48107	-23733.852
-43571	-23729.805
-29869	-23729.953
-34542	-23730.941
-45701	-23731.785
-48105	-23732.65
-43491	-23730.117
-29607	-23724.79
-34551	-23713.975
-45706	-23699.885
-48058	-23687.643
-43441	-23679.412
-29421	-23680.744
-34514	-23691.607
-45774	-23713.938
-48051	-23749.178
-43400	-23793.008
-28589	-23842.719
-33599	-23889.738
-45764	-23928.379
-48017	-23955.295
-43397	-23966.27
-29947	-23962.018
-34868	-23941.217
-45804	-23908.14
-48034	-23869.973
-43315	-23831.041
-29160	-23798.443
-34658	-23773.03
-45865	-23757.57
-48017	-23753.92
-43294	-23758.58
-29141	-23770.09
-34708	-23781.596
-45877	-23790.4
-48011	-23796.1
-43213	-23796.258
-28914	-23793.314
-34667	-23785.885
-45887	-23777.25
-47997	-23771.654
-43144	-23769.363
-28727	-23772.873
-34769	-23778.404
-45941	-23785.227
-47990	-23793.041
-43118	-23798.447
-28667	-23801.99
-34840	-23800.168
-45979	-23794.893
-47961	-23789.95
-43034	-23786.287
-28421	-23787.994
-34816	-23792.89
-45987	-23801.62
-47954	-23813.938
-42952	-23825.12
-28319	-23833.068
-34942	-23830.494
-46034	-23815.771
-47939	-23790.059
-42934	-23753.844
-28493	-23713.363
-35099	-23671.346
-46076	-23635.816
-47894	-23614.74
-42819	-23611.23
-27168	-23629.201
-33691	-23663.738
-46042	-23710.932
-47851	-23765.438
-42848	-23818.453
-28971	-23864.459
-35501	-23894.664
-46126	-23907.441
-47886	-23904.63
-42842	-23888.107
-28466	-23864.846
-35442	-23837.256
-46181	-23811.838
-47883	-23793.803
-42675	-23783.361
-28047	-23781.77
-35414	-23782.93
-46236	-23784.777
-47877	-23785.594
-42659	-23781.951
-28241	-23775.225
-35588	-23763.002
-46221	-23749.03
-47832	-23737.598
-42566	-23729.846
-28074	-23728.889
-35635	-23730.64
-46212	-23734.33
-47803	-23738.127
-42514	-23737.31
-27986	-23731.18
-35749	-23715.117
-46261	-23691.705
-47780	-23665.385
-42505	-23639.363
-28161	-23620.264
-35899	-23608.035
-46348	-23605.635
-47809	-23612.977
-42388	-23624.777
-27950	-23636.777
-36010	-23638.396
-46381	-23625.361
-47767	-23595.6
-42344	-23548.154
-27987	-23489.297
-36071	-23423.104
-46358	-23361.232
-47714	-23315.06
-42286	-23291.723
-27157	-23298.111
-35236	-23330.518
-46398	-23385.637
-47709	-23455.871
-42267	-23529.22
-28253	-23596.406
-36307	-23644.684
-46418	-23670.098
-47652	-23672.797
-42107	-23655.018
-27584	-23625.318
-36226	-23588.07
-46432	-23552.877
-47668	-23526.72
-42094	-23511.314
-27659	-23508.084
-36367	-23509.967
-46509	-23514.006
-47675	-23516.518
-42041	-23513.092
-27578	-23504.766
-36397	-23489.322
-46541	-23472.238
-47652	-23458.992
-41972	-23452.453
-27662	-23456.57
-36556	-23466.854
-46529	-23481.9
-47627	-23497.3
-41863	-23506.13
-27436	-23505.527
-36595	-23489.305
-46546	-23460.69
-47591	-23425.43
-41870	-23389.96
-27528	-23364.775
-36646	-23353.293
-46579	-23361.617
-47610	-23390.238
-41762	-23432.686
-27471	-23481.146
-36790	-23519.47
-46656	-23537.69
-47559	-23527.531
-41666	-23484.17
-27377	-23412.291
-36827	-23317.287
-46639	-23215.773
-47532	-23125.639
-41589	-23062.352
-27121	-23040.463
-36755	-23062.027
-46646	-23127.53
-47537	-23228.693
-41631	-23349.291
-27663	-23473.15
-37099	-23578.654
-46723	-23653.666
-47533	-23690.893
-41466	-23688.504
-27259	-23654.4
-37158	-23595.732
-46735	-23528.71
-47494	-23467.791
-41452	-23422.947
-27365	-23402.312
-37193	-23402.684
-46721	-23422.162
-47445	-23453.834
-41396	-23487.63
-27427	-23517.04
-37385	-23532.139
-46887	-23532.834
-47577	-23521.006
-41434	-23499.805
-27477	-23476.912
-37611	-23454.045
-46997	-23438.213
-47632	-23432.566
-41429	-23436.203
-27487	-23449.092
-37704	-23464.055
-46992	-23480.281
-47583	-23495.846
-41294	-23508.496
-27272	-23520.123
-37785	-23527.445
-47014	-23534.197
-47532	-23541.562
-41149	-23548.07
-27199	-23553.867
-37893	-23551.91
-47032	-23541.9
-47465	-23521.975
-41045	-23490.36
-27177	-23450.371
-37993	-23401.598
-47022	-23352.602
-47457	-23310.736
-41054	-23281.564
-27374	-23271.889
-38106	-23279.607
-47047	-23306.627
-47427	-23349.234
-41017	-23399.354
-27646	-23450.762
-38196	-23491.588
-47086	-23518.5
-47417	-23528.9
-40898	-23522.021
-27348	-23502.957
-38238	-23473.025
-47112	-23441.771
-47390	-23415.994
-40796	-23399.516
-27327	-23396.63
-38302	-23402.902
-47109	-23418.75
-47411	-23440.385
-40750	-23462.127
-27291	-23481.445
-38405	-23490.967
-47139	-23492.385
-47338	-23486.525
-40668	-23474.357
-27305	-23460.488
-38524	-23443.527
-47171	-23429.176
-47317	-23419.395
-40616	-23413.896
-27296	-23414.236
-38627	-23415.213
-47229	-23418.898
-47317	-23424.516
-40547	-23430.396
-27381	-23437.78
-38733	-23442.07
-47266	-23446.246
-47330	-23450.062
-40512	-23451.902
-27468	-23452.549
-38865	-23446.77
-47354	-23437.244
-47344	-23424.086
-40360	-23407.213
-27124	-23390.068
-38780	-23370.668
-47312	-23355.055
-47274	-23346.041
-40318	-23344.787
-27252	-23353.898
-38907	-23368.428
-47359	-23390.04
-47267	-23416.041
-40300	-23441.602
-27574	-23464.715
-39057	-23478.246
-47336	-23483.545
-47219	-23480.44
-40134	-23469.291
-27219	-23454.195
-39109	-23433.889
-47387	-23415.115
-47254	-23401.004
-40144	-23393.084
-27352	-23394.32
-39190	-23400.627
-47406	-23414.771
-47208	-23435.283
-40047	-23459.604
-27334	-23487.463
-39279	-23512.828
-47420	-23537.625
-47184	-23560.717
-39969	-23580.51
-27217	-23598.06
-39294	-23608.574
-47497	-23615.348
-47158	-23618.225
-39784	-23616.719
-27150	-23612.846
-39341	-23602.898
-47472	-23591.326
-47130	-23578.967
-39786	-23566.096
-27207	-23555.217
-39398	-23542.521
-47456	-23531.852
-47073	-23523.156
-39595	-23515.611
-27065	-23510.736
-39504	-23504.076
-47491	-23499.53
-47060	-23497.326
-39667	-23497.463
-27446	-23502.213
-39606	-23507.818
-47524	-23518.047
-47039	-23532.352
-39507	-23549.158
-27224	-23568.615
-39679	-23584.443
-47553	-23598.64
-47006	-23609.426
-39474	-23614.803
-27367	-23615.953
-39754	-23608.908
-47579	-23598.328
-47035	-23585.514
-39377	-23571.693
-27294	-23560.014
-39837	-23547.406
-47624	-23538.424
-47007	-23532.973
-39294	-23530.184
-27329	-23530.988
-39934	-23530.35
-47642	-23531.398
-46987	-23533.256
-39288	-23535.104
-27395	-23538.305
-40099	-23538.562
-47761	-23539.639
-47125	-23541.078
-39394	-23542.17
-27626	-23544.195
-40487	-23542.71
-48159	-23541.637
-47495	-23540.969
-39656	-23540.918
-27837	-23543.908
-40887	-23546.502
-48577	-23553.346
-47840	-23564.248
-39844	-23578.295
-28041	-23595.717
-41392	-23610.125
-48953	-23623.023
-48131	-23631.545
-40152	-23633.21
-28413	-23628.355
-41681	-23612.727
-49192	-23591.71
-48302	-23567.484
-40190	-23543.1
-28451	-23523.744
-41867	-23508.299
-49311	-23502.965
-48369	-23507.951
-40132	-23521.928
-28500	-23543.832
-41956	-23565.63
-49327	-23587.287
-48379	-23604.436
-40227	-23613.857
-28810	-23615.617
-42134	-23605.758
-49433	-23590.217
-48406	-23571.611
-40103	-23553.23
-28762	-23539.855
-42227	-23529.676
-49472	-23527.941
-48429	-23533.588
-40059	-23544.457
-28778	-23559.078
-42292	-23569.895
-49499	-23577.943
-48384	-23580.45
-39906	-23576.21
-28679	-23567.008
-42341	-23550.062
-49471	-23531.807
-48321	-23514.217
-39834	-23499.258
-28797	-23489.71
-42294	-23481.727
-49332	-23478.691
-48101	-23478.365
-39562	-23478.441
-28694	-23478.16
-42175	-23471.77
-49077	-23462.662
-47800	-23450.406
-39195	-23436.025
-28377	-23422.61
-41869	-23408.111
-48752	-23398.643
-47420	-23394.736
-38764	-23396.637
-28214	-23404.97
-41642	-23414.186
-48444	-23426.412
-47129	-23438.486
-38383	-23448.129
-28058	-23454.88
-41572	-23453.797
-48311	-23449.121
-46952	-23440.799
-38160	-23430.12
-27822	-23419.963
-41440	-23407.867
-48232	-23399.291
-46827	-23394.195
-37949	-23392.598
-27813	-23395.1
-41413	-23396.637
-48124	-23399.902
-46696	-23402.748
-37893	-23403.852
-27999	-23403.416
-41470	-23397.121
-48104	-23389.412
-46609	-23380.322
-37726	-23371.113
-27951	-23364.559
-41473	-23358.586
-48029	-23359.217
-46519	-23367.104
-37515	-23383.37
-27879	-23409.582
-41521	-23441.674
-48036	-23483.186
-46457	-23531.943
-37382	-23586.406
-27879	-23645.814
-41576	-23704.645
-48049	-23765.768
-46434	-23827.385
-37199	-23889.209
-27776	-23952.209
-41629	-24012.828
-48024	-24075.717
-46394	-24140.184
-37163	-24206.123
-27885	-24273.756
-41656	-24337.879
-48017	-24400.934
-46341	-24459.803
-37073	-24512.463
-27926	-24558.031
-41678	-24591.504
-48022	-24616.826
-46311	-24633.682
-37127	-24643.695
-28230	-24649.93
-41800	-24651.176
-48031	-24654.223
-46284	-24660.064
-36568	-24670.227
-27683	-24685.89
-41822	-24702.7
-48029	-24723.656
-46234	-24745.9
-36980	-24767.578
-28278	-24787.633
-41889	-24800.986
-48092	-24811.016
-46239	-24816.64
-36849	-24818.488
-28289	-24818.193
-41986	-24813.18
-48110	-24808.748
-46254	-24804.596
-36604	-24801.395
-28137	-24799.904
-42044	-24796.129
-48126	-24793.87
-46233	-24791.355
-36557	-24788.271
-28232	-24784.756
-42091	-24776.697
-48119	-24767.984
-46184	-24757.066
-36351	-24743.66
-28226	-24727.672
-42159	-24704.518
-48132	-24677.47
-46121	-24644.385
-36025	-24604.742
-27946	-24558.72
-42225	-24502.697
-48142	-24441.74
-46127	-24375.996
-36010	-24307.652
-28062	-24239.387
-42273	-24169.727
-48134	-24104.855
-46047	-24045.037
-35876	-23991.371
-28136	-23944.37
-42292	-23899.863
-48116	-23861.074
-46048	-23825.443
-35816	-23792.117
-28214	-23760.58
-42422	-23726.707
-48256	-23694.738
-46129	-23663.975
-35538	-23635.73
-28154	-23611.305
-42556	-23588.027
-48294	-23570.834
-46130	-23558.658
-35715	-23551.693
-28402	-23549.666
-42595	-23548.01
-48287	-23549.756
-46085	-23552.324
-35498	-23555.012
-28299	-23557.102
-42641	-23554.285
-48251	-23550.37
-45978	-23543.855
-35411	-23535.293
-28414	-23525.309
-42702	-23511.02
-48267	-23497.49
-45947	-23484.334
-35347	-23473.04
-28524	-23464.709
-42668	-23456.629
-48186	-23453.4
-45912	-23453.477
-35319	-23456.723
-28665	-23462.129
-42801	-23464.885
-48233	-23467.707
-45824	-23467.934
-35167	-23465.293
-28705	-23459.928
-42810	-23449.426
-48218	-23439.727
-45802	-23431.65
-35169	-23427.959
-28868	-23430.705
-42832	-23437.682
-48189	-23453.012
-45772	-23473.6
-35166	-23497.152
-28984	-23520.104
-42872	-23535.42
-48222	-23544.047
-45757	-23542.438
-35034	-23530.76
-29054	-23510.607
-42951	-23482.238
-48241	-23454.611
-45717	-23431.322
-34987	-23417.62
-29367	-23416.777
-43043	-23427.172
-48239	-23452.16
-45669	-23487.115
-34909	-23527.818
-29366	-23568.6
-43129	-23600.984
-48269	-23624.895
-45689	-23636.31
-34882	-23635.535
-29412	-23624.332
-43181	-23603.248
-48267	-23581.06
-45636	-23560.719
-34696	-23546.559
-29441	-23540.568
-43270	-23540.117
-48328	-23548.012
-45640	-23559.814
-34606	-23572.533
-29576	-23582.326
-43309	-23583.38
-48293	-23578.295
-45599	-23565.273
-34482	-23546.273
-29613	-23523.396
-43381	-23496.771
-48312	-23473.545
-45608	-23454.61
-34436	-23442.129
-29703	-23436.258
-43432	-23433.506
-48321	-23436.637
-45578	-23442.197
-34291	-23449.021
-29737	-23455.18
-43477	-23456.82
-48319	-23457.732
-45503	-23456.562
-34221	-23454.666
-29887	-23452.625
-43538	-23448.662
-48311	-23447.764
-45466	-23448.908
-34087	-23453.191
-29899	-23460.162
-43550	-23466.92
-48297	-23477.17
-45421	-23488.756
-35015	-23501.582
-32832	-23514.098
-43686	-23523.816
-48248	-23533.828
-45386	-23541.736
-34646	-23547.527
-30867	-23550.148
-43718	-23547.0
-48327	-23542.047
-45411	-23534.057
-33909	-23524.588
-30257	-23514.086
-43727	-23501.236
-48329	-23491.14
-45356	-23483.318
-33747	-23479.264
-30348	-23478.629
-43796	-23478.8
-48321	-23483.127
-45345	-23489.033
-33617	-23496.205
-30372	-23502.809
-43811	-23505.479
-48312	-23507.424
-45306	-23506.797
-33514	-23504.766
-30529	-23501.162
-43912	-23494.643
-48315	-23490.172
-45259	-23487.064
-33451	-23486.959
-30616	-23489.328
-43937	-23491.783
-48337	-23497.61
-45247	-23504.16
-33262	-23511.387
-30642	-23517.367
-43996	-23519.291
-48348	-23520.768
-45204	-23520.418
-33140	-23519.977
-30797	-23519.484
-44069	-23517.895
-48329	-23519.96
-45168	-23524.465
-33122	-23532.39
-30959	-23542.13
-44131	-23550.604
-48340	-23560.445
-45149	-23568.91
-33902	-23576.027
-32866	-23580.357
-44159	-23580.814
-48269	-23581.826
-45085	-23582.582
-34024	-23584.723
-31983	-23587.89
-44254	-23590.19
-48354	-23594.62
-45097	-23598.46
-32910	-23601.457
-31211	-23601.434
-44277	-23595.906
-48334	-23588.922
-45042	-23579.934
-32707	-23571.865
-31284	-23565.584
-44282	-23561.158
-48297	-23563.371
-45022	-23570.402
-32732	-23582.037
-31424	-23594.586
-44316	-23603.32
-48293	-23609.07
-44971	-23608.09
-32680	-23601.025
-31547	-23587.855
-44360	-23569.889
-48314	-23554.783
-44955	-23544.938
-32568	-23544.738
-31645	-23554.193
-44396	-23570.643
-48259	-23594.07
-44868	-23616.994
-32561	-23634.098
-31821	-23638.164
-44411	-23624.154
-48236	-23595.58
-44832	-23554.594
-32342	-23510.166
-31826	-23471.363
-44434	-23448.25
-48269	-23454.55
-44821	-23495.133
-32322	-23572.684
-32019	-23681.14
-44563	-23808.861
-48304	-23944.781
-44802	-24070.34
-33249	-24170.303
-33830	-24230.191
-44565	-24241.938
-48273	-24208.201
-44739	-24133.105
-32770	-24029.238
-32634	-23909.898
-44621	-23789.61
-48260	-23685.582
-44664	-23605.861
-31945	-23556.316
-32319	-23534.47
-44652	-23533.936
-48222	-23549.992
-44612	-23571.662
-31987	-23592.059
-32411	-23603.836
-44687	-23603.516
-48231	-23595.322
-44549	-23580.709
-31816	-23565.379
-32504	-23551.922
-44689	-23542.47
-48219	-23541.615
-44574	-23546.82
-31802	-23557.082
-32639	-23567.57
-44755	-23574.498
-48205	-23579.383
-44510	-23579.918
-31819	-23578.254
-32783	-23574.314
-44778	-23569.107
-48189	-23567.277
-44468	-23567.303
-31742	-23569.467
-32920	-23569.977
-44874	-23565.803
-48206	-23558.666
-44449	-23546.74
-31728	-23533.346
-33062	-23520.625
-44880	-23513.52
-48175	-23521.42
-44395	-23547.96
-31598	-23597.629
-33131	-23668.34
-44880	-23755.506
-48134	-23854.746
-44310	-23954.191
-31896	-24043.773
-33969	-24110.797
-44916	-24146.709
-48139	-24150.07
-44281	-24119.273
-31894	-24060.008
-33576	-23978.295
-44958	-23883.672
-48132	-23789.7
-44246	-23704.14
-31106	-23635.37
-33348	-23585.125
-45011	-23553.506
-48119	-23541.463
-44196	-23543.336
-31108	-23555.637
-33519	-23571.441
-45059	-23586.379
-48112	-23600.693
-44124	-23611.172
-31347	-23618.7
-33846	-23621.312
-45063	-23619.328
-48099	-23616.387
-44102	-23611.553
-31160	-23607.06
-33794	-23601.658
-45129	-23596.172
-48111	-23594.703
-44070	-23596.55
-31150	-23603.697
-33991	-23613.502
-45162	-23624.371
-48114	-23636.785
-44040	-23645.83
-30834	-23649.766
-34031	-23643.547
-45245	-23626.049
-48134	-23601.262
-44008	-23571.197
-30873	-23543.299
-34241	-23522.533
-45302	-23516.502
-48137	-23534.277
-43970	-23577.764
-31007	-23648.135
-34428	-23738.344
-45331	-23839.832
-48152	-23943.775
-44011	-24035.865
-30862	-24105.719
-34291	-24142.055
-45367	-24140.256
-48126	-24102.89
-43957	-24034.607
-31347	-23946.465
-34754	-23848.154
-45406	-23751.988
-48098	-23671.045
-43859	-23611.11
-30880	-23576.678
-34630	-23563.973
-45473	-23568.385
-48144	-23585.395
-43827	-23605.867
-30725	-23624.635
-34653	-23634.65
-45511	-23634.477
-48120	-23627.664
-43766	-23615.635
-30417	-23604.068
-34582	-23594.166
-45538	-23589.016
-48116	-23592.219
-43717	-23601.383
-30319	-23615.86
-34606	-23629.943
-45579	-23641.062
-48125	-23649.613
-43660	-23653.37
-30236	-23654.63
-34631	-23652.566
-45619	-23649.926
-48075	-23651.209
-43580	-23656.111
-29891	-23666.123
-34550	-23676.943
-45650	-23686.535
-48087	-23694.521
-43574	-23697.006
-29904	-23694.68
-34622	-23685.436
-45704	-23672.25
-48076	-23661.432
-43507	-23655.896
-29639	-23661.496
-34561	-23677.934
-45727	-23706.117
-48059	-23746.014
-43423	-23791.373
-28962	-23837.506
-33931	-23874.37
-45724	-23895.717
-48024	-23898.88
-43429	-23880.916
-29801	-23845.035
-34757	-23792.975
-45791	-23731.912
-48043	-23671.96
-43358	-23619.578
-29212	-23582.709
-34692	-23561.94
-45856	-23558.549
-48041	-23572.416
-43306	-23597.498
-29029	-23629.834
-34690	-23660.395
-45887	-23685.053
-48021	-23702.795
-43216	-23711.258
-28892	-23713.379
-34731	-23708.598
-45924	-23700.943
-47981	-23695.61
-43116	-23693.309
-28549	-23696.77
-34745	-23702.053
-45951	-23708.082
-48002	-23714.574
-43105	-23717.832
-28467	-23718.293
-34752	-23712.484
-46009	-23702.336
-48014	-23692.102
-43096	-23683.205
-28678	-23680.314
-34977	-23682.156
-46086	-23690.37
-48032	-23706.145
-43041	-23726.047
-28587	-23749.006
-35075	-23768.46
-46126	-23782.676
-48013	-23791.979
-42944	-23794.844
-28385	-23794.615
-35078	-23790.438
-46175	-23786.38
-48041	-23787.29
-42920	-23793.848
-27377	-23808.97
-34141	-23828.398
-46200	-23850.521
-48027	-23873.79
-42878	-23893.875
-28337	-23909.828
-35341	-23916.338
-46239	-23913.934
-48025	-23905.266
-42816	-23891.117
-28196	-23876.002
-35372	-23858.826
-46281	-23842.674
-48044	-23830.031
-42771	-23819.436
-28037	-23811.877
-35496	-23802.447
-46359	-23791.168
-48022	-23779.166
-42656	-23765.545
-27894	-23753.51
-35566	-23741.209
-46398	-23731.8
-48024	-23728.156
-42644	-23729.281
-27947	-23736.084
-35672	-23742.59
-46412	-23747.117
-47972	-23748.037
-42492	-23741.734
-27691	-23729.207
-35758	-23707.633
-46450	-23681.156
-47966	-23655.41
-42424	-23633.916
-27509	-23622.84
-35815	-23620.86
-46487	-23629.55
-47919	-23647.8
-42323	-23669.506
-27473	-23690.26
-35944	-23699.555
-46554	-23693.506
-47911	-23670.645
-42257	-23630.328
-27391	-23578.518
-36047	-23518.326
-46585	-23459.977
-47914	-23413.678
-42241	-23385.598
-26863	-23382.19
-35385	-23400.05
-46609	-23437.033
-47921	-23487.617
-42196	-23542.123
-27581	-23593.469
-36205	-23630.207
-46631	-23648.965
-47932	-23649.623
-42061	-23633.322
-27174	-23607.033
-36253	-23573.246
-46649	-23540.357
-47854	-23514.914
-41962	-23498.855
-27100	-23494.566
-36287	-23495.875
-46699	-23500.766
-47875	-23505.893
-41908	-23506.342
-27067	-23501.74
-36437	-23487.69
-46743	-23467.635
-47836	-23445.834
-41830	-23425.143
-27132	-23411.057
-36566	-23401.98
-46745	-23400.582
-47760	-23407.146
-41686	-23418.648
-26929	-23434.492
-36624	-23448.205
-46794	-23460.262
-47796	-23471.455
-41707	-23481.764
-27111	-23494.814
-36767	-23508.068
-46826	-23524.303
-47779	-23543.625
-41681	-23562.576
-27306	-23579.025
-36932	-23584.11
-46867	-23575.393
-47788	-23550.725
-41554	-23508.672
-26901	-23453.77
-36867	-23387.45
-46892	-23319.748
-47754	-23260.547
-41466	-23217.623
-27099	-23199.49
-37155	-23205.365
-46911	-23236.826
-47742	-23290.268
-41421	-23357.205
-27064	-23430.275
-37214	-23495.883
-47006	-23548.143
-47782	-23582.709
-41332	-23597.035
-26951	-23594.748
-37289	-23576.15
-47046	-23549.598
-47782	-23522.387
-41295	-23499.305
-27092	-23486.06
-37542	-23479.998
-47106	-23482.732
-47758	-23492.637
-41119	-23505.662
-26984	-23520.33
-37600	-23529.697
-47163	-23534.617
-47755	-23535.357
-41070	-23531.7
-26962	-23526.645
-37682	-23517.164
-47226	-23506.629
-47754	-23496.19
-40997	-23485.123
-27034	-23475.164
-37824	-23462.027
-47267	-23448.703
-47771	-23436.844
-40934	-23427.111
-26902	-23423.06
-37854	-23421.654
-47320	-23426.008
-47760	-23436.08
-40861	-23449.098
-26969	-23463.756
-37981	-23472.025
-47352	-23472.959
-47749	-23464.56
-40817	-23445.072
-27072	-23417.453
-38142	-23380.64
-47382	-23342.35
-47707	-23308.908
-40717	-23285.139
-27073	-23277.129
-38286	-23282.656
-47347	-23304.15
-47672	-23339.018
-40736	-23380.928
-27140	-23425.143
-38229	-23460.795
-47402	-23485.1
-47652	-23495.248
-40624	-23489.75
-27034	-23472.357
-38322	-23442.898
-47455	-23409.922
-47652	-23379.812
-40628	-23356.912
-27241	-23346.531
-38471	-23345.643
-47519	-23356.22
-47591	-23375.703
-40596	-23398.887
-27521	-23422.629
-38649	-23438.303
-47577	-23445.809
-47621	-23444.115
-40509	-23432.883
-27262	-23416.082
-38646	-23392.863
-47565	-23370.55
-47596	-23353.441
-40406	-23343.977
-27054	-23345.883
-38726	-23355.121
-47576	-23373.719
-47559	-23399.416
-40295	-23427.936
-27022	-23457.176
-38761	-23479.098
-47644	-23494.066
-47564	-23500.686
-40181	-23497.885
-26936	-23488.469
-38845	-23470.291
-47714	-23449.615
-47591	-23430.035
-40092	-23413.947
-26820	-23405.41
-38909	-23401.281
-47681	-23404.885
-47489	-23415.273
-39937	-23429.594
-26785	-23446.893
-38979	-23459.95
-47688	-23470.111
-47529	-23476.332
-39947	-23477.363
-26907	-23475.697
-39098	-23468.658
-47804	-23461.814
-47508	-23457.588
-39767	-23457.037
-26607	-23462.852
-39145	-23470.324
-47852	-23481.734
-47474	-23495.297
-39687	-23508.033
-26734	-23519.412
-39198	-23523.336
-47832	-23522.648
-47506	-23517.783
-39577	-23509.504
-26565	-23501.52
-39149	-23491.62
-47732	-23485.443
-47296	-23484.34
-39158	-23488.191
-25917	-23498.111
-39162	-23507.879
-47764	-23519.066
-47304	-23529.486
-39345	-23536.717
-26627	-23541.27
-39352	-23538.506
-47825	-23532.83
-47298	-23525.693
-39469	-23518.383
-27293	-23514.273
-39644	-23510.525
-47987	-23511.605
-47449	-23517.297
-40867	-23525.902
-33000	-23536.65
-40920	-23545.303
-48407	-23553.963
-47707	-23561.537
-40077	-23567.027
-28915	-23571.912
-40262	-23572.732
-48316	-23573.863
-47559	-23575.58
-39520	-23577.496
-27580	-23580.926
-40124	-23580.89
-48187	-23580.57
-47436	-23579.139
-39374	-23575.523
-27516	-23571.309
-40142	-23562.973
-48194	-23555.545
-47395	-23550.37
-39162	-23548.537
-27214	-23552.68
-40214	-23558.996
-48151	-23571.324
-47314	-23588.428
-39027	-23608.38
-27164	-23630.82
-40226	-23649.594
-48167	-23667.084
-47288	-23681.79
-38955	-23692.52
-27214	-23700.363
-40291	-23700.861
-48138	-23698.041
-47208	-23691.527
-38804	-23680.908
-27130	-23667.754
-40312	-23648.156
-48179	-23626.98
-47206	-23605.225
-38647	-23584.445
-26974	-23568.125
-40376	-23553.867
-48217	-23547.113
-47194	-23547.723
-38554	-23554.51
-27043	-23566.63
-40472	-23576.672
-48237	-23585.145
-47181	-23588.432
-38434	-23584.13
-26972	-23573.084
-40529	-23552.236
-48258	-23528.543
-47146	-23505.475
-38409	-23486.887
-27082	-23477.342
-40579	-23474.15
-48254	-23480.95
-47094	-23494.629
-38298	-23510.814
-27097	-23526.08
-40632	-23532.043
-48230	-23530.23
-47009	-23519.828
-38182	-23502.79
-27100	-23484.494
-40711	-23465.668
-48234	-23455.05
-47006	-23454.963
-38019	-23465.514
-27016	-23485.248
-40798	-23504.732
-48301	-23521.557
-46970	-23528.625
-37919	-23521.08
-27087	-23498.375
-40939	-23458.166
-48366	-23409.764
-46994	-23359.826
-37907	-23315.871
-27261	-23285.14
-40979	-23266.355
-48365	-23262.43
-46969	-23267.574
-38030	-23273.924
-27656	-23274.523
-41059	-23259.479
-48360	-23231.697
-46934	-23195.36
-37991	-23161.441
-27748	-23147.139
-41143	-23166.635
-48384	-23240.648
-46910	-23379.46
-37894	-23584.97
-27782	-23849.498
-41254	-24149.494
-48409	-24460.938
-46871	-24750.06
-37714	-24984.158
-27654	-25137.285
-41334	-25188.771
-48403	-25139.156
-46818	-24997.83
-37513	-24786.848
-27545	-24537.58
-41379	-24279.521
-48400	-24047.908
-46756	-23865.809
-37460	-23746.484
-27666	-23692.463
-41452	-23690.549
-48406	-23727.762
-46754	-23782.193
-37358	-23833.324
-27702	-23865.922
-41542	-23866.9
-48403	-23839.271
-46676	-23788.121
-37186	-23724.443
-27573	-23662.043
-41532	-23608.803
-48417	-23577.133
-46650	-23569.193
-37040	-23582.695
-27560	-23611.81
-41622	-23643.39
-48429	-23672.13
-46610	-23689.592
-36741	-23691.578
-27349	-23678.562
-41634	-23649.908
-48446	-23615.531
-46606	-23581.334
-36544	-23553.621
-27124	-23537.346
-41671	-23529.912
-48467	-23534.217
-46554	-23545.912
-36191	-23560.63
-26932	-23574.58
-41699	-23580.242
-48456	-23580.197
-46512	-23573.725
-36289	-23563.018
-27231	-23551.656
-41766	-23538.867
-48512	-23531.428
-46511	-23529.746
-36173	-23534.047
-27324	-23543.658
-41879	-23552.533
-48571	-23562.44
-46521	-23570.156
-35461	-23574.562
-26686	-23575.64
-41987	-23569.686
-48617	-23562.137
-46474	-23553.39
-35516	-23545.182
-26942	-23539.184
-42058	-23531.943
-48596	-23527.861
-46461	-23525.371
-36076	-23524.072
-27806	-23523.77
-42151	-23520.209
-48655	-23517.459
-46456	-23514.598
-35971	-23512.318
-27837	-23511.69
-42172	-23509.666
-48656	-23511.158
-46421	-23515.482
-35550	-23523.201
-27516	-23534.814
-42296	-23546.371
-48669	-23561.928
-46384	-23579.857
-35421	-23599.916
-27514	-23621.727
-42327	-23640.73
-48651	-23660.436
-46357	-23678.883
-35307	-23695.75
-27527	-23710.963
-42377	-23720.621
-48690	-23729.37
-46314	-23736.213
-35216	-23742.027
-27626	-23747.594
-42444	-23749.545
-48714	-23752.227
-46264	-23754.188
-35042	-23755.291
-27624	-23755.125
-42488	-23749.318
-48755	-23741.596
-46302	-23730.78
-35049	-23717.752
-27727	-23703.883
-42529	-23687.137
-48822	-23671.824
-46260	-23659.443
-34911	-23651.936
-27827	-23650.07
-42569	-23650.225
-48812	-23655.324
-46198	-23663.08
-34847	-23672.248
-27959	-23681.201
-42617	-23684.953
-48889	-23686.598
-46219	-23684.594
-34728	-23679.768
-28012	-23672.912
-42669	-23661.6
-48927	-23650.932
-46186	-23640.61
-34631	-23631.654
-28127	-23624.22
-42782	-23614.643
-48948	-23606.578
-46119	-23598.256
-34567	-23589.797
-28246	-23580.89
-42844	-23568.102
-49024	-23555.662
-46136	-23542.432
-34502	-23529.01
-28324	-23515.174
-42924	-23497.307
-49101	-23479.045
-46166	-23458.809
-34303	-23437.166
-28346	-23414.473
-42994	-23388.53
-49145	-23365.264
-46098	-23345.723
-34226	-23332.969
-28492	-23328.96
-43038	-23331.87
-49159	-23345.912
-46094	-23368.352
-34102	-23396.918
-28532	-23427.078
-43114	-23450.707
-49260	-23466.963
-46128	-23470.447
-34184	-23459.37
-28874	-23433.21
-43250	-23391.107
-49312	-23341.615
-46095	-23289.664
-34101	-23242.975
-28856	-23208.15
-43311	-23187.807
-49387	-23189.59
-46069	-23213.143
-34152	-23257.25
-29183	-23317.197
-43329	-23383.852
-49360	-23454.025
-46052	-23519.367
-34051	-23574.586
-29175	-23614.98
-43417	-23635.586
-49409	-23640.568
-46015	-23630.73
-33792	-23610.363
-29135	-23583.201
-43441	-23550.652
-49343	-23520.436
-45909	-23493.906
-32906	-23473.55
-28421	-23459.254
-43339	-23447.564
-49286	-23441.473
-45856	-23438.299
-33514	-23437.582
-29247	-23437.785
-43486	-23435.484
-49339	-23434.328
-45864	-23432.879
-33734	-23431.967
-29651	-23431.11
-43688	-23427.709
-49501	-23425.588
-45956	-23423.492
-34839	-23421.967
-31191	-23420.54
-44102	-23417.074
-49768	-23415.61
-46124	-23415.258
-35776	-23416.604
-32541	-23419.219
-44276	-23421.076
-49782	-23425.475
-46070	-23430.639
-34082	-23436.654
-30531	-23442.162
-44170	-23444.102
-49711	-23445.88
-46019	-23446.082
-33527	-23445.857
-30182	-23444.951
-44177	-23441.621
-49683	-23440.412
-45936	-23440.516
-33484	-23443.135
-30442	-23447.36
-44186	-23450.438
-49624	-23455.455
-45857	-23460.22
-33240	-23464.92
-30324	-23468.123
-44295	-23467.27
-49714	-23466.355
-45868	-23464.668
-33012	-23464.08
-30292	-23464.633
-44309	-23464.814
-49684	-23468.861
-45771	-23475.406
-32762	-23484.895
-30242	-23495.33
-44345	-23503.182
-49684	-23510.94
-45704	-23516.166
-32811	-23519.297
-30496	-23519.24
-44433	-23514.424
-49719	-23509.6
-45695	-23504.523
-32747	-23501.299
-30624	-23499.521
-44492	-23497.389
-49691	-23498.379
-45639	-23500.312
-32611	-23503.326
-30698	-23505.484
-44572	-23504.59
-49722	-23504.805
-45604	-23505.559
-32589	-23509.365
-30872	-23516.555
-44649	-23526.428
-49698	-23543.203
-45551	-23564.66
-32583	-23590.037
-31281	-23615.219
-44646	-23635.258
-49667	-23650.842
-45519	-23658.418
-32409	-23658.56
-31106	-23651.123
-44753	-23637.521
-49709	-23625.607
-45504	-23618.137
-32575	-23619.766
-31694	-23630.893
-44844	-23649.434
-49697	-23675.725
-45427	-23702.484
-32531	-23723.701
-31594	-23730.967
-44921	-23717.102
-49709	-23682.895
-45420	-23627.777
-32566	-23557.44
-31757	-23478.338
-44934	-23398.682
-49628	-23331.85
-45296	-23284.527
-32323	-23262.705
-31772	-23265.695
-44889	-23288.91
-49540	-23329.447
-45199	-23377.74
-32373	-23427.246
-31980	-23471.2
-44997	-23506.832
-49537	-23540.55
-45168	-23577.424
-32371	-23627.6
-32185	-23698.68
-45068	-23796.404
-49481	-23926.781
-45091	-24084.783
-31980	-24261.922
-32087	-24441.629
-45119	-24604.7
-49552	-24736.266
-45106	-24819.21
-31866	-24844.676
-32216	-24808.277
-45158	-24714.258
-49497	-24578.54
-45040	-24417.104
-31800	-24250.928
-32278	-24097.074
-45200	-23969.498
-49546	-23880.797
-45001	-23831.723
-31443	-23819.44
-32238	-23833.023
-45227	-23859.738
-49477	-23890.994
-44928	-23915.24
-31847	-23927.178
-33246	-23922.68
-45243	-23902.879
-49442	-23875.688
-44852	-23845.533
-31292	-23819.236
-32501	-23798.78
-45377	-23784.764
-49502	-23779.451
-44893	-23778.357
-31246	-23778.824
-32662	-23775.293
-45556	-23764.748
-49653	-23750.197
-44917	-23731.916
-30910	-23714.502
-32701	-23699.846
-45695	-23690.746
-49713	-23692.684
-44899	-23704.4
-30913	-23725.266
-32877	-23749.484
-45741	-23771.768
-49724	-23790.793
-44809	-23801.684
-30869	-23804.154
-32998	-23796.57
-45719	-23781.021
-49648	-23764.668
-44711	-23750.459
-30837	-23743.541
-33147	-23744.154
-45736	-23752.357
-49602	-23769.762
-44616	-23791.818
-30856	-23815.766
-33266	-23835.367
-45775	-23847.135
-49574	-23852.568
-44569	-23850.477
-31068	-23843.898
-33542	-23833.736
-45826	-23823.18
-49549	-23818.395
-44478	-23820.143
-30814	-23830.414
-33614	-23846.209
-45882	-23865.355
-49560	-23888.223
-44443	-23910.781
-30019	-23932.168
-32391	-23948.79
-45821	-23959.656
-49423	-23968.21
-44371	-23973.91
-32245	-23978.465
-34650	-23980.406
-45940	-23979.69
-49481	-23978.545
-44336	-23974.654
-30935	-23968.258
-34140	-23956.492
-45974	-23939.64
-49347	-23921.805
-44209	-23903.754
-30780	-23889.297
-34187	-23878.598
-46034	-23873.865
-49529	-23878.795
-44416	-23891.168
-30834	-23909.99
-34406	-23929.523
-46326	-23945.936
-49661	-23958.309
-44427	-23962.527
-30663	-23958.64
-34452	-23944.766
-46349	-23923.271
-49566	-23900.414
-44256	-23878.89
-30464	-23863.568
-34346	-23854.475
-46244	-23852.262
-49450	-23858.29
-44081	-23868.723
-30209	-23881.047
-34274	-23888.918
-46239	-23888.867
-49366	-23881.53
-43979	-23866.447
-29957	-23847.246
-34194	-23825.227
-46236	-23805.238
-49349	-23794.361
-43914	-23794.752
-29686	-23809.17
-34199	-23833.879
-46328	-23865.752
-49349	-23902.146
-43848	-23935.582
-28675	-23961.748
-32986	-23973.229
-46282	-23967.62
-49242	-23947.883
-43735	-23915.844
-29749	-23878.115
-34352	-23838.521
-46432	-23804.068
-49339	-23782.654
-43717	-23776.275
-29122	-23786.902
-34241	-23809.238
-46431	-23839.016
-49267	-23872.613
-43651	-23902.398
-29037	-23924.656
-34291	-23933.363
-46509	-23928.611
-49309	-23915.158
-43635	-23896.129
-29080	-23878.545
-34384	-23864.867
-46543	-23859.576
-49257	-23866.57
-43543	-23883.28
-28965	-23907.238
-34462	-23929.799
-46622	-23945.332
-49271	-23951.115
-43490	-23943.148
-29013	-23923.475
-34726	-23893.135
-46727	-23859.66
-49277	-23833.713
-43480	-23821.959
-28296	-23831.684
-34029	-23861.566
-46749	-23909.072
-49252	-23968.824
-43470	-24028.324
-28984	-24076.387
-34857	-24098.367
-46854	-24087.035
-49231	-24042.195
-43402	-23966.967
-28826	-23873.496
-34971	-23774.059
-46937	-23686.988
-49241	-23630.916
-43330	-23616.818
-28120	-23651.877
-34366	-23730.463
-46925	-23843.002
-49168	-23975.354
-43292	-24106.938
-28803	-24220.125
-35203	-24296.35
-47051	-24327.555
-49242	-24314.63
-43082	-24263.107
-27029	-24187.732
-34484	-24101.367
-47257	-24021.475
-50107	-23964.07
-43082	-23937.154
-23482	-23946.02
-31999	-23982.793
-47151	-24039.139
-50886	-24105.467
-43089	-24169.496
-25200	-24223.648
-32562	-24258.104
-47549	-24271.154
-51019	-24266.596
-42965	-24248.445
-27046	-24224.066
-33649	-24195.367
-48052	-24166.104
-51298	-24139.494
-42981	-24114.51
-26942	-24091.117
-33891	-24064.135
-48309	-24033.14
-51396	-24000.7
-42811	-23968.832
-26446	-23942.756
-33906	-23922.447
-48444	-23910.604
-51332	-23909.074
-42727	-23914.67
-27607	-23923.605
-34391	-23925.762
-48491	-23914.73
-51343	-23886.922
-42784	-23839.773
-27591	-23776.674
-34462	-23700.354
-48514	-23620.713
-51264	-23550.312
-42805	-23498.926
-28357	-23475.648
-34549	-23480.926
-48041	-23513.973
-50786	-23569.904
-43084	-23638.488
-34906	-23708.256
-38409	-23766.656
-48278	-23806.914
-50786	-23826.168
-43433	-23823.947
-35718	-23804.385
-38937	-23772.758
-48133	-23738.496
-50432	-23709.895
-43421	-23690.95
-36158	-23683.346
-39331	-23684.473
-47956	-23693.02
-50013	-23706.066
-43480	-23718.914
-37033	-23728.84
-39976	-23733.82
-47876	-23737.0
-49433	-23741.582
-42737	-23748.5
-28766	-23760.02
-35857	-23771.82
-47631	-23782.275
-49345	-23788.373
-42724	-23784.568
-30704	-23768.682
-37009	-23737.252
-47785	-23694.742
-49287	-23648.615
-42561	-23606.494
-30082	-23578.777
-37271	-23570.303
-47798	-23587.303
-49124	-23630.521
-42424	-23693.152
-29618	-23765.914
-37492	-23832.318
-47842	-23880.754
-48923	-23901.8
-42005	-23889.023
-28207	-23845.0
-37237	-23773.959
-47804	-23691.053
-48816	-23613.484
-41832	-23555.783
-28284	-23530.9
-37588	-23540.05
-47791	-23582.389
-48710	-23648.53
-41627	-23720.502
-27536	-23780.047
-37384	-23804.44
-47783	-23780.549
-48685	-23701.967
-41571	-23568.928
-27571	-23392.352
-37427	-23184.732
-47734	-22968.89
-48586	-22767.662
-41484	-22600.135
-27774	-22483.24
-37552	-22422.58
-47820	-22423.217
-48592	-22483.092
-41597	-22593.416
-28716	-22744.02
-37828	-22918.002
-47921	-23103.299
-48631	-23286.932
-41384	-23455.004
-27544	-23597.533
-37662	-23701.516
-47941	-23763.32
-48549	-23782.299
-41171	-23761.002
-27193	-23709.611
-37649	-23637.463
-47904	-23563.533
-48501	-23506.252
-41047	-23480.21
-27028	-23497.12
-37705	-23555.426
-47926	-23651.084
-48447	-23770.113
-40926	-23890.86
-27019	-23991.85
-37777	-24048.83
-47977	-24051.684
-48419	-24000.023
-40845	-23904.729
-27087	-23790.975
-37863	-23686.826
-47986	-23629.672
-48398	-23651.2
-40727	-23771.184
-27036	-23996.555
-37917	-24311.607
-48004	-24691.924
-48374	-25100.275
-40659	-25493.08
-27038	-25833.03
-38070	-26088.14
-48104	-26248.87
-48322	-26321.662
-40544	-26326.902
-27078	-26297.564
-38162	-26263.986
-48119	-26258.004
-48320	-26297.254
-40447	-26381.252
-27059	-26494.652
-38269	-26602.715
-48122	-26670.215
-48241	-26660.729
-40392	-26545.67
-27131	-26314.887
-38325	-25972.447
-48123	-25548.74
-48177	-25087.22
-40351	-24637.607
-27429	-24250.771
-38472	-23962.533
-48142	-23799.031
-48135	-23764.236
-40278	-23840.836
-27412	-23997.838
-38569	-24189.73
-48174	-24376.604
-48128	-24522.57
-40238	-24602.51
-27513	-24608.527
-38699	-24542.389
-48216	-24424.977
-48070	-24281.742
-40144	-24137.607
-27466	-24015.617
-38809	-23925.584
-48215	-23874.633
-48026	-23858.572
-40070	-23865.334
-27449	-23882.055
-38941	-23891.357
-48283	-23886.75
-48020	-23864.748
-39979	-23826.246
-27386	-23778.541
-39064	-23725.701
-48312	-23678.908
-47971	-23644.342
-39901	-23623.117
-27366	-23615.121
-39086	-23612.2
-48285	-23612.408
-47953	-23611.951
-39832	-23608.057
-27366	-23602.977
-39208	-23596.14
-48279	-23596.5
-47893	-23609.723
-39726	-23638.61
-27314	-23684.86
-39315	-23741.025
-48341	-23805.146
-47852	-23868.527
-39629	-23920.146
-27304	-23952.4
-39386	-23955.91
-48329	-23933.486
-47811	-23888.682
-39548	-23826.746
-27213	-23757.441
-39467	-23686.541
-48376	-23625.93
-47786	-23582.041
-39538	-23555.943
-27361	-23547.281
-39559	-23548.531
-48370	-23557.893
-47726	-23570.268
-39358	-23579.752
-27246	-23584.266
-39627	-23579.488
-48371	-23570.664
-47696	-23561.031
-39181	-23552.57
-26997	-23548.799
-39632	-23547.748
-48351	-23553.03
-47639	-23563.984
-39162	-23577.084
-27233	-23590.37
-39747	-23597.758
-48391	-23601.271
-47590	-23601.168
-39057	-23597.172
-27242	-23591.875
-39796	-23584.129
-48354	-23579.48
-47532	-23580.268
-38985	-23586.076
-27314	-23597.18
-39911	-23609.094
-48407	-23621.4
-47514	-23632.979
-38976	-23641.867
-27575	-23647.672
-39972	-23647.133
-48366	-23642.326
-47449	-23635.78
-38886	-23629.32
-27517	-23625.662
-40049	-23623.234
-48401	-23624.3
-47408	-23630.066
-38814	-23640.074
-27621	-23654.053
-40187	-23667.455
-48412	-23679.982
-47329	-23691.512
-38767	-23701.557
-27821	-23710.879
-40265	-23715.793
-48370	-23720.182
-47256	-23724.979
-38651	-23730.025
-27729	-23736.555
-40326	-23740.982
-48357	-23745.955
-47214	-23751.57
-38639	-23756.797
-27872	-23762.102
-40449	-23763.46
-48340	-23763.87
-47144	-23763.719
-38499	-23762.912
-27737	-23762.902
-40477	-23760.453
-48288	-23759.225
-47072	-23759.523
-38376	-23760.969
-27696	-23764.393
-40586	-23765.578
-48283	-23767.71
-46987	-23770.062
-38205	-23771.719
-27634	-23773.318
-40650	-23770.795
-48240	-23767.805
-46957	-23764.184
-38104	-23759.787
-27527	-23756.059
-40672	-23749.504
-48274	-23744.484
-46927	-23740.984
-37976	-23738.87
-27549	-23739.252
-40803	-23738.096
-48275	-23738.98
-46897	-23740.924
-37860	-23742.814
-27448	-23744.89
-40873	-23742.51
-48308	-23739.15
-46860	-23734.291
-37736	-23727.96
-27423	-23721.914
-40874	-23713.422
-48291	-23707.4
-46819	-23704.732
-37570	-23706.002
-27291	-23712.32
-40913	-23719.215
-48307	-23729.35
-46762	-23740.283
-37524	-23749.44
-27481	-23755.477
-41014	-23752.758
-48315	-23744.354
-46748	-23729.795
-37491	-23709.965
-27567	-23687.896
-41109	-23662.498
-48333	-23640.785
-46699	-23624.684
-37419	-23615.574
-27711	-23614.834
-41207	-23618.006
-48321	-23627.367
-46649	-23639.744
-37347	-23652.05
-27784	-23662.574
-41250	-23665.932
-48327	-23665.592
-46623	-23661.531
-37281	-23655.084
-27839	-23649.25
-41347	-23642.744
-48311	-23641.623
-46559	-23646.299
-37324	-23656.482
-28092	-23671.71
-41422	-23686.396
-48349	-23702.082
-46604	-23715.615
-37338	-23724.799
-28262	-23729.412
-41561	-23726.074
-48338	-23720.098
-46525	-23712.795
-37253	-23706.168
-28339	-23703.064
-41617	-23701.432
-48272	-23705.928
-46438	-23715.234
-37196	-23727.566
-28437	-23741.553
-41717	-23751.47
-48312	-23759.492
-46456	-23763.643
-37074	-23763.406
-28424	-23760.016
-41793	-23751.43
-48314	-23743.451
-46403	-23737.092
-36993	-23733.54
-28484	-23734.04
-41851	-23734.988
-48260	-23739.44
-46319	-23745.1
-36884	-23750.023
-28504	-23753.12
-42005	-23749.836
-48304	-23743.7
-46314	-23734.135
-36839	-23721.846
-28543	-23708.701
-41979	-23692.666
-48229	-23679.03
-46252	-23667.781
-36292	-23659.2
-28088	-23653.484
-42053	-23646.47
-48258	-23641.342
-46226	-23636.273
-35829	-23630.64
-27629	-23624.523
-42049	-23614.365
-48213	-23604.77
-46136	-23595.469
-35989	-23587.281
-28035	-23581.354
-42160	-23574.686
-48292	-23571.596
-46144	-23570.945
-35687	-23572.297
-27817	-23575.291
-42192	-23575.496
-48268	-23576.17
-46107	-23575.523
-35686	-23573.084
-27959	-23568.871
-42226	-23559.334
-48291	-23548.896
-46112	-23536.998
-35607	-23524.475
-28000	-23512.477
-42286	-23498.457
-48286	-23487.48
-46059	-23479.236
-35485	-23474.424
-28032	-23473.68
-42333	-23473.535
-48319	-23477.883
-46061	-23485.045
-35492	-23494.404
-28381	-23505.336
-42475	-23513.693
-48356	-23522.928
-46042	-23531.488
-35425	-23539.287
-28372	-23546.559
-42502	-23550.104
-48324	-23554.33
-45978	-23558.252
-35287	-23562.252
-28436	-23566.432
-42561	-23567.42
-48389	-23569.234
-46016	-23570.5
-35237	-23571.463
-28513	-23572.39
-42680	-23570.482
-48404	-23570.531
-45951	-23572.146
-35439	-23576.322
-29605	-23583.7
-42762	-23591.828
-48382	-23604.795
-45895	-23621.068
-35251	-23640.027
-28989	-23660.566
-42825	-23678.223
-48447	-23695.697
-45919	-23710.494
-35152	-23721.988
-28926	-23729.703
-42846	-23730.605
-48440	-23729.266
-45877	-23725.512
-35054	-23720.879
-29035	-23716.676
-42919	-23711.125
-48461	-23709.27
-45841	-23710.38
-34899	-23714.787
-28961	-23721.902
-42921	-23727.635
-48453	-23734.672
-45827	-23740.398
-34796	-23743.922
-29022	-23744.338
-43019	-23738.463
-48539	-23730.783
-45821	-23721.303
-34848	-23712.162
-29267	-23705.186
-43069	-23699.229
-48472	-23699.463
-45756	-23704.975
-34679	-23715.357
-29304	-23728.492
-43104	-23738.56
-48439	-23746.043
-45694	-23746.195
-34427	-23736.627
-29235	-23715.34
-43119	-23679.275
-48411	-23633.91
-45617	-23581.078
-34323	-23525.67
-29319	-23472.28
-43179	-23422.877
-48467	-23385.299
-45605	-23360.658
-34136	-23350.145
-29384	-23352.14
-43261	-23361.078
-48423	-23377.012
-45566	-23394.389
-34176	-23409.92
-29482	-23420.375
-43267	-23421.55
-48443	-23417.46
-45510	-23408.123
-34066	-23396.494
-29547	-23384.898
-43306	-23373.217
-48407	-23367.268
-45476	-23366.424
-33892	-23371.004
-29564	-23379.246
-43347	-23386.533
-48463	-23394.72
-45452	-23400.545
-33757	-23403.54
-29592	-23403.025
-43410	-23397.258
-48511	-23391.809
-45458	-23387.363
-33689	-23386.746
-29772	-23391.13
-43458	-23398.96
-48453	-23414.117
-45406	-23433.95
-33412	-23457.064
-29665	-23480.102
-43538	-23497.633
-48507	-23510.98
-45377	-23516.803
-33400	-23515.078
-29807	-23505.662
-43559	-23487.979
-48507	-23468.803
-45299	-23450.312
-33190	-23437.133
-29901	-23432.014
-43694	-23435.156
-48532	-23451.746
-45301	-23480.066
-33217	-23519.06
-29994	-23564.7
-43682	-23610.36
-48518	-23655.133
-45276	-23693.055
-33442	-23721.164
-30482	-23736.402
-43814	-23735.846
-48547	-23724.436
-45276	-23703.33
-33506	-23677.072
-30567	-23649.146
-43874	-23621.43
-48559	-23600.984
-45262	-23588.357
-33375	-23584.8
-30637	-23588.424
-43916	-23594.818
-48581	-23604.611
-45281	-23613.21
-33332	-23618.752
-30824	-23618.613
-44022	-23610.258
-48566	-23598.197
-45252	-23582.941
-33138	-23568.121
-30792	-23555.666
-44074	-23546.014
-48599	-23544.53
-45191	-23550.344
-32984	-23563.727
-30901	-23581.941
-44107	-23600.443
-48532	-23619.95
-45134	-23636.223
-32883	-23647.969
-30972	-23652.717
-44156	-23648.113
-48511	-23638.332
-45106	-23623.238
-32817	-23605.668
-31034	-23586.594
-44169	-23566.014
-48519	-23549.062
-45076	-23535.17
-32694	-23525.752
-31108	-23519.514
-44217	-23514.021
-48506	-23512.031
-45036	-23511.174
-32534	-23511.768
-31127	-23512.074
-44249	-23510.115
-48492	-23509.541
-45002	-23508.924
-32612	-23509.676
-31521	-23510.75
-44321	-23510.86
-48513	-23513.592
-44970	-23516.908
-32406	-23521.322
-31384	-23524.78
-44391	-23524.883
-48542	-23524.455
-44946	-23521.34
-32186	-23516.518
-31354	-23508.865
-44394	-23497.613
-48534	-23487.463
-44921	-23477.926
-32204	-23471.443
-31565	-23467.611
-44485	-23465.541
-48553	-23468.783
-44886	-23474.912
-31852	-23483.916
-31465	-23492.553
-44501	-23497.674
-48549	-23501.254
-44762	-23500.52
-30846	-23496.59
-30979	-23488.186
-44354	-23475.018
-48403	-23462.367
-44677	-23450.336
-31611	-23441.902
-31599	-23436.633
-44507	-23433.693
-48494	-23436.074
-44737	-23441.0
-32365	-23447.914
-32352	-23453.488
-44796	-23455.11
-48729	-23455.256
-44948	-23452.27
-35144	-23447.62
-34741	-23441.842
-45018	-23436.643
-48866	-23437.482
-44984	-23444.664
-32807	-23460.312
-32967	-23482.822
-44956	-23509.97
-48763	-23542.73
-44862	-23576.44
-32484	-23609.05
-33085	-23636.09
-44977	-23654.78
-48696	-23667.248
-44791	-23672.486
-32289	-23673.166
-32899	-23669.852
-44966	-23664.08
-48635	-23661.271
-44734	-23661.34
-31993	-23666.088
-32898	-23673.3
-45026	-23680.852
-48629	-23690.145
-44676	-23697.666
-32037	-23703.133
-33044	-23703.877
-45007	-23699.1
-48560	-23692.63
-44563	-23684.057
-31754	-23676.006
-33051	-23667.824
-45104	-23659.498
-48638	-23654.258
-44578	-23650.012
-31513	-23647.277
-33076	-23643.182
-45119	-23636.502
-48597	-23630.229
-44492	-23623.25
-31325	-23617.822
-33139	-23613.121
-45102	-23609.475
-48525	-23610.316
-44426	-23613.596
-31359	-23619.396
-33243	-23623.693
-45129	-23623.826
-48491	-23621.0
-44385	-23612.645
-31396	-23600.46
-33413	-23584.08
-45191	-23565.977
-48507	-23552.598
-44341	-23545.615
-31396	-23548.703
-33616	-23560.352
-45226	-23578.883
-48456	-23603.973
-44309	-23629.342
-31749	-23651.13
-34241	-23662.63
-45177	-23660.87
-48381	-23648.064
-44221	-23624.475
-31472	-23595.562
-33905	-23564.682
-45272	-23537.348
-48396	-23521.08
-44229	-23516.887
-31269	-23526.076
-33959	-23543.662
-45339	-23564.654
-48417	-23585.86
-44165	-23599.887
-31136	-23603.576
-34037	-23592.281
-45367	-23566.074
-48405	-23530.021
-44151	-23486.303
-31079	-23440.457
-34178	-23393.777
-45430	-23348.602
-48450	-23308.457
-44176	-23271.432
-31141	-23238.31
-34366	-23206.959
-45511	-23179.586
-48425	-23163.31
-44100	-23163.383
-31064	-23189.492
-34412	-23247.436
-45533	-23343.578
-48392	-23482.738
-44079	-23659.955
-31175	-23867.21
-34587	-24087.148
-45536	-24301.102
-48353	-24491.424
-43999	-24637.951
-31181	-24728.076
-34682	-24752.48
-45528	-24712.74
-48311	-24620.584
-43959	-24490.137
-31071	-24342.271
-34690	-24194.74
-45545	-24065.453
-48292	-23969.3
-43925	-23910.31
-30972	-23888.541
-34646	-23894.29
-45566	-23916.701
-48199	-23945.709
-43821	-23968.473
-31038	-23978.416
-34841	-23969.533
-45555	-23943.326
-48142	-23907.041
-43809	-23866.281
-30904	-23829.982
-34842	-23801.85
-45586	-23785.871
-48066	-23784.875
-43704	-23794.717
-30599	-23812.154
-34772	-23828.922
-45648	-23840.219
-48071	-23844.615
-43642	-23838.885
-30171	-23825.17
-34684	-23803.21
-45570	-23777.066
-47945	-23752.85
-43566	-23732.068
-30047	-23718.24
-34723	-23709.078
-45620	-23704.38
-47934	-23704.646
-43534	-23706.236
-29944	-23708.86
-34740	-23708.475
-45630	-23705.186
-47878	-23701.518
-43459	-23696.79
-29917	-23693.746
-34794	-23690.717
-45604	-23689.25
-47801	-23692.139
-43447	-23697.95
-29851	-23708.39
-34760	-23720.506
-45591	-23734.82
-47736	-23753.3
-43391	-23774.008
-29674	-23797.984
-34818	-23821.385
-45573	-23843.633
-47678	-23865.123
-43272	-23882.432
-29202	-23895.553
-34668	-23900.176
-45580	-23896.596
-47632	-23887.172
-43194	-23871.703
-29379	-23853.94
-34893	-23833.262
-45647	-23813.057
-47659	-23797.342
-43247	-23785.855
-29357	-23780.768
-34912	-23778.572
-45630	-23779.248
-47613	-23783.387
-43202	-23788.084
-29319	-23794.174
-35033	-23798.225
-45737	-23801.44
-47634	-23806.396
-43176	-23812.348
-29282	-23821.68
-35097	-23831.523
-45676	-23842.75
-47556	-23856.424
-43085	-23869.703
-28946	-23883.05
-35077	-23892.008
-45718	-23897.305
-47533	-23900.623
-43052	-23900.87
-28902	-23901.02
-35185	-23899.232
-45729	-23898.201
-47466	-23900.75
-42981	-23905.828
-28972	-23914.973
-35344	-23924.086
-45726	-23932.926
-47487	-23941.64
-43007	-23947.281
-28883	-23950.602
-35449	-23948.146
-45884	-23940.7
-47552	-23930.844
-43049	-23919.01
-29091	-23908.57
-35716	-23897.764
-45906	-23888.906
-47529	-23884.246
-42994	-23882.434
-28379	-23884.945
-35326	-23887.557
-45847	-23890.412
-47372	-23894.064
-42825	-23896.305
-28718	-23898.36
-35889	-23896.627
-45776	-23892.518
-47229	-23887.686
-42421	-23880.977
-26766	-23874.611
-35307	-23864.5
-45657	-23851.8
-47146	-23837.62
-42561	-23820.043
-28227	-23800.85
-35769	-23776.725
-45740	-23749.9
-47179	-23723.062
-42667	-23696.414
-28707	-23673.562
-36022	-23652.771
-45797	-23636.898
-47168	-23627.875
-42704	-23624.031
-29586	-23625.93
-36455	-23628.648
-45881	-23631.873
-47247	-23634.959
-43148	-23634.826
-34661	-23631.307
-38637	-23622.53
-46190	-23611.594
-47427	-23601.322
-42892	-23592.285
-29796	-23587.732
-36786	-23585.229
-46081	-23586.332
-47335	-23590.84
-42645	-23595.066
-28542	-23598.16
-36516	-23593.867
-46040	-23582.17
-47221	-23563.607
-42481	-23537.691
-28189	-23508.64
-36490	-23476.076
-45981	-23445.594
-47174	-23421.732
-42381	-23405.654
-27593	-23400.43
-36106	-23401.773
-45943	-23409.568
-47061	-23422.162
-42296	-23435.434
-28096	-23448.945
-36595	-23457.588
-45979	-23463.104
-47035	-23467.506
-41985	-23471.2
-26679	-23478.082
-36156	-23485.22
-45752	-23494.725
-46817	-23506.568
-41730	-23517.488
-26226	-23527.203
-36202	-23529.273
-45751	-23524.43
-46826	-23513.64
-41929	-23497.15
-27816	-23479.662
-36755	-23460.709
-45917	-23445.535
-46884	-23437.04
-42205	-23434.346
-29602	-23437.627
-37452	-23440.732
-46152	-23442.406
-47043	-23440.512
-42643	-23432.096
-32058	-23418.832
-38259	-23400.652
-46207	-23384.244
-47044	-23375.568
-42177	-23377.951
-28603	-23395.85
-37384	-23425.152
-46159	-23464.512
-46984	-23508.398
-41929	-23547.947
-27996	-23577.791
-37262	-23588.879
-46107	-23581.863
-46908	-23559.95
-41824	-23528.246
-27666	-23497.191
-37214	-23471.453
-46059	-23459.703
-46827	-23464.873
-41546	-23482.842
-26471	-23507.89
-36630	-23524.416
-45892	-23522.549
-46621	-23493.223
-41219	-23430.613
-26044	-23339.3
-37013	-23224.604
-45932	-23104.611
-46647	-22998.707
-41381	-22923.684
-27183	-22894.562
-37299	-22912.324
-46005	-22974.965
-46689	-23069.844
-41558	-23176.406
-28122	-23275.295
-37698	-23344.51
-46193	-23376.195
-46815	-23371.408
-42222	-23340.725
-32226	-23306.746
-38969	-23293.3
-46384	-23329.135
-46927	-23434.205
-41742	-23614.945
-28490	-23865.984
-37976	-24161.479
-46317	-24470.416
-46839	-24753.549
-41402	-24971.045
-27536	-25094.365
-37826	-25102.596
-46249	-24998.695
-46768	-24800.078
-41242	-24536.035
-27203	-24246.658
-37810	-23966.35
-46260	-23730.377
-46765	-23560.074
-41084	-23461.096
-26864	-23428.36
-37788	-23439.55
-46202	-23473.715
-46682	-23507.535
-40786	-23521.47
-26161	-23507.951
-37647	-23462.639
-46099	-23397.498
-46498	-23327.324
-40231	-23266.744
-24956	-23230.375
-37463	-23219.053
-46079	-23233.629
-46446	-23264.72
-40655	-23296.676
-26992	-23315.688
-38043	-23304.371
-46224	-23258.785
-46569	-23179.887
-40942	-23074.994
-28210	-22960.07
-38543	-22847.924
-46426	-22757.643
-46771	-22701.525
-41453	-22684.527
-30365	-22707.72
-39125	-22762.117
-46630	-22842.252
-46849	-22939.742
-40850	-23047.354
-27776	-23164.303
-38746	-23287.518
-46619	-23423.627
-46805	-23576.31
-40716	-23745.387
-27412	-23928.562
-38650	-24111.31
-46596	-24281.287
-46755	-24419.979
-40548	-24508.076
-27168	-24533.4
-38656	-24485.16
-46622	-24370.215
-46781	-24202.43
-40441	-24002.85
-26987	-23800.008
-38717	-23615.67
-46608	-23474.357
-46734	-23388.229
-40304	-23357.393
-26891	-23373.754
-38737	-23414.16
-46616	-23458.984
-46689	-23485.764
-40109	-23476.543
-26591	-23424.928
-38735	-23328.172
-46579	-23200.988
-46588	-23061.318
-39514	-22928.955
-25322	-22824.453
-38522	-22755.455
-46507	-22729.953
-46497	-22743.76
-39848	-22785.078
-26649	-22841.31
-38871	-22893.8
-46661	-22936.27
-46650	-22965.64
-40017	-22986.133
-27054	-23011.154
-38933	-23051.52
-46786	-23126.398
-46721	-23246.242
-40352	-23413.357
-28443	-23622.988
-39384	-23855.166
-47023	-24090.27
-46881	-24301.416
-40552	-24462.262
-28979	-24554.344
-39601	-24562.8
-47153	-24491.086
-46946	-24350.031
-40076	-24158.86
-27271	-23944.637
-39341	-23729.275
-47106	-23539.266
-46866	-23391.447
-39844	-23293.854
-26990	-23248.238
-39311	-23242.9
-47098	-23266.865
-46849	-23305.473
-39624	-23343.98
-26582	-23372.39
-39317	-23378.26
-47081	-23361.61
-46726	-23323.146
-39209	-23266.264
-25834	-23198.205
-39127	-23119.719
-46989	-23039.45
-46632	-22960.78
-38992	-22885.928
-25751	-22818.586
-39198	-22755.432
-46981	-22702.049
-46652	-22660.385
-39236	-22633.027
-26617	-22625.28
-39457	-22636.002
-47128	-22672.188
-46694	-22735.56
-39457	-22826.201
-27447	-22944.668
-39679	-23083.5
-47293	-23241.445
-46838	-23411.252
-40266	-23583.906
-30129	-23751.2
-40299	-23899.465
-47550	-24023.057
-46977	-24113.078
-39588	-24163.01
-27752	-24171.61
-39991	-24135.385
-47577	-24063.506
-46971	-23963.883
-39152	-23847.643
-26864	-23729.287
-39889	-23616.74
-47504	-23524.18
-46876	-23457.805
-38984	-23419.488
-26732	-23408.441
-39907	-23413.682
-47530	-23429.545
-46836	-23446.117
-38764	-23454.967
-26559	-23452.53
-39909	-23433.064
-47505	-23402.041
-46700	-23365.445
-38064	-23330.984
-25314	-23307.553
-39676	-23295.014
-47422	-23298.256
-46671	-23313.62
-38367	-23334.014
-26299	-23351.654
-39857	-23352.13
-47626	-23331.283
-46828	-23284.447
-38356	-23212.43
-26414	-23123.0
-40028	-23021.975
-47917	-22926.225
-47008	-22848.275
-38424	-22798.734
-26876	-22785.453
-40282	-22804.676
-48279	-22855.926
-47181	-22929.66
-37981	-23014.63
-26231	-23101.201
-40301	-23175.947
-48423	-23238.629
-47189	-23288.79
-37783	-23331.312
-26059	-23375.451
-40189	-23425.076
-48384	-23491.043
-47099	-23575.975
-37637	-23678.16
-26189	-23791.979
-40323	-23901.52
-48748	-23996.914
-47504	-24064.42
-38254	-24093.941
-26770	-24081.87
-39967	-24025.23
-48636	-23933.902
-47356	-23820.66
-36489	-23701.66
-24416	-23593.74
-39923	-23504.512
-48654	-23445.213
-47266	-23416.826
-37649	-23414.797
-26639	-23430.676
-40139	-23447.559
-48882	-23456.361
-47433	-23446.227
-36959	-23411.701
-25602	-23353.703
-40249	-23272.506
-48969	-23181.174
-47402	-23090.488
-37801	-23011.95
-27774	-22955.516
-40761	-22922.082
-49496	-22915.69
-47796	-22931.709
-37389	-22963.42
-26622	-23003.77
-40659	-23040.959
-49603	-23074.43
-47807	-23102.803
-37140	-23130.062
-26494	-23164.166
-40687	-23209.182
-49703	-23277.576
-47832	-23373.86
-36967	-23499.596
-26369	-23651.533
-40732	-23815.41
-49737	-23980.785
-47757	-24130.39
-36789	-24248.3
-26311	-24321.855
-40784	-24337.912
-49749	-24297.877
-47672	-24206.254
-35925	-24075.385
-25109	-23922.668
-40584	-23762.19
-49649	-23615.174
-47537	-23496.734
-36248	-23417.482
-26056	-23381.637
-40843	-23381.178
-49797	-23410.146
-47572	-23454.148
-36381	-23498.264
-26554	-23528.736
-41012	-23529.912
-49895	-23499.305
-47690	-23436.102
-36686	-23346.658
-27219	-23242.295
-41294	-23132.191
-50118	-23033.822
-47842	-22958.312
-37341	-22914.008
-28666	-22904.527
-41613	-22923.691
-50317	-22968.432
-47897	-23028.357
-36657	-23093.73
-27311	-23156.223
-41559	-23205.666
-50316	-23243.76
-47832	-23271.62
-36112	-23294.852
-26652	-23320.45
-41537	-23349.729
-50309	-23389.69
-47726	-23438.91
-35887	-23493.52
-26481	-23546.14
-41516	-23582.842
-50272	-23598.666
-47605	-23586.28
-34710	-23545.273
-25329	-23480.54
-41393	-23397.465
-50052	-23313.904
-47421	-23244.361
-35545	-23203.469
-26452	-23201.162
-41497	-23235.848
-50189	-23306.248
-47501	-23399.404
-35903	-23498.727
-27241	-23585.555
-41739	-23638.312
-50265	-23647.97
-47512	-23609.057
-36774	-23525.812
-29319	-23410.293
-42284	-23276.498
-50484	-23147.557
-47601	-23041.744
-35774	-22973.781
-27464	-22951.107
-42216	-22968.652
-50535	-23022.014
-47584	-23097.203
-35522	-23179.998
-27161	-23257.326
-42133	-23315.996
-50521	-23356.707
-47525	-23381.814
-35251	-23400.318
-27009	-23423.246
-42193	-23456.803
-50503	-23511.73
-47471	-23588.451
-35076	-23682.822
-26914	-23784.652
-42164	-23875.87
-50426	-23946.092
-47302	-23982.46
-34024	-23979.693
-25785	-23938.854
-41964	-23863.771
-50291	-23772.475
-47227	-23680.807
-34809	-23606.217
-27044	-23561.85
-42166	-23550.242
-50387	-23573.977
-47228	-23623.15
-34432	-23684.068
-27665	-23739.318
-42484	-23768.672
-50476	-23763.543
-47282	-23717.688
-35589	-23634.281
-28559	-23523.633
-42652	-23397.828
-50687	-23277.938
-47436	-23180.697
-36359	-23119.594
-30009	-23101.004
-42927	-23120.691
-50842	-23174.264
-47502	-23248.29
-35274	-23329.02
-28267	-23403.238
-42891	-23458.154
-50802	-23494.121
-47424	-23513.115
-34577	-23524.316
-27470	-23539.281
-42884	-23566.195
-50744	-23618.42
-47293	-23699.518
-34427	-23808.717
-27495	-23938.072
-42877	-24070.973
-50673	-24195.725
-47231	-24295.943
-34128	-24360.27
-27241	-24381.672
-42789	-24356.037
-50504	-24293.514
-46979	-24203.836
-33501	-24102.025
-26865	-24002.066
-42755	-23911.953
-50466	-23842.975
-46956	-23795.934
-33892	-23768.27
-27432	-23752.27
-42889	-23734.709
-50511	-23709.953
-46968	-23669.666
-34039	-23611.25
-27833	-23535.686
-43079	-23445.068
-50606	-23351.879
-47019	-23265.283
-35307	-23195.732
-31791	-23150.393
-43612	-23132.096
-50788	-23145.932
-47141	-23189.045
-35043	-23257.875
-29388	-23346.771
-43438	-23447.273
-50801	-23558.184
-47099	-23674.213
-34130	-23792.732
-28257	-23910.363
-43424	-24020.53
-50717	-24122.754
-47002	-24210.418
-34052	-24278.018
-28333	-24319.14
-43419	-24325.832
-50664	-24299.588
-46914	-24240.744
-33876	-24155.191
-28265	-24051.562
-43443	-23938.86
-50601	-23834.283
-46821	-23748.402
-33429	-23690.87
-27896	-23665.562
-43329	-23668.121
-50464	-23695.51
-46644	-23735.582
-32946	-23775.416
-27695	-23800.762
-43309	-23797.564
-50362	-23763.31
-46565	-23696.043
-33672	-23601.756
-28600	-23490.662
-43481	-23373.969
-50464	-23270.027
-46637	-23191.184
-34326	-23147.04
-29674	-23140.8
-43782	-23167.93
-50606	-23224.832
-46697	-23299.586
-34031	-23380.54
-29261	-23456.328
-43783	-23517.092
-50638	-23564.04
-46719	-23598.84
-34341	-23629.121
-31173	-23664.182
-43842	-23712.873
-50511	-23787.297
-46577	-23890.508
-34109	-24021.07
-29733	-24170.373
-43839	-24322.795
-50434	-24465.234
-46518	-24579.045
-33653	-24649.621
-29346	-24666.385
-43924	-24624.342
-50473	-24532.447
-46495	-24401.39
-33214	-24248.969
-29021	-24093.986
-43907	-23952.664
-50404	-23843.164
-46396	-23772.168
-33190	-23740.719
-29189	-23741.5
-43976	-23760.275
-50374	-23786.059
-46332	-23803.324
-33564	-23801.43
-29769	-23773.914
-44104	-23719.066
-50298	-23646.627
-46227	-23565.662
-32790	-23488.393
-29086	-23424.59
-44079	-23378.861
-50461	-23356.49
-46364	-23353.602
-32809	-23363.775
-29199	-23377.293
-44016	-23383.879
-50298	-23382.324
-46196	-23371.67
-32637	-23358.379
-29188	-23352.166
-44134	-23364.195
-50384	-23411.146
-46184	-23501.219
-32340	-23638.287
-29132	-23816.797
-44164	-24022.203
-50366	-24239.178
-46175	-24443.752
-32929	-24613.777
-30386	-24729.26
-44279	-24776.863
-50386	-24757.283
-46106	-24675.094
-32547	-24545.031
-29581	-24385.58
-44312	-24216.24
-50402	-24060.52
-46073	-23932.512
-32323	-23841.795
-29572	-23789.457
-44374	-23769.398
-50408	-23776.463
-46036	-23798.566
-32262	-23825.504
-29676	-23847.346
-44389	-23856.156
-50353	-23852.117
-45914	-23834.254
-32153	-23804.91
-29742	-23765.248
-44402	-23715.713
-50331	-23661.48
-45873	-23602.773
-32086	-23541.988
-29787	-23480.566
-44417	-23420.707
-50312	-23371.184
-45832	-23336.914
-32001	-23324.7
-29827	-23338.201
-44437	-23378.018
-50278	-23446.328
-45781	-23536.713
-31885	-23641.59
-29975	-23749.453
-44520	-23848.252
-50302	-23932.684
-45754	-23995.861
-31814	-24037.357
-30048	-24058.996
-44596	-24066.164
-50299	-24071.012
-45694	-24080.455
-31655	-24101.648
-30074	-24136.193
-44639	-24181.309
-50335	-24235.188
-45700	-24288.48
-32929	-24332.584
-32734	-24357.814
-44788	-24358.15
-50318	-24334.666
-45620	-24288.18
-31944	-24224.85
-30647	-24150.924
-44831	-24072.994
-50368	-24001.13
-45622	-23939.047
-31601	-23889.67
-30466	-23851.455
-44842	-23820.895
-50362	-23798.203
-45596	-23780.469
-31427	-23767.547
-30474	-23758.434
-44912	-23753.37
-50406	-23757.338
-45541	-23770.354
-31239	-23792.992
-30511	-23821.445
-44959	-23850.406
-50381	-23877.736
-45478	-23896.473
-31081	-23903.062
-30582	-23893.662
-45030	-23867.736
-50434	-23831.992
-45451	-23790.695
-31724	-23751.074
-32117	-23717.361
-45106	-23693.012
-50436	-23682.404
-45410	-23682.25
-31329	-23688.998
-31003	-23695.238
-45162	-23694.559
-50454	-23686.375
-45391	-23668.252
-30933	-23643.55
-30871	-23615.98
-45155	-23591.822
-50390	-23581.621
-45331	-23589.73
-30774	-23619.662
-30946	-23668.258
-45241	-23729.186
-50427	-23797.064
-45269	-23860.62
-31420	-23911.127
-32375	-23939.766
-45256	-23942.666
-50401	-23922.693
-45221	-23884.281
-31084	-23836.084
-31413	-23785.281
-45364	-23739.002
-50481	-23705.96
-45217	-23687.82
-30468	-23684.953
-31143	-23691.943
-45394	-23702.828
-50457	-23715.256
-45169	-23723.53
-30503	-23726.297
-31287	-23721.621
-45447	-23710.572
-50462	-23699.152
-45119	-23689.143
-30536	-23683.697
-31459	-23681.504
-45457	-23680.81
-50428	-23682.238
-45045	-23681.75
-30224	-23678.223
-31434	-23668.826
-45549	-23654.031
-50481	-23639.586
-45034	-23627.95
-29677	-23624.105
-31272	-23628.35
-45607	-23640.477
-50514	-23660.998
-44962	-23683.668
-29916	-23703.332
-31566	-23711.652
-45697	-23703.672
-50524	-23681.18
-44976	-23646.156
-30170	-23607.088
-31720	-23572.61
-45702	-23553.822
-50492	-23564.123
-44910	-23609.518
-30329	-23692.537
-31992	-23806.08
-45742	-23938.236
-50527	-24075.654
-44902	-24198.953
-30599	-24291.871
-32571	-24339.244
-45781	-24334.111
-50469	-24279.693
-44836	-24184.006
-30878	-24062.834
-32564	-23932.387
-45889	-23810.572
-50484	-23715.334
-44844	-23655.363
-30166	-23634.656
-32301	-23646.873
-45955	-23681.678
-50537	-23728.396
-44804	-23771.84
-29969	-23801.465
-32286	-23807.598
-46032	-23788.154
-50547	-23749.62
-44754	-23699.2
-29899	-23649.19
-32371	-23608.834
-46082	-23587.553
-50563	-23593.988
-44690	-23628.334
-29520	-23688.643
-32349	-23765.428
-46120	-23848.668
-50563	-23930.406
-44626	-23999.832
-29456	-24050.762
-32397	-24076.227
-46166	-24074.727
-50543	-24050.53
-44626	-24006.365
-29585	-23949.055
-32564	-23882.504
-46216	-23813.016
-50527	-23749.086
-44516	-23694.715
-29616	-23655.451
-32764	-23632.023
-46235	-23626.45
-50489	-23641.893
-44372	-23676.12
-28779	-23727.889
-32470	-23790.135
-46213	-23857.102
-50477	-23924.4
-44508	-23983.623
-31022	-24029.16
-33382	-24053.932
-46410	-24055.244
-50534	-24035.223
-44577	-23995.54
-31890	-23941.904
-34380	-23878.936
-46522	-23814.184
-50588	-23756.783
-44538	-23710.941
-30152	-23681.19
-33457	-23666.098
-46471	-23664.648
-50517	-23676.139
-44446	-23695.174
-29856	-23718.492
-33449	-23739.46
-46521	-23755.184
-50468	-23765.906
-44375	-23769.465
-29677	-23767.17
-33411	-23757.15
-46516	-23740.697
-50420	-23721.287
-44262	-23698.82
-29006	-23675.828
-33176	-23650.924
-46548	-23625.914
-50439	-23604.854
-44203	-23588.46
-28976	-23580.012
-33266	-23578.252
-46589	-23584.324
-50460	-23600.223
-44198	-23623.418
-29415	-23652.76
-33556	-23682.555
-46703	-23709.945
-50427	-23734.318
-44140	-23752.74
-29444	-23766.053
-33640	-23772.803
-46724	-23775.988
-50434	-23781.111
-44161	-23790.57
-29563	-23808.47
-33769	-23833.795
-46797	-23866.916
-50384	-23907.941
-44029	-23952.023
-28043	-23996.146
-32493	-24032.701
-46813	-24057.611
-50349	-24069.738
-43964	-24067.55
-28927	-24053.35
-33624	-24027.096
-46865	-23993.084
-50342	-23957.684
-43904	-23923.809
-28564	-23895.984
-33491	-23873.21
-46886	-23856.525
-50305	-23847.31
-43842	-23842.95
-28346	-23843.086
-33482	-23843.05
-46890	-23842.105
-50283	-23841.38
-43781	-23839.246
-28248	-23836.887
-33454	-23831.17
-46877	-23822.463
-50251	-23812.346
-43775	-23799.383
-27802	-23785.174
-32918	-23767.441
-46927	-23748.281
-50254	-23732.021
-43746	-23720.383
-28482	-23717.742
-33637	-23723.58
-47004	-23739.447
-50258	-23765.879
-43678	-23798.64
-28059	-23833.875
-33559	-23861.832
-47024	-23876.29
-50234	-23873.572
-43555	-23849.72
-27781	-23807.371
-33582	-23748.855
-47107	-23684.543
-50294	-23628.775
-43515	-23594.064
-27616	-23594.373
-33534	-23635.352
-47122	-23721.084
-50275	-23849.979
-43402	-24010.766
-26617	-24189.479
-32572	-24363.816
-47092	-24514.6
-50260	-24626.299
-43254	-24686.375
-26625	-24691.998
-33231	-24643.154
-47004	-24551.207
-50077	-24433.768
-43116	-24308.184
-27187	-24193.734
-33613	-24101.225
-47119	-24039.926
-50113	-24013.068
-43182	-24014.533
-27541	-24035.9
-33852	-24061.488
-47328	-24079.95
-50350	-24083.393
-43842	-24065.5
-36306	-24026.125
-39131	-23968.996
-47797	-23904.629
-50564	-23844.408
-43803	-23796.494
-30742	-23768.197
-35539	-23759.16
-47741	-23768.605
-50444	-23792.498
-43509	-23822.383
-27629	-23852.58
-34235	-23874.447
-47619	-23887.05
-50358	-23893.389
-43364	-23896.717
-27411	-23904.65
-34185	-23919.54
-47531	-23946.14
-50237	-23985.74
-43187	-24032.906
-27109	-24081.27
-34196	-24117.275
-47585	-24132.049
-50172	-24119.457
-43054	-24075.246
-26955	-24003.52
-34243	-23909.01
-47576	-23805.38
-50113	-23708.771
-42926	-23632.146
-26237	-23587.797
-33676	-23577.252
-47542	-23600.088
-50097	-23650.12
-42927	-23714.469
-27131	-23780.943
-34489	-23833.479
-47676	-23864.152
-50132	-23870.727
-42864	-23854.422
-26836	-23823.758
-34436	-23784.955
-47665	-23749.137
-50053	-23725.178
-42795	-23715.31
-26975	-23719.525
-34594	-23728.438
-47701	-23735.102
-50052	-23732.56
-42768	-23714.05
-27124	-23679.865
-34657	-23630.594
-47686	-23576.258
-49994	-23529.484
-42668	-23500.44
-26991	-23498.908
-34782	-23524.227
-47792	-23574.336
-49996	-23640.873
-42643	-23709.158
-26862	-23766.266
-34941	-23796.586
-47864	-23795.309
-50051	-23764.451
-42622	-23711.115
-26750	-23650.504
-34837	-23594.744
-47828	-23559.371
-50001	-23554.008
-42577	-23578.17
-26789	-23625.37
-34935	-23677.094
-47836	-23716.426
-49938	-23726.957
-42506	-23695.818
-26691	-23621.691
-34930	-23508.49
-47840	-23374.928
-49916	-23244.846
-42393	-23140.824
-26629	-23083.281
-35139	-23077.938
-47895	-23122.947
-49867	-23204.451
-42379	-23297.328
-26824	-23375.621
-35208	-23411.93
-47938	-23393.467
-49850	-23322.566
-42241	-23216.4
-26596	-23108.994
-35331	-23038.16
-47951	-23047.867
-49847	-23173.344
-42215	-23431.596
-26644	-23820.256
-35437	-24308.467
-48034	-24850.39
-49865	-25386.205
-42147	-25850.676
-26687	-26188.16
-35616	-26354.494
-48062	-26334.51
-49827	-26138.154
-42168	-25797.334
-26859	-25364.176
-35794	-24894.25
-48103	-24447.578
-49809	-24072.73
-42027	-23799.41
-26612	-23639.797
-35802	-23581.533
-48162	-23603.01
-49830	-23672.836
-41992	-23756.473
-26651	-23826.9
-35879	-23861.557
-48199	-23855.12
-49789	-23812.186
-41943	-23743.516
-26581	-23666.137
-35927	-23591.365
-48269	-23532.145
-49801	-23494.46
-41879	-23476.52
-26333	-23474.258
-35917	-23475.955
-48262	-23476.031
-49777	-23470.623
-41846	-23458.043
-26531	-23442.934
-36091	-23427.3
-48354	-23420.04
-49816	-23427.59
-41829	-23451.252
-26584	-23491.287
-36148	-23538.908
-48386	-23588.766
-49796	-23633.424
-41794	-23664.973
-26436	-23680.875
-36165	-23676.846
-48436	-23658.37
-49804	-23632.484
-41748	-23605.723
-26660	-23586.783
-36329	-23576.945
-48489	-23580.574
-49774	-23597.244
-41671	-23622.057
-26519	-23651.002
-36373	-23674.453
-48503	-23690.127
-49777	-23696.27
-41561	-23692.111
-26407	-23681.703
-36436	-23665.096
-48588	-23649.213
-49824	-23638.773
-41540	-23635.076
-26221	-23640.209
-36490	-23648.832
-48618	-23660.402
-49769	-23672.389
-41521	-23680.705
-26287	-23684.838
-36581	-23680.066
-48670	-23669.494
-49801	-23655.674
-41444	-23640.137
-26142	-23627.074
-36631	-23614.441
-48726	-23605.973
-49723	-23602.53
-40956	-23602.736
-24709	-23607.285
-36206	-23610.674
-48452	-23614.486
-49517	-23618.77
-41148	-23622.451
-26220	-23627.299
-36659	-23629.73
-48580	-23632.902
-49592	-23637.674
-41256	-23642.605
-26749	-23648.594
-37020	-23651.041
-48918	-23652.105
-49972	-23651.781
-42560	-23648.822
-36197	-23643.291
-40449	-23634.793
-49430	-23627.5
-50198	-23623.482
-42147	-23623.293
-30400	-23628.902
-38344	-23637.773
-49328	-23652.072
-50083	-23671.094
-41481	-23692.092
-26621	-23714.354
-37384	-23732.438
-49183	-23744.824
-49928	-23751.318
-41265	-23751.873
-26399	-23748.725
-37356	-23739.518
-49116	-23728.09
-49836	-23717.494
-41164	-23709.09
-26366	-23705.865
-37337	-23704.303
-49069	-23706.725
-49730	-23712.36
-40981	-23718.443
-26080	-23724.59
-37356	-23724.934
-49132	-23721.299
-49747	-23714.012
-40959	-23703.02
-26122	-23691.5
-37404	-23677.281
-49150	-23665.217
-49704	-23657.268
-40822	-23653.406
-26048	-23655.287
-37406	-23658.2
-49159	-23664.01
-49697	-23671.994
-40813	-23680.352
-26172	-23690.15
-37497	-23697.127
-49185	-23704.54
-49664	-23712.896
-40700	-23721.09
-26134	-23730.094
-37599	-23734.922
-49283	-23737.232
-49684	-23736.434
-40622	-23731.383
-26013	-23724.172
-37643	-23712.39
-49325	-23701.576
-49636	-23695.037
-40551	-23694.594
-26041	-23703.316
-37737	-23716.854
-49310	-23735.887
-49601	-23756.61
-40557	-23773.074
-26264	-23781.672
-37822	-23774.695
-49351	-23753.857
-49602	-23721.46
-40586	-23681.809
-26425	-23643.8
-37923	-23611.613
-49361	-23595.361
-49540	-23599.557
-40486	-23623.57
-26409	-23664.436
-38008	-23709.836
-49387	-23752.12
-49526	-23780.896
-40454	-23787.117
-26440	-23768.348
-38053	-23722.22
-49399	-23658.59
-49513	-23588.143
-40436	-23521.742
-26527	-23470.68
-38144	-23436.482
-49414	-23421.713
-49482	-23420.1
-40363	-23420.041
-26368	-23410.824
-38213	-23379.014
-49495	-23324.746
-49496	-23254.52
-40301	-23183.848
-26432	-23139.098
-38272	-23145.703
-49520	-23235.41
-49476	-23429.586
-40201	-23735.756
-26303	-24146.658
-38344	-24631.66
-49557	-25151.488
-49469	-25653.705
-40149	-26082.316
-26247	-26389.535
-38379	-26536.05
-49524	-26509.697
-49407	-26317.74
-40045	-25987.996
-26214	-25567.1
-38471	-25105.37
-49597	-24660.756
-49422	-24280.1
-40015	-23994.846
-26270	-23820.105
-38521	-23747.0
-49612	-23758.24
-49383	-23823.28
-39906	-23907.7
-26088	-23982.533
-38546	-24021.926
-49590	-24018.895
-49311	-23975.164
-39757	-23901.652
-26019	-23817.078
-38589	-23735.863
-49627	-23676.537
-49274	-23648.04
-39751	-23651.012
-26165	-23680.916
-38688	-23722.748
-49621	-23766.705
-49262	-23800.836
-39755	-23816.486
-26318	-23812.201
-38829	-23786.695
-49682	-23750.234
-49261	-23711.934
-39778	-23680.35
-26522	-23663.668
-38886	-23661.209
-49716	-23675.441
-49264	-23701.867
-39790	-23733.24
-26640	-23763.781
-39011	-23783.713
-49752	-23792.83
-49254	-23790.438
-39628	-23778.168
-26361	-23761.5
-39034	-23741.352
-49721	-23725.393
-49192	-23716.545
-39569	-23715.219
-26401	-23721.916
-39103	-23730.477
-49699	-23741.492
-49097	-23752.295
-39392	-23760.695
-26158	-23767.73
-39007	-23770.309
-49608	-23773.5
-48972	-23779.11
-39119	-23788.094
-25959	-23802.418
-39112	-23817.523
-49671	-23835.26
-48971	-23853.234
-39163	-23868.604
-26119	-23880.746
-39151	-23884.72
-49697	-23884.09
-48897	-23879.814
-39104	-23873.314
-26217	-23868.125
-39242	-23862.35
-49705	-23860.97
-48884	-23864.254
-39094	-23871.264
-26323	-23882.045
-39256	-23891.062
-49679	-23900.08
-48853	-23907.367
-39040	-23911.541
-26376	-23913.643
-39343	-23910.273
-49688	-23905.953
-48846	-23901.584
-39009	-23897.795
-26371	-23896.686
-39416	-23894.844
-49722	-23896.107
-48812	-23899.533
-38912	-23903.717
-26320	-23908.963
-39449	-23910.473
-49720	-23910.967
-48771	-23909.676
-38816	-23905.938
-26243	-23901.123
-39510	-23891.852
-49782	-23882.225
-48767	-23872.889
-38663	-23864.385
-26058	-23858.967
-39568	-23854.215
-49766	-23851.676
-48682	-23852.652
-38516	-23857.244
-26062	-23865.99
-39608	-23873.951
-49799	-23882.062
-48676	-23888.822
-38477	-23892.375
-26085	-23892.623
-39703	-23884.936
-49834	-23872.957
-48672	-23857.23
-38386	-23838.885
-25931	-23821.15
-39699	-23802.242
-49807	-23787.8
-48659	-23778.852
-38453	-23775.66
-26217	-23779.283
-39729	-23785.002
-49879	-23794.998
-48617	-23807.25
-38228	-23819.918
-25977	-23833.066
-39749	-23842.4
-49843	-23851.781
-48601	-23861.584
-38136	-23872.465
-25930	-23886.639
-39797	-23900.805
-49884	-23918.684
-48562	-23939.096
-38166	-23960.213
-26162	-23981.246
-39868	-23996.37
-49881	-24007.543
-48538	-24013.168
-38040	-24012.63
-26065	-24007.693
-39909	-23995.938
-49913	-23983.0
-48472	-23970.432
-38031	-23959.525
-26267	-23952.268
-40015	-23944.965
-49967	-23940.338
-48511	-23936.291
-38087	-23930.389
-26545	-23921.646
-40158	-23904.914
-49982	-23883.229
-48481	-23856.592
-37961	-23826.08
-26372	-23795.133
-40243	-23762.842
-50047	-23735.791
-48496	-23715.848
-37941	-23704.248
-26422	-23702.48
-40234	-23706.195
-50025	-23717.4
-48464	-23733.277
-37870	-23750.842
-26447	-23768.62
-40307	-23780.908
-50057	-23790.121
-48409	-23795.432
-37737	-23796.986
-26389	-23796.924
-40322	-23793.049
-50030	-23790.486
-48365	-23790.035
-37566	-23792.201
-26154	-23798.2
-40344	-23803.87
-50040	-23811.908
-48339	-23820.63
-37449	-23828.508
-26092	-23835.486
-40390	-23837.1
-50051	-23836.81
-48308	-23834.414
-37438	-23830.426
-26160	-23826.8
-40455	-23820.793
-50106	-23816.838
-48326	-23814.826
-36946	-23814.486
-25498	-23816.205
-40542	-23815.066
-50177	-23813.605
-48357	-23810.156
-37427	-23803.723
-26380	-23794.97
-40578	-23780.715
-50180	-23765.57
-48325	-23750.47
-37266	-23736.816
-26289	-23727.002
-40689	-23718.348
-50246	-23714.89
-48296	-23715.58
-37154	-23719.146
-26175	-23724.848
-40695	-23727.28
-50214	-23728.746
-48249	-23727.752
-37106	-23724.094
-26272	-23719.47
-40746	-23711.656
-50187	-23706.195
-48179	-23704.09
-37005	-23706.273
-26232	-23713.832
-40792	-23722.26
-50215	-23733.508
-48163	-23744.441
-36844	-23752.29
-26161	-23755.66
-40885	-23749.543
-50264	-23737.602
-48137	-23720.404
-36808	-23700.178
-26208	-23680.879
-40884	-23662.143
-50222	-23650.371
-48059	-23646.568
-35990	-23651.014
-24855	-23663.395
-40554	-23677.316
-49986	-23693.418
-47846	-23707.768
-36289	-23717.71
-25807	-23722.54
-40778	-23718.541
-50122	-23710.701
-47944	-23700.828
-36562	-23691.857
-26785	-23687.43
-41324	-23686.436
-50526	-23693.762
-48241	-23708.727
-38400	-23729.588
-30961	-23754.352
-41781	-23778.004
-50632	-23801.295
-48302	-23821.273
-37175	-23836.44
-27423	-23846.92
-41459	-23849.617
-50571	-23849.076
-48237	-23845.748
-36772	-23840.838
-26837	-23836.164
-41468	-23829.1
-50570	-23823.998
-48189	-23820.533
-36709	-23818.879
-26803	-23819.896
-41430	-23820.197
-50536	-23823.264
-48146	-23827.74
-36584	-23832.568
-26712	-23837.047
-41492	-23836.031
-50554	-23831.582
-48083	-23821.605
-36419	-23805.576
-26663	-23784.732
-41574	-23757.281
-50560	-23729.646
-48067	-23704.379
-36301	-23684.732
-26665	-23673.875
-41594	-23669.443
-50581	-23674.477
-48042	-23685.715
-36244	-23699.223
-26665	-23710.965
-41654	-23713.082
-50597	-23706.074
-48024	-23688.055
-36180	-23660.428
-26730	-23627.531
-41692	-23591.424
-50553	-23562.05
-47928	-23544.352
-35472	-23542.553
-26079	-23558.658
-41776	-23587.61
-50621	-23629.027
-47971	-23676.006
-35999	-23721.832
-26766	-23760.795
-41819	-23784.994
-50624	-23796.113
-47919	-23794.008
-35861	-23781.756
-26599	-23764.348
-41876	-23743.197
-50688	-23726.18
-47912	-23714.918
-35866	-23710.102
-26819	-23710.953
-41880	-23711.592
-50657	-23712.773
-47896	-23711.117
-35822	-23705.402
-26910	-23696.354
-42024	-23682.318
-50704	-23669.68
-47849	-23660.291
-35733	-23656.404
-26918	-23659.264
-42022	-23664.807
-50667	-23674.521
-47848	-23684.098
-35707	-23690.053
-26954	-23689.604
-42067	-23677.262
-50668	-23655.844
-47803	-23624.668
-35691	-23584.945
-27115	-23538.393
-42111	-23482.967
-50645	-23423.32
-47792	-23359.223
-35525	-23292.12
-26955	-23224.916
-42178	-23159.078
-50661	-23105.545
-47734	-23072.904
-35684	-23072.277
-27305	-23114.832
-42222	-23205.99
-50623	-23353.336
-47677	-23553.469
-35024	-23796.766
-27088	-24066.322
-42322	-24336.395
-50631	-24585.271
-47665	-24787.307
-35657	-24922.453
-27588	-24978.654
-42330	-24950.387
-50671	-24849.16
-47649	-24691.025
-35328	-24499.62
-27193	-24301.156
-42336	-24117.084
-50625	-23970.2
-47531	-23870.943
-34925	-23821.975
-26894	-23817.598
-42347	-23842.367
-50671	-23884.418
-47524	-23927.191
-34422	-23958.543
-26410	-23971.137
-42405	-23959.982
-50677	-23932.31
-47476	-23894.352
-34029	-23855.2
-25710	-23822.936
-42054	-23799.562
-50655	-23790.496
-47557	-23793.084
-33391	-23803.691
-22957	-23817.639
-41046	-23825.969
-51851	-23828.791
-48781	-23824.635
-33019	-23816.26
-22834	-23807.633
-40329	-23798.889
-51652	-23796.174
-48741	-23799.729
-37961	-23808.037
-34502	-23816.867
-42247	-23820.748
-50189	-23817.822
-46921	-23803.63
-38056	-23776.396
-36056	-23737.205
-43208	-23690.357
-50707	-23645.564
-47337	-23609.043
-38492	-23586.482
-36456	-23580.963
-43473	-23593.057
-50889	-23623.205
-47505	-23664.73
-38627	-23709.879
-36605	-23750.506
-43660	-23780.184
-51045	-23798.234
-47616	-23802.912
-35926	-23796.404
-29389	-23782.934
-43122	-23765.258
-50993	-23751.805
-47566	-23745.11
-34654	-23747.17
-27632	-23757.523
-43019	-23771.113
-50874	-23788.361
-47426	-23804.617
-34400	-23817.457
-27480	-23825.152
-43015	-23824.602
-50829	-23820.428
-47342	-23813.215
-34239	-23805.385
-27422	-23798.621
-43004	-23791.2
-50760	-23787.281
-47274	-23785.547
-34282	-23785.812
-27630	-23787.459
-43084	-23787.316
-50752	-23788.984
-47211	-23791.305
-34215	-23794.672
-27651	-23798.848
-43074	-23800.625
-50761	-23802.74
-47211	-23802.988
-34306	-23800.725
-27895	-23795.256
-43151	-23784.18
-50759	-23772.326
-47176	-23759.83
-34199	-23749.025
-27894	-23741.553
-43169	-23736.107
-50718	-23736.791
-47127	-23741.781
-34148	-23750.068
-28036	-23759.756
-43222	-23766.738
-50704	-23773.506
-47125	-23778.646
-34197	-23783.074
-28064	-23787.568
-43309	-23790.088
-50770	-23792.723
-47109	-23793.393
-34076	-23789.408
-28079	-23776.434
-43329	-23747.83
-50743	-23704.316
-47064	-23644.688
-33909	-23572.576
-28026	-23494.336
-43329	-23416.486
-50737	-23352.32
-47003	-23308.6
-33667	-23289.648
-27912	-23292.998
-43346	-23307.031
-50736	-23320.283
-46937	-23312.996
-33453	-23267.357
-27829	-23169.408
-43409	-23011.97
-50820	-22805.959
-46955	-22570.553
-33372	-22338.066
-27821	-22147.26
-43421	-22036.078
-50728	-22042.814
-46872	-22188.568
-33212	-22478.96
-27785	-22899.266
-43434	-23414.506
-50752	-23982.137
-46710	-24548.46
-31992	-25063.863
-26731	-25487.598
-43146	-25793.457
-50592	-25981.219
-46649	-26065.104
-32746	-26076.414
-27621	-26053.486
-43331	-26032.68
-50734	-26047.93
-46699	-26113.986
-33263	-26229.803
-28391	-26376.209
-43502	-26519.557
-50807	-26625.629
-46780	-26656.934
-34090	-26587.092
-29521	-26403.701
-43917	-26110.518
-51285	-25733.322
-47330	-25306.062
-38318	-24869.994
-37150	-24465.188
-44710	-24125.346
-51518	-23874.414
-47383	-23717.346
-34866	-23646.209
-30383	-23640.89
-44332	-23673.43
-51371	-23720.178
-47220	-23757.113
-33497	-23770.074
-28874	-23753.291
-44151	-23708.541
-51157	-23649.86
-47024	-23589.844
-33248	-23542.44
-28713	-23516.736
-44054	-23514.516
-51086	-23537.078
-46904	-23575.855
-33070	-23621.291
-28663	-23662.232
-44066	-23688.203
-51027	-23698.25
-46787	-23691.475
-33004	-23673.031
-28777	-23649.71
-44070	-23627.686
-50969	-23617.256
-46754	-23621.162
-32876	-23640.254
-28783	-23670.236
-44121	-23702.68
-50971	-23733.479
-46693	-23754.451
-32967	-23761.836
-28943	-23753.959
-44100	-23731.553
-50932	-23703.754
-46665	-23676.89
-32999	-23659.125
-29407	-23655.264
-44213	-23666.127
-50948	-23693.465
-46602	-23730.945
-32795	-23771.56
-29030	-23806.111
-44179	-23825.111
-50927	-23827.125
-46571	-23810.16
-32514	-23778.283
-28893	-23737.494
-44219	-23694.527
-50947	-23661.266
-46529	-23642.736
-32124	-23642.299
-28473	-23657.041
-44034	-23678.877
-50687	-23702.12
-46261	-23715.744
-30881	-23713.066
-27798	-23689.188
-43943	-23643.852
-50666	-23587.47
-46202	-23529.684
-31857	-23484.117
-28745	-23461.088
-44166	-23465.877
-50775	-23502.158
-46272	-23560.951
-32375	-23628.723
-29329	-23686.11
-44367	-23712.828
-50999	-23698.37
-46526	-23633.863
-37381	-23521.3
-37037	-23372.584
-45210	-23210.154
-51467	-23063.428
-46827	-22955.848
-35150	-22905.416
-32979	-22919.338
-45037	-22992.023
-51411	-23107.771
-46750	-23241.605
-32685	-23365.611
-29907	-23454.191
-44840	-23490.465
-51276	-23475.037
-46600	-23424.266
-32542	-23368.713
-30370	-23345.973
-44837	-23393.588
-51201	-23544.09
-46479	-23814.137
-32373	-24199.84
-29889	-24673.658
-44831	-25187.678
-51158	-25684.686
-46426	-26104.258
-32361	-26393.857
-29988	-26515.898
-44840	-26455.488
-51117	-26227.668
-46394	-25866.87
-32476	-25425.93
-30181	-24963.262
-44900	-24534.291
-51134	-24187.004
-46364	-23946.62
-32107	-23819.596
-30009	-23790.883
-44987	-23830.86
-51121	-23907.176
-46354	-23983.71
-32255	-24034.19
-30236	-24042.361
-44986	-24005.322
-51084	-23936.258
-46261	-23851.463
-32057	-23771.635
-30231	-23712.354
-45032	-23682.207
-51058	-23685.385
-46242	-23713.434
-32124	-23754.629
-30321	-23793.469
-45033	-23816.674
-51028	-23820.533
-46174	-23803.693
-32031	-23773.33
-30427	-23738.576
-45091	-23709.715
-51043	-23698.893
-46182	-23709.13
-31963	-23739.742
-30396	-23782.363
-45111	-23825.361
-51041	-23860.717
-46147	-23878.578
-32566	-23875.848
-31991	-23852.932
-45161	-23815.945
-50986	-23777.463
-46065	-23745.996
-32030	-23729.342
-30651	-23728.086
-45156	-23737.166
-51016	-23750.617
-46086	-23755.506
-31730	-23741.58
-30522	-23699.902
-45131	-23627.697
-50940	-23532.994
-45994	-23425.346
-31392	-23319.982
-30397	-23229.527
-45131	-23163.223
-50871	-23127.938
-45881	-23118.934
-31398	-23127.441
-30476	-23138.887
-45159	-23140.113
-50857	-23127.121
-45805	-23100.4
-31197	-23073.172
-30489	-23065.395
-45134	-23103.297
-50831	-23216.932
-45766	-23425.465
-31079	-23737.986
-30516	-24144.328
-45207	-24617.33
-50851	-25118.244
-45746	-25594.293
-31049	-25993.35
-30604	-26267.637
-45216	-26384.943
-50806	-26337.238
-45641	-26134.535
-31104	-25809.76
-30744	-25408.14
-45277	-24983.152
-50851	-24589.762
-45671	-24268.332
-30990	-24045.682
-30817	-23927.166
-45314	-23901.188
-50823	-23945.771
-45595	-24027.045
-30937	-24112.953
-30454	-24174.871
-45185	-24195.31
-50712	-24172.746
-45539	-24113.182
-32441	-24032.92
-32107	-23950.053
-45414	-23882.268
-50810	-23844.965
-45520	-23842.219
-31343	-23871.635
-31366	-23922.072
-45416	-23978.457
-50730	-24027.684
-45508	-24059.209
-31203	-24068.248
-31383	-24053.533
-45504	-24020.062
-50740	-23979.672
-45501	-23941.678
-31120	-23915.78
-31449	-23905.422
-45512	-23910.615
-50720	-23930.4
-45439	-23956.791
-30991	-23983.14
-31484	-24001.074
-45528	-24006.123
-50660	-24000.477
-45457	-23985.527
-31119	-23967.36
-31570	-23950.059
-45557	-23938.11
-50590	-23936.844
-45345	-23944.512
-30996	-23959.045
-31645	-23973.828
-45607	-23983.271
-50617	-23986.07
-45362	-23979.445
-31076	-23966.19
-31718	-23949.328
-45604	-23935.34
-50626	-23934.06
-45344	-23949.969
-31050	-23986.996
-31802	-24042.334
-45649	-24110.408
-50585	-24185.174
-45259	-24254.592
-30287	-24309.184
-30876	-24338.424
-45548	-24336.611
-50514	-24305.688
-45208	-24248.35
-31760	-24173.39
-32547	-24089.334
-45739	-24006.85
-50592	-23937.72
-45211	-23886.982
-30678	-23858.184
-31890	-23847.854
-45730	-23850.918
-50559	-23862.9
-45158	-23874.979
-30425	-23881.826
-31873	-23877.395
-45765	-23860.541
-50573	-23835.729
-45099	-23805.857
-30355	-23777.535
-31975	-23753.947
-45785	-23739.23
-50545	-23737.42
-45036	-23745.78
-30204	-23761.87
-31927	-23778.508
-45831	-23790.156
-50557	-23794.809
-45037	-23788.656
-30280	-23773.242
-32056	-23749.752
-45909	-23723.432
-50601	-23703.002
-44999	-23692.998
-30726	-23698.305
-32916	-23718.209
-45869	-23749.549
-50521	-23787.594
-44967	-23824.967
-30631	-23854.47
-32459	-23867.31
-45948	-23858.98
-50567	-23831.44
-44952	-23788.691
-30361	-23740.342
-32393	-23695.256
-45971	-23664.688
-50503	-23660.326
-44880	-23686.396
-29534	-23744.508
-31319	-23827.459
-45906	-23925.129
-50457	-24026.82
-44879	-24117.602
-31259	-24186.35
-33177	-24223.008
-46102	-24224.936
-50542	-24196.986
-44846	-24145.371
-30227	-24081.838
-32699	-24015.885
-46099	-23958.14
-50474	-23918.031
-44793	-23897.404
-30052	-23896.201
-32612	-23907.518
-46086	-23924.768
-50448	-23943.125
-44763	-23955.758
-30001	-23960.865
-32645	-23956.191
-46061	-23944.52
-50378	-23932.154
-44534	-23922.088
-28318	-23918.996
-31667	-23921.383
-45732	-23928.137
-50107	-23938.223
-44349	-23946.28
-29064	-23950.004
-32388	-23944.996
-45999	-23932.113
-50291	-23916.592
-44692	-23902.104
-33574	-23894.66
-35578	-23897.207
-46587	-23912.688
-50769	-23941.568
-44972	-23977.549
-34004	-24012.867
-35785	-24036.62
-46627	-24041.092
-50733	-24022.666
-44869	-23979.225
-30169	-23916.592
-33304	-23841.902
-46487	-23768.34
-50629	-23711.719
-44726	-23682.531
-28922	-23689.705
-31825	-23732.062
-46387	-23804.113
-50510	-23896.299
-44608	-23992.56
-30348	-24078.0
-33506	-24136.504
-46441	-24159.512
-50523	-24146.35
-44584	-24099.963
-29583	-24031.44
-33180	-23951.572
-46447	-23874.799
-50487	-23814.88
-44479	-23778.018
-29420	-23767.504
-33167	-23777.3
-46491	-23800.365
-50518	-23828.938
-44415	-23852.283
-29323	-23864.814
-33222	-23860.838
-46552	-23842.154
-50552	-23815.623
-44387	-23787.19
-29176	-23765.871
-33252	-23755.229
-46599	-23759.383
-50564	-23780.27
-44392	-23813.717
-29426	-23855.955
-33398	-23898.688
-46640	-23937.67
-50548	-23971.586
-44375	-23998.213
-29603	-24019.803
-33508	-24035.762
-46646	-24048.572
-50524	-24060.45
-44387	-24068.537
-29622	-24070.553
-33616	-24059.162
-46701	-24030.508
-50525	-23983.584
-44338	-23917.709
-29651	-23838.846
-33659	-23753.312
-46713	-23673.736
-50491	-23614.72
-44265	-23586.486
-28892	-23597.867
-32882	-23647.86
-46677	-23731.8
-50417	-23840.123
-44204	-23955.518
-29602	-24061.543
-33794	-24139.607
-46805	-24178.672
-50478	-24175.832
-44194	-24133.33
-29301	-24062.746
-33729	-23976.799
-46884	-23893.227
-50464	-23829.09
-44184	-23793.527
-29076	-23790.963
-33677	-23813.656
-46887	-23850.11
-50462	-23884.96
-44149	-23898.766
-28804	-23877.377
-33640	-23808.56
-46933	-23692.42
-50442	-23539.693
-44076	-23367.39
-28696	-23201.86
-33624	-23068.232
-46937	-22994.18
-50414	-23002.836
-44028	-23105.805
-28658	-23306.416
-33612	-23592.031
-46954	-23942.945
-50390	-24332.021
-43979	-24724.453
-28497	-25087.168
-33578	-25385.715
-46943	-25595.71
-50372	-25702.59
-43969	-25699.533
-28403	-25593.111
-33582	-25395.223
-46969	-25129.164
-50308	-24824.168
-43833	-24508.65
-28042	-24212.482
-33490	-23956.842
-46992	-23760.111
-50316	-23633.467
-43614	-23576.986
-25901	-23585.822
-31735	-23643.355
-46596	-23732.596
-50027	-23836.111
-43500	-23934.41
-27256	-24014.582
-33157	-24064.13
-46851	-24080.234
-50171	-24066.707
-43711	-24029.566
-28894	-23980.047
-34122	-23925.975
-47447	-23877.648
-50749	-23843.129
-44343	-23824.22
-36296	-23819.947
-38774	-23825.182
-47687	-23836.424
-50775	-23849.248
-44147	-23858.252
-29634	-23862.514
-34586	-23859.393
-47554	-23852.105
-50633	-23845.46
-43978	-23842.066
-28309	-23846.293
-34066	-23856.338
-47414	-23872.625
-50494	-23894.19
-43773	-23916.574
-27918	-23938.135
-34017	-23953.303
-47362	-23962.39
-50384	-23967.717
-43665	-23970.71
-27824	-23976.219
-34037	-23984.197
-47367	-23997.496
-50334	-24017.146
-43590	-24039.94
-27839	-24063.324
-34091	-24079.0
-47367	-24082.99
-50309	-24072.965
-43552	-24046.594
-27752	-24007.096
-34045	-23955.799
-47391	-23900.332
-50299	-23849.586
-43512	-23809.723
-27105	-23788.158
-33209	-23784.67
-47380	-23800.28
-50239	-23833.586
-43503	-23878.057
-27937	-23928.766
-34167	-23976.111
-47467	-24015.21
-50246	-24043.201
-43442	-24057.049
-27574	-24058.262
-34147	-24045.154
-47461	-24021.623
-50231	-23992.268
-43417	-23959.625
-27565	-23928.875
-34195	-23899.799
-47496	-23876.045
-50204	-23860.457
-43291	-23852.713
-27196	-23854.27
-34227	-23860.305
-47551	-23869.633
-50212	-23880.15
-43260	-23887.283
-26991	-23889.521
-34205	-23881.121
-47560	-23863.152
-50154	-23838.055
-43196	-23807.967
-27018	-23779.398
-34277	-23754.186
-47611	-23738.498
-50166	-23736.322
-43172	-23746.922
-27012	-23769.432
-34326	-23795.61
-47579	-23818.95
-50154	-23833.383
-43167	-23832.377
-27204	-23814.006
-34467	-23774.63
-47651	-23716.932
-50133	-23646.594
-43114	-23568.572
-27080	-23489.156
-34493	-23407.527
-47646	-23325.201
-50154	-23241.285
-43116	-23152.24
-26676	-23058.887
-34037	-22960.426
-47686	-22866.627
-50112	-22793.31
-43036	-22758.996
-27199	-22787.934
-34687	-22898.113
-47743	-23106.248
-50159	-23418.205
-43035	-23824.08
-27063	-24301.545
-34686	-24809.457
-47757	-25302.266
-50141	-25730.629
-42979	-26047.531
-27087	-26220.383
-34790	-26228.732
-47773	-26077.69
-50149	-25792.002
-42927	-25411.117
-27036	-24987.324
-34872	-24569.873
-47827	-24206.986
-50137	-23933.068
-42881	-23763.297
-27067	-23697.018
-34980	-23712.273
-47849	-23781.291
-50084	-23871.008
-42756	-23949.05
-26952	-23994.225
-35077	-23992.041
-47971	-23946.068
-50120	-23869.955
-42794	-23782.258
-27061	-23705.729
-35153	-23654.38
-47955	-23639.775
-50101	-23663.24
-42748	-23715.102
-26805	-23781.62
-35055	-23840.88
-47962	-23877.697
-50081	-23881.379
-42751	-23847.305
-27050	-23781.932
-35217	-23693.775
-47965	-23600.906
-50000	-23521.521
-42647	-23469.096
-27072	-23454.002
-35378	-23474.174
-47948	-23525.88
-50001	-23598.912
-42672	-23678.064
-27108	-23751.18
-35369	-23803.783
-47967	-23831.467
-49956	-23834.482
-42632	-23816.338
-27129	-23786.576
-35504	-23750.86
-48049	-23719.352
-50007	-23698.531
-42544	-23689.555
-27031	-23692.713
-35569	-23700.244
-48047	-23708.617
-49970	-23713.393
-42510	-23710.012
-26965	-23699.076
-35683	-23678.39
-48096	-23653.53
-49975	-23629.783
-42461	-23610.523
-26892	-23600.582
-35741	-23597.5
-48172	-23602.373
-49996	-23613.287
-42372	-23625.762
-26895	-23638.016
-35842	-23644.066
-48212	-23645.256
-50021	-23643.35
-42304	-23639.916
-26659	-23639.906
-35863	-23642.48
-48232	-23651.59
-50021	-23667.932
-42272	-23688.541
-26903	-23711.451
-35985	-23728.363
-48266	-23737.014
-50032	-23734.754
-42264	-23719.332
-26729	-23693.648
-35968	-23657.582
-48320	-23618.898
-50046	-23584.576
-42161	-23559.762
-26327	-23550.781
-35812	-23555.893
-48386	-23577.303
-50078	-23612.486
-42143	-23654.805
-26341	-23699.734
-35934	-23737.201
-48394	-23764.814
-49990	-23780.383
-41712	-23782.734
-24925	-23776.004
-35522	-23760.014
-48316	-23741.701
-50027	-23726.488
-42001	-23717.111
-26344	-23717.256
-35846	-23723.895
-48395	-23735.42
-50021	-23749.854
-42385	-23763.861
-29789	-23775.35
-37276	-23779.41
-48799	-23777.314
-50316	-23770.635
-43044	-23760.518
-36249	-23749.523
-40124	-23739.158
-49025	-23734.34
-50377	-23736.701
-42661	-23745.07
-28895	-23759.328
-37221	-23773.541
-48931	-23787.04
-50299	-23797.393
-42427	-23801.422
-27569	-23799.807
-36888	-23789.3
-48833	-23774.137
-50200	-23757.453
-42226	-23741.352
-27108	-23730.451
-36777	-23723.145
-48768	-23722.988
-50105	-23730.178
-42163	-23742.299
-27008	-23758.725
-36772	-23772.883
-48793	-23784.723
-50082	-23792.77
-42024	-23795.172
-26792	-23793.908
-36767	-23786.463
-48801	-23777.58
-50036	-23770.32
-41876	-23765.73
-26537	-23766.965
-36771	-23770.59
-48820	-23778.332
-50028	-23789.027
-41808	-23799.385
-26456	-23808.795
-36821	-23811.406
-48848	-23808.81
-50023	-23801.676
-41742	-23790.46
-26383	-23779.146
-36831	-23766.393
-48884	-23757.26
-50023	-23753.752
-41766	-23755.424
-26592	-23763.16
-36906	-23771.125
-48858	-23779.52
-49974	-23786.148
-41695	-23788.145
-26539	-23786.4
-36932	-23777.445
-48946	-23765.748
-49993	-23754.016
-41639	-23743.871
-26549	-23739.105
-36962	-23736.754
-48877	-23739.377
-49904	-23745.758
-41568	-23752.74
-26502	-23759.648
-36999	-23760.775
-48888	-23758.174
-49889	-23752.74
-41542	-23745.318
-26560	-23740.01
-37078	-23735.162
-48940	-23734.947
-49894	-23739.549
-41541	-23746.254
-26726	-23753.525
-37182	-23753.621
-48949	-23745.877
-49861	-23728.383
-41481	-23700.23
-26756	-23665.36
-37210	-23624.033
-49005	-23584.195
-49869	-23550.674
-41546	-23524.969
-27062	-23508.285
-37382	-23493.318
-49029	-23476.924
-49864	-23452.656
-41462	-23414.607
-26830	-23363.432
-37413	-23300.34
-49023	-23240.3
-49810	-23201.873
-41429	-23206.67
-26929	-23279.076
-37472	-23433.91
-49022	-23683.941
-49720	-24026.926
-41311	-24445.416
-26911	-24910.85
-37470	-25378.81
-48979	-25806.293
-49710	-26148.814
-41259	-26369.002
-26631	-26445.78
-37448	-26370.22
-48974	-26158.686
-49675	-25841.227
-41206	-25458.682
-26629	-25059.477
-37482	-24684.568
-48979	-24373.117
-49583	-24148.064
-41072	-24015.736
-26592	-23970.014
-37584	-23987.246
-49011	-24043.664
-49574	-24111.305
-41044	-24165.219
-26538	-24190.828
-37595	-24177.822
-49024	-24132.467
-49575	-24065.479
-40966	-23990.738
-26374	-23924.76
-37584	-23875.186
-49041	-23850.945
-49524	-23851.742
-40942	-23870.66
-26436	-23899.635
-37634	-23923.977
-49047	-23937.508
-49488	-23934.729
-40871	-23914.098
-26391	-23880.936
-37681	-23838.326
-49018	-23797.701
-49484	-23766.877
-40834	-23750.49
-26375	-23752.027
-37756	-23765.746
-49061	-23789.861
-49463	-23818.014
-40756	-23842.996
-26201	-23861.486
-37758	-23867.064
-49067	-23863.1
-49441	-23852.459
-40682	-23838.844
-26119	-23828.684
-37781	-23821.824
-49107	-23823.357
-49449	-23833.043
-40682	-23847.838
-26123	-23865.71
-37800	-23878.521
-49069	-23885.766
-49421	-23885.234
-40589	-23876.033
-25958	-23861.582
-37840	-23841.076
-49064	-23821.664
-49303	-23807.092
-40081	-23799.617
-24778	-23802.44
-37532	-23810.887
-48913	-23826.33
-49202	-23845.66
-40213	-23864.969
-25584	-23883.049
-37773	-23893.988
-49002	-23900.305
-49245	-23902.615
-40297	-23902.086
-25931	-23902.762
-37897	-23903.059
-49104	-23908.125
-49287	-23918.822
-40319	-23934.395
-26115	-23955.334
-38046	-23975.746
-49184	-23996.62
-49323	-24015.47
-40718	-24029.725
-27832	-24039.59
-38753	-24041.389
-49726	-24039.035
-49801	-24033.715
-42047	-24026.092
-36371	-24017.535
-41102	-24008.145
-49789	-24002.342
-49757	-23999.814
-41005	-23999.393
-27992	-24001.367
-38873	-24000.879
-49646	-23999.713
-49614	-23996.418
-40515	-23989.508
-26454	-23980.318
-38586	-23965.639
-49536	-23948.88
-49471	-23931.703
-40367	-23915.205
-26396	-23902.424
-38537	-23891.28
-49471	-23882.957
-49369	-23878.336
-40194	-23876.977
-26212	-23879.36
-38544	-23880.271
-49459	-23881.113
-49332	-23880.934
-40178	-23878.607
-26264	-23875.713
-38586	-23868.832
-49455	-23861.912
-49284	-23855.723
-40052	-23850.395
-26142	-23847.863
-38575	-23843.994
-49435	-23841.441
-49279	-23839.053
-40055	-23835.344
-26241	-23831.227
-38614	-23822.635
-49389	-23813.42
-49180	-23804.398
-39951	-23796.49
-26111	-23792.668
-38642	-23790.01
-49466	-23792.11
-49224	-23798.004
-39900	-23805.525
-26214	-23814.012
-38720	-23817.191
-49480	-23816.58
-49202	-23810.844
-39844	-23799.625
-26126	-23785.945
-38729	-23768.273
-49463	-23752.809
-49156	-23741.633
-39751	-23735.645
-26102	-23736.451
-38784	-23738.715
-49529	-23743.39
-49165	-23747.154
-39678	-23746.906
-25913	-23742.826
-38753	-23731.215
-49504	-23717.408
-49102	-23704.08
-39494	-23693.9
-25596	-23690.53
-38637	-23689.926
-49350	-23692.72
-48942	-23693.13
-38987	-23683.566
-24799	-23658.453
-38669	-23608.3
-49535	-23535.393
-49109	-23443.49
-40401	-23341.576
-29996	-23244.885
-39733	-23167.172
-49808	-23127.316
-49290	-23135.871
-39911	-23195.514
-27131	-23301.207
-39268	-23433.498
-49811	-23572.713
-49194	-23692.424
-39677	-23768.285
-26513	-23785.812
-39172	-23737.703
-49774	-23638.63
-49192	-23514.023
-39574	-23400.14
-26351	-23340.031
-39206	-23368.543
-49786	-23516.953
-49152	-23795.398
-39531	-24192.62
-26439	-24678.031
-39232	-25198.287
-49774	-25696.773
-49140	-26112.373
-39474	-26392.79
-26437	-26505.076
-39259	-26434.254
-49737	-26197.293
-49048	-25829.658
-39327	-25382.564
-26241	-24916.191
-39301	-24482.725
-49742	-24130.213
-49046	-23885.41
-39358	-23754.84
-26392	-23727.82
-39447	-23773.877
-49880	-23861.85
-49094	-23956.43
-39287	-24028.395
-26311	-24061.283
-39445	-24045.996
-49854	-23992.578
-49052	-23915.625
-39294	-23833.559
-26494	-23765.521
-39514	-23720.395
-49859	-23706.82
-49058	-23721.922
-39274	-23756.52
-26502	-23799.898
-39607	-23836.068
-49882	-23859.094
-49020	-23863.832
-39151	-23850.379
-26282	-23825.074
-39566	-23791.49
-49849	-23760.768
-49001	-23738.432
-39183	-23726.97
-26457	-23727.375
-39631	-23732.777
-49874	-23742.338
-48944	-23751.371
-39017	-23756.803
-26362	-23759.555
-39689	-23757.254
-49931	-23756.1
-48971	-23758.164
-39019	-23764.361
-26400	-23775.285
-39803	-23784.324
-49951	-23790.828
-48966	-23790.096
-38977	-23779.094
-26440	-23759.227
-39782	-23730.04
-49949	-23701.205
-48966	-23679.691
-38966	-23671.979
-26490	-23683.303
-39839	-23709.168
-49960	-23747.0
-48947	-23785.295
-38891	-23810.047
-26391	-23809.176
-39907	-23769.23
-50017	-23690.99
-48892	-23579.684
-38810	-23449.66
-26397	-23323.97
-39889	-23224.111
-49974	-23177.865
-48858	-23202.89
-38652	-23307.135
-26291	-23487.812
-39957	-23724.615
-49959	-23994.518
-48819	-24264.107
-38666	-24499.732
-26305	-24674.238
-39964	-24764.998
-49927	-24769.633
-48786	-24694.03
-38620	-24555.852
-26384	-24382.152
-40104	-24197.652
-50041	-24032.43
-48814	-23905.75
-38603	-23828.084
-26411	-23801.545
-40118	-23814.525
-50066	-23856.688
-48808	-23910.738
-38459	-23960.797
-26193	-23996.346
-40119	-24007.484
-50069	-23997.693
-48775	-23971.135
-38267	-23935.543
-25780	-23900.977
-39977	-23870.965
-49893	-23853.262
-48501	-23848.422
-37125	-23854.148
-24020	-23867.438
-39707	-23879.4
-49794	-23886.596
-48442	-23887.285
-38031	-23881.531
-26318	-23872.34
-40175	-23859.422
-50156	-23849.678
-48785	-23845.87
-40510	-23848.979
-36279	-23858.488
-42152	-23871.719
-50638	-23888.955
-49114	-23906.287
-39741	-23920.34
-30829	-23929.953
-41296	-23932.062
-50601	-23930.848
-49064	-23927.33
-38815	-23923.271
-27602	-23921.566
-40856	-23919.736
-50506	-23921.498
-48947	-23925.244
-38362	-23929.24
-26734	-23932.959
-40756	-23931.285
-50447	-23927.08
-48908	-23919.662
-38342	-23909.588
-26786	-23899.342
-40714	-23886.848
-50386	-23877.184
-48822	-23870.582
-38176	-23867.291
-26647	-23868.299
-40729	-23869.389
-50342	-23873.4
-48741	-23878.713
-38146	-23884.336
-26640	-23890.734
-40708	-23893.754
-50314	-23896.791
-48729	-23898.816
-38103	-23899.572
-26707	-23900.197
-40746	-23897.371
-50307	-23895.254
-48684	-23893.809
-38006	-23893.58
-26633	-23896.355
-40791	-23898.812
-50339	-23904.412
-48632	-23911.48
-38002	-23918.297
-26766	-23924.148
-40819	-23923.686
-50355	-23919.314
-48637	-23909.922
-37995	-23896.078
-26894	-23880.723
-40866	-23862.924
-50341	-23849.125
-48579	-23840.604
-37766	-23838.053
-26596	-23841.738
-40826	-23845.713
-50317	-23850.209
-48547	-23850.549
-37701	-23843.543
-26618	-23828.865
-40939	-23804.0
-50374	-23776.438
-48542	-23750.44
-37708	-23731.84
-26751	-23727.025
-40973	-23735.643
-50289	-23760.049
-48432	-23796.197
-37592	-23836.912
-26664	-23874.332
-40991	-23896.295
-50322	-23900.062
-48434	-23882.932
-37593	-23847.723
-26866	-23803.168
-41027	-23756.441
-50291	-23722.37
-48388	-23708.566
-37345	-23717.855
-26427	-23746.812
-40954	-23779.994
-50126	-23803.43
-48070	-23796.312
-35916	-23741.115
-24306	-23628.467
-40532	-23455.23
-49899	-23239.738
-47971	-23009.066
-37126	-22801.293
-26745	-22660.441
-40915	-22623.883
-50109	-22726.152
-48164	-22980.943
-37504	-23382.129
-27529	-23903.215
-41342	-24494.953
-50562	-25102.441
-48637	-25661.979
-40305	-26115.043
-36833	-26416.836
-42871	-26542.38
-50850	-26493.383
-48724	-26289.682
-38676	-25969.598
-29736	-25583.195
-41872	-25179.832
-50747	-24809.523
-48630	-24505.947
-37506	-24287.832
-27112	-24158.402
-41616	-24102.258
-50623	-24101.336
-48499	-24128.96
-37323	-24160.732
-26866	-24179.205
-41532	-24171.016
-50534	-24138.959
-48390	-24088.523
-37159	-24030.488
-26786	-23977.45
-41494	-23935.443
-50479	-23913.322
-48346	-23910.137
-37071	-23921.34
-26798	-23940.564
-41550	-23956.463
-50489	-23966.463
-48304	-23966.318
-36204	-23956.348
-25741	-23940.467
-41581	-23919.805
-50499	-23902.959
-48261	-23892.498
-36828	-23889.625
-26771	-23893.879
-41599	-23898.787
-50475	-23904.38
-48206	-23906.635
-36770	-23904.277
-26789	-23898.98
-41627	-23890.219
-50462	-23885.574
-48152	-23887.64
-36802	-23898.36
-26957	-23917.81
-41712	-23939.217
-50539	-23960.684
-48206	-23974.816
-36879	-23976.107
-27166	-23962.324
-41778	-23930.81
-50525	-23889.762
-48152	-23845.611
-36872	-23807.227
-27319	-23783.328
-41824	-23775.852
-50523	-23789.29
-48131	-23818.686
-36827	-23856.06
-27329	-23891.908
-41886	-23913.143
-50541	-23916.46
-48110	-23898.562
-36722	-23862.861
-27196	-23818.367
-41922	-23773.281
-50521	-23743.213
-48064	-23736.18
-36650	-23756.105
-27197	-23800.91
-41914	-23858.105
-50496	-23917.447
-48031	-23962.057
-36556	-23977.816
-27246	-23956.01
-41945	-23890.926
-50504	-23791.31
-48034	-23667.475
-35782	-23534.707
-26325	-23408.957
-42003	-23299.098
-50522	-23215.852
-47967	-23158.701
-36499	-23122.912
-27324	-23101.559
-42022	-23084.703
-50536	-23073.754
-47996	-23071.87
-36445	-23091.115
-27306	-23150.125
-42095	-23266.553
-50576	-23462.803
-47985	-23747.805
-36262	-24119.773
-27191	-24562.518
-42122	-25041.543
-50579	-25517.777
-47942	-25941.918
-36086	-26267.717
-27034	-26459.041
-42155	-26492.082
-50628	-26366.59
-47990	-26102.193
-36092	-25735.31
-27149	-25313.682
-42234	-24884.96
-50702	-24498.148
-47977	-24188.197
-36021	-23975.107
-27152	-23862.078
-42234	-23833.32
-50717	-23868.586
-47967	-23937.809
-35854	-24012.727
-27029	-24070.951
-42314	-24095.316
-50730	-24085.424
-47949	-24044.8
-35894	-23984.162
-27159	-23916.836
-42340	-23851.395
-50740	-23799.44
-47897	-23762.906
-35637	-23740.398
-26976	-23727.426
-42307	-23714.938
-50685	-23701.646
-47814	-23684.182
-34955	-23663.965
-26624	-23645.113
-42367	-23629.86
-50709	-23627.193
-47836	-23639.459
-35638	-23667.432
-27274	-23708.639
-42437	-23754.496
-50766	-23801.545
-47833	-23841.742
-35557	-23870.15
-27211	-23884.766
-42440	-23883.45
-50770	-23873.678
-47783	-23860.068
-34949	-23849.125
-26404	-23846.4
-42166	-23851.715
-50401	-23869.158
-47460	-23895.484
-34175	-23927.262
-25749	-23960.06
-42079	-23986.209
-50411	-24006.25
-47442	-24017.723
-35207	-24021.3
-27283	-24019.02
-42396	-24010.396
-50594	-24001.504
-47569	-23992.988
-35980	-23985.943
-28626	-23980.695
-42801	-23974.252
-51014	-23969.729
-47984	-23965.799
-39284	-23962.158
-36934	-23958.818
-43719	-23956.207
-51147	-23957.613
-48006	-23961.406
-36408	-23966.092
-29077	-23969.107
-43079	-23964.488
-51042	-23952.451
-47887	-23929.45
-35497	-23895.406
-27840	-23852.387
-42951	-23801.727
-50912	-23753.139
-47757	-23712.48
-34686	-23686.908
-26988	-23681.549
-42927	-23695.607
-50836	-23731.748
-47684	-23784.297
-34883	-23846.688
-27331	-23910.473
-42919	-23964.387
-50763	-24005.426
-47609	-24027.467
-34783	-24029.701
-27265	-24014.451
-42902	-23983.557
-50746	-23947.041
-47530	-23910.502
-34656	-23880.277
-27241	-23860.402
-42911	-23849.451
-50729	-23849.996
-47506	-23858.24
-34622	-23870.9
-27304	-23884.674
-42956	-23893.992
-50734	-23898.604
-47441	-23899.459
-34541	-23898.654
-27377	-23898.201
-42988	-23896.846
-50735	-23898.492
-47452	-23902.168
-34469	-23907.053
-27366	-23911.09
-43011	-23909.377
-50752	-23904.16
-47423	-23894.145
-34405	-23881.326
-27359	-23868.502
-43010	-23856.242
-50753	-23851.145
-47387	-23853.477
-34369	-23862.99
-27544	-23876.361
-43142	-23885.352
-50819	-23886.996
-47384	-23873.904
-34352	-23842.701
-27524	-23793.11
-43109	-23726.709
-50809	-23655.744
-47350	-23590.785
-34265	-23545.117
-27621	-23529.72
-43187	-23548.799
-50815	-23606.496
-47334	-23694.389
-34369	-23799.52
-27824	-23903.723
-43216	-23985.02
-50832	-24029.87
-47320	-24025.764
-34364	-23970.154
-27936	-23868.97
-43261	-23733.723
-50784	-23587.248
-47294	-23448.893
-34369	-23336.926
-27932	-23262.47
-43266	-23225.588
-50752	-23223.707
-47221	-23242.75
-34379	-23267.51
-28081	-23283.904
-43349	-23281.775
-50805	-23266.412
-47297	-23249.02
-34399	-23251.586
-28239	-23300.584
-43419	-23419.498
-50792	-23630.703
-47235	-23939.352
-34359	-24336.104
-28330	-24794.111
-43451	-25270.004
-50752	-25717.629
-47182	-26085.166
-34366	-26329.672
-28373	-26422.127
-43534	-26350.66
-50777	-26130.514
-47182	-25791.324
-34324	-25378.506
-28436	-24943.225
-43546	-24532.672
-50798	-24190.479
-47164	-23940.645
-34287	-23791.654
-28462	-23734.56
-43582	-23745.3
-50760	-23798.336
-47116	-23862.424
-34168	-23913.012
-28540	-23933.727
-43626	-23917.006
-50761	-23871.336
-47057	-23807.451
-34166	-23741.607
-28549	-23688.486
-43677	-23656.273
-50791	-23652.441
-47097	-23672.832
-33894	-23709.53
-28430	-23750.672
-43751	-23782.26
-50817	-23798.88
-47046	-23795.023
-33711	-23772.512
-28352	-23736.803
-43748	-23694.453
-50844	-23658.357
-47094	-23635.02
-33662	-23629.541
-28379	-23641.73
-43846	-23665.467
-50927	-23697.52
-47126	-23728.67
-33717	-23752.42
-28485	-23763.566
-43862	-23758.236
-50922	-23741.648
-47085	-23716.828
-33459	-23690.494
-28345	-23668.12
-43824	-23652.191
-50834	-23648.652
-46903	-23656.12
-32126	-23673.318
-27038	-23695.807
-43363	-23716.816
-50519	-23735.908
-46672	-23748.984
-32818	-23755.701
-27972	-23756.086
-43618	-23749.754
-50711	-23742.588
-46839	-23735.664
-34064	-23731.467
-29559	-23730.682
-44137	-23731.668
-51243	-23737.328
-47284	-23745.479
-38297	-23754.717
-37175	-23763.357
-44804	-23771.428
-51455	-23781.576
-47381	-23792.518
-34529	-23804.75
-29968	-23817.506
-44454	-23828.186
-51308	-23838.967
-47248	-23847.229
-33867	-23852.549
-29332	-23853.705
-44401	-23848.855
-51261	-23842.248
-47158	-23834.096
-33640	-23827.188
-29264	-23823.059
-44391	-23821.7
-51204	-23827.604
-47139	-23839.275
-33628	-23856.363
-29372	-23876.21
-44444	-23894.562
-51196	-23912.314
-47078	-23925.662
-33624	-23933.953
-29464	-23936.363
-44475	-23931.967
-51199	-23925.877
-47061	-23919.05
-33470	-23914.467
-29410	-23913.244
-44491	-23914.2
-51169	-23920.049
-46992	-23928.408
-33432	-23937.979
-29490	-23946.447
-44518	-23950.115
-51137	-23949.354
-46954	-23945.146
-33390	-23939.602
-29532	-23933.896
-44569	-23927.912
-51172	-23926.004
-46963	-23927.455
-33406	-23932.332
-29641	-23938.162
-44623	-23940.918
-51187	-23941.531
-46949	-23937.135
-33311	-23928.188
-29859	-23914.97
-44651	-23898.36
-51164	-23884.713
-46910	-23875.434
-33243	-23873.256
-29745	-23877.52
-44686	-23884.799
-51141	-23894.646
-46896	-23900.957
-33075	-23899.926
-29604	-23887.53
-44702	-23861.357
-51167	-23826.88
-46860	-23787.752
-33075	-23751.793
-29727	-23725.727
-44701	-23714.242
-51116	-23723.967
-46787	-23752.836
-32854	-23796.889
-29634	-23846.95
-44779	-23891.291
-51135	-23923.266
-46745	-23933.8
-32581	-23920.2
-29587	-23882.525
-44804	-23824.523
-51140	-23757.377
-46700	-23688.117
-32547	-23624.209
-29636	-23567.518
-44807	-23514.795
-51155	-23463.537
-46710	-23404.586
-32551	-23332.193
-29749	-23243.002
-44854	-23140.328
-51142	-23040.627
-46669	-22963.672
-32529	-22936.887
-29833	-22986.451
-44913	-23133.281
-51192	-23392.318
-46681	-23759.094
-32529	-24214.572
-29852	-24721.81
-44888	-25231.422
-51101	-25693.215
-46587	-26054.89
-32679	-26277.12
-30433	-26336.002
-44912	-26228.63
-51080	-25977.93
-46536	-25620.629
-32759	-25207.766
-30249	-24792.303
-44936	-24422.174
-51069	-24137.473
-46507	-23956.822
-32654	-23882.434
-30261	-23897.791
-44945	-23973.902
-51046	-24080.299
-46435	-24183.217
-32459	-24258.15
-30215	-24289.62
-44932	-24274.172
-51011	-24223.6
-46409	-24152.66
-32494	-24081.373
-30341	-24025.8
-44997	-23996.223
-51016	-23999.375
-46382	-24029.734
-32441	-24077.908
-30432	-24129.227
-45012	-24169.193
-50923	-24190.846
-46281	-24188.264
-32401	-24163.861
-30560	-24123.197
-45067	-24075.027
-50942	-24032.895
-46276	-24004.154
-32324	-23994.752
-30551	-24003.885
-45095	-24026.54
-50924	-24058.81
-46277	-24091.354
-32368	-24118.068
-30714	-24133.188
-45106	-24134.393
-50885	-24126.668
-46219	-24113.174
-32251	-24100.416
-30676	-24092.266
-45141	-24090.887
-50839	-24099.842
-46201	-24115.748
-32760	-24135.416
-31851	-24152.512
-45157	-24161.725
-50836	-24162.645
-46193	-24152.918
-32234	-24134.947
-30830	-24110.818
-45261	-24083.914
-50861	-24061.55
-46140	-24045.793
-31920	-24039.387
-30713	-24040.7
-45270	-24046.633
-50908	-24056.74
-46133	-24065.846
-31781	-24071.7
-30662	-24070.68
-45289	-24061.115
-50879	-24046.59
-46101	-24027.475
-31811	-24007.34
-30787	-23987.287
-45293	-23968.47
-50879	-23954.998
-46071	-23945.738
-31615	-23941.398
-30757	-23939.64
-45342	-23938.584
-50958	-23940.21
-46072	-23942.627
-31464	-23946.762
-30738	-23951.186
-45331	-23955.223
-50867	-23961.684
-45985	-23968.861
-31120	-23977.316
-30517	-23984.607
-45264	-23989.363
-50747	-23993.873
-45732	-23996.273
-29518	-23998.312
-29679	-23998.82
-45097	-23998.135
-50682	-24000.32
-45704	-24004.984
-30786	-24014.041
-30487	-24026.127
-45237	-24039.857
-50776	-24056.896
-45758	-24074.625
-31303	-24092.566
-30877	-24108.254
-45351	-24119.137
-50879	-24125.633
-45972	-24127.945
-37311	-24125.889
-37854	-24118.723
-46122	-24107.752
-51367	-24095.64
-46282	-24082.012
-35892	-24067.686
-35756	-24052.324
-46078	-24037.01
-51276	-24024.912
-46187	-24015.498
-31892	-24010.502
-31777	-24008.688
-45901	-24009.416
-51128	-24014.71
-46016	-24022.215
-31517	-24031.63
-31647	-24039.738
-45867	-24044.545
-51033	-24047.535
-45929	-24046.838
-31478	-24043.707
-31683	-24037.328
-45809	-24028.535
-50955	-24021.564
-45869	-24016.607
-31422	-24015.979
-31772	-24018.498
-45852	-24023.334
-50967	-24031.963
-45829	-24041.219
-31383	-24050.172
-31752	-24055.14
-45814	-24054.22
-50906	-24049.494
-45815	-24040.133
-31136	-24029.217
-31724	-24017.795
-45872	-24008.883
-50898	-24008.525
-45749	-24018.24
-31266	-24040.764
-31870	-24074.139
-45844	-24115.715
-50871	-24163.668
-45712	-24210.697
-30810	-24251.264
-31338	-24276.906
-45722	-24281.87
-50769	-24265.533
-45661	-24226.645
-31883	-24169.58
-32447	-24099.21
-45933	-24024.04
-50881	-23955.996
-45609	-23902.508
-30960	-23871.115
-31942	-23862.621
-45947	-23875.148
-50887	-23905.46
-45625	-23943.363
-30802	-23980.023
-31892	-24004.105
-45955	-24008.596
-50851	-23993.46
-45537	-23959.715
-30752	-23915.426
-31929	-23868.59
-45962	-23829.752
-50839	-23810.418
-45482	-23814.314
-30429	-23842.453
-31839	-23886.594
-45973	-23935.588
-50849	-23977.994
-45507	-23998.799
-30548	-23988.836
-32027	-23941.297
-46022	-23858.316
-50831	-23751.16
-45464	-23632.418
-30750	-23519.34
-32259	-23424.43
-46057	-23357.578
-50826	-23323.932
-45434	-23317.523
-30876	-23328.72
-32432	-23341.65
-46159	-23343.424
-50838	-23328.66
-45381	-23296.992
-30731	-23260.873
-32414	-23238.965
-46142	-23258.174
-50836	-23348.822
-45401	-23532.412
-30209	-23822.178
-31549	-24212.559
-46095	-24682.477
-50826	-25197.422
-45412	-25707.848
-31635	-26161.94
-33109	-26508.502
-46290	-26709.62
-50907	-26747.05
-45381	-26619.97
-30897	-26350.549
-32849	-25974.826
-46291	-25541.584
-50859	-25104.521
-45361	-24708.783
-30651	-24390.373
-32721	-24166.375
-46297	-24039.234
-50854	-23998.678
-45320	-24020.506
-30570	-24078.207
-32754	-24142.781
-46334	-24193.049
-50841	-24218.441
-45287	-24214.26
-30516	-24186.467
-32847	-24142.88
-46359	-24095.586
-50831	-24057.225
-45247	-24033.393
-30501	-24027.494
-32908	-24034.941
-46336	-24050.387
-50814	-24069.15
-45263	-24083.969
-30561	-24092.305
-33026	-24090.953
-46432	-24081.5
-50806	-24069.004
-45198	-24055.436
-30475	-24044.428
-32999	-24034.441
-46452	-24024.738
-50839	-24015.219
-45206	-24002.463
-30386	-23986.566
-33060	-23965.93
-46479	-23943.58
-50819	-23925.963
-45169	-23916.96
-30589	-23922.396
-33453	-23942.492
-46517	-23977.09
-50824	-24024.102
-45099	-24075.936
-30697	-24125.66
-33406	-24162.89
-46592	-24181.533
-50876	-24180.21
-45116	-24158.154
-30351	-24120.89
-33282	-24072.887
-46621	-24022.6
-50901	-23979.416
-45107	-23947.516
-29946	-23930.754
-33120	-23925.783
-46608	-23929.447
-50857	-23938.469
-45004	-23946.158
-29819	-23949.682
-33080	-23944.502
-46575	-23931.385
-50833	-23914.678
-44926	-23897.021
-29753	-23883.846
-33181	-23875.883
-46647	-23875.27
-50769	-23883.66
-44685	-23898.057
-28182	-23917.568
-32371	-23936.723
-46282	-23954.262
-50559	-23971.518
-44633	-23988.049
-29429	-24006.908
-33121	-24027.148
-46531	-24050.195
-50739	-24076.955
-44790	-24103.29
-30198	-24126.025
-33679	-24137.312
-46803	-24133.508
-50959	-24113.361
-45154	-24075.434
-34964	-24023.682
-36921	-23963.678
-47284	-23906.45
-51254	-23864.096
-45275	-23844.914
-31799	-23856.332
-34516	-23898.12
-47172	-23967.62
-51141	-24058.328
-45064	-24157.229
-30594	-24252.06
-34161	-24328.33
-47114	-24375.824
-51074	-24390.453
-44981	-24372.924
-30077	-24330.146
-33917	-24269.412
-47092	-24201.846
-51024	-24139.934
-44921	-24092.516
-29912	-24066.287
-33917	-24059.605
-47092	-24069.877
-50964	-24092.486
-44843	-24118.469
-29857	-24141.805
-33887	-24154.344
-47021	-24154.2
-50904	-24143.543
-44787	-24124.557
-29771	-24103.879
-33876	-24084.504
-47080	-24071.838
-50939	-24070.21
-44749	-24078.67
-29728	-24096.475
-33908	-24117.06
-47087	-24136.502
-50912	-24152.082
-44768	-24159.674
-29711	-24159.787
-33957	-24150.826
-47121	-24136.334
-50859	-24121.479
-44648	-24108.664
-29470	-24102.14
-33926	-24100.453
-47146	-24104.22
-50880	-24113.428
-44639	-24124.707
-29314	-24137.393
-33898	-24147.352
-47225	-24155.031
-50906	-24162.818
-44592	-24171.184
-28780	-24183.55
-33254	-24198.186
-47226	-24215.713
-50851	-24236.07
-44545	-24254.832
-29481	-24269.479
-34031	-24273.355
-47252	-24264.174
-50937	-24242.37
-44585	-24208.28
-28924	-24167.205
-33891	-24121.684
-47359	-24078.617
-50942	-24044.99
-44490	-24023.328
-28364	-24016.379
-33659	-24019.254
-47278	-24028.494
-50763	-24039.57
-44137	-24045.018
-26852	-24041.635
-33052	-24022.865
-47098	-23989.11
-50680	-23943.791
-44249	-23889.568
-28862	-23832.494
-33833	-23773.781
-47331	-23717.115
-50887	-23664.855
-44594	-23615.39
-32067	-23568.664
-35548	-23522.566
-47727	-23480.633
-51179	-23449.715
-44673	-23437.693
-30494	-23457.336
-34843	-23518.256
-47786	-23631.834
-51177	-23805.15
-44612	-24036.002
-29386	-24316.436
-34409	-24625.873
-47792	-24940.773
-51142	-25234.186
-44524	-25477.057
-29092	-25647.266
-34284	-25726.5
-47710	-25710.926
-51068	-25608.604
-44485	-25435.633
-28490	-25218.555
-33686	-24982.928
-47712	-24757.475
-51005	-24566.63
-44421	-24424.105
-29268	-24336.93
-34521	-24298.713
-47792	-24299.283
-50976	-24324.553
-44363	-24357.104
-28946	-24384.143
-34430	-24392.932
-47787	-24380.396
-50942	-24349.264
-44328	-24304.508
-28849	-24256.193
-34479	-24210.066
-47803	-24174.33
-50917	-24154.209
-44295	-24149.209
-28508	-24158.31
-34339	-24173.57
-47849	-24190.414
-50915	-24204.77
-44202	-24212.012
-28329	-24212.309
-34471	-24203.225
-47901	-24188.299
-50952	-24172.092
-44231	-24156.955
-28470	-24147.31
-34553	-24141.607
-47895	-24141.193
-50897	-24146.227
-44112	-24153.793
-28292	-24163.264
-34511	-24169.232
-47875	-24170.992
-50881	-24168.354
-44117	-24159.75
-28126	-24146.902
-34522	-24127.15
-47954	-24102.729
-50897	-24076.121
-44059	-24047.943
-27896	-24021.697
-34460	-23995.934
-47939	-23973.55
-50838	-23957.168
-43991	-23946.787
-26819	-23945.021
-33489	-23948.602
-47982	-23958.096
-50858	-23973.936
-43940	-23994.186
-27861	-24019.375
-34614	-24044.787
-48051	-24069.63
-50842	-24092.422
-43862	-24108.805
-27509	-24116.258
-34436	-24106.598
-48012	-24076.191
-50765	-24022.19
-43807	-23941.814
-27668	-23838.318
-34511	-23714.053
-47984	-23580.52
-50730	-23452.988
-43685	-23347.275
-27245	-23282.674
-34460	-23271.064
-48006	-23324.488
-50737	-23447.486
-43685	-23634.143
-27354	-23872.86
-34554	-24139.643
-48019	-24410.87
-50699	-24661.346
-43622	-24866.633
-27525	-25011.252
-34682	-25083.088
-48062	-25085.018
-50697	-25027.764
-43667	-24926.883
-27743	-24804.393
-34844	-24677.18
-48089	-24563.518
-50689	-24475.227
-43642	-24415.105
-27817	-24381.883
-34922	-24364.312
-48071	-24353.25
-50656	-24339.498
-43599	-24314.697
-27818	-24277.666
-34989	-24227.637
-48069	-24171.17
-50614	-24118.217
-43521	-24077.771
-27199	-24058.955
-34494	-24062.207
-48077	-24087.7
-50581	-24131.584
-43533	-24184.92
-27944	-24240.006
-35169	-24284.855
-48130	-24314.492
-50565	-24326.865
-43489	-24321.707
-27863	-24304.373
-35276	-24277.137
-48206	-24247.477
-50579	-24221.246
-43439	-24200.426
-27709	-24187.38
-35274	-24177.385
-48196	-24169.568
-50532	-24162.146
-43429	-24152.36
-27846	-24141.666
-35383	-24128.074
-48208	-24115.844
-50516	-24108.834
-43406	-24108.406
-27722	-24117.209
-35384	-24130.777
-48237	-24147.81
-50488	-24164.973
-43300	-24176.775
-27479	-24181.422
-35411	-24173.812
-48261	-24156.57
-50493	-24133.805
-43256	-24109.598
-27537	-24091.139
-35443	-24079.617
-48259	-24079.111
-50435	-24089.77
-43237	-24106.715
-27455	-24125.266
-35474	-24134.209
-48287	-24128.21
-50454	-24103.053
-43199	-24056.412
-27351	-23992.912
-35544	-23915.9
-48293	-23837.049
-50401	-23768.104
-43143	-23718.098
-27290	-23696.078
-35619	-23701.39
-48367	-23734.309
-50461	-23789.496
-43121	-23856.316
-27091	-23925.787
-35593	-23984.07
-48431	-24025.137
-50472	-24045.527
-43077	-24044.14
-27127	-24026.201
-35609	-23994.191
-48391	-23957.361
-50403	-23923.164
-43009	-23895.58
-27085	-23878.93
-35720	-23869.463
-48480	-23867.17
-50470	-23869.316
-42996	-23871.408
-27192	-23872.639
-35797	-23868.248
-48445	-23861.506
-50413	-23854.943
-42985	-23850.172
-27301	-23851.615
-35921	-23857.492
-48482	-23870.238
-50428	-23889.52
-42928	-23912.082
-27362	-23936.77
-36128	-23957.674
-48580	-23974.29
-50485	-23987.123
-42963	-23996.389
-27574	-24005.57
-36245	-24013.445
-48556	-24023.416
-50449	-24036.885
-42879	-24051.996
-27586	-24067.91
-36410	-24077.555
-48612	-24079.232
-50405	-24070.57
-42866	-24049.162
-27571	-24017.512
-36431	-23975.389
-48637	-23930.37
-50372	-23889.775
-42801	-23859.277
-27632	-23846.012
-36436	-23849.545
-48651	-23872.387
-50374	-23912.328
-42772	-23962.719
-27694	-24018.01
-36572	-24067.191
-48678	-24105.96
-50396	-24130.582
-42721	-24138.553
-27389	-24133.021
-36519	-24114.154
-48704	-24089.727
-50377	-24066.172
-42701	-24047.72
-27547	-24039.516
-36613	-24039.252
-48744	-24048.195
-50340	-24064.03
-42648	-24081.701
-27324	-24098.668
-36581	-24107.613
-48709	-24108.674
-50283	-24101.805
-42584	-24087.129
-27288	-24068.852
-36619	-24046.389
-48786	-24025.486
-50436	-24009.209
-42719	-23998.193
-27252	-23994.58
-36718	-23993.906
-48959	-23996.97
-50472	-24002.268
-42650	-24006.838
-27167	-24010.93
-36790	-24009.885
-48922	-24006.082
-50403	-24000.484
-42487	-23993.11
-27009	-23986.861
-36715	-23978.95
-48837	-23972.65
-50334	-23968.77
-42379	-23966.324
-26646	-23966.854
-36659	-23965.936
-48824	-23965.664
-50179	-23966.014
-41853	-23965.723
-24989	-23966.662
-36202	-23964.232
-48634	-23961.299
-50082	-23958.34
-42147	-23954.08
-27007	-23950.312
-36832	-23943.523
-48904	-23936.764
-50249	-23930.924
-42786	-23925.562
-31109	-23922.285
-38249	-23918.902
-49288	-23918.531
-50594	-23921.578
-42661	-23926.766
-28449	-23935.09
-37533	-23942.225
-49305	-23949.963
-50510	-23957.85
-42428	-23964.361
-27337	-23971.057
-37275	-23974.346
-49226	-23977.662
-50466	-23982.102
-42334	-23987.62
-27081	-23996.717
-37214	-24006.023
-49187	-24018.41
-50367	-24033.799
-42232	-24050.557
-26952	-24069.508
-37227	-24085.8
-49206	-24101.334
-50357	-24115.816
-42164	-24127.918
-26946	-24139.316
-37236	-24146.23
-49189	-24151.58
-50335	-24155.844
-42125	-24158.193
-26917	-24160.426
-37259	-24158.736
-49209	-24155.934
-50315	-24152.627
-42113	-24148.48
-27128	-24145.963
-37380	-24142.178
-49223	-24140.705
-50244	-24142.473
-41994	-24146.703
-27071	-24154.672
-37429	-24161.396
-49254	-24168.22
-50270	-24173.719
-42040	-24175.318
-27142	-24173.781
-37509	-24165.182
-49293	-24153.094
-50265	-24139.656
-41988	-24126.363
-27166	-24117.375
-37586	-24110.816
-49295	-24110.404
-50217	-24115.861
-41932	-24124.508
-27086	-24135.08
-37641	-24140.285
-49333	-24139.768
-50184	-24131.727
-41899	-24114.998
-26975	-24093.193
-37619	-24066.162
-49308	-24041.688
-50151	-24025.326
-41799	-24020.674
-27023	-24031.887
-37690	-24054.807
-49295	-24089.031
-50114	-24128.973
-41753	-24166.598
-26959	-24196.375
-37733	-24208.697
-49333	-24203.633
-50112	-24182.11
-41702	-24147.69
-26812	-24109.213
-37759	-24070.988
-49353	-24043.293
-50063	-24030.832
-41641	-24032.943
-26867	-24046.678
-37774	-24059.086
-49336	-24061.248
-50059	-24041.238
-41609	-23988.785
-26838	-23901.527
-37828	-23778.73
-49348	-23634.518
-50019	-23487.107
-41499	-23358.553
-26621	-23274.58
-37843	-23252.23
-49360	-23308.723
-50021	-23448.475
-41519	-23663.777
-26814	-23938.516
-37878	-24242.342
-49419	-24546.936
-50065	-24820.633
-41478	-25035.264
-26696	-25173.473
-37962	-25222.95
-49458	-25189.895
-50049	-25087.773
-41416	-24936.773
-26661	-24763.373
-37989	-24588.03
-49508	-24434.178
-50028	-24315.57
-41359	-24237.154
-26779	-24198.738
-38064	-24188.535
-49542	-24197.979
-50032	-24214.71
-41286	-24227.254
-26529	-24230.205
-38053	-24216.756
-49516	-24191.395
-49954	-24158.73
-41240	-24124.248
-26781	-24095.793
-38156	-24074.11
-49554	-24064.518
-49980	-24066.602
-41274	-24076.967
-26862	-24093.258
-38177	-24107.309
-49552	-24118.496
-49952	-24124.63
-41242	-24124.645
-27072	-24121.334
-38332	-24113.215
-49641	-24106.014
-49997	-24102.03
-41214	-24102.096
-26947	-24108.166
-38374	-24115.584
-49596	-24125.748
-49896	-24136.65
-41121	-24145.863
-26811	-24153.873
-38459	-24156.492
-49678	-24157.234
-49926	-24157.156
-41104	-24156.973
-27016	-24159.459
-38562	-24161.549
-49696	-24166.363
-49891	-24173.248
-41078	-24180.354
-26925	-24187.965
-38530	-24190.854
-49656	-24191.074
-49849	-24188.059
-40989	-24181.256
-26742	-24173.062
-38549	-24160.682
-49692	-24148.541
-49842	-24137.797
-40887	-24128.895
-26571	-24124.125
-38582	-24119.73
-49652	-24118.576
-49767	-24119.89
-40861	-24122.12
-26700	-24125.82
-38605	-24126.145
-49654	-24125.406
-49757	-24122.967
-40798	-24118.07
-26545	-24112.623
-38642	-24103.3
-49707	-24094.312
-49754	-24086.518
-40587	-24080.287
-26153	-24078.11
-38591	-24076.186
-49670	-24077.578
-49676	-24081.254
-40569	-24085.395
-26344	-24090.172
-38672	-24090.154
-49714	-24087.572
-49723	-24081.709
-40528	-24072.207
-26238	-24061.71
-38624	-24047.773
-49724	-24035.65
-49743	-24026.871
-40502	-24022.188
-26249	-24023.951
-38746	-24027.842
-49782	-24036.637
-49707	-24048.057
-40491	-24059.504
-26357	-24070.709
-38802	-24076.354
-49822	-24079.07
-49679	-24078.824
-40472	-24075.936
-26597	-24073.46
-38897	-24069.295
-49851	-24066.914
-49721	-24067.412
-40441	-24070.564
-26531	-24077.266
-38964	-24082.434
-49860	-24087.492
-49695	-24090.957
-40442	-24091.252
-26692	-24089.58
-39069	-24082.344
-49945	-24073.785
-49751	-24064.941
-40468	-24056.795
-26681	-24052.22
-39109	-24048.234
-49962	-24048.63
-49704	-24053.006
-40376	-24060.338
-26624	-24071.479
-39155	-24081.793
-49937	-24094.053
-49636	-24107.5
-40313	-24121.316
-26597	-24136.832
-39194	-24149.885
-49976	-24163.357
-49671	-24176.217
-40326	-24186.955
-26713	-24196.104
-39288	-24198.92
-49984	-24198.281
-49674	-24193.855
-40364	-24185.777
-26955	-24176.8
-39356	-24164.861
-50034	-24155.193
-49634	-24149.215
-40261	-24147.629
-26750	-24152.441
-39344	-24159.45
-50002	-24170.855
-49616	-24184.498
-40235	-24197.717
-26769	-24209.977
-39456	-24215.703
-50050	-24217.186
-49581	-24213.66
-40204	-24204.93
-26950	-24193.361
-39561	-24176.395
-50123	-24158.76
-49622	-24141.365
-40156	-24124.781
-26801	-24111.271
-39573	-24097.443
-50109	-24086.97
-49623	-24079.545
-40059	-24074.646
-26577	-24073.71
-39583	-24072.531
-50194	-24074.045
-49624	-24077.064
-39980	-24080.088
-26467	-24083.377
-39621	-24081.594
-50189	-24076.893
-49572	-24067.94
-39890	-24053.889
-26492	-24036.633
-39632	-24013.338
-50233	-23989.148
-49582	-23965.838
-39792	-23945.182
-26372	-23930.656
-39673	-23919.564
-50232	-23915.82
-49587	-23918.422
-39783	-23925.506
-26474	-23936.555
-39772	-23945.348
-50262	-23953.29
-49579	-23958.361
-39826	-23959.396
-26657	-23958.102
-39800	-23951.57
-50303	-23944.965
-49571	-23939.742
-39725	-23937.285
-26581	-23940.348
-39852	-23945.652
-50308	-23956.45
-49547	-23971.27
-39700	-23988.059
-26584	-24006.512
-39885	-24020.918
-50294	-24033.424
-49543	-24042.754
-39642	-24048.459
-26647	-24052.502
-39976	-24052.08
-50334	-24052.102
-49509	-24053.393
-39657	-24056.607
-26726	-24063.805
-40008	-24071.33
-50377	-24082.268
-49522	-24095.312
-39606	-24108.924
-26732	-24123.326
-40055	-24133.553
-50374	-24142.148
-49478	-24147.947
-39521	-24150.219
-26777	-24150.31
-40116	-24144.643
-50386	-24137.314
-49442	-24128.34
-39454	-24118.13
-26725	-24108.953
-40157	-24097.96
-50417	-24089.62
-49444	-24084.373
-39449	-24082.64
-26822	-24086.43
-40204	-24092.21
-50430	-24103.322
-49434	-24118.613
-39415	-24136.545
-26819	-24156.91
-40240	-24174.104
-50522	-24189.682
-49504	-24201.4
-39407	-24207.67
-26951	-24209.17
-40379	-24202.31
-50531	-24191.48
-49421	-24177.752
-39245	-24162.877
-26644	-24150.389
-40309	-24138.566
-50477	-24132.525
-49396	-24132.592
-39215	-24138.521
-26781	-24150.832
-40439	-24164.316
-50571	-24180.455
-49439	-24196.572
-39268	-24210.244
-26912	-24221.127
-40481	-24224.385
-50596	-24223.129
-49429	-24217.023
-39135	-24206.664
-26644	-24194.574
-40487	-24178.4
-50623	-24163.066
-49411	-24149.195
-39122	-24137.297
-26759	-24129.098
-40541	-24120.889
-50638	-24115.902
-49433	-24112.867
-39026	-24110.781
-26621	-24110.133
-40517	-24106.402
-50650	-24102.588
-49392	-24097.703
-39027	-24091.453
-26774	-24085.385
-40621	-24076.254
-50726	-24068.473
-49402	-24062.23
-38867	-24058.23
-26626	-24058.49
-40610	-24059.734
-50698	-24065.781
-49407	-24075.477
-38840	-24087.857
-26689	-24103.012
-40690	-24115.771
-50730	-24128.39
-49325	-24138.941
-38877	-24146.209
-26910	-24150.973
