EEG_CH1_RAW	EEG_CH1_BP_0p5_20
-412892	100.21343
-290176	222.94006
-389853	396.15924
-477277	612.1897
-514231	847.26514
-410565	1046.513
-282749	1167.3911
-391272	1237.8818
-486373	1273.4873
-514018	1291.348
-411989	1295.2241
-289564	1301.8124
-393519	1382.3917
-482463	1570.6298
-513904	1870.6508
-411682	2236.877
-289448	2611.005
-392625	2978.7852
-482120	3299.4875
-513778	3534.4763
-412039	3643.1277
-289728	3624.8083
-513183	3596.9373
-513372	3608.973
-418158	3717.3137
-292977	3964.923
-400002	4421.016
-480845	5079.36
-513926	5878.859
-429329	6697.0977
-285536	7393.5674
-386064	7907.8564
-480148	8196.569
-513857	8267.426
-429934	8173.8506
-286067	8021.783
-387101	8010.309
-480622	8299.848
-513924	8985.633
-430611	10055.678
-286643	11397.421
-388186	12880.264
-480786	14298.86
-513992	15440.858
-431404	16132.607
-287518	16303.832
-388682	16080.403
-480797	15681.781
-513945	15393.544
-431503	15488.725
-287444	16169.215
-388104	17569.438
-480501	19625.77
-513939	22094.756
-430001	24589.318
-281425	26680.793
-373299	28070.523
-459804	28593.354
-513354	28298.547
-434172	27435.031
-288444	26427.223
-387210	25843.805
-480273	26174.428
-513934	27714.246
-430784	30458.928
-286677	34092.402
-387521	38102.83
-480622	41808.29
-513956	44537.62
-431672	45795.89
-287407	45424.16
-389008	43737.773
-480941	41401.992
-513991	39316.234
-432176	38395.41
-287829	39349.19
-388804	42541.242
-480876	47767.67
-514029	54267.695
-432081	60846.402
-287447	66145.75
-387922	69037.81
-480780	68851.46
-513956	65623.78
-431511	60176.395
-287439	54031.984
-389087	49196.184
-480815	47633.31
-514032	50791.082
-431510	59141.72
-287059	71900.3
-387732	87023.97
-480613	101315.125
-513998	110884.516
-431645	111772.83
-287040	100674.38
-387683	75654.45
-480691	36516.125
-513945	-15010.0
-432057	-75429.84
-287355	-139934.34
-387961	-203029.16
-480704	-259440.12
-514054	-304878.75
-430946	-336661.8
-281959	-354025.9
-373918	-358059.97
-460309	-351482.34
-513406	-338058.5
-435518	-321928.53
-289517	-306884.34
-388882	-295725.78
-480887	-289999.88
-513984	-289899.75
-431517	-294446.78
-286626	-301846.0
-387270	-309898.22
-480621	-316579.5
-514037	-320421.8
-431167	-320756.72
-286602	-317741.06
-387782	-312151.6
-480659	-305214.9
-513969	-298272.28
-431487	-292486.72
-286832	-288603.8
-387876	-286779.06
-480697	-286697.97
-514029	-287697.1
-431744	-288975.62
-286807	-289790.34
-387868	-289559.7
-480808	-288059.2
-513977	-285419.75
-431757	-282069.2
-287031	-278589.84
-387806	-275499.2
-480696	-273211.2
-514031	-271934.53
-431675	-271655.22
-286689	-272150.84
-387129	-272997.16
-480445	-273760.8
-513992	-274080.03
-431524	-273746.9
-286680	-272721.0
-388291	-271048.9
-481372	-268915.5
-513951	-266568.97
-431359	-264269.2
-286798	-262222.5
-387778	-260486.84
-480528	-259065.02
-514088	-257911.62
-431270	-256976.25
-282171	-256219.7
-373319	-255564.72
-459909	-254995.81
-513434	-254531.77
-436245	-254232.22
-289985	-254151.1
-388846	-254247.67
-481088	-254471.12
-514121	-254749.22
-432257	-255013.05
-287194	-255199.55
-387549	-255200.84
-480786	-254972.44
-514129	-254523.23
-432027	-253923.92
-286887	-253273.97
-386781	-252613.88
-480369	-251999.34
-514041	-251475.25
-431918	-251080.48
-286901	-250832.34
-387821	-250663.89
-480887	-250527.05
-514122	-250388.92
-431911	-250248.28
-287158	-250119.05
-388266	-249957.56
-480745	-249750.78
-514091	-249496.95
-432186	-249214.67
-287431	-248927.73
-388087	-248598.86
-480914	-248226.53
-514200	-247835.86
-432690	-247487.78
-287546	-247255.6
-388162	-247142.78
-480911	-247162.27
-514148	-247309.4
-432302	-247565.1
-287400	-247879.94
-388843	-248112.84
-480951	-248143.2
-514116	-247878.9
-432047	-247291.0
-287071	-246411.11
-387321	-245317.77
-480492	-244019.38
-514120	-242735.02
-431274	-241664.11
-282013	-240988.55
-373082	-240768.4
-460240	-241041.38
-513519	-241794.67
-435726	-242910.06
-289389	-244219.83
-388512	-245476.9
-480944	-246507.64
-514155	-247226.6
-432345	-247582.98
-287425	-247603.33
-387938	-247312.11
-480815	-246830.28
-514107	-246328.2
-432197	-245926.44
-286931	-245710.64
-389129	-245651.89
-481041	-245730.39
-514124	-245943.67
-432651	-246189.8
-287530	-246420.52
-388412	-246562.36
-480923	-246627.89
-514140	-246611.19
-432488	-246552.48
-287350	-246504.5
-387821	-246466.58
-480830	-246483.78
-514151	-246528.86
-432470	-246574.86
-287161	-246595.14
-387361	-246525.56
-480770	-246386.8
-514197	-246179.25
-432335	-245952.36
-287071	-245783.1
-387710	-245706.08
-480771	-245803.39
-514152	-246072.03
-432009	-246482.05
-287040	-246964.83
-387554	-247370.27
-480517	-247602.23
-514001	-247530.1
-432281	-247087.53
-287264	-246282.8
-387276	-245151.88
-480426	-243864.28
-514132	-242586.06
-431492	-241517.58
-282287	-240845.56
-373720	-240654.9
-459432	-241016.56
-513562	-241857.4
-432944	-243056.55
-287976	-244437.28
-388723	-245763.44
-480977	-246883.77
-514230	-247650.1
-433210	-248005.03
-287943	-247977.72
-388191	-247618.39
-480887	-247087.92
-514166	-246511.58
-433422	-246019.28
-287817	-245711.05
-388069	-245589.34
-480849	-245671.4
-514179	-245885.16
-433177	-246159.23
-287655	-246431.97
-388040	-246615.72
-480896	-246719.8
-514177	-246735.25
-432856	-246697.1
-283346	-246661.34
-388153	-246629.45
-481977	-246653.83
-514181	-246714.66
-433094	-246791.31
-287462	-246860.7
-388009	-246856.58
-480895	-246795.22
-514232	-246668.53
-432868	-246515.06
-287552	-246401.72
-388447	-246353.22
-480920	-246447.2
-514194	-246679.58
-432812	-247023.31
-287091	-247417.73
-387147	-247722.44
-480712	-247851.97
-514210	-247685.42
-432747	-247163.81
-287176	-246297.98
-387287	-245123.69
-480564	-243806.9
-514200	-242508.84
-431828	-241423.31
-277664	-240733.64
-370881	-240520.88
-463034	-240853.62
-513579	-241663.61
-433312	-242834.17
-287961	-244195.77
-388092	-245518.28
-480744	-246656.53
-514139	-247466.47
-432665	-247891.92
-287221	-247960.28
-387646	-247716.84
-480604	-247314.77
-514131	-246869.25
-432787	-246499.86
-287337	-246295.25
-388718	-246247.77
-480869	-246367.61
-514172	-246579.34
-432594	-246810.9
-287170	-247005.25
-388162	-247083.05
-480789	-247064.53
-514164	-246954.27
-432822	-246799.58
-287390	-246665.14
-387887	-246561.05
-480797	-246541.4
-514181	-246582.58
-433154	-246655.6
-287358	-246727.19
-387646	-246719.52
-480632	-246639.6
-514196	-246473.67
-433544	-246260.39
-287779	-246072.67
-387624	-245946.77
-480642	-245974.06
-514141	-246165.23
-433648	-246504.94
-287491	-246938.84
-387394	-247325.39
-480687	-247569.73
-513975	-247535.58
-432820	-247142.5
-287290	-246380.25
-387487	-245266.48
-480367	-243954.94
-514056	-242602.81
-429612	-241411.84
-279880	-240578.77
-370571	-240208.58
-461899	-240396.19
-513423	-241097.8
-433449	-242217.08
-287616	-243596.5
-388321	-245007.78
-480854	-246296.73
-514116	-247301.69
-433976	-247941.39
-288548	-248216.22
-389641	-248145.45
-480810	-247861.31
-514031	-247466.02
-433584	-247074.17
-288267	-246780.77
-388805	-246591.77
-480655	-246537.25
-514018	-246564.78
-433109	-246625.31
-287625	-246681.3
-388124	-246667.9
-480457	-246613.14
-513936	-246521.39
-432068	-246433.77
-286867	-246403.34
-387429	-246425.38
-480176	-246538.28
-513880	-246704.17
-431030	-246884.25
-285599	-247038.16
-385082	-247086.78
-479620	-247038.25
-513847	-246884.73
-431022	-246671.69
-285171	-246478.11
-384579	-246344.34
-479646	-246362.72
-513831	-246541.81
-431586	-246862.73
-285465	-247264.75
-385149	-247601.2
-480026	-247772.8
-513909	-247642.58
-431591	-247134.94
-285831	-246247.78
-384617	-245009.69
-479648	-243587.05
-514079	-242150.02
-428511	-240909.98
-277908	-240068.92
-367987	-239731.16
-460552	-239984.12
-513739	-240771.98
-431806	-241983.36
-284729	-243445.11
-381555	-244915.1
-479476	-246228.62
-514256	-247219.6
-427160	-247812.8
-278575	-248018.5
-373029	-247870.88
-476548	-247514.9
-513702	-247069.34
-425881	-246663.47
-277074	-246398.97
-371452	-246284.31
-475474	-246340.78
-512823	-246503.81
-423767	-246711.83
-276108	-246910.95
-371571	-247021.77
-475136	-247057.12
-511897	-247014.0
-425101	-246933.47
-275976	-246872.2
-367729	-246835.11
-473175	-246867.44
-511344	-246944.3
-416799	-247041.28
-268551	-247127.97
-361474	-247133.64
-470874	-247066.55
-510751	-246919.0
-418335	-246737.17
-268979	-246594.94
-360137	-246527.95
-470724	-246616.52
-510442	-246862.88
-417219	-247244.12
-265811	-247693.53
-354698	-248062.27
-468431	-248241.84
-509889	-248094.69
-410956	-247550.16
-263198	-246608.61
-353925	-245305.75
-468319	-243810.47
-509773	-242303.11
-411455	-241009.64
-261622	-240142.6
-349464	-239816.14
-450671	-240123.05
-509765	-241010.11
-434453	-242363.1
-286710	-244001.48
-385921	-245671.2
-478344	-247191.92
-510778	-248379.33
-434578	-249136.66
-280851	-249461.31
-366567	-249378.73
-472030	-249029.69
-510146	-248536.7
-420450	-248040.66
-268380	-247659.72
-357536	-247420.95
-469051	-247360.16
-509520	-247426.25
-416263	-247566.0
-266182	-247725.56
-355236	-247818.19
-468223	-247841.03
-509004	-247774.1
-409102	-247645.78
-261734	-247498.83
-350961	-247332.16
-465794	-247192.9
-508757	-247064.6
-406962	-246943.97
-259336	-246822.22
-348502	-246652.7
-465229	-246461.95
-508832	-246256.31
-409508	-246088.58
-260506	-246026.88
-348649	-246094.31
-464719	-246349.22
-508496	-246769.62
-404791	-247313.98
-258265	-247897.05
-347689	-248361.1
-463909	-248598.28
-508578	-248479.78
-409657	-247950.73
-260788	-247028.3
-350327	-245764.27
-466154	-244334.27
-508916	-242914.89
-413507	-241715.81
-260896	-240922.34
-345222	-240612.84
-448351	-240841.05
-508766	-241517.84
-422131	-242504.89
-267416	-243614.22
-352871	-244604.38
-466783	-245319.56
-509262	-245623.08
-417531	-245482.86
-264597	-244958.9
-352469	-244136.39
-466472	-243201.94
-509064	-242306.34
-417235	-241598.17
-263548	-241179.39
-350961	-241041.62
-465902	-241169.45
-509101	-241454.55
-416342	-241786.67
-263251	-242062.62
-351490	-242159.2
-466113	-242050.69
-509146	-241711.8
-418084	-241179.22
-263221	-240522.75
-350779	-239775.55
-465987	-239022.28
-509250	-238290.83
-418286	-237615.14
-263604	-237022.55
-347667	-236490.77
-461985	-236055.53
-509270	-235713.9
-419823	-235491.02
-263334	-235414.67
-349719	-235451.12
-465654	-235596.69
-509001	-235772.44
-417744	-235891.06
-262647	-235856.69
-350827	-235532.88
-466015	-234876.33
-509098	-233863.12
-418297	-232572.92
-263022	-231178.6
-350891	-229878.92
-466126	-228969.47
-509197	-228696.48
-417552	-229270.4
-259344	-230804.33
-342149	-233229.84
-448524	-236390.61
-508899	-239955.4
-423398	-243536.97
-264132	-246726.5
-349117	-249118.23
-466236	-250469.52
-509414	-250646.83
-418606	-249706.64
-261760	-247867.92
-350458	-245417.22
-466417	-242753.08
-509501	-240219.27
-421058	-238109.31
-263277	-236608.81
-351837	-235721.86
-466820	-235386.31
-509648	-235405.27
-421265	-235561.97
-263381	-235658.14
-349980	-235505.47
-465769	-235057.55
-509455	-234317.67
-418626	-233390.73
-260558	-232436.61
-347816	-231576.36
-465362	-230958.17
-509426	-230629.58
-418039	-230591.72
-257276	-230790.19
-353721	-231079.8
-466815	-231364.9
-509482	-231526.61
-418648	-231513.17
-261265	-231338.16
-348552	-231024.05
-465505	-230686.98
-509587	-230412.77
-420636	-230292.12
-263289	-230384.66
-350792	-230652.47
-466621	-231065.5
-509614	-231516.19
-420931	-231908.08
-263778	-232169.47
-352233	-232222.66
-467167	-232100.92
-509520	-231849.45
-420901	-231575.11
-261751	-231411.52
-345317	-231436.36
-448979	-231749.62
-509268	-232346.64
-427720	-233189.64
-268210	-234190.72
-353585	-235186.3
-467506	-236064.45
-509725	-236694.0
-422468	-237007.7
-264926	-237004.86
-353071	-236698.72
-467591	-236205.69
-509734	-235627.27
-421406	-235084.3
-264301	-234684.9
-352301	-234456.53
-466921	-234438.12
-509632	-234586.69
-421490	-234846.27
-263787	-235156.64
-351927	-235418.7
-467417	-235606.67
-509877	-235680.3
-421873	-235643.58
-264081	-235531.06
-352062	-235344.77
-467151	-235145.11
-509864	-234946.27
-421602	-234768.44
-264020	-234630.47
-351857	-234504.92
-467222	-234418.56
-509876	-234364.7
-421793	-234358.23
-263664	-234428.75
-350925	-234562.98
-467054	-234792.89
-509952	-235094.67
-421114	-235437.5
-263327	-235778.67
-351298	-236020.22
-467428	-236117.84
-509923	-236002.67
-419963	-235647.77
-262610	-235073.17
-350697	-234302.38
-466597	-233449.55
-509797	-232613.98
-419347	-231914.25
-260481	-231461.38
-343951	-231294.05
-449831	-231458.66
-509669	-231906.95
-425233	-232573.3
-266179	-233367.12
-351057	-234149.64
-466389	-234854.36
-509899	-235401.42
-419566	-235771.75
-262971	-235992.0
-350061	-236069.34
-465489	-236084.34
-509722	-236076.89
-419084	-236086.66
-262913	-236136.42
-350507	-236181.4
-466777	-236214.27
-509934	-236182.36
-419376	-236054.25
-262431	-235827.1
-348202	-235483.78
-465433	-235086.84
-509586	-234679.86
-416342	-234327.23
-261194	-234090.5
-348279	-233973.48
-465169	-234001.88
-509593	-234135.62
-415385	-234328.08
-260514	-234530.77
-347325	-234667.16
-464786	-234733.38
-509545	-234719.06
-417732	-234657.75
-262949	-234612.25
-350137	-234616.31
-466371	-234746.03
-509843	-235013.0
-419129	-235404.7
-262251	-235877.36
-346912	-236320.67
-464506	-236660.92
-509646	-236796.1
-417300	-236669.06
-262260	-236277.44
-349182	-235636.98
-466151	-234867.55
-509792	-234087.6
-416288	-233440.8
-258978	-233063.88
-341759	-233014.38
-448526	-233346.66
-509521	-234005.8
-423366	-234904.2
-264422	-235915.66
-347224	-236862.92
-464815	-237639.53
-509789	-238139.5
-418082	-238325.05
-261290	-238222.88
-345664	-237869.78
-464407	-237389.36
-509642	-236878.44
-415376	-236436.83
-259835	-236142.5
-345822	-235995.38
-464117	-236011.97
-509629	-236140.84
-414341	-236329.19
-259439	-236530.47
-345806	-236672.19
-463839	-236757.5
-509829	-236774.42
-417007	-236744.17
-260242	-236704.48
-344474	-236651.25
-464117	-236625.77
-510077	-236617.23
-421822	-236615.11
-263849	-236611.53
-380690	-236550.8
-599695	-236429.12
-694580	-236242.9
-627687	-236021.69
-486702	-235816.61
-581316	-235643.56
-706839	-235566.62
-763565	-235588.81
-688354	-235694.52
-543006	-235846.67
-641177	-235942.34
-779531	-235921.88
-844291	-235698.16
-767676	-235227.75
-619722	-234521.34
-702067	-233602.3
-830568	-232592.73
-879830	-231610.23
-746712	-230804.67
-631449	-230289.27
-715799	-230109.89
-823036	-230304.42
-889077	-230796.33
-767608	-231485.45
-666104	-232210.89
-754374	-232790.8
-876933	-233122.31
-922922	-233121.12
-791234	-232793.95
-687414	-232198.25
-779520	-231423.03
-899246	-230634.3
-941649	-229950.05
-811304	-229469.38
-703427	-229212.42
-790881	-229108.48
-903691	-229083.84
-945821	-228993.22
-817767	-228718.62
-706319	-228165.67
-791096	-227284.14
-907338	-226151.84
-948134	-224876.2
-805580	-223629.89
-703851	-222564.4
-791249	-221775.47
-904534	-221339.69
-940824	-221208.02
-793200	-221276.03
-699363	-221360.45
-781389	-221255.88
-900263	-220845.14
-933372	-220050.62
-780069	-218921.61
-700459	-217571.0
-784484	-216168.47
-901738	-214946.08
-933276	-214057.58
-782411	-213586.75
-704034	-213464.73
-788899	-213494.23
-901631	-213441.81
-930969	-213014.12
-779047	-211991.62
-702227	-210243.67
-785454	-207795.47
-899403	-204892.73
-925576	-201879.98
-774222	-199186.77
-693154	-197179.16
-775169	-196083.69
-877847	-195975.52
-933655	-196653.11
-796631	-197745.73
-702618	-198725.44
-783743	-199042.89
-900397	-198317.73
-929512	-196362.0
-776879	-193297.61
-707042	-189495.88
-788517	-185530.22
-906443	-182094.64
-934759	-179761.86
-780791	-178886.3
-716101	-179437.5
-797375	-180997.66
-913881	-182868.5
-940797	-184137.03
-787831	-183937.5
-724219	-181620.98
-805556	-176985.52
-922940	-170447.06
-949046	-162978.7
-795124	-156063.94
-731786	-151433.2
-810033	-150815.94
-926302	-155688.78
-951095	-166936.67
-796227	-184735.39
-736823	-208444.4
-814964	-236726.19
-930651	-267791.22
-952719	-299603.8
-797830	-330236.78
-737932	-358092.28
-812936	-382126.84
-929799	-401973.44
-954607	-417826.16
-801847	-430352.62
-740246	-440428.94
-817583	-448949.6
-931061	-456679.0
-950856	-464047.3
-798008	-471168.53
-738391	-477837.3
-813632	-483686.6
-927146	-488379.62
-940636	-491683.53
-792462	-493618.8
-737929	-494445.9
-813482	-494662.12
-876633	-494953.47
-799477	-495977.16
-570748	-498260.0
-464330	-502023.9
-529452	-507173.34
-632211	-513361.28
-647966	-519979.72
-491315	-526341.94
-420945	-531766.0
-495466	-535736.9
-604997	-538038.06
-620416	-538708.1
-462764	-538058.06
-399254	-536538.56
-474332	-534659.0
-585747	-532917.3
-600714	-531629.1
-445837	-530922.75
-385242	-530685.06
-459714	-530636.1
-574826	-530455.2
-587857	-529796.44
-433272	-528424.25
-376124	-526220.06
-450579	-523244.28
-565249	-519753.38
-577700	-516079.56
-423173	-512603.0
-367257	-509629.0
-438768	-507362.6
-555424	-505913.2
-562344	-505221.06
-409157	-505130.38
-358916	-505382.9
-445547	-505708.97
-552875	-505924.97
-555408	-505885.25
-402123	-505543.94
-352591	-504890.7
-419443	-503974.22
-541003	-502897.97
-554323	-501733.06
-405854	-500542.03
-355183	-499330.0
-432816	-498096.0
-541992	-496889.47
-548004	-495761.34
-398322	-494812.78
-341394	-494148.47
-414658	-493888.3
-519789	-494176.5
-563135	-495060.97
-408016	-496538.84
-340239	-498466.62
-420578	-500615.75
-535117	-502752.44
-565106	-504613.72
-420852	-506019.94
-335966	-506882.06
-413462	-507249.12
-533065	-507360.1
-551997	-507533.44
-395956	-508144.1
-337527	-509487.03
-423050	-511732.9
-526835	-514912.9
-548126	-518818.9
-394941	-523086.22
-335364	-527212.6
-420232	-530697.3
-535532	-533197.1
-568049	-534543.5
-451574	-534840.8
-335601	-534439.06
-410154	-533852.7
-521041	-533708.8
-547813	-534522.0
-397304	-536612.8
-327693	-539958.6
-410074	-544197.7
-520801	-548740.7
-549176	-552814.7
-403008	-555681.2
-327848	-556809.9
-408327	-556056.06
-518384	-553783.06
-538711	-550762.5
-381988	-548084.4
-319029	-546876.9
-393088	-548056.1
-505099	-552104.7
-521899	-558788.8
-372886	-567118.1
-320017	-575361.44
-397065	-581298.0
-512912	-582593.06
-540736	-577125.94
-398570	-563428.9
-319524	-540945.56
-398102	-510243.3
-497886	-472999.06
-541864	-431744.47
-401026	-389572.38
-317111	-349620.78
-396424	-314668.4
-509060	-286755.7
-538745	-266891.34
-396606	-255016.7
-317334	-250059.75
-398152	-250240.8
-508441	-253435.55
-532164	-257520.44
-384771	-260758.16
-308282	-261983.48
-393751	-260751.11
-511491	-257302.69
-535548	-252363.56
-393707	-246948.64
-313790	-242052.44
-388931	-238466.16
-503562	-236634.72
-536784	-236564.4
-389582	-237908.03
-294827	-240033.75
-377924	-242227.03
-499826	-243857.83
-533731	-244478.67
-384136	-243938.89
-292814	-242338.98
-372840	-240018.67
-497086	-237457.78
-537355	-235137.84
-400054	-233474.39
-295782	-232701.62
-369062	-232875.17
-493739	-233872.44
-535374	-235422.47
-394162	-237206.16
-290219	-238881.56
-366616	-240178.31
-491331	-240931.06
-531111	-241079.89
-384469	-240704.16
-285508	-239946.83
-363278	-239025.6
-490916	-238183.34
-534244	-237641.78
-396502	-237603.39
-284529	-238186.62
-369301	-239433.5
-478572	-241304.06
-540281	-243641.9
-442693	-246235.89
-293317	-248809.33
-367529	-251057.36
-491886	-252716.58
-538922	-253580.92
-429705	-253575.45
-282840	-252766.42
-363271	-251360.62
-489051	-249692.39
-539371	-248158.47
-451219	-247166.75
-290741	-247060.66
-368715	-248026.72
-492409	-250069.1
-538937	-252981.08
-460242	-256391.45
-292752	-259836.4
-368733	-262814.5
-491294	-264902.38
-538089	-265819.22
-457125	-265494.97
-284539	-264086.03
-361519	-261910.23
-490879	-259395.28
-536940	-256978.83
-456397	-255028.27
-296907	-253774.06
-376126	-253245.94
-494187	-253292.81
-534931	-253615.38
-434677	-253857.98
-293914	-253688.39
-395412	-252865.06
-498977	-251317.48
-534913	-249139.69
-438278	-246592.88
-297434	-244045.83
-412272	-241881.94
-500170	-240456.4
-532094	-239985.0
-408903	-240539.55
-278200	-242016.5
-423367	-244154.34
-505841	-246633.95
-532098	-249089.03
-413400	-251208.89
-272380	-252774.7
-425914	-253663.06
-500904	-253910.1
-533453	-253619.78
-456646	-252969.5
-297992	-252179.25
-468197	-251402.66
-527112	-250785.44
-533817	-250369.34
-465212	-250136.16
-302872	-250047.16
-458761	-250010.8
-522639	-249988.66
-533369	-249933.25
-461076	-249822.66
-297604	-249675.95
-452617	-249484.11
-519226	-249275.72
-532517	-249033.36
-453207	-248718.69
-290599	-248294.78
-469774	-247676.89
-529969	-246847.42
-532407	-245789.47
-462018	-244524.67
-292927	-243147.88
-470089	-241748.64
-531122	-240492.8
-532073	-239516.75
-478694	-238918.38
-315614	-238773.81
-474125	-239050.47
-531433	-239687.66
-532051	-240536.45
-484102	-241390.12
-330721	-242062.31
-479539	-242350.22
-531719	-242145.64
-531999	-241386.88
-490261	-240093.92
-348954	-238406.81
-486689	-236507.86
-531894	-234662.17
-531669	-233123.88
-479429	-232106.12
-357437	-231782.89
-494072	-232218.73
-531723	-233414.11
-530841	-235239.86
-437065	-237486.62
-331496	-239896.25
-494212	-242175.53
-531234	-244107.23
-530479	-245506.38
-435525	-246289.28
-322948	-246468.5
-494600	-246140.77
-530742	-245532.72
-523905	-244873.16
-370368	-244405.2
-292848	-244295.5
-492063	-244619.08
-530011	-245421.27
-528334	-246607.16
-408567	-248013.0
-293462	-249427.39
-490056	-250613.9
-529538	-251434.94
-528514	-251782.62
-418637	-251649.61
-271133	-251114.77
-482015	-250281.64
-528589	-249354.47
-528415	-248494.69
-450836	-247829.19
-292553	-247447.2
-482205	-247313.39
-514069	-247429.22
-503566	-247710.03
-457262	-248053.67
-293069	-248407.36
-478864	-248708.36
-416782	-249027.66
-352499	-249406.78
-447524	-249844.89
-284602	-250405.6
-472925	-251044.58
-346374	-251771.62
-318551	-252447.47
-423311	-252860.3
-252298	-252880.97
-462422	-252350.11
-286591	-251312.95
-301609	-249807.14
-399791	-247971.94
-233342	-246127.56
-455401	-244583.38
-260914	-243788.6
-330085	-243999.52
-398008	-245372.48
-270976	-247962.42
-468919	-251602.47
-260926	-256104.66
-343560	-261015.16
-389078	-265857.06
-252935	-270198.94
-461713	-273631.47
-246248	-276014.03
-338376	-277199.47
-384363	-277225.2
-260317	-276298.6
-461335	-274668.72
-234725	-272767.8
-342568	-270857.12
-375106	-269191.38
-250774	-267981.78
-457797	-267301.56
-232769	-267276.94
-352309	-267794.4
-340641	-268743.5
-233857	-269999.53
-455463	-271388.34
-233011	-272890.78
-346116	-274350.8
-337888	-275697.6
-240072	-276907.06
-456097	-277954.22
-229368	-278990.75
-344647	-280019.4
-334961	-281104.88
-220004	-282320.84
-441920	-283678.4
-213585	-285304.3
-346982	-287110.84
-283225	-289038.47
-218046	-290974.7
-448596	-292759.72
-230893	-294381.78
-341481	-295682.84
-267868	-296604.3
-214860	-297113.53
-445737	-297203.75
-221043	-297056.0
-350382	-296693.7
-299252	-296198.78
-215507	-295614.75
-445845	-294911.97
-225037	-294163.0
-334100	-293238.75
-241839	-292062.28
-214378	-290536.62
-440337	-288597.84
-202111	-286394.7
-336274	-283958.25
-287426	-281453.25
-213314	-279056.25
-413154	-276904.97
-158731	-275270.1
-344702	-274147.66
-278836	-273542.1
-224073	-273355.47
-449012	-273407.66
-227142	-273675.75
-349900	-273984.9
-305329	-274286.44
-223008	-274608.6
-442721	-275000.84
-213482	-275738.47
-357715	-276898.94
-336568	-278562.53
-233941	-280709.7
-449143	-283117.25
-231793	-285606.47
-355922	-287704.0
-320811	-288942.94
-230319	-288881.3
-450273	-287114.38
-225557	-283585.6
-347486	-278245.47
-361676	-271284.53
-245627	-263081.97
-451796	-254044.67
-232411	-244784.12
-359321	-235674.86
-358046	-227039.19
-249856	-219082.22
-455681	-211822.92
-238201	-205356.88
-357996	-199549.25
-364961	-194335.05
-250542	-189723.3
-454603	-185731.28
-235914	-182613.3
-359528	-180455.28
-374971	-179385.7
-261571	-179470.55
-456529	-180602.78
-237814	-182700.45
-362052	-185356.66
-375259	-188161.38
-261069	-190709.25
-457830	-192596.53
-242367	-193710.8
-361054	-193895.12
-378224	-193238.48
-265954	-191990.06
-459561	-190410.06
-243244	-188956.11
-359765	-187806.3
-379982	-187105.97
-263287	-186886.98
-459344	-186962.66
-243844	-187242.19
-357775	-187388.4
-382990	-187174.44
-265447	-186493.48
-460540	-185281.02
-248205	-183786.45
-359473	-182146.05
-383092	-180613.69
-271146	-179448.47
-462679	-178750.16
-250725	-178679.61
-358998	-179040.45
-384781	-179596.03
-267246	-180068.5
-462216	-180084.44
-253464	-179521.56
-359689	-178156.06
-390514	-175990.11
-276286	-173215.16
-465052	-170058.23
-260262	-167006.11
-360706	-164345.45
-390147	-162373.05
-272317	-161309.25
-464431	-161139.17
-260726	-161887.44
-363457	-163253.25
-393209	-164925.97
-275949	-166603.66
-465472	-167917.8
-262512	-168749.77
-362321	-168880.9
-393934	-168263.12
-278517	-166976.08
-466966	-165084.39
-265048	-162868.95
-360803	-160440.06
-395765	-157973.38
-280775	-155658.11
-467159	-153592.12
-267936	-152010.47
-360544	-150940.14
-393961	-150466.84
-276984	-150687.69
-466539	-151603.39
-267641	-153339.95
-361656	-155778.5
-393417	-158822.53
-273246	-162341.62
-466147	-166104.27
-267873	-169982.89
-359896	-173644.11
-394516	-176857.2
-276601	-179468.94
-467230	-181333.92
-270707	-182552.28
-362771	-183106.69
-394499	-183138.7
-276762	-182871.58
-467741	-182480.42
-271822	-182303.31
-361024	-182421.31
-395326	-182933.62
-277328	-183898.98
-467815	-185218.88
-273152	-186914.84
-363992	-188754.89
-398972	-190573.34
-281947	-192254.7
-468551	-193622.48
-274549	-194741.08
-362779	-195505.78
-399754	-195964.53
-278891	-196251.72
-468015	-196360.66
-273532	-196512.4
-359336	-196683.14
-402042	-196949.64
-284384	-197380.14
-469561	-197859.34
-276539	-198483.94
-364566	-199095.12
-403854	-199691.48
-287691	-200274.67
-471439	-200722.2
-280650	-201158.17
-361233	-201472.9
-404361	-201731.84
-289411	-201970.67
-471971	-202109.12
-283927	-202266.25
-365128	-202325.92
-407202	-202338.06
-292043	-202313.92
-473845	-202172.27
-292399	-202047.12
-366282	-201852.69
-408814	-201684.39
-293452	-201595.44
-474272	-201537.25
-290581	-201646.77
-368824	-201814.48
-414427	-202087.36
-300632	-202440.75
-475297	-202752.92
-287185	-203097.1
-367908	-203323.05
-414696	-203479.11
-304577	-203570.23
-476795	-203559.17
-285494	-203603.33
-365135	-203633.52
-417704	-203757.53
-306366	-204009.64
-478196	-204335.73
-292833	-204831.62
-368767	-205345.88
-419786	-205892.12
-312492	-206417.94
-481222	-206811.53
-301607	-207155.17
-369102	-207323.14
-423823	-207391.22
-313550	-207381.92
-482213	-207289.92
-307810	-207260.23
-369729	-207217.39
-424842	-207246.73
-315274	-207356.58
-482528	-207501.34
-308964	-207763.08
-373398	-208003.53
-424104	-208262.14
-316054	-208510.55
-483464	-208680.06
-302511	-208863.89
-354784	-208939.12
-424884	-208950.97
-321886	-208886.67
-484474	-208705.8
-310697	-208495.02
-375967	-208142.58
-426419	-207731.23
-319565	-207281.12
-484734	-206781.73
-313114	-206378.17
-373227	-206007.45
-425813	-205783.47
-317219	-205707.94
-484354	-205737.81
-312174	-205948.84
-373241	-206186.72
-426542	-206458.97
-318214	-206707.73
-484892	-206836.38
-315548	-206923.55
-375599	-206859.95
-427864	-206739.88
-319451	-206607.42
-485505	-206462.67
-315519	-206468.88
-373552	-206554.81
-428205	-206790.48
-318192	-207152.72
-483842	-207536.78
-306166	-207981.38
-371893	-208301.47
-426289	-208498.72
-317919	-208543.38
-484239	-208366.5
-306778	-208116.42
-371686	-207749.45
-426416	-207407.97
-316571	-207174.0
-484051	-207047.17
-307510	-207173.0
-371141	-207443.94
-427146	-207886.42
-316936	-208446.44
-484046	-208986.06
-308735	-209549.2
-371572	-209977.9
-425091	-210307.84
-314485	-210547.31
-483687	-210655.16
-304910	-210788.0
-368302	-210890.27
-426538	-211064.88
-318521	-211342.73
-484129	-211663.27
-306886	-212125.78
-372341	-212599.42
-427517	-213111.9
-316671	-213640.02
-484376	-214091.98
-309867	-214566.73
-372659	-214958.66
-427011	-215331.38
-316031	-215695.77
-483995	-215979.89
-307969	-216286.8
-370866	-216496.47
-425761	-216649.64
-314812	-216740.45
-483271	-216693.22
-304734	-216633.45
-370032	-216487.06
-424826	-216358.4
-313145	-216309.97
-482852	-216322.95
-303340	-216547.94
-367287	-216900.47
-423437	-217431.16
-310062	-218119.19
-481832	-218842.67
-301806	-219658.31
-369965	-220409.4
-417759	-221118.16
-300507	-221780.62
-478949	-222327.19
-292674	-222893.72
-362649	-223403.02
-415258	-223931.9
-296124	-224495.88
-477478	-224995.64
-291036	-225500.45
-364744	-225841.98
-410820	-226014.16
-290382	-225980.7
-475789	-225644.44
-287742	-225145.08
-363540	-224444.2
-406087	-223706.14
-281916	-223072.23
-473354	-222588.11
-281650	-222471.95
-356488	-222672.75
-403364	-223244.11
-279576	-224136.62
-472057	-225152.77
-281324	-226261.22
-362032	-227202.64
-400035	-227906.0
-271980	-228303.92
-470059	-228290.66
-276742	-228024.39
-354032	-227493.06
-399562	-226882.33
-269197	-226348.31
-468771	-225927.88
-278006	-225822.4
-355159	-225953.23
-400129	-226349.77
-270317	-226954.34
-468844	-227575.83
-276617	-228213.86
-348781	-228656.22
-400182	-228878.5
-266839	-228862.12
-466979	-228529.34
-276497	-228042.6
-347662	-227368.89
-402171	-226645.83
-270145	-225976.22
-467942	-225344.97
-278382	-224914.92
-346436	-224602.53
-401680	-224456.05
-267724	-224473.31
-467087	-224536.05
-279791	-224721.84
-351716	-224889.8
-403886	-225059.56
-266139	-225227.9
-466129	-225290.77
-280487	-225354.81
-344517	-225314.25
-405124	-225220.31
-271536	-225104.42
-468326	-224895.47
-283579	-224728.2
-347228	-224526.28
-404754	-224365.28
-263436	-224293.27
-464767	-224243.7
-285766	-224342.58
-347351	-224493.78
-406696	-224737.77
-271416	-225081.45
-467585	-225415.9
-287506	-225826.5
-352041	-226185.45
-406037	-226515.67
-266760	-226819.25
-466065	-226992.78
-286014	-227137.89
-345967	-227149.94
-407223	-227071.3
-270050	-226932.66
-467074	-226657.84
-283888	-226377.94
-341503	-226020.0
-407066	-225657.92
-269752	-225351.4
-467024	-225044.89
-287857	-224874.6
-350634	-224753.1
-410946	-224719.69
-272164	-224770.84
-466861	-224773.72
-290511	-224778.39
-356517	-224624.77
-413797	-224307.11
-286745	-223814.45
-472407	-223056.83
-294246	-222170.81
-362367	-221115.84
-415229	-220018.64
-283282	-218990.42
-470601	-218025.36
-292681	-217288.05
-359417	-216705.34
-416686	-216306.1
-285258	-216066.92
-470634	-215827.58
-292034	-215613.22
-358727	-215253.06
-417471	-214738.39
-288524	-214080.28
-472231	-213215.47
-298002	-212305.27
-366065	-211328.84
-418944	-210408.97
-291316	-209637.97
-473755	-208972.44
-300661	-208525.06
-361161	-208174.89
-422081	-207909.9
-294997	-207696.19
-473870	-207385.78
-306193	-207039.2
-362620	-206552.0
-425154	-205982.88
-300477	-205402.55
-476862	-204790.75
-307867	-204314.1
-359846	-203931.36
-429681	-203703.03
-306596	-203649.47
-478272	-203653.94
-313537	-203763.5
-362957	-203826.3
-431051	-203824.84
-308450	-203752.42
-479604	-203522.9
-315881	-203262.86
-362439	-202931.39
-430824	-202623.78
-309392	-202424.7
-480731	-202295.95
-320189	-202357.34
-362604	-202513.05
-434491	-202763.61
-314431	-203087.73
-481901	-203352.66
-323170	-203615.81
-361452	-203765.53
-436726	-203835.47
-320346	-203870.44
-484801	-203825.58
-335473	-203838.22
-366947	-203857.4
-439082	-203936.86
-324191	-204099.5
-486545	-204245.5
-348919	-204437.86
-375908	-204558.98
-440661	-204618.25
-326046	-204630.19
-489426	-204527.78
-419498	-204423.16
-427170	-204295.25
-440704	-204243.55
-327178	-204331.81
-491411	-204506.62
-492091	-204827.03
-488327	-205201.12
-437161	-205636.0
-326874	-206076.12
-491895	-206374.45
-486352	-206537.66
-480592	-206473.64
-436491	-206240.27
-321514	-205879.33
-490256	-205363.33
-460971	-204828.39
-457297	-204279.03
-436824	-203827.55
-321161	-203532.61
-488097	-203337.48
-390038	-203332.28
-407010	-203431.3
-441222	-203661.8
-325219	-204032.4
-487481	-204458.84
-364805	-205036.17
-387121	-205693.38
-446530	-206476.66
-333868	-207408.14
-490053	-208393.9
-407972	-209478.25
-420075	-210529.73
-445546	-211519.64
-336226	-212388.0
-488421	-212986.03
-341198	-213359.19
-368942	-213401.0
-450529	-213160.75
-338329	-212715.25
-487551	-212075.66
-338122	-211447.61
-369811	-210853.67
-446491	-210428.78
-334485	-210266.31
-484459	-210322.64
-314979	-210693.78
-366912	-211235.17
-444243	-211907.67
-328876	-212640.25
-487662	-213264.36
-357137	-213804.39
-382101	-214131.97
-441447	-214283.92
-325744	-214311.7
-486676	-214199.48
-349029	-214125.53
-380570	-214077.17
-439946	-214160.42
-327118	-214431.2
-486281	-214813.92
-335796	-215383.05
-366839	-215991.02
-437892	-216610.88
-322028	-217197.14
-485232	-217625.86
-334923	-217983.69
-369680	-218188.11
-437637	-218320.8
-321652	-218458.1
-484576	-218577.88
-331136	-218830.39
-368278	-219134.86
-434731	-219515.36
-316865	-219944.47
-482821	-220275.67
-321037	-220551.81
-362795	-220628.31
-430982	-220537.28
-310006	-220339.2
-480574	-220032.78
-314283	-219844.3
-360906	-219796.19
-426073	-220033.16
-298149	-220635.23
-476207	-221505.53
-304101	-222678.3
-356004	-223916.61
-421880	-225098.55
-292779	-226098.75
-474644	-226731.75
-298671	-227105.58
-353897	-227220.64
-418734	-227329.16
-288254	-227746.62
-473031	-228707.2
-296146	-230625.14
-351271	-233607.02
-417484	-237766.45
-285721	-243042.61
-472302	-249094.14
-296737	-255658.97
-354354	-262186.16
-416436	-268266.66
-283050	-273545.4
-470966	-277668.72
-293944	-280644.0
-351532	-282405.75
-413925	-283148.38
-277481	-283119.78
-468914	-282447.75
-293525	-281415.38
-350251	-279996.53
-411577	-278209.8
-272339	-275983.8
-467786	-273093.9
-293809	-269555.75
-350774	-265253.8
-410777	-260344.92
-271076	-255119.92
-466645	-249868.1
-292933	-245160.69
-347951	-241346.25
-409400	-238828.2
-271363	-237841.72
-467579	-238287.6
-296231	-240062.44
-360081	-242657.22
-409984	-245586.16
-268691	-248315.0
-465861	-250241.5
-290153	-251114.97
-345522	-250659.08
-411214	-248945.16
-272791	-246224.36
-467699	-242762.0
-291702	-239094.1
-343107	-235533.16
-414845	-232449.08
-282801	-230081.27
-470899	-228418.97
-292591	-227537.02
-347550	-227212.42
-415502	-227322.7
-284342	-227741.64
-471148	-228265.95
-293969	-228951.27
-351396	-229689.3
-416177	-230539.19
-280017	-231548.39
-468537	-232616.0
-291989	-233800.97
-354483	-234901.28
-418297	-235819.88
-286413	-236440.03
-471429	-236556.53
-296514	-236221.7
-351626	-235355.92
-419101	-234094.67
-291194	-232632.16
-472751	-231084.22
-299446	-229766.39
-357969	-228750.56
-420371	-228172.73
-291229	-228076.3
-473196	-228302.95
-299494	-228826.84
-355906	-229380.72
-425092	-229825.78
-301311	-230051.08
-475937	-229882.95
-305122	-229410.52
-359311	-228585.12
-426451	-227531.14
-304091	-226391.6
-477601	-225187.55
-309496	-224109.05
-359409	-223109.66
-429049	-222224.19
-307739	-221451.44
-478351	-220652.2
-313874	-219876.03
-362393	-218990.66
-429151	-218009.1
-308202	-216973.9
-479187	-215833.66
-315767	-214746.48
-362252	-213684.02
-427895	-212730.73
-305599	-211960.52
-477789	-211305.16
-309001	-210870.4
-360976	-210552.28
-427872	-210352.03
-306600	-210274.1
-478004	-210200.36
-308099	-210208.34
-360987	-210189.53
-428025	-210151.9
-303186	-210118.9
-476668	-209994.0
-307661	-209874.98
-358970	-209678.83
-425770	-209414.62
-301696	-209125.77
-476152	-208750.8
-301456	-208410.25
-355134	-208047.58
-424420	-207666.14
-301850	-207310.25
-476509	-206927.6
-304130	-206621.88
-357573	-206315.36
-423926	-205997.22
-296501	-205705.27
-474751	-205391.89
-302787	-205183.67
-358199	-205031.22
-423887	-204960.6
-296187	-205031.75
-474643	-205188.16
-302572	-205524.88
-357666	-205922.78
-420511	-206342.03
-292136	-206749.97
-473929	-206995.56
-297111	-207127.47
-355545	-207025.77
-416292	-206715.27
-281879	-206275.84
-470520	-205693.95
-293345	-205176.97
-351095	-204752.52
-411321	-204532.31
-274007	-204626.44
-468533	-204982.95
-290399	-205690.02
-351071	-206594.55
-408399	-207626.05
-265174	-208706.1
-464814	-209617.44
-288429	-210369.81
-344204	-210816.52
-409406	-210972.89
-270182	-210912.83
-466589	-210615.11
-286306	-210288.2
-340509	-209952.36
-410157	-209740.81
-269961	-209760.78
-466207	-209951.0
-288678	-210414.84
-344373	-211024.56
-412149	-211736.12
-281302	-212508.94
-469801	-213178.84
-278112	-213800.06
-326489	-214254.36
-419034	-214561.92
-296039	-214790.12
-473161	-214906.22
-293656	-215081.16
-353681	-215287.86
-422172	-215605.2
-295104	-216098.02
-473832	-216679.42
-301311	-217433.33
-359813	-218228.73
-421564	-219045.05
-297752	-219865.9
-475606	-220563.78
-304261	-221222.5
-359282	-221752.08
-425669	-222201.72
-301906	-222637.97
-476276	-223012.25
-306096	-223464.31
-362082	-223924.03
-426679	-224425.31
-305417	-224979.98
-477614	-225462.6
-308609	-225930.17
-362619	-226240.31
-427521	-226386.27
-306441	-226377.06
-478574	-226129.92
-314156	-225783.25
-363809	-225297.02
-429839	-224773.81
-309732	-224311.75
-479655	-223882.38
-316824	-223631.6
-364254	-223475.61
-431932	-223432.47
-311074	-223487.3
-479871	-223496.22
-318155	-223507.52
-363074	-223377.3
-431940	-223112.39
-309722	-222739.89
-479411	-222197.17
-316092	-221641.39
-361336	-221037.75
-432677	-220481.95
-312330	-220051.52
-480166	-219690.33
-319299	-219512.4
-365889	-219404.97
-431070	-219370.69
-310285	-219394.8
-479253	-219351.52
-314514	-219325.1
-362513	-219209.7
-431076	-219049.77
-309121	-218895.52
-478632	-218688.08
-311401	-218563.31
-363012	-218433.19
-427515	-218326.31
-302292	-218242.4
-476492	-218049.67
-304274	-217812.33
-361066	-217384.31
-424697	-216773.14
-298041	-216002.05
-474644	-215003.7
-296317	-213940.45
-356353	-212774.19
-421493	-211611.42
-294291	-210538.7
-473654	-209510.61
-294082	-208660.6
-357161	-207874.58
-415309	-207161.33
-278496	-206510.61
-469616	-205789.2
-294618	-205091.03
-353587	-204317.05
-410083	-203536.34
-271771	-202835.12
-467934	-202182.33
-289159	-201757.88
-348441	-201508.25
-410822	-201489.72
-270983	-201715.45
-467451	-202035.08
-288606	-202484.38
-343421	-202875.48
-411853	-203167.02
-271820	-203341.45
-467119	-203296.23
-292591	-203188.28
-355313	-203002.61
-414397	-202895.98
-278396	-203023.7
-469139	-203404.78
-291107	-204229.33
-348386	-205421.2
-420138	-206978.53
-295850	-208837.03
-474047	-210772.0
-299306	-212739.72
-358813	-214494.38
-427064	-215955.62
-303612	-217083.72
-476591	-217781.34
-307664	-218206.03
-362437	-218353.34
-430882	-218376.69
-309238	-218424.38
-478191	-218509.64
-311757	-218803.3
-363801	-219231.95
-430636	-219807.61
-310211	-220502.19
-479599	-221154.56
-318669	-221796.5
-367317	-222282.11
-433076	-222621.14
-315589	-222853.56
-481511	-222936.28
-324933	-223036.95
-369436	-223139.25
-434680	-223338.67
-315866	-223705.61
-482036	-224164.14
-328081	-224792.6
-366801	-225452.73
-435174	-226106.58
-316400	-226712.6
-481722	-227125.03
-326723	-227409.25
-368049	-227469.44
-435939	-227361.67
-316243	-227164.11
-481562	-226856.03
-324172	-226608.62
-366769	-226392.22
-434535	-226281.3
-314162	-226321.64
-481538	-226419.14
-325793	-226648.81
-366385	-226880.2
-435171	-227100.55
-316046	-227297.83
-481982	-227357.03
-325217	-227366.97
-365778	-227238.88
-434365	-227018.81
-316067	-226753.86
-481612	-226377.81
-323586	-226010.05
-367586	-225568.86
-433130	-225090.9
-313742	-224599.8
-480422	-224002.56
-314047	-223400.86
-362532	-222699.8
-429511	-221940.53
-305557	-221164.17
-477578	-220301.69
-305514	-219483.64
-363184	-218633.69
-424676	-217806.19
-298649	-217038.45
-475101	-216243.8
-296630	-215528.48
-359482	-214781.38
-417834	-214028.34
-283804	-213283.77
-471480	-212443.53
-291924	-211616.25
-355072	-210699.06
-414404	-209737.39
-278476	-208772.98
-469929	-207729.83
-290193	-206748.11
-354192	-205751.55
-413224	-204811.69
-276939	-203989.66
-469230	-203224.1
-288764	-202663.81
-351691	-202228.31
-417214	-201970.78
-279129	-201927.36
-469277	-201995.0
-292709	-202271.81
-357186	-202626.05
-419849	-203066.33
-286898	-203594.22
-471727	-204094.69
-296731	-204675.94
-355985	-205244.62
-424871	-205861.86
-301379	-206592.75
-476496	-207389.95
-305712	-208402.19
-363145	-209554.03
-427844	-210890.16
-308297	-212420.81
-478803	-214006.17
-314332	-215684.86
-365954	-217283.52
-433773	-218760.12
-316704	-220074.23
-481364	-221096.31
-322821	-221918.8
-369199	-222470.02
-436192	-222835.64
-319114	-223113.78
-482474	-223303.38
-326892	-223586.8
-372269	-223936.33
-436632	-224425.81
-319982	-225091.25
-483381	-225828.6
-332356	-226695.97
-372459	-227547.4
-438669	-228355.25
-321764	-229092.36
-484577	-229636.36
-342316	-230068.88
-375959	-230308.58
-440475	-230412.33
-323108	-230443.7
-485339	-230360.88
-349613	-230300.22
-380499	-230208.67
-441584	-230136.97
-324159	-230117.81
-485903	-230060.39
-365881	-230042.97
-396927	-229967.12
-441598	-229855.42
-323646	-229729.47
-485950	-229509.53
-366268	-229304.11
-395936	-229056.58
-441274	-228831.38
-323868	-228686.06
-485487	-228561.19
-347265	-228569.5
-379291	-228629.52
-439816	-228760.86
-321347	-228967.86
-483802	-229128.77
-330880	-229302.64
-371668	-229360.7
-437223	-229297.19
-321480	-229114.64
-483384	-228716.89
-325589	-228208.48
-371417	-227517.56
-436454	-226704.81
-317587	-225833.78
-482179	-224853.36
-316987	-223898.38
-366169	-222898.61
-432521	-221896.66
-311573	-220919.1
-479634	-219867.53
-306987	-218832.39
-365206	-217700.95
-429728	-216498.61
-306921	-215252.11
-478133	-213886.81
-302312	-212538.61
-363853	-211147.64
-427178	-209798.39
-302946	-208565.0
-476896	-207401.42
-299496	-206451.45
-363954	-205634.31
-427448	-204994.66
-302686	-204548.31
-476739	-204187.6
-298362	-204001.55
-361817	-203862.98
-427401	-203790.67
-302039	-203801.42
-476807	-203809.17
-300084	-203941.3
-360178	-204115.6
-428914	-204395.03
-302130	-204831.78
-476917	-205354.69
-302902	-206087.9
-361407	-206927.06
-430589	-207896.27
-307837	-209001.62
-478326	-210125.72
-305492	-211353.36
-364368	-212557.53
-433157	-213756.14
-315233	-214964.48
-481233	-216096.47
-315838	-217269.05
-370194	-218394.58
-436941	-219520.5
-324214	-220679.19
-484838	-221784.4
-330701	-222928.92
-374157	-224002.7
-439093	-225017.33
-326079	-225970.88
-486659	-226756.22
-343524	-227457.69
-381946	-227986.78
-441345	-228391.25
-327259	-228725.38
-487437	-228944.69
-363764	-229188.45
-402199	-229418.66
-441281	-229712.38
-328696	-230119.12
-489596	-230564.58
-407428	-231123.92
-433214	-231700.39
-440001	-232309.66
-325192	-232946.42
-489714	-233508.66
-430300	-234068.55
-445634	-234570.31
-440368	-235090.34
-325827	-235694.88
-489398	-236349.77
-418642	-237175.69
-434451	-238124.52
-440249	-239230.62
-325203	-240480.78
-489492	-241718.48
-424826	-242923.19
-438557	-243910.98
-440395	-244609.28
-325214	-244944.7
-488818	-244768.48
-411854	-244140.83
-434434	-243015.58
-438909	-241509.53
-325206	-239758.6
-487534	-237816.11
-361055	-235917.77
-393091	-234112.2
-439074	-232532.94
-322279	-231270.28
-484654	-230256.5
-332498	-229566.77
-376538	-229054.86
-434919	-228670.86
-318667	-228356.22
-481843	-227944.38
-312311	-227476.27
-366886	-226823.53
-430601	-226008.5
-309193	-225078.22
-479567	-223982.67
-304787	-222877.16
-364069	-221720.1
-426664	-220593.89
-301297	-219567.08
-476832	-218575.58
-299164	-217741.06
-363098	-216967.9
-426131	-216287.25
-301628	-215716.38
-476504	-215156.69
-298596	-214709.72
-364924	-214269.69
-425799	-213874.73
-299597	-213549.89
-476749	-213207.69
-302075	-212962.75
-361981	-212715.06
-429053	-212503.88
-303666	-212355.33
-477594	-212181.36
-306813	-212094.53
-361412	-211996.66
-430533	-211928.06
-307127	-211918.67
-478920	-211887.2
-310744	-211952.0
-367403	-212021.42
-434026	-212143.83
-315427	-212355.39
-481326	-212580.84
-319407	-212942.98
-374408	-213356.4
-439147	-213871.81
-325855	-214523.61
-485915	-215236.7
-342459	-216119.62
-382177	-217081.67
-442031	-218155.47
-329960	-219355.4
-488874	-220581.45
-423816	-221892.39
-452376	-223186.22
-439212	-224487.95
-330701	-225786.53
-490331	-226975.84
-454691	-228108.92
-471791	-229107.7
-439007	-230033.03
-325481	-230928.39
-490399	-231756.0
-472762	-232647.97
-482995	-233621.81
-439137	-234820.55
-324801	-236348.33
-490206	-238190.22
-476691	-240448.27
-487449	-243050.28
-439183	-245990.42
-325765	-249171.34
-490349	-252351.67
-470574	-255407.61
-483397	-258078.1
-439674	-260238.05
-324761	-261778.28
-490518	-262556.78
-482838	-262661.5
-488569	-262139.84
-439738	-261219.4
-325907	-260144.17
-490835	-259065.34
-488215	-258251.56
-492538	-257787.73
-439994	-257778.42
-324410	-258201.5
-489811	-258839.58
-463676	-259552.72
-472186	-260036.52
-440286	-260089.47
-325094	-259535.66
-487401	-258177.84
-381674	-256078.78
-413721	-253237.02
-438737	-249837.44
-322129	-246120.1
-485178	-242241.66
-335443	-238520.34
-373366	-235049.25
-436119	-231961.72
-316226	-229328.17
-481253	-227038.88
-316179	-225122.9
-372563	-223395.05
-428118	-221792.0
-309209	-220269.72
-478773	-218700.77
-300680	-217184.39
-363399	-215651.03
-421671	-214175.19
-289773	-212834.1
-473738	-211574.61
-294437	-210528.47
-358420	-209606.92
-417795	-208839.28
-284502	-208243.27
-472062	-207713.83
-289925	-207353.7
-356149	-207065.0
-417685	-206890.12
-285587	-206860.83
-472786	-206880.66
-294374	-207043.45
-357810	-207222.62
-424147	-207418.19
-296092	-207620.33
-475036	-207712.86
-298222	-207799.92
-359477	-207806.17
-433431	-207818.1
-312654	-207931.23
-479959	-208134.97
-317121	-208598.33
-369617	-209262.06
-435294	-210157.97
-317097	-211261.86
-482057	-212404.02
-322899	-213588.45
-371883	-214632.17
-440593	-215518.38
-327048	-216279.4
-486023	-216910.66
-354696	-217658.78
-395024	-218637.11
-441244	-220105.84
-329737	-222286.92
-489044	-225234.7
-418365	-229073.5
-440754	-233660.14
-439266	-238866.38
-327394	-244443.53
-489819	-249989.6
-454754	-255250.88
-482356	-259875.45
-439529	-263723.53
-331442	-266719.97
-491281	-268808.78
-484192	-270175.4
-494810	-270950.66
-438028	-271412.06
-324441	-271786.0
-491260	-272150.72
-511571	-272653.22
-512444	-273252.78
-439199	-273953.9
-325693	-274679.56
-490576	-275241.7
-484217	-275612.88
-490198	-275686.25
-439551	-275512.28
-324587	-275168.53
-490248	-274684.34
-477245	-274252.5
-484730	-273949.66
-438887	-273916.53
-324166	-274235.66
-489880	-274850.34
-461887	-275782.0
-473391	-276877.38
-439356	-278022.62
-324560	-279072.0
-487497	-279787.34
-370954	-280087.9
-401127	-279751.7
-439943	-278667.62
-322300	-276781.12
-485164	-273987.66
-339262	-270401.84
-376680	-266023.47
-436739	-260989.08
-316546	-255511.34
-481490	-249743.17
-315821	-244029.42
-367792	-238531.84
-428759	-233478.89
-303586	-229069.4
-477646	-225332.56
-302174	-222395.47
-362726	-220111.6
-423297	-218379.62
-294439	-217059.77
-475029	-215875.69
-296499	-214753.0
-360083	-213454.14
-420164	-211924.12
-291446	-210172.17
-474124	-208152.2
-296555	-206063.92
-362197	-203934.86
-422262	-201931.53
-292696	-200196.02
-474396	-198718.6
-297925	-197645.78
-361132	-196877.45
-426287	-196413.08
-297727	-196223.27
-475384	-196157.08
-301357	-196272.97
-361860	-196444.31
-429381	-196707.11
-305661	-197110.52
-477930	-197608.95
-307582	-198359.45
-364200	-199310.56
-433660	-200528.38
-313783	-202040.34
-480632	-203735.47
-316252	-205664.83
-370360	-207654.98
-437116	-209650.11
-323594	-211581.45
-484928	-213283.78
-336342	-214804.45
-379334	-216039.22
-441016	-217054.5
-329152	-217955.9
-487952	-218783.78
-383961	-219782.98
-418627	-221042.6
-440354	-222767.7
-329256	-225106.77
-490028	-228048.52
-455747	-231662.9
-470249	-235802.92
-438764	-240370.17
-325625	-245176.34
-490242	-249908.84
-479423	-254410.14
-490776	-258442.34
-438229	-261953.1
-325661	-264943.66
-490526	-267404.53
-488236	-269536.38
-498031	-271465.94
-436847	-273401.6
-326079	-275486.47
-490886	-277710.72
-486282	-280089.75
-493197	-282438.72
-437247	-284574.88
-323948	-286277.8
-490160	-287276.44
-472427	-287493.22
-484907	-286845.1
-438469	-285441.88
-325161	-283512.0
-490641	-281297.5
-485183	-279189.97
-491251	-277441.22
-437997	-276275.5
-323077	-275778.75
-489354	-275807.3
-450074	-276191.5
-464596	-276525.12
-438532	-276417.56
-325216	-275503.66
-488234	-273439.38
-397182	-270166.53
-424722	-265661.53
-437726	-260138.52
-322514	-253974.11
-485296	-247552.11
-336865	-241417.39
-379738	-235888.2
-435541	-231224.27
-318021	-227568.78
-482266	-224824.06
-317194	-222914.55
-370966	-221498.36
-433542	-220277.39
-314989	-219015.53
-481322	-217465.14
-314237	-215645.88
-368736	-213499.84
-432196	-211162.69
-312416	-208837.1
-480323	-206634.95
-309871	-204818.72
-368517	-203397.39
-432234	-202426.28
-312889	-201890.42
-480667	-201607.11
-312610	-201558.98
-368541	-201538.86
-430771	-201498.8
-312063	-201428.44
-480320	-201258.5
-308346	-201146.92
-363764	-201071.28
-432351	-201136.98
-311199	-201414.5
-479982	-201827.36
-310589	-202458.19
-366247	-203153.7
-433342	-203885.52
-312596	-204620.03
-480707	-205237.83
-314859	-205850.12
-367805	-206395.55
-433751	-206975.64
-313142	-207686.47
-481097	-208502.19
-317401	-209565.27
-370002	-210774.73
-435815	-212128.83
-316772	-213588.86
-481727	-215000.56
-319683	-216420.16
-371843	-217743.45
-436248	-219051.53
-318321	-220469.47
-482963	-222051.72
-325917	-224061.08
-374958	-226556.88
-438236	-229677.33
-321361	-233483.78
-483868	-237842.06
-328346	-242717.86
-375696	-247820.73
-440407	-252940.12
-326456	-257858.92
-485968	-262282.28
-344469	-266156.22
-386681	-269331.16
-440209	-271844.62
-327201	-273804.06
-487417	-275254.75
-373680	-276420.25
-411992	-277349.97
-440184	-278141.28
-326646	-278851.25
-488410	-279399.12
-413128	-279815.44
-442730	-279979.8
-438981	-279862.1
-325862	-279467.06
-487363	-278775.28
-384772	-277951.12
-421441	-277048.94
-439822	-276201.16
-325499	-275551.47
-487222	-275136.03
-382589	-275076.56
-421614	-275283.88
-439715	-275665.72
-324430	-276109.22
-487544	-276402.3
-372252	-276463.25
-402488	-276074.62
-440369	-275113.22
-323091	-273531.47
-486842	-271253.1
-367116	-268392.44
-398273	-264947.9
-441265	-261009.14
-324122	-256714.31
-486275	-252131.12
-361350	-247477.94
-397350	-242815.03
-440769	-238268.23
-322817	-233983.27
-486349	-230010.19
-360031	-226531.78
-392811	-223536.97
-441955	-221082.11
-323577	-219194.94
-485472	-217762.83
-354538	-216812.9
-394003	-216176.52
-441270	-215787.8
-325245	-215583.39
-487043	-215405.2
-369433	-215292.98
-404994	-215140.28
-441573	-214984.81
-326852	-214865.16
-487497	-214720.38
-392534	-214656.03
-429912	-214596.06
-441262	-214582.61
-329165	-214615.47
-489802	-214587.48
-435615	-214554.52
-457917	-214425.9
-440871	-214258.92
-327700	-214088.03
-489802	-213864.94
-449996	-213707.72
-469272	-213582.05
-440951	-213577.88
-326792	-213725.61
-490720	-213941.45
-475431	-214278.89
-485826	-214639.6
-439740	-215053.19
-325066	-215506.88
-490751	-215900.14
-477277	-216298.05
-484552	-216637.98
-440251	-216990.55
-324752	-217383.36
-490466	-217739.78
-482914	-218127.16
-492369	-218473.02
-439484	-218827.52
-326371	-219198.94
-491081	-219504.58
-483349	-219821.2
-492391	-220107.86
-439978	-220452.36
-324699	-220899.1
-490962	-221385.14
-503590	-221971.61
-506591	-222584.4
-440402	-223246.28
-325318	-223933.48
-490939	-224530.4
-499531	-225082.2
-504060	-225557.39
-439422	-226063.62
-323953	-226716.5
-491414	-227570.0
-513712	-228805.84
-512864	-230482.34
-439841	-232675.75
-324321	-235376.23
-491467	-238418.03
-515525	-241671.83
-514137	-244856.12
-440483	-247730.77
-326570	-250065.4
-491806	-251622.1
-516305	-252356.86
-515111	-252233.56
-438996	-251377.9
-325919	-249988.92
-491691	-248251.23
-516449	-246459.17
-515227	-244778.92
-440311	-243372.6
-326282	-242313.95
-491504	-241530.95
-516507	-240990.19
-515217	-240523.06
-439534	-240022.27
-323998	-239396.56
-491388	-238535.75
-516696	-237497.3
-515372	-236297.86
-439888	-235054.5
-325401	-233892.67
-491641	-232861.02
-516791	-232081.83
-515531	-231530.44
-438952	-231207.44
-325190	-231059.14
-491736	-230936.25
-516817	-230800.67
-515487	-230529.31
-439192	-230123.25
-324237	-229597.9
-491396	-228921.08
-516766	-228214.0
-515509	-227500.36
-439006	-226915.67
-324746	-226539.23
-491437	-226333.7
-516784	-226377.22
-515582	-226616.97
-438781	-227112.08
-325152	-227871.89
-491988	-228816.27
-516806	-230014.08
-515510	-231422.4
-437827	-233119.73
-326092	-235120.78
-492098	-237326.52
-516757	-239750.66
-515531	-242264.2
-436389	-244841.94
-326166	-247394.66
-492541	-249745.0
-516866	-251874.22
-515546	-253677.39
-435626	-255210.81
-327442	-256512.89
-492567	-257559.98
-516812	-258481.83
-515711	-259292.86
-434956	-260118.02
-325517	-261002.17
-492538	-261864.08
-516770	-262732.4
-515474	-263497.16
-435042	-264161.66
-323544	-264682.8
-492019	-264940.25
-516687	-264984.94
-515476	-264785.47
-435434	-264465.44
-324260	-264121.28
-491973	-263765.47
-516751	-263546.3
-515534	-263478.75
-434138	-263668.75
-323874	-264136.06
-492261	-264767.7
-516845	-265561.06
-515472	-266378.88
-434476	-267199.06
-320771	-267958.3
-491318	-268517.03
-516668	-268905.8
-515389	-269073.75
-437971	-269117.6
-326446	-269109.4
-492071	-269038.5
-516806	-269030.06
-515412	-269083.97
-437488	-269294.53
-326949	-269681.5
-492409	-270143.3
-516832	-270691.34
-515511	-271215.12
-436456	-271711.56
-328095	-272142.34
-492892	-272395.03
-516796	-272512.7
-515373	-272454.5
-433877	-272302.97
-325785	-272114.94
-492954	-271866.53
-516698	-271656.1
-515489	-271467.56
-435339	-271354.88
-331996	-271324.9
-493571	-271297.4
-516795	-271300.1
-515617	-271254.28
-434679	-271184.56
-325947	-271091.34
-492609	-270906.56
-516755	-270700.97
-515482	-270448.9
-434231	-270227.22
-323024	-270073.47
-492059	-269935.75
-516747	-269876.88
-515501	-269839.38
-434095	-269856.7
-324291	-269921.9
-492416	-269936.03
-516667	-269936.47
-515381	-269858.84
-435504	-269752.94
-325436	-269643.34
-492698	-269469.53
-516727	-269308.8
-515416	-269127.53
-436739	-268993.7
-326351	-268931.44
-492417	-268866.53
-516717	-268851.0
-515504	-268822.97
-436354	-268824.97
-327241	-268863.94
-492716	-268856.44
-516742	-268855.97
-515512	-268810.62
-435819	-268777.12
-326026	-268773.22
-492411	-268725.34
-516846	-268691.66
-515531	-268621.47
-435492	-268566.3
-326041	-268542.0
-492369	-268477.5
-516779	-268432.47
-515493	-268364.0
-435056	-268324.72
-325171	-268330.6
-492246	-268316.1
-516714	-268333.88
-515487	-268332.53
-435573	-268337.1
-331866	-268347.62
-492857	-268295.2
-516753	-268227.5
-515561	-268100.97
-435401	-267952.38
-325187	-267807.6
-492214	-267625.56
-516689	-267481.16
-515356	-267350.4
-435783	-267269.72
-323063	-267257.44
-491618	-267255.72
-516625	-267308.84
-515399	-267357.2
-437186	-267404.4
-324902	-267446.72
-491599	-267416.16
-516676	-267363.97
-515452	-267251.6
-437493	-267113.03
-323863	-266980.03
-491469	-266824.0
-516622	-266722.4
-515495	-266655.3
-437009	-266659.97
-323175	-266758.0
-491317	-266897.12
-516606	-267124.97
-515360	-267387.88
-437374	-267682.88
-324510	-267999.97
-491688	-268266.34
-516716	-268514.1
-515520	-268684.53
-438280	-268780.4
-324435	-268809.4
-491337	-268724.3
-516542	-268593.5
-515333	-268399.2
-437301	-268183.44
-323858	-267992.2
-491480	-267810.9
-516776	-267722.56
-515471	-267706.34
-436304	-267782.72
-322511	-267956.88
-491212	-268160.38
-516571	-268415.9
-515458	-268647.44
-436664	-268829.62
-330116	-268942.38
-492376	-268920.6
-516723	-268813.44
-515512	-268591.88
-435439	-268294.1
-323963	-267967.84
-491809	-267605.2
-516604	-267298.9
-515487	-267042.0
-435097	-266867.0
-324156	-266794.72
-491859	-266773.62
-516541	-266845.44
-515367	-266952.53
-435540	-267087.94
-324764	-267246.88
-491760	-267371.16
-516591	-267509.03
-515484	-267621.5
-434956	-267724.44
-322919	-267834.16
-491496	-267907.16
-516358	-267998.8
-515381	-268069.78
-435834	-268129.66
-326064	-268188.97
-492191	-268200.16
-516709	-268220.25
-515579	-268215.16
-433476	-268204.66
-322941	-268207.0
-491688	-268180.72
-516443	-268181.62
-515344	-268168.3
-432939	-268147.9
-321242	-268124.9
-491275	-268046.3
-516449	-267964.5
-515451	-267846.66
-433251	-267719.44
-322731	-267614.94
-491622	-267512.38
-516481	-267489.88
-515331	-267527.7
-432391	-267647.62
-322137	-267856.25
-491766	-268088.1
-516464	-268365.0
-515247	-268609.72
-434989	-268795.97
-323694	-268903.3
-491252	-268868.16
-516679	-268741.7
-515454	-268502.53
-433884	-268196.88
-317098	-267881.03
-490112	-267554.7
-516376	-267312.62
-515315	-267146.25
-437361	-267082.56
-321724	-267131.72
-490593	-267230.8
-516453	-267404.62
-515379	-267581.66
-436782	-267743.75
-323204	-267879.44
-491171	-267929.62
-516670	-267945.78
-515432	-267897.03
-436711	-267811.12
-320551	-267720.03
-490410	-267596.22
-516494	-267509.9
-515429	-267434.78
-437233	-267391.2
-321731	-267397.1
-490601	-267408.25
-516597	-267479.5
-515433	-267568.5
-436914	-267683.03
-320797	-267828.2
-490571	-267945.84
-516624	-268073.88
-515387	-268157.34
-436784	-268192.3
-319881	-268181.53
-490279	-268073.38
-516625	-267929.0
-515382	-267728.47
-437059	-267514.22
-321474	-267335.34
-490667	-267182.4
-516552	-267139.22
-515364	-267186.28
-437702	-267337.62
-319824	-267590.3
-489856	-267866.25
-516555	-268174.3
-515376	-268429.75
-437192	-268604.88
-322407	-268686.22
-490605	-268620.66
-516619	-268473.3
-515305	-268237.1
-438128	-267967.4
-322837	-267723.03
-490741	-267499.28
-516533	-267375.94
-515231	-267323.5
-438350	-267345.94
-322221	-267434.0
-490636	-267510.62
-516384	-267598.84
-515126	-267636.6
-438684	-267625.7
-322155	-267584.2
-490382	-267485.3
-513658	-267409.44
-513804	-267345.7
-439818	-267327.44
-320860	-267380.5
-489495	-267454.7
-504571	-267589.22
-506436	-267715.78
-440662	-267813.47
-321061	-267870.4
-486073	-267823.53
-397413	-267750.56
-427565	-267603.56
-440299	-267397.72
-318749	-267184.5
-484627	-266946.7
-348008	-266802.03
-377580	-266704.03
-441644	-266639.3
-318926	-266632.12
-483550	-266624.38
-338614	-266699.06
-371419	-266781.5
-441011	-266847.22
-317654	-266925.6
-482692	-266974.3
-332842	-267096.12
-369011	-267229.28
-440686	-267352.7
-316831	-267487.34
-482851	-267570.84
-340809	-267679.72
-375441	-267733.7
-443654	-267703.84
-322845	-267620.03
-484887	-267450.44
-352496	-267311.28
-378793	-267177.38
-444901	-267066.8
-320909	-267041.34
-484697	-267075.75
-357353	-267267.72
-382187	-267546.78
-445554	-267869.66
-321096	-268230.97
-484682	-268545.16
-364702	-268868.4
-391367	-269115.44
-446728	-269258.7
-324974	-269329.66
-485922	-269297.72
-372734	-269275.56
-397240	-269233.3
-446207	-269182.0
-324841	-269170.7
-487496	-269165.53
-456474	-269240.94
-473092	-269347.03
-447167	-269479.9
-327926	-269650.5
-490122	-269802.56
-516260	-269979.72
-515156	-270133.34
-444144	-270266.25
-325078	-270387.06
-490206	-270446.62
-516639	-270500.66
-515368	-270518.6
-442556	-270526.06
-324151	-270558.12
-490236	-270591.66
-516748	-270702.56
-515458	-270867.97
-441750	-271103.6
-325506	-271412.75
-490668	-271725.2
-516677	-272058.22
-515478	-272333.97
-440513	-272529.22
-324119	-272639.53
-490592	-272623.94
-516635	-272566.94
-515345	-272483.7
-439102	-272451.88
-326978	-272549.53
-491395	-272777.97
-516728	-273203.5
-515368	-273760.1
-437320	-274392.12
-323473	-275013.6
-491003	-275470.06
-516615	-275723.3
-515571	-275681.97
-437017	-275368.1
-322339	-274870.5
-490795	-274278.28
-516656	-273814.34
-515427	-273605.72
-435621	-273785.88
-322489	-274401.06
-491059	-275326.7
-516539	-276415.34
-515554	-277322.25
-436119	-277689.38
-322394	-277150.28
-490990	-275338.75
-516544	-272109.5
-515386	-267390.03
-437705	-261345.11
-323871	-254314.42
-490984	-246712.6
-516650	-239120.34
-515579	-232015.88
-436631	-225843.38
-321362	-220901.77
-490462	-217253.36
-516502	-214880.88
-515475	-213525.89
-436897	-212888.56
-321266	-212643.53
-490499	-212447.75
-516649	-212150.33
-515357	-211626.55
-437122	-210924.27
-320994	-210185.23
-490412	-209541.66
-516591	-209222.27
-515427	-209311.81
-437515	-209865.2
-320297	-210846.4
-490196	-212081.72
-516762	-213450.56
-515564	-214734.88
-436650	-215805.9
-321671	-216602.42
-490360	-217083.92
-516708	-217381.5
-515479	-217578.1
-439492	-217815.19
-319785	-218206.3
-489387	-218744.02
-516714	-219452.77
-515561	-220200.03
-439869	-220872.56
-320836	-221369.88
-489612	-221584.0
-516629	-221599.42
-515486	-221515.14
-439016	-221581.34
-319629	-222119.52
-489591	-223405.81
-516675	-225770.86
-515603	-229346.47
-440452	-234161.75
-320389	-240078.44
-489554	-246734.02
-516683	-253747.02
-515507	-260582.53
-439072	-266770.5
-320874	-271928.44
-489887	-275753.28
-516814	-278215.78
-515647	-279364.6
-439030	-279444.3
-321495	-278795.72
-490179	-277731.34
-516701	-276638.75
-515494	-275732.88
-437846	-275173.6
-323705	-275008.72
-490739	-275129.2
-516806	-275462.8
-515644	-275818.28
-436772	-276071.1
-321446	-276141.78
-490429	-275952.66
-516557	-275587.03
-515505	-275081.4
-435491	-274546.1
-320185	-274089.34
-490525	-273731.7
-516619	-273558.1
-515534	-273514.7
-435772	-273564.0
-323152	-273649.2
-490897	-273652.03
-516653	-273572.75
-515532	-273345.7
-436003	-272990.4
-321374	-272555.7
-490650	-272050.1
-516649	-271588.22
-515536	-271183.9
-435712	-270882.3
-321771	-270705.44
-490760	-270591.25
-516616	-270564.53
-515518	-270548.3
-434850	-270521.3
-319401	-270475.2
-490376	-270355.66
-516561	-270228.38
-515527	-270075.72
-435385	-269937.03
-322402	-269847.03
-490852	-269769.97
-516530	-269760.3
-515536	-269763.06
-436568	-269770.1
-323217	-269768.5
-490916	-269686.6
-516714	-269568.3
-515638	-269364.3
-437273	-269130.53
-322354	-268904.84
-490680	-268646.0
-516637	-268438.6
-515615	-268247.72
-437199	-268137.06
-321727	-268123.0
-490426	-268109.75
-516758	-268134.9
-515647	-268122.06
-435571	-268109.97
-319051	-268107.84
-490143	-268028.56
-516675	-267937.94
-515552	-267794.34
-436870	-267673.1
-320196	-267610.6
-490349	-267534.72
-516924	-267510.53
-515671	-267484.47
-435917	-267507.47
-320405	-267589.16
-490306	-267634.44
-516837	-267690.0
-515651	-267694.94
-438699	-267698.03
-318974	-267719.66
-489701	-267679.16
-516927	-267639.6
-515741	-267554.62
-439215	-267483.47
-318023	-267455.97
-489154	-267395.16
-516700	-267364.72
-515778	-267317.0
-443121	-267303.06
-320819	-267344.97
-489284	-267360.47
-516879	-267402.25
-515766	-267414.34
-444207	-267437.16
-322342	-267487.53
-489384	-267483.4
-516877	-267480.38
-515626	-267441.34
-441842	-267401.7
-321262	-267389.88
-489802	-267358.1
-516916	-267373.3
-515842	-267406.3
-441857	-267470.1
-318938	-267576.78
-489180	-267665.0
-516858	-267773.56
-515614	-267847.4
-443216	-267880.28
-325814	-267875.56
-490505	-267782.0
-516927	-267659.1
-515728	-267482.47
-443560	-267282.94
-327726	-267099.38
-491035	-266909.0
-516861	-266786.66
-515721	-266707.47
-437852	-266689.1
-324045	-266741.72
-491121	-266807.44
-516805	-266926.1
-515670	-267042.12
-436781	-267152.1
-330110	-267255.62
-491911	-267300.3
-516794	-267337.97
-515666	-267332.25
-436549	-267300.66
-321498	-267263.44
-490691	-267179.2
-516773	-267108.0
-515651	-267015.56
-436488	-266918.0
-323615	-266833.03
-491137	-266720.03
-516776	-266640.94
-515773	-266566.6
-435096	-266519.38
-318910	-266521.72
-490122	-266533.88
-516733	-266613.2
-515616	-266718.6
-435092	-266856.44
-318052	-267029.3
-489832	-267176.72
-516734	-267339.47
-515674	-267467.72
-437951	-267565.44
-320902	-267644.03
-490106	-267657.75
-516870	-267666.78
-515851	-267639.75
-438528	-267597.1
-321197	-267558.1
-490355	-267479.72
-516804	-267417.16
-515696	-267330.4
-438589	-267229.84
-322446	-267128.8
-490589	-266983.94
-516927	-266856.84
-515883	-266719.88
-438700	-266598.5
-320716	-266521.06
-490092	-266452.56
-516876	-266455.22
-515634	-266491.3
-439233	-266566.12
-323322	-266681.84
-490481	-266775.47
-516841	-266885.78
-515713	-266958.88
-440571	-266996.47
-331411	-267008.88
-491736	-266956.72
-516959	-266906.2
-515793	-266833.6
-439654	-266767.4
-321496	-266737.16
-490189	-266705.9
-517038	-266736.2
-515718	-266790.44
-438624	-266878.22
-318374	-267011.06
-489342	-267136.62
-511908	-267309.25
-513062	-267487.97
-442999	-267681.6
-323872	-267902.7
-490051	-268096.75
-516575	-268307.7
-515598	-268479.8
-440519	-268604.4
-316802	-268677.6
-487196	-268634.44
-453658	-268540.25
-466007	-268352.9
-444858	-268092.8
-320286	-267816.3
-487315	-267520.6
-469659	-267320.44
-483078	-267215.28
-447532	-267240.66
-326621	-267430.12
-490038	-267726.62
-516609	-268153.4
-515377	-268621.56
-442611	-269081.2
-325590	-269486.84
-490711	-269742.22
-516801	-269870.6
-515664	-269827.8
-444372	-269644.3
-330420	-269374.97
-491578	-269030.97
-516788	-268726.03
-515576	-268472.5
-439650	-268316.38
-327279	-268282.62
-491521	-268314.28
-516829	-268434.2
-515742	-268559.38
-436172	-268656.16
-328946	-268697.47
-491623	-268618.06
-516784	-268470.75
-515722	-268236.6
-436071	-267963.97
-321282	-267708.75
-490485	-267464.9
-516684	-267315.56
-515682	-267232.5
-436591	-267216.97
-323026	-267254.28
-491063	-267259.25
-516576	-267247.5
-515542	-267151.03
-436199	-266971.84
-320394	-266735.8
-490270	-266431.6
-516664	-266165.78
-515637	-265955.97
-436279	-265864.53
-323491	-265935.9
-490994	-266129.03
-516724	-266474.62
-515581	-266884.38
-436425	-267305.7
-320887	-267685.5
-490375	-267924.06
-516672	-268046.38
-515583	-268017.34
-437825	-267883.5
-321767	-267715.4
-490167	-267533.1
-516595	-267451.8
-515454	-267470.6
-436152	-267608.53
-320877	-267850.94
-490537	-268095.7
-516617	-268328.34
-515514	-268447.12
-436572	-268425.2
-322151	-268274.94
-490764	-267993.6
-516625	-267718.94
-515572	-267515.06
-437149	-267495.66
-324409	-267746.66
-491276	-268242.1
-516768	-268992.72
-515610	-269850.38
-437462	-270669.94
-323532	-271288.7
-490881	-271504.4
-516685	-271273.03
-515450	-270541.66
-438919	-269409.1
-321151	-268068.2
-490044	-266713.47
-516579	-265662.44
-515427	-265100.66
-438756	-265176.44
-319987	-265914.4
-489819	-267132.3
-512535	-268620.94
-513611	-269980.1
-439043	-270828.12
-319699	-270827.66
-488799	-269686.78
-496471	-267389.7
-505262	-264009.4
-439872	-259860.31
-321347	-255411.31
-487667	-251148.8
-434898	-247683.27
-458669	-245411.42
-441099	-244625.97
-319524	-245440.7
-485217	-247687.66
-364035	-251153.48
-392512	-255337.34
-443712	-259724.23
-321946	-263861.62
-485137	-267311.5
-369529	-269916.22
-401704	-271530.22
-444076	-272209.62
-321262	-272176.44
-485044	-271645.44
-379016	-270982.9
-411952	-270369.44
-446392	-269957.4
-324424	-269842.7
-485622	-269956.3
-404297	-270288.47
-442675	-270656.78
-445821	-270932.66
-325067	-271045.16
-488017	-270905.16
-461649	-270593.1
-476763	-270123.2
-446146	-269589.97
-326754	-269108.1
-489826	-268711.78
-516621	-268498.12
-515543	-268434.8
-450146	-268499.88
-337664	-268651.16
-492103	-268781.78
-517057	-268890.47
-515806	-268905.25
-440901	-268833.66
-327326	-268711.97
-491425	-268536.4
-516777	-268409.75
-515790	-268334.97
-438493	-268348.78
-325321	-268466.2
-491156	-268622.28
-516763	-268838.34
-515846	-269035.16
-436122	-269191.5
-325462	-269299.8
-491504	-269312.88
-516771	-269303.03
-515752	-269258.75
-435009	-269223.62
-324001	-269236.44
-491344	-269263.9
-516611	-269358.84
-515709	-269465.25
-432501	-269571.88
-322525	-269664.3
-491232	-269678.94
-516475	-269668.84
-515687	-269608.9
-431884	-269541.3
-320127	-269514.34
-490850	-269515.8
-516448	-269625.16
-515512	-269810.34
-431567	-270071.88
-319135	-270391.25
-490553	-270680.0
-516527	-270952.62
-515810	-271139.4
-433067	-271240.56
-320695	-271277.62
-490777	-271231.2
-516534	-271196.7
-515599	-271176.84
-433942	-271214.47
-321357	-271332.72
-490595	-271470.94
-516637	-271645.53
-515649	-271771.2
-434426	-271811.9
-322453	-271744.97
-490982	-271514.53
-516594	-271198.75
-515666	-270809.4
-433927	-270427.94
-321537	-270132.4
-490836	-269916.6
-516572	-269833.4
-515635	-269778.16
-433877	-269637.53
-321669	-269242.9
-491071	-268332.72
-516676	-266752.78
-515672	-264294.56
-434140	-260875.5
-322950	-256515.86
-491193	-251290.62
-516484	-245490.2
-515576	-239389.58
-434089	-233388.5
-320143	-227878.02
-490600	-223129.42
-516511	-219450.1
-515546	-216933.83
-433937	-215618.48
-321501	-215412.38
-490868	-216059.14
-516652	-217359.02
-515617	-219004.6
-433915	-220765.1
-317769	-222472.66
-490087	-223979.53
-516545	-225333.73
-515454	-226572.67
-435480	-227848.38
-317436	-229348.9
-489646	-231200.48
-516727	-233602.77
-515697	-236609.47
-436259	-240252.31
-316479	-244487.0
-489422	-249132.39
-516641	-254051.3
-515469	-258976.58
-438549	-263677.53
-314839	-267940.5
-488071	-271526.44
-511274	-274353.44
-510466	-276316.9
-439091	-277433.9
-309672	-277796.94
-482022	-277490.0
-342875	-276780.4
-368030	-275793.53
-444013	-274689.03
-314857	-273654.44
-481994	-272757.2
-340303	-272159.9
-362541	-271819.75
-444604	-271686.88
-315617	-271735.4
-482318	-271841.72
-343911	-272025.06
-364063	-272161.44
-445541	-272183.78
-316124	-272106.8
-482419	-271889.3
-346097	-271651.1
-362923	-271369.2
-446274	-271056.4
-316067	-270777.53
-481946	-270503.75
-345025	-270338.4
-365014	-270217.38
-446291	-270104.6
-316914	-270017.62
-482441	-269892.78
-347986	-269813.66
-363791	-269716.8
-445987	-269578.94
-314566	-269439.8
-481847	-269261.3
-347486	-269152.2
-363584	-269068.44
-446875	-269000.22
-317019	-268994.5
-482155	-269012.88
-347007	-269155.25
-366037	-269360.0
-447671	-269592.06
-316879	-269864.66
-482174	-270102.75
-351772	-270370.03
-369774	-270581.12
-448881	-270694.03
-322022	-270737.22
-483096	-270675.7
-363436	-270628.7
-391871	-270577.06
-450368	-270546.62
-325540	-270602.66
-485742	-270717.53
-426238	-270963.75
-450375	-271260.66
-448450	-271559.0
-323305	-271828.28
-487095	-271972.34
-476939	-272028.97
-488553	-271954.72
-447487	-271791.9
-324456	-271625.06
-488966	-271485.2
-516224	-271501.88
-515082	-271684.12
-447826	-272053.88
-329587	-272585.25
-490489	-273145.25
-516703	-273679.3
-515518	-274029.3
-442269	-274144.62
-323904	-274010.25
-490061	-273601.38
-516656	-273077.94
-515473	-272535.2
-439983	-272185.75
-323833	-272183.2
-490491	-272519.38
-516563	-273233.16
-515348	-274158.84
-439702	-275155.44
-323542	-276012.84
-490340	-276444.22
-516421	-276370.1
-515443	-275720.56
-439578	-274664.0
-326862	-273466.75
-491197	-272389.7
-516520	-271839.94
-515546	-272049.25
-435566	-273188.9
-321117	-275189.8
-490646	-277670.94
-516429	-280169.88
-515336	-281988.1
-435102	-282466.6
-321296	-281024.38
-490388	-277216.56
-516568	-271009.25
-515474	-262612.34
-437014	-252605.72
-322070	-241817.58
-490519	-231139.7
-516606	-221551.2
-515516	-213788.3
-436807	-208365.0
-320004	-205462.83
-490149	-204857.06
-516690	-206133.42
-515628	-208591.28
-435781	-211510.25
-319811	-214230.39
-490006	-216196.52
-516521	-217188.92
-515540	-217147.38
-436557	-216284.08
-318487	-214962.69
-489817	-213544.36
-516511	-212454.31
-515433	-211911.8
-438264	-212028.88
-319369	-212754.61
-489642	-213842.69
-516594	-215070.12
-515512	-216114.25
-439369	-216761.67
-320317	-216907.72
-489662	-216514.48
-516636	-215761.08
-515665	-214814.67
-439109	-213923.84
-318118	-213312.98
-489036	-213072.8
-516603	-213295.47
-515477	-213876.0
-440552	-214679.0
-318882	-215528.88
-488851	-216193.53
-516511	-216591.88
-515392	-216631.95
-442967	-216370.95
-321709	-215962.11
-489338	-215565.78
-516728	-215470.89
-515602	-215861.11
-441617	-216919.42
-322447	-218755.58
-489522	-221330.72
-516812	-224623.98
-515714	-228458.86
-441129	-232675.3
-319052	-237111.38
-489049	-241565.47
-516704	-245974.55
-515591	-250225.92
-442171	-254295.75
-319193	-258190.05
-488896	-261861.31
-516669	-265355.2
-515646	-268606.78
-442921	-271578.7
-322643	-274219.8
-489593	-276411.84
-516726	-278143.8
-515689	-279335.25
-442241	-279989.88
-323550	-280155.78
-490186	-279860.6
-516654	-279262.7
-515567	-278446.25
-442142	-277548.94
-325103	-276697.22
-490371	-275933.9
-516749	-275368.75
-515620	-274981.47
-438239	-274773.62
-320706	-274723.6
-490103	-274736.44
-516629	-274814.34
-515558	-274871.66
-437606	-274884.97
-319880	-274846.62
-489948	-274701.44
-516637	-274507.62
-515541	-274235.16
-437634	-273909.53
-321187	-273558.1
-490117	-273147.56
-516623	-272746.25
-515557	-272327.3
-438302	-271916.6
-321077	-271543.28
-490049	-271177.06
-516684	-270890.28
-515631	-270656.25
-438969	-270493.3
-329174	-270413.56
-491155	-270361.25
-516656	-270374.6
-515615	-270390.06
-437352	-270393.84
-321668	-270376.56
-490555	-270271.2
-516639	-270131.03
-515535	-269900.88
-436331	-269646.6
-319992	-269408.56
-490366	-269121.56
-516631	-268866.72
-515504	-268606.47
-436808	-268405.8
-321914	-268292.3
-490633	-268174.16
-516624	-268104.66
-515491	-268019.84
-437094	-267967.1
-321011	-267965.75
-490250	-267928.78
-516624	-267918.28
-515594	-267885.22
-438105	-267885.28
-322829	-267944.62
-490467	-267971.25
-516559	-268016.75
-515513	-268015.38
-437617	-268007.94
-321796	-268008.22
-490367	-267923.7
-516506	-267816.06
-515539	-267640.84
-438144	-267468.5
-322692	-267346.47
-490684	-267211.28
-516623	-267146.56
-515533	-267114.4
-438118	-267175.53
-323328	-267353.25
-490751	-267547.62
-516490	-267797.2
-515486	-268020.94
-437668	-268242.25
-322218	-268458.5
-490739	-268560.0
-516674	-268595.12
-515543	-268508.6
-438539	-268362.3
-332213	-268198.62
-491918	-267960.4
-516613	-267736.6
-515542	-267505.03
-437984	-267340.12
-324091	-267277.06
-491154	-267240.72
-516626	-267284.56
-515489	-267350.94
-436999	-267459.8
-325124	-267608.1
-491461	-267716.25
-516542	-267833.9
-515464	-267920.0
-436961	-268003.3
-326109	-268108.72
-491943	-268191.66
-516698	-268317.78
-515544	-268450.5
-436624	-268594.25
-325464	-268746.7
-491701	-268837.1
-516509	-268896.53
-515467	-268867.66
-437072	-268751.9
-329309	-268562.88
-492502	-268270.25
-516696	-267957.28
-515612	-267621.66
-433944	-267314.22
-323002	-267079.0
-491587	-266890.03
-516518	-266808.1
-515527	-266785.7
-436060	-266813.2
-326596	-266875.66
-491986	-266899.8
-516539	-266922.28
-515576	-266899.6
-433875	-266855.12
-323824	-266825.12
-491836	-266794.3
-516471	-266849.06
-515516	-266975.0
-434584	-267193.75
-323248	-267506.4
-491346	-267837.06
-516525	-268196.38
-515648	-268494.0
-435107	-268695.22
-328469	-268776.3
-491909	-268679.06
-516606	-268466.97
-515613	-268132.6
-434611	-267736.44
-318753	-267347.5
-490208	-266971.1
-516466	-266703.62
-515402	-266529.9
-436386	-266465.44
-323212	-266507.97
-491045	-266583.88
-516524	-266715.9
-515463	-266834.75
-436345	-266931.97
-321767	-267011.5
-490683	-267030.38
-516544	-267055.53
-515534	-267063.9
-437696	-267081.3
-323996	-267128.56
-491072	-267159.97
-516517	-267223.22
-515504	-267267.8
-437456	-267294.53
-327996	-267309.53
-492134	-267268.44
-516573	-267237.88
-515561	-267195.75
-435157	-267173.88
-322030	-267201.12
-490942	-267238.28
-516485	-267337.6
-515459	-267445.1
-435967	-267550.06
-326065	-267639.16
-491889	-267645.1
-516562	-267615.34
-515452	-267516.53
-435271	-267384.2
-324725	-267266.88
-491796	-267159.4
-516440	-267157.9
-515395	-267250.7
-435225	-267458.06
-322155	-267779.72
-490943	-268132.03
-516454	-268521.97
-515446	-268856.94
-434448	-269100.38
-323993	-269231.3
-491354	-269190.7
-516557	-269046.9
-515397	-268794.7
-436484	-268493.0
-321731	-268206.38
-490512	-267931.66
-516396	-267756.75
-515419	-267655.75
-437373	-267636.0
-323178	-267692.7
-490869	-267752.2
-516497	-267846.9
-515476	-267920.2
-436800	-267976.75
-324905	-268034.12
-491595	-268056.12
-516501	-268112.9
-515356	-268175.8
-436372	-268259.12
-327254	-268366.62
-492282	-268434.3
-516649	-268495.88
-515655	-268492.75
-435269	-268425.66
-324257	-268308.78
-491467	-268110.16
-516381	-267913.12
-515381	-267713.8
-434907	-267558.3
-323537	-267483.16
-491397	-267450.4
-516511	-267507.44
-515451	-267590.4
-434317	-267677.38
-323132	-267745.53
-491371	-267720.72
-516383	-267647.62
-515294	-267495.56
-434992	-267304.78
-322629	-267129.16
-490994	-266966.56
-516499	-266910.8
-515562	-266945.4
-436495	-267081.75
-322900	-267309.56
-490828	-267539.22
-516433	-267773.44
-515367	-267922.88
-437599	-267961.4
-326319	-267886.16
-491282	-267662.9
-516604	-267379.0
-515512	-267048.6
-436541	-266741.94
-319464	-266524.8
-490102	-266384.75
-516469	-266388.47
-515453	-266485.1
-439656	-266654.0
-322016	-266867.16
-489946	-267035.44
-516646	-267182.78
-515637	-267255.75
-439591	-267273.5
-323102	-267275.3
-490352	-267250.0
-516502	-267288.72
-515432	-267379.16
-438365	-267542.1
-322511	-267779.88
-490393	-268015.03
-516525	-268259.5
-515520	-268428.25
-437516	-268496.8
-323842	-268459.7
-490822	-268275.03
-516531	-268026.47
-515524	-267722.0
-437060	-267430.3
-323307	-267218.5
-490785	-267080.3
-516504	-267089.84
-515587	-267201.8
-436372	-267398.8
-323083	-267647.94
-490668	-267850.0
-516501	-268012.0
-515629	-268062.2
-435332	-268000.53
-321441	-267851.4
-490676	-267597.9
-516471	-267338.3
-515603	-267080.25
-435744	-266878.03
-323019	-266772.0
-490963	-266725.66
-516441	-266787.2
-515475	-266895.16
-434429	-267032.75
-325229	-267180.25
-491551	-267267.6
-516673	-267331.88
-515677	-267333.84
-433222	-267297.4
-323259	-267253.1
-491414	-267177.34
-516541	-267146.9
-515588	-267140.12
-432708	-267180.38
-322702	-267280.5
-491159	-267389.62
-516508	-267551.22
-515630	-267713.66
-432998	-267877.12
-320452	-268042.34
-490717	-268153.2
-516384	-268256.2
-515536	-268307.7
-434422	-268318.34
-320791	-268299.3
-490604	-268205.25
-516538	-268095.38
-515516	-267939.7
-433783	-267764.34
-320281	-267598.1
-490598	-267412.34
-516493	-267276.4
-515617	-267166.25
-437924	-267100.78
-324437	-267092.4
-490999	-267087.44
-516673	-267125.1
-515698	-267149.38
-432938	-267158.4
-319754	-267154.0
-490667	-267089.0
-516340	-267025.62
-515447	-266943.16
-435527	-266879.16
-318839	-266871.22
-490008	-266893.6
-516452	-267010.8
-515526	-267181.03
-438557	-267399.94
-322719	-267653.5
-490334	-267860.84
-516592	-268040.97
-515567	-268125.97
-437177	-268112.72
-323727	-268014.66
-490811	-267804.94
-516748	-267568.47
-515646	-267309.38
-436388	-267084.28
-318883	-266945.16
-489866	-266870.22
-516613	-266924.2
-515667	-267058.56
-437694	-267261.66
-320310	-267512.62
-489686	-267727.16
-516514	-267924.94
-515591	-268042.75
-437269	-268082.16
-319210	-268060.6
-489586	-267948.5
-516714	-267826.66
-515736	-267685.94
-439194	-267566.22
-320517	-267503.56
-489618	-267461.84
-516591	-267494.88
-515666	-267555.1
-438324	-267637.56
-319614	-267737.8
-489637	-267790.88
-516559	-267836.8
-515570	-267831.34
-438334	-267787.38
-318934	-267727.47
-489339	-267615.84
-516641	-267519.84
-515638	-267412.9
-438621	-267316.28
-321216	-267249.66
-489754	-267169.66
-516502	-267129.06
-515640	-267088.56
-438031	-267059.97
-318518	-267058.94
-489294	-267041.06
-516695	-267064.6
-515717	-267095.25
-438584	-267147.78
-320383	-267236.94
-489626	-267311.66
-516573	-267418.1
-515622	-267506.53
-438079	-267575.34
-321254	-267625.94
-489787	-267603.06
-516698	-267556.5
-515839	-267450.97
-439327	-267308.06
-320332	-267158.44
-489538	-266975.1
-516656	-266831.8
-515632	-266707.56
-438906	-266624.88
-321746	-266600.78
-490017	-266583.97
-516722	-266616.1
-515771	-266642.06
-438372	-266656.53
-319919	-266660.47
-489492	-266599.9
-516714	-266531.97
-515803	-266430.94
-438312	-266330.78
-321369	-266271.78
-489818	-266235.16
-516679	-266293.94
-515754	-266421.66
-436847	-266627.53
-319079	-266907.9
-489708	-267184.22
-516711	-267471.1
-515883	-267687.53
-436626	-267809.34
-320319	-267825.06
-490341	-267682.0
-516916	-267447.16
-515947	-267113.94
-437297	-266743.8
-321879	-266405.25
-490967	-266107.5
-517468	-265950.1
-516587	-265922.56
-437172	-266044.88
-320741	-266314.44
-490521	-266650.56
-517178	-267058.75
-516342	-267446.9
-436547	-267777.6
-321817	-268026.84
-490806	-268127.3
-517083	-268131.97
-516240	-268019.7
-435650	-267833.25
-321516	-267623.28
-490594	-267380.75
-516897	-267190.94
-516056	-267034.88
-435936	-266933.34
-320312	-266896.1
-490197	-266862.97
-516741	-266874.38
-515971	-266876.06
-435469	-266872.7
-321656	-266875.16
-490589	-266842.97
-516686	-266842.28
-515834	-266847.44
-434679	-266881.3
-319890	-266962.2
-490221	-267038.28
-516692	-267154.16
-515890	-267254.62
-435420	-267334.06
-321516	-267390.38
-490241	-267367.66
-516672	-267321.2
-515857	-267222.25
-434904	-267102.22
-318784	-266998.38
-489862	-266886.53
-516691	-266840.53
-515803	-266832.2
-434594	-266874.62
-319136	-266971.56
-490014	-267058.25
-516552	-267167.12
-515817	-267239.88
-434684	-267274.75
-320027	-267278.4
-490210	-267208.34
-516639	-267131.62
-515879	-267029.66
-435172	-266937.06
-320952	-266885.62
-490391	-266843.25
-516592	-266870.25
-515714	-266924.72
-434527	-267009.97
-321599	-267124.78
-490612	-267208.34
-516719	-267303.34
-515834	-267364.22
-433396	-267403.88
-320371	-267438.7
-490069	-267432.28
-516576	-267446.84
-515868	-267451.78
-435469	-267464.3
-320290	-267497.75
-490039	-267503.25
-516639	-267529.03
-515752	-267530.7
-433986	-267519.2
-319514	-267507.16
-490210	-267453.94
-516679	-267420.84
-515933	-267378.28
-434562	-267347.3
-318979	-267344.66
-489907	-267323.88
-516680	-267334.7
-515889	-267328.4
-434673	-267307.94
-320659	-267278.34
-490284	-267189.72
-516709	-267100.38
-515864	-266981.9
-433418	-266865.1
-318172	-266783.12
-489703	-266709.38
-516646	-266714.53
-515833	-266767.3
-434807	-266879.5
-319617	-267053.72
-490179	-267224.53
-516702	-267424.03
-515850	-267592.16
-435088	-267723.56
-320335	-267820.53
-490221	-267835.84
-516691	-267831.28
-515871	-267780.75
-435006	-267714.25
-319121	-267661.97
-490039	-267589.53
-516702	-267560.34
-515852	-267536.5
-435483	-267526.1
-320737	-267535.34
-490106	-267509.03
-516639	-267495.6
-515842	-267453.9
-437219	-267398.4
-329586	-267346.44
-490782	-267262.2
-516701	-267208.2
-515857	-267153.2
-436766	-267113.4
-320842	-267103.06
-489894	-267072.38
-516754	-267071.7
-515915	-267056.3
-435498	-267035.44
-320190	-267021.84
-490264	-266970.7
-516724	-266943.53
-515849	-266908.44
-435219	-266884.6
-318143	-266890.78
-489463	-266879.97
-516651	-266905.4
-515864	-266921.75
-437933	-266932.4
-321289	-266943.16
-489695	-266899.62
-516778	-266856.1
-515950	-266775.22
-437254	-266676.62
-317248	-266586.25
-488514	-266468.84
-516679	-266393.2
-515884	-266331.88
-436916	-266304.84
-318945	-266329.34
-489311	-266356.72
-516711	-266437.75
-515952	-266526.72
-437290	-266627.12
-318894	-266745.28
-489265	-266826.3
-516642	-266920.3
-515782	-266984.8
-437791	-267030.16
-320508	-267069.6
-489575	-267056.06
-516811	-267047.84
-515971	-267008.66
-437313	-266955.88
-321833	-266909.53
-490069	-266830.3
-516744	-266782.53
-515896	-266735.12
-437972	-266706.03
-327469	-266710.88
-490247	-266704.44
-516818	-266735.9
-515882	-266759.25
-437257	-266777.22
-320462	-266795.1
-489602	-266758.66
-516768	-266722.56
-515911	-266652.12
-437056	-266569.62
-319309	-266504.1
-489570	-266422.94
-516783	-266396.25
-515931	-266394.9
-436787	-266434.16
-320499	-266522.12
-489859	-266597.3
-516702	-266697.34
-515902	-266762.44
-436139	-266787.28
-320913	-266774.28
-489953	-266675.78
-516703	-266557.38
-515919	-266401.72
-436016	-266248.84
-318834	-266142.72
-489391	-266062.62
-516718	-266082.44
-515922	-266167.56
-436795	-266322.0
-321071	-266536.4
-489772	-266732.84
-516682	-266930.7
-515878	-267059.0
-434857	-267108.53
-317627	-267084.53
-489349	-266948.28
-516662	-266780.4
-515869	-266579.62
-435891	-266403.16
-318983	-266308.16
-489495	-266282.2
-516660	-266401.25
-515904	-266629.16
-434524	-266961.88
-319314	-267379.7
-489898	-267791.56
-516557	-268203.84
-515731	-268531.97
-434981	-268752.8
-321294	-268857.0
-490162	-268793.8
-516739	-268629.7
-515859	-268351.22
-435500	-268006.53
-320675	-267648.22
-489889	-267267.78
-516646	-266953.16
-515866	-266690.03
-434757	-266505.66
-317657	-266418.38
-489376	-266377.62
-516574	-266427.84
-515816	-266515.62
-436281	-266637.6
-320443	-266789.34
-490014	-266908.72
-516757	-267036.0
-515860	-267119.94
-436359	-267164.2
-321612	-267176.34
-490269	-267110.9
-516609	-267027.62
-515751	-266898.16
-436692	-266751.03
-319984	-266618.25
-489747	-266474.1
-516716	-266392.34
-515729	-266347.7
-436066	-266360.2
-319818	-266441.75
-489677	-266536.75
-516644	-266683.84
-515794	-266822.88
-435971	-266946.72
-319501	-267052.06
-489749	-267084.12
-516699	-267099.5
-515906	-267071.53
-436028	-267033.84
-319684	-267026.9
-489611	-267029.66
-516666	-267118.6
-515837	-267266.1
-436038	-267482.44
-319325	-267764.5
-489762	-268037.8
-516694	-268320.16
-515889	-268534.16
-436019	-268659.47
-320336	-268686.66
-489807	-268563.22
-516616	-268354.72
-515850	-268049.12
-436574	-267698.9
-320344	-267363.22
-489804	-267039.56
-516721	-266819.34
-515934	-266685.5
-436051	-266656.0
-318271	-266732.66
-489456	-266843.2
-516660	-267008.88
-515766	-267154.53
-435433	-267263.44
-318110	-267328.9
-489464	-267297.75
-516752	-267233.6
-515924	-267116.6
-437539	-266985.53
-321740	-266881.06
-490141	-266780.72
-516601	-266754.03
-515648	-266764.1
-438362	-266815.03
-322154	-266903.62
-489890	-266961.72
-516688	-267024.12
-515841	-267034.97
-436631	-266999.03
-325447	-266931.3
-491187	-266798.22
-516706	-266673.3
-515924	-266538.1
-436476	-266424.0
-324324	-266357.2
-490790	-266298.2
-516744	-266300.44
-515820	-266317.06
-435031	-266349.4
-320487	-266399.7
-490010	-266414.03
-516785	-266445.8
-515934	-266460.5
-433982	-266479.84
-318292	-266528.7
-489862	-266569.84
-516565	-266663.66
-515834	-266769.2
-438081	-266888.0
-327997	-267016.38
-491456	-267090.38
-516642	-267143.4
-515956	-267125.0
-435347	-267044.2
-322298	-266921.03
-490539	-266727.66
-516790	-266546.47
-515914	-266370.44
-434497	-266243.1
-318903	-266202.03
-489725	-266213.78
-516632	-266334.28
-515859	-266511.12
-433612	-266734.12
-319107	-266986.0
-489892	-267189.0
-516627	-267372.6
-515897	-267479.25
-435739	-267514.8
-318890	-267497.66
-489824	-267395.75
-516524	-267284.88
-515794	-267149.9
-437985	-267023.88
-325757	-266935.38
-491194	-266847.2
-516718	-266817.0
-515842	-266800.38
-436424	-266801.62
-324131	-266823.34
-490964	-266812.56
-516731	-266819.97
-515908	-266805.94
-434153	-266787.34
-318124	-266781.38
-489715	-266747.06
-516669	-266745.38
-515800	-266738.88
-435518	-266740.56
-322304	-266760.94
-490579	-266750.72
-516518	-266762.72
-515824	-266757.8
-439382	-266749.6
-324413	-266756.7
-490541	-266739.2
-516776	-266759.62
-515964	-266784.5
-435694	-266829.75
-323512	-266905.2
-490736	-266958.56
-516750	-267033.0
-515953	-267077.38
-432730	-267092.3
-319594	-267079.94
-490497	-266988.66
-516484	-266876.66
-515869	-266715.84
-438412	-266536.75
-329176	-266375.2
-492186	-266213.22
-516779	-266131.12
-515903	-266109.0
-435882	-266170.28
-326694	-266326.1
-491382	-266519.78
-516715	-266784.8
-515886	-267054.4
-433411	-267311.84
-319486	-267542.94
-490242	-267682.62
-516639	-267778.84
-515822	-267798.84
-434071	-267772.9
-320441	-267741.56
-490377	-267687.72
-516533	-267695.03
-515819	-267742.62
-434829	-267848.2
-322694	-268013.4
-490942	-268166.2
-516664	-268324.84
-515832	-268409.94
-437632	-268397.12
-328537	-268273.88
-491975	-267991.06
-516784	-267622.44
-515931	-267168.44
-433902	-266699.34
-319749	-266293.84
-490247	-265969.25
-516641	-265832.9
-515816	-265874.72
-435074	-266108.28
-318737	-266518.78
-489834	-267006.47
-516732	-267556.97
-515948	-268056.16
-434466	-268447.94
-320416	-268695.2
-490147	-268726.5
-516634	-268599.5
-515894	-268305.06
-435353	-267904.8
-321697	-267470.4
-490582	-267014.7
-516692	-266641.4
-515871	-266343.38
-436089	-266144.88
-320920	-266052.72
-490049	-266000.38
-516652	-266017.56
-515800	-266040.25
-435071	-266064.44
-319623	-266099.28
-490211	-266106.34
-516727	-266159.72
-515762	-266243.38
-436064	-266391.44
-317966	-266630.4
-489438	-266912.44
-516523	-267276.22
-515599	-267653.06
-436185	-268014.5
-311157	-268331.66
-487383	-268513.8
-516620	-268585.8
-515661	-268494.25
-440356	-268255.38
-317359	-267909.72
-488709	-267450.94
-516610	-266987.94
-515616	-266541.3
-443208	-266178.44
-318746	-265963.03
-488397	-265879.06
-515742	-265994.47
-515117	-266260.5
-444236	-266657.62
-321791	-267153.94
-488549	-267644.44
-500957	-268123.84
-508245	-268490.7
-444900	-268706.66
-320292	-268760.25
-488236	-268599.72
-507254	-268302.8
-511354	-267872.78
-445086	-267382.75
-321790	-266921.53
-487481	-266515.7
-480149	-266290.03
-497477	-266239.56
-445633	-266386.25
-320761	-266734.38
-486641	-267195.16
-466342	-267774.03
-491127	-268347.25
-447425	-268849.16
-329359	-269234.28
-490780	-269415.28
-516872	-269429.84
-515636	-269247.84
-444298	-268910.78
-326870	-268481.25
-490526	-267968.47
-516910	-267481.34
-515709	-267025.66
-442250	-266644.94
-319524	-266373.2
-488725	-266169.53
-516875	-266086.03
-515781	-266078.16
-441389	-266149.97
-318319	-266311.7
-488672	-266511.94
-516804	-266800.72
-515739	-267131.44
-440415	-267500.4
-316761	-267900.06
-487994	-268250.7
-505051	-268572.2
-510446	-268786.4
-446530	-268872.78
-323021	-268831.6
-488916	-268616.62
-516706	-268302.03
-515760	-267888.28
-443987	-267435.28
-317400	-267015.28
-487522	-266630.06
-506602	-266373.8
-510659	-266224.34
-448367	-266190.28
-319381	-266271.4
-487334	-266391.47
-516349	-266570.6
-515364	-266740.34
-447969	-266887.84
-320576	-267022.34
-486912	-267099.7
-494436	-267187.66
-502459	-267257.44
-447514	-267325.8
-318094	-267413.44
-486510	-267465.6
-489452	-267529.56
-499946	-267545.8
-448206	-267510.22
-318474	-267440.06
-486668	-267298.38
-504526	-267164.6
-510084	-267025.75
-448907	-266918.3
-321157	-266879.78
-487719	-266865.53
-515306	-266913.2
-515049	-266948.97
-450649	-266937.22
-320370	-266854.94
-487072	-266628.47
-517134	-266315.28
-516057	-265912.5
-449207	-265498.06
-319697	-265181.03
-487029	-265008.66
-516781	-265111.28
-515859	-265488.53
-449185	-266134.62
-320539	-266993.6
-487722	-267893.72
-517127	-268734.22
-516045	-269324.06
-453312	-269550.97
-331124	-269371.16
-489462	-268759.0
-517104	-267867.7
-516179	-266820.75
-446047	-265823.12
-327314	-265077.38
-490197	-264674.44
-516962	-264719.47
-515999	-265123.56
-441657	-265748.66
-323286	-266386.78
-489896	-266739.34
-516757	-266631.75
-515897	-265873.38
-438437	-264439.5
-324112	-262441.47
-490272	-260058.6
-516903	-257665.02
-516071	-255582.64
-436726	-254163.19
-319088	-253674.62
-489552	-254196.53
-516694	-255754.66
-515945	-258131.33
-435910	-261043.86
-318349	-264143.9
-489479	-267019.78
-516659	-269415.3
-515821	-271087.03
-435733	-271969.62
-319604	-272124.9
-489871	-271659.0
-516659	-270840.25
-515941	-269861.6
-435715	-268937.16
-318449	-268217.78
-489473	-267717.84
-516646	-267479.12
-515908	-267393.56
-435652	-267380.9
-320541	-267365.56
-490009	-267244.0
-516671	-267056.28
-515818	-266792.03
-435520	-266523.1
-320622	-266330.97
-490057	-266226.44
-516715	-266291.4
-516012	-266476.22
-435051	-266749.16
-323569	-267055.22
-491024	-267279.53
-516684	-267423.34
-515913	-267428.88
-432390	-267328.75
-320821	-267184.75
-490679	-267019.44
-516550	-266953.66
-515882	-266986.1
-432578	-267129.88
-320050	-267349.03
-490364	-267508.62
-516629	-267553.1
-515963	-267335.38
-433660	-266790.16
-331114	-265902.78
-492102	-264672.56
-516655	-263261.97
-515906	-261790.98
-432509	-260458.53
-320138	-259456.77
-490619	-258882.66
-516639	-258872.38
-516017	-259394.97
-432971	-260397.78
-321049	-261768.23
-490676	-263298.7
-516579	-264876.16
-515752	-266312.22
-431429	-267511.2
-320888	-268425.22
-491261	-269000.28
-516578	-269325.6
-515904	-269422.56
-432614	-269375.38
-320481	-269263.28
-490724	-269092.5
-516584	-268955.06
-515921	-268832.5
-432585	-268750.44
-322417	-268730.22
-491171	-268737.8
-516653	-268847.25
-515922	-269035.9
-431797	-269329.03
-319811	-269739.28
-490467	-270201.0
-516512	-270733.06
-515886	-271241.0
-430998	-271673.16
-321023	-271978.66
-490989	-272060.1
-516481	-271950.8
-515769	-271619.78
-431107	-271119.97
-320351	-270528.34
-490943	-269874.25
-516557	-269291.84
-515816	-268804.4
-431137	-268466.22
-321526	-268293.94
-491386	-268212.84
-516547	-268233.16
-515838	-268258.9
-433020	-268251.12
-333497	-268179.2
-492686	-267979.06
-516559	-267715.25
-515943	-267374.44
-430632	-267023.97
-319784	-266719.06
-490715	-266445.03
-516656	-266284.25
-515879	-266199.62
-429693	-266207.06
-320751	-266290.3
-491053	-266363.25
-516506	-266453.53
-515824	-266504.47
-429884	-266523.2
-321273	-266527.56
-491396	-266482.62
-516531	-266461.8
-515861	-266442.38
-430369	-266447.6
-320892	-266489.88
-491344	-266513.94
-516671	-266566.38
-515847	-266597.5
-430157	-266616.44
-321799	-266637.9
-491384	-266626.22
-516516	-266656.56
-515774	-266707.88
-429905	-266806.62
-318927	-266966.25
-490786	-267126.1
-516677	-267317.2
-515974	-267462.75
-431174	-267542.34
-320879	-267536.7
-490819	-267381.53
-516511	-267141.97
-515863	-266812.53
-431273	-266459.6
-319411	-266160.4
-490783	-265929.72
-516559	-265877.06
-515792	-265989.88
-431774	-266280.62
-319325	-266726.94
-490587	-267215.12
-516611	-267728.16
-515880	-268150.1
-431336	-268430.12
-322226	-268541.66
-491202	-268427.56
-516647	-268171.06
-515936	-267782.5
-432036	-267347.0
-319397	-266945.6
-490541	-266581.7
-516721	-266351.34
-515951	-266225.06
-431966	-266211.75
-321171	-266292.97
-490986	-266375.53
-516606	-266481.0
-515945	-266543.62
-432519	-266569.2
-321562	-266575.72
-491155	-266529.97
-516671	-266514.4
-515968	-266513.16
-432169	-266552.84
-323191	-266646.1
-491517	-266728.53
-516704	-266835.6
-515946	-266903.25
-430431	-266923.6
-323021	-266898.34
-491862	-266781.62
-516741	-266651.38
-516031	-266497.9
-430961	-266366.28
-321719	-266295.0
-491204	-266248.28
-516631	-266282.16
-515962	-266339.88
-430557	-266406.7
-323806	-266462.97
-491749	-266434.72
-516720	-266368.8
-515994	-266240.94
-429357	-266096.97
-321096	-265996.62
-491588	-265943.62
-516728	-266039.75
-515980	-266274.62
-430213	-266662.9
-323272	-267183.8
-491900	-267733.2
-516789	-268289.25
-515987	-268732.56
-428171	-269006.7
-322806	-269075.0
-492011	-268878.62
-516742	-268495.8
-515972	-267945.06
-430606	-267318.66
-320902	-266715.5
-491321	-266168.94
-516703	-265795.06
-516147	-265586.22
-429681	-265554.84
-322823	-265682.94
-492137	-265875.94
-516874	-266133.56
-516032	-266363.4
-430289	-266539.88
-321509	-266654.22
-491621	-266660.6
-516742	-266631.7
-516119	-266554.72
-432242	-266472.28
-323353	-266418.9
-491769	-266361.9
-516895	-266359.1
-516057	-266362.9
-432299	-266372.03
-324780	-266383.9
-492291	-266344.1
-516872	-266306.7
-516007	-266239.7
-431527	-266171.06
-321859	-266129.9
-491673	-266084.94
-516914	-266101.44
-516049	-266140.38
-430184	-266207.78
-322297	-266298.84
-491937	-266351.1
-516917	-266402.8
-515977	-266406.12
-432069	-266374.75
-321996	-266328.84
-491529	-266241.38
-516873	-266187.6
-515914	-266148.72
-433709	-266153.1
-323121	-266218.12
-491582	-266295.25
-517005	-266425.97
-516014	-266551.44
-432269	-266664.38
-322832	-266758.06
-491635	-266777.34
-516879	-266771.97
-516084	-266712.22
-433276	-266627.72
-321155	-266551.34
-491046	-266458.0
-516936	-266420.88
-516070	-266411.88
-434053	-266448.75
-323893	-266539.8
-491793	-266631.06
-516987	-266764.3
-515993	-266886.78
-434197	-266999.75
-322380	-267105.38
-491122	-267154.28
-516912	-267199.72
-516127	-267204.12
-433800	-267185.53
-324624	-267161.44
-491929	-267094.44
-516848	-267045.88
-516079	-266983.53
-434082	-266927.78
-325641	-266895.22
-492507	-266846.72
-516899	-266839.2
-516031	-266834.3
-433834	-266842.8
-325144	-266870.88
-492054	-266868.16
-516842	-266882.44
-516133	-266868.06
-432304	-266836.25
-324519	-266798.8
-492154	-266717.25
-516835	-266655.9
-516024	-266587.12
-431279	-266536.25
-321236	-266524.25
-491419	-266510.84
-516921	-266549.4
-516124	-266593.84
-431971	-266647.12
-324664	-266706.53
-492089	-266717.12
-516921	-266725.72
-516086	-266691.03
-430348	-266632.97
-323994	-266573.16
-492219	-266483.72
-516842	-266430.84
-516087	-266391.38
-430951	-266387.06
-324533	-266428.4
-492374	-266465.4
-516761	-266540.75
-516019	-266601.78
-429952	-266649.97
-325241	-266687.22
-492789	-266670.6
-516897	-266661.38
-516014	-266633.9
-429866	-266620.5
-323176	-266647.72
-492172	-266686.4
-516790	-266795.78
-515987	-266934.12
-430469	-267103.56
-324226	-267295.4
-492132	-267443.6
-516845	-267580.94
-516059	-267650.34
-429423	-267657.72
-320291	-267613.38
-491746	-267482.38
-516863	-267334.53
-515954	-267151.97
-429897	-266971.22
-318782	-266822.56
-491129	-266676.06
-516837	-266595.97
-516054	-266546.12
-429536	-266539.8
-317124	-266584.4
-490972	-266628.25
-516754	-266720.3
-515853	-266815.06
-434363	-266920.6
-318779	-267043.97
-490410	-267133.3
-516864	-267236.47
-516000	-267306.78
-437075	-267350.12
-322704	-267373.84
-490949	-267332.97
-517032	-267284.97
-516024	-267199.62
-437080	-267102.78
-321492	-267023.47
-490755	-266933.56
-516832	-266901.44
-515891	-266897.38
-438491	-266936.9
-322749	-267028.62
-491041	-267116.84
-517091	-267241.94
-516068	-267348.44
-438039	-267435.06
-326769	-267504.16
-492392	-267510.22
-517045	-267511.25
-516108	-267478.94
-438099	-267439.75
-328736	-267420.56
-492712	-267391.88
-517241	-267417.0
-516187	-267461.56
-435790	-267537.03
-328217	-267648.84
-492712	-267745.03
-517147	-267869.16
-516173	-267972.4
-433768	-268060.47
-327307	-268137.8
-492782	-268158.22
-516951	-268173.12
-516149	-268142.4
-431734	-268081.0
-326122	-268000.12
-492732	-267859.84
-516928	-267719.0
-516060	-267546.25
-428955	-267366.56
-325914	-267202.22
-493139	-267025.3
-516847	-266903.12
-516086	-266807.8
-427786	-266761.97
-324408	-266775.78
-492883	-266801.6
-516867	-266882.88
-515972	-266967.16
-427326	-267054.38
-326747	-267139.56
-493467	-267172.47
-516816	-267203.28
-516047	-267195.78
-427181	-267173.53
-326778	-267155.12
-493359	-267110.97
-516888	-267103.16
-516097	-267097.6
-428174	-267110.66
-326427	-267146.2
-493259	-267154.56
-516924	-267182.7
-516071	-267183.62
-426928	-267169.12
-324716	-267148.22
-493202	-267082.97
-516906	-267035.12
-516051	-266973.78
-426334	-266923.47
-321399	-266897.6
-492379	-266853.97
-516951	-266843.72
-516129	-266820.62
-428942	-266791.97
-323927	-266758.66
-492714	-266671.16
-517037	-266581.47
-516116	-266452.38
-430023	-266303.78
-322530	-266154.62
-492296	-265970.1
-516962	-265814.0
-516121	-265655.16
-431336	-265515.25
-323496	-265410.78
-492215	-265302.9
-517104	-265251.78
-516173	-265224.4
-430770	-265243.22
-322642	-265325.78
-492466	-265434.75
-517001	-265627.06
-516078	-265861.22
-431907	-266142.75
-322885	-266467.75
-492177	-266772.75
-517076	-267088.25
-516193	-267352.28
-432348	-267561.03
-326012	-267713.03
-492842	-267762.84
-517192	-267773.53
-516278	-267723.25
-431212	-267651.47
-324835	-267595.3
-492447	-267537.6
-517056	-267553.16
-516211	-267615.47
-431704	-267742.62
-328192	-267938.7
-493497	-268147.0
-517126	-268404.88
-516211	-268653.3
-429029	-268888.9
-325806	-269106.7
-493370	-269253.3
-517014	-269379.2
-516179	-269444.88
-427483	-269469.44
-325456	-269467.25
-493509	-269400.62
-517086	-269330.12
-516194	-269223.03
-427432	-269100.34
-325707	-268976.9
-493549	-268815.6
-517041	-268677.38
-516130	-268529.1
-427610	-268391.4
-325184	-268276.16
-493476	-268140.53
-517047	-268036.84
-516097	-267922.3
-427529	-267808.16
-328592	-267698.22
-494132	-267548.2
-516982	-267413.2
-516087	-267259.6
-425989	-267111.06
-325779	-266986.0
-493935	-266852.2
-516962	-266772.53
-516146	-266713.03
-426927	-266691.06
-326114	-266711.34
-493601	-266724.94
-516879	-266777.97
-516061	-266823.84
-426745	-266871.84
-327918	-266927.6
-494110	-266950.75
-517003	-266998.62
-516189	-267037.2
-426270	-267085.97
-326560	-267153.34
-493571	-267193.3
-516959	-267250.94
-516099	-267275.62
-426014	-267271.12
-326558	-267234.75
-493719	-267119.6
-516996	-266981.2
-516129	-266790.3
-426314	-266580.75
-324690	-266382.75
-493566	-266178.25
-516978	-266041.53
-516114	-265949.0
-426438	-265924.34
-323090	-265974.9
-492926	-266047.94
-516849	-266182.2
-516210	-266320.6
-428473	-266461.5
-324957	-266601.53
-493369	-266690.94
-517056	-266781.25
-516194	-266836.88
-427932	-266879.78
-323577	-266924.7
-492897	-266934.06
-516967	-266963.84
-516187	-266973.88
-428692	-266977.4
-325080	-266981.7
-493037	-266944.16
-517086	-266923.94
-516196	-266889.03
-428061	-266865.1
-322404	-266873.3
-492732	-266880.44
-516979	-266947.6
-516221	-267034.53
-429531	-267150.25
-325025	-267292.62
-493204	-267403.0
-517054	-267523.28
-516066	-267603.6
-429087	-267654.34
-328017	-267688.38
-493829	-267671.78
-516881	-267674.22
-516121	-267673.03
-429471	-267695.72
-336367	-267755.84
-494747	-267809.8
-517026	-267903.7
-516188	-267981.8
-427531	-268040.66
-327985	-268072.0
-493921	-268020.47
-516967	-267939.34
-516149	-267797.16
-426535	-267624.9
-325202	-267454.03
-493469	-267262.88
-516915	-267125.53
-516096	-267017.12
-427075	-266957.62
-326137	-266951.9
-493535	-266944.6
-517004	-266975.8
-516157	-266994.53
-426824	-267008.4
-327083	-267023.66
-494077	-267002.3
-516997	-267008.62
-516116	-267016.1
-426247	-267051.2
-325081	-267127.2
-493507	-267198.25
-516907	-267307.38
-516131	-267399.0
-426461	-267471.1
-328271	-267514.38
-494412	-267477.03
-517072	-267412.06
-516179	-267290.7
-426184	-267148.2
-326436	-267017.44
-493806	-266883.9
-516947	-266821.94
-516162	-266805.5
-426562	-266853.22
-327849	-266962.9
-494109	-267075.12
-516935	-267218.38
-516117	-267328.94
-424905	-267403.97
-326883	-267439.3
-494256	-267393.94
-516889	-267330.25
-516151	-267226.1
-426734	-267118.78
-337087	-267032.5
-495197	-266944.88
-517012	-266913.44
-516202	-266897.53
-424830	-266903.6
-327966	-266924.53
-494300	-266904.94
-516914	-266884.66
-516070	-266820.0
-424292	-266729.88
-326219	-266631.47
-493897	-266500.12
-516851	-266408.34
-516014	-266334.5
-424176	-266308.88
-327518	-266344.62
-494282	-266399.72
-516911	-266517.47
-516096	-266642.3
-423036	-266772.53
-327137	-266896.9
-494447	-266959.53
-516872	-267007.16
-516027	-266999.1
-423347	-266960.06
-326204	-266909.03
-494205	-266819.72
-516946	-266762.56
-516132	-266710.12
-423833	-266686.78
-329273	-266700.38
-494717	-266705.5
-516887	-266746.47
-516095	-266773.6
-422757	-266794.2
-326132	-266809.5
-494263	-266779.16
-516929	-266765.84
-516088	-266746.22
-423186	-266758.34
-328227	-266830.94
-494624	-266941.97
-516923	-267158.16
-516024	-267441.34
-422754	-267796.06
-329675	-268203.75
-495056	-268587.22
-516800	-268958.7
-516036	-269236.8
-421227	-269403.44
-331473	-269440.3
-495334	-269300.22
-516934	-269047.97
-516017	-268673.34
-423569	-268234.8
-331461	-267787.44
-495274	-267340.38
-516894	-266988.94
-516049	-266724.56
-423266	-266578.3
-329481	-266553.44
-495034	-266592.72
-516919	-266721.2
-516016	-266867.4
-423339	-267017.16
-330381	-267150.53
-495052	-267212.16
-516887	-267249.16
-516059	-267225.75
-423122	-267170.9
-329454	-267105.47
-495066	-267006.22
-516964	-266939.5
-516051	-266877.97
-423459	-266845.03
-330667	-266849.78
-495354	-266854.1
-516897	-266909.28
-516082	-266973.66
-423588	-267060.38
-331111	-267169.44
-495472	-267253.53
-516916	-267353.3
-515969	-267417.66
-423297	-267450.94
-330177	-267448.1
-495291	-267365.75
-516947	-267259.88
-516109	-267105.62
-423046	-266945.2
-331112	-266815.4
-495183	-266713.25
-516892	-266723.66
-516017	-266829.22
-420174	-267055.53
-328329	-267394.5
-495132	-267775.22
-516780	-268201.62
-515896	-268577.47
-423567	-268863.34
-334959	-269016.72
-495963	-268972.5
-517073	-268779.88
-516051	-268423.44
-422363	-267966.9
-332259	-267477.28
-495812	-266983.75
-516904	-266598.9
-515957	-266327.84
-421571	-266208.97
-330714	-266240.8
-495747	-266354.97
-517017	-266557.97
-516016	-266756.84
-421777	-266920.22
-331949	-267016.53
-495875	-266991.16
-516944	-266903.72
-516022	-266740.22
-422569	-266556.44
-330061	-266401.34
-495177	-266273.2
-516892	-266248.88
-516173	-266297.4
-422714	-266424.94
-330753	-266610.0
-495497	-266778.7
-516990	-266947.84
-516045	-267048.38
-421451	-267080.94
-331574	-267049.0
-495877	-266927.2
-516904	-266793.72
-516052	-266640.3
-419629	-266515.4
-328439	-266446.53
-495512	-266406.7
-516844	-266449.78
-516016	-266526.3
-424093	-266635.5
-335656	-266762.47
-496469	-266851.03
-516911	-266943.25
-515936	-266997.2
-422759	-267034.1
-332619	-267069.06
-496047	-267076.38
-516979	-267119.44
-516145	-267166.8
-424332	-267237.6
-337705	-267331.28
-496407	-267403.84
-517017	-267492.62
-516145	-267551.16
-422819	-267589.94
-333059	-267610.7
-496130	-267576.75
-517037	-267545.5
-516128	-267485.53
-422646	-267422.9
-332037	-267369.78
-496086	-267293.22
-517001	-267249.56
-516077	-267202.0
-422631	-267169.38
-332753	-267158.47
-496179	-267133.66
-517099	-267150.0
-516132	-267169.84
-422317	-267211.0
-329182	-267276.8
-495429	-267322.7
-516967	-267393.53
-516052	-267441.72
-423131	-267477.72
-330251	-267503.3
-495646	-267480.9
-517079	-267469.3
-516144	-267440.72
-422026	-267424.75
-328627	-267438.12
-495657	-267448.66
-516984	-267505.84
-515999	-267561.78
-423119	-267615.44
-328080	-267652.66
-495349	-267612.88
-517067	-267535.4
-516151	-267378.72
-424657	-267172.75
-329797	-266949.47
-495377	-266708.2
-517056	-266541.88
-515944	-266450.47
-423687	-266477.53
-326759	-266638.44
-494777	-266880.47
-517046	-267222.9
-515992	-267578.94
-423922	-267911.94
-329200	-268177.66
-494949	-268301.4
-516977	-268316.16
-515824	-268192.56
-425980	-267976.8
-326086	-267721.5
-494350	-267437.97
-516966	-267224.53
-516032	-267076.22
-428411	-267023.66
-329156	-267067.62
-494902	-267145.66
-517069	-267274.3
-516027	-267378.06
-429532	-267443.28
-330807	-267461.44
-495079	-267395.84
-517017	-267314.78
-515887	-267207.16
-430892	-267119.47
-331033	-267084.84
-495124	-267078.3
-517101	-267148.12
-516115	-267237.34
-430569	-267332.7
-332101	-267408.78
-495208	-267401.34
-517146	-267346.28
-515969	-267207.06
-426056	-267021.44
-329681	-266830.0
-495392	-266636.78
-516985	-266532.44
-515916	-266508.72
-427222	-266594.6
-331685	-266790.47
-495824	-267035.34
-517100	-267344.44
-516054	-267639.3
-426516	-267900.84
-331877	-268111.56
-495808	-268226.3
-517055	-268303.53
-516059	-268325.2
-425994	-268333.97
-329430	-268361.1
-495389	-268385.9
-517037	-268462.44
-516069	-268544.2
-425374	-268628.9
-332012	-268697.5
-495609	-268691.94
-517071	-268647.06
-516099	-268522.94
-425761	-268348.88
-327146	-268155.06
-494975	-267932.94
-517076	-267762.53
-516094	-267628.56
-427601	-267559.47
-327834	-267559.97
-494844	-267576.97
-517151	-267637.9
-516091	-267678.12
-426890	-267692.16
-328291	-267673.75
-495054	-267582.6
-517139	-267478.6
-516167	-267341.75
-428959	-267209.84
-327061	-267111.1
-494534	-267020.34
-517189	-266991.66
-516225	-266981.62
-428306	-266993.34
-328027	-267017.8
-494816	-267002.12
-517367	-266987.4
-516333	-266934.22
-428537	-266867.2
-328443	-266809.47
-495138	-266739.56
-517530	-266723.9
-516669	-266734.3
-428456	-266788.88
-329782	-266886.75
-495736	-266974.62
-517912	-267082.84
-516899	-267153.8
-426824	-267190.1
-330857	-267191.1
-496366	-267121.56
-517944	-267041.97
-516904	-266930.66
-427069	-266822.62
-332722	-266740.25
-496577	-266658.94
-517800	-266634.22
-516622	-266626.78
-423531	-266649.1
-335099	-266698.47
-496746	-266733.03
-517683	-266798.22
-516617	-266856.8
-421668	-266930.8
-328791	-267030.7
-495862	-267124.2
-517371	-267263.84
-516401	-267409.75
-421924	-267576.16
-330341	-267759.22
-496006	-267914.66
-517354	-268084.44
-516289	-268226.34
-420906	-268358.03
-330599	-268486.62
-496441	-268579.88
-517328	-268691.25
-516277	-268782.5
-420796	-268868.78
-330006	-268945.4
-496216	-268963.47
-517174	-268960.1
-516197	-268887.8
-420027	-268762.62
-331711	-268594.72
-496590	-268364.12
-517216	-268146.28
-516167	-267931.9
-418880	-267769.38
-325733	-267685.5
-495427	-267654.97
-517096	-267725.25
-516152	-267842.72
-421084	-267999.3
-326735	-268168.03
-495277	-268279.97
-517260	-268360.62
-516214	-268357.1
-419432	-268289.5
-322446	-268177.7
-494759	-268006.88
-517072	-267855.34
-516142	-267713.2
-423530	-267618.5
-323782	-267587.84
-494784	-267578.78
-517346	-267627.5
-516238	-267674.78
-423482	-267715.84
-322342	-267738.6
-493701	-267692.8
-517343	-267625.56
-516267	-267510.1
-426984	-267380.84
-317017	-267269.62
-492565	-267156.44
-517375	-267106.72
-516335	-267091.88
-434561	-267126.06
-323741	-267211.0
-493034	-267293.25
-517541	-267405.0
-516464	-267493.06
-437187	-267560.25
-326652	-267612.34
-493641	-267610.75
-517688	-267610.75
-516513	-267582.72
-437584	-267551.4
-328036	-267537.03
-493986	-267507.3
-517627	-267517.3
-516554	-267530.4
-441828	-267560.94
-339952	-267618.22
-496049	-267665.4
-517637	-267751.6
-516601	-267836.66
-434408	-267932.25
-335384	-268042.22
-495896	-268123.78
-517620	-268220.4
-516482	-268287.94
-426242	-268339.56
-332113	-268382.38
-496090	-268383.88
-517333	-268404.38
-516378	-268418.0
-422889	-268454.25
-329675	-268528.94
-496126	-268606.66
-517338	-268734.1
-516342	-268859.9
-422661	-268981.9
-330439	-269080.94
-496255	-269096.22
-517267	-269061.28
-516193	-268929.6
-420370	-268722.9
-336002	-268461.16
-497219	-268134.47
-517327	-267826.78
-516204	-267531.44
-419336	-267293.88
-328051	-267136.25
-496033	-267023.78
-517170	-267001.25
-516180	-267012.94
-419872	-267054.7
-331346	-267110.06
-496542	-267124.25
-517258	-267141.88
-516214	-267125.8
-418747	-267103.5
-329477	-267092.88
-496459	-267066.62
-517103	-267083.78
-516006	-267106.88
-419344	-267145.16
-329931	-267189.12
-496498	-267181.44
-517177	-267158.44
-516050	-267073.78
-418398	-266946.4
-330356	-266791.16
-496685	-266587.84
-517170	-266411.25
-516136	-266244.38
-418488	-266121.03
-328269	-266049.7
-496247	-265985.2
-517192	-265962.6
-516145	-265922.5
-419151	-265864.66
-330981	-265781.38
-496518	-265635.6
-517030	-265492.2
-515934	-265339.2
-418941	-265226.5
-328572	-265188.47
-496364	-265205.44
-517199	-265331.47
-516011	-265511.6
-419357	-265729.66
-328950	-265944.44
-496219	-266069.94
-517099	-266118.78
-515967	-266033.7
-418897	-265841.22
-334853	-265578.6
-497351	-265268.44
-517252	-265031.0
-516116	-264897.84
-419698	-264942.7
-327547	-265197.3
-495966	-265616.7
-517032	-266212.34
-515964	-266877.78
-419744	-267549.94
-327373	-268154.9
-495824	-268591.84
-517150	-268882.16
-516082	-268993.28
-421511	-268983.9
-327296	-268928.75
-495592	-268868.9
-517152	-268931.94
-516139	-269134.6
-422751	-269516.6
-330227	-270068.4
-496199	-270698.88
-517199	-271383.25
-516114	-271993.8
-420726	-272463.56
-331040	-272732.78
-496621	-272728.53
-517167	-272504.16
-516166	-272054.88
-421046	-271456.7
-331264	-270787.1
-496491	-270077.12
-517139	-269439.6
-516019	-268876.1
-419463	-268423.84
-333306	-268086.06
-497117	-267810.34
-517297	-267628.7
-516167	-267483.7
-418483	-267381.72
-329937	-267323.7
-496588	-267274.78
-517106	-267293.03
-516072	-267343.94
-418851	-267443.47
-332781	-267583.34
-497114	-267705.1
-517247	-267832.2
-516089	-267898.6
-416497	-267901.88
-339012	-267832.47
-498458	-267660.88
-517224	-267453.44
-516198	-267203.06
-416407	-266963.84
-332879	-266771.12
-497462	-266614.22
-517182	-266555.6
-516017	-266553.28
-416178	-266610.12
-334549	-266703.62
-497727	-266771.5
-517211	-266840.9
-516062	-266859.6
-415942	-266844.72
-331736	-266806.53
-497307	-266726.2
-517173	-266672.38
-515952	-266622.8
-416235	-266606.7
-333937	-266624.97
-497482	-266635.4
-517212	-266673.16
-516086	-266684.47
-414249	-266677.7
-330899	-266651.1
-497404	-266574.9
-517154	-266513.16
-516020	-266446.72
-414864	-266414.75
-331830	-266433.06
-497446	-266471.06
-517266	-266572.12
-516079	-266678.88
-415485	-266786.56
-332859	-266869.97
-497482	-266874.34
-517207	-266841.16
-516082	-266737.06
-415246	-266601.12
-327814	-266467.97
-496562	-266336.44
-517259	-266293.1
-516055	-266321.22
-417977	-266448.2
-329189	-266667.56
-496631	-266914.78
-517281	-267203.7
-516154	-267450.6
-420279	-267632.12
-333387	-267722.44
-496971	-267670.2
-517302	-267533.2
-516209	-267292.84
-419482	-267002.5
-331211	-266707.75
-497142	-266409.25
-517184	-266197.97
-516035	-266055.53
-419967	-266008.53
-334216	-266058.62
-497531	-266151.7
-517277	-266323.12
-516127	-266511.16
-418727	-266713.03
-332810	-266916.7
-497482	-267067.53
-517250	-267214.25
-516102	-267314.72
-418769	-267387.5
-336216	-267439.53
-497893	-267435.62
-517241	-267437.16
-516106	-267413.5
-416190	-267393.47
-333537	-267391.3
-497846	-267375.25
-517212	-267403.4
-516004	-267442.2
-415214	-267507.06
-332899	-267592.12
-497726	-267643.66
-517259	-267697.03
-516001	-267698.7
-414414	-267657.78
-333801	-267573.66
-497793	-267416.78
-517195	-267255.53
-516047	-267077.0
-414744	-266930.16
-333070	-266844.84
-497912	-266807.53
-517268	-266879.66
-516098	-267020.44
-414852	-267233.97
-335627	-267495.34
-498173	-267736.9
-517166	-267975.78
-515939	-268144.66
-414841	-268244.1
-339483	-268266.97
-498592	-268185.53
-517193	-268063.22
-515927	-267884.25
-413970	-267693.53
-334564	-267514.66
-498197	-267331.5
-517219	-267205.88
-515915	-267102.9
-413089	-267043.12
-334541	-267021.88
-498343	-266999.62
-517072	-267019.84
-515934	-267037.84
-412854	-267068.78
-333655	-267107.4
-498159	-267112.7
-517134	-267126.8
-515876	-267102.6
-412399	-267054.3
-334544	-266978.7
-498246	-266844.2
-517198	-266709.84
-515894	-266552.38
-412362	-266413.2
-332303	-266316.0
-498109	-266245.44
-517192	-266264.47
-515954	-266335.03
-412956	-266467.28
-333272	-266638.25
-498140	-266783.25
-517199	-266917.84
-515855	-266973.12
-412604	-266950.75
-334614	-266845.62
-498624	-266638.0
-517185	-266406.1
-515942	-266151.75
-413126	-265940.0
-332717	-265812.4
-498085	-265763.9
-517113	-265857.38
-515935	-266047.16
-414357	-266329.56
-332926	-266669.2
-497847	-266989.7
-517054	-267300.66
-515862	-267533.2
-415925	-267689.4
-340512	-267768.88
-498329	-267753.75
-517127	-267714.8
-515952	-267642.88
-414259	-267583.3
-333756	-267556.84
-498117	-267538.0
-517114	-267576.53
-515891	-267624.28
-413958	-267688.72
-336067	-267757.12
-498718	-267786.38
-517056	-267824.78
-515733	-267836.5
-412572	-267849.03
-334165	-267872.06
-498487	-267877.44
-517157	-267917.9
-515804	-267948.94
-412771	-267979.78
-336558	-267996.03
-498706	-267949.03
-517084	-267879.4
-515804	-267746.1
-412147	-267577.25
-333937	-267390.06
-498167	-267172.75
-517032	-267000.38
-515751	-266855.84
-412096	-266774.84
-334546	-266761.2
-498314	-266772.97
-517081	-266843.3
-515681	-266911.38
-410761	-266975.62
-335553	-267018.5
-498751	-266999.4
-516970	-266971.16
-515666	-266910.53
-410653	-266861.53
-335269	-266849.12
-498706	-266861.78
-517014	-266963.12
-515640	-267114.94
-410746	-267326.8
-337029	-267573.5
-498950	-267792.75
-517084	-268000.28
-515737	-268130.2
-413465	-268185.03
-346321	-268156.12
-499369	-268023.62
-517091	-267851.6
-515686	-267629.3
-410832	-267406.8
-338438	-267207.88
-499070	-267020.1
-516909	-266901.66
-515487	-266814.03
-408238	-266772.88
-333671	-266765.8
-498810	-266749.03
-517078	-266760.75
-515655	-266756.56
-409929	-266755.94
-335004	-266758.8
-498676	-266735.6
-516935	-266735.97
-515512	-266721.22
-409816	-266709.4
-336043	-266695.0
-498852	-266641.8
-516972	-266596.38
-515624	-266522.75
-409732	-266450.5
-333587	-266391.7
-498456	-266329.16
-516894	-266326.72
-515546	-266354.84
-410222	-266437.8
-334723	-266567.75
-498604	-266696.44
-516947	-266848.56
-515617	-266959.44
-410701	-267027.06
-334084	-267036.34
-498710	-266952.44
-516890	-266836.03
-515613	-266674.12
-411156	-266522.53
-334754	-266418.8
-498696	-266363.88
-516999	-266430.5
-515686	-266586.28
-411820	-266840.2
-338525	-267163.94
-499336	-267485.75
-517051	-267810.9
-515591	-268059.1
-412861	-268220.16
-343964	-268277.1
-499532	-268201.16
-517090	-268059.53
-515689	-267844.97
-410869	-267615.03
-338595	-267403.56
-499294	-267205.9
-517087	-267088.12
-515631	-267015.12
-408791	-267001.0
-336486	-267028.94
-499282	-267048.56
-516991	-267091.75
-515649	-267110.28
-409576	-267121.47
-336942	-267126.66
-499247	-267099.94
-517081	-267097.9
-515709	-267087.0
-408963	-267089.34
-337822	-267098.47
-499371	-267073.78
-516910	-267053.47
-515639	-266992.88
-408897	-266912.16
-336669	-266815.44
-499192	-266684.8
-516983	-266587.03
-515624	-266503.28
-409199	-266471.28
-340138	-266496.3
-499721	-266545.06
-517037	-266650.3
-515524	-266750.47
-407418	-266839.84
-338087	-266890.94
-499779	-266857.7
-517114	-266786.3
-515592	-266654.2
-407556	-266515.0
-338596	-266407.97
-499736	-266347.88
-517034	-266421.34
-515458	-266613.78
-407297	-266949.34
-339979	-267402.88
-500066	-267899.44
-517094	-268424.4
-515528	-268871.2
-411327	-269196.53
-351157	-269346.88
-500621	-269270.28
-517134	-269014.84
-515507	-268573.84
-407228	-268023.7
-340263	-267428.97
-500000	-266831.5
-517104	-266342.0
-515527	-265969.38
-405849	-265760.72
-338563	-265712.2
-500028	-265772.78
-517048	-265952.3
-515406	-266166.12
-406242	-266390.88
-339637	-266584.9
-500196	-266692.94
-517048	-266750.84
-515554	-266723.78
-407017	-266647.88
-339499	-266541.2
-500124	-266398.06
-517072	-266287.06
-515512	-266186.1
-407164	-266127.6
-338762	-266111.75
-499960	-266107.1
-516986	-266154.78
-515492	-266207.28
-407061	-266277.9
-340428	-266353.56
-500101	-266397.6
-517098	-266450.66
-515539	-266470.53
-405889	-266478.66
-337140	-266474.62
-499706	-266435.7
-516967	-266420.44
-515502	-266405.66
-407116	-266431.25
-339389	-266511.75
-499803	-266630.5
-517023	-266843.5
-515581	-267108.78
-406249	-267436.47
-340090	-267798.7
-500377	-268134.03
-517081	-268453.97
-515499	-268684.06
-409281	-268817.53
-349819	-268831.94
-500785	-268699.25
-517096	-268477.8
-515416	-268158.1
-405743	-267800.34
-342063	-267442.12
-500706	-267093.16
-517150	-266832.66
-515513	-266640.94
-404944	-266545.88
-338342	-266536.25
-499857	-266564.22
-516967	-266652.56
-515433	-266738.8
-405708	-266824.22
-340111	-266891.0
-500240	-266902.9
-517027	-266908.78
-515462	-266877.03
-404498	-266840.84
-340876	-266806.34
-500599	-266754.6
-516984	-266738.4
-515326	-266723.7
-404359	-266735.9
-340876	-266770.56
-500401	-266799.53
-517032	-266868.8
-515375	-266937.47
-404494	-267024.4
-343209	-267116.22
-500846	-267173.8
-517026	-267230.03
-515296	-267231.25
-402919	-267189.16
-339668	-267093.06
-500326	-266919.88
-516992	-266733.72
-515246	-266525.88
-403864	-266359.4
-341494	-266272.62
-500653	-266277.72
-517067	-266449.03
-515251	-266757.72
-402235	-267212.44
-339316	-267769.78
-500627	-268342.75
-516984	-268905.2
-515380	-269346.9
-405088	-269628.1
-355856	-269699.88
-502794	-269527.9
-517160	-269174.06
-515373	-268650.66
-404108	-268050.8
-343096	-267447.75
-501039	-266889.22
-517051	-266479.7
-515257	-266216.38
-403020	-266129.0
-339742	-266192.44
-500437	-266338.53
-516976	-266561.34
-515342	-266770.6
-404131	-266947.12
-342674	-267060.03
-500849	-267075.78
-517084	-267052.1
-515322	-266974.6
-402195	-266896.25
-338893	-266838.4
-500585	-266791.16
-517100	-266806.7
-515345	-266840.8
-403704	-266901.88
-340326	-266966.0
-500524	-266988.25
-516999	-267003.4
-515347	-266970.62
-404123	-266918.44
-342780	-266853.22
-500929	-266761.2
-517017	-266700.72
-515311	-266639.16
-403581	-266599.78
-340662	-266572.5
-500704	-266521.78
-517026	-266490.2
-515284	-266441.22
-404049	-266409.5
-342492	-266409.56
-500926	-266439.56
-517024	-266570.75
-515280	-266783.1
-403963	-267102.9
-340307	-267511.06
-500584	-267946.03
-516897	-268403.97
-515311	-268789.72
-405639	-269070.2
-357649	-269193.38
-502961	-269113.94
-517123	-268879.06
-515354	-268482.3
-403374	-268000.12
-342075	-267491.38
-500950	-266995.53
-516957	-266612.94
-515220	-266342.78
-403051	-266220.38
-340406	-266228.03
-500811	-266306.94
-517095	-266460.44
-515309	-266606.7
-403577	-266733.62
-344015	-266814.97
-501110	-266821.06
-516981	-266808.7
-515239	-266761.2
-402183	-266726.4
-341437	-266718.1
-501061	-266719.34
-517016	-266774.06
-515248	-266832.44
-403441	-266900.75
-343741	-266956.53
-501366	-266961.5
-517096	-266959.34
-515331	-266919.66
-402123	-266880.4
-343474	-266852.03
-501416	-266819.78
-516981	-266831.97
-515291	-266841.84
-402332	-266854.34
-342012	-266838.8
-501103	-266747.6
-517100	-266613.75
-515389	-266406.28
-402352	-266176.62
-343271	-265964.84
-501386	-265804.06
-517202	-265796.34
-515392	-265949.62
-401351	-266307.12
-340676	-266848.78
-501174	-267498.9
-517220	-268222.6
-515386	-268886.1
-404548	-269415.3
-358596	-269722.06
-503407	-269738.94
-517121	-269502.72
-515401	-269018.0
-401722	-268385.78
-341791	-267698.8
-501275	-267033.75
-517132	-266521.94
-515379	-266183.5
-402616	-266060.12
-341909	-266124.62
-501180	-266297.94
-517134	-266553.1
-515318	-266777.62
-402963	-266936.03
-343815	-266986.28
-501494	-266898.7
-517239	-266740.75
-515473	-266517.72
-402154	-266305.88
-340751	-266146.03
-501016	-266045.03
-517114	-266059.06
-515278	-266141.28
-403773	-266291.12
-343570	-266469.53
-501342	-266620.3
-517151	-266765.72
-515352	-266858.44
-402442	-266925.3
-344117	-266971.8
-501733	-266986.44
-517136	-267021.44
-515243	-267039.06
-402339	-267053.72
-344079	-267041.47
-501582	-266961.44
-517178	-266850.44
-515244	-266677.53
-402006	-266493.25
-345407	-266334.0
-501832	-266229.62
-517173	-266276.5
-515285	-266476.34
-400992	-266866.3
-341845	-267418.47
-501282	-268052.8
-517107	-268730.06
-515313	-269316.38
-406008	-269741.6
-355814	-269926.53
-502152	-269815.53
-517220	-269458.78
-515335	-268874.4
-401246	-268174.7
-344424	-267457.28
-501771	-266801.2
-517116	-266331.3
-515253	-266057.53
-400870	-266009.88
-343317	-266147.38
-501631	-266382.7
-517270	-266684.28
-515341	-266941.12
-400634	-267123.72
-344705	-267199.56
-501862	-267148.94
-517159	-267044.62
-515234	-266894.62
-400495	-266769.5
-343125	-266698.47
-501582	-266675.03
-517144	-266738.47
-515231	-266829.88
-401043	-266941.66
-344752	-267035.5
-502003	-267065.16
-517244	-267067.62
-515202	-267014.97
-399177	-266954.94
-341685	-266906.44
-501638	-266867.8
-517207	-266889.38
-515286	-266926.56
-400073	-266980.44
-341091	-267011.16
-501580	-266963.06
-517230	-266861.16
-515442	-266671.0
-405149	-266445.28
-344334	-266230.44
-501666	-266068.88
-517287	-266068.6
-515489	-266240.97
-404448	-266627.3
-341309	-267200.22
-501351	-267873.1
-517330	-268596.88
-515453	-269225.53
-407665	-269679.7
-351806	-269875.88
-502031	-269758.75
-517254	-269380.8
-515471	-268770.34
-404297	-268049.1
-343567	-267325.78
-501786	-266685.22
-517331	-266253.66
-515490	-266036.88
-403894	-266055.6
-344007	-266258.47
-501799	-266547.28
-517241	-266878.72
-515454	-267136.84
-403690	-267290.62
-346861	-267311.53
-502236	-267189.84
-517191	-267009.16
-515292	-266788.94
-401927	-266611.38
-344745	-266513.16
-501897	-266491.44
-517087	-266585.12
-515277	-266729.34
-401254	-266908.78
-345415	-267075.9
-502137	-267175.72
-517257	-267238.5
-515234	-267232.62
-400068	-267204.06
-342920	-267174.97
-501737	-267148.2
-517091	-267180.88
-515084	-267233.88
-400422	-267312.9
-343596	-267379.0
-501947	-267375.5
-517207	-267321.03
-515209	-267172.9
-400551	-266975.44
-345544	-266762.62
-502141	-266569.12
-517167	-266500.1
-515194	-266567.6
-400597	-266821.3
-346037	-267244.4
-502217	-267768.78
-517109	-268362.75
-515042	-268897.94
-402496	-269308.2
-355750	-269512.94
-502852	-269457.2
-517156	-269181.78
-514989	-268698.2
-398819	-268109.53
-344219	-267500.9
-502069	-266939.5
-517039	-266539.6
-515011	-266302.28
-399356	-266254.5
-346161	-266355.84
-502319	-266526.7
-517108	-266744.78
-515027	-266913.88
-398226	-267018.38
-345297	-267036.28
-502209	-266957.44
-517059	-266856.34
-514972	-266737.3
-398775	-266663.47
-343960	-266649.56
-502211	-266675.3
-517124	-266764.38
-515053	-266844.97
-399312	-266902.78
-344004	-266895.88
-501992	-266783.97
-517099	-266614.03
-515085	-266377.06
-399319	-266142.16
-343470	-265953.2
-502017	-265832.03
-517011	-265850.03
-515066	-265974.53
-399809	-266210.44
-343369	-266509.53
-501905	-266797.03
-517125	-267065.94
-515157	-267243.44
-399651	-267341.75
-342836	-267365.38
-501895	-267326.44
-517028	-267314.5
-515127	-267340.94
-401259	-267466.62
-344305	-267698.38
-502066	-267999.34
-517124	-268373.25
-515192	-268724.62
-403661	-269014.88
-352694	-269181.1
-502449	-269170.1
-517194	-269013.88
-515207	-268703.97
-401355	-268316.53
-344927	-267910.16
-502044	-267529.25
-517135	-267271.1
-515285	-267131.62
-400747	-267140.6
-345666	-267268.94
-502367	-267451.6
-517094	-267679.3
-515072	-267863.66
-399764	-267991.1
-345697	-268032.8
-502432	-267966.94
-517146	-267853.2
-515103	-267683.66
-398661	-267515.2
-343062	-267366.53
-502013	-267229.94
-517059	-267150.9
-515061	-267083.66
-398351	-267038.97
-345123	-266992.66
-502376	-266912.0
-517221	-266837.8
-515046	-266739.94
-398224	-266658.34
-344471	-266600.28
-502229	-266555.84
-517169	-266572.53
-515176	-266608.03
-399451	-266675.2
-345748	-266747.4
-502377	-266786.34
-517199	-266823.25
-515143	-266822.4
-398309	-266823.62
-345746	-266842.38
-502688	-266885.97
-517129	-267021.88
-514958	-267228.38
-398581	-267528.72
-346816	-267891.88
-502804	-268255.75
-517306	-268610.25
-515084	-268863.56
-400668	-268994.56
-355906	-268966.0
-503277	-268756.47
-517260	-268427.28
-515052	-267991.1
-397482	-267533.5
-343909	-267109.2
-502207	-266749.03
-517179	-266529.9
-515047	-266425.66
-396188	-266449.56
-340776	-266559.75
-501766	-266689.34
-517249	-266834.78
-515245	-266922.78
-399473	-266956.9
-341789	-266926.72
-502204	-266822.4
-517379	-266710.84
-515193	-266583.84
-401536	-266491.4
-342477	-266442.97
-502141	-266419.38
-517354	-266454.62
-515403	-266495.7
-402386	-266548.2
-343980	-266590.38
-502302	-266590.72
-517407	-266591.44
-515393	-266563.97
-402457	-266545.28
-342108	-266540.8
-501919	-266534.2
-517265	-266565.94
-515384	-266589.16
-403783	-266612.6
-346299	-266614.47
-502462	-266562.03
-517419	-266498.66
-515377	-266400.5
-402754	-266318.38
-349094	-266279.34
-502747	-266296.9
-517248	-266440.9
-515266	-266686.97
-401626	-267051.1
-346767	-267494.84
-502907	-267946.06
-517394	-268389.2
-515193	-268727.38
-402189	-268937.8
-355408	-268984.88
-503366	-268848.62
-517303	-268595.34
-515316	-268237.66
-398392	-267860.56
-345399	-267515.34
-502639	-267226.72
-517296	-267066.12
-515190	-267000.44
-399205	-267036.2
-347912	-267129.9
-502773	-267215.53
-517290	-267294.5
-515186	-267299.9
-397710	-267244.38
-344769	-267125.22
-502653	-266940.53
-517182	-266762.3
-514994	-266585.2
-398057	-266460.3
-346417	-266392.66
-502887	-266360.1
-517294	-266393.22
-515134	-266436.0
-397256	-266495.38
-347250	-266546.6
-502900	-266562.9
-517301	-266589.94
-515091	-266601.9
-397647	-266638.75
-346938	-266702.34
-502912	-266774.9
-517228	-266890.66
-514940	-266993.38
-397753	-267084.53
-349664	-267130.6
-503254	-267094.25
-517284	-267015.4
-514966	-266872.56
-396484	-266725.16
-346248	-266608.2
-502922	-266548.5
-517287	-266627.06
-515036	-266828.3
-396502	-267174.7
-345690	-267624.5
-502736	-268099.7
-517239	-268569.03
-515034	-268919.53
-398344	-269112.06
-353936	-269093.62
-503439	-268834.4
-517337	-268396.0
-515106	-267795.56
-397263	-267133.2
-344905	-266481.5
-502725	-265893.4
-517306	-265467.2
-515092	-265197.2
-398172	-265112.56
-345482	-265183.72
-502701	-265350.25
-517377	-265606.47
-515241	-265871.34
-398812	-266135.5
-343993	-266369.4
-502606	-266544.38
-517333	-266703.9
-515179	-266820.7
-399852	-266928.22
-345471	-267023.06
-502834	-267083.34
-517340	-267144.3
-515181	-267161.66
-399554	-267157.28
-346164	-267124.9
-502848	-267054.9
-517288	-267008.12
-515168	-266971.4
-399962	-266992.66
-346269	-267079.47
-502826	-267214.7
-517371	-267428.88
-515274	-267660.7
-400448	-267902.6
-349290	-268111.1
-503242	-268236.38
-517287	-268305.0
-515021	-268281.3
-397744	-268210.12
-345924	-268115.47
-502859	-268015.4
-517201	-267988.0
-515031	-268020.5
-397708	-268145.56
-347667	-268339.78
-503062	-268550.25
-517287	-268774.5
-515108	-268929.34
-399641	-269000.84
-364330	-268953.0
-505304	-268767.97
-517314	-268502.72
-515064	-268158.38
-397831	-267806.28
-346559	-267482.2
-502935	-267200.75
-517237	-267023.5
-514997	-266916.12
-397839	-266889.56
-348931	-266909.03
-503112	-266924.38
-517257	-266951.2
-515054	-266936.34
-397181	-266902.66
-347177	-266849.16
-502902	-266771.28
-517169	-266728.97
-514981	-266700.12
-397371	-266717.78
-348297	-266768.25
-503121	-266818.88
-517138	-266893.44
-514868	-266937.56
-395831	-266966.44
-349092	-266968.7
-503370	-266933.78
-517146	-266921.03
-514849	-266913.88
-396251	-266956.2
-349174	-267045.34
-503310	-267155.84
-517239	-267307.7
-514878	-267432.22
-395376	-267520.6
-348181	-267530.84
-503328	-267425.47
-517281	-267246.53
-514891	-266980.5
-395207	-266695.56
-344668	-266435.78
-502688	-266234.8
-517239	-266177.12
-514981	-266249.03
-396476	-266473.9
-345811	-266813.25
-502950	-267194.38
-517285	-267594.34
-514965	-267913.1
-398626	-268124.7
-359536	-268187.56
-504712	-268082.16
-517306	-267868.47
-515221	-267554.78
-399412	-267220.47
-345410	-266908.88
-502769	-266641.7
-517328	-266484.0
-515153	-266402.47
-399739	-266410.03
-347174	-266473.12
-502980	-266542.78
-517402	-266636.44
-515260	-266700.6
-399367	-266756.7
-344412	-266802.84
-502576	-266828.5
-517283	-266886.84
-515264	-266945.8
-399936	-267028.38
-346901	-267114.7
-502930	-267167.16
-517369	-267212.22
-515247	-267203.22
-399754	-267167.1
-346939	-267111.62
-502942	-267040.38
-517256	-267026.5
-515184	-267061.56
-399292	-267185.56
-345772	-267387.4
-502863	-267619.06
-517484	-267879.16
-515283	-268073.25
-398961	-268172.5
-346763	-268127.78
-503014	-267902.53
-517411	-267557.44
-515228	-267109.06
-399474	-266662.4
-348012	-266302.3
-503159	-266095.53
-517271	-266148.12
-515129	-266451.62
-399718	-267013.03
-349811	-267759.84
-503226	-268571.44
-517333	-269370.47
-515124	-270003.44
-399347	-270401.9
-362571	-270499.22
-504938	-270274.38
-517262	-269807.03
-514967	-269144.22
-397120	-268417.03
-347429	-267723.0
-503010	-267133.03
-517186	-266747.03
-514999	-266549.66
-397361	-266548.66
-350967	-266685.78
-503499	-266876.97
-517253	-267095.16
-514924	-267249.75
-396564	-267333.6
-348650	-267329.97
-503301	-267234.28
-517362	-267118.94
-515012	-266983.4
-396629	-266885.88
-349107	-266836.4
-503286	-266821.1
-517231	-266869.7
-514898	-266927.5
-396273	-266998.8
-348217	-267055.84
-503189	-267070.72
-517233	-267084.44
-514990	-267069.12
-397036	-267062.5
-349785	-267063.34
-503432	-267053.56
-517313	-267062.75
-514961	-267036.2
-396428	-266976.94
-350122	-266855.72
-503545	-266645.28
-517221	-266394.16
-514797	-266095.56
-396148	-265822.3
-349676	-265621.16
-503519	-265529.22
-517306	-265629.4
-514944	-265904.7
-395902	-266369.84
-349297	-266971.7
-503436	-267622.47
-517266	-268278.44
-514911	-268818.5
-397602	-269198.94
-355682	-269365.78
-503560	-269293.06
-517136	-269043.78
-514822	-268637.16
-396252	-268170.2
-349561	-267706.75
-503449	-267291.1
-517145	-267006.1
-514901	-266830.66
-395548	-266781.66
-350031	-266819.94
-503642	-266886.84
-517186	-266985.16
-514843	-267048.5
-395562	-267089.6
-348373	-267099.94
-503255	-267073.5
-517241	-267072.22
-514926	-267076.44
-395709	-267123.22
-349092	-267199.94
-503277	-267273.4
-517200	-267362.94
-514909	-267408.47
-395593	-267418.44
-346645	-267377.3
-503081	-267271.2
-517142	-267160.84
-514850	-267038.03
-397019	-266956.97
-349137	-266930.53
-503331	-266946.7
-517305	-267039.44
-514958	-267150.38
-396469	-267275.03
-349220	-267371.7
-503394	-267397.56
-517211	-267384.88
-514927	-267310.28
-396829	-267231.2
-348761	-267181.2
-503331	-267187.8
-517278	-267329.16
-515006	-267587.6
-397383	-267981.2
-350134	-268464.66
-503396	-268960.2
-517273	-269434.84
-514906	-269779.4
-398026	-269960.4
-354476	-269933.2
-503580	-269680.78
-517309	-269269.5
-515061	-268726.8
-398429	-268155.62
-349747	-267625.7
-503386	-267184.03
-517342	-266915.28
-515014	-266796.3
-396319	-266837.94
-349093	-266989.44
-503522	-267177.12
-517286	-267382.5
-515024	-267520.94
-396501	-267587.62
-348968	-267563.28
-503601	-267439.97
-517471	-267285.44
-515226	-267099.16
-397155	-266943.0
-350702	-266833.53
-503900	-266767.12
-517812	-266783.72
-515701	-266835.16
-397305	-266929.6
-348987	-267035.62
-504076	-267117.66
-518270	-267203.44
-516006	-267253.38
-398117	-267297.66
-350964	-267332.25
-504526	-267345.75
-518374	-267379.44
-515954	-267394.94
-397436	-267411.6
-350989	-267409.88
-504507	-267363.8
-518144	-267308.62
-515916	-267213.34
-397356	-267117.5
-350163	-267030.94
-504180	-266959.47
-518004	-266965.72
-515636	-267027.78
-397146	-267175.9
-351832	-267389.2
-504003	-267626.16
-517747	-267894.34
-515413	-268118.62
-397572	-268289.56
-355897	-268369.0
-503932	-268328.28
-517620	-268205.75
-515285	-267986.53
-395861	-267727.8
-349841	-267455.88
-503561	-267187.44
-517507	-266993.0
-515177	-266853.28
-395672	-266800.25
-349926	-266814.56
-503737	-266857.66
-517420	-266945.7
-515120	-267016.22
-396070	-267074.25
-348322	-267095.6
-503426	-267054.72
-517357	-266996.8
-515066	-266895.8
-395706	-266793.47
-348309	-266696.1
-503205	-266597.44
-517359	-266550.34
-515132	-266523.16
-395867	-266543.62
-347984	-266598.75
-503263	-266662.12
-517279	-266766.12
-515031	-266865.03
-396186	-266976.44
-349523	-267081.16
-503337	-267151.78
-517390	-267222.72
-515096	-267251.62
-395859	-267263.12
-348131	-267247.84
-503251	-267190.8
-517392	-267141.53
-515148	-267075.47
-397209	-267034.03
-348281	-267022.5
-503179	-267033.88
-517468	-267117.06
-515154	-267238.06
-396648	-267417.34
-349323	-267632.2
-503256	-267843.4
-517262	-268067.34
-515118	-268243.53
-399103	-268376.7
-357255	-268439.28
-503837	-268408.34
-517430	-268320.0
-515114	-268151.62
-397513	-267947.66
-351107	-267719.6
-503516	-267473.75
-517461	-267271.22
-515136	-267093.84
-396427	-266979.72
-348708	-266924.88
-503214	-266908.2
-517390	-266962.22
-515247	-267039.22
-397068	-267152.53
-347975	-267278.44
-503299	-267384.88
-517451	-267500.94
-515232	-267582.2
-396749	-267652.12
-348614	-267701.3
-503364	-267714.3
-517420	-267737.7
-515207	-267743.66
-397462	-267768.7
-348391	-267810.9
-503276	-267857.94
-517449	-267950.75
-515197	-268050.1
-397545	-268173.1
-349220	-268297.4
-503226	-268388.3
-517305	-268468.3
-515152	-268487.88
-396326	-268465.7
-346471	-268391.62
-503034	-268255.84
-517362	-268114.62
-515244	-267956.22
-397854	-267832.47
-348576	-267759.34
-503116	-267735.6
-517436	-267807.75
-515205	-267934.94
-396927	-268125.4
-349272	-268341.2
-503319	-268529.47
-517363	-268694.25
-515048	-268770.28
-397951	-268764.9
-355431	-268662.4
-503616	-268457.44
-517397	-268209.28
-515131	-267915.78
-396057	-267638.88
-347798	-267399.56
-503141	-267202.25
-517419	-267095.78
-515210	-267041.7
-398306	-267051.06
-347286	-267091.94
-502972	-267120.62
-517410	-267153.66
-515251	-267139.34
-399226	-267098.3
-348419	-267026.75
-503094	-266918.1
-517434	-266828.88
-515317	-266740.44
-398567	-266691.78
-347982	-266680.16
-503168	-266684.7
-517446	-266736.38
-515269	-266785.62
-398292	-266845.53
-347512	-266896.12
-502941	-266912.47
-517365	-266935.12
-515307	-266933.44
-397944	-266942.0
-348997	-266959.56
-503144	-266971.66
-517464	-267016.8
-515319	-267050.97
-399318	-267088.56
-352266	-267106.7
-503490	-267078.03
-517361	-267039.2
-515102	-266959.97
-399051	-266884.53
-354339	-266827.28
-503290	-266800.4
-517403	-266868.2
-515236	-267012.12
-401485	-267261.72
-355252	-267592.5
-503837	-267958.28
-517507	-268354.72
-514716	-268697.06
-392696	-268966.7
-360822	-269112.62
-504223	-269101.8
-517414	-268971.3
-514976	-268707.72
-394443	-268374.4
-355079	-268005.62
-504012	-267632.75
-517336	-267334.5
-514828	-267102.72
-392669	-266975.1
-351616	-266933.62
-503667	-266941.28
-517370	-267009.75
-514715	-267074.7
-391979	-267139.56
-352020	-267177.5
-503569	-267168.1
-517424	-267156.78
-514852	-267120.28
-391181	-267102.34
-347464	-267104.1
-502989	-267114.12
-517090	-267170.25
-514931	-267228.03
-395259	-267300.28
-350789	-267359.34
-503432	-267374.6
-517231	-267376.34
-515035	-267326.9
-397898	-267258.06
-352577	-267169.88
-503481	-267059.06
-517422	-266976.25
-514801	-266895.78
-389936	-266851.16
-345692	-266830.66
-502711	-266812.7
-517274	-266831.75
-515065	-266849.38
-395539	-266892.4
-347092	-266955.0
-502706	-267024.25
-517256	-267145.97
-515137	-267287.75
-395694	-267474.6
-346777	-267685.7
-502910	-267884.3
-517312	-268083.88
-515156	-268221.66
-399556	-268298.38
-356874	-268285.56
-503467	-268162.84
-517326	-267975.03
-515194	-267710.75
-397167	-267430.0
-348613	-267161.8
-503011	-266925.6
-517342	-266789.38
-515157	-266733.34
-396684	-266784.16
-345535	-266917.16
-502461	-267084.9
-517400	-267290.9
-515246	-267464.0
-397594	-267600.78
-347301	-267673.47
-502643	-267658.6
-517351	-267603.3
-515274	-267489.7
-396859	-267367.78
-345248	-267252.47
-502403	-267143.53
-517157	-267091.94
-515289	-267064.1
-397127	-267081.75
-344956	-267127.3
-502552	-267170.2
-517390	-267243.0
-515316	-267306.12
-397271	-267388.34
-346355	-267486.44
-502873	-267588.22
-517410	-267738.34
-515379	-267901.16
-397836	-268097.28
-344487	-268306.03
-502567	-268491.88
-517559	-268677.2
-515462	-268812.2
-399156	-268914.9
-346306	-268977.75
-502581	-268989.16
-517479	-269002.4
-515474	-268996.6
-398772	-269009.9
-344859	-269040.28
-502652	-269063.34
-517455	-269106.3
-515442	-269114.0
-400701	-269090.97
-360861	-269008.2
-504662	-268842.22
-517494	-268632.94
-515382	-268361.5
-398731	-268080.34
-346296	-267811.16
-502839	-267562.22
-517531	-267391.62
-515586	-267269.88
-400481	-267212.9
-346606	-267189.4
-502786	-267148.3
-517498	-267096.62
-515492	-266974.8
-399951	-266798.84
-346784	-266569.97
-502778	-266296.9
-517576	-266061.2
-515564	-265873.88
-399801	-265804.0
-345166	-265871.7
-502610	-266062.78
-517519	-266398.47
-515616	-266800.22
-401079	-267235.28
-347042	-267630.53
-502822	-267906.34
-517575	-268059.12
-515461	-268032.12
-400139	-267856.12
-347977	-267551.62
-503034	-267145.56
-517544	-266731.38
-515516	-266325.3
-400621	-265994.72
-347140	-265757.3
-502967	-265603.84
-517643	-265569.6
-515561	-265604.38
-399795	-265718.03
-346964	-265888.22
-502642	-266086.8
-517475	-266350.9
-515550	-266645.06
-398854	-266992.94
-343745	-267379.03
-502304	-267764.53
-517434	-268159.88
-515489	-268491.66
-401393	-268745.3
-362310	-268874.66
-504835	-268842.62
-517676	-268682.47
-515580	-268376.8
-398609	-267989.25
-346986	-267561.6
-503007	-267130.06
-517660	-266785.1
-515594	-266527.2
-399962	-266400.0
-344717	-266390.66
-502387	-266454.9
-517533	-266595.62
-515506	-266734.9
-399599	-266860.0
-346342	-266935.84
-502694	-266929.25
-517617	-266883.84
-515585	-266778.25
-399479	-266660.56
-344552	-266546.44
-502374	-266433.22
-517594	-266372.4
-515646	-266330.5
-399931	-266329.9
-345076	-266355.78
-502510	-266380.88
-517670	-266440.44
-515612	-266497.75
-398874	-266579.6
-345896	-266677.38
-502829	-266768.1
-517551	-266881.4
-515467	-266966.16
-399740	-267028.7
-346072	-267043.4
-502740	-266978.78
-517708	-266875.9
-515647	-266716.75
-400042	-266561.12
-347989	-266445.44
-502903	-266399.44
-517546	-266502.8
-515581	-266744.66
-399960	-267150.53
-345621	-267682.0
-502532	-268262.12
-517689	-268853.88
-515752	-269342.22
-403391	-269680.22
-363789	-269807.44
-504819	-269696.2
-517723	-269399.16
-515722	-268935.5
-401116	-268405.9
-346404	-267884.75
-502678	-267427.97
-517592	-267125.06
-515567	-266964.4
-400649	-266961.62
-344923	-267072.5
-502327	-267224.34
-517635	-267397.6
-515747	-267509.03
-401712	-267555.88
-347209	-267524.6
-502636	-267416.12
-517650	-267300.12
-515632	-267179.7
-400616	-267113.44
-344342	-267112.03
-502179	-267157.34
-517502	-267271.6
-515696	-267390.38
-400995	-267508.88
-345943	-267594.28
-502461	-267617.6
-517596	-267621.94
-515622	-267590.7
-399483	-267576.2
-344825	-267594.44
-502501	-267638.34
-517587	-267742.1
-515687	-267846.94
-400512	-267940.8
-345111	-267972.12
-502450	-267886.88
-517662	-267705.66
-515679	-267402.78
-400562	-267043.66
-345207	-266686.5
-502173	-266391.06
-517447	-266274.22
-515707	-266356.72
-400245	-266687.6
-342802	-267238.75
-501896	-267926.06
-517573	-268693.22
-515704	-269389.66
-403911	-269929.97
-355235	-270221.03
-502741	-270200.2
-517506	-269908.97
-515617	-269365.47
-399266	-268684.06
-344278	-267964.28
-502426	-267291.62
-517532	-266789.72
-515618	-266471.28
-400459	-266369.6
-344777	-266446.47
-502161	-266622.5
-517523	-266866.88
-515732	-267074.94
-400773	-267222.97
-345589	-267279.3
-502270	-267227.28
-517562	-267132.12
-515761	-266994.94
-400122	-266879.47
-341797	-266805.06
-501795	-266762.12
-517556	-266785.03
-515592	-266817.06
-401239	-266859.6
-344445	-266884.66
-501997	-266862.56
-517474	-266839.53
-515673	-266798.3
-401277	-266790.12
-343044	-266832.16
-501907	-266917.6
-517526	-267081.72
-515689	-267265.03
-401929	-267453.12
-343312	-267594.47
-502046	-267628.1
-517579	-267574.72
-515721	-267404.28
-402139	-267178.25
-342932	-266953.5
-501842	-266785.06
-517622	-266788.2
-515827	-266981.25
-401656	-267408.8
-340529	-268040.44
-501517	-268785.7
-517557	-269584.94
-515706	-270284.0
-405227	-270794.84
-350637	-271026.2
-502125	-270918.44
-517678	-270519.16
-515860	-269857.2
-404334	-269058.7
-338650	-268238.56
-501101	-267490.97
-517784	-266949.28
-516037	-266629.78
-405387	-266563.0
-335704	-266708.4
-500438	-266970.75
-517619	-267306.84
-516140	-267597.2
-410465	-267802.8
-340429	-267887.47
-501018	-267826.8
-517878	-267689.16
-516346	-267483.06
-411829	-267280.44
-339135	-267120.38
-500816	-267003.22
-517839	-266974.16
-516258	-266982.84
-412888	-267026.4
-342003	-267075.88
-501347	-267087.28
-517949	-267093.47
-516292	-267064.16
-412182	-267038.28
-340600	-267032.6
-501133	-267039.06
-517819	-267101.88
-516144	-267174.94
-411860	-267258.12
-342654	-267317.62
-501526	-267301.75
-517809	-267233.97
-516209	-267079.78
-410631	-266886.53
-345257	-266693.03
-501834	-266532.62
-517711	-266499.47
-516095	-266597.12
-408396	-266863.12
-343275	-267274.88
-501631	-267760.16
-517596	-268286.6
-515989	-268732.34
-410609	-269042.8
-353772	-269155.7
-502296	-269031.66
-517784	-268723.84
-516111	-268252.88
-406745	-267723.25
-341694	-267218.06
-501259	-266795.53
-517529	-266551.22
-516042	-266469.3
-407532	-266558.56
-344317	-266765.75
-501861	-267002.6
-517676	-267239.84
-516015	-267382.1
-406694	-267418.22
-344195	-267338.8
-501822	-267145.03
-517711	-266922.25
-516141	-266686.97
-406969	-266512.16
-344252	-266425.1
-501669	-266413.75
-517589	-266505.47
-515982	-266632.88
-406619	-266779.6
-346119	-266902.75
-501972	-266955.9
-517771	-266973.0
-516114	-266928.66
-406567	-266872.47
-346604	-266828.75
-501727	-266802.44
-517616	-266846.25
-515957	-266917.97
-406507	-267018.78
-344797	-267108.7
-501700	-267129.53
-517629	-267095.6
-515926	-266962.0
-406527	-266769.06
-346875	-266549.22
-502205	-266336.72
-517665	-266230.84
-515992	-266244.22
-406411	-266427.1
-346517	-266767.38
-501992	-267204.0
-517684	-267709.56
-516089	-268163.25
-428068	-268499.12
-412391	-268635.78
-509642	-268536.7
-518495	-268237.47
-515215	-267749.03
-386197	-267176.34
-339412	-266599.22
-501685	-266086.0
-517662	-265750.28
-515814	-265598.47
-402988	-265662.06
-348359	-265906.16
-502424	-266257.53
-517763	-266691.56
-515094	-267107.4
-390081	-267481.88
-343627	-267774.44
-502257	-267957.22
-517587	-268083.94
-515719	-268142.38
-401161	-268184.72
-345927	-268224.88
-501875	-268251.28
-517644	-268304.1
-516009	-268336.44
-404347	-268360.2
-350568	-268359.1
-502559	-268313.8
-517683	-268275.47
-515521	-268226.97
-399090	-268216.22
-346247	-268251.44
-501991	-268317.12
-517624	-268444.44
-515388	-268571.72
-396334	-268691.16
-346410	-268758.62
-502156	-268728.12
-517612	-268633.78
-515579	-268455.06
-398344	-268255.4
-345883	-268078.47
-502130	-267957.88
-517653	-267978.12
-515678	-268122.84
-399977	-268406.0
-346171	-268777.84
-502048	-269150.3
-517644	-269489.5
-515746	-269688.06
-404925	-269723.44
-361296	-269571.28
-503015	-269239.12
-517801	-268820.03
-515966	-268353.9
-403327	-267942.25
-345367	-267638.8
-501730	-267453.78
-517694	-267425.06
-515490	-267480.4
-396642	-267591.34
-342689	-267690.62
-501452	-267711.72
-517684	-267676.56
-515667	-267561.12
-398691	-267431.53
-343589	-267334.66
-501699	-267300.88
-517618	-267403.06
-515688	-267603.5
-400457	-267889.6
-343531	-268186.56
-501543	-268392.7
-517622	-268479.44
-515697	-268371.44
-399851	-268102.72
-343194	-267724.72
-501384	-267314.6
-517571	-267030.7
-515726	-266939.56
-401174	-267126.2
-342821	-267577.56
-501386	-268190.38
-517656	-268863.16
-515929	-269382.25
-403465	-269602.78
-344820	-269402.56
-501525	-268735.25
-517685	-267730.4
-516061	-266548.5
-404257	-265490.8
-344149	-264856.5
-501444	-264894.3
-517684	-265820.12
-516090	-267626.25
-404840	-270199.5
-344309	-273240.75
-501246	-276320.53
-517634	-279029.7
-515931	-280913.34
-407572	-281688.34
-357440	-281209.16
-502162	-279513.03
-517607	-276880.88
-515947	-273658.12
-403937	-270320.6
-343410	-267302.7
-501201	-264931.16
-517549	-263458.75
-515782	-262886.5
-403530	-263117.6
-345876	-263904.66
-501595	-264921.56
-517671	-265921.03
-515829	-266638.22
-400551	-266980.16
-342597	-266941.66
-501177	-266603.12
-517574	-266182.06
-515721	-265829.12
-401559	-265723.66
-343841	-265940.5
-501391	-266443.72
-517687	-267183.94
-515852	-267968.7
-401300	-268647.94
-344562	-269064.56
-501469	-269101.0
-517569	-268790.3
-515666	-268164.5
-400691	-267379.66
-342736	-266589.88
-501219	-265920.38
-517679	-265525.62
-515696	-265411.6
-399631	-265576.38
-342941	-265927.44
-501056	-266320.06
-517562	-266680.22
-515629	-266883.2
-397994	-266920.78
-340618	-266813.44
-500859	-266616.6
-517626	-266485.06
-516020	-266494.47
-405056	-266751.78
-345785	-267280.28
-501511	-268019.2
-517736	-268915.84
-516111	-269793.6
-409268	-270522.53
-357738	-270960.97
-501821	-270998.9
-517627	-270651.12
-516047	-269927.38
-404221	-268955.9
-343406	-267872.84
-501039	-266806.1
-517679	-265933.78
-515974	-265313.72
-402997	-265011.03
-343016	-265005.5
-500886	-265213.5
-517664	-265589.4
-516014	-266000.53
-404870	-266385.25
-343327	-266678.6
-500966	-266826.88
-517669	-266875.25
-516159	-266810.88
-407444	-266695.16
-345544	-266561.56
-501170	-266417.97
-517714	-266326.6
-515987	-266259.47
-404140	-266240.94
-344771	-266260.7
-501181	-266292.22
-517581	-266377.5
-516065	-266482.28
-405842	-266633.44
-344017	-266823.62
-500919	-267020.5
-517641	-267247.12
-516186	-267442.16
-406183	-267600.66
-345021	-267693.4
-501058	-267683.75
-517736	-267617.66
-515858	-267482.1
-400571	-267342.56
-341151	-267243.12
-500697	-267210.16
-517557	-267324.47
-515894	-267568.2
-402504	-267957.66
-341896	-268449.84
-500648	-268961.62
-517538	-269463.03
-515567	-269846.25
-399397	-270078.3
-358667	-270116.4
-503288	-269938.7
-517689	-269596.8
-515600	-269120.38
-396869	-268603.12
-339087	-268101.66
-500406	-267652.44
-517517	-267329.25
-515415	-267105.62
-395502	-266995.78
-338972	-266965.72
-500381	-266956.6
-517534	-266975.47
-515361	-266962.8
-395172	-266934.4
-337753	-266884.6
-500274	-266807.16
-517557	-266759.4
-515376	-266720.94
-395450	-266727.47
-337539	-266771.34
-500084	-266818.56
-517507	-266893.62
-515268	-266941.16
-394649	-266973.16
-337617	-266974.0
-500139	-266921.22
-517512	-266863.1
-515384	-266777.3
-395322	-266701.75
-337262	-266634.75
-500141	-266551.0
-517574	-266481.03
-515379	-266374.97
-395821	-266246.25
-338005	-266083.22
-500076	-265874.72
-517559	-265688.06
-515385	-265529.62
-395614	-265478.7
-335927	-265579.06
-499666	-265847.56
-517560	-266341.6
-515395	-267010.2
-394674	-267832.75
-335896	-268724.75
-499666	-269568.22
-517600	-270304.16
-515394	-270807.97
-395587	-271045.1
-345136	-270982.28
-500977	-270616.62
-517539	-270040.2
-515537	-269303.94
-397494	-268532.78
-337464	-267816.66
-499744	-267210.44
-517479	-266809.03
-515414	-266596.3
-395762	-266587.9
-336879	-266740.94
-499815	-266982.78
-517454	-267300.4
-515377	-267608.0
-397026	-267895.1
-335592	-268132.62
-499264	-268288.6
-517415	-268405.9
-515250	-268454.2
-395201	-268467.62
-335461	-268445.53
-499392	-268369.38
-517463	-268286.2
-515451	-268168.0
-396792	-268053.88
-335827	-267955.5
-499518	-267870.8
-517445	-267861.3
-515371	-267904.06
-397282	-268025.2
-335728	-268201.78
-499546	-268377.53
-517540	-268548.75
-515391	-268628.44
-396089	-268598.06
-336445	-268423.2
-499514	-268077.9
-517384	-267632.47
-515523	-267109.2
-397896	-266613.0
-334996	-266224.97
-499033	-265998.88
-517464	-266031.62
-515484	-266303.97
-397195	-266815.2
-335831	-267491.44
-499325	-268207.53
-517455	-268890.28
-515622	-269391.44
-400237	-269647.9
-345104	-269602.97
-500304	-269232.66
-517449	-268618.8
-515757	-267811.28
-400269	-266940.66
-335257	-266110.44
-498923	-265389.5
-517426	-264883.75
-515527	-264583.22
-399354	-264500.7
-336556	-264585.53
-499172	-264749.62
-517471	-264964.56
-515445	-265134.38
-397459	-265243.9
-333981	-265270.75
-498804	-265197.47
-517408	-265091.34
-515321	-264949.94
-395225	-264832.16
-334620	-264756.25
-498879	-264708.4
-517284	-264727.8
-515527	-264763.3
-398837	-264822.25
-333694	-264881.7
-498606	-264907.0
-517300	-264939.22
-515574	-264949.7
-400111	-264976.75
-333981	-265027.12
-498616	-265082.2
-517401	-265179.7
-515402	-265267.28
-398475	-265347.0
-334108	-265385.9
-498707	-265338.4
-517415	-265235.78
-515552	-265049.22
-400551	-264828.7
-334277	-264609.5
-498483	-264417.0
-517289	-264339.75
-515294	-264375.72
-397391	-264566.03
-333114	-264893.78
-498444	-265298.78
-517341	-265768.03
-515649	-266200.94
-402136	-266561.12
-342098	-266793.62
-498892	-266849.6
-517429	-266767.5
-515711	-266540.28
-400074	-266237.94
-332418	-265909.78
-498349	-265581.34
-517529	-265335.84
-515660	-265158.7
-398939	-265077.38
-332964	-265069.84
-498346	-265083.0
-517413	-265127.1
-515743	-265138.66
-400839	-265126.0
-332951	-265082.4
-498261	-264991.66
-517437	-264915.75
-515432	-264839.5
-397758	-264807.2
-332045	-264822.56
-498228	-264857.88
-517473	-264944.2
-515651	-265028.34
-398294	-265116.6
-330501	-265190.06
-497744	-265215.47
-517289	-265237.75
-515549	-265230.9
-399289	-265234.47
-332257	-265256.47
-498083	-265276.3
-517500	-265334.16
-515756	-265381.3
-398866	-265423.72
-332027	-265437.2
-498019	-265380.72
-517306	-265293.72
-515612	-265153.03
-399367	-265010.94
-331487	-264901.53
-497866	-264841.72
-517456	-264909.7
-515574	-265089.8
-399052	-265406.97
-332438	-265831.3
-497994	-266291.56
-517480	-266769.53
-515456	-267165.3
-398609	-267448.8
-335907	-267577.72
-498046	-267520.03
-517561	-267328.62
-515742	-267009.94
-399919	-266644.12
-331211	-266284.16
-497698	-265953.75
-517512	-265725.9
-515684	-265571.38
-399384	-265502.5
-331374	-265483.16
-497900	-265452.53
-517426	-265417.94
-515657	-265319.75
-399687	-265178.62
-330019	-265003.53
-497535	-264798.0
-517406	-264640.2
-515505	-264525.56
-398804	-264501.53
-331063	-264569.0
-497694	-264690.6
-517567	-264880.66
-515806	-265065.4
-400054	-265232.6
-329175	-265351.1
-497137	-265384.03
-517396	-265377.97
-515684	-265316.97
-399975	-265255.06
-329171	-265218.47
-497073	-265204.06
-517452	-265261.9
-515888	-265344.8
-401790	-265452.47
-329031	-265547.75
-497115	-265572.75
-517351	-265547.16
-515732	-265429.03
-401895	-265259.0
-329767	-265070.78
-497142	-264888.56
-517368	-264807.53
-515761	-264832.25
-401495	-265009.1
-330884	-265327.56
-497270	-265729.47
-517376	-266198.62
-515726	-266624.7
-401833	-266960.25
-332357	-267142.38
-496981	-267115.6
-517318	-266919.62
-515797	-266551.16
-402840	-266093.7
-329152	-265618.4
-496777	-265174.5
-517359	-264866.12
-515577	-264693.03
-399466	-264687.3
-326566	-264822.7
-496459	-265025.8
-517315	-265279.1
-515523	-265484.12
-400060	-265615.5
-327136	-265639.56
-496371	-265524.4
-517264	-265331.88
-515355	-265060.28
-398170	-264781.5
-327233	-264536.5
-496532	-264337.47
-517339	-264249.3
-515342	-264238.72
-398264	-264318.94
-326636	-264462.12
-496150	-264611.75
-517309	-264781.97
-513989	-264911.47
-383855	-265013.84
-324079	-265076.06
-496100	-265076.28
-517292	-265067.56
-514626	-265024.22
-389787	-264984.56
-324745	-264950.2
-496390	-264900.94
-517221	-264882.16
-514079	-264857.0
-385201	-264854.97
-324712	-264868.78
-496477	-264876.2
-517258	-264924.44
-512557	-264978.9
-374011	-265069.84
-321977	-265183.34
-496200	-265285.72
-517259	-265409.94
-512134	-265505.8
-370036	-265591.25
-323113	-265643.06
-496109	-265631.8
-517283	-265598.4
-512153	-265513.94
-370865	-265420.34
-321031	-265318.2
-496038	-265194.16
-517288	-265103.3
-512502	-265015.62
-372409	-264963.88
-320053	-264936.16
-495948	-264901.66
-517180	-264900.44
-513217	-264890.8
-376937	-264898.97
-319559	-264914.4
-495802	-264910.22
-517213	-264930.62
-514742	-264936.78
-391223	-264953.25
-321672	-264971.5
-495474	-264960.94
-517196	-264961.97
-515321	-264935.2
-397267	-264907.16
-322014	-264879.53
-495154	-264832.62
-517226	-264819.9
-515869	-264812.75
-405039	-264840.4
-326452	-264904.38
-495360	-264972.66
-517232	-265081.12
-516173	-265180.5
-410408	-265279.3
-327482	-265366.25
-495299	-265406.8
-517231	-265444.4
-516701	-265445.47
-424222	-265440.72
-335906	-265446.53
-495861	-265450.06
-517421	-265504.94
-516421	-265577.97
-413166	-265687.75
-328737	-265824.75
-495449	-265946.6
-517368	-266079.3
-516195	-266167.88
-410716	-266221.44
-330311	-266232.2
-495353	-266172.12
-517384	-266087.4
-516329	-265950.75
-411465	-265793.5
-326468	-265626.34
-494922	-265427.53
-517336	-265247.97
-516294	-265054.0
-412641	-264871.66
-324927	-264710.2
-494607	-264550.34
-517297	-264449.0
-516417	-264380.84
-415014	-264377.38
-325731	-264444.06
-494456	-264545.84
-517119	-264709.22
-516474	-264865.62
-418637	-264996.2
-327342	-265060.6
-494417	-264990.84
-517224	-264803.7
-516600	-264451.3
-421698	-263966.12
-328109	-263388.7
-494357	-262746.2
-517219	-262150.56
-516569	-261631.78
-423173	-261265.05
-329159	-261089.97
-494463	-261083.58
-517401	-261264.23
-516721	-261539.9
-423948	-261854.4
-327099	-262129.97
-493900	-262260.3
-517291	-262231.84
-516674	-261976.84
-425241	-261518.28
-328495	-260897.66
-493944	-260148.73
-517325	-259393.05
-516692	-258670.44
-425121	-258066.12
-329406	-257628.19
-494456	-257344.33
-517349	-257245.47
-516726	-257257.89
-425513	-257348.0
-330517	-257465.88
-494222	-257535.78
-517351	-257568.31
-516689	-257514.11
-426601	-257400.17
-330023	-257257.16
-494255	-257091.33
-517342	-256985.9
-516591	-256934.58
-426351	-256976.97
-327703	-257126.8
-493857	-257350.08
-517397	-257678.39
-516769	-258054.7
-427341	-258479.2
-327691	-258943.94
-493469	-259410.3
-517420	-259918.34
-516812	-260427.42
-427409	-260951.1
-329493	-261486.0
-494175	-261988.4
-517301	-262483.8
-516681	-262912.47
-428000	-263275.25
-327596	-263570.6
-493489	-263774.22
-517399	-263953.72
-516777	-264105.94
-427988	-264295.88
-329060	-264575.34
-493932	-264953.62
-517477	-265496.8
-516829	-266161.1
-428347	-266931.9
-326129	-267758.16
-493376	-268532.7
-517716	-269219.56
-517166	-269705.03
-429879	-269951.9
-328359	-269942.1
-493747	-269656.0
-517873	-269182.75
-517354	-268554.62
-430180	-267874.12
-328414	-267233.72
-494282	-266674.2
-518242	-266287.7
-517553	-266052.6
-430222	-265971.97
-329084	-266012.94
-493766	-266090.94
-517967	-266192.9
-517161	-266233.28
-431006	-266198.2
-329497	-266087.78
-493923	-265886.1
-517878	-265672.62
-517174	-265451.47
-431478	-265281.12
-327609	-265202.1
-493089	-265200.38
-517661	-265321.1
-517016	-265506.8
-431346	-265745.06
-326707	-266009.38
-492613	-266238.25
-517559	-266454.94
-516972	-266611.8
-431176	-266729.03
-327319	-266827.38
-493080	-266895.62
-517465	-266996.62
-516915	-267103.3
-432276	-267234.72
-327578	-267390.3
-492669	-267525.16
-517419	-267664.4
-516945	-267751.06
-432298	-267788.1
-328725	-267778.8
-492954	-267704.25
-517574	-267623.03
-516903	-267517.38
-432232	-267425.88
-326586	-267374.4
-492253	-267347.03
-517367	-267389.38
-516988	-267454.0
-433171	-267543.97
-327682	-267648.0
-492549	-267724.06
-517492	-267803.97
-516757	-267843.84
-433159	-267863.94
-329104	-267878.44
-493002	-267876.8
-517474	-267910.9
-516752	-267946.8
-434553	-267999.6
-344266	-268064.88
-494648	-268112.88
-517659	-268165.88
-516875	-268170.03
-432121	-268132.6
-329359	-268055.2
-492965	-267923.3
-517404	-267790.94
-516961	-267637.4
-432406	-267499.16
-326732	-267401.1
-492018	-267333.28
-517669	-267340.47
-517307	-267378.72
-433367	-267451.97
-330927	-267549.1
-492929	-267629.44
-517824	-267719.25
-517247	-267767.88
-432199	-267787.06
-329014	-267785.97
-492764	-267744.3
-517564	-267717.4
-517103	-267675.28
-431895	-267642.44
-331556	-267628.7
-493201	-267604.6
-517566	-267612.2
-517026	-267605.22
-430080	-267594.94
-329344	-267583.7
-492644	-267540.9
-517504	-267516.62
-516957	-267480.12
-426627	-267458.97
-325403	-267470.06
-492045	-267487.22
-517445	-267561.84
-516628	-267654.6
-420002	-267778.5
-322189	-267929.1
-492075	-268055.94
-517550	-268194.44
-516785	-268297.12
-421736	-268374.84
-322472	-268431.16
-492240	-268432.88
-517486	-268434.8
-516811	-268408.1
-426432	-268380.9
-339258	-268366.7
-493956	-268342.75
-517439	-268357.88
-516994	-268373.0
-428168	-268398.47
-325352	-268432.06
-491863	-268426.84
-517506	-268419.56
-516939	-268363.4
-426824	-268271.16
-323034	-268153.34
-491391	-267983.72
-517481	-267827.06
-517051	-267663.56
-426604	-267531.06
-325246	-267454.78
-491939	-267410.25
-517391	-267450.7
-516991	-267531.3
-429597	-267651.8
-323824	-267800.88
-491226	-267916.16
-517386	-268025.6
-517083	-268076.5
-431656	-268079.84
-324331	-268052.28
-491035	-267972.1
-517549	-267911.9
-517059	-267857.72
-432243	-267843.22
-327411	-267886.1
-491917	-267942.8
-517559	-268045.28
-517104	-268128.47
-433249	-268177.06
-324878	-268176.75
-490477	-268076.72
-517392	-267934.06
-517042	-267738.84
-434761	-267552.03
-326592	-267440.6
-490976	-267422.03
-517530	-267592.25
-517095	-267933.56
-434851	-268451.3
-325530	-269113.38
-490855	-269808.62
-517479	-270496.47
-517211	-271045.94
-435581	-271390.66
-332006	-271486.53
-491710	-271281.06
-517691	-270848.88
-517151	-270216.88
-435619	-269490.12
-327461	-268781.53
-491315	-268147.0
-517427	-267710.97
-517089	-267475.8
-436526	-267458.78
-327780	-267637.94
-491163	-267914.44
-517449	-268267.25
-516982	-268587.9
-436132	-268835.25
-327994	-268988.5
-491247	-269003.28
-517507	-268949.3
-517077	-268824.72
-436092	-268685.94
-325836	-268581.88
-490768	-268497.88
-517320	-268492.4
-517039	-268519.62
-436336	-268572.2
-327164	-268632.2
-491086	-268632.12
-517568	-268600.84
-517094	-268488.8
-436075	-268308.12
-327812	-268075.78
-491320	-267761.7
-517324	-267425.53
-517017	-267036.75
-436868	-266613.16
-327764	-266169.62
-491116	-265673.25
-517621	-265192.2
-517149	-264716.47
-437053	-264302.1
-329234	-264010.47
-491284	-263853.72
-517455	-263928.56
-517096	-264223.06
-436622	-264749.94
-327668	-265485.9
-490986	-266323.6
-517414	-267222.78
-517110	-268042.03
-437143	-268695.06
-328164	-269113.56
-490691	-269211.03
-517629	-269034.94
-517207	-268587.56
-437384	-267958.25
-326706	-267258.16
-490909	-266551.2
-517670	-265982.25
-517222	-265581.12
-437922	-265392.56
-327400	-265422.47
-490850	-265589.06
-517651	-265881.7
-517151	-266192.84
-437652	-266471.25
-325821	-266683.62
-490391	-266767.12
-517839	-266779.5
-517310	-266710.94
-437837	-266616.12
-326171	-266551.44
-490225	-266511.47
-517540	-266570.06
-517174	-266692.94
-438360	-266879.5
-327351	-267115.56
-490388	-267327.22
-517631	-267535.8
-517247	-267682.22
-438252	-267769.4
-325431	-267812.6
-490307	-267782.6
-517535	-267748.47
-517145	-267692.75
-438800	-267644.12
-325349	-267625.62
-489868	-267596.56
-517651	-267607.7
-517236	-267617.28
-439390	-267635.2
-326329	-267675.06
-489815	-267699.38
-517346	-267769.03
-517137	-267855.9
-438997	-267980.12
-324622	-268155.72
-489553	-268333.56
-517499	-268550.12
-517143	-268746.9
-439336	-268913.1
-328094	-269039.97
-489716	-269072.8
-517463	-269054.62
-517267	-268959.56
-439531	-268820.22
-325843	-268675.9
-489511	-268512.28
-517527	-268405.03
-517301	-268332.97
-439921	-268313.97
-325486	-268354.34
-488494	-268394.53
-517408	-268464.56
-517118	-268504.38
-438619	-268509.6
-327012	-268483.97
-490178	-268387.72
-517581	-268284.16
-517241	-268155.56
-438737	-268037.44
-324299	-267963.97
-489180	-267905.75
-517628	-267919.88
-517284	-267965.66
-438857	-268043.97
-325601	-268151.75
-489130	-268230.34
-517561	-268316.38
-517296	-268365.53
-439009	-268390.75
-324174	-268410.97
-488871	-268395.1
-517591	-268405.66
-517232	-268415.25
-439058	-268443.66
-323359	-268503.53
-488139	-268548.5
-517518	-268620.5
-517274	-268670.47
-438847	-268702.66
-322736	-268722.22
-488316	-268688.97
-517517	-268656.25
-517151	-268593.8
-439648	-268523.78
-320904	-268470.16
-487150	-268400.88
-517607	-268372.4
-517424	-268347.8
-440499	-268339.62
-324099	-268357.97
-487571	-268360.06
-517561	-268388.62
-517167	-268406.72
-441058	-268426.1
-320566	-268460.47
-487344	-268466.28
-517551	-268492.22
-517320	-268497.47
-442302	-268489.9
-320887	-268480.16
-486751	-268424.2
-517436	-268374.5
-517234	-268297.44
-442519	-268214.47
-322249	-268151.94
-487264	-268081.53
-517544	-268065.28
-517286	-268072.53
-443056	-268117.03
-321756	-268207.22
-486796	-268287.6
-517592	-268392.72
-517220	-268467.12
-442956	-268506.66
-321313	-268518.12
-486507	-268457.25
-517476	-268384.34
-517137	-268278.53
-442932	-268172.1
-320018	-268101.66
-486083	-268039.88
-517199	-268047.25
-517026	-268085.84
-443397	-268156.47
-320521	-268257.4
-486116	-268323.56
-517502	-268387.2
-517237	-268398.47
-443505	-268364.9
-320952	-268309.3
-486207	-268203.47
-517358	-268121.97
-517140	-268051.25
-443704	-268023.2
-320369	-268064.7
-485767	-268131.75
-517459	-268266.1
-517212	-268409.88
-443961	-268549.72
-323374	-268676.5
-485734	-268727.16
-517417	-268742.16
-517164	-268686.25
-443598	-268584.2
-318528	-268472.6
-485246	-268330.03
-517474	-268231.62
-517260	-268157.47
-444178	-268127.28
-319559	-268156.5
-485507	-268189.34
-517374	-268261.28
-517048	-268318.06
-443865	-268355.25
-319777	-268379.7
-485527	-268343.0
-517410	-268302.56
-517199	-268232.38
-444522	-268157.9
-318752	-268108.72
-484915	-268049.9
-517386	-268037.94
-517187	-268034.34
-444729	-268044.47
-320174	-268075.56
-485199	-268072.62
-517318	-268079.84
-517218	-268057.03
-444275	-268015.53
-318701	-267976.3
-484889	-267899.8
-517324	-267844.12
-517114	-267777.5
-444225	-267713.94
-318797	-267669.66
-485140	-267597.38
-517382	-267546.44
-517147	-267479.38
-444207	-267410.4
-319472	-267360.88
-485045	-267293.97
-517402	-267270.53
-517236	-267263.0
-444097	-267288.34
-319381	-267363.7
-485264	-267437.34
-517298	-267550.5
-517092	-267651.88
-444619	-267737.06
-320621	-267808.88
-483784	-267814.2
-517484	-267802.62
-517222	-267743.8
-444202	-267662.1
-316642	-267590.66
-484187	-267500.75
-517359	-267459.88
-517182	-267441.97
-445089	-267461.6
-319051	-267533.44
-484284	-267604.2
-517377	-267713.78
-517307	-267814.16
-444789	-267905.1
-319319	-267995.7
-484523	-268036.1
-517382	-268077.84
-517187	-268085.66
-444461	-268073.34
-317432	-268060.9
-484082	-268004.25
-517335	-267956.94
-517177	-267884.22
-444772	-267799.25
-319875	-267723.7
-484713	-267618.5
-517451	-267543.78
-517285	-267473.44
-444746	-267427.12
-317353	-267427.25
-483994	-267429.38
-517296	-267481.62
-517322	-267539.06
-445222	-267600.53
-317455	-267672.03
-483869	-267696.3
-517442	-267721.2
-517111	-267711.34
-444976	-267684.75
-317239	-267671.53
-484061	-267639.62
-517342	-267654.12
-517164	-267687.16
-444355	-267750.38
-313531	-267855.3
-483045	-267939.66
-517273	-268037.22
-517249	-268092.84
-445764	-268101.8
-313774	-268075.28
-481829	-267967.12
-517319	-267841.47
-517029	-267682.16
-443402	-267523.94
-304644	-267410.03
-480078	-267308.16
-517230	-267281.0
-517046	-267291.16
-447855	-267339.38
-307331	-267429.78
-479909	-267493.78
-517391	-267566.4
-517089	-267600.22
-450666	-267600.78
-306976	-267593.78
-479317	-267541.44
-517264	-267509.12
-517050	-267476.16
-453881	-267461.1
-309293	-267490.84
-479446	-267513.12
-517584	-267571.4
-517176	-267616.97
-458986	-267644.97
-316740	-267667.88
-480417	-267634.78
-517634	-267600.12
-517221	-267536.62
-459429	-267463.7
-312438	-267417.47
-478501	-267360.1
-517784	-267348.88
-517352	-267348.0
-461887	-267359.7
-313784	-267400.7
-478094	-267414.25
-506578	-267450.25
-497084	-267472.3
-461762	-267483.6
-310436	-267517.28
-475567	-267530.84
-397634	-267609.88
-361479	-267714.4
-461981	-267800.44
-316119	-267893.22
-476064	-267925.94
-405262	-267961.03
-371710	-267949.25
-461354	-267857.16
-316152	-267733.2
-476439	-267549.12
-409088	-267412.28
-370340	-267316.4
-462662	-267254.25
-315267	-267280.7
-474945	-267346.94
-388143	-267523.03
-351610	-267742.0
-463140	-267931.8
-315870	-268100.7
-474677	-268173.66
-384403	-268225.16
-347122	-268221.9
-461461	-268146.12
-314222	-268070.53
-475272	-267978.25
-379076	-267981.97
-340621	-268055.94
-461465	-268157.72
-312925	-268311.5
-473812	-268438.12
-375786	-268593.66
-339397	-268714.1
-462174	-268747.66
-315301	-268743.12
-474416	-268672.25
-378526	-268653.4
-338950	-268680.53
-463419	-268735.66
-316856	-268869.44
-474432	-269018.16
-398444	-269232.94
-364830	-269433.97
-466536	-269546.16
-322076	-269582.47
-476089	-269489.5
-489784	-269348.4
-482085	-269169.34
-468082	-269007.25
-320451	-268949.47
-476771	-268988.2
-517581	-269185.2
-517092	-269476.97
-470507	-269806.1
-330102	-270113.06
-479651	-270267.22
-518159	-270256.06
-517427	-270018.7
-461177	-269584.47
-322768	-269048.56
-480441	-268471.38
-517901	-268025.94
-517278	-267781.8
-459148	-267808.06
-318368	-268131.06
-480540	-268642.06
-517704	-269285.94
-517293	-269891.34
-455998	-270339.44
-315683	-270568.16
-480627	-270511.1
-517671	-270281.84
-517191	-269969.28
-455016	-269743.44
-314948	-269786.53
-480866	-270162.5
-517480	-270959.47
-517122	-272077.4
-454648	-273368.62
-315156	-274641.4
-481023	-275620.44
-517491	-276182.9
-517098	-276211.44
-454268	-275759.38
-316232	-275023.56
-481296	-274225.78
-517447	-273727.88
-517079	-273760.3
-454601	-274477.06
-316355	-275866.84
-480944	-277640.5
-517402	-279426.5
-517008	-280635.34
-454381	-280689.47
-315356	-279109.47
-480281	-275534.4
-517437	-269979.12
-517135	-262671.6
-454077	-254166.97
-312109	-245242.02
-479402	-236690.28
-517325	-229363.8
-517044	-223846.61
-454272	-220488.56
-314701	-219327.81
-480118	-220013.38
-517254	-222049.94
-516994	-224708.92
-454309	-227293.1
-318680	-229229.48
-479545	-230081.4
-517414	-229766.64
-517001	-228364.1
-454294	-226191.72
-313782	-223692.58
-479670	-221247.16
-517274	-219260.27
-517006	-217900.38
-454507	-217208.72
-316258	-217086.06
-480381	-217255.98
-517433	-217510.7
-517146	-217584.47
-454362	-217343.39
-313350	-216783.05
-479427	-215937.05
-517330	-215018.84
-517081	-214176.34
-454223	-213569.05
-313791	-213296.72
-479727	-213292.5
-517372	-213509.88
-517074	-213761.88
-454006	-213909.22
-314912	-213889.72
-480522	-213676.47
-517342	-213477.81
-517080	-213531.52
-454357	-214197.16
-315942	-215863.48
-480422	-218785.12
-517191	-223189.12
-516974	-229029.38
-454339	-236102.2
-317071	-244036.62
-480501	-252260.73
-517239	-260254.42
-517087	-267437.5
-453962	-273384.47
-317057	-277852.3
-480817	-280720.44
-517216	-282161.66
-516979	-282407.66
-453849	-281822.47
-315785	-280808.12
-480126	-279653.25
-517075	-278665.5
-517069	-277946.62
-453847	-277529.97
-315418	-277374.03
-478248	-277310.62
-517201	-277264.5
-517031	-277091.75
-453873	-276738.7
-315295	-276223.2
-479991	-275542.7
-517171	-274837.78
-516954	-274163.03
-453992	-273604.2
-316597	-273232.5
-480095	-273005.53
-517098	-272954.8
-516936	-272988.72
-453637	-273046.53
-314111	-273089.06
-479399	-273018.62
-517141	-272878.34
-516954	-272640.62
-453738	-272343.22
-315532	-272052.72
-479949	-271758.84
-517106	-271556.5
-517052	-271426.72
-453480	-271374.2
-313798	-271404.6
-479522	-271431.62
-517096	-271480.28
-516894	-271483.1
-453562	-271423.44
-313416	-271313.1
-479319	-271096.44
-517197	-270843.88
-517079	-270538.3
-453827	-270207.16
-314434	-269896.22
-479597	-269569.47
-517076	-269303.94
-516956	-269077.3
-453715	-268905.16
-312727	-268821.3
-478921	-268762.75
-517088	-268786.94
-516992	-268834.88
-454061	-268918.78
-313415	-269065.22
-478951	-269155.97
-517071	-269229.75
-516972	-269226.4
-453997	-269166.6
-313014	-269098.88
-477212	-268942.8
-517108	-268776.7
-517049	-268580.06
-454127	-268403.16
-313678	-268311.72
-479176	-268223.12
-517020	-268197.5
-516964	-268178.8
-454248	-268181.62
-313751	-268234.12
-479060	-268219.03
-517060	-268182.7
-516969	-268073.5
-454072	-267929.22
-311191	-267814.0
-477946	-267647.78
-516907	-267513.6
-516767	-267383.97
-454567	-267306.44
-314174	-267338.12
-478667	-267375.94
-517086	-267470.56
-516946	-267559.22
-454319	-267659.22
-312322	-267805.78
-478550	-267885.78
-517041	-267954.06
-516931	-267963.16
-454504	-267952.16
-311561	-267981.44
-477979	-267959.16
-517038	-267954.84
-516874	-267932.38
-454552	-267925.3
-313943	-267983.3
-478848	-268008.47
-517071	-268054.16
-516940	-268079.78
-454426	-268089.97
-311123	-268109.78
-477694	-268066.38
-516954	-268016.34
-516859	-267927.06
-454639	-267808.16
-312548	-267693.0
-478248	-267535.38
-517074	-267406.4
-516986	-267290.56
-454872	-267207.38
-312662	-267192.12
-476811	-267193.9
-517164	-267267.12
-517021	-267367.88
-454516	-267486.38
-311197	-267627.78
-477966	-267716.2
-517086	-267793.28
-516989	-267813.7
-454934	-267782.4
-312244	-267730.84
-478171	-267618.0
-517022	-267521.97
-516933	-267426.7
-454885	-267354.8
-310719	-267340.4
-477721	-267328.97
-517056	-267371.28
-517043	-267418.0
-455134	-267457.25
-311786	-267498.44
-477518	-267474.88
-516957	-267441.7
-516952	-267368.25
-454968	-267272.8
-310007	-267197.8
-477342	-267104.88
-516890	-267066.28
-516851	-267054.53
-455552	-267074.44
-309390	-267142.62
-475734	-267190.3
-516929	-267258.56
-516902	-267298.03
-455788	-267305.47
-312565	-267303.9
-477792	-267244.16
-516904	-267195.66
-516969	-267136.8
-455781	-267085.38
-311105	-267074.3
-477157	-267049.97
-516938	-267065.66
-516989	-267075.1
-455867	-267072.25
-311585	-267072.1
-476998	-267015.9
-516835	-266965.12
-516884	-266895.5
-456022	-266830.16
-309431	-266812.38
-474598	-266802.97
-517052	-266865.72
-516964	-266964.34
-456447	-267090.66
-311459	-267246.88
-477137	-267351.44
-516994	-267436.66
-516859	-267449.1
-456226	-267387.5
-311427	-267285.1
-477157	-267107.12
-517167	-266942.2
-516989	-266789.1
-456393	-266683.47
-310117	-266670.03
-476630	-266699.38
-516989	-266818.84
-516939	-266969.75
-456451	-267124.56
-311126	-267275.2
-476501	-267338.62
-517007	-267357.06
-516919	-267295.72
-456447	-267174.47
-308911	-267046.06
-475958	-266887.97
-517074	-266789.2
-517037	-266737.06
-457782	-266747.34
-310629	-266840.03
-475902	-266941.97
-516921	-267083.2
-516924	-267198.5
-457636	-267267.7
-310110	-267301.2
-475692	-267241.6
-516971	-267156.78
-516956	-267034.0
-458126	-266905.25
-311237	-266821.97
-476274	-266749.3
-517162	-266752.78
-517055	-266794.16
-458033	-266865.28
-312179	-266969.97
-476793	-267032.0
-517704	-267088.97
-517696	-267095.78
-458826	-267057.0
-308065	-267008.5
-472504	-266912.0
-517551	-266843.06
-517452	-266785.5
-459274	-266756.22
-310373	-266784.6
-475929	-266810.84
-517527	-266880.25
-517341	-266942.5
-459087	-266988.22
-310542	-267032.1
-475772	-267014.97
-517347	-266997.06
-517157	-266952.28
-458981	-266898.66
-308581	-266873.97
-474971	-266832.06
-517121	-266833.47
-517204	-266839.7
-459892	-266846.28
-309404	-266867.56
-474854	-266837.66
-517256	-266805.12
-517235	-266732.9
-460196	-266631.12
-306094	-266539.22
-473278	-266416.6
-517110	-266338.47
-517051	-266284.84
-462070	-266270.8
-308888	-266328.0
-473497	-266397.6
-517111	-266527.8
-517006	-266670.22
-462956	-266813.16
-310537	-266968.9
-473720	-267070.53
-517119	-267166.0
-517044	-267215.12
-464561	-267220.47
-309656	-267210.56
-472307	-267134.6
-517033	-267054.12
-516986	-266941.1
-465829	-266806.94
-311716	-266690.06
-472273	-266547.34
-517074	-266448.2
-517016	-266369.6
-466072	-266324.44
-306427	-266347.38
-467698	-266383.8
-517032	-266483.1
-517015	-266600.12
-468083	-266722.2
-309963	-266861.97
-470229	-266950.38
-517089	-267032.38
-516966	-267069.34
-469021	-267065.5
-312229	-267056.97
-471006	-267000.38
-517155	-266963.03
-517051	-266919.72
-471941	-266877.12
-321146	-266863.1
-472843	-266822.0
-517361	-266804.1
-517096	-266768.7
-469383	-266715.75
-320939	-266673.5
-474121	-266596.88
-517239	-266552.22
-517146	-266516.34
-465594	-266503.06
-315831	-266543.0
-473717	-266580.4
-517179	-266662.38
-517032	-266739.66
-463880	-266798.53
-314564	-266850.97
-473972	-266835.66
-517087	-266810.8
-516941	-266753.6
-461857	-266687.84
-313122	-266664.0
-474507	-266650.47
-516915	-266720.03
-516971	-266840.53
-461360	-267006.06
-313524	-267218.28
-474669	-267389.84
-516889	-267542.3
-516903	-267610.9
-459716	-267580.78
-313540	-267476.16
-475489	-267259.06
-516924	-267019.75
-516914	-266765.66
-460202	-266544.8
-313740	-266419.53
-471843	-266359.16
-516839	-266423.62
-516997	-266563.78
-458412	-266753.16
-314024	-266976.88
-475561	-267140.62
-516847	-267270.66
-516986	-267313.6
-456934	-267273.28
-311077	-267189.4
-475451	-267032.66
-516736	-266892.8
-516828	-266763.12
-457226	-266668.16
-309857	-266640.53
-474302	-266618.12
-516694	-266643.12
-516854	-266657.97
-457238	-266647.34
-311179	-266621.75
-474739	-266524.47
-516696	-266422.88
-516866	-266300.88
-457613	-266189.1
-310006	-266137.97
-473884	-266110.66
-516735	-266174.25
-516920	-266289.84
-457229	-266447.94
-310272	-266651.66
-474122	-266820.9
-516682	-266993.75
-516832	-267121.7
-457296	-267204.94
-309580	-267275.22
-474002	-267289.97
-516652	-267322.25
-516926	-267350.38
-457917	-267386.28
-311356	-267453.72
-474270	-267488.22
-516631	-267531.9
-516906	-267532.75
-457610	-267481.1
-310262	-267396.03
-473967	-267225.03
-516592	-267040.12
-516873	-266828.78
-457694	-266623.44
-305374	-266479.22
-466456	-266364.8
-516597	-266353.78
-516861	-266420.1
-458156	-266566.88
-311117	-266812.38
-473792	-267089.53
-516730	-267443.88
-516885	-267828.28
-458002	-268237.56
-308350	-268688.5
-473224	-269115.1
-516594	-269562.53
-516774	-269979.72
-458345	-270350.0
-309101	-270675.72
-473264	-270877.1
-516674	-270993.16
-516930	-270977.28
-458868	-270834.2
-311427	-270602.84
-474116	-270253.16
-516679	-269877.88
-516920	-269480.28
-458864	-269101.16
-310188	-268794.78
-473439	-268521.8
-516731	-268344.97
-516958	-268220.22
-458785	-268134.22
-310074	-268092.2
-473111	-268018.3
-516709	-267958.06
-516872	-267872.22
-458052	-267770.25
-307777	-267689.97
-472537	-267589.88
-516810	-267541.5
-517155	-267517.94
-458537	-267523.34
-309399	-267575.06
-472794	-267601.72
-516709	-267644.25
-516899	-267651.75
-457603	-267618.7
-309734	-267569.8
-473108	-267456.6
-516656	-267352.28
-516939	-267241.72
-456252	-267147.4
-308212	-267108.8
-467657	-267074.72
-516664	-267097.12
-517086	-267129.22
-455710	-267155.06
-308469	-267181.56
-472656	-267136.22
-516674	-267071.16
-516969	-266954.2
-451067	-266803.47
-302733	-266662.97
-472011	-266497.0
-516635	-266383.62
-517081	-266302.0
-448354	-266263.28
-301428	-266288.1
-472209	-266307.53
-516657	-266366.56
-516959	-266415.03
-444708	-266449.8
-299791	-266489.84
-472944	-266476.94
-516615	-266477.72
-516946	-266465.4
-443231	-266454.5
-297872	-266471.75
-472220	-266455.94
-516776	-266461.47
-517011	-266445.2
-442513	-266408.38
-297992	-266373.06
-472234	-266285.75
-516741	-266221.97
-516894	-266167.84
-439269	-266154.28
-294497	-266223.72
-471420	-266323.84
-516592	-266509.88
-516915	-266726.28
-440352	-266946.3
-297308	-267149.78
-472360	-267232.1
-516741	-267219.38
-516918	-267060.47
-436832	-266768.66
-293890	-266397.0
-471840	-265933.1
-516631	-265500.4
-516736	-265130.03
-433339	-264886.56
-289198	-264828.03
-463129	-264902.8
-516633	-265151.25
-516927	-265499.1
-435224	-265896.78
-294338	-266304.8
-472066	-266606.72
-516628	-266826.84
-516734	-266918.84
-428457	-266901.84
-288879	-266829.47
-471356	-266680.78
-516708	-266564.0
-516634	-266486.2
-428491	-266483.78
-290633	-266586.78
-471258	-266723.16
-516680	-266928.78
-516608	-267142.5
-428356	-267343.1
-289951	-267527.78
-471534	-267618.9
-516600	-267672.25
-516547	-267662.34
-428329	-267613.53
-289700	-267562.56
-470959	-267461.75
-516654	-267379.66
-516601	-267288.6
-427596	-267201.2
-290478	-267137.8
-471584	-267039.9
-516661	-266972.34
-516596	-266911.38
-429529	-266878.8
-290646	-266907.25
-470931	-266941.78
-516580	-267041.12
-516374	-267162.38
-424109	-267298.22
-289919	-267444.44
-471424	-267515.38
-516654	-267549.9
-516398	-267503.44
-422241	-267389.34
-289432	-267241.06
-472076	-267022.75
-516572	-266823.5
-516153	-266638.78
-418497	-266503.3
-280484	-266446.25
-462147	-266404.03
-516584	-266415.06
-516323	-266423.44
-423367	-266411.56
-290900	-266374.44
-471854	-266239.16
-516707	-266062.16
-516082	-265820.25
-419053	-265546.66
-286131	-265284.25
-469857	-264996.4
-516602	-264759.16
-516031	-264545.62
-419304	-264367.3
-288024	-264233.47
-470679	-264074.2
-516624	-263939.44
-515986	-263792.12
-418506	-263649.9
-285957	-263542.38
-470452	-263423.66
-516572	-263365.25
-515794	-263338.5
-417517	-263349.94
-287292	-263400.4
-470626	-263403.88
-516726	-263391.16
-516016	-263303.9
-417747	-263143.94
-287547	-262934.72
-471038	-262643.25
-516676	-262370.75
-515946	-262133.62
-417629	-261992.55
-284665	-261998.38
-469376	-262100.33
-516564	-262336.7
-516245	-262624.62
-423566	-262906.53
-288412	-263124.9
-469619	-263151.94
-516694	-263001.28
-516319	-262629.34
-422168	-262076.75
-287229	-261427.67
-469761	-260712.02
-516608	-260086.66
-516064	-259604.92
-417707	-259339.17
-277919	-259330.52
-460119	-259496.33
-516538	-259835.05
-516166	-260230.38
-421176	-260601.9
-288794	-260889.02
-469914	-260980.6
-516600	-260921.02
-515951	-260700.14
-418897	-260384.64
-286669	-260064.52
-469051	-259753.1
-516446	-259566.12
-515959	-259500.4
-420236	-259566.33
-288919	-259751.69
-470036	-259946.92
-516532	-260154.83
-515835	-260293.5
-418083	-260347.77
-286389	-260332.56
-469446	-260210.42
-516386	-260081.67
-515578	-259960.39
-417563	-259901.64
-285917	-259948.14
-468989	-260042.94
-516423	-260224.03
-515813	-260419.88
-419564	-260598.22
-287903	-260737.72
-469526	-260755.8
-516391	-260709.75
-515632	-260586.53
-417374	-260436.02
-285546	-260318.77
-469007	-260210.45
-516342	-260189.1
-515982	-260213.8
-423085	-260265.12
-289854	-260312.02
-469276	-260239.69
-516291	-260059.98
-516081	-259713.73
-423749	-259217.75
-286581	-258632.02
-468204	-257966.38
-516348	-257365.55
-515987	-256882.64
-420243	-256600.66
-276026	-256579.61
-457230	-256760.22
-516289	-257158.64
-516409	-257673.97
-426961	-258227.58
-289562	-258751.97
-468877	-259117.45
-516562	-259340.3
-516364	-259378.78
-426421	-259267.58
-289154	-259074.11
-468295	-258799.25
-516436	-258559.08
-516127	-258360.02
-423955	-258235.8
-288030	-258204.53
-468087	-258192.67
-516326	-258234.25
-515956	-258268.97
-422903	-258292.48
-286191	-258319.44
-467577	-258301.64
-516118	-258313.88
-515811	-258335.34
-422939	-258386.06
-287611	-258480.1
-467587	-258544.95
-516350	-258614.23
-516033	-258624.28
-423441	-258568.12
-288064	-258461.86
-468167	-258269.78
-516266	-258092.45
-516168	-257948.14
-429097	-257904.23
-290290	-258024.44
-468169	-258273.9
-516152	-258695.06
-516246	-259199.03
-433637	-259712.19
-294030	-260156.12
-468691	-260382.3
-516394	-260378.16
-516449	-260075.7
-433141	-259501.83
-291001	-258743.4
-467727	-257852.16
-516331	-257011.58
-516429	-256307.98
-430544	-255849.33
-281357	-255713.67
-459987	-255852.45
-516256	-256278.53
-516701	-256874.94
-442569	-257543.72
-296399	-258204.06
-468559	-258720.55
-516279	-259100.17
-516721	-259293.08
-452554	-259325.9
-300949	-259267.27
-467107	-259122.58
-516180	-258998.12
-516739	-258888.98
-454247	-258810.0
-304004	-258775.05
-468571	-258712.84
-516291	-258655.16
-516758	-258547.3
-455568	-258392.31
-302361	-258231.42
-467051	-258046.06
-516141	-257930.45
-516764	-257877.31
-459041	-257905.42
-306430	-258032.05
-467364	-258179.22
-516277	-258357.83
-516756	-258479.72
-461642	-258506.47
-308079	-258444.0
-467674	-258257.9
-516310	-258046.72
-516793	-257839.92
-462474	-257715.61
-306611	-257764.14
-466244	-257973.81
-516259	-258395.12
-516715	-258938.7
-463541	-259513.3
-308468	-260025.48
-466477	-260309.88
-516282	-260324.66
-516809	-259983.53
-464770	-259298.55
-307104	-258370.34
-464951	-257280.92
-516106	-256245.02
-516735	-255388.88
-459936	-254853.81
-298672	-254752.58
-459742	-255058.52
-516286	-255776.02
-516811	-256758.47
-465237	-257855.95
-308323	-258934.5
-465954	-259804.19
-516266	-260416.73
-516706	-260686.89
-465254	-260626.86
-307811	-260321.61
-465131	-259819.12
-516499	-259278.45
-516961	-258757.2
-465145	-258326.52
-307559	-258047.22
-463606	-257875.62
-516182	-257838.44
-516776	-257855.62
-464272	-257884.8
-306802	-257916.7
-464816	-257888.39
-516227	-257855.39
-516799	-257794.7
-464001	-257730.86
-306057	-257711.4
-464362	-257706.9
-516320	-257775.3
-516757	-257875.02
-463716	-257996.89
-305789	-258157.98
-465085	-258310.23
-516191	-258513.83
-516766	-258745.4
-464096	-259024.14
-304613	-259388.11
-463539	-259790.66
-516162	-260264.31
-516652	-260727.02
-464491	-261116.77
-307009	-261387.03
-463976	-261424.25
-516109	-261236.84
-516594	-260776.42
-465192	-260074.61
-306726	-259233.19
-463374	-258317.67
-516336	-257513.5
-516807	-256914.48
-458964	-256632.78
-297963	-256761.17
-459164	-257269.1
-516306	-258171.39
-516757	-259343.42
-462978	-260663.83
-305399	-262024.36
-464374	-263254.75
-516184	-264312.4
-516772	-265101.62
-463368	-265610.3
-306086	-265887.34
-464338	-265940.53
-516302	-265891.38
-516851	-265769.38
-459003	-265633.75
-303981	-265546.8
-464917	-265482.66
-516225	-265498.88
-516844	-265552.66
-458811	-265638.7
-300226	-265776.1
-462769	-265917.7
-516172	-266119.47
-516814	-266346.06
-461176	-266595.7
-304685	-266880.94
-463964	-267134.94
-516386	-267381.94
-516888	-267553.72
-458332	-267628.6
-299706	-267621.06
-463266	-267493.5
-516120	-267329.03
-516796	-267135.44
-459581	-266967.66
-297929	-266900.12
-461876	-266916.84
-516217	-267075.9
-516780	-267313.94
-467427	-267577.38
-309842	-267819.22
-463504	-267918.2
-516316	-267863.9
-516976	-267584.25
-456749	-267086.34
-295956	-266440.44
-461651	-265678.88
-516292	-264960.72
-516849	-264357.03
-434844	-263968.4
-270883	-263879.0
-453913	-264050.16
-516401	-264507.38
-516990	-265142.47
-437445	-265862.12
-279019	-266583.22
-459788	-267158.25
-516827	-267574.53
-517761	-267765.6
-465521	-267740.16
-299081	-267567.88
-460396	-267263.34
-516972	-266950.3
-517812	-266654.94
-476816	-266419.25
-319401	-266289.94
-463043	-266219.78
-517376	-266240.2
-517997	-266284.06
-476439	-266319.3
-314899	-266352.03
-461031	-266328.88
-517324	-266305.7
-517801	-266258.38
-466540	-266202.78
-287949	-266181.53
-448960	-266149.12
-516292	-266151.25
-517705	-266139.5
-473447	-266097.47
-289769	-266047.53
-447691	-265938.78
-515906	-265834.06
-517599	-265721.75
-478829	-265630.53
-277936	-265630.1
-419546	-265694.34
-514766	-265869.66
-518291	-266106.25
-494277	-266357.84
-297876	-266608.5
-378621	-266761.72
-507917	-266790.7
-518625	-266629.34
-505447	-266261.72
-325194	-265749.8
-321920	-265138.47
-477884	-264521.6
-516652	-263954.25
-506196	-263513.75
-334620	-263296.3
-350204	-263318.2
-466583	-263603.16
-516697	-264071.66
-507775	-264649.22
-346156	-265285.75
-336052	-265885.2
-478316	-266390.1
-516324	-266713.75
-505870	-266822.25
-339294	-266750.97
-317939	-266513.1
-451482	-266170.53
-513216	-265738.62
-500281	-265270.12
-320284	-264855.75
-304597	-264526.97
-434616	-264337.75
-511219	-264265.9
-496302	-264314.5
-312028	-264510.34
-299162	-264808.25
-425429	-265186.9
-510031	-265545.22
-494744	-265820.28
-311328	-265992.2
-291744	-266000.53
-413787	-265846.84
-508393	-265497.03
-490231	-265000.2
-306959	-264476.8
-280426	-264018.4
-396095	-263760.1
-504991	-263748.6
-478438	-264049.38
-304291	-264705.22
-278096	-265645.16
-357781	-266782.6
-481871	-267890.9
-461946	-268778.53
-337276	-269278.8
-281066	-269236.28
-298852	-268607.62
-375636	-267335.16
-455232	-265476.8
-482161	-263189.75
-371902	-260717.84
-258197	-258376.9
-255184	-256358.9
-383418	-254814.44
-475350	-253857.6
-517122	-253537.48
-420659	-253921.22
-252661	-254932.5
-350687	-256408.72
-479494	-258201.34
-517421	-260190.16
-431157	-262352.62
-258732	-264608.72
-353681	-266846.06
-480177	-268987.53
-517457	-270975.9
-431267	-272824.28
-258107	-274455.7
-353611	-275734.75
-479848	-276559.94
-517364	-276873.1
-431524	-276733.34
-257407	-276167.94
-352750	-275201.84
-479537	-273927.22
-517199	-272485.84
-429056	-271101.0
-255065	-269898.78
-354449	-268912.8
-480162	-268157.6
-517216	-267618.6
-433021	-267320.94
-260016	-267189.66
-360094	-267092.88
-481253	-266945.56
-517257	-266710.78
-438081	-266459.4
-264617	-266209.62
-363621	-265935.4
-482194	-265634.2
-517323	-265301.62
-438616	-264982.66
-263197	-264620.75
-358957	-264090.12
-480560	-263301.38
-516999	-262214.1
-430442	-260916.16
-258899	-259476.52
-364007	-257966.7
-481928	-256533.06
-517173	-255355.23
-438201	-254672.22
-260371	-254595.95
-363536	-255101.34
-474369	-256105.17
-517951	-257450.11
-445014	-258990.61
-274677	-260466.95
-380184	-261566.8
-485977	-262057.22
-518682	-261795.72
-451165	-260806.98
-279881	-259138.81
-374217	-256867.17
-476930	-254158.72
-518301	-251219.8
-451281	-248330.02
-278781	-245665.33
-378722	-243298.36
-485739	-241279.42
-518482	-239625.23
-450389	-238382.67
-277647	-237495.86
-380371	-236836.16
-485940	-236302.9
-518266	-235813.22
-451397	-235364.16
-278559	-234887.02
-380248	-234266.5
-485674	-233435.2
-518381	-232357.73
-453181	-231090.9
-279171	-229640.78
-381137	-227975.97
-485997	-226112.58
-518344	-224088.89
-456810	-222010.34
-279630	-219895.3
-376734	-217685.2
-484799	-215334.61
-518139	-212807.81
-461664	-210152.14
-279594	-207378.86
-369661	-204497.5
-483871	-201618.92
-518239	-198945.64
-466802	-196811.31
-277334	-195519.3
-352930	-195300.52
-481124	-196344.31
-518359	-198756.58
-478236	-202566.88
-283985	-207586.38
-332981	-213429.33
-464785	-219612.73
-517976	-225638.92
-484616	-231099.28
-294211	-235607.1
-329118	-238872.44
-477242	-240781.89
-518159	-241442.75
-486779	-241168.14
-295900	-240303.81
-321491	-239183.28
-475292	-238103.8
-517784	-237311.08
-491636	-236994.34
-304544	-237157.78
-312127	-237655.38
-472677	-238265.84
-517811	-238789.38
-492062	-239121.92
-348502	-239170.38
-376602	-238896.11
-394789	-238377.69
-378585	-237758.7
-368795	-237265.08
-370785	-237022.1
-342999	-237130.36
-329000	-237621.06
-358730	-238435.64
-377556	-239521.08
-368888	-240696.92
-342240	-241794.83
-334629	-242676.97
-362906	-243242.61
-371139	-243526.83
-364251	-243528.92
-341046	-243306.55
-333364	-242943.06
-359618	-242500.2
-368032	-242097.44
-362994	-241734.28
-343581	-241389.11
-327576	-241043.4
-343814	-240661.44
-379027	-240295.94
-404476	-239971.33
-355091	-239738.83
-322554	-239689.6
-344189	-239893.0
-373909	-240458.86
-392143	-241428.28
-350201	-242748.81
-315142	-244326.05
-341691	-245998.75
-383797	-247640.31
-400588	-249100.05
-351857	-250244.84
-322480	-250999.5
-344045	-251345.19
-376902	-251380.39
-395974	-251231.98
-351745	-251012.83
-322357	-250838.58
-343592	-250774.23
-375207	-250887.17
-392952	-251176.72
-350040	-251569.56
-322236	-251974.44
-344364	-252295.48
-375781	-252521.11
-393694	-252656.84
-350481	-252721.33
-323238	-252757.3
-343976	-252810.8
-373976	-252973.66
-389601	-253280.81
-349944	-253699.53
-323510	-254153.28
-345031	-254539.7
-374948	-254817.14
-390764	-254947.61
-350631	-254914.55
-324439	-254741.06
-346075	-254495.23
-376419	-254323.0
-391139	-254339.77
-350692	-254596.67
-324337	-255059.77
-345702	-255630.95
-374108	-256203.27
-389232	-256617.48
-349884	-256717.06
-324533	-256370.3
-345791	-255552.03
-373815	-254378.64
-388436	-253053.16
-351101	-251836.2
-324733	-250971.83
-346023	-250633.45
-371735	-250889.52
-385430	-251705.61
-346903	-252932.4
-317274	-254300.17
-342453	-255457.39
-379988	-256107.23
-392392	-256080.72
-350947	-255417.0
-325465	-254374.6
-346467	-253292.86
-374874	-252574.53
-387128	-252611.69
-349131	-253689.72
-324961	-255903.27
-345731	-258995.1
-373526	-262418.8
-387442	-265433.22
-350777	-267235.88
-326111	-267120.56
-346462	-264514.5
-373540	-259160.22
-388935	-251209.11
-353276	-241232.62
-326790	-230157.53
-346671	-219014.56
-373477	-208827.7
-387916	-200469.97
-351024	-194538.55
-325773	-191281.47
-346144	-190473.9
-373074	-191544.06
-386726	-193721.5
-349978	-196207.5
-325895	-198340.88
-346213	-199607.94
-371626	-199778.27
-385052	-198934.38
-349195	-197429.95
-325419	-195802.8
-345390	-194533.25
-371227	-193992.58
-385270	-194378.17
-350377	-195689.38
-326067	-197757.52
-346129	-200191.5
-373335	-202530.86
-389369	-204368.4
-351557	-205454.06
-326346	-205752.69
-345740	-205336.88
-369244	-204422.25
-382285	-203322.22
-346760	-202381.0
-318637	-201917.77
-343702	-202045.16
-378547	-202723.64
-389199	-203791.88
-349811	-205024.45
-326757	-206209.95
-346785	-207094.03
-371861	-207505.2
-386011	-207397.33
-350417	-206860.33
-326232	-206113.6
-345976	-205343.78
-371986	-204721.84
-386101	-204372.06
-350187	-204360.88
-326032	-204710.45
-345819	-205293.67
-372308	-205937.03
-388239	-206478.27
-350783	-206814.61
-326172	-206948.86
-346633	-206875.17
-372106	-206642.78
-386758	-206347.53
-350320	-206112.61
-326511	-206080.22
-346529	-206269.47
-372343	-206639.75
-386719	-207115.2
-350486	-207613.05
-327010	-208092.14
-346479	-208454.3
-372887	-208633.64
-387406	-208621.25
-350979	-208466.47
-326238	-208289.56
-346621	-208136.77
-373167	-208030.84
-388332	-207977.81
-351110	-207968.4
-326114	-208015.44
-346422	-208044.12
-374198	-207975.5
-389805	-207769.45
-351957	-207438.17
-325923	-207081.8
-346123	-206758.2
-371049	-206519.31
-385587	-206426.31
-348223	-206525.81
-318492	-206876.9
-344037	-207429.0
-380492	-208069.2
-393217	-208682.17
-352499	-209167.62
-325770	-209498.6
-345476	-209634.1
-373617	-209544.08
-389570	-209266.47
-350996	-208884.0
-325387	-208542.38
-345950	-208329.2
-374179	-208265.45
-389918	-208359.4
-350891	-208590.48
-325322	-208953.7
-346591	-209382.17
-375352	-209761.36
-391409	-210017.61
-351534	-210120.62
-324270	-210108.84
-344401	-209992.22
-373685	-209798.42
-390977	-209570.31
-350463	-209354.92
-324301	-209167.52
-345080	-209002.02
-374645	-208841.95
-392499	-208656.53
-351826	-208435.0
-323814	-208178.31
-344639	-207903.6
-375153	-207649.44
-393970	-207458.11
-351588	-207388.11
-323991	-207474.7
-344554	-207721.03
-374911	-208096.84
-392757	-208533.58
-349927	-208955.94
-322615	-209275.28
-344168	-209408.38
-375221	-209308.48
-393823	-208969.95
-349966	-208444.17
-321933	-207808.23
-343616	-207174.08
-374016	-206660.58
-395171	-206357.66
-348693	-206329.45
-314893	-206577.55
-340795	-207054.36
-382774	-207676.8
-401162	-208332.11
-350792	-208914.94
-320882	-209329.38
-341583	-209524.66
-376063	-209497.28
-398134	-209279.92
-351462	-208950.42
-320479	-208588.72
-341960	-208277.05
-377518	-208080.42
-400351	-208024.27
-351122	-208112.67
-320349	-208305.38
-342016	-208549.38
-378991	-208788.66
-403109	-208970.4
-352191	-209074.72
-319583	-209091.25
-341734	-209035.92
-379905	-208941.4
-406057	-208837.03
-352631	-208761.67
-318697	-208726.78
-338216	-208731.84
-383596	-208764.16
-409249	-208799.69
-352680	-208831.6
-317977	-208846.28
-341362	-208846.61
-382681	-208849.67
-411055	-208873.95
-352751	-208953.44
-316806	-209096.5
-340127	-209296.8
-382946	-209529.39
-410770	-209745.34
-354586	-209902.52
-316246	-209946.4
-338855	-209839.66
-383398	-209572.84
-416326	-209162.53
-352529	-208676.17
-313974	-208186.97
-338563	-207776.98
-382707	-207523.05
-414603	-207470.19
-349858	-207647.61
-304906	-208027.64
-333001	-208544.12
-395761	-209108.02
-430966	-209621.19
-353699	-210016.27
-312324	-210235.58
-337607	-210260.36
-386262	-210112.56
-423287	-209839.58
-353691	-209529.3
-312296	-209252.83
-337702	-209067.14
-388627	-209002.86
-427259	-209052.47
-356046	-209201.25
-311719	-209394.34
-337604	-209569.06
-389759	-209671.28
-429840	-209661.47
-355227	-209551.53
-310956	-209360.08
-337054	-209125.95
-388996	-208901.22
-429269	-208728.52
-354522	-208660.55
-310763	-208706.28
-337382	-208850.38
-391676	-209057.89
-436675	-209275.27
-357436	-209475.39
-310559	-209618.12
-337538	-209679.3
-392822	-209655.52
-436926	-209555.02
-356853	-209423.31
-309643	-209285.9
-336704	-209160.45
-391815	-209053.61
-437412	-208952.05
-356919	-208859.47
-309521	-208752.31
-337177	-208609.52
-393192	-208422.77
-438744	-208193.9
-356963	-207968.94
-308743	-207780.97
-336394	-207666.45
-389804	-207656.38
-432731	-207759.25
-351038	-207989.48
-298539	-208316.95
-337641	-208686.33
-406841	-209038.25
-448924	-209312.92
-358004	-209490.33
-309019	-209550.92
-335806	-209501.23
-392686	-209369.97
-439544	-209196.22
-357726	-209051.25
-309025	-208975.66
-335991	-208991.11
-392952	-209098.03
-440769	-209270.05
-357812	-209493.45
-308544	-209725.8
-336215	-209927.2
-393384	-210072.42
-440911	-210149.48
-358454	-210192.98
-308875	-210226.8
-336661	-210278.16
-393858	-210369.19
-442337	-210502.05
-359224	-210689.88
-309749	-210906.11
-336057	-211111.48
-393682	-211267.31
-441024	-211338.9
-357954	-211338.27
-308744	-211275.88
-335602	-211180.39
-393677	-211092.14
-441141	-211045.55
-358546	-211090.4
-309159	-211229.42
-336404	-211436.02
-394032	-211659.22
-441039	-211826.33
-358543	-211892.89
-309036	-211807.05
-336261	-211546.8
-392809	-211130.11
-441150	-210607.72
-358707	-210088.11
-309324	-209669.3
-336482	-209439.62
-390506	-209461.78
-430244	-209748.8
-355755	-210289.67
-301793	-211009.6
-339219	-211796.58
-407242	-212534.42
-448652	-213116.89
-358198	-213497.14
-309857	-213651.55
-336390	-213605.36
-391719	-213423.19
-437121	-213184.86
-357473	-212997.58
-310849	-212923.53
-337867	-212990.48
-392777	-213186.16
-437212	-213455.6
-355617	-213748.44
-310440	-213987.75
-336924	-214113.53
-390411	-214099.03
-434418	-213949.77
-356831	-213733.42
-311059	-213518.83
-337186	-213381.0
-390338	-213381.88
-432976	-213545.86
-357434	-213882.77
-311451	-214341.89
-336918	-214846.77
-389461	-215311.4
-432737	-215654.73
-357106	-215848.84
-312302	-215882.4
-337550	-215785.28
-389679	-215618.11
-431591	-215447.58
-357319	-215356.3
-313204	-215377.3
-338623	-215507.97
-388269	-215706.06
-428862	-215891.03
-356696	-215993.12
-313337	-215931.42
-337844	-215660.2
-387840	-215182.73
-429143	-214547.17
-356971	-213871.05
-314011	-213276.6
-337961	-212889.28
-377026	-212810.19
-413857	-213079.6
-355766	-213694.42
-305732	-214572.11
-339833	-215578.75
-399836	-216558.53
-434553	-217355.62
-356911	-217866.2
-315261	-218020.94
-338749	-217821.66
-386045	-217331.81
-423666	-216654.06
-356352	-215934.3
-316086	-215292.88
-338904	-214829.4
-385587	-214599.81
-421948	-214603.48
-356274	-214815.75
-316286	-215160.86
-339889	-215557.2
-388001	-215930.42
-423541	-216219.9
-356726	-216412.19
-317195	-216499.3
-339783	-216501.58
-386749	-216448.56
-422579	-216360.69
-357225	-216268.28
-317763	-216168.28
-340633	-216057.14
-385605	-215929.4
-419995	-215778.39
-356542	-215624.56
-317981	-215482.69
-340884	-215387.77
-385149	-215376.19
-419089	-215466.14
-356680	-215672.05
-318517	-215959.42
-340415	-216276.83
-383381	-216553.48
-415809	-216702.77
-355111	-216668.2
-317872	-216404.12
-339582	-215919.78
-382271	-215275.2
-414404	-214563.81
-355114	-213921.16
-318183	-213463.47
-340429	-213297.19
-380376	-213482.94
-410543	-214010.3
-352142	-214821.22
-310702	-215785.36
-339086	-216752.25
-389741	-217572.64
-417811	-218116.86
-355641	-218315.44
-319564	-218142.95
-340996	-217657.0
-382200	-216962.9
-412446	-216182.8
-355863	-215453.56
-319264	-214865.34
-340407	-214481.69
-380676	-214315.69
-410932	-214324.14
-355254	-214445.72
-320280	-214586.5
-341329	-214680.81
-381057	-214690.69
-410298	-214601.98
-354505	-214447.39
-320102	-214260.66
-341617	-214101.95
-380613	-214021.58
-409577	-214034.6
-354841	-214139.77
-320547	-214287.2
-341345	-214430.25
-380437	-214522.89
-409353	-214523.75
-354839	-214432.8
-320690	-214259.34
-341139	-214062.36
-375617	-213914.72
-409159	-213869.27
-356164	-213967.44
-320704	-214188.94
-341099	-214490.73
-379582	-214791.2
-407099	-214977.08
-354331	-214951.25
-321155	-214624.95
-341590	-213985.97
-379157	-213088.45
-406967	-212037.12
-354449	-210996.69
-321551	-210128.27
-342307	-209601.1
-376634	-209536.34
-402229	-209967.47
-350847	-210854.36
-313831	-212056.2
-339850	-213392.2
-386454	-214660.77
-410596	-215661.62
-355119	-216254.19
-322259	-216354.58
-342147	-215992.78
-378622	-215277.0
-406166	-214360.6
-354519	-213434.17
-321967	-212653.95
-341752	-212156.53
-378126	-212013.47
-404937	-212211.53
-354801	-212683.47
-322934	-213294.56
-342298	-213919.38
-378279	-214444.03
-404469	-214778.42
-354814	-214893.92
-323466	-214790.02
-342082	-214533.27
-378126	-214212.62
-404029	-213907.0
-355042	-213687.52
-322989	-213571.03
-341809	-213564.48
-376979	-213642.83
-402602	-213750.42
-354216	-213837.84
-323063	-213845.27
-342492	-213759.94
-378740	-213594.0
-403847	-213369.56
-354949	-213129.84
-323396	-212895.92
-342136	-212701.02
-376814	-212557.27
-401449	-212443.66
-354033	-212331.55
-323223	-212165.53
-342290	-211921.84
-376906	-211596.36
-402451	-211199.1
-355060	-210777.66
-323516	-210378.62
-342229	-210081.42
-374619	-209958.73
-398133	-210046.27
-350903	-210356.02
-316172	-210842.58
-339607	-211444.17
-383076	-212079.86
-405174	-212650.78
-354381	-213076.73
-321701	-213287.31
-345820	-213274.14
-378527	-213066.94
-402046	-212715.69
-354885	-212299.98
-324442	-211882.03
-342941	-211537.03
-377508	-211315.67
-402529	-211227.73
-355197	-211264.77
-324635	-211375.05
-342818	-211521.42
-376560	-211666.0
-400942	-211771.27
-355095	-211826.53
-323777	-211818.69
-341249	-211770.33
-374957	-211710.27
-399597	-211652.72
-353063	-211613.45
-323312	-211575.83
-341572	-211534.83
-375744	-211480.36
-400897	-211393.31
-354388	-211273.55
-324754	-211115.05
-343396	-210948.23
-376232	-210814.02
-400872	-210744.02
-354234	-210770.73
-323804	-210888.97
-341561	-211090.48
-375536	-211342.0
-400288	-211579.66
-353815	-211743.11
-323671	-211758.7
-341139	-211595.94
-375057	-211257.23
-400499	-210771.61
-354492	-210214.62
-324037	-209664.22
-341847	-209225.9
-373444	-208992.45
-396935	-209012.77
-351440	-209305.5
-317465	-209823.3
-340227	-210488.61
-382652	-211203.55
-403992	-211851.67
-354324	-212338.77
-324735	-212587.03
-341114	-212584.7
-375064	-212364.14
-400045	-211986.28
-354248	-211546.81
-324472	-211127.55
-342125	-210813.7
-375811	-210660.44
-400706	-210674.73
-354447	-210836.83
-323913	-211079.92
-340846	-211339.95
-376350	-211555.3
-401799	-211671.98
-354382	-211673.84
-323976	-211556.31
-341164	-211358.61
-375359	-211134.98
-401260	-210932.12
-354335	-210797.2
-323382	-210739.22
-341040	-210762.12
-375238	-210847.95
-400139	-210957.36
-354561	-211059.12
-325050	-211112.58
-341284	-211110.17
-375340	-211062.88
-401602	-210987.28
-354742	-210920.22
-324187	-210877.84
-341229	-210880.98
-375517	-210931.17
-400927	-211001.11
-354296	-211058.53
-323446	-211047.56
-340436	-210932.56
-375499	-210696.52
-400762	-210339.38
-354139	-209902.4
-323505	-209434.1
-340753	-209013.83
-372977	-208722.02
-397957	-208614.38
-351599	-208731.3
-317092	-209061.11
-339807	-209566.56
-383385	-210184.44
-406552	-210827.25
-355970	-211416.7
-323872	-211874.95
-340489	-212166.17
-375228	-212285.31
-401397	-212249.12
-354477	-212108.58
-323593	-211906.84
-340572	-211697.31
-375419	-211519.25
-401890	-211381.86
-354929	-211285.5
-324204	-211196.89
-341459	-211089.5
-375327	-210941.61
-401478	-210736.56
-354477	-210488.5
-323686	-210213.56
-340479	-209954.25
-375087	-209757.23
-401585	-209653.61
-354887	-209670.64
-323958	-209796.95
-340714	-210011.39
-375408	-210275.62
-403291	-210535.08
-355941	-210750.72
-324016	-210879.92
-339954	-210912.84
-374525	-210861.1
-400836	-210745.06
-354172	-210609.42
-323650	-210478.62
-340412	-210380.11
-375016	-210325.12
-401410	-210297.67
-354733	-210279.72
-323934	-210229.0
-340869	-210119.58
-375094	-209939.22
-401603	-209687.92
-354617	-209400.9
-323603	-209115.23
-340086	-208888.61
-372500	-208776.88
-397433	-208811.4
-351151	-209012.02
-316727	-209353.47
-338622	-209791.66
-382762	-210265.25
-408005	-210699.84
-355876	-211039.53
-324347	-211233.17
-341088	-211269.84
-376260	-211168.23
-403375	-210963.25
-355507	-210718.84
-324110	-210484.34
-340628	-210310.33
-375891	-210228.5
-403477	-210238.64
-355928	-210331.55
-325107	-210464.44
-340834	-210599.56
-376367	-210702.12
-403907	-210742.75
-355683	-210721.88
-323924	-210641.2
-340170	-210525.12
-375736	-210404.66
-403613	-210301.5
-354815	-210242.22
-323783	-210224.31
-340146	-210244.23
-376815	-210290.1
-403924	-210340.47
-354969	-210390.7
-322863	-210427.55
-338404	-210455.84
-374511	-210487.73
-402436	-210529.48
-355826	-210595.94
-324287	-210675.81
-340477	-210755.53
-376522	-210810.02
-402752	-210801.12
-356837	-210705.9
-323267	-210498.5
-338744	-210182.2
-375484	-209784.67
-405094	-209349.86
-354872	-208952.31
-322452	-208654.48
-338634	-208518.75
-373644	-208585.81
-401846	-208855.73
-352081	-209308.16
-312552	-209875.73
-338967	-210474.81
-387279	-211018.94
-413982	-211428.77
-355457	-211661.97
-321985	-211695.69
-337864	-211552.94
-375372	-211286.73
-406887	-210957.55
-355275	-210645.75
-321757	-210401.38
-338034	-210259.55
-376387	-210226.67
-408424	-210276.08
-356798	-210378.17
-321969	-210480.9
-338187	-210548.05
-376736	-210560.69
-409192	-210513.66
-356404	-210438.38
-321641	-210361.66
-337904	-210320.1
-376793	-210340.97
-407853	-210425.95
-355174	-210570.25
-320794	-210731.4
-337722	-210865.08
-376553	-210927.9
-409490	-210883.39
-356052	-210735.72
-320992	-210498.66
-337278	-210220.25
-376783	-209962.27
-410561	-209779.78
-356107	-209729.42
-320492	-209820.58
-336522	-210036.08
-376505	-210324.08
-410967	-210601.97
-355886	-210796.95
-320214	-210829.95
-336497	-210660.55
-377026	-210289.69
-411754	-209757.45
-356734	-209159.2
-320267	-208595.48
-336491	-208177.27
-374629	-207995.47
-408541	-208094.27
-349326	-208487.06
-308702	-209118.33
-337574	-209894.5
-389101	-210702.92
-421354	-211424.03
-357115	-211974.38
-319944	-212290.02
-335958	-212361.36
-377337	-212220.77
-413533	-211927.48
-356746	-211575.55
-319643	-211239.02
-332191	-210983.67
-380471	-210843.61
-416906	-210817.17
-357325	-210893.31
-319836	-211023.47
-335910	-211162.47
-377853	-211271.05
-414787	-211317.66
-357210	-211308.53
-319841	-211245.69
-335820	-211150.34
-377810	-211043.7
-415460	-210934.77
-357495	-210840.1
-320418	-210746.77
-336026	-210644.22
-378196	-210522.6
-416269	-210372.47
-357733	-210216.8
-319596	-210073.31
-335445	-209977.45
-377824	-209964.5
-415994	-210053.11
-357114	-210260.86
-319118	-210557.84
-335347	-210895.83
-378599	-211205.6
-416552	-211404.28
-357410	-211437.69
-319148	-211259.17
-335265	-210869.84
-378274	-210314.55
-418267	-209670.22
-358267	-209059.36
-319207	-208589.92
-335272	-208359.64
-375856	-208427.42
-408597	-208793.28
-353241	-209418.44
-309355	-210200.27
-336552	-211010.11
-390372	-211718.27
-426977	-212210.56
-358472	-212433.61
-318998	-212368.73
-334791	-212062.34
-377921	-211602.73
-417762	-211094.34
-357489	-210660.45
-318171	-210379.48
-336423	-210297.38
-378490	-210411.72
-418424	-210668.81
-358062	-211004.28
-318648	-211323.11
-334606	-211549.44
-378162	-211634.19
-417696	-211559.14
-357407	-211363.34
-318426	-211094.08
-334437	-210820.78
-375282	-210606.73
-419779	-210486.44
-360600	-210485.53
-318676	-210578.58
-334190	-210724.02
-377605	-210869.23
-418465	-210959.64
-358062	-210979.83
-318661	-210920.67
-334514	-210809.84
-378804	-210693.39
-420095	-210616.03
-358870	-210631.95
-318619	-210750.55
-334461	-210956.58
-377909	-211202.11
-419707	-211410.03
-358417	-211517.66
-318302	-211456.3
-333640	-211197.61
-377859	-210755.36
-419585	-210182.12
-358187	-209586.48
-318146	-209075.25
-333423	-208758.66
-368175	-208719.14
-408113	-208981.61
-356627	-209534.72
-308141	-210298.72
-335344	-211155.45
-389701	-211974.12
-428767	-212627.77
-358798	-213042.05
-317866	-213170.12
-333498	-213030.97
-378499	-212688.56
-420987	-212231.19
-358303	-211777.5
-318330	-211411.17
-333688	-211194.28
-378309	-211146.12
-421031	-211238.66
-358589	-211434.1
-317765	-211659.12
-333241	-211853.08
-378059	-211972.61
-421074	-211996.31
-358683	-211952.42
-317527	-211869.17
-333237	-211792.39
-379138	-211760.58
-421782	-211786.19
-358627	-211878.31
-317761	-212000.45
-333324	-212110.64
-378375	-212163.56
-421636	-212120.55
-358889	-211987.73
-317642	-211780.22
-332703	-211548.4
-377964	-211355.52
-421358	-211255.2
-359426	-211302.94
-318010	-211498.25
-332626	-211810.12
-378082	-212168.89
-422542	-212475.08
-359344	-212648.14
-317829	-212606.77
-333109	-212319.33
-378434	-211805.06
-422637	-211129.83
-359465	-210422.05
-317908	-209807.89
-333012	-209416.53
-375699	-209341.53
-417955	-209613.84
-356383	-210220.84
-312177	-211068.83
-332717	-212025.83
-385789	-212943.08
-427455	-213674.55
-359996	-214129.2
-318018	-214251.2
-332871	-214058.75
-378712	-213619.67
-423417	-213031.45
-360867	-212424.94
-318124	-211897.16
-332953	-211522.88
-378581	-211332.5
-423092	-211305.17
-359801	-211406.77
-317649	-211563.38
-332486	-211713.31
-378014	-211810.14
-422951	-211827.58
-359456	-211788.75
-317964	-211715.45
-333192	-211650.89
-378597	-211631.23
-423420	-211668.64
-359914	-211772.86
-317852	-211909.67
-332591	-212042.4
-378778	-212131.72
-424145	-212143.12
-360417	-212087.02
-317712	-211976.66
-332204	-211859.22
-377977	-211789.58
-424671	-211807.78
-360263	-211952.52
-317695	-212203.69
-332379	-212514.06
-378762	-212801.19
-424201	-212958.66
-360351	-212907.34
-317939	-212574.27
-332229	-211948.84
-378370	-211078.88
-424304	-210061.66
-360290	-209059.19
-317819	-208226.88
-332021	-207718.22
-375035	-207641.52
-418764	-208028.4
-356631	-208854.58
-312221	-209999.45
-332064	-211299.94
-385316	-212568.94
-427985	-213620.16
-360360	-214329.02
-317679	-214614.14
-332050	-214483.95
-378261	-214012.52
-425560	-213316.16
-360828	-212556.64
-317594	-211866.12
-332287	-211357.36
-378426	-211091.02
-424861	-211066.11
-360026	-211250.73
-317265	-211556.23
-332451	-211896.22
-378792	-212190.38
-424802	-212376.12
-359879	-212445.97
-317766	-212401.55
-332044	-212283.33
-378544	-212140.6
-424522	-212011.19
-359962	-211938.77
-317199	-211920.42
-332047	-211946.7
-378681	-211991.02
-424690	-212016.22
-360067	-212013.72
-317141	-211966.08
-332577	-211889.02
-379946	-211811.84
-426157	-211763.06
-360869	-211788.47
-317631	-211892.9
-332481	-212072.7
-378770	-212296.62
-425307	-212505.6
-360237	-212653.05
-317210	-212673.25
-331802	-212536.17
-378573	-212240.14
-425267	-211811.42
-361223	-211329.61
-317625	-210869.27
-331879	-210524.42
-375810	-210372.17
-419541	-210450.86
-356996	-210777.27
-312687	-211303.64
-332374	-211955.25
-384802	-212637.48
-428596	-213242.66
-360674	-213697.67
-315774	-213937.36
-337523	-213950.5
-378747	-213764.38
-424961	-213427.0
-361056	-213025.5
-317929	-212623.73
-331380	-212289.06
-377894	-212062.62
-425437	-211948.47
-361387	-211948.02
-318093	-212018.44
-331551	-212125.27
-378057	-212234.16
-424786	-212313.69
-361634	-212368.58
-317801	-212393.39
-331128	-212406.22
-377292	-212425.34
-424509	-212454.33
-360659	-212509.94
-317547	-212570.33
-330844	-212621.33
-377247	-212645.33
-424504	-212620.77
-360389	-212558.64
-317722	-212459.27
-331964	-212351.86
-377861	-212271.6
-424847	-212243.22
-360921	-212302.28
-317519	-212439.53
-330770	-212637.47
-377067	-212854.52
-424790	-213025.33
-360749	-213103.53
-317440	-213028.22
-330629	-212779.55
-377106	-212368.02
-426064	-211830.81
-361804	-211256.8
-317924	-210725.98
-330910	-210335.12
-374625	-210160.03
-420357	-210233.86
-358561	-210569.84
-313934	-211112.45
-331777	-211780.22
-383792	-212475.23
-428209	-213086.62
-361204	-213541.11
-318381	-213774.45
-330468	-213782.72
-376822	-213596.77
-424511	-213271.69
-360887	-212899.98
-317467	-212549.11
-330142	-212286.95
-376796	-212150.7
-424591	-212136.98
-361381	-212233.81
-317811	-212383.36
-328256	-212537.19
-379002	-212648.72
-425060	-212681.44
-360786	-212642.03
-317419	-212534.25
-329839	-212394.89
-376214	-212265.12
-423984	-212173.72
-360566	-212156.95
-318022	-212207.2
-330486	-212316.58
-377126	-212460.0
-422549	-212599.86
-364354	-212721.42
-319662	-212797.62
-330312	-212833.22
-376629	-212843.2
-425004	-212842.83
-361236	-212868.22
-317837	-212920.27
-330102	-213000.97
-376474	-213091.25
-424524	-213148.42
-361280	-213143.73
-317696	-213026.33
-330405	-212779.06
-377479	-212406.64
-425231	-211935.9
-361487	-211440.72
-317882	-210987.11
-330389	-210660.83
-373811	-210532.94
-420849	-210635.92
-358866	-210985.62
-314221	-211531.56
-331089	-212202.47
-383706	-212903.8
-429716	-213528.38
-363121	-214002.1
-318089	-214256.1
-330319	-214278.86
-376664	-214095.03
-425389	-213754.38
-361836	-213347.02
-317833	-212941.58
-330176	-212610.12
-376434	-212397.84
-425363	-212309.42
-361584	-212340.69
-317949	-212438.9
-330621	-212557.81
-376512	-212651.55
-425186	-212678.8
-361790	-212639.8
-317732	-212530.17
-329674	-212380.3
-376492	-212225.5
-425837	-212091.39
-362355	-212014.86
-317770	-211991.78
-329931	-212018.7
-375889	-212078.2
-427372	-212137.67
-362922	-212189.94
-317586	-212210.73
-329591	-212205.3
-376299	-212188.45
-425434	-212172.2
-361994	-212189.7
-317759	-212238.28
-329591	-212320.22
-376492	-212417.97
-426133	-212493.64
-362894	-212524.92
-318867	-212467.94
-330389	-212312.05
-376527	-212064.34
-426344	-211747.86
-362316	-211427.4
-317859	-211151.58
-329627	-210985.66
-373496	-210976.19
-420993	-211134.27
-359456	-211459.16
-314274	-211893.0
-328869	-212369.81
-384681	-212810.9
-433507	-213136.42
-363140	-213307.69
-317898	-213291.55
-329424	-213108.39
-376011	-212805.22
-425970	-212440.44
-362272	-212099.11
-317977	-211828.61
-329335	-211672.52
-376206	-211641.11
-425904	-211707.56
-362383	-211843.6
-318518	-211984.19
-329177	-212086.83
-375884	-212121.17
-425776	-212071.02
-362500	-211965.98
-317922	-211828.06
-329457	-211706.89
-376142	-211644.88
-426262	-211661.16
-362345	-211774.7
-317832	-211954.31
-329422	-212168.73
-377201	-212373.84
-426672	-212520.53
-362625	-212594.17
-318090	-212575.17
-329429	-212484.14
-376478	-212356.17
-426488	-212225.89
-362866	-212145.38
-318014	-212124.58
-329152	-212170.56
-375670	-212262.47
-426023	-212351.88
-363018	-212404.16
-318111	-212363.12
-329153	-212209.98
-376057	-211949.67
-426087	-211608.78
-362686	-211260.23
-318202	-210963.97
-329701	-210796.1
-373962	-210811.92
-422443	-211025.72
-361104	-211434.83
-312274	-211975.2
-331637	-212569.03
-387693	-213125.67
-435556	-213553.92
-363936	-213805.92
-318627	-213841.66
-329392	-213678.6
-376014	-213365.55
-426812	-212961.42
-363269	-212557.78
-318224	-212208.97
-329029	-211966.48
-375951	-211849.55
-426891	-211840.53
-364161	-211921.05
-318166	-212035.52
-328892	-212147.77
-375879	-212230.12
-427041	-212264.08
-363169	-212270.6
-317882	-212257.36
-328486	-212253.31
-375356	-212279.84
-426221	-212336.16
-362517	-212427.03
-317617	-212516.3
-329122	-212578.39
-375594	-212587.22
-426449	-212520.66
-363144	-212397.03
-317701	-212228.67
-328080	-212062.81
-374921	-211949.31
-426492	-211923.34
-362700	-212022.47
-317422	-212229.1
-327896	-212513.11
-375139	-212814.61
-427456	-213051.27
-363351	-213166.02
-317831	-213094.78
-328153	-212826.73
-375608	-212389.44
-427739	-211842.0
-363897	-211294.69
-317802	-210840.39
-328364	-210579.77
-372853	-210578.58
-423266	-210847.5
-356741	-211368.17
-307642	-212049.81
-329294	-212783.33
-385420	-213450.38
-435982	-213938.56
-364248	-214190.69
-318029	-214168.92
-328333	-213903.89
-376787	-213462.58
-429947	-212930.39
-364660	-212419.66
-317816	-212001.67
-327986	-211735.12
-376786	-211637.67
-430412	-211681.92
-364679	-211835.72
-317752	-212026.17
-327930	-212201.1
-375777	-212320.78
-429354	-212361.73
-364627	-212346.06
-317947	-212288.02
-327844	-212228.77
-375681	-212201.94
-430097	-212218.34
-365611	-212293.05
-318752	-212394.77
-328092	-212498.38
-375938	-212572.23
-431272	-212584.05
-365353	-212541.42
-317891	-212445.0
-327831	-212327.83
-375987	-212229.48
-431245	-212178.33
-365552	-212210.66
-317567	-212311.77
-327521	-212459.7
-376411	-212607.45
-431433	-212689.48
-365826	-212669.92
-317571	-212505.27
-327572	-212203.02
-375864	-211804.12
-432017	-211373.67
-365805	-211020.2
-317360	-210825.61
-327056	-210868.8
-372382	-211187.61
-421447	-211760.72
-360456	-212536.97
-309721	-213398.89
-328794	-214220.19
-386194	-214875.02
-440579	-215257.12
-366834	-215329.36
-317552	-215082.48
-327315	-214579.98
-375799	-213922.78
-432932	-213222.56
-366330	-212610.1
-317837	-212160.9
-327882	-211925.0
-376169	-211900.56
-432929	-212032.45
-366256	-212260.62
-317295	-212487.3
-326577	-212643.95
-375336	-212686.17
-432399	-212596.12
-365946	-212415.5
-316926	-212182.52
-326476	-211962.84
-369384	-211811.7
-431334	-211750.03
-369297	-211792.84
-317394	-211899.75
-326719	-212026.02
-375534	-212118.12
-433157	-212123.9
-366411	-212040.53
-317120	-211866.02
-326251	-211647.53
-375404	-211448.22
-433011	-211324.55
-363862	-211342.78
-318849	-211508.14
-327527	-211805.42
-375374	-212177.34
-433359	-212529.0
-366503	-212780.55
-317250	-212837.16
-326414	-212656.31
-375604	-212239.55
-433666	-211632.61
-366639	-210950.17
-317282	-210304.86
-326386	-209829.48
-365494	-209632.2
-418281	-209762.95
-363724	-210235.02
-309473	-210979.61
-327616	-211891.44
-384987	-212837.14
-441734	-213675.16
-367359	-214310.12
-317142	-214661.7
-326029	-214722.28
-375177	-214529.3
-433815	-214149.45
-366963	-213693.56
-318187	-213241.83
-326534	-212873.42
-375518	-212631.1
-433945	-212514.17
-366877	-212516.47
-317113	-212585.03
-325964	-212680.42
-374930	-212769.08
-434710	-212824.88
-367323	-212865.9
-317224	-212895.88
-326431	-212941.56
-376546	-213021.23
-435534	-213129.89
-367576	-213270.0
-316983	-213400.19
-325856	-213489.8
-375235	-213508.36
-434852	-213432.02
-367399	-213284.53
-316847	-213086.67
-325665	-212895.95
-375057	-212772.81
-435621	-212758.22
-367875	-212894.06
-316589	-213156.73
-325014	-213501.66
-374534	-213848.31
-435350	-214090.52
-367327	-214153.0
-316567	-213959.88
-325391	-213499.02
-375316	-212810.45
-436627	-211978.1
-367810	-211149.36
-314649	-210457.2
-326853	-210036.64
-372092	-209980.17
-431506	-210308.31
-364782	-210999.75
-313833	-211943.11
-325147	-213000.02
-380850	-214015.28
-441834	-214837.34
-368446	-215380.34
-315344	-215587.23
-323572	-215481.75
-374438	-215133.4
-439074	-214634.11
-369323	-214110.89
-314941	-213645.23
-323342	-213301.38
-374259	-213097.14
-440232	-213000.78
-368674	-212980.56
-314524	-212965.77
-322847	-212912.3
-374336	-212796.7
-440129	-212616.14
-368657	-212423.23
-315062	-212256.61
-323600	-212172.38
-374160	-212206.05
-435836	-212355.1
-366865	-212608.98
-314027	-212900.22
-322570	-213164.56
-374139	-213338.11
-440701	-213368.9
-368203	-213269.4
-313458	-213061.9
-322460	-212818.52
-374718	-212624.84
-444084	-212549.19
-371169	-212660.72
-314302	-212951.62
-320913	-213377.5
-371324	-213842.02
-440876	-214208.78
-369021	-214367.52
-314629	-214206.33
-323172	-213685.67
-375950	-212832.89
-446242	-211738.14
-373192	-210579.02
-315797	-209533.56
-323754	-208791.14
-373677	-208496.66
-439653	-208712.4
-370882	-209441.25
-313624	-210570.61
-324336	-211934.98
-381297	-213330.02
-446519	-214540.12
-369913	-215416.31
-313887	-215846.7
-322020	-215821.3
-374524	-215403.61
-442894	-214709.27
-370603	-213916.11
-314962	-213171.5
-323069	-212610.95
-375066	-212313.95
-444452	-212287.33
-372236	-212508.78
-315994	-212882.78
-324084	-213312.17
-375809	-213700.89
-445332	-213966.1
-374013	-214091.27
-317967	-214067.94
-324307	-213937.4
-374322	-213754.78
-438167	-213566.78
-371887	-213432.16
-334674	-213353.9
-339509	-213334.72
-361247	-213359.81
-376681	-213396.31
-355484	-213415.28
-339214	-213381.19
-343690	-213303.81
-363897	-213209.67
-377435	-213128.7
-357249	-213092.36
-341369	-213103.62
-345025	-213174.94
-362626	-213295.25
-375294	-213427.22
-355790	-213522.33
-340799	-213516.39
-343912	-213389.2
-360119	-213145.48
-371623	-212812.83
-355038	-212445.52
-341137	-212098.33
-345067	-211856.55
-358639	-211792.34
-368136	-211939.64
-353017	-212292.25
-340382	-212790.16
-346022	-213364.8
-368153	-213932.31
-374195	-214402.22
-355855	-214699.27
-343933	-214767.14
-347116	-214621.73
-358515	-214317.45
-367878	-213928.48
-355758	-213539.42
-342406	-213213.48
-346206	-213018.33
-358884	-212988.05
-365164	-213108.97
-354494	-213330.14
-344906	-213562.45
-347321	-213740.78
-358765	-213812.52
-367186	-213743.81
-355817	-213531.92
-345606	-213193.66
-348058	-212803.02
-358174	-212447.55
-364579	-212202.47
-354144	-212122.2
-345069	-212210.9
-348186	-212464.92
-357656	-212849.95
-364192	-213297.98
-355434	-213727.78
-347046	-214050.39
-350891	-214227.73
-357951	-214256.23
-362583	-214156.64
-355652	-213974.73
-348587	-213759.36
-349639	-213594.58
-354457	-213552.14
-357625	-213669.86
-352839	-213947.97
-348065	-214338.45
-351949	-214796.81
-359081	-215265.4
-362961	-215677.19
-356606	-215973.72
-351219	-216107.1
-354609	-216089.31
-358364	-215964.98
-360104	-215787.62
-355166	-215616.22
-350399	-215489.33
-353235	-215451.23
-363936	-215524.58
-360744	-215693.14
-353471	-215906.97
-350831	-216088.3
-352262	-216193.4
-355851	-216193.95
-357597	-216079.44
-356402	-215865.77
-355104	-215587.84
-357594	-215336.17
-359039	-215211.66
-358222	-215294.64
-356730	-215628.8
-355128	-216196.36
-357279	-216959.11
-357887	-217829.47
-355122	-218670.17
-354772	-219316.38
-354766	-219594.67
-357296	-219396.3
-356086	-218670.5
-354387	-217424.7
-355684	-215731.36
-356607	-213712.75
-359106	-211569.38
-356381	-209522.22
-353370	-207768.27
-356606	-206454.25
-358532	-205647.73
-359979	-205373.34
-355203	-205582.02
-351161	-206149.4
-354909	-206899.58
-358257	-207628.8
-360517	-208182.9
-355357	-208453.11
-350701	-208380.31
-355985	-207962.88
-360737	-207249.08
-362951	-206370.66
-356392	-205489.33
-349894	-204756.25
-356217	-204286.88
-361482	-204138.31
-363446	-204343.92
-353588	-204882.84
-345554	-205668.38
-353096	-206569.52
-360139	-207426.94
-362027	-208123.72
-361859	-208575.12
-350559	-208732.05
-356640	-208582.14
-363589	-208149.27
-365174	-207532.31
-354046	-206855.55
-345742	-206233.81
-355498	-205753.72
-364841	-205456.62
-366591	-205380.08
-354044	-205524.73
-345274	-205842.62
-355844	-206249.17
-366315	-206636.69
-368909	-206941.88
-354277	-207128.06
-344622	-207174.52
-355684	-207081.47
-366481	-206862.84
-368086	-206590.19
-353519	-206346.88
-343420	-206195.02
-355317	-206165.75
-367100	-206249.23
-368594	-206442.33
-353810	-206721.28
-344156	-207030.47
-355807	-207297.02
-367589	-207439.67
-369129	-207434.78
-353107	-207289.67
-342435	-207026.94
-355327	-206683.0
-368444	-206297.1
-370500	-205954.94
-353497	-205743.58
-342000	-205718.5
-355646	-205896.92
-369603	-206249.33
-370795	-206756.48
-352817	-207379.03
-340789	-208047.86
-355171	-208674.94
-369649	-209163.44
-371241	-209472.55
-351493	-209592.17
-337874	-209524.19
-353434	-209284.39
-369676	-208897.12
-366724	-208441.92
-361268	-208007.12
-345882	-207667.97
-354826	-207470.73
-371577	-207424.4
-373618	-207553.1
-351631	-207858.45
-337560	-208300.06
-354667	-208804.25
-372836	-209271.69
-374568	-209644.3
-351067	-209883.66
-336088	-209957.38
-354093	-209847.34
-374587	-209550.12
-375241	-209130.92
-349322	-208680.11
-333686	-208278.05
-352959	-207983.22
-373522	-207818.47
-375318	-207818.19
-348914	-207990.67
-332566	-208296.62
-352202	-208658.8
-374522	-208977.25
-376448	-209198.06
-349108	-209289.7
-331847	-209237.05
-352598	-209046.11
-375437	-208754.88
-376796	-208436.61
-347914	-208176.67
-330562	-208040.97
-351671	-208058.84
-375692	-208226.75
-377691	-208520.52
-346647	-208892.27
-329429	-209267.73
-351907	-209560.08
-376176	-209700.14
-378091	-209662.08
-346572	-209463.66
-328322	-209149.34
-349469	-208779.56
-374183	-208428.19
-376348	-208177.34
-345213	-208094.77
-326155	-208205.97
-348317	-208487.33
-368496	-208884.36
-368477	-209329.75
-356112	-209750.39
-332664	-210081.6
-349674	-210265.36
-373818	-210279.44
-374052	-210148.1
-345155	-209927.72
-328812	-209681.55
-349909	-209464.67
-373344	-209320.25
-374313	-209279.61
-344327	-209353.81
-330300	-209518.48
-350175	-209722.7
-371597	-209912.12
-373546	-210047.02
-345381	-210110.0
-329021	-210096.72
-349658	-210012.98
-372397	-209882.16
-373878	-209744.03
-345896	-209641.2
-329681	-209596.61
-349867	-209607.55
-372115	-209657.69
-374567	-209727.67
-345794	-209801.6
-329345	-209858.66
-348945	-209880.39
-370169	-209865.0
-372151	-209831.94
-346596	-209813.92
-330947	-209836.11
-350472	-209906.45
-371280	-210019.92
-373160	-210161.36
-347084	-210306.44
-331844	-210415.89
-349884	-210444.52
-369815	-210362.6
-371657	-210168.48
-346956	-209891.5
-331864	-209578.36
-350131	-209283.52
-369986	-209068.08
-372352	-208989.83
-347462	-209089.48
-331527	-209370.08
-345873	-209795.05
-368806	-210300.34
-368379	-210813.08
-358908	-211258.28
-339662	-211575.0
-350453	-211715.62
-368110	-211668.81
-368706	-211461.45
-346094	-211148.84
-332628	-210794.2
-348653	-210453.5
-367078	-210172.03
-369402	-209977.25
-348166	-209876.14
-334160	-209847.69
-349739	-209850.72
-365953	-209843.05
-368144	-209793.89
-347717	-209693.0
-334431	-209544.67
-349292	-209365.25
-364318	-209186.34
-366393	-209044.12
-346461	-208971.39
-334667	-208980.14
-350154	-209058.61
-366467	-209180.34
-368154	-209310.55
-349602	-209415.73
-337162	-209466.72
-351139	-209444.72
-365063	-209353.62
-366361	-209217.17
-347974	-209073.98
-336653	-208961.53
-350417	-208904.66
-363791	-208913.72
-365647	-208978.67
-347317	-209071.64
-335163	-209146.44
-347814	-209148.36
-361510	-209034.27
-363063	-208780.73
-346644	-208394.0
-336221	-207906.27
-349000	-207370.97
-361491	-206859.77
-363302	-206444.47
-346367	-206187.81
-330575	-206125.56
-345712	-206256.98
-358944	-206554.14
-359154	-206960.66
-357006	-207403.75
-342671	-207811.48
-347794	-208116.42
-358654	-208277.61
-359656	-208279.94
-345030	-208138.06
-335689	-207887.08
-346342	-207574.9
-357059	-207256.81
-359869	-206979.67
-345969	-206780.4
-337198	-206676.38
-347331	-206667.47
-357861	-206741.66
-360204	-206874.67
-347362	-207040.23
-338177	-207210.66
-348386	-207361.86
-358651	-207478.92
-360086	-207549.4
-347329	-207568.69
-339002	-207535.12
-348177	-207453.17
-357821	-207334.64
-359654	-207193.47
-347245	-207050.94
-338514	-206930.3
-347633	-206856.77
-356916	-206854.22
-358936	-206934.98
-347707	-207099.73
-339498	-207332.36
-347148	-207602.5
-361369	-207867.98
-361039	-208080.77
-348876	-208197.2
-340890	-208186.75
-350337	-208042.6
-359220	-207787.39
-360826	-207464.75
-349213	-207138.58
-341125	-206879.31
-349953	-206751.97
-358494	-206803.75
-360795	-207045.34
-344911	-207454.69
-339225	-207972.17
-349011	-208516.83
-358003	-209001.06
-359561	-209340.31
-361386	-209470.75
-348750	-209373.05
-350606	-209062.73
-357856	-208596.72
-360134	-208053.6
-350577	-207519.92
-343374	-207072.94
-351072	-206767.39
-359340	-206627.16
-360992	-206633.23
-351885	-206737.58
-344476	-206874.75
-352470	-206982.12
-359546	-207014.69
-360748	-206948.3
-350903	-206790.3
-343231	-206578.06
-350643	-206372.1
-358030	-206239.95
-360176	-206230.05
-351076	-206367.1
-342684	-206643.4
-349756	-207023.64
-357546	-207449.8
-359467	-207845.25
-350263	-208138.02
-342692	-208275.31
-350322	-208238.4
-358006	-208043.42
-360769	-207727.25
-351652	-207344.7
-344072	-206954.11
-351749	-206609.16
-358523	-206343.56
-360324	-206157.0
-350517	-206023.84
-342667	-205903.39
-349937	-205756.73
-356908	-205557.48
-358769	-205291.16
-349290	-204969.31
-342296	-204628.86
-350680	-204328.06
-358396	-204130.55
-361297	-204079.45
-350357	-204193.44
-342245	-204458.27
-350269	-204832.44
-357512	-205250.56
-359707	-205625.44
-357421	-205872.69
-346337	-205934.12
-350986	-205781.0
-357869	-205431.23
-360324	-204931.03
-351406	-204353.19
-343930	-203784.06
-351894	-203311.03
-357363	-203004.92
-360272	-202897.89
-350500	-202988.52
-343401	-203244.22
-350947	-203614.81
-358235	-204039.22
-360580	-204450.83
-351582	-204794.94
-343779	-205035.55
-350842	-205162.88
-358222	-205186.33
-361441	-205121.19
-351246	-204989.36
-343758	-204813.67
-351092	-204619.66
-358156	-204430.77
-360273	-204261.17
-351091	-204124.5
-343372	-204036.98
-350296	-204021.81
-357517	-204103.3
-359935	-204292.73
-351105	-204590.95
-344279	-204982.77
-350309	-205439.0
-356811	-205915.2
-359672	-206347.83
-351234	-206672.17
-344678	-206834.48
-352089	-206808.22
-359004	-206599.33
-360984	-206242.06
-352734	-205801.14
-345326	-205362.84
-351712	-205023.0
-358246	-204867.31
-359626	-204946.69
-350349	-205273.0
-343072	-205814.36
-349380	-206504.02
-356246	-207249.47
-359462	-207943.64
-359137	-208485.56
-347370	-208809.02
-351998	-208884.27
-358529	-208731.58
-359272	-208405.56
-354953	-207985.19
-346239	-207561.22
-351942	-207218.47
-357594	-207018.62
-358707	-206981.84
-349925	-207091.22
-342973	-207297.03
-349501	-207532.25
-355574	-207726.98
-358422	-207816.08
-350644	-207758.94
-342391	-207546.73
-354320	-207203.97
-358666	-206786.33
-359948	-206357.58
-352461	-205984.14
-346001	-205721.12
-353114	-205604.47
-358981	-205646.55
-360607	-205826.89
-352935	-206104.3
-345452	-206425.83
-351479	-206738.0
-357875	-206996.7
-360547	-207165.8
-353366	-207227.7
-345417	-207181.6
-351051	-207043.23
-356494	-206839.14
-359171	-206594.44
-351209	-206335.05
-344832	-206083.16
-351744	-205859.12
-358346	-205682.39
-359514	-205564.25
-352093	-205514.5
-344862	-205541.39
-351900	-205651.44
-357106	-205847.78
-359662	-206121.23
-351804	-206454.36
-344123	-206820.14
-350417	-207184.5
-356506	-207514.03
-358895	-207769.4
-359713	-207918.6
-348544	-207947.94
-351471	-207855.19
-356816	-207660.86
-360297	-207395.94
-352929	-207100.97
-344220	-206818.58
-350146	-206586.38
-355776	-206432.77
-357657	-206366.36
-351614	-206381.58
-346071	-206458.42
-352457	-206570.9
-358119	-206692.86
-360952	-206798.19
-353786	-206871.58
-347505	-206907.42
-352570	-206910.83
-359831	-206894.5
-359784	-206870.27
-352754	-206846.48
-346490	-206824.3
-351873	-206799.1
-357277	-206761.08
-359821	-206695.53
-352199	-206592.9
-345809	-206451.48
-350646	-206282.88
-358217	-206112.61
-359699	-205972.4
-351659	-205898.22
-345480	-205919.52
-352080	-206053.0
-358602	-206297.36
-361347	-206626.42
-354550	-206993.39
-347535	-207339.95
-353320	-207605.36
-359681	-207741.0
-362176	-207716.06
-355175	-207530.31
-348837	-207214.69
-354186	-206828.34
-358893	-206450.02
-361247	-206159.22
-352848	-206024.89
-345274	-206089.44
-351601	-206361.53
-356770	-206811.92
-361077	-207373.42
-362761	-207954.69
-350855	-208461.92
-352319	-208803.97
-358109	-208918.48
-358401	-208777.69
-351743	-208392.52
-344901	-207811.14
-350479	-207109.97
-356266	-206382.86
-357083	-205721.86
-350516	-205206.14
-344338	-204890.19
-350054	-204797.62
-357872	-204923.69
-361569	-205234.22
-356419	-205677.97
-349099	-206194.84
-354355	-206723.97
-361027	-207213.84
-364123	-207622.02
-357380	-207922.52
-351093	-208101.66
-355314	-208159.3
-362436	-208106.72
-363574	-207961.72
-354201	-207748.64
-346077	-207495.36
-351169	-207231.67
-355963	-206988.78
-357717	-206791.19
-350170	-206657.8
-342581	-206596.7
-348836	-206603.2
-356247	-206661.58
-359207	-206744.08
-353629	-206818.89
-348974	-206854.34
-357316	-206827.25
-365896	-206731.52
-368668	-206576.8
-359512	-206392.97
-350199	-206221.95
-357415	-206109.97
-365617	-206100.16
-368321	-206217.42
-358614	-206465.31
-350699	-206818.53
-358864	-207226.66
-364482	-207625.5
-366825	-207941.77
-368089	-208111.47
-354637	-208097.31
-357593	-207888.3
-365625	-207512.7
-366752	-207028.33
-358318	-206515.34
-347438	-206059.84
-353961	-205737.78
-360060	-205604.03
-363136	-205677.73
-350756	-205946.22
-341404	-206362.34
-349044	-206856.19
-357928	-207352.2
-362207	-207777.67
-352359	-208080.83
-345163	-208232.44
-355145	-208229.31
-365966	-208093.67
-372853	-207859.86
-364118	-207571.1
-354650	-207266.17
-362618	-206974.0
-370283	-206715.12
-373057	-206497.34
-361847	-206327.05
-351221	-206207.86
-356766	-206146.92
-364586	-206157.36
-368780	-206252.67
-365454	-206444.88
-354330	-206738.39
-354200	-207122.22
-365646	-207567.23
-369636	-208027.38
-359516	-208448.62
-350941	-208773.95
-360560	-208955.61
-370310	-208970.47
-372426	-208822.42
-358577	-208548.28
-347002	-208208.5
-356764	-207875.39
-363897	-207623.72
-367689	-207509.08
-353667	-207560.22
-344062	-207766.25
-352336	-208077.88
-360998	-208419.06
-362381	-208697.48
-366635	-208822.75
-356929	-208730.34
-360686	-208387.12
-371493	-207807.08
-376719	-207045.19
-364508	-206193.52
-353571	-205361.73
-361197	-204657.55
-370514	-204176.3
-374019	-203981.86
-361921	-204103.11
-351381	-204528.81
-359126	-205213.05
-368988	-206087.12
-370607	-207068.02
-356843	-208073.38
-346232	-209023.36
-354450	-209846.03
-363773	-210485.12
-367456	-210892.03
-356478	-211033.17
-346217	-210886.2
-355792	-210441.42
-367269	-209710.81
-370910	-208729.83
-360806	-207565.67
-349542	-206312.83
-358542	-205087.31
-368676	-204021.33
-372811	-203242.5
-360412	-202860.92
-348625	-202945.7
-357578	-203510.36
-365829	-204512.38
-366966	-205851.11
-357081	-207384.28
-345504	-208945.66
-355019	-210369.58
-365046	-211522.39
-369614	-212318.61
-357297	-212738.31
-346380	-212824.36
-355813	-212669.34
-366634	-212401.52
-371043	-212152.9
-356075	-212039.3
-343940	-212129.1
-353647	-212430.08
-359407	-212893.81
-364887	-213415.62
-367624	-213858.84
-350340	-214085.02
-353860	-213968.27
-365469	-213431.14
-369507	-212455.16
-354786	-211091.89
-342757	-209450.78
-353524	-207685.64
-366686	-205979.5
-371306	-204514.75
-352690	-203455.8
-344807	-202920.31
-352881	-202968.45
-365788	-203601.62
-370564	-204760.69
-355067	-206340.17
-341702	-208195.1
-353339	-210155.36
-367112	-212050.19
-373583	-213721.08
-356060	-215040.89
-339697	-215921.1
-348084	-216316.66
-370510	-216234.7
-375100	-215735.92
-353656	-214929.97
-337401	-213954.92
-349629	-212960.58
-364668	-212095.94
-368361	-211485.25
-350386	-211212.78
-336586	-211302.94
-347926	-211715.45
-363299	-212352.89
-368817	-213073.81
-349769	-213718.83
-335578	-214130.72
-349662	-214180.34
-367962	-213798.39
-375169	-212987.69
-353701	-211830.72
-336772	-210471.53
-352455	-209093.25
-373736	-207895.95
-380061	-207063.1
-353949	-206736.62
-335712	-206983.45
-347167	-207787.45
-365641	-209058.3
-372662	-210644.8
-362159	-212364.23
-337702	-214030.27
-345929	-215468.72
-364648	-216555.8
-371157	-217224.88
-348400	-217471.78
-329963	-217338.0
-345801	-216891.61
-366134	-216218.34
-374262	-215401.03
-350268	-214513.53
-330851	-213605.7
-346070	-212702.95
-367662	-211823.36
-377306	-210984.5
-350857	-210219.28
-330679	-209567.7
-348135	-209074.47
-369674	-208791.31
-377234	-208761.58
-349405	-209012.69
-329077	-209533.77
-345001	-210269.53
-365943	-211131.72
-373568	-212008.17
-346339	-212784.27
-325921	-213352.75
-341774	-213631.94
-363567	-213587.9
-372349	-213237.89
-345407	-212652.86
-325335	-211932.33
-342905	-211184.67
-364252	-210516.06
-379976	-210004.58
-350404	-209700.03
-328244	-209602.94
-345951	-209669.1
-370997	-209830.77
-381097	-210012.58
-350842	-210155.72
-328625	-210218.0
-346722	-210182.02
-370235	-210065.12
-379861	-209907.44
-347529	-209768.05
-321037	-209696.75
-345917	-209718.08
-374981	-209836.39
-385589	-210029.62
-362881	-210260.56
-330641	-210480.31
-339689	-210629.05
-358762	-210666.64
-363638	-210576.06
-335851	-210370.42
-318131	-210081.61
-338891	-209750.92
-366026	-209431.28
-376795	-209169.7
-345102	-209008.94
-323428	-208965.12
-343772	-209029.05
-372936	-209177.77
-384678	-209378.5
-350834	-209603.64
-326366	-209821.97
-344800	-210003.05
-370786	-210127.45
-380627	-210182.52
-345814	-210167.67
-322277	-210075.67
-340147	-209892.84
-367245	-209609.16
-377077	-209217.34
-343518	-208726.16
-320132	-208149.81
-339439	-207511.48
-367259	-206853.98
-377334	-206233.5
-342547	-205721.62
-318588	-205379.98
-339189	-205250.34
-371167	-205357.95
-383533	-205706.81
-346757	-206280.19
-321579	-207030.05
-342541	-207885.16
-373612	-208768.92
-385684	-209606.28
-346859	-210342.3
-320039	-210928.48
-340639	-211328.27
-371787	-211525.22
-384277	-211518.17
-340866	-211329.77
-315413	-210980.67
-340731	-210492.17
-372142	-209894.64
-387652	-209222.16
-358717	-208521.3
-322955	-207840.4
-340229	-207212.64
-373989	-206673.1
-388436	-206252.75
-346414	-205980.89
-318804	-205863.06
-341543	-205884.75
-377712	-206022.22
-391116	-206246.4
-346934	-206536.69
-318034	-206865.92
-340634	-207205.5
-376011	-207535.56
-390026	-207841.12
-345168	-208117.44
-316737	-208344.25
-339903	-208485.2
-376914	-208498.02
-392999	-208337.69
-349475	-207977.6
-320194	-207399.16
-344729	-206605.22
-385320	-205639.7
-404340	-204587.48
-354265	-203578.9
-320406	-202750.78
-342829	-202224.69
-378826	-202095.22
-394094	-202404.47
-346489	-203140.14
-316961	-204210.3
-340958	-205459.39
-377864	-206704.75
-393724	-207766.48
-345901	-208515.42
-315950	-208878.5
-339933	-208857.27
-378798	-208538.72
-394976	-208074.9
-346605	-207659.42
-315462	-207463.1
-338926	-207594.17
-377836	-208079.05
-396327	-208844.92
-346552	-209741.94
-314231	-210546.69
-340392	-211010.97
-377494	-210926.31
-395132	-210166.34
-356675	-208734.64
-319877	-206757.53
-341478	-204459.72
-380181	-202151.23
-397972	-200165.64
-349047	-198811.11
-318315	-198292.08
-341779	-198677.6
-379305	-199897.5
-396495	-201753.38
-347366	-203968.14
-316601	-206213.77
-339799	-208175.67
-377674	-209608.11
-393666	-210371.12
-345077	-210452.61
-314858	-209936.06
-337669	-208976.67
-376480	-207770.81
-394627	-206510.98
-346712	-205364.67
-316403	-204429.08
-339990	-203732.97
-380492	-203254.98
-401798	-202944.83
-349425	-202757.55
-315151	-202654.89
-340371	-202620.97
-384187	-202672.2
-405068	-202843.84
-348780	-203186.95
-314065	-203720.75
-337522	-204423.69
-380412	-205235.06
-399703	-206059.4
-345651	-206795.27
-312349	-207332.64
-336363	-207584.44
-378800	-207514.8
-396810	-207147.4
-345914	-206574.84
-315901	-205919.69
-339510	-205317.77
-376606	-204898.23
-391792	-204752.58
-345967	-204927.7
-316043	-205402.03
-340956	-206097.75
-375801	-206905.23
-393440	-207701.66
-359716	-208385.2
-324070	-208882.42
-342287	-209152.66
-375880	-209205.03
-390076	-209079.95
-347657	-208843.28
-319087	-208551.77
-339540	-208245.17
-371515	-207947.45
-386187	-207660.55
-346839	-207385.89
-319853	-207119.39
-340285	-206869.45
-371932	-206670.78
-385536	-206576.9
-345577	-206663.17
-316548	-206992.48
-341771	-207601.95
-369975	-208494.61
-382465	-209616.22
-345820	-210869.14
-320240	-212107.7
-338081	-213167.61
-368719	-213897.8
-383310	-214182.5
-346451	-213977.66
-321518	-213305.25
-340346	-212260.02
-369656	-210995.72
-383001	-209691.05
-347813	-208527.95
-321067	-207644.97
-338980	-207119.58
-368577	-206961.06
-380349	-207106.84
-346786	-207452.47
-322557	-207859.62
-340030	-208200.12
-368007	-208383.05
-379203	-208366.19
-344480	-208172.5
-320372	-207868.72
-338133	-207555.17
-364220	-207343.36
-376132	-207320.38
-343041	-207541.53
-319402	-208003.95
-339029	-208655.89
-365744	-209412.9
-378367	-210162.4
-353984	-210800.58
-324582	-211245.4
-337970	-211449.28
-363526	-211413.12
-377142	-211169.69
-344808	-210782.48
-322561	-210316.6
-339609	-209830.03
-364821	-209364.3
-375927	-208933.14
-346139	-208535.27
-324481	-208152.02
-341519	-207768.47
-367392	-207385.34
-379437	-207018.19
-347912	-206709.75
-326232	-206511.33
-341371	-206481.14
-365672	-206668.45
-376523	-207090.72
-346316	-207734.78
-325391	-208543.19
-341467	-209430.45
-366318	-210295.06
-378734	-211030.1
-349312	-211552.5
-327961	-211806.44
-341953	-211782.3
-370557	-211512.55
-379015	-211058.98
-349070	-210504.38
-326641	-209926.16
-342575	-209388.47
-366530	-208932.19
-378018	-208561.97
-349623	-208262.11
-327701	-207997.86
-343097	-207740.6
-366407	-207478.97
-376359	-207219.44
-352972	-206996.2
-330436	-206858.98
-343795	-206868.42
-366772	-207077.16
-376744	-207504.38
-349544	-208135.05
-326446	-208906.89
-343950	-209727.78
-365697	-210487.6
-378554	-211065.94
-359999	-211366.77
-331896	-211333.47
-341661	-210959.72
-370224	-210297.23
-379547	-209435.7
-351176	-208492.78
-328491	-207583.48
-341832	-206811.8
-363517	-206249.0
-372151	-205914.08
-346249	-205784.02
-326954	-205796.61
-338214	-205879.16
-357401	-205962.12
-378037	-205981.27
-352630	-205908.05
-329872	-205740.62
-343065	-205512.62
-364792	-205277.36
-375055	-205083.95
-348860	-204974.19
-328104	-204963.47
-338578	-205052.44
-360504	-205221.12
-373201	-205427.69
-347132	-205630.8
-327437	-205789.64
-341844	-205889.92
-363384	-205937.89
-372756	-205944.94
-345125	-205932.28
-324826	-205910.75
-339011	-205889.56
-363322	-205861.78
-374756	-205797.3
-348801	-205660.08
-328091	-205410.27
-342814	-205032.94
-366061	-204540.38
-378911	-203967.39
-349557	-203381.36
-327997	-202861.14
-342126	-202497.03
-364767	-202364.55
-375816	-202495.52
-346680	-202880.28
-324292	-203453.45
-340176	-204119.97
-362670	-204766.92
-375546	-205272.53
-355276	-205545.86
-330332	-205538.98
-345367	-205265.52
-370486	-204800.7
-378362	-204254.81
-350611	-203758.06
-327996	-203425.69
-341907	-203347.75
-363681	-203562.73
-373654	-204038.95
-345488	-204693.78
-324314	-205400.61
-336973	-206032.62
-360663	-206482.67
-372119	-206678.64
-345235	-206608.97
-324003	-206315.77
-339595	-205898.38
-362701	-205484.2
-375405	-205190.66
-348377	-205109.58
-326862	-205276.34
-340570	-205678.86
-361930	-206253.28
-373535	-206890.4
-347836	-207472.17
-329139	-207887.48
-343262	-208076.23
-371126	-208031.39
-383831	-207791.86
-355199	-207440.94
-332801	-207075.92
-346052	-206801.73
-368525	-206696.55
-381279	-206782.97
-352732	-207035.44
-329878	-207378.4
-345019	-207722.33
-369454	-207978.8
-381587	-208076.6
-354327	-207990.73
-333110	-207743.4
-347653	-207415.6
-371069	-207120.89
-380658	-206970.02
-349727	-207053.45
-327893	-207406.31
-342881	-208008.56
-363949	-208779.52
-372683	-209578.45
-356965	-210241.64
-333283	-210613.22
-341306	-210581.73
-366411	-210106.75
-379862	-209218.86
-349779	-208027.34
-329198	-206689.61
-345229	-205396.45
-370295	-204330.27
-383661	-203623.9
-354761	-203348.73
-334176	-203492.36
-349718	-203977.44
-371761	-204677.14
-385094	-205432.9
-357857	-206097.27
-336214	-206550.28
-350982	-206729.64
-374037	-206634.2
-386184	-206303.36
-355239	-205818.88
-332065	-205267.69
-344899	-204733.77
-367884	-204279.38
-379754	-203930.14
-351181	-203687.2
-328480	-203527.66
-340426	-203429.23
-362577	-203381.16
-373786	-203383.62
-347921	-203459.6
-327006	-203637.7
-340077	-203949.14
-363410	-204411.14
-376681	-205004.42
-352417	-205677.58
-331767	-206342.36
-346689	-206896.2
-369468	-207241.83
-382891	-207302.45
-354929	-207054.53
-335470	-206528.56
-346231	-205820.78
-370129	-205075.9
-381109	-204454.14
-353739	-204109.8
-329036	-204147.5
-341933	-204604.77
-359208	-205441.55
-374361	-206529.14
-363838	-207683.73
-335989	-208697.83
-342037	-209376.11
-363874	-209580.34
-376638	-209244.89
-350724	-208400.73
-331616	-207157.42
-344196	-205693.58
-368154	-204217.55
-380354	-202923.2
-351751	-201964.12
-334216	-201416.58
-351489	-201280.19
-371460	-201487.38
-386168	-201913.34
-355916	-202422.56
-334992	-202885.88
-347892	-203221.02
-367506	-203405.92
-379606	-203471.6
-352560	-203501.22
-330007	-203595.4
-341402	-203852.64
-364716	-204342.22
-376402	-205079.53
-348987	-206030.83
-328370	-207106.75
-342265	-208191.61
-365827	-209165.9
-377920	-209926.34
-350394	-210412.77
-330341	-210611.61
-344581	-210561.89
-366482	-210344.55
-379877	-210052.81
-354584	-209782.84
-333629	-209600.48
-345201	-209537.14
-371677	-209583.22
-386701	-209688.38
-356812	-209786.97
-333855	-209802.9
-346732	-209675.03
-370266	-209375.08
-384587	-208906.33
-354376	-208314.39
-331462	-207665.31
-342295	-207040.19
-363298	-206521.94
-379214	-206169.4
-369783	-206020.05
-339741	-206084.64
-345764	-206344.11
-370430	-206765.6
-383972	-207304.23
-363048	-207917.42
-337609	-208568.4
-350594	-209231.88
-369218	-209897.14
-377167	-210555.34
-352567	-211202.38
-330401	-211826.5
-342397	-212409.2
-365625	-212925.28
-380682	-213338.22
-355249	-213616.36
-334394	-213719.28
-348616	-213616.5
-369834	-213291.84
-377436	-212737.38
-351547	-211962.39
-330843	-210984.92
-344116	-209837.64
-367363	-208569.81
-380719	-207240.4
-352032	-205926.69
-331927	-204708.94
-346381	-203674.83
-369275	-202913.2
-386611	-202494.64
-358908	-202474.3
-330717	-202867.48
-345421	-203646.52
-367697	-204742.48
-383357	-206041.02
-353832	-207406.62
-330346	-208686.56
-341956	-209741.89
-364243	-210467.69
-377862	-210803.56
-354322	-210751.16
-332482	-210362.36
-345922	-209736.03
-365524	-208998.38
-380115	-208270.69
-351212	-207659.39
-323972	-207225.84
-341081	-206983.73
-361324	-206907.78
-376692	-206933.75
-362407	-206990.61
-333072	-207017.86
-340927	-206981.6
-362947	-206893.08
-377401	-206797.55
-351691	-206774.05
-330468	-206905.36
-341269	-207260.19
-364537	-207870.98
-378587	-208712.0
-350867	-209708.3
-330436	-210730.39
-343096	-211626.44
-365069	-212249.22
-379022	-212479.5
-352669	-212259.7
-331405	-211596.72
-344075	-210569.08
-364936	-209313.02
-379514	-207988.67
-354332	-206760.89
-334973	-205757.62
-345867	-205058.14
-368346	-204682.28
-382447	-204588.86
-355380	-204704.17
-333327	-204933.69
-345712	-205195.69
-367686	-205444.66
-380844	-205673.95
-354259	-205922.1
-332169	-206248.23
-343656	-206717.56
-366390	-207375.12
-378744	-208217.77
-351586	-209195.39
-330186	-210200.73
-342130	-211097.78
-369187	-211749.06
-377541	-212043.38
-354220	-211930.28
-332919	-211431.52
-344777	-210649.78
-368373	-209753.45
-382868	-208939.77
-358069	-208404.33
-333547	-208291.72
-345691	-208668.64
-365867	-209508.1
-381010	-210681.17
-364732	-211991.7
-336454	-213208.7
-343107	-214106.86
-363921	-214519.42
-377516	-214362.78
-352714	-213659.02
-329919	-212521.08
-345390	-211136.58
-365762	-209730.33
-377497	-208511.28
-351798	-207643.06
-331261	-207204.53
-343124	-207187.9
-365333	-207506.8
-380387	-208012.2
-354749	-208541.23
-333741	-208941.45
-344641	-209112.05
-366516	-209023.81
-381621	-208712.05
-358481	-208277.27
-335967	-207846.1
-345274	-207549.5
-366185	-207489.02
-379000	-207707.97
-352631	-208191.05
-330661	-208857.53
-341333	-209587.97
-363720	-210248.69
-377686	-210714.1
-351717	-210901.64
-331566	-210775.33
-342791	-210358.44
-364818	-209725.52
-382860	-208976.06
-354421	-208225.94
-333030	-207569.34
-346814	-207070.44
-368658	-206756.69
-382304	-206610.44
-355327	-206589.8
-331505	-206631.0
-342345	-206673.67
-366202	-206674.17
-382243	-206609.14
-353662	-206487.67
-330307	-206333.81
-342021	-206184.5
-363481	-206080.11
-379783	-206042.22
-363526	-206080.36
-336280	-206182.12
-343918	-206313.16
-366407	-206438.17
-380523	-206519.66
-354304	-206535.62
-333602	-206474.44
-344852	-206347.25
-366381	-206184.78
-381968	-206024.58
-354165	-205913.8
-332362	-205887.17
-343293	-205970.38
-366424	-206173.27
-381558	-206482.89
-355577	-206881.38
-333788	-207333.48
-345296	-207805.16
-369604	-208266.45
-384209	-208689.39
-356630	-209060.9
-334082	-209367.53
-345132	-209603.5
-367447	-209767.1
-382251	-209852.02
-354915	-209857.0
-333168	-209773.45
-343771	-209598.02
-365911	-209333.17
-380772	-208984.8
-355236	-208574.0
-334493	-208125.92
-344621	-207677.78
-367789	-207273.16
-382786	-206951.6
-356847	-206754.53
-335029	-206707.5
-346122	-206824.11
-369592	-207104.33
-385770	-207528.23
-358536	-208066.77
-335857	-208672.47
-346509	-209294.69
-369931	-209883.19
-386445	-210385.0
-356681	-210763.03
-333536	-210982.83
-345709	-211027.52
-366617	-210897.47
-383877	-210601.31
-367362	-210165.86
-340070	-209625.55
-347106	-209016.31
-370044	-208385.2
-385585	-207774.22
-359779	-207225.66
-336712	-206770.64
-347735	-206432.95
-370481	-206233.88
-386721	-206180.45
-360353	-206279.77
-338612	-206524.92
-347667	-206901.53
-370346	-207388.25
-385077	-207949.2
-358917	-208544.45
-336809	-209118.38
-347044	-209612.4
-367611	-209970.34
-384107	-210136.73
-357637	-210077.4
-334975	-209776.05
-344761	-209245.1
-366546	-208530.11
-381923	-207700.06
-356172	-206852.36
-334141	-206087.84
-344010	-205507.58
-366469	-205193.61
-382859	-205190.58
-357969	-205507.83
-334951	-206102.05
-344532	-206892.42
-365590	-207772.69
-379894	-208616.27
-354941	-209309.44
-333983	-209755.83
-345541	-209902.83
-367281	-209748.31
-380182	-209333.98
-353366	-208747.1
-333318	-208094.19
-342158	-207490.88
-362397	-207042.2
-374634	-206819.0
-348592	-206856.58
-330521	-207136.98
-339280	-207605.9
-358937	-208183.0
-373031	-208765.62
-357281	-209260.31
-331562	-209592.16
-338735	-209713.8
-359981	-209621.98
-374801	-209344.78
-351596	-208942.52
-331166	-208486.52
-339491	-208055.22
-359620	-207718.9
-373782	-207524.34
-349507	-207498.5
-329796	-207635.38
-338514	-207910.77
-358329	-208285.34
-372232	-208706.25
-349884	-209125.97
-331042	-209495.66
-339903	-209780.81
-361018	-209960.48
-378036	-210020.1
-354974	-209962.92
-333306	-209795.39
-341904	-209535.39
-365580	-209208.05
-382784	-208842.08
-355165	-208478.44
-331742	-208154.12
-343057	-207909.61
-366709	-207783.38
-379571	-207800.84
-353400	-207979.11
-330882	-208310.31
-340344	-208769.6
-360178	-209315.9
-374583	-209889.94
-348239	-210432.86
-329256	-210882.53
-340287	-211194.8
-362686	-211349.55
-380092	-211348.45
-358224	-211223.55
-333951	-211026.48
-343341	-210819.97
-366041	-210670.0
-382767	-210625.9
-354612	-210723.02
-331454	-210962.06
-340703	-211318.78
-361092	-211750.97
-378379	-212196.62
-361192	-212599.11
-333443	-212909.84
-340251	-213097.25
-367773	-213158.55
-384959	-213111.45
-353926	-212998.39
-327228	-212861.36
-337018	-212740.95
-360369	-212667.81
-376826	-212647.53
-352342	-212671.44
-330963	-212707.03
-338169	-212714.95
-359501	-212656.2
-373931	-212497.81
-351628	-212229.7
-329108	-211857.86
-340826	-211410.2
-362707	-210931.7
-373812	-210469.66
-351608	-210070.64
-331339	-209762.36
-339465	-209556.75
-362024	-209448.42
-376006	-209412.73
-350462	-209421.6
-330004	-209440.27
-338323	-209445.0
-357463	-209427.55
-373037	-209388.45
-350212	-209344.52
-328756	-209310.53
-337177	-209300.44
-358229	-209317.16
-372309	-209343.23
-348597	-209350.17
-328256	-209290.11
-336767	-209117.3
-358415	-208796.08
-374073	-208305.36
-349249	-207658.6
-329354	-206891.12
-338102	-206069.02
-361411	-205275.45
-377906	-204591.73
-352132	-204091.86
-330194	-203815.55
-339399	-203771.75
-359039	-203934.33
-376780	-204238.58
-359946	-204605.44
-336728	-204946.42
-340804	-205183.58
-362029	-205267.75
-378292	-205176.95
-353218	-204927.72
-331039	-204558.33
-339203	-204128.06
-361827	-203703.67
-375940	-203341.72
-351242	-203090.86
-329532	-202972.95
-335611	-202997.33
-362536	-203159.47
-375917	-203446.95
-350991	-203851.75
-329864	-204362.73
-338797	-204975.34
-360600	-205686.14
-376339	-206479.19
-353473	-207328.77
-332296	-208183.42
-340939	-208976.31
-362191	-209628.58
-377534	-210054.28
-353712	-210186.81
-332676	-209982.19
-339384	-209442.9
-361306	-208620.89
-375985	-207611.1
-352644	-206548.83
-331581	-205578.5
-339249	-204840.53
-360681	-204443.48
-376776	-204442.2
-351712	-204835.11
-330072	-205553.75
-339057	-206484.0
-361215	-207487.14
-376906	-208417.28
-352601	-209159.02
-329914	-209634.38
-337988	-209823.72
-360821	-209763.39
-377196	-209528.1
-351853	-209222.25
-328889	-208941.92
-337330	-208765.31
-356662	-208733.34
-369796	-208835.22
-359624	-209020.05
-334341	-209206.78
-337353	-209302.27
-359804	-209228.48
-375900	-208933.6
-351085	-208412.03
-329981	-207696.42
-338791	-206860.64
-359786	-206006.19
-374982	-205234.81
-351080	-204640.72
-329720	-204281.27
-339412	-204178.66
-362354	-204315.23
-379352	-204635.53
-355722	-205066.48
-334419	-205520.55
-339508	-205921.67
-364949	-206211.9
-380708	-206356.22
-354924	-206352.06
-331120	-206212.25
-340156	-205966.83
-362389	-205654.52
-377412	-205308.05
-353307	-204958.47
-329316	-204621.02
-336101	-204305.06
-361768	-204014.67
-377482	-203749.61
-352660	-203516.08
-330047	-203316.58
-338537	-203159.62
-361070	-203057.33
-376326	-203016.8
-350296	-203047.55
-327631	-203146.5
-337055	-203309.2
-360430	-203528.69
-376503	-203793.72
-350851	-204101.66
-328224	-204446.34
-337202	-204829.52
-360257	-205254.94
-377735	-205721.64
-352620	-206230.62
-331853	-206766.11
-342646	-207304.8
-360878	-207814.19
-381833	-208248.95
-368479	-208568.52
-337061	-208736.86
-340432	-208727.4
-361101	-208536.81
-377996	-208177.44
-350793	-207688.88
-328700	-207117.2
-335834	-206520.55
-357255	-205957.98
-373383	-205477.56
-348804	-205119.92
-327594	-204901.3
-334694	-204825.05
-356869	-204880.66
-373087	-205044.55
-347549	-205295.02
-326023	-205602.72
-331501	-205943.44
-353414	-206295.86
-369874	-206638.31
-347431	-206955.84
-324720	-207226.22
-333482	-207430.2
-359442	-207550.4
-379066	-207571.83
-350716	-207494.0
-328846	-207319.16
-334611	-207067.92
-358156	-206773.12
-374345	-206472.06
-350194	-206209.45
-327801	-206018.12
-335500	-205921.25
-357769	-205924.9
-374061	-206010.19
-349334	-206147.78
-325384	-206289.11
-333452	-206386.83
-356821	-206401.95
-373285	-206309.42
-348815	-206113.42
-327178	-205834.86
-334530	-205516.94
-357162	-205216.55
-373453	-204986.42
-349044	-204872.11
-327327	-204890.69
-332208	-205037.55
-355183	-205281.83
-375742	-205568.45
-362426	-205837.94
-332692	-206033.12
-335217	-206110.95
-358917	-206057.48
-375955	-205886.11
-349771	-205641.48
-327669	-205381.64
-334342	-205178.98
-357595	-205102.28
-374397	-205199.19
-349809	-205495.06
-326477	-205978.52
-333812	-206610.17
-357083	-207326.97
-374787	-208048.17
-350791	-208695.94
-328612	-209195.02
-335667	-209490.34
-359411	-209555.4
-377122	-209386.69
-351699	-209014.73
-328684	-208487.36
-337159	-207868.86
-358984	-207232.12
-375897	-206644.72
-350242	-206168.97
-327589	-205842.78
-334532	-205684.12
-358002	-205685.27
-375051	-205810.38
-349972	-206010.23
-327799	-206214.7
-334814	-206354.19
-358581	-206370.25
-376539	-206222.84
-350568	-205910.1
-328259	-205460.28
-335551	-204940.48
-359246	-204447.17
-376926	-204088.48
-352589	-203975.44
-329884	-204187.64
-337187	-204766.02
-361343	-205697.08
-379364	-206906.5
-347676	-208275.25
-326606	-209638.9
-337251	-210824.9
-357471	-211679.12
-376031	-212082.05
-363500	-211980.17
-333876	-211387.53
-335305	-210383.08
-358969	-209099.44
-376589	-207695.05
-351161	-206332.38
-328519	-205139.16
-334741	-204197.8
-358223	-203533.97
-376856	-203114.38
-351231	-202869.9
-329046	-202705.31
-335673	-202533.1
-359209	-202293.52
-377467	-201966.86
-352161	-201582.77
-329202	-201204.45
-335779	-200918.77
-359681	-200812.69
-377683	-200946.33
-352406	-201345.14
-330009	-201978.14
-336126	-202771.16
-359804	-203617.42
-377403	-204395.03
-351921	-204999.39
-328612	-205351.97
-335011	-205423.34
-358742	-205234.67
-376903	-204848.03
-351517	-204359.23
-328976	-203863.6
-335576	-203444.67
-359474	-203155.9
-376717	-203008.98
-351226	-202984.33
-328222	-203028.03
-334546	-203080.08
-358182	-203089.66
-376306	-203027.33
-351471	-202903.31
-328746	-202754.7
-335253	-202645.95
-359137	-202650.98
-377730	-202828.56
-351659	-203216.25
-329135	-203802.86
-335753	-204536.94
-357190	-205331.83
-376292	-206073.9
-360244	-206653.36
-331843	-206979.47
-335826	-206995.27
-360339	-206696.64
-377488	-206129.2
-352094	-205383.73
-327524	-204570.94
-339418	-203808.52
-358589	-203202.92
-377283	-202824.84
-351993	-202711.02
-329086	-202849.58
-335317	-203195.19
-359566	-203679.34
-378749	-204219.81
-352727	-204746.19
-329851	-205195.2
-336117	-205528.92
-360333	-205731.44
-378766	-205804.47
-354044	-205766.75
-330177	-205637.84
-336111	-205440.67
-360398	-205198.22
-379009	-204926.75
-353440	-204648.33
-330114	-204379.38
-335705	-204141.83
-359695	-203961.25
-378479	-203859.83
-353448	-203859.95
-330635	-203967.73
-337055	-204178.95
-360976	-204474.19
-380026	-204815.72
-354376	-205163.52
-330994	-205468.44
-336760	-205692.52
-360950	-205814.64
-379076	-205831.19
-353102	-205767.67
-329771	-205661.66
-334944	-205564.75
-358728	-205528.72
-378032	-205589.73
-352198	-205769.16
-329801	-206053.0
-336309	-206405.7
-358193	-206771.67
-378144	-207079.94
-362421	-207270.9
-333444	-207296.89
-336044	-207134.39
-360061	-206797.23
-379767	-206325.1
-354347	-205787.14
-331310	-205255.19
-335679	-204804.27
-358899	-204493.62
-377356	-204355.2
-352397	-204397.67
-329576	-204593.88
-335219	-204897.86
-359390	-205251.66
-378700	-205592.81
-354064	-205874.73
-331264	-206060.55
-336034	-206137.69
-363526	-206112.55
-381144	-206006.19
-355018	-205853.44
-331479	-205683.39
-336813	-205523.02
-361545	-205390.38
-381501	-205290.22
-354346	-205223.88
-330637	-205178.11
-335753	-205143.0
-359141	-205108.86
-375711	-205067.25
-356193	-205017.84
-331266	-204959.31
-335129	-204895.03
-358922	-204829.03
-377791	-204761.53
-352852	-204697.3
-329985	-204633.23
-335727	-204571.23
-360183	-204516.11
-380037	-204473.66
-355212	-204459.55
-332459	-204485.17
-337862	-204565.56
-362331	-204712.12
-381089	-204926.22
-354858	-205205.12
-331399	-205528.22
-336370	-205868.02
-357861	-206191.25
-377324	-206460.25
-362342	-206645.33
-337075	-206723.61
-339636	-206684.61
-361715	-206538.36
-380404	-206306.14
-354795	-206024.8
-330564	-205729.25
-335392	-205458.22
-359422	-205244.45
-379047	-205107.88
-354667	-205062.62
-332033	-205103.31
-337478	-205218.06
-361836	-205388.98
-381835	-205590.77
-356721	-205804.67
-333736	-206006.14
-338452	-206178.42
-361124	-206309.33
-380274	-206388.64
-355005	-206415.98
-331991	-206388.5
-336770	-206313.0
-360454	-206201.55
-379672	-206069.22
-355021	-205942.11
-331993	-205842.08
-336428	-205795.03
-360346	-205821.58
-380930	-205930.62
-355492	-206123.34
-332399	-206377.86
-336937	-206660.86
-360636	-206927.88
-379915	-207126.25
-355363	-207213.03
-332682	-207151.34
-337179	-206930.66
-360566	-206566.61
-380166	-206099.62
-356334	-205598.4
-333121	-205138.31
-337325	-204798.9
-360294	-204646.9
-380447	-204719.03
-355471	-205023.48
-332928	-205522.52
-337920	-206150.83
-358778	-206818.42
-378804	-207420.89
-363720	-207867.83
-336114	-208089.33
-337823	-208048.67
-362686	-207754.28
-382607	-207251.53
-356854	-206621.52
-332911	-205954.61
-337281	-205346.66
-361672	-204879.27
-381395	-204604.81
-357194	-204549.7
-334197	-204698.92
-338625	-205015.1
-362608	-205442.36
-381227	-205916.69
-356504	-206384.0
-334445	-206794.86
-338333	-207121.77
-362261	-207353.27
-380779	-207487.64
-356335	-207536.45
-332976	-207505.05
-337288	-207401.14
-361311	-207228.84
-380901	-206988.23
-356219	-206686.94
-332897	-206332.31
-337504	-205945.38
-361465	-205558.33
-379904	-205208.75
-355577	-204942.23
-333763	-204791.08
-338884	-204779.17
-362958	-204910.55
-383118	-205164.16
-358572	-205505.19
-334898	-205878.23
-338594	-206229.36
-362059	-206512.38
-383607	-206696.39
-357565	-206782.2
-334392	-206787.36
-337590	-206754.17
-360682	-206735.08
-380547	-206776.6
-355103	-206915.56
-332810	-207155.1
-337242	-207474.84
-358536	-207827.47
-379042	-208145.14
-364816	-208360.75
-336957	-208417.89
-338702	-208284.34
-362001	-207967.22
-381357	-207506.67
-357221	-206977.36
-334494	-206464.14
-338454	-206056.34
-361170	-205826.34
-380524	-205809.83
-356471	-206011.55
-333682	-206388.0
-338044	-206868.97
-361884	-207366.38
-382696	-207789.44
-359444	-208069.6
-335379	-208160.84
-338656	-208057.27
-362163	-207788.23
-381819	-207406.95
-357895	-206987.19
-334977	-206594.95
-338922	-206287.36
-362023	-206099.75
-382266	-206037.77
-357666	-206089.17
-334881	-206216.92
-339349	-206381.0
-361330	-206544.69
-380574	-206677.75
-357528	-206769.31
-335024	-206815.3
-338390	-206827.02
-362031	-206819.97
-381607	-206805.5
-357696	-206795.75
-334697	-206787.62
-338512	-206777.4
-362147	-206758.69
-382764	-206725.22
-358052	-206683.33
-334724	-206640.78
-338417	-206617.92
-362203	-206639.52
-382841	-206725.5
-357672	-206893.9
-334409	-207141.3
-337964	-207452.89
-359051	-207799.06
-379402	-208136.06
-365854	-208421.77
-338819	-208617.48
-339313	-208697.64
-362590	-208659.52
-382212	-208517.45
-358457	-208308.17
-335878	-208070.3
-339674	-207849.55
-363566	-207683.53
-384307	-207593.0
-359297	-207587.36
-335919	-207649.64
-339056	-207754.44
-363032	-207868.88
-382742	-207958.38
-357202	-208001.52
-334386	-207980.44
-337919	-207895.14
-361029	-207756.28
-381043	-207580.0
-357224	-207389.14
-334324	-207198.31
-337178	-207023.2
-360588	-206874.2
-380702	-206756.4
-356921	-206679.7
-335646	-206647.62
-339069	-206673.34
-362607	-206770.19
-383251	-206947.66
-359084	-207213.25
-336727	-207556.48
-339635	-207953.47
-363212	-208365.5
-383981	-208739.34
-360304	-209021.12
-337487	-209155.47
-341862	-209106.98
-366517	-208865.92
-387182	-208451.11
-362466	-207918.4
-339297	-207340.12
-342549	-206805.52
-365726	-206401.31
-386484	-206192.08
-359372	-206217.53
-335144	-206469.52
-337695	-206905.8
-358909	-207451.73
-376781	-208012.12
-367010	-208492.33
-340420	-208813.98
-337752	-208929.02
-359956	-208829.95
-379663	-208546.58
-355871	-208146.22
-333004	-207706.61
-336527	-207312.58
-360309	-207035.36
-379165	-206917.38
-356375	-206973.48
-334891	-207178.11
-339051	-207485.66
-361576	-207836.06
-382772	-208165.0
-360457	-208425.05
-338169	-208581.16
-341747	-208626.64
-364789	-208575.84
-385654	-208456.0
-362314	-208306.56
-339546	-208156.55
-341977	-208030.47
-361279	-207940.38
-388873	-207879.2
-362910	-207840.77
-338061	-207806.69
-340719	-207766.22
-363397	-207715.94
-383476	-207659.12
-359298	-207612.75
-335832	-207588.77
-338061	-207602.31
-360846	-207660.36
-381112	-207756.4
-355857	-207878.36
-337989	-207996.3
-339831	-208084.42
-361203	-208120.73
-381642	-208090.72
-357597	-208002.12
-335235	-207869.78
-338501	-207726.75
-362412	-207612.05
-383744	-207559.97
-358929	-207601.02
-336014	-207740.25
-338525	-207968.98
-355300	-208261.88
-376970	-208576.39
-371520	-208869.8
-342856	-209105.47
-339504	-209258.56
-362304	-209324.0
-382063	-209311.98
-359384	-209249.88
-337427	-209162.77
-340361	-209077.34
-363569	-209009.55
-384486	-208957.25
-361347	-208908.9
-338781	-208834.03
-340176	-208705.34
-362712	-208500.64
-382905	-208209.98
-359851	-207848.7
-337116	-207444.3
-339079	-207044.55
-361283	-206702.8
-381067	-206465.77
-357537	-206369.88
-335346	-206421.48
-338047	-206606.7
-361529	-206889.2
-381715	-207217.33
-358494	-207543.4
-335370	-207822.62
-338005	-208035.62
-361323	-208188.1
-382201	-208307.03
-359097	-208440.84
-336761	-208635.36
-339225	-208931.36
-362461	-209347.75
-383312	-209871.0
-360086	-210463.92
-337019	-211056.94
-340387	-211573.25
-364098	-211938.27
-384908	-212094.05
-360746	-212018.23
-336709	-211715.78
-339567	-211231.03
-362812	-210632.94
-384376	-209998.75
-359034	-209406.73
-332532	-208908.33
-339304	-208528.7
-358659	-208263.44
-378883	-208075.77
-371317	-207915.89
-343441	-207731.33
-340326	-207481.03
-364668	-207149.92
-386257	-206750.36
-362666	-206327.7
-339338	-205940.0
-341329	-205656.94
-364944	-205540.67
-388289	-205630.7
-365048	-205944.86
-340620	-206462.17
-342393	-207138.67
-365227	-207911.47
-386912	-208708.0
-362757	-209466.75
-339411	-210132.34
-341276	-210673.78
-365312	-211079.45
-386815	-211351.17
-362007	-211506.03
-338159	-211554.84
-340658	-211509.56
-363802	-211375.52
-385903	-211149.97
-361571	-210836.1
-338372	-210432.2
-340303	-209951.7
-364241	-209419.4
-386483	-208869.16
-362559	-208349.06
-339089	-207899.03
-340924	-207555.83
-364587	-207339.9
-388121	-207249.39
-363074	-207268.56
-339736	-207358.06
-341557	-207474.94
-365879	-207578.06
-390237	-207634.48
-365184	-207637.42
-341113	-207591.45
-343001	-207524.81
-367151	-207475.73
-390404	-207481.23
-359117	-207577.97
-337116	-207774.44
-341792	-208064.17
-360859	-208421.69
-383091	-208803.17
-375037	-209162.64
-344992	-209459.5
-341285	-209664.62
-364251	-209770.42
-386092	-209786.4
-363666	-209742.08
-340529	-209666.11
-342959	-209589.92
-368211	-209532.73
-391666	-209495.77
-364699	-209471.72
-340405	-209430.7
-341692	-209343.53
-365041	-209184.61
-387342	-208937.83
-361734	-208612.2
-337814	-208226.44
-339927	-207819.64
-363752	-207437.34
-386924	-207119.72
-363313	-206901.78
-340121	-206792.19
-339369	-206785.08
-362889	-206855.81
-385121	-206968.38
-360729	-207092.31
-338172	-207198.6
-339376	-207279.19
-362254	-207343.53
-381342	-207414.39
-356619	-207527.77
-334217	-207707.8
-336516	-207970.48
-359602	-208309.8
-380422	-208693.4
-356943	-209074.36
-333969	-209386.12
-335964	-209569.56
-358800	-209580.83
-380033	-209401.88
-356514	-209055.23
-334569	-208589.39
-336362	-208085.48
-359282	-207637.11
-380554	-207331.14
-357857	-207239.89
-333889	-207393.95
-335394	-207789.52
-356508	-208383.44
-377737	-209099.4
-365749	-209848.97
-338053	-210544.14
-336418	-211110.78
-359322	-211506.88
-380211	-211722.64
-357082	-211784.06
-335289	-211731.73
-337486	-211621.7
-359063	-211506.58
-379887	-211422.56
-357486	-211390.16
-335006	-211400.25
-336547	-211430.69
-358889	-211449.03
-379458	-211420.53
-356650	-211326.64
-334273	-211155.69
-335651	-210919.44
-359205	-210643.8
-384197	-210359.84
-357191	-210108.05
-334959	-209911.28
-336347	-209785.9
-358942	-209732.61
-380396	-209737.14
-358319	-209785.61
-336241	-209851.56
-338069	-209922.12
-360348	-209994.33
-382121	-210073.77
-359426	-210181.17
-336909	-210332.27
-337919	-210545.14
-359288	-210826.47
-380607	-211166.05
-358522	-211542.88
-336057	-211914.78
-336754	-212239.27
-358917	-212472.11
-379270	-212578.83
-356664	-212548.72
-334340	-212384.44
-335631	-212115.4
-357585	-211787.78
-378659	-211455.47
-354023	-211178.53
-331997	-211000.02
-333594	-210952.42
-354032	-211047.5
-375370	-211272.33
-364175	-211600.75
-338231	-211991.06
-336308	-212392.75
-358609	-212760.73
-379467	-213056.67
-357334	-213255.69
-336099	-213337.72
-336994	-213300.39
-359094	-213150.64
-380807	-212902.06
-359129	-212580.11
-337661	-212207.31
-338907	-211813.48
-361716	-211428.97
-383612	-211080.25
-361282	-210795.78
-337552	-210588.42
-340112	-210465.48
-362929	-210421.19
-382495	-210434.23
-362666	-210475.69
-339459	-210500.72
-340352	-210466.61
-366527	-210332.47
-393860	-210067.6
-361796	-209667.69
-336782	-209139.42
-337151	-208515.5
-358981	-207845.38
-376089	-207185.67
-360004	-206595.86
-336907	-206119.86
-335562	-205788.89
-355784	-205609.75
-375431	-205564.33
-353851	-205621.1
-331896	-205728.88
-333211	-205842.12
-355131	-205922.66
-374924	-205946.75
-355902	-205915.83
-334695	-205844.08
-335778	-205765.55
-357913	-205720.45
-379396	-205742.47
-356917	-205859.47
-335752	-206071.5
-335837	-206364.6
-355254	-206707.06
-375238	-207049.98
-364671	-207346.27
-339197	-207553.25
-336022	-207641.02
-355452	-207603.19
-373648	-207453.31
-354418	-207223.56
-332815	-206950.73
-332914	-206679.62
-351307	-206449.31
-368200	-206285.36
-349972	-206201.83
-330741	-206190.22
-331715	-206237.1
-352096	-206322.78
-370143	-206424.7
-350585	-206529.17
-332294	-206621.92
-335366	-206704.02
-355027	-206782.6
-374852	-206866.83
-354949	-206969.16
-335048	-207091.08
-335740	-207234.94
-356549	-207396.14
-377011	-207563.67
-356791	-207728.92
-336993	-207876.83
-337969	-208001.75
-359632	-208100.98
-380877	-208173.38
-358986	-208223.52
-337381	-208246.62
-337107	-208240.31
-357787	-208195.4
-377445	-208097.48
-356981	-207934.03
-336030	-207687.4
-336542	-207353.77
-357132	-206940.1
-376770	-206465.52
-356729	-205967.11
-336880	-205483.67
-337169	-205065.6
-358249	-204759.33
-379161	-204598.08
-358004	-204603.39
-336777	-204767.34
-337279	-205071.12
-356437	-205478.05
-375321	-205937.61
-365199	-206403.31
-340316	-206831.94
-334739	-207193.06
-360352	-207474.31
-378234	-207680.78
-356621	-207833.16
-336769	-207950.83
-337164	-208061.75
-357048	-208189.56
-375259	-208349.23
-356029	-208551.19
-336548	-208791.34
-336957	-209069.94
-357226	-209385.0
-375782	-209734.1
-356968	-210120.72
-337961	-210540.19
-337135	-210991.89
-355635	-211465.52
-373099	-211937.5
-354322	-212372.9
-336036	-212717.03
-336495	-212914.97
-355043	-212912.1
-372247	-212663.77
-355101	-212149.16
-335738	-211369.17
-335825	-210363.1
-355041	-209199.9
-373042	-207968.05
-356732	-206769.69
-337696	-205696.27
-338027	-204827.92
-357857	-204213.92
-376082	-203867.81
-358784	-203772.44
-339541	-203877.61
-339439	-204123.23
-358814	-204446.5
-377003	-204792.23
-358653	-205128.48
-340761	-205437.31
-341327	-205728.03
-359386	-206020.25
-375765	-206333.4
-357088	-206679.61
-338966	-207044.1
-339196	-207395.03
-355645	-207680.62
-373416	-207832.72
-366288	-207785.02
-344120	-207484.86
-341651	-206907.77
-359271	-206070.03
-376775	-205024.9
-360104	-203862.06
-341651	-202686.7
-342334	-201615.36
-361067	-200752.52
-377283	-200172.55
-359536	-199915.39
-340564	-199972.1
-339950	-200302.11
-356509	-200836.86
-377607	-201491.84
-361035	-202189.7
-341411	-202862.64
-340762	-203473.64
-357393	-204013.05
-373687	-204492.67
-357449	-204942.7
-340722	-205388.4
-340250	-205857.48
-356701	-206359.75
-372046	-206883.89
-356614	-207402.16
-340457	-207867.88
-341277	-208237.67
-357368	-208475.0
-371740	-208557.06
-356936	-208483.88
-339981	-208270.27
-339697	-207956.53
-356236	-207593.19
-370845	-207231.61
-356287	-206918.89
-340223	-206683.4
-339514	-206543.78
-356537	-206502.97
-371656	-206549.94
-357296	-206668.3
-341100	-206833.75
-340704	-207030.61
-355551	-207247.8
-369440	-207476.39
-355153	-207710.92
-339458	-207938.52
-339028	-208149.75
-353406	-208329.6
-367652	-208456.03
-364592	-208506.03
-346331	-208459.86
-342221	-208308.31
-357259	-208058.33
-370359	-207730.56
-356824	-207359.64
-342034	-206982.1
-341605	-206642.98
-356274	-206380.45
-369806	-206216.1
-357732	-206154.45
-342784	-206174.4
-342758	-206244.84
-358163	-206324.84
-369631	-206370.2
-357178	-206345.62
-343149	-206223.75
-342542	-206003.86
-356614	-205704.61
-369246	-205357.02
-357058	-205002.23
-342922	-204677.08
-342629	-204419.12
-356582	-204255.3
-370002	-204197.8
-359606	-204247.02
-346081	-204387.16
-344934	-204610.19
-358297	-204906.47
-370134	-205265.72
-358252	-205680.22
-344426	-206138.58
-343419	-206630.34
-356791	-207139.72
-369014	-207641.11
-357677	-208101.6
-344309	-208478.42
-342974	-208738.55
-355451	-208858.5
-366701	-208830.25
-356284	-208667.28
-344024	-208401.23
-343377	-208089.11
-355787	-207798.27
-366757	-207594.03
-354510	-207529.19
-340781	-207627.89
-339567	-207892.92
-351631	-208297.52
-359777	-208788.8
-365751	-209295.58
-353916	-209746.34
-346951	-210083.75
-359220	-210273.94
-369574	-210308.52
-358824	-210205.16
-345928	-209996.89
-344517	-209733.78
-356645	-209465.4
-368624	-209228.97
-359434	-209044.83
-347661	-208909.52
-348157	-208808.75
-359736	-208719.11
-370951	-208613.16
-361416	-208471.42
-348823	-208281.97
-347840	-208053.53
-359000	-207807.05
-369442	-207566.31
-360295	-207355.58
-348247	-207186.23
-347034	-207064.25
-357839	-206982.58
-368709	-206922.89
-358669	-206863.05
-346701	-206779.28
-345727	-206665.2
-356664	-206527.53
-366039	-206384.3
-357189	-206261.19
-346233	-206179.56
-345327	-206161.0
-356380	-206211.58
-366172	-206317.33
-355680	-206447.22
-348916	-206552.52
-347257	-206593.06
-357504	-206539.27
-366841	-206379.8
-359179	-206129.42
-348198	-205824.19
-347110	-205526.78
-357389	-205306.88
-366165	-205225.08
-356919	-205320.0
-345772	-205593.02
-342677	-206018.73
-351127	-206541.06
-361044	-207081.19
-369194	-207552.75
-355479	-207885.58
-347426	-208038.9
-357615	-208010.03
-366670	-207831.94
-359201	-207562.06
-348675	-207267.98
-347507	-207022.06
-357572	-206876.8
-366722	-206853.92
-359780	-206940.55
-350672	-207092.0
-348772	-207254.7
-358606	-207374.12
-367124	-207409.61
-359609	-207346.1
-349206	-207196.52
-348452	-207007.81
-358364	-206843.66
-367049	-206767.05
-359326	-206825.11
-348826	-207030.89
-347655	-207369.3
-358317	-207791.62
-365778	-208225.7
-357981	-208592.56
-348050	-208821.03
-346870	-208873.9
-356938	-208750.64
-365546	-208485.88
-357831	-208141.52
-347433	-207787.06
-346240	-207491.0
-355979	-207298.08
-364916	-207216.33
-358299	-207215.12
-347628	-207230.94
-346399	-207192.17
-356009	-207035.02
-364676	-206720.98
-357477	-206251.47
-347658	-205669.88
-346865	-205066.4
-356634	-204553.95
-365501	-204245.0
-356656	-204227.08
-341073	-204540.0
-343369	-205170.42
-353042	-206049.3
-361204	-207061.06
-368161	-208063.75
-354421	-208922.1
-346577	-209532.11
-356381	-209841.77
-365190	-209856.69
-357939	-209637.6
-347885	-209281.1
-346907	-208907.12
-357479	-208628.83
-396994	-208520.0
-366684	-208624.83
-348621	-208925.61
-347509	-209367.1
-357794	-209866.22
-366661	-210330.89
-358815	-210680.45
-348067	-210856.45
-346854	-210842.08
-357044	-210655.84
-366021	-210340.86
-358217	-209952.55
-347427	-209540.5
-347681	-209145.78
-358384	-208789.55
-366320	-208472.48
-358264	-208181.86
-347574	-207898.62
-346267	-207615.39
-356935	-207339.61
-366529	-207093.81
-358166	-206913.73
-346949	-206834.77
-345666	-206887.75
-356735	-207083.06
-367080	-207402.52
-357999	-207799.39
-346507	-208201.8
-345200	-208532.3
-356448	-208720.78
-366650	-208720.11
-358313	-208518.64
-347042	-208143.14
-345674	-207661.45
-357474	-207167.34
-367529	-206761.52
-351909	-206534.62
-342939	-206540.77
-343579	-206797.0
-352891	-207275.23
-362880	-207905.95
-368907	-208590.81
-353869	-209228.56
-345319	-209729.02
-356997	-210032.4
-367722	-210118.7
-358472	-210007.84
-346442	-209751.58
-343594	-209425.66
-359005	-209109.25
-368704	-208871.06
-358891	-208756.22
-346729	-208775.77
-345267	-208913.92
-357794	-209129.86
-368907	-209368.66
-359439	-209574.4
-346931	-209698.89
-345265	-209714.38
-358226	-209614.12
-367337	-209411.8
-361583	-209135.97
-348114	-208822.03
-344685	-208508.19
-357188	-208225.06
-368640	-207992.6
-358304	-207820.42
-345426	-207703.77
-344082	-207632.66
-357155	-207592.42
-368875	-207568.33
-358772	-207549.61
-345688	-207525.97
-344139	-207493.44
-357926	-207450.88
-369691	-207399.34
-358952	-207342.2
-345650	-207279.06
-343762	-207211.58
-357124	-207138.78
-369724	-207058.4
-358994	-206969.14
-345560	-206866.8
-343504	-206750.03
-356621	-206619.53
-369170	-206481.39
-357238	-206350.77
-342589	-206248.9
-340876	-206207.4
-353629	-206264.52
-366267	-206460.06
-365344	-206829.89
-348622	-207401.39
-343627	-208176.05
-357502	-209129.45
-370293	-210209.81
-359165	-211336.3
-345426	-212402.7
-344067	-213295.03
-357462	-213904.86
-370317	-214147.95
-359200	-213983.0
-345176	-213415.8
-343429	-212506.69
-357539	-211363.42
-370859	-210125.03
-359281	-208946.12
-345186	-207963.78
-343394	-207282.16
-357931	-206951.78
-371773	-206964.34
-359157	-207257.16
-344692	-207721.98
-342512	-208230.36
-357166	-208656.14
-370480	-208901.39
-358981	-208916.3
-344563	-208700.86
-342691	-208308.17
-357280	-207826.77
-371161	-207362.31
-359438	-207016.66
-345633	-206858.95
-343419	-206915.27
-357862	-207160.42
-372061	-207524.69
-359184	-207913.23
-343877	-208219.16
-341368	-208353.86
-357072	-208260.36
-371702	-207932.72
-358894	-207418.64
-343239	-206806.33
-340891	-206209.53
-356640	-205743.45
-372646	-205503.92
-357905	-205551.25
-341780	-205891.67
-339131	-206480.11
-353508	-207226.6
-368952	-208016.22
-365407	-208731.34
-346992	-209274.03
-341569	-209575.08
-357275	-209613.23
-372026	-209416.47
-359184	-209052.67
-344417	-208610.06
-341356	-208182.88
-356961	-207850.67
-372042	-207666.7
-359164	-207653.78
-343983	-207796.5
-341617	-208051.84
-357019	-208358.28
-371527	-208652.34
-359014	-208883.81
-344191	-209018.0
-341983	-209043.38
-357841	-208968.3
-370710	-208817.98
-358452	-208628.8
-343892	-208432.31
-341852	-208253.98
-356249	-208105.34
-369807	-207988.33
-358622	-207899.23
-344933	-207828.83
-342792	-207771.31
-356655	-207724.95
-369609	-207696.1
-359225	-207698.17
-345083	-207742.69
-342729	-207835.84
-356387	-207972.16
-368034	-208133.56
-357282	-208291.6
-344177	-208407.36
-342354	-208441.48
-355176	-208362.67
-366267	-208157.38
-356611	-207836.9
-344843	-207434.7
-343744	-207005.08
-355523	-206613.69
-366127	-206327.33
-356472	-206201.86
-344762	-206266.77
-343184	-206522.1
-353793	-206937.4
-363776	-207452.52
-365392	-207991.3
-351871	-208477.92
-346357	-208843.03
-355545	-209043.61
-362964	-209069.06
-356787	-208939.4
-346156	-208699.11
-344304	-208409.5
-352553	-208135.56
-359239	-207932.27
-354105	-207838.19
-346016	-207852.2
-344052	-207964.08
-350420	-208140.3
-355378	-208335.03
-352574	-208499.75
-346601	-208595.44
-346813	-208601.67
-351329	-208520.23
-354009	-208370.8
-351855	-208184.75
-346506	-207998.05
-346939	-207845.97
-352182	-207755.12
-354414	-207737.7
-353298	-207789.53
-348536	-207893.23
-346897	-208027.94
-349038	-208171.17
-349673	-208303.02
-349366	-208407.52
-347654	-208474.33
-347429	-208502.1
-347271	-208494.77
-343677	-208455.75
-346683	-208382.03
-348269	-208267.33
-348637	-208109.19
-345720	-207909.81
-342412	-207675.58
-348777	-207415.38
-354044	-207148.16
-355100	-206904.77
-349446	-206723.6
-343956	-206638.52
-349717	-206668.6
-355437	-206816.56
-356902	-207075.67
-349049	-207420.83
-340404	-207810.84
-357865	-208188.5
-361978	-208503.81
-360371	-208715.7
-347487	-208808.97
-336125	-208788.33
-345365	-208669.11
-357044	-208481.42
-359836	-208270.5
-344086	-208084.88
-332368	-207960.77
-344695	-207907.9
-359314	-207920.08
-362943	-207981.9
-341737	-208074.05
-329776	-208168.0
-345762	-208229.73
-364386	-208236.45
-368016	-208187.08
-345489	-208100.95
-328784	-208002.4
-344975	-207909.14
-365971	-207837.95
-371879	-207805.06
-343814	-207825.5
-325657	-207896.03
-343459	-207992.64
-366666	-208086.33
-373532	-208157.86
-342382	-208201.47
-320767	-208211.56
-340269	-208178.45
-366554	-208098.8
-374833	-207983.03
-340466	-207851.38
-318324	-207713.61
-339487	-207563.06
-370957	-207390.53
-379443	-207199.34
-338677	-207008.67
-316694	-206834.44
-341127	-206688.06
-373881	-206588.58
-383617	-206569.14
-340200	-206671.7
-313810	-206916.02
-340153	-207289.53
-377169	-207757.06
-386059	-208275.47
-340869	-208796.31
-313589	-209251.62
-348377	-209559.56
-378999	-209658.56
-387768	-209517.77
-337413	-209154.3
-308029	-208603.83
-335400	-207911.12
-378246	-207136.55
-390827	-206358.5
-336294	-205661.97
-306715	-205100.34
-334699	-204688.52
-382657	-204415.3
-397410	-204265.14
-336824	-204226.62
-306789	-204268.69
-334443	-204350.11
-386749	-204435.5
-400988	-204518.86
-337241	-204619.1
-304362	-204742.61
-333875	-204877.95
-386896	-205003.23
-404094	-205103.0
-337856	-205170.12
-304798	-205175.5
-335013	-205074.28
-401481	-204827.22
-417321	-204432.17
-340906	-203927.3
-305342	-203350.86
-339431	-202741.47
-400909	-202143.69
-423304	-201619.52
-343606	-201243.97
-303141	-201054.38
-334926	-201050.47
-401077	-201207.7
-427440	-201504.75
-342319	-201936.11
-301664	-202470.53
-334361	-203063.4
-397076	-203673.6
-419751	-204285.4
-335744	-204910.64
-299032	-205537.06
-333436	-206131.34
-405269	-206645.94
-416675	-207050.73
-345323	-207327.0
-298437	-207442.4
-338128	-207352.45
-395229	-207032.3
-407054	-206495.61
-327432	-205804.4
-294443	-205021.31
-324676	-204209.62
-382396	-203433.98
-400510	-202772.47
-327571	-202306.16
-289848	-202074.7
-318337	-202074.03
-378677	-202269.94
-398562	-202625.97
-328137	-203111.86
-293492	-203673.39
-328609	-204241.36
-393992	-204750.78
-418441	-205166.69
-339416	-205488.25
-302171	-205704.38
-334858	-205794.94
-398943	-205744.17
-423572	-205560.78
-341581	-205283.98
-304461	-204937.47
-338479	-204536.14
-401266	-204099.02
-424721	-203666.62
-344012	-203302.53
-306431	-203042.52
-340794	-202894.28
-405770	-202847.19
-429054	-202891.45
-343947	-203027.6
-303271	-203224.11
-335433	-203431.45
-397519	-203605.2
-423158	-203732.05
-344694	-203840.56
-302737	-203957.38
-328380	-204104.9
-393782	-204303.27
-427616	-204579.98
-343031	-204971.19
-306192	-205461.75
-338827	-205994.55
-417595	-206483.5
-507936	-206837.44
-511847	-206994.12
-375397	-206937.89
-351978	-206643.19
-436600	-206110.8
-504626	-205395.66
-386244	-204630.6
-295201	-203936.6
-351166	-203392.78
-418448	-203064.34
-478342	-202982.72
-347862	-203181.94
-267382	-203620.56
-308776	-204198.48
-412396	-204795.08
-495396	-205305.84
-365005	-205700.38
-263222	-205954.4
-307975	-206050.55
-412171	-206007.75
-493065	-205885.02
-363244	-205805.34
-266120	-205859.94
-317722	-206090.62
-421673	-206515.5
-501067	-207133.9
-382361	-207964.95
-269764	-208983.72
-317850	-210110.9
-418434	-211261.81
-496117	-212359.34
-373366	-213375.38
-266521	-214261.55
-309967	-214940.75
-414337	-215344.98
-484194	-215434.28
-336784	-215239.44
-315301	-214766.52
-394526	-214042.28
-367967	-213161.95
-326271	-212235.28
-350072	-211366.47
-350887	-210666.08
-394441	-210204.94
-395697	-210026.67
-342837	-210126.31
-342109	-210423.97
-363834	-210793.08
-411009	-211075.2
-401633	-211127.16
-334816	-210835.94
-368059	-210105.55
-336469	-208927.14
-391212	-207328.08
-428937	-205403.39
-490739	-203266.78
-366125	-201094.69
-272847	-199026.64
-325981	-197147.78
-434090	-195515.12
-502337	-194170.67
-385262	-193184.47
-279524	-192608.28
-331592	-192472.17
-427666	-192822.4
-495259	-193706.47
-372732	-195189.69
-276316	-197260.77
-326378	-199810.06
-425012	-202647.67
-498836	-205512.73
-385939	-208143.94
-283325	-210266.3
-340001	-211639.25
-438513	-212146.28
-512101	-211825.52
-433992	-210906.67
-301262	-209747.77
-344650	-208734.0
-434902	-208235.92
-512887	-208508.66
-440547	-209649.83
-299114	-211528.25
-374409	-213741.47
-475369	-215744.14
-449542	-216962.8
-331699	-216914.02
-333141	-215294.4
-405403	-212130.23
-430551	-207835.6
-366577	-203175.4
-332372	-199137.4
-358488	-196778.6
-406759	-197054.03
-378726	-200628.98
-344302	-207689.47
-363181	-217862.88
-379020	-230255.6
-383511	-243573.4
-348202	-256301.81
-343116	-266909.62
-393156	-274096.4
-391982	-277029.66
-382564	-275462.97
-347756	-269762.03
-338446	-260802.83
-386996	-249823.92
-393296	-238242.19
-370472	-227428.27
-333769	-218487.14
-339398	-212091.66
-390790	-208434.95
-397597	-207286.42
-369075	-208100.28
-330233	-210142.14
-333647	-212630.66
-386314	-214893.2
-402911	-216496.75
-365727	-217307.55
-325837	-217433.42
-330785	-217138.92
-387022	-216751.03
-417732	-216586.06
-361898	-216891.28
-320091	-217743.28
-336634	-219028.06
-391325	-220487.64
-430344	-221801.92
-380706	-222696.78
-328502	-222957.67
-330226	-222460.52
-380842	-221194.34
-401457	-219281.9
-358059	-216967.11
-325236	-214516.25
-340868	-212155.19
-399574	-210043.17
-423304	-208280.31
-371211	-206941.7
-329697	-206038.44
-340932	-205532.42
-402217	-205369.66
-440255	-205526.45
-374624	-206061.33
-335975	-207030.67
-351327	-208465.78
-405747	-210358.56
-424896	-212666.39
-363231	-215334.44
-326998	-218233.06
-341576	-221168.66
-390570	-223914.05
-417783	-226272.05
-369436	-228128.44
-317479	-229427.12
-327511	-230148.06
-393205	-230318.52
-426449	-230025.42
-359796	-229425.12
-323271	-228649.12
-354328	-227783.69
-410150	-226878.52
-442929	-225967.8
-385020	-225119.62
-337994	-224393.33
-347863	-223843.16
-420366	-223530.17
-443041	-223561.52
-374949	-224100.0
-345466	-225279.22
-357406	-227177.64
-416465	-229793.03
-451984	-233051.97
-370731	-236847.69
-329595	-240966.69
-353584	-245108.47
-487801	-248910.2
-522757	-252048.31
-523377	-254270.4
-523671	-255389.9
-523929	-255299.22
-524362	-253981.05
-524526	-251510.5
-524611	-248070.84
-524662	-243897.81
-524684	-239245.78
-524921	-234367.12
-525097	-229504.61
-525018	-224906.39
-524987	-220780.33
-525097	-217275.72
-525316	-214482.11
-525406	-212433.67
-525353	-211138.45
-525256	-210545.03
-525203	-210539.34
-525301	-210952.88
-525499	-211586.67
-525477	-212269.39
-525357	-212839.84
-525402	-213163.64
-525502	-213153.52
-525481	-212779.19
-525399	-212079.66
-525309	-211188.5
-525291	-210247.77
-525422	-209368.06
-525483	-208613.55
-525306	-208043.83
-525183	-207664.8
-525321	-207392.7
-525505	-207109.75
-525582	-206677.72
-525521	-206040.9
-525571	-205203.19
-525644	-204219.84
-525817	-203204.33
-525874	-202304.64
-525831	-201734.95
-525802	-201682.0
-525816	-202221.77
-525917	-203303.98
-526066	-204743.11
-525977	-206305.66
-525916	-207704.72
-525980	-208625.22
-526198	-208808.28
-526324	-208110.55
-526212	-206600.4
-526027	-204527.7
-526013	-202242.39
-526251	-200152.88
-526363	-198644.64
-526246	-198060.36
-526119	-198592.84
-526239	-200207.33
-526412	-202658.55
-526517	-205535.88
-526371	-208418.27
-526245	-210875.02
-526388	-212533.48
-526655	-213200.73
-526697	-212875.16
-526562	-211701.23
-526397	-209946.45
-526509	-207903.7
-526672	-205832.81
-526712	-203912.75
-526581	-202185.5
-526496	-200575.47
-526471	-198929.61
-526677	-197109.11
-526686	-195081.9
-526517	-192923.73
-526414	-190892.88
-526528	-189355.5
-526849	-188740.02
-526961	-189395.28
-526907	-191549.14
-526867	-195170.48
-526914	-199889.8
-527014	-205036.19
-527024	-209739.72
-526951	-213140.16
-526472	-214539.3
-526837	-213535.72
-526934	-210183.44
-526759	-205048.22
-520507	-199228.47
-425811	-194192.12
-382136	-191473.94
-446061	-192431.78
-474513	-198031.73
-415919	-208704.25
-382561	-224174.38
-402259	-243435.25
-474752	-264906.7
-498269	-286693.5
-452627	-306907.72
-393986	-323940.78
-391305	-336624.66
-435719	-344418.9
-433099	-347467.72
-375125	-346552.25
-347780	-342903.34
-354917	-337884.44
-406003	-332775.0
-436963	-328614.6
-389529	-326084.66
-342122	-325377.84
-338652	-326237.22
-382542	-328100.94
-402664	-330299.66
-363053	-332200.28
-331577	-333312.8
-342416	-333372.8
-384621	-332398.78
-389988	-330656.66
-349119	-328547.97
-330449	-326501.34
-336372	-324874.62
-374561	-323894.7
-391070	-323622.34
-355609	-323947.94
-327739	-324650.84
-337652	-325448.34
-376875	-326081.22
-393002	-326369.84
-448151	-326209.66
-519344	-325613.3
-523482	-324706.72
-523976	-323669.38
-524262	-322684.97
-524452	-321892.12
-524486	-321382.22
-524563	-321187.53
-524773	-321286.7
-524898	-321607.28
-524958	-322038.7
-524964	-322469.94
-524942	-322816.2
-525089	-323019.0
-525231	-323043.12
-525272	-322867.4
-525198	-322498.22
-525263	-321990.56
-525388	-321426.97
-525420	-320897.4
-525413	-320490.66
-525350	-320283.38
-525401	-320348.72
-525519	-320719.7
-525581	-321363.47
-525514	-322172.12
-525362	-322989.22
-525256	-323652.1
-525529	-324013.78
-525669	-323974.88
-525616	-323509.97
-525442	-322699.62
-525412	-321739.97
-525561	-320892.06
-525639	-320417.88
-525520	-320509.06
-525392	-321238.75
-525371	-322554.5
-525546	-324246.8
-525664	-325976.25
-525592	-327340.66
-525441	-327981.1
-525365	-327695.34
-525495	-326487.72
-525576	-324588.84
-525485	-322431.62
-525383	-320578.03
-525337	-319617.3
-525452	-320012.9
-525509	-321958.03
-525414	-325278.75
-525216	-329430.12
-525132	-333574.03
-525341	-336680.2
-525501	-337687.3
-525394	-335704.7
-525279	-330192.2
-525290	-321107.0
-525391	-308922.28
-525314	-294566.4
-525120	-279275.25
-525064	-264420.12
-525041	-251310.2
-525101	-240955.2
-525119	-233914.28
-524990	-230212.67
-524975	-229363.45
-525007	-230504.31
-525107	-232522.69
-525185	-234251.47
-525139	-234628.42
-525081	-232913.61
-525017	-228775.83
-525058	-222311.97
-525126	-214004.94
-525112	-204623.81
-525010	-195087.06
-525023	-186310.5
-525104	-179068.27
-525230	-173880.2
-525181	-170944.03
-525089	-170115.53
-525056	-170939.33
-525211	-172720.97
-525292	-174635.05
-525233	-175851.95
-525131	-175670.84
-525121	-173641.94
-525262	-169661.9
-525257	-164026.94
-525134	-157433.69
-525116	-150921.55
-525167	-145757.25
-525233	-143273.34
-525309	-144679.5
-525308	-150873.0
-525206	-162276.75
-525163	-178735.52
-525288	-199490.47
-525401	-223242.7
-525382	-248301.28
-525294	-272797.9
-525304	-294933.78
-525404	-313221.12
-525394	-326679.7
-525366	-334952.22
-525276	-338323.2
-525376	-337635.53
-525527	-334123.88
-525547	-329192.5
-525396	-324183.3
-525311	-320170.28
-525342	-317819.0
-525507	-317330.75
-525536	-318477.66
-525477	-320711.56
-525371	-323323.22
-525341	-325613.4
-525529	-327042.03
-525592	-327327.47
-525537	-326477.97
-525467	-324758.97
-525466	-322604.34
-525583	-320501.6
-525683	-318874.72
-525577	-317992.97
-525466	-317924.34
-525474	-318538.28
-525658	-319554.9
-525724	-320625.03
-525542	-321417.66
-525474	-321696.88
-525519	-321370.12
-525722	-320497.44
-525761	-319263.88
-525617	-317925.2
-525582	-316741.28
-525656	-315912.0
-525801	-315536.1
-525852	-315594.56
-525839	-315966.34
-525731	-316463.5
-525748	-316884.97
-526039	-317064.94
-526090	-316910.25
-525927	-316416.9
-525765	-315663.94
-525822	-314787.84
-526064	-313944.28
-526120	-313269.22
-525891	-312847.6
-525740	-312697.28
-525738	-312770.56
-526017	-312970.62
-526138	-313180.6
-525950	-313292.2
-525818	-313231.75
-525872	-312973.94
-526041	-312544.6
-526093	-312008.44
-525955	-311451.03
-525786	-310955.22
-525821	-310573.38
-526061	-310348.97
-526181	-310285.7
-526039	-310326.88
-525821	-310397.66
-525826	-310446.97
-526068	-310434.62
-526157	-310338.1
-525990	-310145.28
-525925	-309872.56
-525963	-309566.56
-526143	-309285.12
-526174	-309068.28
-526034	-308924.75
-525920	-308849.97
-525972	-308838.22
-526125	-308867.47
-526163	-308908.56
-526070	-308925.34
-525965	-308887.38
-526002	-308797.4
-526151	-308673.6
-526219	-308537.22
-526109	-308398.7
-525957	-308267.88
-525954	-308163.38
-526087	-308099.2
-526220	-308073.88
-526110	-308068.84
-525995	-308066.22
-526066	-308061.53
-526244	-308048.7
-526394	-308024.6
-526296	-307981.03
-526142	-307914.97
-526136	-307840.62
-526333	-307774.28
-526336	-307725.94
-526201	-307693.47
-526162	-307682.3
-526197	-307688.1
-526376	-307695.16
-526424	-307702.84
-526307	-307711.6
-526179	-307720.44
-526180	-307728.6
-526346	-307735.75
-526501	-307740.9
-526404	-307744.2
-526273	-307745.22
-526307	-307745.28
-526412	-307744.9
-526494	-307745.38
-526441	-307747.84
-526350	-307752.8
-526391	-307760.66
-526542	-307771.1
-526606	-307783.8
-526574	-307797.03
-526518	-307810.22
-526496	-307821.94
-526635	-307831.75
-526705	-307838.56
-526592	-307842.72
-526589	-307844.16
-526602	-307843.47
-526772	-307841.6
-526887	-307840.03
-526812	-307838.9
-526764	-307840.34
-526781	-307844.9
-526934	-307853.88
-526997	-307867.78
-526957	-307886.94
-526914	-307911.22
-526903	-307939.88
-527020	-307971.97
-527057	-308005.28
-527026	-308038.34
-527013	-308068.7
-527036	-308094.2
-527216	-308113.53
-527246	-308126.0
-527094	-308131.4
-526988	-308130.5
-526992	-308125.0
-527151	-308116.72
-527232	-308107.6
-527142	-308099.34
-527087	-308093.66
-527057	-308091.3
-527238	-308091.56
-527277	-308093.84
-527166	-308097.47
-527082	-308100.66
-527050	-308103.16
-527200	-308103.62
-527248	-308102.38
-527120	-308099.34
-527061	-308095.94
-527109	-308092.78
-527255	-308091.0
-527344	-308090.84
-527236	-308092.53
-527062	-308096.28
-527046	-308100.88
-527298	-308105.84
-527354	-308110.06
-527286	-308113.56
-527188	-308115.97
-527170	-308117.3
-527236	-308118.06
-527364	-308119.0
-527346	-308120.2
-527235	-308122.22
-527191	-308124.3
-527295	-308126.47
-527312	-308127.34
-527187	-308126.47
-527172	-308123.03
-527217	-308117.28
-527260	-308109.4
-527304	-308100.75
-527217	-308092.84
-527194	-308087.56
-527237	-308086.47
-527377	-308090.88
-527396	-308100.78
-527326	-308116.2
-527227	-308135.44
-527099	-308156.8
-527226	-308178.2
-527333	-308196.88
-527261	-308211.9
-527131	-308221.88
-527077	-308226.72
-527167	-308227.2
-527253	-308224.3
-527178	-308220.4
-527051	-308216.62
-527002	-308214.2
-527149	-308214.16
-527156	-308217.1
-527036	-308222.38
-526872	-308229.6
-526899	-308238.0
-527150	-308246.66
-527053	-308255.6
-526982	-308264.22
-526966	-308272.97
-526949	-308282.12
-527016	-308292.3
-527059	-308303.97
-527067	-308317.16
-526707	-308331.8
-526985	-308347.53
-526987	-308364.16
-527216	-308380.88
-526921	-308397.53
-527170	-308414.03
-527027	-308430.44
-526996	-308447.22
-525171	-308465.44
-461301	-308500.75
-358859	-308571.22
-343861	-308667.25
-386929	-308770.78
-497853	-308849.66
-525821	-308898.94
-526267	-308915.2
-526480	-308899.94
-526821	-308861.72
-527189	-308815.4
-527191	-308780.0
-527246	-308773.12
-527307	-308807.12
-527512	-308885.4
-527708	-309000.38
-527778	-309132.94
-527702	-309257.5
-527701	-309346.28
-527918	-309377.53
-528030	-309341.94
-527882	-309245.47
-527762	-309112.12
-527828	-308978.66
-527982	-308886.8
-528077	-308872.75
-527935	-308956.22
-527674	-309133.84
-527677	-309375.7
-527936	-309631.62
-527973	-309840.44
-527721	-309946.66
-527516	-309914.78
-527437	-309743.38
-527713	-309467.25
-527872	-309154.28
-527719	-308891.12
-527496	-308760.8
-527542	-308821.25
-527937	-309085.97
-528132	-309516.97
-527860	-310027.22
-527530	-310499.53
-527600	-310814.3
-528056	-310881.44
-528278	-310667.44
-528032	-310209.2
-527753	-309612.6
-527744	-309030.75
-528389	-308628.28
-528771	-308538.56
-528417	-308826.12
-527856	-309461.2
-527666	-310320.06
-528261	-311207.1
-528807	-311900.25
-528603	-312206.78
-528016	-312017.12
-527687	-311341.84
-528344	-310319.03
-528971	-309192.0
-528814	-308254.38
-528098	-307778.66
-527624	-307942.2
-528363	-308771.4
-529260	-310122.72
-529127	-311701.16
-528186	-313124.7
-527544	-314014.53
-528246	-314093.53
-529307	-313267.56
-529357	-311668.22
-528401	-309640.5
-527604	-307673.4
-528388	-306287.9
-529564	-305906.88
-529467	-306735.53
-528442	-308686.94
-527775	-311374.75
-528536	-314179.44
-529520	-316384.06
-529508	-317346.03
-528585	-316668.6
-527836	-314331.22
-528502	-310737.4
-529416	-306665.3
-529390	-303119.56
-528562	-301109.25
-527926	-301397.0
-528551	-304278.6
-529473	-309440.12
-529499	-315940.97
-528664	-322332.16
-528070	-326901.47
-528654	-327998.2
-529550	-324384.6
-529580	-315529.9
-528741	-301791.28
-528206	-284434.06
-528880	-265475.0
-529827	-247377.88
-529810	-232646.97
-528994	-223397.55
-528305	-220986.28
-528821	-225768.84
-529783	-237038.16
-529752	-253151.14
-528925	-271818.8
-528303	-290505.44
-528944	-306858.84
-529924	-319089.75
-529872	-326231.66
-529017	-328236.62
-528425	-325898.25
-529059	-320625.2
-529915	-314121.3
-529899	-308036.75
-529123	-303663.28
-528496	-301730.66
-529169	-302332.6
-530015	-304992.94
-529911	-308837.88
-529082	-312835.1
-528476	-316038.94
-529139	-317790.16
-530002	-317833.25
-530020	-316331.12
-529286	-313784.34
-528657	-310884.6
-529251	-308334.53
-530125	-306686.22
-530048	-306228.66
-529206	-306945.03
-528561	-308544.75
-529143	-310557.56
-530031	-312458.8
-530061	-313799.0
-529251	-314303.38
-528531	-313919.56
-529168	-312812.34
-530085	-311304.4
-530100	-309787.12
-529291	-308621.6
-528606	-308054.62
-529125	-308168.88
-530092	-308878.6
-530174	-309963.3
-529378	-311131.34
-528682	-312096.25
-529222	-312643.4
-530103	-312676.34
-530088	-312228.7
-529289	-311446.22
-528702	-310540.2
-529312	-309733.4
-530163	-309203.97
-530150	-309048.4
-529367	-309264.62
-528727	-309761.97
-529280	-310390.6
-530194	-310983.28
-530202	-311396.84
-529441	-311544.8
-528781	-311412.34
-529359	-311053.44
-530250	-310570.53
-530252	-310086.6
-529505	-309712.78
-528887	-309523.56
-529526	-309541.6
-530296	-309738.22
-530127	-310045.62
-529352	-310376.9
-528906	-310649.06
-529560	-310801.4
-530335	-310808.75
-530221	-310682.72
-529399	-310465.66
-528897	-310215.16
-529492	-309990.53
-530276	-309837.25
-530217	-309778.28
-529501	-309811.1
-528921	-309912.1
-529559	-310043.47
-530450	-310165.5
-530472	-310245.7
-529596	-310266.47
-528897	-310226.44
-529502	-310139.75
-530387	-310031.03
-530333	-309928.16
-529533	-309855.7
-529019	-309829.72
-529657	-309854.2
-530378	-309922.44
-530234	-310018.53
-529502	-310121.9
-529031	-310212.47
-529629	-310273.47
-530359	-310295.47
-530234	-310277.6
-529513	-310220.94
-529070	-310140.06
-529724	-310068.8
-530413	-310022.3
-530295	-310007.53
-529597	-310003.9
-529073	-310006.78
-529642	-310016.78
-530494	-310033.25
-530522	-310054.03
-529682	-310076.66
-528888	-310098.28
-529500	-310115.53
-530485	-310126.56
-530526	-310130.62
-529626	-310128.84
-528919	-310122.94
-529567	-310115.97
-530526	-310110.34
-530645	-310108.94
-529773	-310113.66
-529080	-310124.88
-529617	-310141.5
-530487	-310161.16
-530537	-310180.9
-529749	-310197.7
-529031	-310209.2
-529606	-310213.2
-530486	-310209.1
-530511	-310197.62
-529667	-310181.3
-528965	-310162.6
-529582	-310144.06
-530464	-310129.06
-530469	-310119.22
-529677	-310115.7
-529007	-310118.66
-529566	-310126.6
-530479	-310137.66
-530484	-310149.72
-529576	-310160.97
-528904	-310169.97
-529502	-310175.72
-530375	-310178.12
-530433	-310177.5
-529607	-310174.88
-528898	-310171.97
-529542	-310169.78
-530455	-310169.0
-530476	-310169.9
-529649	-310172.7
-528968	-310177.1
-529552	-310182.72
-530469	-310188.34
-530473	-310194.0
-529594	-310199.4
-528912	-310204.75
-529562	-310210.3
-530422	-310216.75
-530459	-310224.62
-529673	-310234.16
-528970	-310245.28
-529581	-310257.75
-530426	-310270.28
-530453	-310282.16
-529645	-310291.8
-529023	-310298.3
-529634	-310300.6
-530504	-310299.12
-530547	-310293.6
-529706	-310285.66
-529009	-310276.25
-529586	-310267.16
-530494	-310260.62
-530639	-310257.66
-529834	-310259.03
-529085	-310265.25
-529584	-310275.78
-530536	-310289.75
-530636	-310305.44
-529829	-310321.4
-529131	-310336.0
-529674	-310347.8
-530522	-310356.6
-530587	-310361.47
-529812	-310363.22
-529135	-310362.2
-529808	-310359.03
-530689	-310354.66
-530706	-310350.12
-529934	-310345.2
-529277	-310340.3
-529803	-310335.78
-530609	-310331.4
-530608	-310327.16
-529858	-310323.56
-529269	-310321.03
-529786	-310320.25
-530534	-310322.2
-530579	-310327.06
-529932	-310334.97
-529375	-310345.97
-529821	-310358.94
-530565	-310372.94
-530711	-310385.66
-530034	-310395.94
-529356	-310401.88
-529808	-310402.62
-530617	-310398.8
-530757	-310390.4
-530007	-310379.66
-529202	-310368.8
-529688	-310360.06
-530569	-310356.03
-530731	-310357.78
-529992	-310366.16
-529281	-310380.38
-529802	-310398.56
-530664	-310418.94
-530714	-310437.6
-529930	-310451.97
-529293	-310460.34
-529835	-310461.06
-530637	-310454.34
-530711	-310441.28
-529913	-310423.78
-529269	-310404.97
-529781	-310387.28
-530666	-310373.47
-530769	-310364.28
-529987	-310360.72
-529297	-310361.38
-529831	-310364.9
-530693	-310369.12
-530722	-310371.34
-529916	-310370.0
-529271	-310363.53
-529796	-310351.9
-530592	-310336.44
-530615	-310318.66
-529976	-310300.8
-529371	-310285.8
-529936	-310275.25
-530764	-310270.66
-530817	-310272.53
-530018	-310280.03
-529318	-310291.5
-529836	-310304.3
-530717	-310316.38
-530801	-310325.8
-530056	-310331.03
-529404	-310331.06
-529900	-310326.97
-530652	-310319.22
-530758	-310310.16
-530071	-310301.25
-529384	-310294.7
-529900	-310291.56
-530736	-310292.2
-530840	-310296.66
-530046	-310303.84
-529434	-310312.47
-529973	-310320.97
-530796	-310328.3
-530851	-310333.88
-530111	-310337.6
-529451	-310339.9
-529950	-310342.03
-530741	-310345.12
-530859	-310350.2
-530139	-310357.7
-529525	-310368.16
-530009	-310380.53
-530787	-310393.3
-530846	-310405.03
-530138	-310414.06
-529561	-310419.4
-530090	-310420.75
-530822	-310418.53
-530882	-310414.25
-530089	-310410.1
-529487	-310408.16
-530086	-310410.66
-530898	-310418.8
-530930	-310433.38
-530161	-310452.94
-529487	-310475.4
-530008	-310497.84
-530849	-310517.44
-530916	-310531.06
-530159	-310536.7
-529496	-310533.56
-529994	-310522.72
-530828	-310506.28
-530868	-310487.66
-530170	-310470.72
-529573	-310458.78
-530069	-310454.22
-530848	-310458.78
-530939	-310471.12
-530221	-310489.88
-529561	-310511.62
-530022	-310532.9
-530826	-310549.78
-530917	-310559.66
-530203	-310561.03
-529577	-310554.34
-530043	-310541.4
-530797	-310524.25
-530851	-310506.66
-530161	-310491.75
-529522	-310481.7
-530052	-310477.84
-530936	-310480.0
-531026	-310486.97
-530248	-310496.22
-529576	-310505.47
-530054	-310512.53
-530786	-310515.53
-530944	-310514.38
-530304	-310509.47
-529690	-310502.12
-530164	-310494.6
-530971	-310488.78
-531079	-310486.12
-530412	-310487.62
-529746	-310492.47
-530209	-310499.84
-530966	-310507.75
-531147	-310513.78
-530493	-310516.6
-529771	-310514.38
-530194	-310507.84
-531065	-310497.3
-531236	-310485.16
-530619	-310473.38
-518551	-310467.6
-500574	-310473.1
-528754	-310481.8
-531238	-310495.47
-530537	-310512.2
-529905	-310529.66
-530461	-310545.5
-531303	-310557.25
-531369	-310564.62
-530621	-310567.06
-529933	-310565.94
-530401	-310562.3
-531231	-310558.44
-531404	-310555.9
-530702	-310555.06
-530067	-310556.44
-530521	-310558.97
-531318	-310561.44
-531458	-310563.16
-530724	-310563.72
-530024	-310563.2
-530454	-310563.25
-531263	-310565.8
-531427	-310572.5
-530776	-310584.47
-530110	-310601.12
-530531	-310621.44
-531286	-310641.47
-531361	-310657.9
-456336	-310684.7
-245552	-310762.34
-341526	-310840.9
-462800	-310896.25
-528176	-310918.75
-505131	-310917.5
-319344	-310937.78
-327967	-310965.56
-468607	-310975.8
-527428	-310976.38
-496064	-310986.7
-294089	-311056.7
-316946	-311160.44
-464972	-311259.7
-526621	-311343.7
-510524	-311408.94
-349174	-311482.1
-337025	-311543.6
-335761	-311592.5
-332061	-311633.84
-382241	-311662.97
-465901	-311676.6
-395623	-311713.47
-331524	-311794.9
-328321	-311922.9
-382811	-312082.75
-460649	-312250.38
-383098	-312435.38
-319842	-312624.1
-320849	-312791.22
-370958	-312911.9
-451223	-312969.06
-371549	-313001.47
-312186	-313038.0
-313440	-313102.88
-365480	-313212.6
-439922	-313374.5
-364331	-313620.3
-311660	-313943.22
-311293	-314309.44
-363638	-314666.47
-447227	-314956.66
-367454	-315175.88
-308149	-315318.2
-310307	-315390.1
-364404	-315415.94
-454560	-315432.62
-372494	-315528.0
-311609	-315756.16
-310656	-316135.72
-362251	-316643.28
-439009	-317220.78
-379197	-317818.6
-321301	-318364.62
-337137	-318782.62
-383661	-319027.88
-459133	-319097.6
-378365	-319079.84
-309635	-319081.38
-308992	-319209.1
-363842	-319544.62
-464825	-320114.7
-390482	-320921.8
-442089	-321841.03
-522701	-322689.62
-526699	-323275.28
-527137	-323414.34
-527350	-322992.34
-527537	-322005.88
-527711	-320586.34
-527861	-318993.53
-528017	-317577.53
-528179	-316716.44
-528271	-316734.03
-528317	-317821.16
-528349	-319978.12
-528429	-322989.66
-528469	-326447.44
-528570	-329817.38
-528641	-332541.72
-528716	-334157.28
-528749	-334406.84
-528694	-333313.84
-528667	-331203.94
-528684	-328662.53
-528759	-326428.22
-528866	-325242.9
-528941	-325681.78
-528891	-328002.34
-528959	-332035.94
-529009	-337161.38
-529023	-342361.0
-529068	-346363.47
-529032	-347848.62
-529042	-345679.1
-529057	-339122.47
-529111	-328016.66
-529167	-312847.5
-529153	-294719.25
-529096	-275217.94
-529147	-256190.23
-529301	-239468.97
-529317	-226593.98
-529234	-218574.9
-529171	-215736.17
-529257	-217671.08
-529355	-223313.34
-529312	-231113.25
-529247	-239287.14
-529339	-246099.2
-529407	-250129.25
-529484	-250479.28
-529441	-246890.14
-529379	-239748.55
-529332	-229988.47
-529288	-218906.38
-529380	-207927.92
-529319	-198362.61
-528628	-191192.08
-528057	-186928.05
-527651	-185556.34
-527932	-186579.89
-527297	-189142.95
-526916	-192211.73
-526947	-194777.36
-526963	-196042.19
-526969	-195555.28
-526955	-193274.16
-526870	-189543.1
-526826	-184996.7
-526841	-180410.08
-526924	-176527.86
-527042	-173907.02
-527058	-172805.44
-527071	-173138.5
-527126	-174512.97
-527158	-176328.02
-527122	-177921.22
-527074	-178727.6
-527112	-178415.72
-527146	-176969.55
-527172	-174696.8
-527172	-172161.38
-527119	-170050.23
-527131	-169005.75
-527217	-169459.77
-527344	-171509.88
-527326	-174866.22
-527204	-178889.77
-527161	-182714.52
-527292	-185437.47
-527427	-186336.05
-527464	-185067.3
-527436	-181803.83
-527410	-177273.14
-527471	-172684.7
-527530	-169551.05
-527454	-169432.89
-527444	-173654.44
-527516	-183041.08
-527563	-197734.75
-527619	-217122.53
-527643	-239896.62
-527526	-264236.2
-527486	-288082.47
-527629	-309451.03
-527719	-326734.75
-527692	-338932.6
-527652	-345770.06
-527632	-347691.84
-527652	-345734.56
-527762	-341305.0
-527737	-335913.53
-527644	-330914.9
-527576	-327304.9
-527652	-325579.9
-527755	-325741.78
-527679	-327372.22
-527557	-329785.5
-527520	-332214.12
-527594	-333988.3
-527654	-334672.84
-527584	-334135.5
-527450	-332542.0
-527352	-330282.9
-527360	-327861.12
-527409	-325763.72
-527370	-324351.56
-527189	-323787.8
-527056	-324020.97
-527179	-324817.38
-527241	-325833.62
-527208	-326708.38
-527016	-327148.6
-526821	-326991.78
-526827	-326232.5
-526879	-325010.2
-526783	-323561.88
-526421	-322157.9
-526151	-321033.88
-526267	-320339.72
-526373	-320101.25
-525405	-320233.16
-519336	-320629.75
-513895	-321073.88
-513916	-321351.7
-516126	-321315.75
-512635	-320909.22
-505275	-320222.8
-499672	-319380.25
-499645	-318499.8
-501874	-317705.97
-498521	-317089.0
-491201	-316739.3
-485643	-316635.25
-485697	-316660.25
-487977	-316682.62
-484671	-316577.38
-477294	-316300.6
-471762	-315818.44
-471769	-315146.72
-474077	-314355.3
-470770	-313538.0
-463468	-312771.22
-457992	-312152.62
-458232	-311748.12
-460802	-311568.47
-457649	-311575.5
-450505	-311679.84
-445126	-311817.62
-445557	-311931.84
-448425	-311973.84
-445866	-311918.6
-439068	-311748.0
-433994	-311507.8
-434777	-311256.62
-438025	-311044.03
-435121	-310900.66
-427708	-310820.62
-422356	-310816.53
-423387	-310881.6
-426927	-310991.66
-424165	-311113.06
-416944	-311193.75
-411792	-311233.34
-413024	-311243.25
-416674	-311235.2
-414046	-311222.34
-406953	-311196.47
-401786	-311189.78
-403080	-311227.75
-406946	-311318.47
-404382	-311454.75
-397373	-311603.38
-392477	-311761.34
-393874	-311929.66
-397831	-312096.84
-395489	-312253.62
-388606	-312373.6
-383821	-312473.03
-385460	-312574.62
-389652	-312690.38
-387388	-312827.6
-380647	-312964.44
-375934	-313133.47
-377653	-313336.38
-381956	-313557.78
-379906	-313799.66
-373269	-314061.3
-368664	-314338.28
-370532	-314621.34
-375009	-314900.5
-373106	-315168.44
-366681	-315420.94
-362267	-315658.47
-364297	-315884.25
-368972	-316107.0
-367254	-316339.38
-360979	-316594.75
-356665	-316882.25
-358872	-317203.56
-363677	-317553.78
-362124	-317921.38
-355897	-318291.56
-351720	-318646.47
-354187	-318970.28
-359185	-319253.78
-357783	-319501.28
-351824	-319727.88
-347877	-319958.28
-350446	-320221.38
-355527	-320544.16
-354043	-320947.78
-348254	-321436.3
-344376	-321992.56
-347036	-322574.62
-352244	-323118.34
-351108	-323545.9
-345386	-323772.7
-341540	-323717.78
-344252	-323313.3
-349621	-322516.28
-348546	-321315.38
-342724	-319731.84
-338981	-317814.25
-341778	-315632.5
-347180	-313268.0
-346106	-310805.34
-340289	-308320.16
-336425	-305870.38
-339301	-303490.2
-344726	-301192.8
-343632	-298972.4
-337799	-296809.7
-333988	-294677.78
-336909	-292547.8
-342488	-290396.47
-341543	-288212.28
-335857	-285994.5
-332109	-283752.16
-335057	-281499.66
-340662	-279256.53
-339634	-277043.38
-333945	-274879.25
-330234	-272777.5
-333402	-270745.25
-339054	-268783.12
-338210	-266890.0
-332849	-265062.25
-329257	-263292.97
-332474	-261573.88
-338381	-259895.42
-337812	-258250.7
-332417	-256633.33
-329205	-255035.56
-332889	-253450.44
-339573	-251870.88
-339792	-250294.3
-335311	-248720.62
-332537	-247151.78
-336787	-245590.81
-343147	-244043.31
-342468	-242516.52
-337200	-241018.95
-333821	-239555.7
-337026	-238128.44
-342802	-236735.38
-342174	-235373.92
-336957	-234039.94
-334171	-232727.94
-339083	-231431.64
-346710	-230146.86
-347894	-228873.98
-344361	-227616.95
-342597	-226381.34
-347246	-225171.97
-354339	-223993.9
-353116	-222851.97
-346981	-221749.2
-342793	-220683.86
-345367	-219650.36
-350897	-218640.53
-349835	-217648.19
-343874	-216668.33
-339646	-215697.95
-342312	-214735.33
-347690	-213783.12
-346535	-212847.77
-340601	-211937.92
-336471	-211061.53
-339179	-210222.66
-344743	-209422.98
-343871	-208662.33
-338197	-207937.84
-334346	-207243.42
-337395	-206570.61
-343189	-205912.23
-342500	-205264.83
-337092	-204629.27
-333336	-204008.89
-336352	-203408.27
-342099	-202833.17
-341357	-202291.56
-335817	-201789.36
-331951	-201328.48
-334882	-200904.92
-340594	-200511.72
-339866	-200140.88
-334377	-199784.16
-330509	-199434.11
-333621	-199085.0
-339620	-198735.08
-339376	-198388.98
-334334	-198055.0
-331041	-197741.89
-334442	-197456.34
-340601	-197201.94
-340424	-196979.11
-335531	-196783.45
-332301	-196605.19
-335959	-196430.58
-342546	-196245.56
-342876	-196040.36
-338651	-195810.6
-336291	-195557.02
-340684	-195285.72
-347730	-195007.23
-348506	-194734.34
-344407	-194476.92
-341879	-194241.08
-346048	-194026.17
-353004	-193825.12
-353691	-193627.3
-349585	-193420.02
-346887	-193192.86
-350958	-192940.83
-357902	-192666.6
-358587	-192381.67
-354582	-192102.56
-352039	-191848.45
-356361	-191635.22
-363497	-191471.88
-364362	-191357.38
-360390	-191279.36
-357904	-191217.25
-362300	-191146.25
-369665	-191046.0
-370757	-190906.95
-367039	-190735.12
-364842	-190556.02
-369556	-190410.86
-377189	-190351.92
-378584	-190431.66
-375036	-190691.73
-372940	-191151.53
-377759	-191800.69
-385576	-192596.52
-387186	-193469.02
-383807	-194330.28
-381971	-195090.19
-387139	-195672.83
-395315	-196032.97
-397213	-196167.38
-394305	-196118.1
-392838	-195968.95
-398393	-195832.02
-407065	-195829.22
-409549	-196070.69
-406924	-196633.8
-405609	-197547.19
-411778	-198783.28
-421032	-200260.58
-424001	-201854.53
-421985	-203416.67
-421456	-204797.47
-427986	-205868.53
-437389	-206541.17
-440580	-206778.88
-438776	-206597.58
-438159	-206059.39
-444599	-205259.47
-454212	-204306.31
-457579	-203305.22
-455945	-202339.67
-455577	-201464.11
-462207	-200699.44
-471843	-200036.33
-475151	-199446.52
-473462	-198892.56
-473010	-198340.33
-479439	-197768.44
-488970	-197171.92
-492284	-196563.25
-490538	-195965.39
-489947	-195406.12
-496344	-194907.05
-505752	-194479.12
-508866	-194117.42
-507041	-193801.92
-506263	-193501.67
-512388	-193181.16
-520484	-192809.36
-522503	-192367.23
-521161	-191850.31
-520970	-191271.62
-522792	-190659.55
-523387	-190051.25
-523616	-189483.55
-523460	-188985.94
-523469	-188576.44
-523753	-188259.8
-524217	-188027.05
-524452	-187857.92
-524239	-187727.73
-524202	-187615.61
-524451	-187511.05
-524626	-187416.19
-524654	-187345.2
-524505	-187321.03
-524505	-187373.25
-524734	-187531.52
-524964	-187817.22
-525032	-188238.95
-524927	-188788.23
-524820	-189443.83
-525041	-190174.42
-525170	-190943.28
-525222	-191712.69
-525193	-192450.03
-525159	-193134.16
-525232	-193757.0
-525351	-194323.48
-525324	-194845.44
-525342	-195339.6
-525393	-195825.06
-525506	-196319.33
-525675	-196835.2
-525667	-197378.67
-525562	-197948.77
-525517	-198542.9
-525634	-199158.28
-525779	-199793.81
-525737	-200449.16
-525702	-201126.03
-525670	-201829.52
-525856	-202566.7
-526037	-203344.67
-525996	-204166.64
-525886	-205032.31
-525940	-205939.45
-526078	-206885.06
-526189	-207866.4
-526214	-208879.52
-526094	-209922.38
-526092	-210996.03
-526199	-212105.45
-526319	-213257.98
-526313	-214459.78
-526263	-215715.28
-526199	-217028.8
-526310	-218404.44
-526399	-219845.48
-526412	-221354.31
-526306	-222933.05
-526307	-224587.56
-526404	-226327.52
-526544	-228164.2
-526584	-230107.55
-526497	-232164.28
-526494	-234337.97
-526624	-236626.58
-526695	-239022.12
-526768	-241508.94
-526713	-244065.27
-526637	-246670.53
-526701	-249307.2
-526801	-251964.22
-526819	-254635.69
-526737	-257322.56
-526685	-260032.58
-526774	-262777.47
-526921	-265567.2
-526914	-268404.94
-526847	-271284.44
-526787	-274192.16
-526847	-277108.38
-526929	-280011.06
-526870	-282877.8
-526880	-285693.2
-526835	-288452.75
-526922	-291167.5
-527007	-293859.34
-527018	-296555.38
-526997	-299281.88
-526990	-302056.25
-527161	-304881.22
-527901	-307736.7
-528099	-310576.75
-527612	-313332.0
-527196	-315918.94
-528094	-318249.34
-529111	-320242.75
-529310	-321835.75
-528822	-322992.4
-528419	-323711.06
-529144	-324025.16
-529349	-323998.12
-529331	-323711.2
-529257	-323254.2
-529171	-322714.1
-529278	-322164.62
-529421	-321658.78
-529447	-321223.28
-529367	-320859.7
-529272	-320553.03
-529453	-320277.62
-529634	-320005.25
-529522	-319711.44
-529446	-319378.78
-529475	-319004.1
-529560	-318595.8
-529649	-318171.62
-529667	-317750.22
-529571	-317348.66
-529511	-316978.97
-529629	-316647.7
-529704	-316353.4
-529680	-316086.56
-529528	-315833.03
-529516	-315580.1
-529704	-315318.16
-529763	-315043.4
-529726	-314756.5
-529647	-314460.84
-529602	-314164.6
-529672	-313877.78
-529733	-313609.28
-529785	-313363.2
-529713	-313138.8
-529624	-312932.72
-529687	-312739.97
-529830	-312555.28
-529897	-312373.3
-529759	-312188.97
-529732	-312001.38
-529837	-311813.25
-529977	-311629.88
-530059	-311455.66
-529937	-311292.94
-529874	-311143.3
-529936	-311008.03
-529961	-310885.22
-529966	-310771.16
-529892	-310659.16
-529862	-310544.88
-529914	-310426.34
-530000	-310303.9
-529997	-310178.62
-529925	-310052.06
-529889	-309927.72
-529916	-309811.1
-529986	-309706.34
-530001	-309615.16
-529921	-309537.28
-529896	-309470.22
-530031	-309412.66
-530088	-309363.06
-529994	-309318.22
-529957	-309273.47
-529957	-309227.34
-530066	-309179.1
-530133	-309130.28
-530111	-309081.4
-529986	-309031.53
-529907	-308981.38
-530024	-308932.78
-530087	-308887.66
-530053	-308846.25
-529992	-308806.8
-529972	-308769.4
-530039	-308734.56
-530092	-308702.62
-530114	-308672.72
-530034	-308642.97
-530067	-308611.47
-530122	-308578.53
-530148	-308545.7
-530099	-308513.22
-530051	-308482.34
-529947	-308455.03
-530029	-308437.7
-530159	-308436.47
-530131	-308456.66
-530025	-308502.5
-529995	-308577.62
-530159	-308683.88
-530254	-308822.6
-530179	-308989.62
-530144	-309177.06
-530072	-309375.97
-530084	-309577.12
-530086	-309771.34
-530194	-309948.8
-530237	-310100.9
-530169	-310222.8
-530164	-310313.6
-530216	-310374.8
-530219	-310411.0
-530141	-310427.9
-530094	-310432.88
-530223	-310432.03
-530306	-310431.84
-530254	-310435.88
-530135	-310445.72
-530104	-310461.6
-530191	-310481.7
-530274	-310503.34
-530241	-310523.22
-530157	-310538.56
-530131	-310547.88
-530194	-310550.25
-530201	-310546.53
-530218	-310537.72
-530232	-310526.94
-530141	-310516.25
-530210	-310507.7
-530286	-310502.12
-530309	-310500.44
-530251	-310501.25
-530206	-310503.8
-530267	-310505.62
-530319	-310505.88
-530289	-310502.88
-530187	-310496.4
-530161	-310487.16
-530226	-310476.72
-530266	-310467.0
-530326	-310460.28
-530271	-310458.4
-530207	-310462.16
-530312	-310472.8
-530398	-310488.97
-530292	-310509.34
-530172	-310531.9
-530217	-310553.75
-530364	-310572.97
-530452	-310587.56
-530447	-310596.1
-530346	-310598.88
-530301	-310596.28
-530317	-310589.3
-530421	-310579.66
-530324	-310568.66
-530220	-310557.56
-530261	-310547.25
-530347	-310538.06
-530447	-310530.5
-530437	-310524.16
-530329	-310519.06
-530284	-310515.56
-530352	-310513.2
-530379	-310512.78
-530410	-310514.1
-530353	-310517.66
-530321	-310522.88
-530360	-310529.97
-530415	-310537.6
-530494	-310544.9
-530453	-310550.3
-530372	-310552.72
-530442	-310551.78
-530536	-310547.16
-530583	-310539.3
-530505	-310529.25
-530409	-310519.25
-530483	-310510.38
-530562	-310504.44
-530537	-310502.3
-530443	-310504.28
-530400	-310510.12
-530481	-310518.16
-530577	-310527.16
-530515	-310535.0
-530406	-310540.12
-530358	-310541.7
-530446	-310538.84
-530565	-310532.72
-530592	-310524.44
-530514	-310515.47
-530437	-310507.75
-530492	-310502.94
-530585	-310502.16
-530594	-310505.62
-530535	-310512.56
-530462	-310522.4
-530446	-310533.16
-530518	-310544.0
-530512	-310552.56
-530422	-310558.94
-530399	-310562.2
-530496	-310562.97
-530573	-310562.44
-530521	-310561.5
-530422	-310561.34
-530361	-310562.6
-530464	-310565.94
-530542	-310570.84
-530544	-310576.94
-530480	-310583.34
-530469	-310588.7
-530513	-310591.94
-530549	-310592.7
-530534	-310590.34
-530487	-310585.4
-530429	-310578.66
-530467	-310570.88
-530636	-310563.03
-530623	-310556.9
-530524	-310553.0
-530466	-310551.72
-530530	-310553.78
-530592	-310558.72
-530588	-310566.1
-530499	-310574.56
-530492	-310584.06
-530522	-310593.16
-530552	-310601.1
-530574	-310607.03
-530525	-310610.53
-530477	-310611.6
-530496	-310609.8
-530569	-310606.1
-530614	-310600.78
-530566	-310594.9
-530516	-310589.4
-530567	-310585.1
-530599	-310583.9
-530603	-310585.4
-530562	-310590.8
-530522	-310599.12
-530573	-310610.38
-530654	-310623.47
-530631	-310636.8
-530532	-310649.7
-530455	-310660.44
-530507	-310668.06
-530601	-310672.2
-530629	-310673.0
-530602	-310670.38
-530512	-310666.0
-530574	-310660.44
-530691	-310654.97
-530711	-310650.78
-530586	-310648.28
-530539	-310647.7
-530614	-310649.06
-530655	-310651.66
-530662	-310655.03
-530552	-310658.22
-530538	-310661.12
-530600	-310663.4
-530639	-310665.3
-530599	-310667.72
-530532	-310670.88
-530532	-310676.47
-530637	-310684.47
-530750	-310695.5
-530713	-310709.66
-530649	-310726.3
-530580	-310743.88
-530613	-310761.44
-530712	-310776.6
-530712	-310788.78
-530511	-310796.3
-530446	-310798.25
-530651	-310795.3
-530804	-310787.7
-530771	-310776.62
-530653	-310764.1
-530535	-310752.16
-530636	-310741.9
-530754	-310735.56
-530742	-310733.75
-530646	-310736.5
-530552	-310743.38
-530637	-310753.66
-530742	-310765.44
-530716	-310777.5
-530644	-310787.53
-530647	-310794.72
-530769	-310797.53
-530792	-310795.94
-530737	-310790.22
-530647	-310780.97
-530622	-310769.62
-530702	-310757.22
-530808	-310745.06
-530832	-310734.5
-530795	-310726.34
-530719	-310720.97
-530732	-310718.75
-530841	-310718.97
-530806	-310721.1
-530690	-310724.44
-530651	-310728.34
-530703	-310732.4
-530719	-310735.9
-530726	-310738.8
-530744	-310741.44
-530660	-310743.62
-530695	-310746.06
-530808	-310748.97
-530799	-310752.28
-530711	-310756.16
-530666	-310760.7
-530702	-310765.56
-530763	-310770.28
-530793	-310774.6
-530730	-310777.53
-530721	-310779.78
-530794	-310780.03
-530821	-310778.72
-530782	-310775.6
-530730	-310771.38
-530643	-310766.38
-530681	-310761.16
-530794	-310756.53
-530812	-310753.1
-530731	-310751.8
-530716	-310752.75
-530849	-310756.56
-530926	-310763.0
-530877	-310771.22
-530802	-310780.78
-530741	-310790.0
-530799	-310798.4
-530882	-310803.9
-530879	-310805.88
-530779	-310804.7
-530700	-310799.25
-530775	-310791.2
-530836	-310781.53
-530757	-310772.06
-530699	-310764.84
-530778	-310761.12
-530911	-310762.22
-530893	-310768.16
-530855	-310778.34
-530846	-310791.7
-530772	-310806.06
-530791	-310819.12
-530804	-310829.56
-530806	-310834.88
-530795	-310834.72
-530727	-310829.28
-530733	-310819.78
-530802	-310807.9
-530822	-310795.88
-530774	-310785.62
-530696	-310779.44
-530733	-310778.5
-530844	-310782.25
-530857	-310790.4
-530797	-310801.9
-530752	-310813.94
-530795	-310825.2
-530863	-310833.88
-530865	-310838.72
-530760	-310839.6
-530749	-310836.75
-530789	-310831.47
-530870	-310825.34
-530902	-310819.9
-530836	-310816.4
-530781	-310816.22
-530776	-310819.1
-530875	-310824.72
-530848	-310832.12
-530812	-310839.75
-530782	-310847.1
-530802	-310851.84
-530837	-310854.84
-530850	-310854.72
-530757	-310852.8
-530740	-310849.75
-530820	-310846.53
-530892	-310844.6
-530861	-310845.25
-530800	-310848.3
-530789	-310854.5
-530827	-310863.5
-530867	-310874.16
-530913	-310885.78
-530882	-310897.47
-530754	-310907.97
-530837	-310916.53
-530978	-310922.5
-530921	-310925.88
-530861	-310926.66
-530809	-310924.62
-530825	-310920.66
-530866	-310914.84
-530902	-310907.75
-530849	-310899.78
-530784	-310891.16
-530849	-310882.75
-530970	-310875.2
-530963	-310869.03
-530845	-310864.7
-530824	-310863.2
-530826	-310864.34
-530924	-310868.38
-530930	-310875.0
-530762	-310883.34
-530761	-310892.7
-530862	-310901.1
-530980	-310907.84
-530988	-310911.22
-530846	-310911.0
-530788	-310907.34
-530849	-310900.25
-530931	-310891.7
-530908	-310883.28
-530811	-310877.0
-530763	-310874.25
-530860	-310877.25
-530949	-310885.72
-530934	-310899.44
-530863	-310916.94
-530786	-310936.12
-530810	-310954.53
-530912	-310969.38
-530954	-310978.47
-530882	-310980.66
-530826	-310976.06
-530873	-310965.28
-530897	-310950.12
-530861	-310934.06
-530804	-310919.2
-530772	-310908.56
-530877	-310903.8
-530957	-310905.38
-530881	-310913.44
-530738	-310925.72
-530736	-310940.2
-530818	-310954.1
-530817	-310964.4
-530846	-310969.53
-530849	-310968.44
-530780	-310960.94
-530779	-310948.12
-530864	-310932.2
-530904	-310915.53
-530848	-310900.06
-530775	-310888.47
-530817	-310881.75
-530922	-310880.25
-530921	-310883.28
-530827	-310890.03
-530781	-310899.16
-530889	-310908.53
-530963	-310916.8
-530948	-310922.97
-530856	-310926.88
-530814	-310928.94
-530800	-310929.3
-530877	-310928.78
-530945	-310928.66
-530871	-310929.38
-530828	-310931.22
-530918	-310934.25
-530982	-310938.1
-530954	-310942.03
-530872	-310945.34
-530843	-310947.25
-530879	-310947.4
-530917	-310945.4
-530850	-310941.78
-530749	-310936.34
-530743	-310930.12
-530838	-310924.06
-530917	-310919.0
-530893	-310915.56
-530786	-310914.22
-530754	-310915.72
-530847	-310919.75
-530879	-310925.78
-530868	-310933.84
-530789	-310942.66
-530707	-310951.84
-530764	-310960.28
-530814	-310967.34
-530858	-310972.44
-530771	-310975.38
-530642	-310976.6
-530695	-310975.9
-530757	-310974.22
-530765	-310971.97
-530703	-310970.06
-530635	-310968.78
-530695	-310969.0
-530724	-310970.2
-530681	-310972.12
-530616	-310975.1
-530527	-310977.5
-530561	-310979.72
-530677	-310980.78
-530673	-310980.72
-530534	-310979.47
-530421	-310977.25
-530543	-310975.06
-530649	-310972.97
-530618	-310971.7
-530534	-310971.34
-530431	-310972.56
-530442	-310974.62
-530545	-310977.34
-530552	-310979.75
-530412	-310981.44
-530401	-310982.03
-530548	-310980.97
-530649	-310978.62
-530639	-310974.97
-530559	-310971.38
-530453	-310968.16
-530462	-310966.16
-530565	-310966.25
-530537	-310968.22
-530391	-310971.7
-530307	-310976.66
-530486	-310981.47
-530644	-310985.88
-530592	-310988.53
-530440	-310989.1
-530359	-310987.12
-530408	-310982.66
-530444	-310976.66
-530448	-310969.44
-530354	-310961.94
-530280	-310954.88
-530351	-310948.62
-530511	-310943.53
-530534	-310939.66
-530435	-310936.44
-530358	-310933.97
-530441	-310931.9
-530524	-310930.1
-530497	-310929.47
-530422	-310929.72
-530405	-310931.8
-530463	-310936.03
-530520	-310942.4
-530515	-310951.3
-530471	-310961.66
-530427	-310972.88
-530425	-310983.5
-530546	-310992.75
-530572	-310998.88
-530489	-311002.06
-530384	-311002.2
-530513	-311000.03
-530601	-310996.5
-530530	-310993.47
-530490	-310992.4
-530451	-310994.2
-530482	-310999.25
-530584	-311007.66
-530618	-311018.3
-530529	-311029.72
-530427	-311039.47
-530482	-311046.47
-530553	-311048.66
-530544	-311046.0
-530448	-311038.12
-530424	-311026.5
-530482	-311012.56
-530565	-310998.7
-530531	-310986.53
-530445	-310977.47
-530379	-310972.75
-530394	-310972.25
-530409	-310974.9
-530438	-310979.44
-530419	-310984.34
-530358	-310987.44
-530321	-310988.34
-530401	-310985.78
-530446	-310980.1
-530387	-310971.38
-530352	-310961.06
-530342	-310950.25
-530377	-310939.7
-530397	-310929.84
-530299	-310921.12
-530224	-310913.47
-530197	-310905.94
-530230	-310898.22
-530295	-310889.44
-530216	-310879.75
-530147	-310868.5
-530141	-310856.38
-530177	-310843.47
-530174	-310830.75
-530117	-310818.66
-530062	-310807.34
-530099	-310796.56
-530122	-310786.44
-530156	-310776.28
-530151	-310765.8
-530037	-310755.25
-530081	-310744.22
-530186	-310733.25
-530159	-310723.34
-530088	-310715.44
-530014	-310709.9
-530064	-310707.7
-530136	-310709.0
-530077	-310713.22
-529971	-310719.72
-529867	-310727.62
-529998	-310735.03
-530141	-310741.03
-530069	-310744.7
-529737	-310745.84
-528952	-310744.47
-528884	-310740.78
-529361	-310735.28
-529061	-310728.72
-528389	-310722.22
-527677	-310715.7
-527622	-310709.5
-527754	-310703.25
-527775	-310696.6
-527640	-310689.47
-527551	-310681.66
-527527	-310673.6
-527624	-310666.1
-527674	-310659.66
-527564	-310655.88
-527498	-310655.8
-527593	-310659.62
-527616	-310667.78
-527521	-310679.62
-527380	-310694.16
-527324	-310709.94
-527358	-310725.25
-527359	-310738.9
-527394	-310749.44
-527302	-310757.0
-527171	-310761.44
-527094	-310763.53
-527001	-310764.6
-526833	-310766.16
-526614	-310769.8
-526437	-310775.94
-526510	-310784.66
-526595	-310795.97
-526526	-310809.2
-526377	-310822.7
-526271	-310835.5
-526256	-310846.47
-526252	-310855.75
-526118	-310862.7
-526071	-310868.0
-526000	-310872.38
-525869	-310876.47
-525903	-310881.34
-525926	-310887.25
-525812	-310894.03
-525669	-310901.44
-525707	-310908.3
-525733	-310913.75
-525787	-310917.44
-525756	-310918.16
-525645	-310916.3
-525731	-310912.5
-525832	-310907.4
-525907	-310901.7
-525791	-310897.22
-525601	-310894.0
-525616	-310893.06
-525727	-310893.62
-525687	-310896.25
-525604	-310899.94
-525573	-310903.78
-525604	-310907.9
-525676	-310911.66
-525699	-310915.0
-525576	-310918.0
-525492	-310920.62
-525519	-310923.06
-525504	-310924.1
-525533	-310923.66
-525399	-310920.84
-525230	-310914.56
-525302	-310904.5
-525377	-310891.06
-525417	-310875.28
-525353	-310858.7
-525219	-310843.94
-525289	-310833.7
-525517	-310830.16
-525550	-310834.7
-525261	-310847.2
-524962	-310866.34
-524944	-310889.28
-525193	-310912.84
-525235	-310933.1
-523219	-310947.7
-516406	-310956.6
-514369	-310960.5
-515960	-310960.66
-514939	-310961.25
-508587	-310967.38
-500386	-310983.44
-498281	-311010.2
-500048	-311044.6
-499262	-311081.56
-493121	-311113.38
-485262	-311129.94
-483537	-311119.53
-485534	-311070.56
-485005	-310976.3
-478977	-310835.1
-471304	-310651.4
-469678	-310433.44
-471574	-310193.8
-471041	-309949.2
-465189	-309718.28
-457569	-309517.34
-456170	-309358.53
-458349	-309247.7
-458023	-309187.25
-452337	-309173.75
-444920	-309199.94
-443566	-309255.16
-446004	-309326.28
-445927	-309403.3
-440504	-309478.22
-433411	-309547.2
-432321	-309606.25
-434789	-309655.44
-434818	-309695.75
-429486	-309731.22
-422392	-309765.03
-421202	-309797.9
-423609	-309829.4
-423620	-309859.1
-418257	-309886.78
-411220	-309911.9
-410157	-309933.44
-412731	-309951.25
-412832	-309966.06
-407596	-309982.4
-400673	-310004.34
-399778	-310034.8
-402453	-310076.8
-402676	-310132.38
-397649	-310203.88
-390861	-310291.53
-390055	-310393.62
-392870	-310505.4
-393355	-310624.22
-388373	-310747.2
-381707	-310872.5
-381106	-310998.56
-384126	-311125.2
-384782	-311254.75
-380020	-311392.6
-373419	-311545.12
-372876	-311716.9
-376131	-311911.44
-376949	-312130.9
-372366	-312375.22
-366229	-312642.16
-366165	-312923.9
-369673	-313210.66
-370784	-313494.0
-366412	-313767.6
-360256	-314027.8
-360176	-314274.25
-363726	-314510.94
-364864	-314746.28
-360531	-314992.56
-354431	-315261.78
-354470	-315561.34
-358438	-315894.34
-359894	-316256.7
-355762	-316640.62
-349739	-317032.38
-349886	-317414.7
-353607	-317772.25
-354859	-318096.94
-350768	-318390.22
-345008	-318664.44
-345369	-318940.25
-349410	-319244.16
-351092	-319604.25
-347284	-320042.97
-341594	-320569.34
-341917	-321171.1
-346009	-321811.4
-347800	-322432.16
-343966	-322956.88
-338255	-323297.16
-338692	-323362.38
-342950	-323071.6
-344862	-322365.7
-341066	-321216.44
-335512	-319629.62
-336087	-317642.47
-340462	-315321.44
-342422	-312752.9
-338601	-310035.38
-332907	-307262.12
-333395	-304513.66
-337712	-301847.56
-339656	-299297.62
-335912	-296873.72
-330176	-294564.78
-330666	-292343.47
-335099	-290175.12
-337051	-288027.3
-333257	-285875.78
-327816	-283707.7
-328481	-281521.3
-332893	-279325.16
-335077	-277136.5
-331496	-274976.7
-325834	-272866.88
-326466	-270820.72
-331044	-268845.88
-333309	-266943.1
-329809	-265107.88
-324309	-263331.47
-325064	-261601.47
-329814	-259905.52
-332236	-258234.28
-328739	-256582.27
-323201	-254946.94
-323933	-253326.55
-328586	-251719.03
-330886	-250124.1
-327354	-248541.2
-321866	-246969.06
-322660	-245403.69
-327452	-243840.89
-329892	-242278.73
-326544	-240718.02
-321252	-239162.17
-322206	-237615.47
-327154	-236083.8
-329698	-234575.12
-326336	-233097.44
-320901	-231658.6
-321751	-230260.42
-326499	-228902.42
-328963	-227581.17
-325671	-226292.6
-320316	-225030.78
-321151	-223788.8
-325972	-222560.6
-328549	-221343.23
-325288	-220138.8
-319937	-218952.0
-320892	-217788.81
-325709	-216656.03
-328298	-215561.53
-325000	-214513.95
-319531	-213518.9
-320241	-212577.86
-324821	-211688.78
-327196	-210847.61
-323885	-210049.73
-318771	-209289.16
-319520	-208558.6
-324314	-207851.48
-326970	-207163.61
-323669	-206493.97
-318258	-205842.6
-319061	-205209.34
-323878	-204593.61
-326525	-203995.34
-323250	-203414.8
-317828	-202851.0
-318699	-202301.08
-323534	-201761.39
-326217	-201230.0
-322912	-200707.5
-317521	-200196.06
-318397	-199698.14
-323239	-199217.12
-325944	-198757.84
-322715	-198325.97
-317267	-197925.5
-318015	-197556.89
-322783	-197217.23
-325522	-196902.52
-322290	-196607.86
-316869	-196328.38
-317707	-196057.81
-322531	-195791.31
-325230	-195527.53
-321980	-195268.6
-316561	-195018.8
-317357	-194781.1
-322109	-194557.75
-324810	-194350.03
-321657	-194157.8
-316449	-193977.14
-317391	-193800.31
-322272	-193619.16
-325044	-193425.39
-322032	-193212.95
-316865	-192978.33
-317794	-192721.84
-322759	-192448.1
-325697	-192164.38
-322633	-191879.98
-317201	-191603.98
-317861	-191343.5
-322689	-191102.8
-325467	-190882.78
-322307	-190681.3
-317136	-190493.77
-317905	-190315.11
-322687	-190141.56
-325579	-189971.47
-322380	-189806.11
-316879	-189649.6
-317644	-189506.88
-322467	-189383.64
-325356	-189283.4
-322161	-189206.84
-316767	-189150.97
-317544	-189108.27
-322425	-189069.22
-325325	-189023.75
-322127	-188962.97
-316681	-188882.11
-317412	-188780.58
-322226	-188663.84
-325103	-188542.12
-321937	-188428.48
-316424	-188336.67
-317100	-188277.28
-321846	-188257.45
-324777	-188277.02
-321624	-188330.31
-316201	-188406.0
-316907	-188489.48
-321791	-188565.62
-324799	-188622.02
-321721	-188650.86
-316247	-188650.98
-316965	-188626.33
-321744	-188586.64
-324688	-188543.88
-321523	-188510.5
-315999	-188496.06
-316621	-188504.62
-321406	-188535.75
-324387	-188582.39
-321202	-188633.94
-315747	-188678.23
-316444	-188702.92
-321272	-188699.3
-324169	-188663.38
-321140	-188596.44
-315783	-188505.27
-316409	-188399.56
-321221	-188290.8
-324306	-188190.03
-321314	-188105.44
-316074	-188042.0
-316761	-187999.62
-321550	-187974.94
-324594	-187962.11
-321517	-187954.45
-316079	-187945.72
-316640	-187931.61
-321381	-187910.36
-324433	-187882.38
-321429	-187850.45
-315999	-187818.22
-316575	-187788.33
-321298	-187763.31
-324294	-187743.3
-321255	-187727.53
-315781	-187714.1
-316359	-187699.4
-321130	-187681.36
-324267	-187658.25
-321300	-187629.81
-315867	-187596.7
-316432	-187560.14
-321211	-187521.8
-324244	-187482.7
-321219	-187443.19
-315829	-187402.94
-316297	-187360.58
-320936	-187315.56
-324002	-187267.31
-321001	-187218.0
-315601	-187170.75
-316164	-187130.38
-320792	-187103.64
-323854	-187096.8
-320918	-187115.45
-315527	-187163.06
-316006	-187239.31
-320706	-187340.89
-323797	-187461.28
-320866	-187591.16
-315581	-187720.39
-316104	-187838.94
-320784	-187939.27
-323941	-188016.19
-321025	-188068.17
-315597	-188097.11
-316076	-188106.75
-320679	-188103.25
-323757	-188092.14
-320787	-188078.6
-315540	-188066.05
-315997	-188055.56
-320577	-188047.25
-323736	-188039.36
-320772	-188030.6
-315344	-188019.6
-315803	-188005.75
-320414	-187990.23
-323527	-187974.53
-320587	-187960.58
-315249	-187949.77
-315734	-187942.33
-320356	-187937.34
-323602	-187932.7
-320796	-187924.66
-315448	-187909.67
-315893	-187884.55
-320525	-187847.66
-323862	-187799.36
-321001	-187742.23
-315559	-187681.0
-316037	-187621.33
-320688	-187569.45
-323939	-187530.16
-321068	-187506.94
-315658	-187500.56
-316126	-187508.48
-320791	-187526.47
-324047	-187548.23
-321139	-187567.1
-315684	-187576.8
-316033	-187572.31
-320641	-187551.25
-323951	-187513.58
-321064	-187461.73
-315677	-187399.83
-316105	-187332.94
-320722	-187267.2
-323952	-187207.4
-321076	-187158.06
-315669	-187121.89
-316005	-187100.45
-320590	-187094.17
-323907	-187102.22
-321066	-187123.42
-315612	-187156.23
-315997	-187197.92
-320594	-187246.75
-323915	-187299.62
-321083	-187354.1
-315812	-187406.5
-316123	-187453.89
-320730	-187493.17
-324032	-187521.2
-321142	-187536.36
-315665	-187538.06
-315956	-187526.23
-320466	-187503.02
-323759	-187470.98
-320801	-187433.83
-315227	-187395.58
-315527	-187359.72
-320056	-187329.66
-323346	-187307.38
-320433	-187293.94
-314909	-187289.4
-315136	-187292.16
-319667	-187300.62
-322945	-187311.53
-320085	-187322.67
-314601	-187331.23
-314899	-187334.5
-319470	-187330.97
-322875	-187319.58
-320132	-187299.83
-314760	-187272.27
-315037	-187237.73
-319630	-187198.2
-323141	-187156.02
-320392	-187113.72
-314972	-187074.23
-315174	-187039.78
-319769	-187012.8
-323211	-186994.39
-320417	-186985.34
-314934	-186985.31
-315176	-186992.83
-319669	-187005.92
-323101	-187022.34
-320282	-187039.61
-314808	-187055.73
-314991	-187068.69
-319474	-187077.62
-322851	-187081.97
-320062	-187081.83
-314626	-187077.81
-314779	-187069.81
-319294	-187058.69
-322743	-187044.16
-319997	-187026.5
-314709	-187005.48
-315005	-186980.52
-319617	-186952.31
-323088	-186921.36
-320299	-186889.25
-314901	-186857.89
-315089	-186829.34
-319599	-186806.31
-323128	-186791.11
-320391	-186785.3
-314868	-186790.22
-315002	-186805.3
-319462	-186830.27
-322875	-186863.39
-320092	-186902.56
-314625	-186945.77
-314726	-186990.25
-319186	-187034.81
-322649	-187077.61
-319979	-187117.48
-314587	-187153.94
-314664	-187185.81
-319133	-187213.02
-322736	-187235.06
-320019	-187251.7
-314567	-187263.25
-314747	-187269.33
-319197	-187271.42
-322702	-187270.06
-319998	-187267.3
-314546	-187264.23
-314626	-187262.31
-319102	-187262.61
-322712	-187265.16
-320034	-187269.56
-314561	-187274.66
-314660	-187278.64
-319113	-187279.94
-322704	-187277.34
-319896	-187270.52
-314472	-187260.25
-314596	-187248.05
-319107	-187236.61
-322647	-187229.27
-319976	-187228.66
-314483	-187236.84
-314493	-187254.33
-318967	-187280.14
-322586	-187311.4
-319926	-187344.08
-314581	-187373.03
-314702	-187393.23
-319237	-187400.1
-322990	-187391.02
-320347	-187364.8
-314907	-187322.03
-314908	-187264.83
-319394	-187196.4
-323072	-187120.58
-320431	-187040.6
-314984	-186959.34
-315005	-186878.34
-319480	-186798.73
-323116	-186720.67
-320481	-186644.53
-315004	-186571.0
-314969	-186501.03
-319434	-186437.16
-323101	-186382.08
-320484	-186339.12
-315071	-186311.1
-315030	-186300.03
-319522	-186306.86
-323201	-186330.72
-320533	-186368.9
-315102	-186417.55
-315045	-186471.61
-319446	-186526.27
-323065	-186576.53
-320439	-186619.2
-314940	-186651.97
-314887	-186673.81
-319284	-186685.0
-322956	-186686.56
-320336	-186680.1
-314963	-186666.84
-314917	-186647.3
-319358	-186622.19
-323089	-186591.47
-320469	-186555.64
-314991	-186515.23
-314863	-186471.36
-319218	-186426.8
-322902	-186384.33
-320327	-186348.14
-314781	-186322.22
-314559	-186309.78
-318818	-186313.58
-322528	-186334.19
-319929	-186370.6
-314591	-186420.0
-314524	-186477.69
-318870	-186538.3
-322675	-186595.88
-320122	-186644.95
-314659	-186681.11
-314573	-186700.89
-319001	-186703.25
-322817	-186688.25
-320331	-186658.12
-314875	-186615.89
-314778	-186565.08
-319104	-186510.47
-322966	-186455.64
-320436	-186404.58
-315016	-186360.4
-314857	-186324.73
-319213	-186299.2
-323036	-186283.73
-320506	-186277.75
-315052	-186279.73
-314855	-186287.39
-319205	-186298.42
-323056	-186310.27
-320521	-186320.45
-315034	-186327.22
-314898	-186329.48
-319290	-186327.28
-323276	-186320.98
-320816	-186312.31
-315370	-186302.7
-315209	-186294.28
-319537	-186288.34
-323415	-186285.75
-320886	-186286.42
-315381	-186289.42
-315047	-186292.88
-319379	-186294.66
-323216	-186292.7
-320681	-186285.83
-315164	-186273.4
-314911	-186255.9
-319354	-186235.61
-323214	-186215.19
-320627	-186198.44
-315136	-186189.14
-314794	-186190.16
-319039	-186203.89
-322883	-186230.92
-320307	-186270.97
-315008	-186321.81
-314806	-186379.77
-319146	-186441.14
-323044	-186502.05
-320571	-186558.3
-315131	-186607.33
-314829	-186646.72
-319114	-186676.05
-323035	-186695.05
-320522	-186705.1
-315054	-186707.97
-314746	-186705.6
-318968	-186700.62
-322877	-186694.98
-320398	-186690.97
-314994	-186690.05
-314617	-186693.11
-318912	-186701.05
-322820	-186713.11
-320379	-186728.66
-314942	-186745.81
-314619	-186761.8
-318876	-186774.34
-322763	-186780.6
-320392	-186778.5
-314951	-186766.66
-314562	-186744.78
-318890	-186714.6
-322910	-186678.75
-320554	-186641.44
-315149	-186607.31
-314779	-186580.67
-319016	-186565.08
-323021	-186562.45
-320657	-186572.44
-315233	-186592.47
-314814	-186617.5
-319066	-186641.75
-323122	-186658.4
-320779	-186661.42
-315303	-186646.7
-314914	-186611.94
-319214	-186558.77
-323272	-186490.92
-320907	-186414.47
-315461	-186337.42
-314974	-186266.75
-319207	-186209.75
-323111	-186170.62
-320716	-186151.53
-315518	-186151.69
-315138	-186167.86
-319309	-186195.6
-323342	-186229.64
-320941	-186265.75
-315437	-186300.23
-314941	-186331.5
-319131	-186359.67
-323154	-186386.08
-320786	-186412.45
-315371	-186440.89
-314872	-186471.36
-319142	-186504.12
-323156	-186536.7
-320773	-186566.61
-315347	-186590.36
-314826	-186605.36
-319104	-186610.53
-323146	-186606.0
-320836	-186594.84
-315366	-186581.39
-314856	-186570.72
-319026	-186568.22
-323069	-186578.27
-320716	-186603.05
-315292	-186642.45
-314826	-186693.36
-319031	-186751.02
-323085	-186809.05
-320795	-186861.25
-315403	-186902.11
-314888	-186927.78
-319069	-186937.11
-323216	-186931.22
-320977	-186912.88
-315503	-186886.36
-314962	-186855.53
-319164	-186824.22
-323261	-186794.28
-320894	-186766.62
-315441	-186740.47
-314859	-186713.98
-319034	-186685.89
-323120	-186654.77
-320777	-186621.05
-315314	-186586.02
-314602	-186552.42
-318683	-186523.75
-322807	-186502.97
-320480	-186492.92
-315280	-186494.6
-314824	-186506.48
-318962	-186526.2
-323149	-186549.58
-320922	-186571.84
-315539	-186588.58
-314897	-186595.95
-319102	-186592.3
-323316	-186577.55
-321086	-186553.69
-315713	-186523.55
-315112	-186490.98
-319254	-186459.55
-323427	-186431.81
-321198	-186409.62
-315787	-186393.31
-315157	-186381.61
-319317	-186373.58
-323511	-186367.4
-321267	-186362.19
-315856	-186357.44
-315163	-186353.27
-319234	-186351.25
-323353	-186352.42
-321022	-186358.62
-315589	-186370.31
-314852	-186387.95
-318951	-186410.83
-323148	-186437.4
-320899	-186465.97
-315445	-186494.84
-314791	-186521.98
-318907	-186546.86
-323108	-186568.97
-320838	-186589.05
-315313	-186607.69
-314625	-186625.55
-318771	-186643.45
-322981	-186661.72
-320706	-186680.03
-315322	-186697.88
-314688	-186714.3
-318866	-186728.89
-323124	-186741.12
-320873	-186751.47
-315292	-186760.33
-314600	-186768.23
-318760	-186776.14
-323016	-186784.39
-320815	-186792.97
-315602	-186801.19
-314905	-186807.05
-318928	-186809.48
-323218	-186806.69
-321054	-186797.92
-315634	-186782.72
-314922	-186761.84
-318986	-186737.55
-323231	-186712.11
-321073	-186688.55
-315684	-186669.42
-314919	-186656.17
-318992	-186649.7
-323297	-186649.44
-321169	-186653.48
-315752	-186659.67
-314932	-186664.98
-318998	-186667.11
-323269	-186664.66
-321159	-186657.11
-315856	-186645.02
-315044	-186630.14
-319076	-186614.81
-323396	-186601.06
-321229	-186591.44
-315787	-186587.39
-314974	-186589.5
-319045	-186597.61
-323350	-186611.31
-321186	-186629.61
-315829	-186651.05
-314996	-186674.31
-319032	-186698.3
-323411	-186721.38
-321251	-186742.72
-315894	-186760.19
-315055	-186771.6
-319103	-186775.06
-323496	-186768.12
-321388	-186749.6
-315917	-186718.48
-314979	-186675.4
-319060	-186623.27
-323434	-186565.6
-321293	-186508.2
-315815	-186457.11
-314788	-186417.75
-318761	-186395.48
-323207	-186392.77
-321170	-186410.48
-315909	-186446.78
-314936	-186497.44
-318901	-186557.11
-323268	-186619.25
-321181	-186678.61
-315709	-186730.78
-314626	-186773.0
-318676	-186805.28
-323102	-186829.08
-320988	-186847.61
-315574	-186864.08
-314579	-186881.6
-318543	-186902.3
-322954	-186926.12
-320856	-186952.25
-315482	-186977.53
-314521	-186998.22
-318536	-187011.1
-322906	-187012.47
-320983	-187000.97
-315604	-186976.52
-314667	-186940.33
-318731	-186895.58
-323201	-186845.67
-321184	-186794.97
-315849	-186746.73
-314862	-186703.2
-318856	-186666.14
-323334	-186635.36
-321302	-186610.58
-315917	-186590.08
-314884	-186572.3
-318897	-186556.25
-323366	-186540.69
-321362	-186525.75
-315995	-186511.6
-315000	-186498.7
-318952	-186487.75
-323444	-186479.33
-321432	-186473.92
-316043	-186471.81
-314939	-186472.52
-318877	-186476.02
-323422	-186481.86
-321414	-186490.53
-315989	-186501.7
-314791	-186515.75
-318702	-186533.02
-323187	-186553.45
-321177	-186577.36
-315939	-186603.83
-314885	-186631.81
-318799	-186660.02
-323305	-186686.83
-321324	-186710.94
-315892	-186730.7
-314706	-186745.25
-318589	-186754.62
-323139	-186759.08
-321159	-186759.69
-315752	-186758.1
-314591	-186755.9
-318612	-186754.89
-323163	-186756.28
-321160	-186761.39
-315778	-186770.62
-314618	-186783.55
-318444	-186799.42
-322989	-186816.48
-321114	-186833.62
-315761	-186848.64
-314539	-186859.72
-318434	-186866.02
-323001	-186866.58
-321038	-186862.0
-315679	-186853.27
-314478	-186841.77
-318376	-186830.53
-322933	-186821.6
-320989	-186817.66
-315659	-186820.55
-314431	-186830.8
-318292	-186848.23
-322905	-186870.89
-320982	-186896.4
-315579	-186921.22
-314376	-186941.6
-318230	-186954.22
-322826	-186956.72
-320931	-186948.39
-315613	-186929.73
-314339	-186902.72
-318227	-186870.75
-322844	-186837.48
-320992	-186807.06
-315687	-186782.34
-314449	-186765.05
-318288	-186755.67
-322918	-186752.72
-321112	-186754.11
-315943	-186756.45
-314693	-186756.14
-318550	-186750.39
-323183	-186736.92
-321304	-186715.31
-315946	-186685.94
-314580	-186650.2
-318477	-186610.6
-323171	-186569.77
-321319	-186530.53
-315922	-186495.05
-314627	-186464.86
-318554	-186441.23
-323239	-186424.92
-321332	-186416.95
-315940	-186417.53
-314589	-186426.56
-318411	-186444.61
-323100	-186471.31
-321249	-186506.12
-315903	-186547.73
-314508	-186593.89
-318321	-186641.92
-322964	-186688.75
-321099	-186731.48
-315741	-186767.7
-314372	-186795.55
-318235	-186815.25
-322901	-186827.55
-321022	-186834.95
-315709	-186840.33
-314404	-186846.31
-318358	-186855.77
-323152	-186869.69
-321409	-186888.16
-316094	-186909.4
-314695	-186930.72
-318639	-186948.81
-323409	-186959.98
-321566	-186961.95
-316156	-186953.64
-314707	-186935.39
-318589	-186909.44
-323370	-186878.88
-321633	-186848.2
-316197	-186820.84
-314672	-186800.12
-318427	-186787.4
-323159	-186782.48
-321254	-186784.06
-316031	-186788.97
-314654	-186793.83
-318511	-186795.45
-323267	-186791.11
-321414	-186779.9
-316074	-186762.08
-314619	-186739.11
-318502	-186713.44
-323304	-186687.75
-321554	-186664.8
-316182	-186646.6
-314706	-186633.66
-318539	-186625.95
-323438	-186621.98
-321682	-186620.31
-316324	-186618.6
-314808	-186615.27
-318656	-186609.17
-323502	-186599.58
-321699	-186587.3
-316249	-186573.08
-314705	-186557.94
-318521	-186543.16
-323322	-186529.44
-321552	-186517.77
-316136	-186507.95
-314578	-186499.56
-318325	-186492.14
-323106	-186485.11
-321404	-186477.8
-316126	-186469.72
-314539	-186460.7
-318309	-186450.86
-323131	-186440.33
-321409	-186429.48
-316082	-186418.6
-314464	-186407.8
-318234	-186397.97
-323067	-186389.47
-321368	-186383.53
-316005	-186380.7
-314372	-186382.34
-318100	-186389.81
-322907	-186403.55
-321199	-186424.55
-315876	-186452.42
-314178	-186486.36
-317855	-186524.77
-322689	-186565.38
-320977	-186605.72
-315811	-186643.22
-314155	-186675.11
-317901	-186700.2
-322741	-186717.2
-321026	-186726.89
-315699	-186729.83
-314054	-186727.86
-317779	-186723.38
-322681	-186718.08
-321081	-186713.81
-315843	-186711.39
-314211	-186711.02
-317947	-186712.2
-322829	-186713.6
-321296	-186713.75
-316127	-186710.98
-314462	-186703.44
-318182	-186690.55
-323055	-186671.25
-321439	-186645.94
-316132	-186615.83
-314441	-186582.0
-318152	-186546.67
-323046	-186512.1
-321421	-186481.0
-316135	-186456.19
-314412	-186439.56
-318137	-186433.9
-323125	-186440.17
-321527	-186459.73
-316265	-186492.45
-314511	-186536.75
-318198	-186590.86
-323131	-186651.5
-321574	-186714.97
-316346	-186776.62
-314652	-186832.2
-318353	-186877.89
-323297	-186910.38
-321694	-186928.3
-316422	-186931.33
-314658	-186920.64
-318298	-186899.02
-323194	-186869.48
-321611	-186836.52
-316312	-186803.89
-314477	-186774.98
-318094	-186752.03
-323009	-186736.42
-321449	-186728.3
-316362	-186726.88
-314589	-186730.7
-318193	-186738.27
-323097	-186747.7
-321489	-186758.78
-316266	-186770.55
-314425	-186783.64
-318004	-186798.3
-322972	-186815.39
-321387	-186835.64
-316182	-186858.78
-314415	-186884.39
-318051	-186911.12
-322944	-186936.98
-321411	-186959.98
-316191	-186977.5
-314357	-186987.64
-317961	-186989.3
-322924	-186981.4
-321435	-186964.66
-316186	-186940.3
-314309	-186909.56
-317906	-186875.06
-322912	-186838.83
-321407	-186803.45
-316212	-186770.67
-314345	-186742.03
-317971	-186718.66
-322984	-186701.02
-321534	-186689.38
-316281	-186682.88
-314379	-186680.84
-318030	-186681.78
-323046	-186683.61
-321548	-186685.03
-316361	-186683.55
-314484	-186676.89
-318091	-186663.98
-323106	-186643.7
-321658	-186616.52
-316469	-186582.73
-314523	-186544.39
-318114	-186503.9
-323121	-186463.5
-321702	-186426.36
-316480	-186394.03
-314522	-186367.62
-318069	-186347.38
-323076	-186332.27
-321552	-186321.05
-316492	-186311.8
-314641	-186302.8
-318131	-186293.11
-323149	-186282.69
-321701	-186272.81
-316522	-186265.47
-314525	-186263.17
-318115	-186268.72
-323158	-186283.97
-321764	-186310.2
-316636	-186346.95
-314657	-186392.14
-318201	-186442.9
-323186	-186495.02
-321787	-186544.69
-316636	-186588.19
-314649	-186622.75
-318191	-186647.14
-323238	-186661.08
-321896	-186666.6
-316811	-186665.36
-314729	-186660.42
-318216	-186654.39
-323194	-186649.08
-321880	-186646.69
-316800	-186647.52
-314787	-186652.06
-318252	-186660.23
-323309	-186671.77
-321955	-186687.0
-316719	-186705.5
-314594	-186727.17
-318040	-186752.1
-323059	-186779.23
-321686	-186807.47
-316450	-186834.9
-314351	-186858.78
-317859	-186876.75
-322966	-186886.16
-321693	-186885.94
-316524	-186875.36
-314361	-186855.31
-317811	-186828.33
-322895	-186797.28
-321604	-186766.53
-316479	-186739.05
-314370	-186717.86
-317869	-186704.42
-322871	-186698.5
-321598	-186698.66
-316846	-186701.83
-314841	-186704.95
-318306	-186704.95
-323422	-186699.48
-322148	-186687.84
-317024	-186670.3
-314854	-186648.58
-318350	-186625.72
-323454	-186603.86
-322188	-186586.03
-317044	-186573.67
-314855	-186566.88
-318344	-186565.17
-323430	-186566.28
-322094	-186568.45
-316999	-186569.38
-314819	-186567.22
-318231	-186561.73
-323341	-186552.97
-322084	-186542.64
-316948	-186532.56
-314817	-186524.92
-318299	-186521.42
-323437	-186522.95
-322235	-186529.83
-317126	-186541.11
-314912	-186555.03
-318346	-186570.39
-323469	-186585.39
-322221	-186599.42
-317141	-186611.61
-314899	-186622.47
-318361	-186633.17
-323508	-186644.3
-322291	-186656.92
-317183	-186671.12
-314926	-186686.44
-318340	-186702.25
-323434	-186716.92
-322211	-186729.05
-317142	-186737.61
-314852	-186741.27
-318245	-186740.95
-323453	-186736.61
-322264	-186730.34
-317161	-186723.48
-314726	-186717.66
-318057	-186714.33
-323209	-186713.88
-322088	-186716.42
-317300	-186721.36
-315087	-186727.72
-318492	-186734.78
-323677	-186741.52
-322570	-186747.97
-317501	-186754.2
-315166	-186760.83
-318571	-186768.25
-323778	-186776.75
-322619	-186786.98
-317555	-186797.84
-315226	-186808.77
-318627	-186818.58
-323809	-186826.53
-322664	-186832.25
-317619	-186835.48
-315278	-186837.36
-318639	-186839.3
-323764	-186842.73
-322583	-186849.7
-317562	-186860.69
-315247	-186875.45
-318541	-186892.78
-323781	-186909.61
-322713	-186923.36
-317674	-186930.0
-315224	-186926.56
-318502	-186911.27
-323737	-186883.8
-322634	-186845.77
-317586	-186800.27
-315168	-186751.02
-318514	-186702.56
-323695	-186658.77
-322632	-186622.06
-317637	-186593.64
-315219	-186572.62
-318509	-186557.47
-323749	-186545.06
-322684	-186533.28
-317667	-186520.25
-315176	-186505.9
-318519	-186491.89
-323735	-186480.92
-322676	-186477.33
-317561	-186484.98
-315005	-186507.17
-318281	-186545.64
-323493	-186599.75
-322471	-186667.1
-317617	-186742.52
-315231	-186820.17
-318449	-186893.81
-323645	-186957.38
-322611	-187006.84
-317622	-187039.9
-315087	-187056.17
-318345	-187057.61
-323604	-187046.88
-322621	-187028.6
-317612	-187006.08
-315037	-186983.0
-318307	-186961.69
-323531	-186943.22
-322547	-186928.58
-317605	-186917.83
-315101	-186910.53
-318363	-186906.7
-323596	-186906.38
-322644	-186909.92
-317694	-186917.38
-315158	-186928.64
-318474	-186943.08
-323738	-186959.64
-322733	-186977.02
-317782	-186993.02
-315286	-187005.92
-318586	-187014.4
-323839	-187017.97
-322880	-187017.2
-317910	-187013.36
-315364	-187008.12
-318566	-187003.48
-323762	-187000.9
-322771	-187000.92
-317852	-187002.73
-315269	-187005.05
-318461	-187005.03
-323651	-187000.16
-322841	-186988.56
-317989	-186969.17
-315361	-186942.56
-318557	-186911.34
-323866	-186879.39
-322969	-186851.86
-317959	-186833.5
-315297	-186828.66
-318477	-186840.11
-323702	-186868.17
-322786	-186911.81
-317939	-186966.8
-315305	-187028.38
-318463	-187090.64
-323675	-187148.52
-322735	-187197.95
-317755	-187236.4
-315069	-187263.05
-318309	-187279.02
-323591	-187286.19
-322757	-187287.47
-317883	-187285.67
-315207	-187282.78
-318374	-187280.36
-323663	-187278.5
-322837	-187277.78
-318000	-187277.08
-315386	-187275.88
-318564	-187273.92
-323862	-187271.12
-323100	-187267.89
-318259	-187264.67
-315577	-187261.7
-318784	-187259.19
-324109	-187256.86
-323269	-187254.17
-318259	-187250.11
-315567	-187243.86
-318714	-187235.06
-324014	-187223.94
-323172	-187211.67
-318197	-187199.84
-315421	-187190.53
-318557	-187185.64
-323882	-187186.28
-322981	-187193.2
-318056	-187204.83
-315259	-187219.12
-318419	-187232.69
-323688	-187241.69
-322860	-187243.56
-317992	-187235.7
-315234	-187217.52
-318392	-187190.66
-323702	-187157.69
-322950	-187123.25
-318122	-187091.83
-315383	-187067.52
-318511	-187053.47
-323844	-187050.72
-323101	-187058.84
-318403	-187075.0
-315594	-187095.03
-318759	-187114.61
-324069	-187129.52
-323339	-187136.81
-318478	-187135.12
-315641	-187124.52
-318735	-187107.11
-324051	-187086.11
-323319	-187065.2
-318376	-187047.61
-315485	-187035.52
-318521	-187030.62
-323849	-187032.31
-323154	-187040.02
-318292	-187051.62
-315344	-187065.55
-318460	-187080.4
-323724	-187095.4
-322961	-187111.17
-318146	-187128.12
-315259	-187147.06
-318369	-187169.14
-323699	-187194.12
-323024	-187221.52
-318163	-187249.55
-315286	-187275.48
-318404	-187296.69
-323794	-187310.56
-323071	-187315.64
-318257	-187311.5
-315347	-187298.78
-318492	-187280.39
-323845	-187259.5
-323239	-187240.33
-318426	-187225.88
-315517	-187219.3
-318607	-187221.52
-323972	-187232.33
-323349	-187250.19
-318579	-187271.48
-315657	-187292.92
-318683	-187310.67
-324003	-187321.77
-323366	-187324.3
-318587	-187317.5
-315567	-187302.08
-318576	-187280.16
-323919	-187253.44
-323302	-187225.34
-318681	-187197.62
-315708	-187172.33
-318714	-187150.44
-324055	-187132.23
-323472	-187117.77
-318651	-187106.77
-315666	-187098.81
-318740	-187093.97
-324102	-187092.4
-323520	-187095.3
-318744	-187103.52
-315766	-187118.25
-318808	-187140.3
-324166	-187169.84
-323649	-187206.89
-318872	-187250.11
-315864	-187297.86
-318874	-187347.75
-324204	-187396.86
-323654	-187442.97
-318870	-187483.25
-315858	-187515.55
-318854	-187538.55
-324229	-187551.17
-323684	-187553.67
-318916	-187546.5
-315892	-187530.66
-318878	-187507.44
-324294	-187478.69
-323784	-187445.92
-318997	-187410.92
-315918	-187374.89
-318897	-187339.19
-324223	-187304.52
-323691	-187272.05
-318926	-187242.28
-315842	-187215.42
-318822	-187192.33
-324197	-187173.62
-323674	-187160.2
-318943	-187153.0
-315864	-187152.66
-318818	-187160.45
-324172	-187176.7
-323693	-187201.61
-318896	-187234.7
-315747	-187274.89
-318679	-187320.28
-324047	-187368.31
-323601	-187416.3
-319006	-187461.25
-315919	-187500.62
-318797	-187531.84
-324234	-187553.38
-323787	-187564.56
-319018	-187565.52
-315930	-187556.84
-318906	-187539.75
-324261	-187515.78
-323776	-187486.94
-319121	-187454.33
-315962	-187419.45
-318871	-187383.4
-324279	-187347.3
-323897	-187312.12
-319232	-187278.77
-316086	-187248.08
-318983	-187221.11
-324381	-187198.78
-323937	-187181.75
-319248	-187170.4
-316126	-187164.31
-319010	-187163.2
-324434	-187166.12
-324073	-187171.98
-319350	-187179.55
-316127	-187188.39
-319063	-187197.98
-324417	-187208.64
-324006	-187221.03
-319258	-187236.44
-316039	-187255.62
-318939	-187279.33
-324349	-187307.3
-323970	-187339.0
-319191	-187372.42
-315934	-187405.33
-318884	-187434.86
-324309	-187458.33
-323904	-187474.3
-319225	-187481.62
-316040	-187480.88
-318962	-187473.28
-324313	-187461.67
-323990	-187449.27
-319286	-187439.16
-315999	-187433.45
-318826	-187433.95
-324218	-187440.38
-323872	-187452.3
-319341	-187467.34
-316131	-187483.47
-318981	-187498.34
-324364	-187510.58
-324011	-187519.69
-319308	-187526.36
-316002	-187531.61
-318880	-187537.42
-324326	-187545.4
-323982	-187557.08
-319276	-187572.81
-315969	-187591.7
-318805	-187612.14
-324214	-187631.75
-323880	-187648.81
-319246	-187660.9
-315943	-187667.36
-318792	-187668.1
-324222	-187664.58
-323943	-187659.05
-319344	-187653.84
-316016	-187651.64
-318889	-187653.69
-324266	-187660.61
-324032	-187671.77
-319412	-187685.2
-316055	-187698.7
-318914	-187709.55
-324364	-187715.3
-324146	-187715.3
-319610	-187709.06
-316307	-187697.89
-319159	-187683.52
-324586	-187668.25
-324301	-187654.5
-319650	-187643.58
-316272	-187636.06
-319104	-187631.45
-324539	-187628.03
-324325	-187624.45
-319642	-187618.55
-316274	-187609.25
-319070	-187596.25
-324542	-187580.36
-324322	-187563.78
-319624	-187548.84
-316134	-187538.4
-318916	-187534.47
-324386	-187538.19
-324119	-187550.16
-319627	-187568.48
-316260	-187591.33
-319071	-187615.52
-324519	-187638.4
-324338	-187657.62
-319623	-187672.0
-316164	-187681.0
-319026	-187685.75
-324541	-187687.8
-324396	-187689.42
-319731	-187692.58
-316214	-187698.58
-318986	-187708.52
-324473	-187721.73
-324337	-187738.1
-319707	-187755.81
-316214	-187773.62
-318984	-187790.45
-324396	-187805.58
-324314	-187818.64
-319731	-187830.06
-316287	-187839.9
-319064	-187848.56
-324518	-187855.31
-324354	-187860.48
-319716	-187862.56
-316237	-187860.55
-318998	-187853.34
-324397	-187840.56
-324254	-187822.47
-319606	-187800.0
-316082	-187775.3
-318882	-187750.62
-324362	-187728.52
-324262	-187711.83
-319737	-187701.6
-316318	-187698.23
-319126	-187701.06
-324637	-187708.12
-324639	-187717.28
-320093	-187725.44
-316566	-187730.78
-319328	-187731.75
-324761	-187728.16
-324680	-187721.45
-320018	-187713.23
-316299	-187706.12
-319015	-187702.17
-324499	-187703.33
-324263	-187709.94
-319822	-187721.47
-316316	-187735.78
-318977	-187750.03
-324390	-187761.16
-324293	-187766.66
-319674	-187764.5
-316010	-187754.25
-318706	-187736.47
-324213	-187713.4
-324186	-187688.03
-319619	-187663.39
-316035	-187642.56
-318742	-187627.66
-324233	-187619.53
-324242	-187618.47
-319723	-187623.1
-316169	-187631.69
-318929	-187642.23
-324452	-187652.73
-324496	-187662.62
-319966	-187671.23
-316349	-187679.47
-319047	-187688.39
-324606	-187699.62
-324633	-187714.9
-320041	-187735.0
-316358	-187760.33
-319039	-187790.28
-324508	-187823.38
-324502	-187858.06
-319909	-187891.9
-316221	-187922.86
-318896	-187948.75
-324384	-187968.53
-324451	-187981.77
-319817	-187988.22
-316124	-187988.44
-318842	-187983.34
-324349	-187973.7
-324332	-187961.11
-319778	-187946.17
-316122	-187930.11
-318842	-187913.52
-324357	-187896.92
-324411	-187881.64
-319864	-187867.84
-316146	-187856.72
-318738	-187848.67
-324166	-187844.48
-324217	-187844.55
-319931	-187848.89
-316379	-187857.3
-319006	-187868.89
-324584	-187882.62
-324709	-187897.31
-320149	-187911.56
-316386	-187923.6
-319047	-187932.14
-324528	-187936.1
-324636	-187934.97
-320106	-187929.1
-316307	-187918.81
-318879	-187905.83
-324361	-187891.77
-324494	-187879.1
-319891	-187869.83
-316107	-187865.9
-318778	-187868.31
-324289	-187876.9
-324422	-187890.84
-319919	-187907.78
-316161	-187924.47
-318884	-187937.55
-324407	-187942.89
-324547	-187938.56
-320089	-187922.92
-316243	-187896.61
-318844	-187862.47
-324334	-187824.62
-324515	-187789.28
-319961	-187762.56
-316171	-187750.19
-318851	-187756.61
-324381	-187783.58
-324519	-187830.45
-319996	-187893.73
-316151	-187967.11
-318776	-188042.78
-324286	-188112.5
-324467	-188169.12
-320032	-188206.4
-316228	-188221.72
-318852	-188214.56
-324401	-188187.55
-324687	-188145.78
-320154	-188095.02
-316180	-188041.98
-318715	-187991.38
-324192	-187947.36
-324402	-187911.33
-320144	-187882.83
-316394	-187859.84
-318907	-187839.4
-324384	-187818.42
-324646	-187795.22
-320216	-187768.56
-316335	-187739.61
-318877	-187710.55
-324341	-187684.39
-324669	-187665.08
-320211	-187655.75
-316291	-187658.56
-318862	-187674.34
-324459	-187702.28
-324772	-187740.52
-320277	-187785.7
-316369	-187834.67
-318902	-187883.52
-324494	-187929.38
-324802	-187969.88
-320354	-188003.5
-316447	-188029.66
-319016	-188047.69
-324487	-188057.7
-324816	-188060.25
-320412	-188054.94
-316477	-188042.4
-319026	-188022.95
-324544	-187997.83
-324807	-187968.38
-320322	-187936.6
-316350	-187905.25
-318824	-187876.39
-324326	-187852.45
-324642	-187835.4
-320154	-187825.34
-316151	-187821.66
-318719	-187822.73
-324272	-187825.89
-324640	-187828.52
-320237	-187827.88
-316281	-187822.7
-318804	-187812.78
-324333	-187799.2
-324711	-187785.28
-320130	-187774.48
-316097	-187770.83
-318627	-187777.72
-324195	-187797.31
-324542	-187830.23
-320270	-187874.27
-316351	-187926.39
-318875	-187981.0
-324387	-188032.33
-324743	-188075.05
-320272	-188104.1
-316229	-188116.66
-318718	-188111.7
-324261	-188090.19
-324650	-188055.31
-320216	-188011.36
-316194	-187963.36
-318647	-187916.28
-324185	-187874.36
-324662	-187841.06
-320284	-187818.34
-316171	-187807.14
-318624	-187806.23
-324151	-187814.45
-324628	-187829.7
-320325	-187849.39
-316331	-187870.88
-318827	-187891.58
-324361	-187909.17
-324786	-187922.22
-320421	-187929.2
-316434	-187929.83
-318877	-187923.97
-324406	-187912.67
-324831	-187897.77
-320432	-187881.08
-316292	-187865.33
-318717	-187852.52
-324182	-187844.47
-324638	-187842.45
-320236	-187846.52
-316151	-187855.7
-318649	-187868.1
-324177	-187881.4
-324676	-187893.58
-320267	-187902.23
-316164	-187906.58
-318599	-187905.95
-324186	-187901.44
-324754	-187894.92
-320326	-187888.53
-316099	-187884.45
-318540	-187884.5
-324096	-187889.61
-324723	-187899.72
-320479	-187913.83
-316356	-187930.33
-318782	-187946.95
-324317	-187961.88
-324816	-187973.53
-320405	-187981.69
-316272	-187986.4
-318713	-187988.56
-324315	-187989.56
-324891	-187990.89
-320518	-187993.66
-316327	-187998.5
-318744	-188005.47
-324264	-188014.19
-324822	-188024.33
-320432	-188035.1
-316216	-188046.22
-318621	-188057.77
-324110	-188069.95
-324726	-188083.22
-320394	-188098.08
-316162	-188114.17
-318509	-188130.19
-324054	-188144.75
-324698	-188155.5
-320390	-188159.67
-316230	-188155.28
-318626	-188140.83
-324141	-188116.2
-324797	-188083.27
-320495	-188044.58
-316266	-188003.9
-318693	-187965.81
-324294	-187933.77
-324882	-187910.97
-320546	-187898.31
-316323	-187895.17
-318699	-187899.23
-324219	-187907.17
-324792	-187915.34
-320457	-187920.38
-316157	-187920.12
-318577	-187913.89
-324099	-187902.97
-324726	-187889.9
-320364	-187877.88
-316061	-187870.16
-318466	-187869.38
-323987	-187876.44
-324678	-187891.22
-320517	-187911.66
-316337	-187934.45
-318678	-187955.7
-324237	-187971.83
-324979	-187980.38
-320727	-187979.77
-316497	-187970.22
-318857	-187953.11
-324404	-187930.92
-325087	-187906.92
-320801	-187883.88
-316467	-187864.33
-318789	-187850.05
-324272	-187841.73
-324937	-187839.92
-320592	-187844.36
-316317	-187854.55
-318670	-187870.08
-324132	-187890.33
-324841	-187915.12
-320580	-187943.53
-316288	-187974.55
-318600	-188006.11
-324116	-188036.0
-324931	-188061.6
-320691	-188079.9
-316352	-188088.55
-318674	-188086.03
-324199	-188072.11
-325045	-188048.0
-320811	-188016.11
-316431	-187979.89
-318733	-187943.45
-324241	-187910.17
-324993	-187883.4
-320756	-187864.61
-316413	-187854.06
-318759	-187850.56
-324307	-187852.45
-325063	-187857.0
-320817	-187862.05
-316462	-187865.81
-318763	-187867.83
-324212	-187868.36
-325096	-187868.73
-320794	-187870.7
-316311	-187875.81
-318560	-187885.52
-324077	-187899.89
-324904	-187918.98
-320763	-187940.92
-316416	-187964.14
-318689	-187986.03
-324239	-188004.72
-325132	-188019.22
-320917	-188028.55
-316499	-188033.19
-318776	-188033.5
-324246	-188030.66
-325117	-188025.95
-320927	-188019.8
-316531	-188012.22
-318779	-188002.94
-324257	-187991.27
-325109	-187976.7
-320882	-187958.89
-316471	-187938.02
-318682	-187914.8
-324191	-187890.97
-325066	-187868.7
-320829	-187850.1
-316376	-187837.45
-318624	-187831.77
-324131	-187833.86
-325055	-187843.67
-320851	-187859.86
-316432	-187880.97
-318642	-187904.44
-324171	-187928.48
-325049	-187951.33
-320826	-187971.36
-316342	-187988.05
-318587	-188000.39
-324102	-188008.34
-325057	-188011.9
-320886	-188010.55
-316428	-188004.08
-318665	-187991.94
-324154	-187973.92
-325082	-187950.27
-320900	-187921.6
-316401	-187889.69
-318583	-187856.61
-324085	-187825.61
-325079	-187800.03
-320854	-187783.12
-316284	-187777.75
-318404	-187785.6
-323957	-187807.12
-324978	-187841.56
-320866	-187886.52
-316367	-187938.64
-318601	-187993.61
-324144	-188047.31
-325182	-188095.81
-320946	-188135.72
-316424	-188165.02
-318644	-188182.22
-324178	-188187.05
-325230	-188180.67
-321097	-188164.14
-316540	-188139.58
-318632	-188109.05
-324194	-188074.73
-325246	-188039.38
-321138	-188005.14
-316572	-187974.48
-318712	-187949.19
-324196	-187931.06
-325242	-187921.4
-321124	-187920.66
-316589	-187928.39
-318763	-187943.17
-324282	-187963.17
-325349	-187986.08
-321217	-188008.77
-316651	-188029.38
-318778	-188045.64
-324262	-188056.78
-325322	-188063.12
-321198	-188065.6
-316571	-188066.03
-318729	-188066.25
-324251	-188068.31
-325360	-188073.45
-321159	-188081.7
-316588	-188092.4
-318769	-188103.45
-324288	-188112.48
-325437	-188117.34
-321299	-188115.7
-316726	-188106.4
-318858	-188089.56
-324290	-188066.98
-325407	-188041.22
-321241	-188015.44
-316598	-187993.7
-318687	-187978.88
-324127	-187973.02
-325274	-187977.6
-321349	-187991.89
-316735	-188014.28
-318792	-188041.72
-324193	-188071.3
-325376	-188099.86
-321266	-188124.64
-316616	-188143.78
-318659	-188156.12
-324142	-188161.38
-325323	-188160.66
-321231	-188154.47
-316611	-188144.34
-318661	-188131.36
-324057	-188116.69
-325302	-188101.55
-321261	-188086.52
-316626	-188072.56
-318679	-188059.81
-324145	-188049.05
-325421	-188040.58
-321322	-188034.53
-316667	-188030.75
-318687	-188028.58
-324154	-188027.36
-325351	-188026.28
-321211	-188024.56
-316621	-188021.36
-318691	-188016.66
-324109	-188010.84
-325299	-188004.66
-321189	-187999.45
-316557	-187996.56
-318653	-187997.11
-324082	-188001.52
-325303	-188009.62
-321259	-188020.17
-316577	-188031.53
-318555	-188040.89
-323990	-188045.95
-325281	-188044.84
-321319	-188036.25
-316646	-188020.36
-318649	-187998.36
-324106	-187972.81
-325432	-187946.94
-321374	-187924.39
-316595	-187908.06
-318589	-187900.22
-324034	-187902.03
-325342	-187913.2
-321474	-187932.42
-316859	-187957.33
-318745	-187985.11
-324160	-188012.95
-325496	-188038.98
-321499	-188061.38
-316771	-188079.72
-318703	-188093.67
-324130	-188103.95
-325499	-188111.38
-321501	-188116.77
-316737	-188120.88
-318666	-188123.94
-324040	-188126.48
-325395	-188129.02
-321430	-188131.61
-316786	-188134.94
-318734	-188139.42
-324131	-188145.75
-325501	-188154.44
-321541	-188165.58
-316827	-188178.92
-318745	-188192.86
-324170	-188206.16
-325532	-188216.98
-321540	-188223.5
-316791	-188224.77
-318733	-188219.81
-324147	-188209.61
-325544	-188195.98
-321510	-188181.61
-316753	-188169.47
-318696	-188162.28
-324081	-188162.22
-325436	-188170.03
-321493	-188185.33
-316666	-188206.03
-318581	-188228.6
-324043	-188249.45
-325499	-188265.16
-321555	-188273.02
-316819	-188271.56
-318738	-188261.17
-324103	-188243.75
-325582	-188222.84
-321613	-188201.7
-316787	-188184.47
-318592	-188173.45
-323867	-188170.12
-325234	-188174.12
-321612	-188183.3
-316894	-188194.94
-318742	-188205.0
-324156	-188210.56
-325582	-188209.48
-321678	-188200.6
-316911	-188185.06
-318783	-188164.64
-324142	-188142.52
-325601	-188122.6
-321661	-188107.62
-316870	-188100.19
-318737	-188100.72
-324124	-188108.67
-325612	-188122.55
-321701	-188139.2
-316848	-188156.16
-318715	-188170.25
-324127	-188179.86
-325604	-188184.02
-321705	-188182.72
-316875	-188177.14
-318716	-188168.34
-324069	-188158.02
-325625	-188147.72
-321764	-188137.94
-316946	-188129.08
-318717	-188120.94
-324042	-188112.9
-325567	-188104.88
-321694	-188096.45
-316880	-188088.48
-318636	-188080.84
-324014	-188075.12
-325557	-188072.03
-321655	-188072.39
-316812	-188076.28
-318649	-188083.23
-323990	-188092.44
-325577	-188102.27
-321718	-188111.45
-316855	-188119.2
-318629	-188124.44
-323973	-188127.83
-325577	-188130.3
-321697	-188133.39
-316754	-188139.02
-318401	-188147.92
-323729	-188161.3
-325347	-188179.17
-321777	-188199.67
-316969	-188221.12
-318676	-188240.55
-323985	-188255.64
-325639	-188264.48
-321882	-188265.69
-317019	-188259.81
-318812	-188247.42
-324129	-188231.34
-325773	-188214.28
-321972	-188198.69
-317071	-188187.1
-318831	-188180.75
-324160	-188180.14
-325749	-188185.06
-321947	-188194.06
-317021	-188205.64
-318722	-188218.33
-324055	-188230.5
-325778	-188241.69
-321945	-188251.52
-316986	-188260.08
-318764	-188267.16
-324071	-188272.64
-325712	-188276.17
-321901	-188276.94
-317024	-188274.14
-318748	-188266.47
-324082	-188254.02
-325748	-188237.27
-321949	-188217.12
-317029	-188196.02
-318820	-188176.4
-324106	-188161.22
-325793	-188153.03
-322016	-188152.88
-317064	-188160.95
-318725	-188175.52
-324009	-188194.05
-325814	-188212.98
-322026	-188228.42
-317079	-188237.38
-318721	-188237.81
-324014	-188229.58
-325720	-188214.66
-321961	-188195.67
-316857	-188176.84
-318497	-188162.48
-323755	-188155.67
-325507	-188159.0
-321967	-188172.7
-317054	-188195.27
-318697	-188223.84
-324047	-188254.2
-325782	-188282.88
-322005	-188305.95
-317051	-188321.28
-318713	-188327.62
-323982	-188325.58
-325682	-188317.25
-321974	-188304.83
-316981	-188291.17
-318611	-188278.77
-323889	-188269.44
-325717	-188264.1
-321982	-188262.56
-316991	-188264.53
-318629	-188268.61
-323880	-188274.05
-325677	-188279.73
-321961	-188284.92
-316964	-188289.23
-318577	-188292.17
-323894	-188293.52
-325754	-188293.06
-322037	-188290.12
-316992	-188284.58
-318619	-188275.77
-323858	-188264.12
-325704	-188250.56
-321960	-188235.78
-316970	-188221.7
-318602	-188209.94
-323866	-188202.27
-325712	-188199.66
-321986	-188202.12
-317039	-188208.7
-318663	-188217.31
-323906	-188225.14
-325757	-188229.4
-322051	-188227.58
-317044	-188218.11
-318613	-188200.62
-323834	-188176.78
-325764	-188149.97
-321932	-188123.8
-316817	-188103.05
-318421	-188091.4
-323725	-188091.88
-325576	-188106.05
-322035	-188133.02
-317138	-188170.64
-318700	-188214.98
-323969	-188261.8
-325851	-188306.7
-322161	-188346.1
-317142	-188377.33
-318676	-188399.17
-323894	-188411.64
-325844	-188416.2
-322201	-188414.67
-317096	-188409.06
-318599	-188400.94
-323808	-188392.05
-325740	-188383.03
-322043	-188374.38
-316947	-188366.58
-318553	-188359.05
-323861	-188352.25
-325715	-188346.67
-322045	-188342.33
-316997	-188339.89
-318597	-188339.17
-323896	-188340.66
-325820	-188343.52
-322159	-188347.4
-317127	-188351.73
-318706	-188355.17
-323981	-188358.02
-326023	-188360.14
-322373	-188361.95
-317259	-188364.61
-318722	-188368.6
-323952	-188374.62
-325989	-188382.45
-322306	-188391.38
-317171	-188399.75
-318679	-188404.94
-323901	-188404.97
-325904	-188397.86
-322225	-188382.16
-317117	-188358.17
-318629	-188327.42
-323867	-188293.02
-325916	-188258.7
-322227	-188229.16
-317116	-188208.2
-318600	-188198.42
-323887	-188201.08
-325934	-188215.81
-322409	-188239.89
-317308	-188269.72
-318798	-188300.53
-323995	-188327.86
-326048	-188348.31
-322477	-188359.36
-317368	-188360.69
-318818	-188352.78
-323980	-188337.94
-326091	-188319.03
-322456	-188299.28
-317298	-188281.39
-318706	-188266.98
-323899	-188257.22
-326003	-188252.02
-322425	-188251.12
-317267	-188253.16
-318684	-188256.89
-323894	-188261.58
-326014	-188266.48
-322410	-188271.0
-317268	-188275.05
-318753	-188277.95
-323929	-188279.62
-326087	-188279.75
-322461	-188277.66
-317256	-188273.77
-318663	-188267.58
-323886	-188260.27
-325995	-188253.1
-322330	-188247.39
-317118	-188245.28
-318528	-188247.58
-323747	-188255.27
-325897	-188267.81
-322382	-188283.75
-317171	-188300.58
-318566	-188314.67
-323746	-188322.95
-325929	-188322.64
-322387	-188312.05
-317267	-188291.61
-318636	-188262.97
-323818	-188230.06
-325978	-188197.97
-322416	-188171.58
-317211	-188156.03
-318504	-188154.08
-323627	-188167.08
-325851	-188194.4
-322529	-188232.5
-317321	-188276.66
-318648	-188321.0
-323804	-188360.27
-326035	-188389.83
-322441	-188406.94
-317257	-188410.78
-318574	-188401.84
-323761	-188383.16
-326011	-188358.03
-322489	-188330.33
-317295	-188303.48
-318645	-188279.64
-323805	-188260.48
-326079	-188246.48
-322579	-188237.23
-317355	-188232.16
-318747	-188230.1
-323837	-188231.22
-326125	-188235.52
-322622	-188243.47
-317339	-188255.81
-318713	-188272.72
-323931	-188294.7
-326195	-188321.23
-322669	-188350.75
-317424	-188381.6
-318705	-188410.89
-323832	-188436.34
-326139	-188456.05
-322641	-188468.12
-317404	-188472.36
-318686	-188468.7
-323821	-188458.4
-326140	-188443.23
-322608	-188424.8
-317365	-188405.39
-318707	-188386.17
-323742	-188368.83
-326004	-188353.81
-322598	-188341.8
-317426	-188333.11
-318696	-188327.78
-323784	-188326.16
-326071	-188328.9
-322557	-188336.1
-317246	-188348.33
-318438	-188365.06
-323467	-188386.16
-325778	-188410.9
-322518	-188437.4
-317319	-188464.5
-318544	-188489.25
-323592	-188510.69
-325991	-188526.77
-322552	-188536.36
-317264	-188539.36
-318432	-188535.52
-323457	-188525.67
-325779	-188511.4
-322354	-188493.98
-317092	-188475.52
-318334	-188457.28
-323431	-188441.23
-325794	-188428.7
-322331	-188420.64
-317161	-188417.98
-318411	-188420.23
-323447	-188427.16
-325800	-188437.58
-322369	-188450.06
-317123	-188462.27
-318360	-188471.78
-323454	-188476.77
-325822	-188475.05
-322436	-188465.7
-317163	-188448.81
-318336	-188424.84
-323459	-188396.34
-325912	-188366.2
-322443	-188337.72
-317137	-188314.45
-318314	-188298.7
-323355	-188291.98
-325785	-188294.67
-322322	-188305.56
-317002	-188322.12
-318134	-188340.6
-323164	-188358.17
-325585	-188371.42
-322210	-188378.47
-316863	-188378.78
-318004	-188372.69
-323112	-188362.72
-325569	-188351.03
-322119	-188341.27
-316739	-188335.81
-317820	-188335.78
-322851	-188341.89
-325275	-188353.28
-322028	-188367.8
-316796	-188382.94
-318003	-188396.03
-323022	-188405.1
-325432	-188409.67
-322014	-188409.75
-316682	-188406.88
-317868	-188403.11
-322942	-188400.66
-325434	-188401.95
-321996	-188408.02
-316726	-188419.34
-317821	-188434.58
-322806	-188452.73
-325407	-188471.42
-322022	-188488.69
-316681	-188503.28
-317762	-188514.14
-322807	-188521.73
-325351	-188526.9
-321992	-188531.12
-316704	-188536.0
-317829	-188541.69
-322868	-188549.03
-325429	-188556.73
-322141	-188563.55
-316830	-188568.14
-317964	-188568.34
-322937	-188563.81
-325462	-188554.75
-322133	-188542.16
-316766	-188528.62
-317816	-188516.19
-322840	-188507.64
-325386	-188504.72
-322053	-188507.67
-316677	-188515.69
-317732	-188525.83
-322715	-188535.1
-325317	-188539.9
-321972	-188537.11
-316529	-188525.19
-317529	-188503.83
-322541	-188475.08
-325109	-188442.47
-321607	-188410.4
-316122	-188383.31
-317115	-188364.72
-322157	-188356.42
-324791	-188358.9
-321626	-188369.44
-316243	-188384.6
-317282	-188399.4
-322317	-188409.55
-325019	-188411.47
-321719	-188403.1
-316366	-188385.16
-317390	-188359.3
-322327	-188329.44
-324962	-188299.88
-321669	-188274.97
-316419	-188257.7
-317496	-188249.56
-322497	-188250.69
-325096	-188259.22
-321778	-188272.47
-316456	-188287.42
-317436	-188300.92
-322353	-188311.28
-325001	-188317.88
-321776	-188321.38
-316461	-188323.1
-317452	-188324.7
-322362	-188328.16
-325046	-188334.16
-321852	-188342.69
-316561	-188352.73
-317520	-188361.81
-322376	-188368.42
-324974	-188369.86
-321769	-188364.56
-316425	-188352.42
-317329	-188333.23
-322239	-188308.72
-324881	-188280.75
-321627	-188251.44
-316337	-188222.42
-317256	-188194.77
-322059	-188168.9
-324757	-188144.83
-321564	-188121.89
-316226	-188099.28
-317092	-188076.42
-321947	-188053.48
-324625	-188031.1
-321372	-188010.5
-316052	-187993.0
-316877	-187979.64
-321678	-187971.8
-324427	-187969.4
-321380	-187972.28
-316121	-187979.06
-317019	-187988.27
-321823	-187998.03
-324541	-188006.9
-321402	-188013.53
-316140	-188017.42
-316991	-188017.64
-321823	-188014.83
-324614	-188009.62
-321495	-188002.08
-316265	-187993.11
-317123	-187983.02
-321935	-187972.83
-324661	-187963.27
-321519	-187955.64
-316202	-187950.88
-317102	-187950.61
-321880	-187955.94
-324593	-187968.06
-321452	-187986.81
-316152	-188011.66
-316922	-188040.17
-321689	-188069.98
-324495	-188097.95
-321412	-188120.89
-316154	-188136.19
-316911	-188142.1
-321689	-188139.08
-324473	-188128.3
-321384	-188112.66
-316084	-188095.23
-316881	-188078.64
-321673	-188065.52
-324474	-188056.17
-321384	-188049.92
-316139	-188043.8
-316930	-188033.92
-321663	-188016.56
-324548	-187988.25
-321443	-187946.98
-316172	-187893.33
-316949	-187829.38
-321681	-187759.94
-324540	-187691.11
-321522	-187628.92
-316097	-187579.31
-316806	-187546.23
-321485	-187531.67
-324251	-187535.17
-321467	-187553.88
-316331	-187583.55
-316994	-187619.12
-321720	-187655.92
-324577	-187689.88
-321479	-187718.8
-316219	-187741.83
-316977	-187758.98
-321734	-187772.19
-324559	-187782.78
-321546	-187792.42
-316277	-187801.6
-316986	-187810.31
-321677	-187818.6
-324512	-187825.28
-321451	-187829.8
-316187	-187832.36
-316869	-187832.8
-321507	-187832.88
-324332	-187833.8
-321306	-187837.17
-316065	-187843.75
-316729	-187853.45
-321423	-187865.61
-324346	-187878.08
-321325	-187888.38
-316029	-187894.1
-316741	-187892.56
-321384	-187883.31
-324306	-187866.12
-321285	-187842.52
-316041	-187815.05
-316762	-187786.14
-321429	-187758.78
-324372	-187734.86
-321364	-187714.95
-316041	-187698.55
-316702	-187683.5
-321422	-187667.8
-324316	-187648.88
-321392	-187624.61
-316152	-187594.72
-316770	-187559.47
-321459	-187521.31
-324417	-187483.23
-321402	-187448.89
-316111	-187421.55
-316629	-187403.45
-321241	-187395.6
-324226	-187398.08
-321458	-187408.81
-316308	-187425.7
-316911	-187445.27
-321594	-187465.67
-324537	-187484.94
-321581	-187502.34
-316311	-187518.06
-316897	-187532.88
-321512	-187547.86
-324427	-187563.67
-321527	-187580.33
-316249	-187597.02
-316854	-187611.95
-321520	-187623.4
-324514	-187629.3
-321576	-187628.25
-316371	-187619.7
-316986	-187603.9
-321604	-187582.8
-324635	-187559.0
-321750	-187535.2
-316550	-187514.11
-317171	-187497.22
-321814	-187485.42
-324846	-187478.7
-321935	-187475.52
-316716	-187474.31
-317326	-187473.16
-321975	-187470.92
-324932	-187467.08
-322022	-187462.28
-316802	-187457.94
-317381	-187455.45
-322001	-187456.84
-325082	-187463.2
-322232	-187474.36
-316894	-187489.7
-317418	-187506.55
-322039	-187522.52
-325071	-187534.44
-322143	-187540.19
-316829	-187538.55
-317325	-187528.89
-321926	-187513.42
-324966	-187494.66
-321951	-187476.06
-316482	-187461.5
-316957	-187453.34
-321519	-187454.02
-324611	-187463.52
-322021	-187480.88
-316812	-187504.06
-317301	-187529.61
-321939	-187554.83
-325008	-187576.92
-322082	-187594.25
-316816	-187605.69
-317342	-187610.98
-321999	-187610.97
-325169	-187606.52
-322277	-187598.45
-316986	-187587.27
-317523	-187572.92
-322159	-187555.53
-325319	-187534.69
-322407	-187510.38
-317124	-187483.08
-317647	-187453.64
-322256	-187423.89
-325406	-187395.75
-322464	-187371.39
-317080	-187352.3
-317625	-187339.31
-322229	-187332.48
-325374	-187330.83
-322467	-187332.67
-317127	-187335.84
-317568	-187338.16
-322161	-187338.52
-325295	-187336.5
-322462	-187332.55
-317031	-187328.1
-317474	-187324.73
-322094	-187324.67
-325295	-187328.5
-322471	-187336.75
-317102	-187348.4
-317560	-187361.03
-322212	-187372.27
-325487	-187379.28
-322566	-187380.2
-317251	-187374.02
-317694	-187361.4
-322281	-187344.5
-325488	-187326.9
-322582	-187312.53
-317180	-187305.31
-317597	-187307.66
-322161	-187321.11
-325409	-187344.84
-322742	-187376.22
-317432	-187411.73
-317787	-187446.12
-322381	-187475.27
-325671	-187495.6
-322767	-187504.97
-317363	-187503.69
-317707	-187492.69
-322280	-187475.39
-325486	-187455.62
-322671	-187437.61
-317244	-187424.64
-317588	-187419.25
-322177	-187423.08
-325387	-187436.22
-322621	-187457.77
-317224	-187486.53
-317581	-187520.48
-322173	-187557.75
-325449	-187596.73
-322619	-187636.02
-317290	-187674.28
-317655	-187710.17
-322159	-187743.02
-325436	-187771.78
-322696	-187796.25
-317312	-187816.25
-317642	-187832.1
-322272	-187845.16
-325606	-187856.92
-322814	-187869.25
-317372	-187883.47
-317699	-187900.77
-322272	-187921.0
-325608	-187942.81
-322784	-187963.38
-317334	-187979.28
-317627	-187985.89
-322208	-187979.72
-325568	-187958.38
-322779	-187921.03
-317319	-187869.52
-317601	-187807.73
-322177	-187741.44
-325542	-187677.7
-322677	-187623.27
-317231	-187584.19
-317562	-187563.89
-322126	-187563.9
-325536	-187582.62
-322932	-187616.36
-317533	-187660.16
-317791	-187707.67
-322408	-187753.92
-325837	-187795.03
-323011	-187828.81
-317558	-187855.78
-317867	-187876.73
-322462	-187894.92
-325884	-187912.81
-323076	-187932.83
-317584	-187956.2
-317834	-187982.42
-322399	-188010.33
-325847	-188037.61
-323018	-188062.02
-317508	-188081.62
-317774	-188094.58
-322336	-188101.1
-325757	-188101.61
-322937	-188097.66
-317494	-188090.98
-317692	-188082.42
-322293	-188072.83
-325789	-188062.42
-323029	-188050.6
-317554	-188037.19
-317781	-188021.19
-322354	-188003.33
-325864	-187984.45
-323113	-187966.94
-317612	-187953.53
-317830	-187946.44
-322417	-187948.39
-325964	-187959.66
-323221	-187980.11
-317732	-188007.53
-317901	-188037.78
-322404	-188066.95
-325947	-188090.53
-323224	-188105.6
-317724	-188110.66
-317863	-188105.94
-322392	-188094.16
-325947	-188079.6
-323158	-188067.05
-317634	-188061.44
-317813	-188065.39
-322314	-188080.72
-325778	-188106.03
-323159	-188138.2
-317714	-188172.36
-317848	-188202.62
-322400	-188224.06
-325907	-188232.69
-323241	-188226.86
-317709	-188207.11
-317861	-188176.03
-322416	-188138.08
-325963	-188098.25
-323256	-188061.36
-317782	-188031.42
-317895	-188010.36
-322449	-187998.7
-326020	-187995.28
-323275	-187997.98
-317792	-188004.12
-317843	-188011.02
-322378	-188016.77
-325989	-188020.92
-323289	-188023.33
-317724	-188025.52
-317816	-188028.5
-322353	-188033.7
-325951	-188041.92
-323239	-188053.47
-317693	-188067.53
-317769	-188082.69
-322293	-188097.83
-325896	-188110.72
-323196	-188120.48
-317709	-188126.4
-317792	-188127.84
-322322	-188125.58
-326007	-188119.58
-323332	-188111.19
-317795	-188100.53
-317897	-188087.9
-322407	-188073.73
-326037	-188058.17
-323322	-188041.61
-317801	-188025.14
-317889	-188009.62
-322407	-187997.14
-326082	-187989.31
-323319	-187988.42
-317761	-187996.55
-317771	-188013.6
-322240	-188040.17
-325836	-188074.64
-323328	-188115.0
-317807	-188158.39
-317796	-188200.89
-322243	-188239.61
-325943	-188271.88
-323344	-188295.66
-317888	-188310.69
-317844	-188316.72
-322293	-188315.3
-326041	-188307.88
-323422	-188296.66
-317932	-188283.0
-317900	-188268.05
-322382	-188252.88
-326079	-188237.7
-323417	-188223.06
-317993	-188208.8
-317972	-188195.05
-322360	-188182.31
-326014	-188171.38
-323406	-188162.97
-317907	-188158.19
-317856	-188157.25
-322298	-188160.95
-326028	-188169.0
-323413	-188181.1
-317931	-188196.33
-317842	-188213.3
-322327	-188231.16
-326067	-188248.84
-323436	-188265.75
-317947	-188281.4
-317856	-188295.47
-322326	-188307.92
-326107	-188318.88
-323482	-188327.95
-317939	-188335.23
-317878	-188339.62
-322341	-188340.84
-326146	-188338.28
-323517	-188331.73
-318019	-188321.33
-317932	-188307.31
-322389	-188291.4
-326176	-188274.34
-323492	-188258.36
-317898	-188245.16
-317831	-188235.8
-322256	-188231.34
-325976	-188232.12
-323527	-188237.67
-317937	-188247.36
-317764	-188259.6
-322239	-188273.12
-326060	-188286.55
-323424	-188298.78
-317925	-188309.42
-317827	-188317.67
-322260	-188324.05
-326041	-188328.52
-323524	-188331.75
-318014	-188334.08
-317883	-188335.3
-322309	-188335.95
-326061	-188335.6
-323475	-188334.08
-317944	-188331.42
-317822	-188326.75
-322316	-188320.2
-326151	-188311.7
-323539	-188301.72
-318039	-188290.44
-317887	-188278.33
-322307	-188265.89
-326123	-188253.8
-323560	-188242.73
-317989	-188233.7
-317842	-188226.94
-322265	-188223.36
-326116	-188223.47
-323593	-188227.78
-318079	-188236.53
-317889	-188249.22
-322239	-188265.52
-326112	-188284.19
-323586	-188303.88
-318068	-188322.8
-317865	-188339.12
-322344	-188351.1
-326239	-188357.58
-323678	-188357.47
-318167	-188351.16
-318007	-188338.88
-322424	-188322.22
-326290	-188302.61
-323717	-188282.62
-318180	-188264.1
-317933	-188248.58
-322242	-188237.44
-326134	-188231.19
-323684	-188230.27
-318219	-188234.03
-317964	-188241.67
-322318	-188252.27
-326254	-188264.84
-323748	-188279.0
-318237	-188293.78
-317944	-188308.92
-322317	-188324.28
-326260	-188339.06
-323789	-188353.06
-318284	-188365.81
-318036	-188376.08
-322359	-188383.31
-326296	-188386.77
-323847	-188386.17
-318417	-188381.5
-318112	-188373.05
-322399	-188362.12
-326318	-188349.66
-323820	-188337.6
-318342	-188327.36
-318047	-188320.08
-322419	-188316.11
-326379	-188315.7
-323914	-188318.4
-318437	-188323.45
-318132	-188328.98
-322432	-188334.47
-326426	-188338.73
-323972	-188341.72
-318467	-188343.6
-318141	-188344.66
-322489	-188346.28
-326461	-188349.19
-324002	-188354.5
-318516	-188362.27
-318145	-188371.77
-322440	-188382.48
-326409	-188392.4
-324000	-188400.11
-318514	-188403.9
-318147	-188402.14
-322416	-188394.67
-326439	-188381.45
-324016	-188363.8
-318512	-188343.5
-318081	-188322.55
-322373	-188303.25
-326310	-188287.44
-324064	-188276.47
-318698	-188271.06
-318306	-188270.66
-322632	-188274.66
-326603	-188281.64
-324187	-188290.3
-318686	-188299.38
-318298	-188307.4
-322556	-188314.06
-326582	-188318.62
-324182	-188321.69
-318752	-188323.48
-318365	-188324.1
-322636	-188324.45
-326629	-188324.73
-324224	-188325.61
-318791	-188327.11
-318369	-188329.05
-322652	-188331.81
-326667	-188335.02
-324237	-188338.75
-318756	-188342.64
-318373	-188346.16
-322685	-188348.92
-326705	-188350.27
-324296	-188349.95
-318816	-188347.89
-318346	-188343.3
-322562	-188337.36
-326566	-188330.47
-324157	-188324.31
-318651	-188319.86
-318207	-188318.66
-322501	-188321.95
-326566	-188330.34
-324203	-188343.73
-318711	-188361.47
-318204	-188381.73
-322441	-188402.42
-326498	-188421.33
-324169	-188436.38
-318727	-188446.36
-318241	-188449.86
-322477	-188447.42
-326557	-188439.88
-324192	-188428.84
-318728	-188416.47
-318198	-188404.69
-322327	-188395.11
-326365	-188388.9
-324274	-188386.6
-318852	-188387.78
-318281	-188392.02
-322492	-188398.02
-326606	-188405.02
-324274	-188412.53
-318817	-188420.2
-318270	-188427.72
-322433	-188435.53
-326512	-188443.77
-324137	-188452.8
-318721	-188462.55
-318219	-188472.19
-322476	-188481.48
-326553	-188489.48
-324269	-188495.78
-318832	-188499.7
-318247	-188501.36
-322376	-188501.38
-326544	-188500.2
-324277	-188499.44
-318812	-188500.14
-318238	-188502.81
-322470	-188508.1
-326620	-188515.88
-324312	-188525.64
-318951	-188536.52
-318304	-188547.44
-322494	-188557.38
-326600	-188565.58
-324322	-188572.22
-318883	-188576.95
-318244	-188580.06
-322416	-188582.12
-326563	-188583.4
-324238	-188584.27
-318784	-188584.2
-318216	-188582.62
-322372	-188579.3
-326560	-188573.34
-324292	-188565.23
-318856	-188555.05
-318204	-188543.83
-322358	-188533.61
-326538	-188526.1
-324221	-188523.1
-318741	-188526.69
-317943	-188537.03
-322032	-188554.58
-326174	-188577.84
-324132	-188605.16
-318788	-188633.98
-318067	-188661.33
-322187	-188685.22
-326421	-188703.88
-324130	-188716.94
-318731	-188724.39
-318047	-188727.06
-322167	-188726.97
-326282	-188725.44
-324104	-188724.2
-318673	-188724.72
-317995	-188727.19
-322103	-188731.81
-326345	-188738.08
-324139	-188745.6
-318739	-188753.62
-318033	-188761.42
-322114	-188768.56
-326368	-188774.88
-324131	-188779.83
-318726	-188783.22
-318044	-188784.06
-322149	-188782.23
-326330	-188776.38
-324141	-188766.27
-318721	-188751.62
-317993	-188732.31
-322042	-188709.98
-326261	-188685.92
-324059	-188662.58
-318662	-188642.23
-317939	-188626.67
-321992	-188617.56
-326201	-188615.0
-324062	-188618.62
-318729	-188626.28
-317922	-188635.44
-321972	-188643.56
-326161	-188648.17
-323980	-188647.95
-318572	-188642.52
-317800	-188632.53
-321825	-188620.67
-326017	-188609.34
-323799	-188601.75
-318344	-188599.84
-317556	-188604.75
-321637	-188616.4
-325744	-188633.25
-323757	-188652.5
-318579	-188671.33
-317781	-188686.27
-321860	-188695.34
-326082	-188697.22
-323892	-188692.33
-318482	-188682.52
-317700	-188669.75
-321719	-188657.31
-325978	-188647.2
-323851	-188641.52
-318488	-188640.69
-317667	-188643.81
-321654	-188649.84
-325907	-188657.03
-323752	-188663.86
-318409	-188669.19
-317606	-188672.66
-321651	-188675.45
-325917	-188678.44
-323788	-188683.72
-318524	-188692.44
-317709	-188704.77
-321776	-188720.34
-326069	-188737.31
-324020	-188753.27
-318729	-188765.34
-317902	-188770.9
-321881	-188768.78
-326202	-188758.8
-324147	-188742.53
-318844	-188722.55
-317857	-188702.75
-321869	-188686.52
-326250	-188676.67
-324193	-188674.72
-318860	-188680.17
-318005	-188690.7
-322039	-188702.67
-326294	-188711.75
-324155	-188714.08
-318814	-188706.61
-317894	-188688.02
-321868	-188659.34
-326226	-188623.34
-323987	-188584.88
-318599	-188548.6
-317661	-188518.84
-321609	-188499.38
-325924	-188491.5
-324066	-188495.3
-318840	-188507.94
-317844	-188525.9
-321829	-188544.8
-326161	-188560.69
-324059	-188570.73
-318733	-188573.16
-317817	-188567.98
-321786	-188557.3
-326161	-188543.28
-324073	-188529.36
-318766	-188518.19
-317826	-188511.75
-321820	-188511.44
-326196	-188516.81
-324142	-188527.17
-318798	-188540.55
-317777	-188554.97
-321721	-188568.31
-326085	-188578.88
-324058	-188585.78
-318667	-188588.0
-317634	-188585.61
-321569	-188578.83
-325944	-188568.2
-323829	-188554.83
-318464	-188539.8
-317464	-188523.72
-321364	-188508.8
-325772	-188495.92
-323707	-188486.67
-318337	-188482.08
-317297	-188481.77
-321205	-188485.5
-325621	-188491.4
-323631	-188497.34
-318281	-188500.17
-317264	-188496.58
-321214	-188484.16
-325675	-188461.36
-323666	-188428.2
-318361	-188386.22
-317357	-188338.6
-321296	-188289.81
-325744	-188245.17
-323701	-188209.23
-318332	-188185.8
-317236	-188177.06
-321202	-188182.98
-325684	-188201.53
-323813	-188229.5
-318470	-188262.22
-317374	-188294.4
-321232	-188321.97
-325649	-188341.39
-323654	-188350.94
-318326	-188350.6
-317185	-188341.12
-321072	-188324.86
-325536	-188304.0
-323532	-188281.64
-318226	-188259.78
-317133	-188239.94
-321074	-188223.8
-325537	-188211.77
-323591	-188205.31
-318247	-188204.56
-317109	-188210.53
-321004	-188223.75
-325471	-188244.44
-323479	-188272.66
-318127	-188307.0
-316941	-188345.66
-320846	-188386.44
-325336	-188425.98
-323356	-188462.0
-317992	-188492.14
-316850	-188515.28
-320732	-188531.89
-325244	-188543.08
-323401	-188551.67
-318072	-188560.14
-316860	-188570.98
-320731	-188585.69
-325292	-188603.98
-323379	-188624.62
-318058	-188644.08
-316882	-188658.75
-320741	-188664.72
-325279	-188658.94
-323388	-188640.11
-318150	-188608.89
-316918	-188568.0
-320741	-188522.77
-325243	-188478.02
-323304	-188440.33
-317969	-188414.08
-316685	-188402.02
-320432	-188404.78
-324960	-188420.72
-323176	-188446.16
-317859	-188476.08
-316605	-188505.55
-320398	-188530.12
-324906	-188547.33
-322964	-188556.38
-317631	-188558.02
-316320	-188554.95
-320158	-188550.22
-324688	-188546.72
-322772	-188546.86
-317413	-188551.39
-316117	-188559.27
-319882	-188568.95
-324411	-188577.48
-322517	-188581.95
-317212	-188579.95
-315939	-188569.95
-319767	-188551.62
-324357	-188525.95
-322457	-188494.81
-317146	-188460.33
-315848	-188424.47
-319651	-188389.03
-324275	-188354.56
-322457	-188321.89
-317141	-188290.05
-315809	-188258.58
-319616	-188227.56
-324211	-188197.16
-322347	-188168.45
-317002	-188143.02
-315642	-188122.44
-319464	-188108.67
-324092	-188102.48
-322219	-188104.44
-316865	-188113.42
-315513	-188127.78
-319366	-188144.86
-323972	-188162.16
-322104	-188177.72
-316797	-188190.16
-315468	-188198.81
-319263	-188204.64
-323885	-188208.95
-322027	-188213.53
-316689	-188219.95
-315306	-188228.64
-319028	-188239.42
-323631	-188250.66
-321931	-188260.64
-316673	-188266.34
-315252	-188265.78
-319066	-188257.06
-323722	-188240.45
-321916	-188217.45
-316654	-188190.8
-315301	-188163.73
-319094	-188140.34
-323767	-188123.44
-322026	-188115.4
-316786	-188116.11
-315399	-188124.25
-319162	-188136.83
-323877	-188149.88
-322160	-188159.44
-316996	-188162.34
-315634	-188156.11
-319428	-188140.52
-324135	-188116.62
-322461	-188087.05
-317306	-188055.36
-315907	-188025.02
-319644	-187999.4
-324320	-187980.42
-322636	-187969.0
-317421	-187964.83
-316002	-187966.45
-319762	-187972.0
-324451	-187979.47
-322721	-187987.78
-317571	-187996.0
-316101	-188004.19
-319824	-188012.89
-324503	-188022.81
-322806	-188034.92
-317611	-188048.64
-316192	-188063.3
-319916	-188077.5
-324619	-188088.89
-322927	-188095.31
-317768	-188094.66
-316316	-188085.48
-320006	-188068.11
-324742	-188042.81
-323005	-188012.16
-317773	-187978.6
-316231	-187944.64
-319909	-187912.86
-324574	-187884.66
-323026	-187860.61
-317854	-187839.78
-316331	-187820.39
-319975	-187800.1
-324632	-187776.72
-322933	-187748.34
-317765	-187713.78
-316257	-187673.02
-319897	-187627.06
-324626	-187577.73
-322942	-187527.45
-317799	-187478.95
-316260	-187433.64
-319892	-187394.02
-324572	-187360.3
-322939	-187333.34
-317797	-187312.12
-316317	-187296.16
-319988	-187284.45
-324712	-187276.17
-323082	-187270.48
-317939	-187266.5
-316390	-187263.48
-320041	-187260.95
-324735	-187257.64
-323051	-187252.92
-317785	-187245.48
-316359	-187234.31
-320017	-187218.81
-324752	-187198.88
-323175	-187174.84
-318089	-187147.66
-316544	-187119.2
-320157	-187091.2
-324774	-187065.25
-323014	-187043.05
-317823	-187024.95
-316247	-187010.8
-319901	-186999.33
-324749	-186988.67
-323231	-186976.94
-318129	-186962.17
-316577	-186942.8
-320196	-186918.55
-325011	-186889.9
-323613	-186858.75
-318690	-186827.28
-317347	-186797.92
-321411	-186773.44
-326494	-186755.48
-325309	-186745.4
-320409	-186742.95
-318944	-186746.9
-322642	-186755.66
-327997	-186766.75
-326665	-186778.95
-321522	-186790.66
-320085	-186801.14
-324115	-186811.19
-329096	-186821.78
-327869	-186835.17
-323016	-186853.02
-321495	-186876.97
-325619	-186908.02
-330985	-186946.05
-330220	-186990.62
-325661	-187040.03
-324154	-187092.02
-328040	-187144.62
-333099	-187195.42
-331515	-187242.88
-326039	-187285.77
-324569	-187323.17
-328323	-187354.73
-333503	-187380.55
-332277	-187401.23
-327116	-187416.89
-325072	-187428.36
-328823	-187436.67
-333694	-187442.25
-332311	-187446.84
-327333	-187451.08
-325507	-187456.14
-329182	-187463.3
-334127	-187472.88
-332573	-187485.61
-327346	-187500.66
-325485	-187516.92
-328931	-187532.89
-334061	-187546.44
-332901	-187556.05
-327524	-187559.9
-325072	-187557.55
-327712	-187549.42
-332788	-187535.84
-331895	-187518.52
-326537	-187499.39
-324218	-187480.19
-327492	-187462.28
-332015	-187445.9
-330842	-187431.28
-325979	-187417.03
-323972	-187401.84
-327394	-187384.06
-332114	-187362.9
-330457	-187337.94
-324974	-187309.58
-322577	-187279.31
-326300	-187248.56
-330945	-187219.62
-329291	-187194.19
-323939	-187173.56
-322044	-187157.73
-325843	-187146.42
-330791	-187138.08
-329754	-187131.27
-325087	-187124.11
-323498	-187115.4
-326671	-187104.48
-331269	-187090.88
-329604	-187075.5
-324428	-187058.7
-322467	-187041.08
-325879	-187023.33
-330684	-187005.3
-329318	-186987.06
-324417	-186968.0
-322436	-186947.67
-325906	-186926.05
-331017	-186902.67
-329578	-186878.08
-324331	-186852.52
-322277	-186825.52
-325764	-186797.23
-330636	-186766.6
-329291	-186733.1
-324511	-186696.14
-322386	-186656.31
-325706	-186615.95
-330169	-186580.11
-328581	-186556.05
-323308	-186552.94
-321115	-186581.28
-324442	-186650.95
-329199	-186769.56
-327432	-186941.02
-321908	-187163.52
-319630	-187429.66
-322571	-187726.58
-327352	-188037.67
-326664	-188345.19
-321993	-188632.9
-319914	-188889.56
-323138	-189110.98
-327772	-189300.48
-326087	-189469.7
-320599	-189635.75
-318450	-189818.39
-323653	-190036.02
-333370	-190301.84
-338927	-190622.06
-360827	-190988.33
-379469	-191388.28
-381101	-191807.9
-384252	-192226.88
-380391	-192625.95
-371917	-192988.27
-367303	-193302.12
-368368	-193561.03
-371395	-193764.62
-368610	-193916.9
-363420	-194024.45
-360820	-194095.42
-361969	-194138.16
-365106	-194160.1
-361934	-194168.6
-355653	-194169.9
-352545	-194170.33
-354924	-194176.48
-358766	-194193.73
-356359	-194226.56
-350104	-194275.05
-346897	-194335.48
-349631	-194398.6
-353785	-194450.17
-351395	-194474.73
-345200	-194455.94
-341907	-194382.14
-343987	-194248.9
-348022	-194060.22
-345660	-193830.5
-339277	-193579.36
-336372	-193329.9
-338976	-193103.42
-343252	-192913.61
-341108	-192764.16
-334940	-192647.67
-331828	-192546.86
-334369	-192439.97
-338521	-192305.33
-336757	-192128.17
-331106	-191904.19
-328278	-191641.11
-331281	-191357.28
-335718	-191076.36
-334087	-190822.42
-328479	-190611.98
-325906	-190450.44
-328821	-190331.08
-333277	-190236.64
-331475	-190146.4
-325904	-190041.44
-323208	-189913.27
-326101	-189767.02
-330716	-189621.2
-329098	-189504.45
-323644	-189444.69
-321001	-189461.38
-324035	-189555.33
-328737	-189704.23
-327114	-189865.22
-321646	-189980.86
-319151	-189994.55
-322274	-189864.77
-327074	-189579.81
-325569	-189165.42
-320309	-188684.3
-317887	-188224.38
-321070	-187881.34
-325987	-187733.9
-324590	-187822.45
-319385	-188132.47
-316994	-188592.28
-320265	-189083.5
-325195	-189464.05
-323869	-189601.52
-318684	-189405.98
-316279	-188856.83
-319460	-188015.67
-324403	-187018.53
-323072	-186051.81
-317857	-185308.77
-315431	-184944.17
-318662	-185030.11
-323606	-185528.98
-322206	-186289.45
-316884	-187071.27
-314443	-187594.1
-317741	-187603.72
-322806	-186941.27
-321693	-185600.84
-316534	-183760.16
-314079	-181776.31
-317341	-180142.33
-322439	-179410.64
-321167	-180096.69
-315975	-182578.08
-313579	-187011.62
-316897	-193284.6
-322007	-201009.86
-320759	-209570.86
-315612	-218206.17
-313189	-226122.34
-316552	-232613.89
-321664	-237167.64
-320473	-239534.97
-315369	-239756.44
-312937	-238139.4
-316256	-235191.27
-321484	-231523.08
-320353	-227743.84
-315279	-224361.27
-312877	-221713.55
-316248	-219935.02
-321532	-218963.86
-320421	-218586.42
-315358	-218502.52
-312964	-218401.7
-316307	-218030.86
-321539	-217240.3
-320495	-216003.6
-315370	-214405.83
-312984	-212611.53
-316377	-210815.73
-321690	-209195.95
-320611	-207871.81
-315440	-206882.56
-313005	-206186.2
-316414	-205677.3
-321686	-205217.62
-320530	-204673.56
-315372	-203946.42
-312942	-202994.67
-316329	-201839.42
-321571	-200555.48
-320244	-199250.52
-307288	-198038.4
-305269	-197009.83
-317752	-196213.25
-322917	-195652.42
-321936	-195284.52
-316892	-195035.12
-314325	-194817.92
-350770	-194546.97
-451907	-194150.28
-358571	-193643.34
-284976	-193052.1
-295342	-192412.0
-372252	-191763.67
-483677	-191141.53
-435764	-190605.45
-294735	-190197.95
-295177	-189894.67
-371932	-189648.67
-483693	-189399.47
-436877	-189129.03
-295024	-188837.33
-295585	-188500.12
-372041	-188109.7
-483851	-187671.0
-438569	-187237.97
-295837	-186871.67
-295471	-186582.06
-371354	-186362.0
-483661	-186185.53
-440047	-186054.45
-297073	-185971.94
-295103	-185898.6
-371631	-185798.42
-483665	-185643.78
-442782	-185458.36
-327769	-185278.17
-311115	-185114.77
-315581	-184984.9
-320987	-184897.56
-320018	-184850.55
-314952	-184827.98
-312372	-184806.11
-315735	-184758.0
-321193	-184661.48
-321962	-184505.23
-290607	-184299.03
-302597	-184054.34
-318443	-183797.83
-323705	-183562.92
-322552	-183378.22
-317241	-183260.2
-314481	-183209.52
-317711	-183209.83
-323085	-183230.44
-322181	-183234.98
-317009	-183189.5
-314289	-183072.03
-317599	-182879.56
-322993	-182629.58
-321949	-182357.23
-316802	-182107.19
-314050	-181921.5
-317388	-181828.58
-322814	-181834.28
-321850	-181918.52
-316720	-182037.75
-313965	-182136.77
-317267	-182156.88
-322703	-182054.86
-321774	-181822.58
-316669	-181485.67
-313917	-181101.36
-317158	-180746.42
-322558	-180499.33
-321621	-180419.62
-316539	-180530.22
-313696	-180807.9
-316896	-181183.52
-322267	-181556.03
-321283	-181815.25
-316124	-181868.78
-313249	-181667.72
-316444	-181224.14
-321925	-180614.88
-321055	-179969.02
-315982	-179440.45
-313201	-179171.16
-316656	-179253.67
-322137	-179701.52
-321213	-180434.31
-316116	-181286.56
-313191	-182035.56
-316447	-182447.97
-321912	-182333.84
-320966	-181598.22
-315820	-180275.33
-312967	-178541.81
-316199	-176699.94
-321691	-175134.34
-320837	-174250.86
-315682	-174407.53
-312816	-175852.67
-316084	-178681.67
-321556	-182822.62
-320857	-188052.73
-315927	-194038.67
-313154	-200396.9
-316526	-206755.97
-322008	-212809.16
-321207	-218348.45
-316251	-223270.0
-313405	-227556.9
-316596	-231244.4
-322029	-234378.17
-321195	-236979.27
-316132	-239026.88
-313221	-240462.55
-316366	-241217.28
-321784	-241252.69
-321006	-240604.98
-316010	-239414.39
-313104	-237935.55
-316297	-236510.11
-321811	-235515.7
-321058	-235288.38
-316054	-236039.64
-313035	-237787.16
-316174	-240312.72
-321608	-243166.78
-320794	-245718.31
-315664	-247247.83
-312651	-247067.86
-315776	-244650.16
-321177	-239731.67
-320276	-232383.16
-315205	-223019.19
-312204	-212351.28
-315268	-201287.33
-320730	-190795.25
-319981	-181758.89
-315023	-174846.77
-312106	-170421.33
-315342	-168502.31
-320937	-168788.5
-320355	-170731.83
-315461	-173647.67
-312574	-176838.03
-315848	-179706.17
-321456	-181839.58
-320752	-183051.3
-315792	-183373.66
-312794	-183013.33
-315914	-182277.19
-321403	-181490.33
-320801	-180922.8
-315841	-180737.6
-312758	-180970.66
-315887	-181541.86
-321364	-182291.14
-320631	-183028.55
-315552	-183584.45
-312443	-183850.66
-315536	-183800.23
-320986	-183487.53
-320282	-183027.05
-315274	-182560.38
-312196	-182219.78
-315272	-182095.92
-320800	-182219.95
-320211	-182560.5
-315265	-183036.03
-312152	-183538.08
-315269	-183959.23
-320806	-184218.92
-320231	-184280.36
-315271	-184155.31
-312151	-183897.86
-315282	-183588.27
-320814	-183312.03
-320224	-183140.14
-315305	-183112.75
-312126	-183234.39
-315233	-183474.81
-320804	-183780.69
-320237	-184089.78
-315315	-184346.12
-312184	-184512.56
-315241	-184577.33
-320709	-184553.58
-320184	-184473.03
-315296	-184376.39
-312184	-184302.03
-315264	-184277.3
-320772	-184311.98
-320222	-184399.64
-315312	-184519.98
-312117	-184646.77
-315172	-184755.12
-320707	-184827.9
-320102	-184861.06
-315174	-184862.39
-311968	-184848.6
-314966	-184844.11
-320361	-184869.52
-319972	-184936.36
-315101	-185048.0
-311921	-185196.56
-314885	-185365.89
-320361	-185538.45
-319861	-185697.42
-315020	-185796.36
-311877	-185844.17
-314839	-185859.8
-320337	-185854.98
-319851	-185837.27
-315032	-185792.72
-311847	-185734.94
-314839	-185707.89
-320266	-185722.31
-319757	-185770.19
-315024	-185815.78
-311842	-185848.1
-314825	-185891.1
-320260	-185941.1
-319712	-185984.77
-314890	-185988.6
-311717	-185949.53
-314683	-185903.11
-320029	-185858.06
-319529	-185811.44
-314761	-185737.56
-311554	-185637.14
-314496	-185546.83
-319904	-185475.47
-319495	-185419.0
-314801	-185351.02
-311611	-185275.1
-314620	-185221.72
-320127	-185197.14
-319741	-185202.36
-315017	-185235.66
-311838	-185293.58
-314772	-185370.94
-320263	-185461.44
-319861	-185558.75
-315166	-185656.52
-311970	-185745.58
-314907	-185829.27
-320327	-185901.75
-319877	-185958.64
-315079	-185999.25
-311756	-186025.11
-314651	-186037.38
-320033	-186038.31
-319887	-186029.1
-315197	-186010.8
-311940	-185983.78
-314818	-185948.12
-320206	-185904.0
-319843	-185852.45
-315139	-185794.47
-311840	-185732.64
-314709	-185669.81
-320171	-185609.8
-319853	-185556.22
-315201	-185511.72
-311927	-185478.64
-314769	-185457.83
-320182	-185448.55
-319938	-185449.31
-315265	-185457.02
-312004	-185469.03
-314867	-185482.4
-320279	-185494.62
-319987	-185504.6
-315397	-185511.31
-312111	-185515.38
-314994	-185517.1
-320467	-185517.67
-320192	-185518.23
-315581	-185518.89
-312304	-185520.11
-315137	-185521.88
-320486	-185523.7
-320225	-185526.08
-315537	-185528.16
-312174	-185530.64
-314957	-185533.83
-320327	-185537.86
-320094	-185543.23
-315456	-185549.52
-312109	-185555.98
-314951	-185561.4
-320402	-185564.05
-320166	-185562.44
-315542	-185554.69
-312191	-185539.75
-315103	-185517.47
-320541	-185488.67
-320311	-185455.23
-315663	-185419.5
-312291	-185384.1
-315094	-185351.55
-320524	-185323.95
-320537	-185302.77
-315968	-185287.69
-312565	-185278.55
-315354	-185273.42
-320716	-185271.0
-320459	-185269.61
-315742	-185267.8
-312206	-185264.77
-314987	-185260.4
-320353	-185255.22
-320221	-185250.08
-315580	-185245.44
-312102	-185242.2
-314839	-185240.03
-320269	-185238.52
-320113	-185237.14
-315501	-185233.66
-312039	-185226.97
-314836	-185215.4
-320291	-185198.03
-320203	-185174.7
-315646	-185145.28
-312176	-185110.84
-314972	-185073.52
-320392	-185035.47
-320361	-185000.02
-315787	-184969.34
-312331	-184946.7
-315154	-184934.39
-320689	-184934.11
-320652	-184947.2
-316101	-184973.08
-312615	-185010.61
-315406	-185057.33
-320901	-185109.92
-320787	-185164.42
-316240	-185216.56
-312665	-185262.06
-315437	-185297.75
-320934	-185321.38
-320788	-185332.31
-316102	-185331.48
-312482	-185320.72
-315190	-185303.42
-320624	-185283.16
-320461	-185263.75
-315734	-185248.03
-312048	-185237.62
-314581	-185233.61
-319983	-185234.78
-320153	-185240.05
-315615	-185247.06
-312014	-185253.92
-314716	-185258.88
-320165	-185260.98
-320155	-185260.94
-315601	-185258.95
-311984	-185256.44
-314726	-185254.81
-320237	-185255.1
-320222	-185258.17
-315668	-185263.94
-312092	-185272.08
-314874	-185281.62
-320330	-185292.23
-320316	-185304.03
-315865	-185316.95
-312223	-185332.19
-314970	-185350.84
-320455	-185374.14
-320462	-185403.06
-315877	-185437.31
-312134	-185475.19
-314828	-185514.28
-320280	-185551.06
-320316	-185582.05
-315736	-185603.19
-312077	-185612.1
-314736	-185607.89
-320249	-185591.38
-320335	-185565.44
-315820	-185533.95
-312121	-185501.61
-314834	-185472.8
-320331	-185451.22
-320367	-185439.48
-315906	-185437.5
-312255	-185444.5
-314929	-185457.86
-320459	-185474.94
-320549	-185493.78
-316049	-185512.33
-312376	-185530.47
-314992	-185549.14
-320482	-185569.83
-320531	-185594.73
-315992	-185625.0
-312149	-185660.44
-314754	-185699.56
-320177	-185739.03
-320476	-185774.47
-316009	-185800.25
-312237	-185812.06
-314881	-185806.22
-320322	-185781.38
-320539	-185739.08
-316071	-185682.62
-312308	-185617.67
-314926	-185550.56
-320462	-185487.72
-320621	-185434.69
-316130	-185394.56
-312334	-185369.05
-314937	-185356.94
-320426	-185355.61
-320601	-185362.12
-316098	-185372.44
-312297	-185384.36
-314922	-185396.1
-320411	-185407.81
-320612	-185420.89
-316092	-185437.61
-312290	-185459.64
-314902	-185489.06
-320429	-185526.4
-320657	-185571.11
-316194	-185621.4
-312379	-185675.25
-315023	-185729.66
-320484	-185782.34
-320637	-185831.77
-316146	-185876.75
-312281	-185916.9
-314832	-185952.36
-320317	-185982.78
-320554	-186007.39
-316074	-186024.62
-312256	-186032.06
-314839	-186026.42
-320313	-186004.95
-320510	-185965.69
-316071	-185907.69
-312277	-185832.64
-314885	-185743.95
-320369	-185647.3
-320576	-185549.7
-316023	-185458.39
-312198	-185379.72
-314776	-185318.81
-320266	-185277.67
-320743	-185256.67
-316324	-185252.7
-312411	-185261.58
-314954	-185277.81
-320434	-185296.7
-320673	-185314.28
-316258	-185328.03
-312381	-185338.34
-314888	-185346.56
-320395	-185355.22
-320685	-185367.5
-316253	-185385.22
-312358	-185409.78
-314851	-185440.14
-320302	-185473.86
-320611	-185507.89
-316244	-185537.66
-312341	-185559.6
-314809	-185570.58
-320304	-185569.53
-320688	-185557.1
-316326	-185535.17
-312409	-185507.22
-314977	-185476.83
-320488	-185447.94
-320841	-185423.9
-316461	-185406.33
-312525	-185396.69
-315052	-185394.4
-320554	-185398.9
-320934	-185409.45
-316496	-185424.6
-312494	-185443.77
-314977	-185466.53
-320317	-185492.33
-323786	-185519.83
-296888	-185554.05
-282776	-185593.2
-360719	-185615.53
-477806	-185598.64
-467524	-185556.44
-324532	-185523.55
-286450	-185499.39
-315863	-185480.3
-323638	-185472.5
-323852	-185476.6
-319360	-185489.0
-315227	-185503.5
-317556	-185511.84
-322878	-185507.19
-323470	-185484.77
-319133	-185444.94
-314983	-185393.84
-317360	-185341.95
-322729	-185303.5
-323141	-185292.08
-318738	-185316.6
-314603	-185378.53
-316968	-185468.8
-322312	-185569.2
-322691	-185655.66
-318300	-185702.72
-314251	-185691.19
-316634	-185613.62
-322017	-185478.55
-322451	-185310.23
-318042	-185144.88
-313887	-185022.34
-316289	-184975.72
-321717	-185023.27
-322178	-185159.7
-313077	-185357.08
-299722	-185569.3
-363301	-185723.42
-477923	-185748.38
-471987	-185627.69
-321768	-185399.58
-284006	-185095.88
-361892	-184761.64
-477500	-184456.14
-472078	-184264.08
-338399	-184262.47
-303297	-184451.67
-313343	-184785.45
-319503	-185181.08
-320049	-185529.3
-315802	-185722.61
-311684	-185683.83
-314126	-185389.34
-319588	-184881.3
-320282	-184263.1
-316080	-183677.14
-311992	-183271.98
-314402	-183163.17
-319886	-183399.36
-320508	-183944.3
-316294	-184676.1
-312144	-185413.12
-314430	-185954.02
-319979	-186130.14
-320767	-185852.45
-316537	-185141.16
-312352	-184132.36
-314705	-183052.19
-320161	-182167.0
-320778	-181717.39
-314490	-181853.06
-306285	-182585.42
-358464	-183757.7
-404451	-185088.67
-330800	-186251.62
-315874	-186902.61
-311669	-186802.1
-314035	-185880.72
-319525	-184275.48
-320205	-182314.28
-316036	-180453.17
-311852	-179172.84
-314266	-178858.89
-319779	-179694.27
-320537	-181590.39
-316313	-184177.47
-312124	-186866.27
-314502	-188966.8
-319986	-189847.19
-320700	-189095.36
-316483	-186645.47
-312251	-182840.77
-314607	-178406.7
-320127	-174338.03
-320916	-171715.7
-316753	-171486.83
-312502	-174256.98
-314837	-180134.52
-320306	-188668.17
-321174	-198890.73
-317021	-209467.81
-312809	-218923.66
-315146	-225900.19
-320627	-229400.12
-321380	-228963.0
-317182	-224740.34
-312911	-217457.66
-315203	-208268.39
-320695	-198536.17
-321393	-189586.72
-317113	-182480.94
-312710	-177855.5
-314890	-175854.34
-320260	-176163.8
-321094	-178131.92
-316883	-180941.81
-312564	-183798.39
-314791	-186082.8
-320225	-187448.78
-321087	-187839.83
-316896	-187435.52
-312595	-186548.97
-314774	-185504.45
-320186	-184534.5
-321024	-183722.69
-316884	-183005.92
-312578	-182236.98
-314802	-181283.66
-320241	-180137.33
-321122	-178995.03
-316937	-178285.88
-312654	-178628.6
-314866	-180718.88
-320299	-185171.14
-321175	-192344.9
-317026	-202198.75
-312665	-214209.2
-314796	-227379.7
-320146	-240347.23
-321047	-251572.78
-316919	-259583.19
-312543	-263220.12
-314644	-261849.19
-320072	-255484.62
-321031	-244807.11
-316997	-231068.8
-312694	-215899.36
-314876	-201050.16
-320276	-188123.88
-321259	-178335.03
-317204	-172343.67
-312849	-170193.05
-315025	-171349.47
-320401	-174840.69
-321345	-179458.25
-317293	-183983.19
-312897	-187399.7
-315016	-189051.33
-320371	-188724.52
-321314	-186643.95
-317169	-183391.34
-312715	-179766.3
-314811	-176619.58
-320116	-174690.38
-321231	-174476.14
-317174	-176153.36
-312801	-179563.33
-314956	-184253.64
-320321	-189569.4
-321333	-194771.03
-317312	-199157.11
-312902	-202173.38
-314997	-203488.73
-320386	-203029.75
-321407	-200973.03
-317375	-197697.72
-312895	-193712.98
-315019	-189569.72
-320414	-185777.16
-321530	-182731.64
-317510	-180671.33
-313032	-179660.78
-315130	-179601.98
-320522	-180273.34
-321533	-181381.14
-317437	-182617.42
-312990	-183714.17
-315099	-184482.03
-320502	-184833.06
-321548	-184780.1
-317502	-184418.44
-312993	-183895.69
-315110	-183372.5
-320493	-182988.48
-321622	-182835.02
-317555	-182940.81
-313061	-183273.14
-315177	-183752.3
-320533	-184273.94
-321646	-184735.56
-317642	-185058.23
-313148	-185199.72
-315148	-185168.25
-320542	-185016.95
-321716	-184808.81
-317724	-184593.64
-313191	-184427.27
-315246	-184379.69
-320589	-184467.27
-321752	-184655.89
-317672	-184893.53
-313079	-185120.02
-315053	-185282.42
-320428	-185346.67
-321789	-185305.77
-317826	-185178.58
-313309	-185004.3
-315361	-184830.9
-320736	-184704.1
-321931	-184655.45
-317944	-184695.47
-313307	-184814.16
-315301	-184983.08
-320537	-185164.9
-321716	-185322.14
-317730	-185426.75
-313089	-185465.75
-315036	-185442.88
-320372	-185376.36
-321591	-185293.38
-317589	-185221.56
-312942	-185182.81
-314962	-185188.27
-320325	-185235.67
-321539	-185312.64
-317561	-185398.9
-312908	-185472.94
-314925	-185517.6
-320337	-185533.19
-321702	-185520.6
-317749	-185468.12
-313089	-185384.44
-315087	-185323.12
-320529	-185315.89
-321882	-185363.56
-317894	-185438.53
-313226	-185520.75
-315196	-185623.17
-320594	-185735.88
-321856	-185838.23
-317854	-185915.36
-313172	-185959.34
-315139	-185968.62
-320472	-185949.17
-321755	-185910.1
-317784	-185862.69
-313078	-185817.22
-314966	-185780.83
-320313	-185757.06
-321606	-185746.23
-317639	-185746.1
-312883	-185752.55
-314818	-185761.8
-320218	-185770.75
-321671	-185778.22
-317759	-185783.75
-312998	-185788.45
-314914	-185793.98
-320245	-185802.05
-321638	-185814.0
-317712	-185830.34
-313030	-185850.89
-314947	-185873.69
-320309	-185904.45
-321758	-185934.88
-317832	-185947.5
-313177	-185959.86
-315189	-185974.16
-320522	-185989.44
-321862	-186004.61
-317934	-186017.61
-313225	-186027.14
-315098	-186032.38
-320393	-186033.3
-321771	-186030.89
-317859	-186026.33
-313112	-186021.39
-315007	-186017.5
-320302	-186015.62
-321776	-186016.39
-317892	-186019.58
-313214	-186024.67
-315100	-186030.56
-320396	-186036.81
-321859	-186043.17
-318050	-186049.66
-313314	-186057.36
-315181	-186066.36
-320495	-186077.88
-321978	-186091.95
-318141	-186107.81
-313409	-186124.23
-315306	-186138.8
-320631	-186149.4
-322119	-186153.98
-318244	-186151.4
-313474	-186142.11
-315289	-186127.31
-320561	-186110.4
-321976	-186095.19
-318102	-186085.86
-313328	-186085.92
-315082	-186097.31
-320219	-186120.66
-321928	-186153.83
-309751	-186195.02
-292342	-186241.23
-338364	-186274.11
-404537	-186278.19
-356043	-186268.27
-306464	-186250.23
-276425	-186228.2
-349167	-186186.31
-462957	-186110.16
-480899	-186011.98
-336237	-185933.94
-295313	-185876.56
-318370	-185835.83
-324116	-185814.78
-325554	-185809.77
-321656	-185813.84
-316727	-185819.0
-318379	-185817.45
-323469	-185804.61
-324981	-185779.61
-321080	-185746.02
-316139	-185711.36
-317734	-185685.52
-322904	-185677.84
-324444	-185695.11
-320552	-185739.02
-315604	-185805.02
-317240	-185881.9
-322401	-185954.48
-323952	-186006.5
-320114	-186023.78
-315192	-185998.88
-316887	-185932.84
-322014	-185836.23
-323571	-185727.81
-319742	-185628.95
-314906	-185560.3
-316535	-185534.86
-321665	-185554.2
-323279	-185607.3
-319552	-185671.73
-314684	-185719.06
-316321	-185721.52
-321391	-185660.52
-322949	-185532.94
-319168	-185352.95
-314302	-185152.14
-315776	-184971.06
-320838	-184851.75
-322722	-184824.42
-319027	-184899.6
-314178	-185062.44
-315797	-185274.23
-320910	-185479.5
-322547	-185619.61
-318891	-185647.14
-314032	-185540.5
-315659	-185311.03
-320807	-185004.55
-322479	-184691.9
-318768	-184452.12
-313931	-184354.08
-315611	-184434.3
-320737	-184686.5
-322464	-185057.36
-318774	-185455.95
-313914	-185774.53
-315525	-185914.03
-320708	-185812.44
-322416	-185463.72
-318767	-184925.45
-313852	-184310.77
-315518	-183763.0
-320684	-183423.34
-322511	-183392.83
-318878	-183702.31
-313959	-184298.38
-315527	-185048.25
-320696	-185767.48
-322547	-186262.44
-318871	-186379.56
-313924	-186050.03
-315511	-185315.6
-320761	-184329.56
-322596	-183327.73
-318948	-182575.77
-314031	-182302.88
-315580	-182635.6
-320729	-183553.75
-322622	-184875.5
-318977	-186284.52
-313972	-187394.7
-315527	-187840.86
-320699	-187380.73
-322513	-185978.78
-318768	-183855.9
-313583	-181485.83
-315062	-179533.61
-320259	-178743.77
-322300	-179795.39
-318656	-183152.88
-313553	-188942.98
-315081	-196883.97
-320254	-206289.69
-322118	-216147.77
-318420	-225265.66
-313336	-232458.78
-314879	-236747.4
-320148	-237524.36
-322059	-234662.88
-318282	-228542.69
-313223	-219989.58
-314787	-210136.62
-320017	-200237.06
-321952	-191461.11
-318249	-184713.28
-313189	-180506.16
-314717	-178907.97
-319966	-179573.03
-321992	-181842.47
-318304	-184893.3
-313222	-187904.36
-314797	-190205.11
-320108	-191382.55
-322170	-191325.52
-318473	-190205.39
-313329	-188403.17
-314836	-186400.62
-320141	-184664.58
-322233	-183546.22
-318515	-183216.31
-313374	-183648.47
-314947	-184644.9
-320303	-185901.1
-322344	-187085.11
-318574	-187915.89
-324200	-188221.16
-358683	-187962.38
-457512	-187223.0
-492144	-186204.88
-344554	-185190.52
-273325	-184408.58
-343819	-183992.98
-455189	-183981.47
-488394	-184328.44
-344464	-184937.44
-271268	-185632.6
-341234	-186212.28
-444683	-186522.47
-497994	-186494.08
-352748	-186182.08
-272521	-185678.4
-344532	-185092.14
-455725	-184548.23
-491646	-184167.45
-343882	-184055.56
-273410	-184218.19
-355212	-184572.2
-469492	-184998.72
-507814	-185380.53
-375381	-185646.44
-276776	-185738.06
-349198	-185612.23
-458967	-185286.53
-498365	-184838.67
-356904	-184404.25
-276038	-184084.08
-346153	-183924.03
-455622	-183933.05
-494042	-184092.44
-345800	-184379.19
-269078	-184709.86
-341326	-184969.81
-453733	-185066.61
-495307	-184962.2
-348631	-184701.06
-270960	-184336.0
-344150	-183921.77
-455957	-183530.84
-496665	-183243.62
-350930	-183147.14
-271061	-183251.98
-344622	-183494.05
-454745	-183778.52
-497624	-184008.9
-352786	-184131.06
-271061	-184084.89
-344950	-183824.5
-455818	-183361.95
-498474	-182772.28
-354564	-182197.28
-270798	-181750.44
-343927	-181491.44
-455278	-181440.19
-496522	-181576.33
-352507	-181860.12
-267812	-182179.38
-344168	-182377.78
-455336	-182326.55
-503079	-181963.28
-360541	-181335.08
-267586	-180531.33
-338581	-179667.55
-450526	-178899.27
-496379	-178375.34
-348667	-178214.78
-266197	-178445.92
-338748	-178971.17
-451851	-179619.38
-498546	-180169.17
-354391	-180423.17
-267771	-180215.11
-341959	-179497.77
-453451	-178334.94
-500966	-176910.67
-359244	-175536.78
-268487	-174518.34
-343130	-174078.11
-453851	-174328.83
-502193	-175234.3
-362386	-176619.75
-268409	-178134.75
-341425	-179316.03
-452538	-179725.77
-500994	-179066.1
-358791	-177291.48
-265632	-174594.05
-338421	-171403.7
-451259	-168374.05
-500336	-166290.61
-356564	-165957.7
-264154	-167984.48
-335451	-172659.84
-447564	-179914.45
-442154	-189328.8
-325276	-200168.6
-308905	-211446.86
-310411	-222115.78
-316552	-231221.03
-319454	-238043.28
-315543	-242201.36
-309550	-243691.27
-311102	-242862.64
-317269	-240338.02
-320159	-236890.9
-316159	-233309.8
-310014	-230272.31
-311501	-228252.36
-317537	-227474.16
-320510	-227916.22
-316452	-229358.23
-310211	-231456.78
-311634	-233830.02
-317677	-236135.45
-320483	-238124.27
-316503	-239663.64
-310371	-240729.33
-311877	-241374.95
-318000	-241689.28
-320934	-241755.78
-316916	-241621.5
-310692	-241287.61
-312121	-240715.44
-318156	-239851.69
-321082	-238658.11
-317105	-237139.05
-311019	-235359.16
-312602	-233442.25
-318748	-231557.33
-321736	-229889.2
-317873	-228603.64
-311851	-227815.17
-313362	-227562.97
-319398	-227805.9
-322280	-228430.34
-318404	-229274.05
-312306	-230159.86
-313644	-230926.72
-319563	-231460.86
-322489	-231711.19
-318512	-231691.48
-312474	-231471.06
-313839	-231150.84
-319679	-230840.31
-322574	-230630.58
-318747	-230577.66
-312692	-230693.34
-313931	-230946.67
-319642	-231277.23
-322466	-231611.47
-318619	-231881.8
-312556	-232042.31
-313802	-232077.1
-319509	-232002.53
-322322	-231858.73
-318461	-231698.0
-312501	-231569.34
-313747	-231503.62
-319347	-231504.97
-322284	-231549.16
-318582	-231588.34
-312627	-231564.7
-313779	-231425.72
-319352	-231143.3
-322226	-230725.88
-318565	-230226.2
-312679	-229738.25
-313875	-229382.38
-319406	-229285.31
-322294	-229553.06
-318649	-230244.88
-312793	-231352.27
-313975	-232790.56
-319591	-234404.36
-322470	-235989.38
-318762	-237326.31
-312809	-238222.06
-313981	-238551.66
-319569	-238289.4
-322522	-237524.83
-318902	-236452.89
-312991	-235343.84
-314162	-234488.98
-319713	-234139.73
-322744	-234441.97
-319140	-235387.06
-313252	-236787.34
-314451	-238281.92
-320087	-239382.58
-323097	-239544.86
-319446	-238260.3
-313475	-235151.38
-314629	-230049.61
-320237	-223045.92
-323169	-214496.34
-319481	-204985.55
-313409	-195248.19
-314532	-186064.33
-320084	-178145.45
-323085	-172033.89
-319398	-168007.39
-313376	-166062.78
-314492	-165982.39
-320244	-167334.83
-323172	-169540.08
-319396	-171985.89
-313434	-174140.44
-314534	-175672.56
-320209	-176439.67
-323383	-176461.78
-319741	-175905.98
-313880	-175028.06
-315026	-174160.06
-320704	-173586.8
-323840	-173465.53
-320130	-173819.25
-314135	-174554.83
-315297	-175543.31
-320889	-176609.7
-323900	-177554.66
-320273	-178218.5
-314328	-178521.48
-315519	-178511.28
-321299	-178313.62
-324607	-178059.31
-321111	-177871.17
-314992	-177842.38
-316181	-178060.16
-321973	-178546.38
-325407	-179233.06
-321774	-179998.36
-315659	-180705.92
-316853	-181283.75
-322636	-181691.61
-325921	-181905.69
-322267	-181936.12
-316043	-181827.47
-317059	-181691.75
-322740	-181633.52
-325922	-181703.08
-322168	-181902.45
-315814	-182195.72
-316816	-182566.12
-322526	-182976.84
-325736	-183357.6
-321940	-183638.47
-315509	-183772.05
-316367	-183787.55
-321940	-183738.7
-325011	-183661.44
-321112	-183583.97
-314622	-183524.83
-315399	-183535.62
-320923	-183646.86
-323989	-183836.5
-320085	-184054.94
-313605	-184245.5
-314396	-184402.92
-319917	-184532.34
-323253	-184618.0
-319331	-184647.1
-313014	-184614.19
-313739	-184568.38
-319234	-184560.78
-322449	-184601.16
-318646	-184676.16
-312270	-184758.84
-313092	-184864.45
-318686	-185001.56
-321909	-185145.14
-318164	-185260.44
-311774	-185315.81
-312666	-185336.48
-318316	-185355.02
-321616	-185373.67
-317953	-185384.39
-311698	-185374.27
-312639	-185376.27
-318258	-185421.48
-321576	-185500.97
-317902	-185590.55
-311572	-185660.72
-312401	-185728.92
-317927	-185818.19
-321178	-185916.88
-317453	-186002.72
-311065	-186051.42
-311866	-186088.84
-317392	-186143.77
-320714	-186209.92
-317095	-186266.6
-310831	-186289.1
-311701	-186301.42
-317331	-186329.75
-320784	-186365.05
-317276	-186379.38
-311130	-186362.73
-312027	-186341.98
-317722	-186320.69
-321194	-186299.39
-317692	-186279.27
-311454	-186262.22
-312388	-186250.17
-318127	-186246.3
-321597	-186253.67
-317990	-186274.45
-311736	-186310.67
-312642	-186361.83
-318272	-186426.94
-321877	-186502.52
-318341	-186583.9
-312073	-186666.27
-312908	-186744.2
-318536	-186813.84
-321966	-186872.77
-318311	-186920.7
-311994	-186959.66
-312767	-186993.8
-318365	-187028.72
-321803	-187070.94
-318242	-187126.38
-311899	-187200.12
-312786	-187295.31
-318489	-187412.78
-322052	-187551.02
-318557	-187706.36
-312310	-187873.03
-313062	-188044.17
-318680	-188212.72
-322199	-188372.19
-318607	-188516.56
-312306	-188641.56
-313099	-188744.31
-318693	-188824.52
-322304	-188882.47
-318804	-188920.2
-312483	-188940.83
-313256	-188946.72
-318906	-188941.22
-322459	-188926.0
-318928	-188902.47
-312611	-188870.39
-313349	-188828.3
-318966	-188774.11
-322522	-188704.73
-319014	-188617.2
-312679	-188509.36
-313429	-188379.12
-323362	-188225.95
-341077	-188048.4
-312669	-187858.0
-261982	-187668.52
-326563	-187465.05
-436645	-187235.25
-504985	-186979.86
-378977	-186743.55
-266199	-186547.86
-333584	-186372.5
-443889	-186202.28
-508124	-186031.97
-382937	-185892.56
-264866	-185792.23
-328039	-185696.5
-437152	-185577.44
-505427	-185420.92
-379513	-185258.88
-263685	-185107.05
-325511	-184946.9
-434415	-184771.08
-505576	-184586.28
-380455	-184441.89
-262434	-184363.64
-323411	-184329.95
-433461	-184317.45
-505686	-184306.03
-380969	-184312.8
-261871	-184331.67
-322612	-184317.75
-432325	-184239.16
-505783	-184084.92
-381017	-183899.02
-261504	-183714.9
-322622	-183530.14
-406171	-183355.86
-360504	-183227.05
-323452	-183150.6
-316951	-183114.0
-317523	-183095.89
-322981	-183069.0
-326676	-183006.19
-323144	-182890.05
-316651	-182718.52
-317246	-182507.86
-322812	-182291.2
-326622	-182110.6
-323170	-182007.16
-316662	-182009.2
-317161	-182121.55
-322585	-182323.17
-326217	-182567.1
-322669	-182790.38
-316140	-182928.72
-316530	-182932.33
-321974	-182780.6
-325573	-182490.52
-321887	-182115.42
-315259	-181735.66
-315518	-181437.78
-320792	-181295.2
-324655	-181345.19
-321150	-181576.6
-314538	-181927.5
-314933	-182295.95
-320237	-182563.58
-323878	-182624.05
-320297	-182413.12
-313813	-181928.97
-314220	-181239.45
-319576	-180472.38
-323220	-179787.97
-319725	-179341.42
-313324	-179242.81
-313799	-179523.4
-319241	-180121.98
-323029	-180890.02
-319672	-181621.48
-313334	-182100.14
-313881	-182153.16
-319344	-181700.22
-323137	-180783.17
-319768	-179567.81
-313421	-178314.69
-313921	-177322.8
-319322	-176858.4
-323040	-177083.66
-319613	-178002.56
-313227	-179442.44
-313651	-181073.58
-319016	-182473.22
-322737	-183216.44
-319344	-182982.19
-312714	-181647.47
-331226	-179343.84
-427123	-176460.28
-501547	-173626.8
-371295	-171653.75
-262422	-171327.36
-322726	-173252.73
-432752	-177769.11
-507118	-184871.14
-392248	-194215.67
-269453	-205109.28
-328458	-216586.64
-435950	-227607.42
-506799	-237220.05
-388023	-244736.64
-267079	-249773.88
-336066	-252266.48
-440026	-252496.77
-511949	-251009.16
-399186	-248520.94
-270555	-245735.83
-328498	-243197.03
-434822	-241259.6
-506744	-240066.39
-389411	-239600.44
-265603	-239689.39
-321019	-240062.28
-428654	-240478.48
-484666	-240795.25
-353509	-241013.89
-308627	-241185.0
-309191	-241399.92
-314708	-241727.36
-318687	-242147.33
-315554	-242512.1
-309434	-242543.77
-309881	-241870.9
-315301	-240102.0
-319263	-236913.02
-314634	-232134.72
-289024	-225820.72
-320527	-218249.19
-348311	-209921.1
-325130	-201489.69
-318341	-193637.42
-312199	-186974.16
-328751	-181928.95
-428014	-178670.36
-503536	-177116.94
-381739	-177000.27
-266301	-177871.75
-321484	-179183.05
-401517	-180440.1
-370580	-181300.73
-316494	-181592.52
-263327	-181323.5
-308660	-180629.62
-390021	-179735.02
-372454	-178901.88
-311290	-178335.0
-266839	-178128.66
-321661	-178240.06
-426986	-178528.53
-498780	-178813.53
-375278	-178963.55
-264544	-178881.31
-327871	-178519.02
-434457	-177929.36
-506559	-177244.78
-383255	-176666.61
-266757	-176349.61
-320458	-176339.25
-426554	-176591.03
-500642	-176979.12
-376609	-177361.45
-266949	-177563.5
-321526	-177421.78
-427269	-176872.06
-501137	-175977.2
-378156	-174953.33
-267166	-174061.89
-320569	-173533.31
-425654	-173535.62
-500750	-174120.47
-377695	-175224.6
-267028	-176609.89
-320063	-177894.97
-425717	-178675.8
-500811	-178626.78
-378457	-177624.22
-267482	-175744.73
-320651	-173271.19
-425264	-170703.89
-501198	-168688.34
-379810	-167939.67
-267574	-169053.23
-320412	-172378.6
-425014	-177983.95
-501144	-185633.98
-379807	-194851.95
-267838	-204930.89
-320474	-215029.38
-425275	-224336.75
-501297	-232191.05
-380897	-238199.4
-268098	-242212.42
-320416	-244305.66
-424873	-244774.36
-501305	-244066.69
-380688	-242729.94
-267941	-241258.67
-319834	-240026.05
-423839	-239296.19
-501324	-239180.17
-378085	-239693.12
-264042	-240717.55
-322574	-242074.8
-432298	-243566.61
-503377	-244957.16
-381084	-246046.9
-267669	-246625.61
-318749	-246513.88
-423156	-245576.1
-500403	-243678.72
-375669	-240756.23
-264506	-236753.6
-319252	-231671.06
-422900	-225575.58
-500335	-218552.97
-379512	-210768.39
-268362	-202398.19
-319104	-193673.25
-423498	-184889.06
-500554	-176363.86
-380590	-168502.7
-268975	-161731.44
-318116	-156521.73
-427817	-153362.2
-501728	-152662.56
-381425	-154739.11
-269023	-159678.58
-319620	-167311.33
-422929	-177178.45
-500879	-188477.84
-382510	-200174.02
-269677	-211085.78
-319790	-219984.55
-423443	-225797.08
-500932	-227788.34
-382811	-225730.95
-269949	-219913.19
-319922	-211117.52
-422545	-200567.61
-500531	-189765.02
-381949	-180306.47
-269633	-173584.66
-319261	-170563.77
-421494	-171673.6
-500357	-176754.33
-382061	-185131.89
-269531	-195682.97
-318599	-207014.77
-422224	-217731.97
-500191	-226657.73
-377686	-233037.52
-263557	-236563.8
-320000	-237362.39
-428582	-235958.73
-502464	-233141.86
-382425	-229825.33
-270030	-226815.23
-318869	-224663.97
-420606	-223634.9
-499901	-223698.58
-381974	-224622.64
-270064	-226002.38
-318505	-227361.08
-421438	-228297.17
-500191	-228568.61
-382780	-228163.38
-270516	-227223.72
-319109	-225980.55
-421088	-224720.95
-500842	-223713.8
-385410	-223183.19
-270902	-223207.36
-319989	-223696.61
-420818	-224463.44
-500651	-225273.2
-385194	-225939.83
-270653	-226312.48
-318169	-226293.67
-420302	-225889.94
-500316	-225203.25
-384199	-224434.64
-270443	-223775.89
-318280	-223350.66
-419906	-223222.92
-500514	-223385.55
-385365	-223801.08
-270907	-224359.0
-318444	-224888.9
-419754	-225239.36
-500141	-225314.52
-384495	-225107.7
-270857	-224643.22
-317876	-224013.66
-419567	-223357.05
-500203	-222787.83
-385009	-222429.61
-271508	-222332.42
-318807	-222498.47
-419456	-222896.11
-500772	-223419.97
-382783	-223972.27
-265075	-224424.83
-318728	-224673.36
-426731	-224671.92
-503187	-224388.9
-388452	-223871.94
-271729	-223179.77
-317615	-222399.88
-418672	-221651.83
-500730	-221014.06
-387444	-220573.83
-271351	-220358.08
-317067	-220363.58
-417896	-220576.42
-500196	-220926.95
-386525	-221362.58
-271496	-221805.02
-317519	-222202.47
-418031	-222506.62
-500225	-222687.62
-386972	-222780.53
-272142	-222818.12
-317337	-222806.14
-417682	-222755.44
-500178	-222679.5
-387237	-222627.88
-272178	-222619.8
-317404	-222626.95
-417662	-222628.2
-500375	-222597.06
-388216	-222552.45
-272397	-222516.84
-317993	-222476.23
-418544	-222426.22
-500534	-222375.58
-388398	-222354.45
-272569	-222353.58
-317345	-222362.64
-417132	-222378.02
-500495	-222357.38
-388931	-222286.23
-272657	-222163.8
-317310	-221968.39
-417759	-221706.64
-500674	-221391.94
-389621	-221078.84
-273014	-220831.73
-317424	-220684.69
-416927	-220666.33
-500902	-220773.78
-386338	-221013.81
-266107	-221341.03
-315721	-221699.53
-423382	-222041.22
-502883	-222294.03
-390701	-222432.55
-273242	-222426.36
-317352	-222280.81
-417866	-222042.66
-500942	-221748.48
-391146	-221475.03
-273079	-221266.55
-316874	-221162.97
-416201	-221197.3
-500632	-221349.12
-390576	-221608.4
-273148	-221919.17
-316541	-222228.7
-415482	-222501.58
-500744	-222686.2
-391332	-222779.72
-273410	-222769.97
-316346	-222670.6
-415909	-222521.06
-500355	-222337.69
-390202	-222166.38
-273171	-222015.94
-316651	-221895.55
-415647	-221819.66
-500771	-221767.27
-392034	-221746.81
-274239	-221738.73
-316989	-221735.92
-415441	-221750.67
-501078	-221769.77
-393488	-221811.94
-274319	-221865.19
-316321	-221920.27
-415959	-221977.67
-501291	-222005.61
-394157	-222003.78
-274082	-221948.61
-316274	-221834.42
-414779	-221683.95
-501239	-221504.77
-394448	-221347.97
-274066	-221241.33
-315338	-221217.72
-413671	-221315.12
-500814	-221524.0
-389412	-221847.55
-267759	-222237.1
-313959	-222636.61
-422002	-222998.5
-503441	-223253.05
-395367	-223374.1
-274792	-223333.56
-316209	-223137.55
-413842	-222832.27
-501419	-222453.77
-396026	-222078.16
-274595	-221750.48
-315942	-221511.3
-414265	-221394.72
-501611	-221382.08
-396976	-221465.95
-275196	-221597.98
-315987	-221733.5
-414605	-221847.55
-501547	-221901.66
-396824	-221906.47
-274945	-221863.52
-316083	-221794.31
-414163	-221741.88
-501519	-221718.36
-396909	-221755.22
-275111	-221844.02
-315726	-221968.02
-413856	-222115.03
-501568	-222239.78
-397979	-222332.2
-276196	-222366.55
-316077	-222339.19
-414347	-222276.83
-501919	-222191.0
-398866	-222128.06
-275751	-222104.56
-315864	-222131.8
-413647	-222220.48
-501557	-222335.56
-398338	-222460.62
-275599	-222546.06
-315551	-222554.53
-413854	-222476.7
-501792	-222296.05
-399337	-222050.92
-275763	-221772.52
-314938	-221511.42
-413111	-221334.67
-501491	-221271.45
-394209	-221363.22
-269099	-221596.12
-312464	-221937.36
-418832	-222347.45
-503457	-222748.19
-398800	-223092.03
-275338	-223319.0
-314384	-223398.56
-412194	-223340.92
-501605	-223153.1
-400121	-222893.77
-276051	-222603.89
-314571	-222329.9
-412966	-222122.58
-501817	-221987.39
-400817	-221941.38
-275041	-221959.05
-316737	-222009.27
-412412	-222075.48
-501942	-222116.89
-401664	-222135.34
-276239	-222119.83
-314485	-222076.56
-411501	-222036.48
-502044	-222002.81
-403002	-222007.12
-276645	-222046.61
-314219	-222115.27
-411839	-222214.83
-501871	-222314.84
-402084	-222417.97
-276421	-222505.66
-313728	-222573.4
-410977	-222640.98
-501244	-222703.33
-400417	-222788.02
-276183	-222889.81
-313936	-222999.55
-410946	-223113.19
-501697	-223188.06
-402497	-223209.38
-276676	-223139.36
-313795	-222958.4
-411176	-222680.75
-501779	-222313.98
-402726	-221917.6
-276143	-221539.69
-312978	-221236.98
-410254	-221075.69
-501585	-221073.67
-399317	-221256.08
-271428	-221591.05
-311795	-222026.73
-416579	-222510.17
-503711	-222955.98
-404412	-223316.52
-276466	-223541.86
-312570	-223613.14
-410147	-223557.33
-501472	-223396.84
-403010	-223200.28
-276241	-223013.33
-312450	-222877.33
-407836	-222833.28
-500396	-222868.58
-402087	-222982.02
-277388	-223129.34
-313302	-223266.27
-410022	-223368.7
-501963	-223397.38
-406774	-223362.67
-276756	-223269.88
-311637	-223143.47
-408923	-223031.28
-501537	-222951.25
-405107	-222942.66
-276111	-223003.4
-310766	-223119.86
-412587	-223278.47
-502454	-223433.05
-408388	-223567.78
-278143	-223651.88
-313543	-223672.06
-410297	-223647.97
-502291	-223583.64
-409696	-223520.97
-277366	-223477.56
-311028	-223465.92
-408352	-223501.05
-502357	-223553.34
-411647	-223611.8
-278226	-223636.36
-311672	-223591.03
-408645	-223467.83
-501206	-223247.5
-406272	-222961.86
-276281	-222636.2
-310607	-222311.38
-407361	-222048.38
-501256	-221872.81
-404338	-221827.5
-273053	-221908.9
-306414	-222096.98
-416453	-222368.81
-506016	-222666.34
-410429	-222958.5
-276522	-223201.1
-309454	-223366.72
-405872	-223462.77
-500514	-223482.92
-406288	-223464.6
-275032	-223426.0
-308481	-223386.67
-404875	-223376.48
-499802	-223386.3
-402978	-223429.36
-273333	-223487.05
-306736	-223542.28
-403738	-223596.95
-498840	-223630.05
-399417	-223660.38
-273405	-223683.78
-307617	-223702.52
-404214	-223734.1
-500471	-223760.2
-410939	-223786.72
-278786	-223790.62
-312993	-223748.94
-410112	-223660.39
-502906	-223504.4
-419532	-223303.9
-278771	-223077.2
-309996	-222853.72
-406079	-222686.36
-500924	-222595.0
-408687	-222618.67
-273829	-222752.22
-305452	-222968.33
-402502	-223236.98
-498899	-223485.39
-401967	-223671.12
-272015	-223737.33
-304685	-223652.16
-401418	-223432.34
-497667	-223096.42
-398094	-222722.6
-272300	-222374.11
-306054	-222117.48
-402506	-222021.52
-500697	-222094.92
-407496	-222345.33
-270281	-222720.53
-307696	-223144.11
-413174	-223546.39
-503237	-223837.78
-409824	-223976.53
-274039	-223934.36
-304443	-223719.55
-400143	-223392.7
-497842	-223005.61
-399436	-222652.6
-270857	-222390.19
-301786	-222257.39
-397657	-222281.67
-496696	-222430.06
-397474	-222678.98
-272704	-222962.53
-306045	-223219.08
-403539	-223419.0
-500195	-223524.22
-412145	-223552.62
-276943	-223521.39
-308212	-223461.61
-402986	-223428.31
-499182	-223438.97
-407248	-223528.62
-275362	-223689.73
-305691	-223899.11
-401974	-224142.48
-497566	-224372.9
-401252	-224581.95
-276812	-224743.66
-307567	-224849.66
-404571	-224921.66
-498291	-224957.58
-404894	-224986.64
-278266	-225003.97
-308213	-224996.72
-403137	-224962.28
-496786	-224861.39
-399307	-224690.62
-277021	-224426.97
-307539	-224069.97
-401391	-223659.83
-496825	-223225.2
-403265	-222840.1
-281310	-222552.1
-311922	-222403.44
-405616	-222435.4
-497119	-222631.1
-397811	-222976.33
-271255	-223403.02
-313289	-223830.12
-412991	-224197.4
-499555	-224428.12
-396427	-224496.44
-279260	-224375.69
-308528	-224074.64
-400256	-223641.39
-493283	-223105.72
-391497	-222532.7
-279305	-221946.22
-309821	-221367.25
-402349	-220824.52
-492737	-220311.0
-390364	-219854.19
-279452	-219457.77
-309422	-219148.52
-400803	-218988.4
-492817	-219016.47
-391721	-219304.4
-279937	-219873.1
-308702	-220722.83
-399891	-221832.92
-491809	-223110.14
-388352	-224457.69
-278867	-225721.98
-307249	-226756.16
-398909	-227453.11
-491314	-227716.28
-387362	-227537.1
-278152	-226930.64
-306839	-225974.33
-397960	-224801.61
-491806	-223530.66
-389139	-222306.53
-278612	-221211.81
-307414	-220300.02
-397681	-219602.03
-491327	-219082.75
-388471	-218722.14
-279464	-218463.36
-307693	-218273.95
-398828	-218167.34
-490828	-218154.45
-387847	-218300.44
-280877	-218640.4
-308986	-219205.22
-399035	-220011.75
-490636	-220999.98
-385290	-222094.12
-280331	-223140.02
-310454	-223973.77
-406563	-224456.66
-493659	-224458.44
-390022	-223940.56
-281590	-222913.27
-308955	-221478.47
-398669	-219829.39
-490376	-218173.45
-387179	-216762.14
-280338	-215783.06
-307433	-215373.03
-396299	-215603.12
-489297	-216418.58
-384246	-217712.83
-279644	-219276.69
-307709	-220880.84
-397377	-222321.75
-490644	-223405.9
-387452	-224042.34
-279466	-224186.66
-306390	-223883.02
-396186	-223263.12
-487497	-222468.28
-380281	-221683.2
-278538	-221035.12
-305974	-220619.52
-395667	-220496.22
-488642	-220635.95
-385035	-220992.44
-282079	-221453.27
-309357	-221905.48
-399469	-222269.83
-491156	-222464.28
-390765	-222480.06
-283262	-222314.52
-310750	-222008.14
-401098	-221647.77
-492318	-221297.67
-394333	-221047.61
-283207	-220936.22
-309781	-220981.62
-400645	-221197.92
-493405	-221542.23
-396126	-221985.0
-282823	-222454.86
-310111	-222885.36
-400004	-223239.81
-492896	-223462.48
-391351	-223547.39
-281089	-223469.69
-309916	-223228.27
-404327	-222857.1
-493177	-222373.62
-389742	-221829.53
-280432	-221251.03
-305614	-220673.7
-394767	-220153.47
-488404	-219708.56
-383038	-219383.66
-278762	-219173.44
-304349	-219070.78
-392129	-219077.19
-486772	-219151.25
-379699	-219279.56
-278036	-219406.47
-304162	-219491.9
-393304	-219524.17
-487931	-219471.72
-382919	-219351.31
-279994	-219153.23
-306466	-218891.55
-394879	-218605.17
-488684	-218304.31
-385071	-218031.22
-279944	-217786.6
-305241	-217573.92
-393121	-217415.06
-489999	-217296.36
-389977	-217236.48
-282180	-217221.2
-308102	-217241.0
-396587	-217313.47
-492194	-217421.44
-394915	-217575.84
-281333	-217748.97
-306344	-217913.64
-395499	-218062.66
-492410	-218157.75
-396144	-218199.94
-283080	-218168.78
-308283	-218068.66
-395881	-217942.52
-493036	-217816.69
-395834	-217759.61
-283696	-217803.83
-305028	-217981.17
-392866	-218319.25
-489969	-218786.22
-385647	-219357.03
-281369	-219943.02
-309029	-220450.48
-401851	-220811.66
-493957	-220943.27
-394259	-220823.34
-280747	-220440.44
-304929	-219831.11
-392487	-219091.38
-489940	-218307.7
-388007	-217606.36
-280246	-217061.06
-305512	-216726.67
-393057	-216636.19
-490099	-216746.39
-387826	-217011.53
-280818	-217322.38
-304968	-217577.12
-392066	-217705.92
-488001	-217639.05
-382669	-217383.5
-280064	-216951.83
-304667	-216404.28
-392319	-215850.73
-486734	-215375.98
-378890	-215090.48
-279306	-215039.28
-303146	-215244.14
-388716	-215711.45
-483738	-216382.08
-374103	-217209.92
-278961	-218095.34
-303826	-218958.16
-389168	-219750.38
-482270	-220414.58
-372214	-220952.28
-278736	-221343.4
-301962	-221599.17
-386081	-221758.36
-480259	-221832.11
-369827	-221866.19
-280276	-221858.11
-303622	-221820.84
-387193	-221781.1
-480460	-221734.14
-370699	-221710.81
-280957	-221696.1
-303210	-221688.23
-386282	-221695.95
-476888	-221688.72
-365910	-221661.81
-282246	-221557.44
-306331	-221335.38
-390189	-220977.58
-477497	-220446.3
-370533	-219757.38
-284221	-218910.86
-309451	-217951.72
-389312	-216959.3
-479570	-215996.23
-372272	-215160.31
-285178	-214495.11
-306397	-214044.27
-387085	-213836.0
-477083	-213842.2
-368382	-214045.69
-284122	-214368.75
-305978	-214750.81
-386682	-215148.16
-477096	-215504.94
-369882	-215820.33
-285157	-216070.72
-306698	-216271.39
-387025	-216460.1
-476057	-216650.45
-367146	-216887.2
-284162	-217160.53
-304374	-217475.28
-383326	-217836.19
-472874	-218217.19
-364572	-218626.88
-284674	-219030.67
-305888	-219425.31
-383880	-219821.02
-473243	-220203.08
-366766	-220589.66
-287023	-220945.92
-308621	-221254.88
-387363	-221502.66
-475467	-221646.67
-370432	-221682.47
-288301	-221573.22
-307684	-221325.36
-385513	-220976.8
-473248	-220560.7
-368332	-220158.78
-288599	-219812.66
-308984	-219582.38
-385954	-219516.97
-471962	-219611.55
-367816	-219862.17
-291224	-220190.38
-312348	-220525.4
-387678	-220798.16
-469678	-220925.81
-370796	-220878.48
-290697	-220621.73
-309154	-220182.69
-385552	-219629.55
-472496	-219026.45
-368117	-218477.45
-289148	-218029.97
-308619	-217732.75
-384294	-217609.1
-471651	-217620.97
-367579	-217735.73
-289884	-217857.78
-309437	-217917.44
-384979	-217866.72
-471518	-217658.22
-368617	-217310.34
-291707	-216827.05
-310264	-216262.64
-385108	-215691.11
-470626	-215156.92
-368125	-214722.77
-291606	-214381.84
-310319	-214130.75
-384117	-213950.94
-470171	-213786.67
-368339	-213616.17
-293091	-213384.72
-310858	-213085.66
-383649	-212743.28
-469866	-212377.66
-368411	-212054.45
-292957	-211796.17
-310638	-211640.81
-383452	-211615.33
-468724	-211695.61
-367490	-211866.56
-293056	-212052.5
-310651	-212198.89
-383068	-212271.3
-467972	-212229.66
-366486	-212095.83
-292789	-211877.83
-310325	-211635.52
-381268	-211455.5
-465660	-211396.16
-364775	-211532.73
-294622	-211864.55
-312257	-212383.75
-379324	-213055.38
-458080	-213787.86
-367160	-214500.06
-293175	-215072.69
-310440	-215430.98
-380904	-215541.88
-465914	-215387.36
-365707	-215024.52
-293930	-214499.8
-310826	-213912.39
-380827	-213373.17
-465456	-212954.66
-365270	-212734.36
-294237	-212704.56
-310952	-212848.27
-379916	-213119.45
-463661	-213422.69
-364065	-213687.94
-294037	-213808.1
-310866	-213731.72
-379788	-213450.64
-463765	-212970.11
-365205	-212366.1
-295351	-211695.83
-311936	-211061.0
-379949	-210567.98
-463960	-210279.86
-366591	-210262.44
-296226	-210498.19
-312270	-210961.64
-380276	-211605.69
-463557	-212334.12
-366414	-213076.48
-296240	-213722.12
-312412	-214207.72
-380349	-214509.27
-464385	-214606.36
-366271	-214541.72
-296176	-214337.3
-312283	-214057.81
-379858	-213785.52
-463956	-213567.75
-365107	-213470.03
-295081	-213490.1
-311032	-213630.4
-379044	-213882.66
-462506	-214195.94
-363972	-214541.36
-296446	-214840.58
-312163	-215054.8
-373387	-215166.55
-449202	-215149.4
-364679	-215021.73
-292975	-214780.78
-308512	-214463.44
-375339	-214126.31
-457802	-213799.84
-359177	-213543.14
-293964	-213358.02
-309915	-213265.08
-376944	-213280.38
-460012	-213379.66
-362536	-213560.8
-296331	-213767.2
-311400	-213973.03
-378269	-214162.62
-461719	-214301.38
-364411	-214397.31
-296157	-214422.11
-311380	-214390.14
-378069	-214330.28
-461651	-214250.94
-363574	-214193.31
-295325	-214148.27
-310554	-214133.39
-377415	-214162.78
-460261	-214216.98
-362131	-214303.47
-295027	-214376.7
-310353	-214426.52
-376280	-214448.81
-459285	-214422.12
-361967	-214366.34
-294915	-214262.4
-309917	-214132.55
-375414	-214004.02
-458659	-213879.7
-361641	-213791.7
-295234	-213715.56
-310020	-213654.62
-375376	-213604.31
-458514	-213532.86
-361069	-213441.02
-294840	-213286.1
-309644	-213069.4
-375106	-212804.8
-457080	-212497.56
-361126	-212196.02
-295107	-211909.03
-312374	-211681.98
-373496	-211555.03
-448031	-211536.11
-364925	-211645.05
-294572	-211845.52
-308784	-212117.11
-373567	-212428.16
-455660	-212720.47
-358392	-212973.81
-294215	-213128.88
-308612	-213176.92
-373516	-213125.75
-455952	-212978.89
-361066	-212786.11
-296001	-212557.81
-311007	-212340.53
-375441	-212175.3
-459057	-212071.81
-363964	-212061.77
-296981	-212117.22
-310604	-212235.19
-374943	-212405.17
-457499	-212593.61
-361726	-212802.2
-296498	-212989.78
-310311	-213156.39
-374092	-213306.23
-454774	-213426.95
-359218	-213541.39
-295335	-213625.14
-309786	-213688.45
-373287	-213738.48
-455619	-213761.2
-360014	-213777.92
-295282	-213764.64
-309213	-213734.94
-372591	-213703.7
-454726	-213666.05
-359491	-213650.06
-295554	-213632.6
-308996	-213618.84
-372291	-213604.6
-451861	-213558.92
-357233	-213477.39
-295122	-213308.1
-309509	-213037.45
-372709	-212660.03
-455486	-212162.8
-358669	-211584.66
-295972	-210932.25
-314422	-210260.11
-373765	-209629.81
-447818	-209085.2
-368857	-208691.36
-298750	-208463.27
-311204	-208425.83
-374063	-208583.56
-455952	-208903.28
-361361	-209369.42
-296429	-209910.0
-308836	-210484.0
-377001	-211049.9
-456495	-211557.31
-360980	-212000.19
-296182	-212338.88
-310096	-212579.34
-373139	-212734.94
-455467	-212805.58
-361600	-212827.5
-297178	-212790.19
-310001	-212714.75
-372969	-212616.39
-454896	-212488.56
-360741	-212356.31
-296958	-212198.22
-309446	-212026.98
-371818	-211854.03
-453605	-211673.22
-359201	-211513.72
-296246	-211358.06
-310389	-211221.22
-372622	-211113.75
-454657	-211025.19
-361031	-210975.89
-297069	-210937.75
-310796	-210913.67
-373042	-210903.53
-453975	-210888.88
-359797	-210886.14
-296341	-210866.6
-309542	-210836.78
-371591	-210801.6
-452336	-210749.17
-358232	-210701.6
-295581	-210634.2
-308270	-210556.0
-369602	-210470.81
-445872	-210365.44
-355610	-210257.53
-295246	-210119.75
-310265	-209960.08
-366996	-209786.19
-441473	-209591.86
-363791	-209403.95
-296742	-209216.92
-309802	-209054.39
-371773	-208942.33
-453314	-208889.31
-359144	-208936.61
-296377	-209072.31
-309634	-209311.1
-369555	-209652.72
-449321	-210068.48
-356391	-210551.84
-295884	-211041.06
-307874	-211503.25
-368949	-211900.7
-448819	-212183.55
-356229	-212346.38
-295917	-212350.9
-308607	-212209.25
-367058	-211946.0
-448962	-211581.31
-359213	-211178.94
-296162	-210761.16
-309577	-210379.66
-370927	-210073.8
-453989	-209852.11
-361635	-209743.48
-297981	-209714.52
-309827	-209751.83
-370643	-209829.23
-451516	-209900.34
-359050	-209954.97
-296489	-209944.52
-308767	-209864.0
-369267	-209717.17
-448699	-209503.6
-356277	-209268.67
-295805	-209017.6
-307764	-208792.86
-367788	-208632.45
-449016	-208551.05
-356609	-208590.25
-295526	-208733.31
-306697	-208986.12
-366861	-209339.0
-448419	-209754.39
-358476	-210221.69
-299871	-210680.8
-311242	-211105.48
-368182	-211469.64
-445053	-211736.92
-366061	-211913.05
-298430	-211978.02
-310456	-211946.06
-370439	-211842.42
-452350	-211681.31
-361481	-211515.2
-299154	-211348.39
-310316	-211213.5
-370444	-211127.98
-451645	-211082.7
-360129	-211093.06
-297926	-211119.17
-309332	-211149.9
-369366	-211168.34
-452094	-211143.84
-360441	-211088.69
-297306	-210977.28
-309802	-210825.75
-370121	-210653.4
-451122	-210467.45
-359769	-210310.42
-298323	-210176.05
-309595	-210085.72
-369746	-210049.84
-450591	-210055.28
-360031	-210117.83
-298366	-210203.97
-307894	-210312.33
-369786	-210435.9
-451891	-210551.84
-362519	-210672.81
-300961	-210764.6
-310389	-210824.8
-369422	-210842.38
-449865	-210787.64
-360374	-210664.12
-299514	-210432.31
-310654	-210091.86
-370358	-209648.05
-450732	-209104.05
-362707	-208513.06
-300464	-207896.22
-311226	-207318.28
-370508	-206841.66
-450136	-206507.77
-361121	-206378.5
-301490	-206449.31
-311106	-206724.4
-365294	-207177.92
-442147	-207743.33
-364350	-208370.75
-299219	-208966.98
-309824	-209465.98
-369494	-209816.22
-451194	-209969.72
-361702	-209938.28
-299536	-209713.08
-310557	-209339.8
-369711	-208872.45
-450691	-208357.03
-360768	-207872.89
-299014	-207446.19
-309696	-207123.86
-368263	-206933.86
-449046	-206873.9
-359409	-206964.9
-298448	-207171.83
-309620	-207485.56
-367943	-207888.11
-448793	-208341.19
-359349	-208838.48
-298850	-209324.95
-310353	-209776.83
-368744	-210164.94
-449164	-210446.23
-360312	-210617.05
-299855	-210637.5
-310501	-210511.78
-368480	-210252.62
-449922	-209869.67
-361122	-209419.28
-299935	-208919.38
-310821	-208422.66
-369471	-207972.39
-450740	-207586.05
-361876	-207305.11
-300537	-207111.05
-310692	-207007.67
-369356	-206984.73
-450407	-207013.86
-360428	-207103.34
-301751	-207222.0
-309981	-207379.47
-368488	-207584.39
-449072	-207833.61
-360790	-208156.83
-301242	-208531.8
-309667	-208959.45
-364276	-209423.45
-442139	-209878.39
-365372	-210305.38
-299687	-210647.8
-310009	-210878.05
-368297	-210982.25
-449684	-210947.27
-361352	-210812.48
-299844	-210588.02
-310762	-210325.95
-369041	-210075.11
-451440	-209862.28
-362765	-209734.16
-300476	-209675.56
-310627	-209685.69
-368565	-209743.25
-449569	-209803.0
-360799	-209854.64
-300323	-209849.95
-310056	-209787.67
-368394	-209677.33
-449384	-209528.52
-360561	-209395.34
-299292	-209289.47
-309692	-209248.33
-367397	-209291.88
-449644	-209406.67
-361139	-209597.34
-299749	-209809.42
-310256	-210014.22
-368674	-210180.02
-450454	-210269.8
-361808	-210298.28
-300457	-210253.72
-309990	-210172.6
-367999	-210096.56
-449452	-210050.84
-361277	-210087.64
-300004	-210196.2
-310175	-210376.1
-367666	-210600.34
-450199	-210809.2
-362145	-210972.22
-299976	-211017.88
-310150	-210923.31
-367410	-210683.92
-450026	-210306.95
-362609	-209861.08
-302313	-209389.23
-309797	-208972.4
-364265	-208679.9
-442442	-208545.23
-366484	-208607.23
-298893	-208835.98
-311949	-209192.78
-367528	-209618.92
-449739	-210027.73
-361290	-210371.97
-299832	-210573.61
-309759	-210611.66
-366943	-210487.64
-448805	-210213.84
-361013	-209858.69
-300549	-209456.33
-309902	-209073.22
-367056	-208760.03
-448132	-208535.69
-361437	-208434.42
-300466	-208427.08
-310162	-208501.92
-366869	-208633.48
-448788	-208779.05
-361332	-208937.72
-300798	-209070.34
-310491	-209179.3
-367109	-209270.95
-448894	-209340.45
-361439	-209420.56
-301294	-209496.81
-310812	-209583.42
-367103	-209685.7
-448340	-209788.8
-361391	-209911.12
-300661	-210024.8
-310194	-210134.77
-366546	-210241.03
-447639	-210328.16
-360281	-210414.69
-300382	-210471.56
-309874	-210499.0
-366521	-210488.61
-447320	-210416.16
-360336	-210294.94
-300630	-210097.61
-309779	-209838.06
-366207	-209534.08
-446632	-209197.94
-361329	-208884.1
-302896	-208605.06
-309929	-208404.16
-362522	-208311.12
-439881	-208328.05
-366251	-208473.94
-302399	-208715.75
-310921	-209030.8
-367155	-209388.2
-448325	-209737.88
-361725	-210067.47
-301531	-210326.7
-310454	-210507.6
-366939	-210607.28
-447860	-210617.0
-361439	-210570.34
-301307	-210458.42
-309750	-210305.97
-369390	-210129.98
-447735	-209931.44
-360706	-209744.6
-301024	-209556.22
-310101	-209386.52
-366299	-209250.78
-447648	-209148.02
-361163	-209110.89
-301226	-209122.48
-310285	-209191.94
-366216	-209314.69
-446277	-209463.55
-364321	-209638.23
-302397	-209792.58
-310256	-209912.98
-365994	-209985.39
-447372	-209990.78
-360943	-209955.53
-301267	-209871.56
-310282	-209770.44
-366222	-209681.44
-447860	-209615.45
-361736	-209611.03
-302728	-209649.39
-312076	-209730.12
-366777	-209837.17
-447520	-209931.28
-361126	-210007.5
-301482	-210021.08
-310010	-209968.55
-365289	-209854.97
-446722	-209682.56
-362388	-209499.61
-303314	-209314.7
-309797	-209166.89
-361651	-209082.77
-440041	-209061.25
-366691	-209119.86
-301484	-209224.95
-310027	-209356.6
-365748	-209490.42
-447486	-209587.5
-361314	-209651.64
-301404	-209651.55
-309836	-209599.31
-365396	-209511.69
-446292	-209395.9
-360522	-209296.28
-301414	-209208.97
-310448	-209155.73
-365180	-209145.3
-446616	-209162.89
-360757	-209223.34
-301325	-209293.5
-309850	-209371.7
-365496	-209452.84
-446874	-209519.92
-360809	-209594.66
-301983	-209654.44
-310638	-209708.25
-366218	-209758.28
-446997	-209787.05
-361364	-209810.92
-301432	-209799.7
-309591	-209755.28
-364774	-209678.23
-445762	-209558.22
-360091	-209427.5
-301320	-209276.73
-309600	-209131.69
-364736	-209012.5
-445014	-208919.16
-359865	-208880.33
-302376	-208869.6
-310823	-208885.75
-365869	-208914.92
-444672	-208927.6
-359981	-208929.72
-301833	-208888.64
-310277	-208813.4
-364556	-208715.92
-445347	-208602.14
-361707	-208517.34
-303953	-208462.52
-308284	-208466.6
-360574	-208543.81
-434017	-208683.75
-367110	-208893.72
-302442	-209136.0
-310509	-209389.3
-365027	-209631.4
-443444	-209826.45
-359770	-209979.22
-302022	-210058.58
-310213	-210073.28
-364712	-210035.0
-444637	-209944.95
-361032	-209841.69
-303820	-209718.31
-310877	-209597.39
-365492	-209493.88
-445032	-209403.05
-361084	-209351.44
-303215	-209318.12
-311300	-209311.86
-365887	-209333.98
-445206	-209369.2
-361237	-209434.1
-302929	-209498.92
-311211	-209562.89
-365697	-209620.22
-444276	-209649.78
-360641	-209667.95
-303256	-209649.9
-310514	-209608.69
-364543	-209557.52
-442171	-209499.4
-359140	-209472.58
-302717	-209468.77
-311166	-209506.88
-365750	-209592.3
-446044	-209704.52
-362059	-209849.02
-303181	-209978.03
-311487	-210072.11
-365467	-210109.0
-444828	-210057.9
-361237	-209934.19
-303322	-209721.56
-310964	-209449.42
-364816	-209152.48
-444764	-208856.02
-362057	-208619.17
-303302	-208449.47
-312345	-208373.81
-361327	-208400.53
-435259	-208507.0
-367756	-208687.69
-302956	-208891.98
-310639	-209089.56
-364969	-209254.58
-445201	-209350.84
-361651	-209390.67
-303154	-209353.1
-311017	-209259.73
-365144	-209135.16
-446579	-208991.47
-362644	-208875.39
-303156	-208783.58
-310604	-208737.14
-364214	-208743.77
-444366	-208788.06
-360554	-208883.66
-302773	-208995.23
-310335	-209117.4
-364753	-209239.67
-443694	-209337.83
-360661	-209424.61
-303007	-209469.3
-310798	-209474.8
-363727	-209441.61
-441355	-209356.98
-359112	-209245.56
-302429	-209090.83
-309784	-208912.31
-363672	-208728.45
-444358	-208545.36
-360721	-208405.89
-302701	-208306.47
-309570	-208269.9
-363729	-208306.38
-444872	-208400.44
-361612	-208561.56
-302857	-208744.17
-310167	-208926.92
-363796	-209080.2
-445350	-209161.08
-361436	-209169.98
-302577	-209073.84
-309882	-208884.52
-363575	-208623.5
-444351	-208308.48
-358681	-208001.12
-304356	-207718.33
-311982	-207504.62
-360472	-207390.95
-434649	-207378.16
-367969	-207482.23
-302901	-207669.17
-310002	-207915.2
-363716	-208190.69
-445364	-208449.81
-361354	-208687.98
-302513	-208865.4
-309996	-208985.16
-364166	-209056.89
-445257	-209084.33
-361528	-209111.31
-302783	-209136.75
-309679	-209185.61
-363719	-209269.03
-444216	-209373.25
-361186	-209508.19
-302713	-209632.97
-310006	-209733.92
-363685	-209792.58
-445490	-209780.48
-362173	-209713.38
-303613	-209571.7
-309952	-209377.3
-363606	-209154.78
-444819	-208917.36
-361466	-208715.22
-302917	-208550.61
-309608	-208449.38
-363775	-208424.84
-445354	-208466.86
-362054	-208592.31
-302874	-208766.05
-310314	-208979.2
-364617	-209214.62
-446249	-209438.69
-362259	-209654.25
-302734	-209820.42
-309439	-209930.45
-363597	-209975.39
-445296	-209936.1
-361846	-209835.53
-302729	-209658.1
-309368	-209426.36
-363200	-209163.95
-440303	-208886.33
-360827	-208644.31
-304834	-208444.83
-311774	-208320.84
-360211	-208293.05
-435802	-208355.94
-369420	-208521.8
-302934	-208754.95
-309590	-209031.27
-363424	-209320.98
-445681	-209577.0
-362125	-209792.56
-303086	-209923.81
-310231	-209970.02
-363737	-209936.89
-445731	-209825.34
-362032	-209679.67
-302481	-209501.77
-309213	-209322.72
-363011	-209162.83
-444314	-209018.98
-361088	-208915.56
-302365	-208824.17
-309246	-208742.84
-357824	-208664.5
-442758	-208566.56
-364829	-208466.94
-303321	-208347.02
-309907	-208223.2
-363848	-208110.77
-445714	-208011.28
-362370	-207961.11
-303326	-207947.03
-309876	-207981.61
-363494	-208066.17
-445304	-208180.77
-360979	-208337.92
-307425	-208500.53
-310803	-208665.94
-363129	-208824.19
-444629	-208952.55
-361531	-209065.5
-302822	-209134.06
-309120	-209160.95
-362686	-209144.39
-444812	-209069.52
-362029	-208959.7
-303138	-208798.1
-309505	-208603.62
-362968	-208394.34
-444462	-208179.27
-362804	-208004.92
-304092	-207873.72
-307994	-207814.73
-359443	-207843.47
-438839	-207950.16
-367624	-208144.52
-302914	-208388.81
-309095	-208654.81
-362536	-208912.17
-444376	-209114.86
-361844	-209259.66
-303503	-209310.4
-309208	-209275.27
-362809	-209171.12
-445394	-209010.97
-362856	-208850.98
-303361	-208703.36
-309836	-208604.45
-363126	-208575.05
-446452	-208606.73
-363446	-208713.38
-303697	-208852.75
-310254	-209005.23
-364666	-209144.2
-446599	-209232.48
-363852	-209278.47
-303764	-209257.33
-309697	-209186.64
-363133	-209088.36
-445329	-208975.12
-362864	-208895.88
-303110	-208850.9
-308871	-208861.67
-362269	-208932.58
-444342	-209042.52
-363795	-209195.31
-302992	-209346.69
-309036	-209478.56
-362751	-209569.86
-445547	-209590.52
-362614	-209555.03
-302989	-209441.84
-309116	-209268.44
-362626	-209052.56
-445559	-208800.86
-363025	-208557.67
-302986	-208321.94
-310485	-208118.94
-363459	-207966.11
-446963	-207860.36
-364175	-207831.44
-305053	-207859.67
-308028	-207952.05
-359582	-208105.69
-438564	-208297.89
-369131	-208535.14
-303291	-208783.83
-309547	-209027.22
-363645	-209248.22
-448454	-209413.52
-365356	-209529.53
-303042	-209562.94
-309039	-209516.2
-362681	-209393.8
-447147	-209192.9
-363912	-208953.58
-303006	-208676.45
-308662	-208394.86
-362897	-208137.6
-447651	-207915.45
-363931	-207772.2
-303122	-207700.66
-309372	-207716.0
-363046	-207820.03
-448831	-207991.66
-365213	-208239.9
-303142	-208523.77
-308770	-208827.28
-362917	-209126.9
-449574	-209383.55
-365537	-209599.28
-303021	-209737.11
-308924	-209796.31
-363572	-209778.73
-450389	-209680.12
-365947	-209542.1
-303158	-209365.9
-309236	-209185.08
-363131	-209025.42
-450224	-208890.84
-365584	-208815.17
-302613	-208776.28
-308181	-208772.19
-362691	-208787.8
-449862	-208788.38
-365207	-208778.7
-302251	-208723.34
-307534	-208625.22
-362379	-208492.11
-449456	-208325.86
-365931	-208172.61
-303693	-208035.69
-306798	-207946.7
-359589	-207922.03
-441907	-207953.06
-371295	-208053.23
-302752	-208190.84
-308259	-208345.8
-363167	-208498.25
-451876	-208615.81
-368464	-208712.12
-303216	-208767.69
-308942	-208801.22
-365298	-208833.1
-454639	-208870.48
-371339	-208954.8
-305802	-209075.45
-310691	-209238.98
-366198	-209434.05
-456983	-209623.48
-373621	-209803.81
-304954	-209928.66
-311702	-209984.17
-367015	-209963.72
-457033	-209855.64
-371843	-209700.38
-301924	-209501.56
-306661	-209293.42
-360954	-209102.94
-448376	-208933.22
-359941	-208817.28
-296583	-208730.7
-301925	-208671.81
-356214	-208629.95
-446109	-208579.64
-359169	-208541.47
-298585	-208496.28
-305391	-208462.92
-360570	-208459.38
-450393	-208486.34
-365447	-208578.22
-301614	-208712.52
-307365	-208883.72
-362482	-209069.44
-452286	-209223.4
-367430	-209337.53
-301876	-209365.58
-307425	-209303.03
-363036	-209158.34
-453173	-208942.1
-370071	-208717.4
-304301	-208512.12
-307658	-208378.84
-362409	-208352.64
-447599	-208434.05
-378904	-208636.17
-304851	-208914.98
-309591	-209226.25
-364254	-209520.95
-457123	-209734.81
-371774	-209857.39
-301063	-209854.17
-306037	-209741.16
-361985	-209550.22
-452316	-209311.44
-365423	-209099.45
-298427	-208937.33
-303794	-208862.36
-359213	-208887.28
-451465	-208987.75
-366019	-209162.19
-298874	-209355.17
-303999	-209537.83
-360072	-209683.47
-454212	-209762.11
-369431	-209801.3
-300849	-209795.84
-306074	-209775.4
-363343	-209767.86
-456329	-209779.19
-371590	-209843.0
-301569	-209935.34
-306829	-210047.02
-363222	-210155.9
-457462	-210221.6
-372365	-210250.08
-301502	-210212.47
-306701	-210121.7
-363461	-209994.48
-458539	-209840.12
-373564	-209709.7
-300939	-209603.11
-305259	-209536.08
-362602	-209504.69
-456822	-209476.0
-371354	-209450.52
-299692	-209383.34
-304552	-209264.4
-361179	-209092.12
-455431	-208865.7
-370821	-208641.75
-300924	-208443.78
-303796	-208325.48
-360104	-208328.48
-448311	-208464.08
-378653	-208757.25
-302226	-209174.22
-306242	-209680.53
-363972	-210230.31
-460533	-210758.84
-376983	-211251.48
-301407	-211669.38
-306409	-212019.23
-364360	-212323.66
-460306	-212601.14
-375994	-212913.7
-300342	-213269.14
-305730	-213678.81
-364426	-214121.62
-460351	-214530.12
-376158	-214854.03
-300101	-214987.48
-304807	-214853.67
-363297	-214391.45
-460602	-213557.48
-376329	-212393.97
-299047	-210946.83
-305129	-209327.61
-363667	-207672.42
-458704	-206111.9
-379889	-204807.28
-301046	-203851.72
-305399	-203321.2
-364617	-203237.53
-462286	-203556.4
-379617	-204231.14
-299856	-205142.11
-304883	-206177.03
-364536	-207220.8
-462649	-208156.9
-380839	-208936.55
-299998	-209502.0
-304997	-209852.88
-365316	-210014.9
-464399	-210020.28
-384312	-209955.45
-300624	-209871.08
-305147	-209833.61
-364996	-209892.2
-463332	-210059.4
-383174	-210366.69
-300557	-210781.81
-302507	-211275.7
-363897	-211797.33
-456582	-212272.45
-389490	-212658.8
-300132	-212888.52
-305772	-212918.77
-367951	-212727.02
-468932	-212295.58
-392654	-211671.31
-301407	-210885.14
-304947	-210005.19
-367202	-209106.2
-468397	-208247.72
-391432	-207522.77
-301999	-206970.84
-306477	-206631.97
-368557	-206519.38
-469037	-206607.52
-389562	-206892.47
-297776	-207317.64
-302724	-207839.23
-365793	-208408.33
-465831	-208964.5
-382635	-209497.2
-294879	-209964.45
-299911	-210357.36
-362112	-210672.42
-467136	-210896.05
-386837	-211062.98
-296462	-211170.14
-301177	-211237.86
-364980	-211281.66
-468607	-211298.12
-387525	-211322.48
-296003	-211343.72
-300615	-211366.05
-364708	-211382.06
-469184	-211361.2
-388579	-211309.72
-294906	-211193.34
-299944	-211000.34
-364015	-210723.4
-471056	-210349.22
-393070	-209921.92
-295841	-209461.3
-301271	-209018.4
-367624	-208646.84
-474430	-208381.27
-399286	-208288.12
-300935	-208379.08
-299972	-208662.06
-373794	-209113.02
-474487	-209674.28
-418086	-210305.81
-304593	-210938.3
-309358	-211509.73
-375132	-211974.67
-479636	-212288.5
-415896	-212465.83
-303461	-212511.14
-306415	-212454.45
-373316	-212331.36
-480306	-212158.47
-417623	-211983.17
-302916	-211812.81
-304596	-211655.62
-370820	-211510.05
-477126	-211354.81
-406270	-211210.66
-297401	-211070.34
-301707	-210948.98
-369129	-210866.38
-478053	-210825.11
-407854	-210864.67
-296714	-210980.45
-300711	-211167.95
-368181	-211407.33
-475285	-211648.69
-398012	-211879.02
-292496	-212052.22
-295944	-212150.86
-364041	-212170.98
-466056	-212112.83
-376373	-212037.52
-284414	-211971.03
-286191	-211963.73
-347234	-212049.27
-453902	-212222.61
-356942	-212501.2
-278103	-212827.8
-285269	-213153.94
-348641	-213419.9
-458041	-213553.34
-369410	-213546.52
-290423	-213372.17
-299164	-213060.66
-366437	-212666.9
-476756	-212247.73
-409599	-211907.14
-303796	-211707.66
-310621	-211705.31
-383058	-211922.78
-482684	-212336.39
-452644	-212918.52
-317596	-213611.19
-311238	-214342.03
-386578	-215043.7
-486065	-215647.19
-437274	-216133.06
-314027	-216478.89
-310149	-216686.86
-372540	-216769.34
-477655	-216721.81
-420191	-216573.06
-311533	-216315.2
-314499	-215949.47
-378641	-215473.61
-482924	-214872.48
-435199	-214175.97
-308844	-213407.11
-303096	-212614.45
-375499	-211855.06
-477702	-211176.2
-404741	-210659.3
-301244	-210333.31
-309262	-210219.66
-378970	-210311.05
-474202	-210558.98
-391240	-210931.83
-292689	-211346.78
-293336	-211741.75
-359087	-212063.28
-467864	-212258.31
-389244	-212340.94
-294072	-212307.4
-298907	-212193.52
-362309	-212045.38
-470602	-211892.72
-397043	-211802.72
-297401	-211794.72
-304287	-211895.28
-367558	-212121.44
-476924	-212462.55
-407951	-212943.78
-299713	-213553.94
-304084	-214295.62
-371801	-215168.45
-478689	-216147.62
-407462	-217240.14
-303126	-218404.75
-303167	-219606.55
-372167	-220797.89
-472451	-221909.9
-408908	-222910.12
-300925	-223744.28
-302967	-224378.9
-365878	-224801.39
-473697	-224993.98
-395694	-224994.08
-295663	-224807.45
-298279	-224462.1
-359747	-223987.08
-466147	-223387.25
-385146	-222709.31
-295007	-221956.38
-300226	-221158.98
-362132	-220355.5
-468463	-219570.55
-389307	-218875.03
-295881	-218295.06
-295053	-217866.31
-358612	-217600.12
-464587	-217455.17
-380639	-217397.72
-293084	-217313.64
-297763	-217088.1
-359610	-216598.2
-466002	-215709.4
-384290	-214361.08
-295331	-212498.3
-297836	-210145.4
-359768	-207391.7
-467352	-204359.39
-391451	-201253.06
-298121	-198257.77
-299614	-195578.78
-364174	-193403.55
-468784	-191864.97
-394305	-191093.97
-299744	-191137.39
-304102	-192020.84
-367938	-193736.97
-467881	-196229.02
-388177	-199451.83
-300216	-203290.97
-302362	-207624.52
-365012	-212301.86
-462174	-217120.47
-382372	-221888.34
-300018	-226353.14
-301034	-230288.27
-363371	-233493.64
-458196	-235801.25
-388677	-237148.45
-298337	-237525.84
-301268	-237028.22
-362457	-235841.72
-466535	-234188.19
-389291	-232358.05
-299984	-230591.55
-303845	-229104.45
-365466	-228049.6
-468992	-227468.73
-393654	-227354.4
-300606	-227582.7
-301905	-227995.39
-363941	-228418.47
-466497	-228662.16
-387831	-228609.53
-297595	-228152.14
-300662	-227257.56
-361920	-225954.38
-465800	-224289.0
-387356	-222374.62
-296595	-220294.92
-300625	-218153.7
-361632	-216052.66
-466147	-214059.45
-388881	-212273.53
-298512	-210744.0
-301374	-209535.89
-364168	-208713.39
-467902	-208304.98
-391867	-208358.11
-301829	-208849.62
-302893	-209743.61
-365686	-210973.25
-470175	-212417.52
-398001	-213973.45
-300927	-215495.27
-302427	-216869.95
-365456	-218021.75
-470741	-218892.75
-398099	-219507.39
-299887	-219888.62
-300463	-220101.28
-361622	-220225.62
-469757	-220301.83
-397039	-220381.52
-298010	-220440.31
-297874	-220435.77
-359557	-220310.39
-460058	-219978.81
-396389	-219398.64
-298994	-218530.14
-300547	-217383.6
-362117	-216037.3
-468533	-214578.52
-393354	-213157.0
-298563	-211884.22
-299547	-210860.39
-361229	-210161.94
-463000	-209784.67
-382155	-209709.1
-295373	-209829.02
-299937	-210026.66
-364124	-210199.69
-468291	-210237.3
-395847	-210103.0
-297737	-209768.77
-297724	-209268.11
-361535	-208685.69
-467042	-208100.95
-390159	-207634.33
-296849	-207349.0
-299375	-207294.33
-361653	-207498.94
-467784	-207927.66
-391416	-208556.86
-296631	-209305.42
-299091	-210106.89
-362093	-210915.52
-468587	-211674.62
-393626	-212383.06
-296106	-213014.89
-297570	-213573.52
-361011	-214067.08
-469637	-214474.06
-395980	-214803.39
-296261	-215012.28
-297728	-215078.03
-361694	-214979.16
-471756	-214683.17
-401626	-214216.58
-298112	-213588.64
-298444	-212852.22
-362648	-212079.42
-473296	-211329.53
-405217	-210701.06
-296871	-210246.25
-295124	-210007.66
-361711	-210016.11
-465505	-210250.5
-407944	-210696.98
-296882	-211300.9
-297340	-211987.08
-363238	-212710.0
-474990	-213398.44
-410611	-214020.45
-297237	-214529.83
-297291	-214889.22
-364654	-215096.44
-474566	-215130.22
-406948	-215014.83
-295742	-214749.53
-296105	-214346.84
-361714	-213846.52
-477268	-213268.92
-425397	-212678.31
-300884	-212121.11
-299773	-211635.52
-365728	-211281.22
-476700	-211076.23
-415522	-211053.11
-294038	-211197.06
-292874	-211480.3
-361199	-211873.0
-476628	-212311.08
-423182	-212767.12
-298763	-213200.77
-295187	-213594.53
-365004	-213956.28
-477511	-214286.66
-421211	-214630.44
-297979	-215002.55
-294684	-215416.1
-364372	-215873.25
-476736	-216328.7
-418431	-216753.61
-297211	-217074.86
-294526	-217225.12
-365150	-217160.9
-477271	-216839.36
-420470	-216291.12
-295422	-215557.08
-294906	-214714.34
-365119	-213875.95
-480334	-213130.31
-440434	-212579.95
-307458	-212274.05
-295070	-212218.27
-367083	-212380.1
-475969	-212665.27
-444914	-212980.92
-303964	-213220.58
-293072	-213291.23
-372193	-213150.44
-482386	-212783.28
-450006	-212252.0
-304812	-211642.31
-298244	-211059.25
-378283	-210612.92
-485534	-210368.77
-466313	-210374.94
-312641	-210620.97
-302648	-211046.72
-381451	-211563.34
-485049	-212051.47
-470091	-212424.48
-315242	-212619.1
-295267	-212612.23
-370541	-212429.34
-484039	-212115.19
-476651	-211759.62
-319643	-211449.89
-299701	-211254.16
-377305	-211207.36
-486499	-211288.77
-459721	-211469.84
-307063	-211687.81
-294762	-211873.89
-367890	-211977.39
-482443	-211956.83
-466657	-211835.14
-308582	-211663.23
-288881	-211511.1
-358829	-211460.56
-482240	-211555.64
-475517	-211834.5
-314803	-212291.64
-299460	-212870.83
-384004	-213488.47
-487867	-214032.86
-475214	-214420.6
-310853	-214596.48
-293741	-214542.31
-371957	-214290.22
-484745	-213897.88
-470613	-213472.92
-307831	-213126.08
-285209	-212943.38
-370046	-212970.31
-481608	-213192.92
-471444	-213572.08
-302146	-214037.64
-281863	-214491.8
-360577	-214850.77
-482688	-215041.17
-461814	-215063.7
-296826	-214959.38
-279347	-214801.6
-357270	-214688.95
-482791	-214694.94
-472334	-214896.23
-302231	-215322.02
-281135	-215939.2
-360799	-216668.11
-482493	-217375.7
-481809	-217941.06
-309027	-218263.27
-282555	-218272.94
-364862	-217959.39
-483382	-217357.53
-488615	-216579.3
-314727	-215776.55
-281597	-215100.0
-364006	-214676.33
-483416	-214566.19
-489551	-214787.94
-315784	-215295.83
-280472	-215977.11
-364834	-216680.53
-484106	-217232.22
-491386	-217504.22
-314739	-217427.77
-278749	-216994.3
-365216	-216266.84
-484134	-215358.9
-495358	-214445.1
-320082	-213719.31
-278219	-213343.77
-364862	-213426.62
-483968	-213988.19
-497448	-214987.05
-322811	-216316.78
-277411	-217809.98
-365545	-219273.52
-484462	-220512.4
-496515	-221396.78
-322010	-221872.83
-273891	-221961.53
-369672	-221756.19
-483752	-221400.55
-502637	-221083.38
-330465	-221002.3
-276772	-221304.97
-368871	-222066.66
-485127	-223268.77
-507984	-224825.77
-343847	-226593.53
-275919	-228390.77
-368253	-230017.83
-485634	-231298.61
-510681	-232133.69
-352780	-232510.67
-277536	-232502.34
-371734	-232223.61
-485922	-231818.5
-512971	-231443.81
-361300	-231228.73
-277047	-231246.47
-369826	-231472.36
-485872	-231799.19
-514624	-232078.02
-369504	-232144.86
-277137	-231867.12
-372262	-231141.58
-487369	-229943.72
-515516	-228357.17
-373683	-226557.52
-278632	-224797.58
-374844	-223323.58
-486699	-222353.36
-515799	-222047.58
-375566	-222472.86
-276744	-223597.94
-371839	-225255.81
-486010	-227193.89
-516031	-229131.08
-378530	-230796.36
-278227	-231987.64
-376199	-232558.98
-487621	-232462.6
-516477	-231760.25
-378490	-230596.56
-272179	-229177.78
-369931	-227687.55
-486727	-226274.38
-516722	-225041.17
-377974	-224026.64
-266542	-223221.84
-373839	-222540.52
-487427	-221877.55
-517168	-221144.7
-380862	-220298.17
-268189	-219356.66
-372756	-218365.61
-488408	-217409.61
-518088	-216605.77
-388288	-216070.11
-271656	-215910.8
-377447	-216158.81
-489538	-216789.22
-519392	-217732.34
-401022	-218880.44
-279816	-220132.94
-389776	-221356.98
-493256	-222445.72
-519902	-223334.62
-408301	-223999.44
-277364	-224477.11
-384142	-224800.16
-492455	-225010.62
-520579	-225153.9
-410402	-225259.69
-277504	-225366.92
-383775	-225461.83
-492210	-225520.03
-520671	-225522.3
-409547	-225457.05
-272214	-225354.95
-381609	-225230.48
-492336	-225111.47
-520685	-225036.77
-409239	-225040.16
-269086	-225167.92
-374993	-225409.14
-490917	-225727.58
-520872	-226075.28
-411494	-226391.53
-271982	-226647.28
-379322	-226789.81
-491547	-226791.16
-521367	-226657.19
-415511	-226420.22
-274384	-226164.05
-385905	-225944.89
-494797	-225818.2
-521758	-225831.4
-420055	-226007.25
-271330	-226372.05
-394998	-226891.25
-499191	-227523.52
-522010	-228220.44
-420195	-228935.2
-274332	-229653.39
-383947	-230346.17
-493954	-230999.92
-522171	-231610.98
-422171	-232184.3
-271936	-232747.16
-380377	-233294.45
-493235	-233813.67
-522304	-234288.55
-420581	-234707.62
-272186	-235079.97
-386964	-235400.88
-495393	-235677.23
-523062	-235924.27
-434312	-236167.53
-280351	-236451.52
-389259	-236790.25
-495286	-237185.17
-523237	-237619.4
-434058	-238060.7
-286087	-238483.98
-409266	-238838.86
-499998	-239092.78
-523547	-239219.55
-440269	-239214.5
-288551	-239122.22
-405306	-238975.8
-500332	-238823.44
-523706	-238708.25
-440324	-238657.58
-285117	-238702.28
-402389	-238822.69
-500624	-238981.52
-523815	-239124.89
-445070	-239187.77
-290116	-239139.52
-410956	-238945.84
-502352	-238606.77
-523834	-238139.53
-443808	-237587.5
-282927	-237028.94
-393534	-236518.94
-498204	-236102.38
-523602	-235801.75
-434905	-235617.95
-267466	-235556.72
-401039	-235580.92
-503324	-235666.05
-523336	-235789.17
-432487	-235948.61
-272496	-236182.47
-389619	-236524.23
-496572	-237016.75
-523080	-237695.03
-433198	-238571.92
-274367	-239658.4
-391206	-240906.05
-495975	-242238.69
-523037	-243556.7
-436014	-244751.16
-278934	-245747.19
-397473	-246475.64
-496919	-246909.34
-522992	-247055.56
-436794	-246956.48
-279842	-246698.75
-396027	-246358.9
-496932	-246011.16
-522945	-245699.44
-435452	-245440.89
-275820	-245239.22
-389368	-245057.53
-495694	-244852.6
-522892	-244575.88
-436144	-244195.61
-276767	-243720.9
-394710	-243168.52
-497240	-242587.45
-522816	-242029.14
-437189	-241549.47
-278024	-241210.78
-393230	-241041.06
-496277	-241053.6
-522661	-241230.14
-436612	-241541.36
-276006	-241967.05
-391102	-242472.08
-496207	-243038.62
-522690	-243645.77
-436609	-244282.0
-276982	-244951.69
-397881	-245633.92
-497935	-246309.44
-522813	-246929.47
-437756	-247436.7
-272280	-247786.56
-405027	-247917.92
-503377	-247810.3
-522880	-247452.72
-439910	-246874.1
-278929	-246149.86
-397853	-245361.0
-498769	-244614.7
-522879	-243995.17
-440057	-243569.48
-279066	-243386.45
-401349	-243436.94
-499707	-243706.62
-522901	-244137.81
-440267	-244673.02
-278677	-245278.11
-398822	-245915.28
-498924	-246600.03
-523064	-247345.62
-440292	-248182.72
-278081	-249151.64
-398258	-250245.39
-499062	-251459.38
-523102	-252727.33
-440295	-253958.72
-277532	-255061.72
-399869	-255917.14
-499929	-256471.08
-523156	-256685.22
-440905	-256582.9
-279021	-256255.47
-401198	-255804.2
-499404	-255389.6
-523092	-255131.58
-440652	-255121.42
-278986	-255405.34
-399614	-255929.97
-498793	-256619.52
-523088	-257321.31
-439659	-257870.83
-276851	-258132.05
-398233	-257977.56
-499106	-257388.38
-523072	-256385.89
-439190	-255068.5
-276805	-253594.58
-396929	-252108.12
-497716	-250785.3
-523061	-249729.17
-438944	-248991.84
-270594	-248576.52
-408096	-248391.05
-504761	-248361.56
-523347	-248364.55
-442535	-248302.52
-280031	-248132.52
-401364	-247826.36
-500328	-247455.02
-523400	-247089.97
-442541	-246826.72
-279783	-246769.62
-401405	-246951.56
-499782	-247410.84
-523344	-248091.33
-442326	-248899.88
-279386	-249728.94
-400611	-250419.39
-499349	-250887.08
-523486	-251043.03
-442860	-250864.7
-277799	-250403.11
-397152	-249710.36
-499356	-248931.75
-523463	-248181.1
-443068	-247571.25
-278311	-247201.61
-399541	-247078.98
-499241	-247225.64
-523653	-247577.0
-446127	-248047.97
-280773	-248559.19
-402086	-248985.5
-500352	-249287.0
-523790	-249406.7
-449312	-249332.61
-284976	-249105.53
-411866	-248741.23
-504235	-248340.39
-524132	-247960.64
-455262	-247658.61
-289932	-247499.0
-418257	-247475.06
-505788	-247630.27
-524321	-247937.77
-458677	-248361.22
-290694	-248878.27
-411346	-249408.23
-505094	-249940.1
-524444	-250419.69
-458920	-250810.0
-285129	-251112.98
-412066	-251285.11
-505216	-251372.72
-524306	-251377.64
-451378	-251322.62
-280819	-251257.67
-403252	-251174.06
-501338	-251127.67
-524084	-251115.92
-451196	-251133.39
-281335	-251187.88
-403735	-251222.55
-501925	-251250.73
-524171	-251238.72
-455417	-251167.61
-286043	-251054.52
-409978	-250873.19
-503669	-250683.02
-524215	-250498.02
-457541	-250342.2
-289038	-250262.28
-417064	-250231.73
-506094	-250292.86
-524383	-250419.95
-459559	-250584.66
-292052	-250778.23
-414859	-250931.97
-504831	-251062.12
-524276	-251136.42
-458352	-251150.84
-287798	-251137.31
-409000	-251068.98
-503508	-250999.42
-524254	-250922.98
-457842	-250839.5
-287226	-250764.9
-409613	-250642.05
-504093	-250492.45
-524206	-250283.97
-457454	-250007.92
-287485	-249696.16
-411009	-249330.48
-503457	-248990.77
-524171	-248706.77
-457182	-248524.67
-285650	-248508.47
-408329	-248636.12
-502799	-248946.06
-524096	-249398.2
-457972	-249939.86
-282066	-250533.31
-412749	-251068.52
-505716	-251531.25
-524136	-251859.75
-457744	-252027.1
-286978	-252059.75
-410673	-251939.83
-503369	-251745.25
-524067	-251503.4
-457863	-251248.72
-286736	-251033.56
-408159	-250833.36
-502481	-250690.28
-524105	-250578.53
-456791	-250477.67
-286611	-250392.11
-408644	-250268.19
-502859	-250141.02
-524109	-249998.28
-456331	-249847.52
-286832	-249726.23
-411217	-249608.38
-504098	-249547.61
-524111	-249536.98
-457389	-249577.67
-289107	-249693.22
-413697	-249844.89
-503767	-250078.7
-524164	-250388.17
-457575	-250780.31
-288132	-251289.66
-409797	-251884.95
-502611	-252608.64
-524111	-253435.16
-457174	-254337.02
-286277	-255300.98
-406516	-256239.9
-502303	-257142.98
-524157	-257947.52
-457047	-258610.16
-285975	-259127.62
-408267	-259448.4
-502140	-259618.22
-524176	-259636.72
-456821	-259520.95
-285677	-259313.22
-403991	-258988.98
-501006	-258596.14
-524178	-258118.97
-456711	-257552.6
-280867	-256921.1
-411075	-256186.44
-504084	-255412.81
-524344	-254612.47
-459431	-253826.14
-289596	-253130.73
-415312	-252536.89
-504999	-252132.7
-524443	-251935.3
-461811	-251952.36
-292446	-252200.64
-412454	-252613.19
-503539	-253192.55
-524558	-253874.81
-460176	-254609.45
-287702	-255379.62
-404222	-256110.61
-501341	-256818.0
-524572	-257466.7
-458206	-258038.19
-285421	-258540.89
-407167	-258914.1
-502686	-259178.45
-524602	-259296.67
-459402	-259249.31
-287441	-259055.62
-407572	-258683.69
-502706	-258203.64
-524716	-257643.8
-459886	-257058.23
-288499	-256533.77
-409701	-256084.39
-502566	-255794.66
-524733	-255664.78
-458827	-255683.05
-286654	-255839.75
-406326	-256038.55
-502782	-256256.72
-524801	-256416.2
-458762	-256466.06
-287432	-256405.66
-409900	-256195.12
-503276	-255905.72
-524841	-255569.48
-457984	-255241.45
-287440	-255001.97
-407906	-254852.58
-502417	-254857.1
-524956	-254995.3
-460154	-255235.52
-283908	-255557.14
-412298	-255859.67
-504107	-256135.9
-525039	-256321.28
-460389	-256386.67
-286747	-256352.72
-408068	-256190.28
-503491	-255969.86
-524979	-255709.98
-460448	-255443.3
-287554	-255224.1
-407776	-255029.44
-502624	-254910.42
-524999	-254848.6
-460379	-254834.11
-287049	-254883.47
-406811	-254947.69
-502407	-255065.61
-525032	-255220.94
-461156	-255411.03
-287584	-255660.02
-408921	-255917.3
-503681	-256208.38
-525079	-256492.17
-460624	-256730.6
-287622	-256913.34
-409119	-256965.34
-502968	-256908.06
-525055	-256719.47
-460823	-256408.98
-286986	-256033.52
-406629	-255594.88
-502292	-255186.83
-524976	-254840.94
-461010	-254590.75
-287306	-254479.33
-408122	-254456.72
-503359	-254538.19
-525064	-254659.48
-460681	-254764.5
-285641	-254828.8
-411457	-254766.9
-503467	-254605.8
-525087	-254334.94
-461061	-253988.83
-287358	-253652.58
-406712	-253349.72
-502266	-253192.98
-525092	-253223.22
-461774	-253473.03
-283842	-253976.7
-413134	-254657.36
-504682	-255505.38
-525092	-256422.34
-462441	-257313.8
-289578	-258115.11
-411139	-258701.81
-503584	-259061.19
-525267	-259146.34
-462552	-258955.2
-288788	-258543.36
-408694	-257919.83
-503247	-257197.08
-525227	-256433.22
-463317	-255696.48
-291435	-255075.69
-414388	-254570.55
-504731	-254253.52
-525347	-254113.17
-462759	-254134.6
-289741	-254317.67
-411897	-254576.73
-504002	-254912.03
-525310	-255257.9
-463603	-255570.52
-291053	-255843.88
-415189	-256006.88
-504969	-256094.1
-525481	-256089.9
-465474	-256003.94
-293355	-255885.66
-413452	-255714.3
-504897	-255560.75
-525531	-255430.55
-465904	-255334.58
-293388	-255306.88
-419405	-255296.33
-507266	-255338.27
-525624	-255399.36
-465707	-255457.47
-293404	-255524.48
-416741	-255542.22
-505318	-255552.5
-525703	-255540.89
-466637	-255512.56
-293409	-255508.03
-418599	-255491.36
-508055	-255518.83
-525843	-255576.75
-468113	-255657.08
-291599	-255778.8
-426419	-255876.16
-509934	-255982.56
-525660	-256062.0
-469363	-256096.84
-296557	-256107.48
-421069	-256045.31
-507900	-255961.48
-525689	-255847.06
-470276	-255709.34
-302432	-255587.97
-442118	-255443.95
-513749	-255340.44
-525661	-255268.03
-468495	-255228.1
-295171	-255251.53
-425002	-255289.12
-508289	-255385.9
-523467	-255516.34
-468037	-255662.78
-294396	-255835.62
-422264	-255966.38
-502231	-256080.83
-511113	-256142.0
-468841	-256125.06
-294752	-256052.64
-418261	-255880.8
-502352	-255671.94
-514859	-255435.05
-467169	-255197.05
-291697	-255021.61
-419296	-254889.45
-505156	-254866.14
-520671	-254937.75
-465911	-255084.83
-289290	-255307.11
-415609	-255515.75
-504002	-255713.17
-520791	-255843.72
-465185	-255875.64
-287157	-255828.06
-410664	-255663.89
-503501	-255456.77
-522603	-255230.81
-464931	-255027.22
-288010	-254915.73
-418299	-254875.89
-504484	-254965.83
-520162	-255160.78
-465237	-255427.67
-279706	-255756.56
-417009	-256049.48
-507687	-256312.9
-521792	-256496.94
-466422	-256580.11
-289372	-256593.75
-414520	-256507.55
-504666	-256397.28
-522414	-256280.52
-468328	-256186.8
-293004	-256171.58
-421417	-256199.02
-507116	-256315.72
-524077	-256490.86
-467687	-256696.78
-291643	-256932.23
-416581	-257118.77
-504954	-257276.73
-522449	-257373.48
-467669	-257397.53
-290982	-257383.19
-417051	-257298.16
-504659	-257214.31
-520334	-257144.42
-469276	-257110.36
-294162	-257165.25
-423806	-257274.58
-507016	-257489.62
-522167	-257784.25
-469240	-258129.03
-293329	-258519.28
-417738	-258867.48
-505730	-259180.17
-523022	-259407.08
-468660	-259521.88
-292025	-259548.44
-417709	-259451.17
-505159	-259306.31
-521808	-259139.34
-469273	-258989.36
-293030	-258927.31
-420168	-258934.14
-505694	-259068.42
-520551	-259304.5
-469466	-259607.06
-293715	-259963.5
-418479	-260279.45
-504656	-260561.2
-520370	-260768.34
-467769	-260892.19
-283087	-260987.55
-420709	-261044.36
-507008	-261169.45
-517849	-261402.66
-470643	-261780.02
-294598	-262350.75
-420569	-263050.78
-506410	-263877.38
-521387	-264733.44
-470399	-265510.0
-294397	-266129.47
-419879	-266446.56
-504490	-266439.16
-518514	-266060.16
-470501	-265313.97
-295513	-264283.47
-422667	-263006.6
-504806	-261640.11
-518341	-260282.31
-470921	-259029.28
-295579	-257992.36
-422531	-257173.27
-505072	-256638.61
-516546	-256359.14
-471122	-256288.1
-295912	-256400.03
-422951	-256583.14
-503495	-256824.2
-513514	-257053.64
-470951	-257219.38
-295477	-257322.14
-420266	-257297.61
-503471	-257192.0
-516439	-256997.61
-471106	-256724.6
-295639	-256427.88
-422956	-256087.86
-504886	-255784.8
-516431	-255532.6
-472006	-255346.56
-296777	-255270.03
-423141	-255255.22
-504389	-255339.44
-515702	-255480.47
-471686	-255636.77
-296334	-255801.47
-420782	-255893.28
-500577	-255939.58
-509474	-255920.98
-469109	-255841.97
-284334	-255767.64
-420015	-255689.72
-504811	-255708.72
-511551	-255851.94
-471762	-256137.6
-296359	-256600.3
-421738	-257166.6
-505639	-257833.42
-521006	-258511.67
-471154	-259113.61
-294581	-259591.22
-418588	-259833.33
-504061	-259855.03
-519271	-259641.92
-471861	-259225.92
-294216	-258707.34
-415372	-258127.84
-504119	-257630.95
-518916	-257286.33
-471926	-257150.0
-295668	-257279.8
-422414	-257612.52
-504977	-258146.08
-518667	-258782.56
-472157	-259417.33
-294807	-259981.84
-417370	-260344.62
-502491	-260499.4
-515489	-260413.69
-473291	-260103.25
-296608	-259659.14
-418432	-259115.56
-505773	-258612.31
-519625	-258219.06
-472309	-257992.05
-296206	-257990.27
-424055	-258153.27
-506873	-258482.02
-522093	-258881.64
-472577	-259255.98
-295325	-259547.38
-418012	-259636.64
-503744	-259533.17
-518439	-259220.69
-473710	-258732.22
-296562	-258172.1
-418658	-257582.06
-507321	-257102.8
-523224	-256796.06
-470737	-256706.16
-284239	-256879.4
-418431	-257233.5
-506426	-257758.12
-520186	-258348.84
-473382	-258911.52
-295825	-259398.06
-416042	-259702.84
-505322	-259848.67
-523609	-259826.19
-472429	-259670.02
-293822	-259469.42
-416441	-259237.16
-505825	-259075.92
-522602	-258999.53
-473474	-259017.73
-295856	-259150.3
-418535	-259312.78
-506484	-259507.83
-524903	-259668.36
-473057	-259753.45
-294185	-259773.0
-414667	-259673.56
-505722	-259514.31
-525051	-259300.73
-472856	-259057.11
-294384	-258845.39
-416510	-258630.1
-506386	-258467.0
-525374	-258339.0
-472662	-258240.14
-294304	-258202.89
-417893	-258177.47
-506454	-258222.53
-525504	-258332.6
-472580	-258516.7
-293949	-258810.8
-414492	-259151.47
-506307	-259551.22
-525423	-259934.86
-472338	-260224.27
-293947	-260372.23
-416403	-260257.64
-506219	-259884.34
-525457	-259229.03
-472493	-258328.47
-293925	-257302.16
-415990	-256224.23
-505514	-255285.44
-525348	-254603.03
-472166	-254279.25
-287981	-254402.94
-415616	-254911.8
-503594	-255784.53
-525422	-256870.16
-474505	-258002.38
-295685	-259046.55
-413739	-259808.92
-505622	-260241.53
-525454	-260294.06
-473031	-259997.52
-293719	-259478.22
-415167	-258816.4
-505605	-258202.53
-525395	-257742.67
-473219	-257517.8
-293572	-257588.73
-412824	-257875.33
-505652	-258344.22
-525433	-258865.31
-473697	-259316.52
-294379	-259629.1
-413046	-259691.34
-505237	-259537.28
-525502	-259186.19
-473787	-258712.75
-294136	-258252.02
-413095	-257856.75
-505062	-257658.17
-525631	-257684.73
-472676	-257938.64
-292451	-258413.27
-411509	-258986.02
-504865	-259611.27
-525564	-260178.44
-472396	-260606.05
-292278	-260877.6
-411719	-260926.0
-504653	-260813.88
-525544	-260563.28
-473910	-260223.84
-294842	-259883.9
-415122	-259538.31
-505828	-259264.83
-525564	-259055.33
-473012	-258900.14
-293739	-258815.0
-413236	-258726.45
-504922	-258661.61
-525395	-258589.12
-471187	-258502.47
-285299	-258442.02
-410934	-258365.69
-501132	-258339.84
-525358	-258353.5
-474545	-258409.94
-294934	-258543.44
-412504	-258695.44
-505127	-258899.89
-525339	-259121.95
-472231	-259339.69
-292147	-259569.45
-409684	-259745.22
-503342	-259900.55
-525101	-260006.77
-471349	-260054.28
-290769	-260073.94
-407954	-260015.98
-502731	-259933.05
-525026	-259816.77
-470821	-259681.14
-289452	-259579.8
-407754	-259480.17
-503046	-259444.5
-524924	-259462.36
-470241	-259530.4
-289931	-259671.36
-408715	-259810.4
-503124	-259965.1
-524911	-260084.19
-471475	-260139.14
-291906	-260148.27
-409127	-260055.95
-502842	-259920.89
-524902	-259749.58
-472101	-259570.98
-292629	-259452.58
-411527	-259367.31
-503882	-259373.92
-524994	-259446.39
-471642	-259558.38
-292008	-259708.36
-408346	-259801.39
-503064	-259844.28
-525473	-259790.22
-471728	-259627.42
-291410	-259402.72
-407322	-259095.86
-503156	-258796.48
-525823	-258534.31
-470646	-258350.83
-284548	-258311.84
-409345	-258368.56
-500089	-258558.38
-526087	-258825.16
-473555	-259118.36
-294503	-259424.89
-412164	-259646.95
-503882	-259799.6
-525897	-259850.52
-472509	-259801.1
-292514	-259704.86
-408587	-259540.06
-503267	-259384.38
-525711	-259246.61
-472656	-259141.33
-292291	-259109.84
-408294	-259097.31
-503519	-259138.67
-525400	-259201.48
-470893	-259266.03
-290317	-259353.4
-407311	-259401.42
-502079	-259449.42
-525246	-259470.55
-470990	-259455.47
-290222	-259429.44
-406859	-259331.89
-502234	-259200.77
-525221	-259016.77
-472224	-258783.73
-292303	-258555.67
-409749	-258310.03
-503749	-258131.19
-525176	-258042.16
-472817	-258071.38
-293724	-258269.77
-409431	-258580.48
-502424	-259017.48
-525182	-259503.52
-472289	-259961.16
-292094	-260342.2
-407605	-260523.19
-502302	-260498.83
-525148	-260234.23
-472194	-259746.83
-291221	-259129.33
-406531	-258416.73
-502901	-257755.05
-525192	-257223.14
-470794	-256892.72
-284632	-256837.84
-406770	-257002.62
-497839	-257393.34
-525144	-257908.95
-474522	-258447.72
-295729	-258944.3
-410503	-259264.97
-503132	-259401.95
-525213	-259321.25
-473802	-259038.48
-293512	-258636.52
-408014	-258133.0
-503091	-257645.34
-525137	-257216.61
-473086	-256882.97
-292590	-256692.36
-408008	-256584.86
-502528	-256578.94
-525142	-256619.33
-473096	-256666.38
-292707	-256726.36
-407896	-256735.52
-502440	-256742.84
-525293	-256744.11
-474476	-256753.95
-294401	-256821.9
-408135	-256908.78
-503078	-257059.56
-525284	-257245.17
-475066	-257441.42
-295296	-257658.12
-410641	-257824.84
-503331	-257975.05
-525233	-258086.31
-473862	-258157.73
-293461	-258229.53
-407597	-258259.33
-502393	-258295.45
-525199	-258313.72
-474170	-258294.58
-293475	-258249.61
-406483	-258108.72
-502125	-257904.53
-525239	-257618.77
-474626	-257265.11
-294472	-256911.02
-409431	-256555.16
-502844	-256298.23
-525298	-256171.33
-472231	-256203.3
-285526	-256436.92
-405413	-256800.45
-496879	-257298.61
-525289	-257845.03
-476408	-258363.44
-296367	-258817.66
-406362	-259107.0
-502749	-259250.3
-525397	-259231.97
-475571	-259073.61
-296089	-258851.62
-411736	-258565.48
-503846	-258307.16
-525468	-258089.1
-475347	-257916.64
-295433	-257812.72
-410197	-257702.44
-503482	-257602.97
-525597	-257471.62
-474774	-257290.45
-294129	-257097.31
-409142	-256865.53
-503854	-256676.9
-525643	-256556.12
-476117	-256531.0
-297422	-256651.95
-419431	-256862.83
-506943	-257185.67
-526194	-257558.19
-477707	-257919.48
-299249	-258248.36
-419864	-258451.9
-507843	-258558.36
-526367	-258553.67
-479411	-258454.94
-302461	-258330.64
-423896	-258168.98
-509056	-258049.69
-526337	-257970.12
-479472	-257916.33
-301851	-257893.48
-424054	-257810.48
-508696	-257677.5
-526076	-257448.69
-478927	-257110.73
-299487	-256715.89
-417290	-256259.42
-506557	-255853.8
-525587	-255552.61
-476162	-255413.2
-288348	-255509.69
-417296	-255794.48
-503206	-256289.97
-525428	-256915.58
-479801	-257580.56
-300952	-258225.47
-422017	-258715.23
-508162	-259039.39
-525497	-259155.61
-478108	-259065.4
-297185	-258841.42
-416464	-258492.11
-506604	-258132.31
-525486	-257806.8
-476790	-257553.31
-293772	-257424.83
-413209	-257367.3
-505440	-257406.98
-525424	-257497.52
-476422	-257602.75
-293887	-257732.1
-417377	-257824.28
-506552	-257930.2
-525427	-258045.38
-476721	-258175.45
-294602	-258358.81
-415856	-258537.73
-506211	-258740.08
-525382	-258916.73
-477901	-259023.22
-296087	-259058.16
-415036	-258948.69
-505771	-258741.22
-525303	-258442.05
-479519	-258087.16
-297869	-257764.2
-412582	-257479.19
-504947	-257322.48
-525310	-257300.0
-480393	-257396.73
-299359	-257607.05
-412056	-257820.33
-505333	-258008.42
-525270	-258085.53
-480902	-257992.11
-301101	-257737.88
-415809	-257287.69
-505926	-256738.56
-525271	-256152.94
-479886	-255615.0
-288824	-255248.78
-412962	-255070.23
-504067	-255168.0
-524123	-255523.66
-481827	-256090.94
-302202	-256830.56
-414594	-257602.47
-505766	-258356.67
-525176	-258990.84
-480637	-259433.88
-299801	-259682.16
-414178	-259682.45
-505553	-259506.88
-525123	-259189.12
-481062	-258783.94
-300027	-258391.39
-415578	-258024.3
-506391	-257782.05
-525027	-257686.81
-481369	-257749.73
-301110	-258005.02
-416254	-258388.12
-506309	-258916.36
-524464	-259534.55
-480668	-260187.7
-300688	-260858.12
-417062	-261449.8
-506156	-261973.61
-524964	-262391.47
-480790	-262690.84
-299271	-262917.84
-414031	-263052.28
-505952	-263180.72
-524909	-263329.6
-479776	-263524.44
-297384	-263813.4
-411331	-264135.38
-504751	-264498.4
-524950	-264824.4
-479226	-265030.5
-295921	-265071.9
-410145	-264836.94
-503993	-264341.1
-524862	-263579.94
-480667	-262603.5
-298612	-261541.34
-416743	-260467.45
-506991	-259562.33
-525016	-258928.25
-479950	-258638.81
-290277	-258757.81
-412756	-259201.61
-502718	-259933.6
-524870	-260807.17
-481405	-261667.67
-300156	-262401.66
-411678	-262843.78
-504299	-262971.88
-525237	-262758.78
-479032	-262242.88
-295054	-261546.12
-408831	-260733.12
-504216	-259966.8
-525156	-259332.45
-478097	-258889.17
-294106	-258693.95
-408965	-258678.33
-503224	-258837.53
-525055	-259088.55
-477605	-259354.52
-293276	-259610.47
-406436	-259771.27
-502419	-259872.05
-525024	-259909.08
-477426	-259901.5
-292615	-259910.83
-407215	-259907.42
-503846	-259944.31
-524996	-260000.53
-478368	-260050.33
-296664	-260103.92
-416226	-260091.0
-505431	-260052.48
-525132	-259982.66
-480884	-259898.78
-300889	-259867.2
-419607	-259869.92
-506548	-259977.62
-525059	-260178.66
-481443	-260444.4
-300606	-260763.88
-412754	-261028.2
-505406	-261220.73
-525099	-261274.58
-479268	-261153.6
-296611	-260892.42
-409769	-260476.53
-503097	-260015.34
-524997	-259572.33
-475288	-259222.33
-281378	-259064.14
-401082	-259078.36
-496354	-259311.44
-524830	-259706.2
-479506	-260190.83
-295831	-260715.9
-408667	-261151.38
-504294	-261480.9
-525053	-261658.11
-480077	-261675.7
-298834	-261597.38
-417667	-261423.1
-505542	-261260.64
-525004	-261147.05
-481205	-261110.55
-299887	-261194.39
-413377	-261332.95
-504874	-261538.06
-525114	-261749.77
-481165	-261918.19
-299261	-262045.95
-411456	-262069.39
-504816	-262041.08
-525101	-261966.6
-480202	-261865.33
-297527	-261794.2
-410746	-261714.55
-503617	-261667.55
-525050	-261615.28
-478906	-261520.61
-293864	-261385.08
-404711	-261134.27
-502115	-260807.39
-525144	-260404.38
-478794	-259958.19
-293724	-259558.75
-405367	-259214.08
-502499	-259019.62
-525084	-258987.39
-480254	-259112.98
-297564	-259401.66
-413028	-259746.53
-504618	-260122.88
-525156	-260442.1
-482468	-260639.77
-302295	-260716.97
-417659	-260620.08
-506122	-260423.42
-525164	-260160.44
-481176	-259883.75
-291899	-259683.72
-409872	-259544.25
-498731	-259527.6
-525163	-259596.97
-483259	-259708.16
-302199	-259843.38
-411811	-259900.1
-504499	-259884.53
-525342	-259761.16
-480297	-259529.7
-295675	-259251.9
-406806	-258917.48
-503040	-258613.77
-525297	-258358.1
-479588	-258159.94
-293996	-258049.16
-404843	-257951.39
-502459	-257879.25
-525175	-257781.39
-480692	-257630.23
-296662	-257457.25
-410946	-257232.8
-504436	-257047.12
-525402	-256938.03
-482502	-256954.03
-301072	-257170.52
-415768	-257553.53
-505907	-258137.56
-525426	-258862.12
-483542	-259653.89
-302793	-260470.06
-414738	-261186.89
-505686	-261795.62
-525482	-262249.06
-483470	-262536.6
-302116	-262711.44
-415154	-262754.1
-505610	-262741.7
-525462	-262677.3
-482017	-262548.6
-298057	-262363.3
-407706	-262024.55
-503705	-261526.61
-525401	-260815.53
-481393	-259870.45
-296506	-258751.52
-405078	-257476.97
-502436	-256198.03
-525319	-255031.17
-480081	-254106.39
-288683	-253578.2
-407404	-253468.69
-494869	-253851.88
-525019	-254668.0
-483189	-255815.95
-300666	-257193.58
-409382	-258593.8
-504150	-259910.34
-525413	-261004.11
-483298	-261786.94
-300858	-262264.12
-411385	-262404.03
-504726	-262310.78
-525330	-262051.48
-484381	-261706.11
-303416	-261385.05
-415784	-261090.62
-506249	-260895.67
-525498	-260783.23
-483721	-260723.97
-301776	-260717.22
-411370	-260673.94
-504319	-260607.14
-525479	-260476.16
-482731	-260260.28
-298382	-259990.97
-406414	-259620.4
-503237	-259202.55
-525384	-258734.47
-482164	-258229.0
-296811	-257748.06
-406953	-257275.64
-503591	-256901.17
-525380	-256659.53
-482347	-256592.1
-297578	-256773.84
-406581	-257172.6
-503417	-257823.84
-525392	-258669.14
-483376	-259623.58
-300137	-260618.89
-410932	-261488.56
-504635	-262169.7
-525487	-262563.12
-484257	-262616.16
-301398	-262369.25
-411181	-261826.98
-504916	-261133.36
-525526	-260394.17
-482222	-259726.75
-291274	-259270.83
-403984	-259035.42
-493312	-259080.64
-525202	-259343.2
-484461	-259729.69
-300946	-260161.2
-406325	-260470.67
-502887	-260605.92
-525492	-260494.9
-483339	-260122.05
-298400	-259564.47
-407305	-258854.73
-503837	-258146.64
-525501	-257537.47
-483813	-257113.53
-299886	-256971.72
-407396	-257081.52
-503347	-257466.53
-525390	-258055.2
-483959	-258761.42
-299796	-259536.1
-407085	-260253.94
-503347	-260904.83
-525527	-261443.95
-484164	-261855.08
-300084	-262183.78
-408800	-262399.6
-504397	-262569.84
-525510	-262695.75
-484463	-262774.75
-298089	-262838.7
-417167	-262825.5
-507523	-262773.12
-525541	-262657.53
-484506	-262469.97
-300921	-262249.84
-407456	-261955.08
-503237	-261639.53
-525488	-261291.53
-484120	-260903.77
-299667	-260505.45
-406974	-260035.78
-503726	-259531.86
-525434	-258979.2
-484361	-258382.84
-300739	-257805.7
-409211	-257238.3
-503536	-256777.55
-525490	-256459.27
-482797	-256317.78
-291078	-256411.98
-403512	-256688.61
-492126	-257171.11
-525254	-257790.9
-486239	-258478.19
-303562	-259200.56
-408666	-259850.48
-504387	-260434.83
-525606	-260921.69
-485181	-261306.98
-302130	-261643.78
-409964	-261906.92
-503851	-262163.06
-525651	-262403.78
-485137	-262612.47
-300879	-262798.97
-405983	-262876.84
-502987	-262853.12
-525682	-262685.88
-485301	-262359.12
-299698	-261924.97
-403395	-261372.03
-503485	-260799.9
-525717	-260255.78
-484971	-259785.47
-300260	-259459.05
-406675	-259235.44
-503151	-259141.19
-525811	-259122.9
-485174	-259124.22
-300106	-259135.45
-405057	-259079.34
-502800	-258998.83
-525777	-258906.19
-486013	-258839.89
-300752	-258890.34
-404510	-259057.14
-504229	-259408.58
-526022	-259919.89
-486514	-260529.67
-303246	-261184.56
-408416	-261725.0
-503096	-262085.75
-526495	-262161.62
-486368	-261897.12
-300676	-261332.84
-402113	-260480.23
-502816	-259490.97
-526970	-258485.6
-485324	-257597.08
-292430	-256981.33
-401869	-256660.19
-492336	-256702.86
-526680	-257052.47
-488413	-257620.17
-305093	-258327.77
-408331	-259008.06
-504719	-259605.52
-527059	-260039.11
-487427	-260276.12
-302174	-260366.39
-404233	-260304.84
-503429	-260194.27
-526739	-260077.0
-487883	-259983.64
-302741	-259964.92
-403994	-259962.94
-503834	-259997.3
-526442	-260024.02
-487631	-260011.98
-303573	-259990.53
-407804	-259926.75
-503985	-259901.14
-526306	-259942.58
-487167	-260081.77
-301276	-260374.42
-401845	-260762.47
-502587	-261246.98
-526242	-261744.64
-487438	-262162.75
-301579	-262457.22
-402301	-262518.56
-503166	-262366.8
-526194	-262009.0
-487493	-261500.0
-302717	-260966.9
-406256	-260460.81
-503497	-260113.16
-526137	-259962.38
-487626	-260005.86
-302897	-260233.47
-405062	-260506.75
-503395	-260757.36
-526320	-260860.22
-488151	-260721.67
-303606	-260339.19
-404751	-259684.14
-503201	-258879.75
-526121	-258034.61
-486837	-257282.77
-295036	-256795.44
-403640	-256620.36
-491803	-256853.14
-525823	-257453.25
-489336	-258333.97
-305347	-259401.23
-402741	-260455.03
-502866	-261390.94
-526146	-262077.62
-487879	-262434.97
-302322	-262482.5
-401678	-262207.7
-502553	-261730.8
-526134	-261138.02
-488082	-260523.03
-303211	-260008.8
-405430	-259603.22
-503306	-259376.08
-526042	-259306.38
-488509	-259355.83
-303165	-259516.72
-402560	-259692.83
-502947	-259885.58
-526103	-260050.56
-488670	-260159.6
-303377	-260239.39
-401816	-260238.77
-502836	-260203.06
-526102	-260125.19
-488481	-260005.98
-302826	-259895.56
-401965	-259765.3
-502519	-259686.92
-526097	-259677.16
-488195	-259755.03
-301916	-259972.89
-400600	-260280.19
-502289	-260693.7
-526074	-261147.66
-488735	-261557.11
-303268	-261871.64
-401377	-261958.64
-502459	-261799.03
-526131	-261354.02
-489256	-260636.34
-304272	-259752.27
-403909	-258764.56
-503194	-257853.19
-526115	-257142.3
-488537	-256737.61
-296591	-256744.86
-401276	-257119.45
-490302	-257854.69
-525775	-258820.81
-490938	-259865.47
-307136	-260866.84
-399959	-261639.98
-502082	-262134.06
-526246	-262301.38
-489666	-262158.5
-303742	-261819.81
-400389	-261347.12
-502397	-260903.98
-526226	-260579.88
-489406	-260430.47
-302932	-260508.67
-398800	-260732.73
-502141	-261072.84
-526326	-261423.19
-489661	-261682.42
-304059	-261814.9
-400377	-261735.22
-502362	-261491.4
-526541	-261112.08
-490559	-260656.25
-305539	-260236.48
-403881	-259872.33
-503739	-259654.52
-526534	-259587.31
-490469	-259648.31
-305869	-259837.33
-402006	-260056.81
-502824	-260304.42
-526466	-260528.22
-490239	-260702.33
-304034	-260864.69
-397802	-260979.7
-501729	-261106.06
-526449	-261241.7
-489976	-261373.53
-303308	-261516.11
-399532	-261583.56
-502792	-261574.44
-526558	-261436.77
-490253	-261136.89
-304205	-260712.64
-398987	-260146.33
-501917	-259537.58
-526373	-258948.48
-490366	-258448.36
-295813	-258143.39
-397008	-258023.19
-492141	-258143.0
-526136	-258456.84
-492749	-258900.36
-309743	-259429.39
-402719	-259916.14
-503385	-260335.06
-526432	-260630.19
-490915	-260777.77
-305056	-260829.36
-397748	-260772.39
-501759	-260695.19
-526592	-260628.52
-490653	-260594.42
-303477	-260639.27
-395636	-260704.67
-501171	-260805.56
-526472	-260896.33
-491189	-260936.23
-304509	-260942.17
-399118	-260862.03
-502801	-260751.94
-526485	-260625.55
-491699	-260501.48
-307247	-260438.05
-401823	-260396.28
-502805	-260410.55
-526583	-260444.73
-492502	-260455.52
-307862	-260445.33
-399511	-260343.23
-502517	-260187.12
-526690	-259984.2
-492189	-259762.75
-306097	-259610.31
-396849	-259528.55
-501823	-259594.73
-526514	-259807.31
-491263	-260132.75
-304779	-260552.1
-397298	-260938.55
-501314	-261245.88
-526525	-261382.08
-491771	-261285.88
-305001	-260978.77
-396129	-260442.1
-501358	-259786.7
-526545	-259099.55
-490749	-258477.75
-295670	-258056.08
-396584	-257850.25
-491446	-257932.97
-526112	-258266.05
-493914	-258780.55
-310205	-259417.42
-398757	-260026.42
-501944	-260553.78
-526617	-260916.88
-492852	-261069.48
-306844	-261049.47
-396229	-260843.44
-501469	-260549.84
-526553	-260224.78
-493055	-259920.6
-306290	-259722.75
-394067	-259612.12
-501974	-259635.62
-526680	-259772.27
-492959	-259988.73
-306907	-260294.19
-396347	-260613.33
-501499	-260962.3
-526487	-261308.06
-493116	-261619.89
-307131	-261910.42
-395671	-262106.62
-501504	-262221.2
-526619	-262218.78
-493705	-262070.94
-307617	-261812.33
-394381	-261414.05
-501889	-260956.73
-526599	-260487.6
-493652	-260063.03
-309921	-259782.17
-406482	-259641.19
-503489	-259699.77
-526644	-259925.73
-493640	-260250.81
-307566	-260626.02
-394216	-260905.73
-501043	-261037.31
-526530	-260944.9
-493884	-260595.3
-307423	-260051.88
-391970	-259343.78
-500886	-258622.06
-526601	-258002.8
-492509	-257593.33
-297782	-257516.62
-395686	-257753.53
-490721	-258324.36
-526149	-259128.05
-495859	-260033.4
-312314	-260929.39
-395264	-261631.98
-501709	-262075.17
-526722	-262194.0
-494858	-261979.58
-309479	-261524.47
-393648	-260879.55
-501163	-260202.48
-526564	-259598.89
-494711	-259149.39
-308931	-258945.19
-394174	-258950.67
-501447	-259178.12
-526799	-259559.19
-494525	-260012.64
-307797	-260505.28
-392576	-260934.69
-501000	-261306.36
-526725	-261596.27
-495004	-261797.72
-308941	-261958.22
-391997	-262042.3
-501142	-262092.42
-526732	-262094.25
-495509	-262022.98
-310387	-261901.45
-395202	-261675.69
-501763	-261392.1
-526797	-261064.36
-495531	-260719.17
-309806	-260438.84
-392586	-260219.92
-501250	-260129.55
-526851	-260162.14
-495446	-260278.98
-308683	-260462.9
-388641	-260595.67
-500485	-260638.25
-526800	-260519.36
-495232	-260194.78
-308404	-259709.55
-391722	-259068.3
-500844	-258398.28
-526721	-257798.56
-495284	-257367.83
-305038	-257231.28
-396979	-257384.06
-489696	-257865.25
-526385	-258596.47
-497094	-259464.9
-313372	-260371.9
-391742	-261139.02
-501195	-261693.39
-526790	-261960.28
-496422	-261914.53
-311130	-261633.52
-392824	-261154.95
-501423	-260627.19
-526711	-260152.1
-495657	-259808.2
-309374	-259684.42
-389688	-259741.1
-500291	-259978.97
-526757	-260317.8
-495853	-260658.14
-308421	-260954.17
-387510	-261097.5
-499945	-261098.56
-526651	-260958.84
-496256	-260710.53
-309873	-260457.61
-390389	-260227.17
-501332	-260121.66
-526719	-260174.27
-496581	-260383.7
-311092	-260766.44
-390216	-261229.56
-500298	-261746.9
-526692	-262240.0
-496784	-262635.3
-311282	-262922.62
-390272	-263028.25
-500719	-262982.03
-526711	-262784.03
-497000	-262440.22
-311171	-262010.12
-389830	-261471.64
-501136	-260887.06
-526727	-260271.28
-496884	-259637.9
-311482	-259054.1
-390367	-258509.7
-500639	-258082.4
-526716	-257802.9
-496960	-257691.1
-307780	-257802.36
-396719	-258084.14
-490132	-258556.12
-526241	-259154.9
-498260	-259804.84
-314226	-260465.19
-389299	-261018.73
-501067	-261444.7
-526678	-261700.66
-497090	-261767.61
-311072	-261702.12
-388871	-261499.17
-500454	-261247.4
-526609	-260991.45
-497102	-260760.5
-310635	-260615.97
-386844	-260516.97
-500023	-260487.5
-526641	-260495.72
-497737	-260501.12
-312548	-260517.38
-389359	-260488.95
-500940	-260457.48
-526771	-260432.06
-497781	-260423.17
-312448	-260491.38
-390142	-260603.9
-500797	-260797.27
-526636	-261042.78
-497579	-261293.47
-311067	-261540.27
-386301	-261692.0
-499947	-261747.86
-526691	-261680.95
-497907	-261482.08
-311027	-261212.17
-383904	-260867.77
-499939	-260534.4
-526737	-260251.83
-498047	-260040.84
-312257	-259951.75
-388758	-259929.7
-500623	-259983.02
-526773	-260062.16
-498018	-260109.61
-311211	-260126.19
-384853	-260046.7
-499657	-259910.11
-526818	-259733.62
-498370	-259545.14
-309957	-259430.28
-394474	-259384.73
-490421	-259483.8
-526407	-259720.62
-499729	-260068.03
-316075	-260518.69
-387871	-260968.97
-500464	-261388.69
-526897	-261710.33
-498709	-261874.67
-312611	-261894.16
-384626	-261725.23
-499656	-261427.64
-526811	-261038.06
-498964	-260595.6
-312142	-260191.16
-382354	-259825.53
-499870	-259566.56
-526836	-259423.86
-499095	-259382.75
-313278	-259465.44
-386131	-259602.67
-500379	-259802.7
-526939	-260029.53
-499097	-260245.0
-312931	-260465.98
-383572	-260632.61
-499606	-260770.55
-526869	-260867.84
-498914	-260909.62
-312634	-260934.42
-383682	-260903.31
-499669	-260859.67
-526954	-260809.08
-499336	-260750.75
-313295	-260734.53
-385084	-260725.47
-500112	-260763.42
-526950	-260836.97
-499591	-260923.06
-313322	-261040.98
-382327	-261122.05
-499696	-261176.7
-526929	-261178.34
-499843	-261100.2
-313641	-260978.53
-381668	-260780.62
-499473	-260564.0
-526931	-260354.25
-499754	-260170.19
-311881	-260076.94
-395795	-260043.83
-490106	-260118.53
-526660	-260273.88
-500887	-260473.03
-316424	-260712.1
-382076	-260905.7
-499749	-261048.84
-527034	-261109.16
-500090	-261059.95
-314119	-260943.3
-382283	-260735.83
-499689	-260505.06
-527021	-260285.4
-500434	-260102.14
-314872	-260022.86
-383308	-260022.2
-500015	-260135.97
-527004	-260345.67
-500631	-260608.27
-314681	-260922.9
-381326	-261202.84
-499939	-261441.72
-527058	-261600.14
-500729	-261641.42
-315077	-261592.45
-380840	-261414.25
-499617	-261157.36
-527084	-260844.81
-500807	-260495.44
-315391	-260182.75
-382672	-259896.48
-500021	-259697.78
-527123	-259600.56
-500851	-259596.5
-314840	-259715.23
-380622	-259893.3
-499802	-260131.92
-527209	-260389.33
-501242	-260609.81
-315859	-260793.36
-376060	-260868.69
-493921	-260854.23
-527051	-260746.38
-501726	-260548.33
-317089	-260328.73
-381669	-260085.56
-499977	-259895.86
-527170	-259793.77
-501365	-259789.9
-314253	-259928.62
-393311	-260149.36
-490062	-260460.56
-526737	-260802.05
-502411	-261108.97
-318934	-261361.7
-379729	-261475.05
-499213	-261456.28
-527113	-261300.77
-501819	-261015.78
-316541	-260680.11
-380810	-260303.69
-500151	-259975.84
-527190	-259742.2
-501894	-259620.42
-316767	-259658.61
-379945	-259800.3
-499394	-260043.78
-527172	-260335.89
-502161	-260606.11
-317313	-260839.47
-379528	-260953.55
-499371	-260962.16
-527173	-260863.84
-502166	-260666.33
-317146	-260443.53
-380713	-260197.67
-500364	-260004.72
-527169	-259894.47
-501908	-259869.03
-316966	-259962.98
-380579	-260112.47
-499545	-260315.34
-527195	-260527.06
-501953	-260690.89
-316004	-260811.31
-377091	-260825.28
-498831	-260761.88
-527215	-260631.27
-502252	-260443.22
-317114	-260267.73
-380694	-260094.38
-500417	-259983.2
-527264	-259948.39
-502576	-259978.19
-318079	-260099.89
-379996	-260250.05
-499590	-260433.7
-527229	-260618.1
-502788	-260761.53
-317202	-260881.14
-392817	-260918.48
-490059	-260913.36
-526872	-260860.28
-503900	-260762.84
-321438	-260670.97
-380084	-260558.58
-500336	-260470.97
-527217	-260416.08
-502759	-260383.72
-318213	-260410.95
-378135	-260449.28
-499086	-260522.36
-527200	-260614.72
-502742	-260696.38
-317772	-260789.77
-377477	-260837.34
-498802	-260859.02
-527176	-260844.12
-503241	-260774.58
-318607	-260690.92
-378454	-260561.19
-500274	-260433.02
-527267	-260324.69
-503627	-260240.1
-320402	-260232.97
-380063	-260269.44
-499732	-260379.52
-527199	-260545.84
-503108	-260726.58
-317914	-260923.44
-374685	-261054.67
-498424	-261113.7
-527239	-261071.02
-503245	-260898.05
-317749	-260638.1
-374499	-260274.73
-498832	-259880.39
-527118	-259506.89
-503127	-259192.39
-318437	-259020.88
-378347	-258980.81
-499249	-259114.16
-527194	-259402.77
-503760	-259794.34
-319534	-260270.78
-376371	-260726.83
-499051	-261131.64
-527090	-261433.97
-503801	-261585.64
-320080	-261615.64
-388489	-261493.62
-481687	-261295.14
-526267	-261053.67
-504871	-260807.86
-323192	-260634.8
-376841	-260520.19
-499066	-260503.48
-527163	-260574.03
-503630	-260690.2
-318520	-260852.7
-374154	-260980.86
-498471	-261071.3
-527119	-261101.44
-503728	-261047.6
-318695	-260956.56
-373840	-260808.02
-498724	-260661.28
-527111	-260547.7
-504117	-260474.97
-320686	-260494.02
-377468	-260562.72
-499431	-260697.53
-527236	-260871.14
-504342	-261034.47
-321722	-261190.02
-379369	-261265.44
-499471	-261272.19
-527160	-261202.66
-504335	-261046.58
-320757	-260858.45
-373995	-260623.95
-498585	-260401.66
-527181	-260219.9
-504293	-260083.9
-320349	-260043.2
-375429	-260058.56
-498995	-260152.1
-527182	-260307.72
-504332	-260487.31
-320071	-260704.47
-374117	-260896.94
-498942	-261075.9
-527128	-261231.8
-504462	-261342.11
-320224	-261444.62
-371462	-261503.98
-497792	-261555.7
-527165	-261607.84
-504653	-261647.23
-316672	-261713.05
-386992	-261754.69
-487579	-261803.45
-526437	-261837.03
-505870	-261832.58
-324755	-261811.72
-374387	-261723.31
-499247	-261590.86
-527337	-261416.58
-505287	-261190.86
-322219	-260964.48
-372493	-260716.05
-498498	-260496.64
-527204	-260328.72
-505304	-260213.45
-322336	-260200.9
-374869	-260253.6
-499334	-260395.23
-527326	-260611.02
-504834	-260859.08
-320280	-261146.48
-371671	-261397.52
-498661	-261607.58
-527321	-261749.22
-505001	-261783.48
-320370	-261736.75
-369869	-261569.27
-497961	-261319.64
-527326	-261011.77
-505234	-260656.2
-321505	-260322.77
-374066	-260001.67
-499191	-259751.05
-527252	-259593.48
-505374	-259523.05
-322151	-259578.0
-372785	-259707.64
-498673	-259920.11
-527332	-260189.75
-505862	-260465.98
-323246	-260751.81
-371107	-260976.27
-498339	-261141.58
-527342	-261234.77
-505776	-261232.31
-322659	-261175.6
-372826	-261038.55
-498836	-260870.89
-527324	-260700.33
-504817	-260534.92
-315859	-260433.52
-382745	-260363.08
-485017	-260362.97
-526399	-260414.86
-506769	-260489.36
-325868	-260594.53
-370529	-260663.47
-498279	-260696.16
-527378	-260677.6
-505862	-260581.81
-322359	-260451.33
-371954	-260263.36
-498776	-260073.61
-527351	-259917.38
-506043	-259809.97
-323294	-259815.52
-370637	-259909.02
-498426	-260117.81
-527418	-260428.12
-506507	-260790.55
-323926	-261199.81
-370332	-261568.05
-498550	-261876.05
-527353	-262089.39
-506679	-262165.28
-325054	-262133.9
-372135	-261965.52
-499153	-261713.78
-527377	-261417.86
-506284	-261101.52
-322803	-260841.73
-367941	-260629.5
-497926	-260509.19
-527379	-260484.95
-506378	-260525.25
-323371	-260639.53
-369917	-260753.28
-498254	-260855.8
-527437	-260918.14
-506782	-260898.06
-324426	-260823.12
-370719	-260658.81
-499220	-260451.97
-527324	-260234.9
-506977	-260023.28
-325259	-259887.78
-369182	-259814.16
-498127	-259841.58
-527351	-259971.19
-507029	-260167.6
-321486	-260438.34
-382622	-260702.58
-485712	-260957.83
-526484	-261162.47
-507964	-261282.72
-328540	-261344.47
-370292	-261314.08
-498953	-261236.05
-527309	-261140.52
-506523	-261038.23
-323867	-260989.83
-368420	-260968.94
-497939	-261001.69
-527348	-261076.81
-506833	-261149.23
-323893	-261223.05
-367914	-261225.98
-497977	-261159.7
-527382	-261015.48
-507564	-260780.19
-326160	-260512.11
-369588	-260206.9
-499157	-259932.4
-527294	-259733.58
-507439	-259622.89
-326299	-259652.48
-369030	-259780.17
-498431	-260008.55
-527404	-260302.47
-507407	-260596.62
-325084	-260881.28
-366540	-261078.84
-497623	-261190.62
-527317	-261216.66
-507424	-261150.22
-325187	-261055.64
-366924	-260928.33
-498556	-260826.52
-527477	-260779.89
-507787	-260778.3
-326412	-260850.9
-368396	-260934.95
-498471	-261021.73
-527373	-261077.34
-507729	-261049.86
-326077	-260956.03
-366781	-260753.83
-497950	-260484.98
-527391	-260186.38
-508231	-259881.72
-329151	-259653.55
-386130	-259497.77
-489276	-259474.1
-527111	-259581.6
-508726	-259794.8
-329302	-260110.75
-367096	-260444.64
-498191	-260767.83
-527519	-261037.39
-508029	-261198.75
-325833	-261271.8
-365096	-261219.47
-497712	-261087.53
-527444	-260915.03
-508356	-260724.03
-326570	-260590.8
-364657	-260507.89
-498474	-260516.78
-527512	-260621.6
-508632	-260785.52
-330344	-261014.02
-381742	-261226.28
-500943	-261410.94
-527954	-261537.38
-508981	-261561.19
-327963	-261509.5
-365536	-261349.38
-498481	-261123.08
-528359	-260863.17
-509526	-260584.53
-327544	-260358.45
-363984	-260174.75
-498802	-260075.72
-528421	-260074.73
-509579	-260147.17
-328556	-260314.3
-367274	-260513.08
-499435	-260738.7
-528409	-260966.02
-509549	-261147.22
-328166	-261297.78
-364297	-261365.05
-498480	-261367.8
-528051	-261315.64
-509454	-261200.84
-328246	-261078.17
-363533	-260931.42
-498287	-260804.7
-527850	-260722.77
-509307	-260677.44
-331221	-260708.36
-383717	-260768.08
-488241	-260877.17
-527434	-261007.42
-509879	-261119.45
-330182	-261220.12
-362492	-261247.66
-498014	-261206.66
-527695	-261098.78
-509229	-260910.22
-327546	-260697.7
-361841	-260453.36
-497983	-260233.42
-527671	-260080.0
-509688	-260000.66
-329116	-260047.38
-364338	-260183.86
-498657	-260415.27
-527671	-260715.94
-509704	-261022.28
-328961	-261323.33
-362239	-261536.62
-498339	-261650.78
-527682	-261653.34
-509762	-261524.52
-329059	-261319.17
-360832	-261034.48
-497774	-260734.55
-527646	-260468.9
-509626	-260252.75
-328192	-260145.34
-357736	-260115.97
-493107	-260175.45
-527585	-260302.88
-510099	-260444.52
-329692	-260601.53
-361112	-260706.69
-498329	-260762.9
-527701	-260772.5
-510418	-260725.3
-330711	-260680.08
-361513	-260629.17
-498392	-260624.11
-527742	-260696.23
-510401	-260838.83
-330349	-261087.6
-361243	-261391.5
-497997	-261744.55
-527758	-262116.77
-510192	-262446.8
-332780	-262728.47
-377090	-262886.56
-486423	-262926.03
-527403	-262825.16
-510947	-262568.8
-331901	-262200.66
-358392	-261709.55
-497421	-261152.4
-527762	-260585.6
-510315	-260044.67
-329283	-259625.56
-359654	-259347.95
-498093	-259279.27
-527761	-259454.34
-510485	-259855.8
-329659	-260494.34
-358731	-261278.14
-498035	-262145.0
-527771	-263002.4
-510861	-263724.44
-330872	-264252.03
-358432	-264478.4
-497924	-264390.4
-527799	-264007.44
-510950	-263364.47
-330658	-262590.7
-358611	-261766.39
-498256	-261031.05
-527815	-260495.53
-510776	-260207.22
-330127	-260224.12
-357694	-260480.69
-497382	-260922.17
-527757	-261451.42
-510885	-261929.81
-329629	-262288.6
-355311	-262418.72
-497001	-262310.88
-527727	-261996.14
-510934	-261521.27
-330119	-261022.31
-357376	-260573.64
-498172	-260293.16
-527874	-260256.33
-511199	-260462.22
-330790	-260918.25
-356598	-261514.3
-497713	-262164.03
-527745	-262759.66
-511467	-263175.5
-335759	-263371.78
-371761	-263279.53
-485089	-262943.78
-527567	-262418.66
-512486	-261777.47
-335511	-261151.11
-358132	-260594.19
-498501	-260191.03
-527844	-259983.92
-511494	-259947.52
-331515	-260084.31
-354443	-260304.06
-496831	-260563.72
-527783	-260816.1
-511611	-260999.69
-331267	-261132.58
-353212	-261181.23
-496631	-261179.23
-527806	-261157.36
-511893	-261111.31
-332197	-261085.06
-356072	-261038.39
-498002	-260972.83
-527798	-260875.81
-511872	-260705.14
-332224	-260487.92
-354449	-260196.14
-497190	-259871.53
-527857	-259561.52
-512118	-259291.12
-332881	-259139.53
-353522	-259103.98
-496971	-259212.39
-527856	-259460.77
-512141	-259791.16
-332740	-260188.22
-354812	-260559.05
-497461	-260870.94
-527788	-261098.16
-511886	-261206.02
-331219	-261243.34
-351608	-261208.5
-496410	-261161.9
-527866	-261157.48
-512302	-261205.88
-332687	-261356.64
-352582	-261564.52
-497124	-261813.52
-527864	-262064.5
-512588	-262240.75
-338349	-262329.78
-370196	-262264.66
-485448	-262065.25
-527592	-261748.81
-513440	-261342.53
-337597	-260935.77
-352924	-260552.5
-496793	-260256.8
-527904	-260090.44
-512601	-260037.58
-333456	-260119.14
-351220	-260266.3
-496417	-260451.0
-527910	-260637.77
-512771	-260766.39
-333425	-260851.58
-352164	-260854.31
-497576	-260803.42
-527858	-260733.94
-512671	-260649.62
-333721	-260611.62
-350943	-260600.27
-496341	-260634.5
-527899	-260708.84
-513116	-260781.88
-334622	-260863.95
-351002	-260896.48
-496518	-260876.39
-527914	-260807.56
-513200	-260669.42
-334809	-260512.6
-350896	-260323.81
-496689	-260141.17
-527898	-259996.11
-513074	-259878.45
-334499	-259830.28
-350863	-259816.39
-496282	-259845.12
-527882	-259916.72
-512648	-259999.0
-333886	-260120.27
-353066	-260242.86
-496172	-260382.77
-527860	-260552.31
-513129	-260729.44
-334406	-260948.8
-350492	-261171.23
-497013	-261401.14
-527949	-261635.34
-513116	-261832.42
-338961	-262008.34
-367472	-262110.34
-484235	-262149.94
-527599	-262117.39
-514399	-261996.14
-339451	-261822.7
-350021	-261574.08
-495451	-261277.7
-527862	-260963.27
-513661	-260626.95
-335694	-260326.4
-347922	-260051.2
-495967	-259835.38
-527990	-259707.98
-513929	-259654.0
-336504	-259710.44
-350179	-259834.94
-495850	-260022.48
-527809	-260256.47
-513691	-260478.14
-335889	-260689.2
-347966	-260826.03
-495067	-260882.27
-527834	-260863.75
-513973	-260755.28
-336201	-260615.72
-346508	-260445.67
-495718	-260295.34
-527994	-260209.2
-514226	-260182.6
-337303	-260254.36
-349257	-260376.11
-496814	-260528.42
-528006	-260680.98
-514165	-260764.5
-336957	-260775.39
-346941	-260660.66
-494976	-260436.0
-527843	-260141.25
-514237	-259801.19
-337162	-259513.64
-345519	-259311.48
-494894	-259261.38
-527958	-259408.75
-514580	-259732.03
-338286	-260237.89
-348620	-260835.97
-496487	-261462.23
-527968	-262045.22
-514681	-262482.4
-343076	-262749.47
-356639	-262785.22
-475059	-262615.0
-527149	-262272.3
-515721	-261800.1
-343887	-261300.92
-346724	-260813.81
-494912	-260408.28
-527959	-260135.5
-514727	-259981.83
-338347	-259970.4
-345574	-260037.5
-493956	-260154.56
-527750	-260291.48
-514615	-260386.44
-337771	-260452.55
-344274	-260451.62
-494059	-260402.66
-527904	-260336.77
-515040	-260250.42
-339239	-260199.08
-345356	-260164.66
-494991	-260163.56
-528004	-260204.75
-515287	-260250.5
-341822	-260320.62
-350901	-260369.12
-495667	-260399.36
-527917	-260421.23
-515384	-260410.88
-340704	-260409.6
-344771	-260393.86
-494332	-260380.92
-527891	-260384.95
-515311	-260377.27
-340019	-260385.0
-343349	-260369.02
-493297	-260333.94
-527755	-260293.62
-515099	-260228.25
-339324	-260187.45
-343507	-260160.89
-493427	-260182.34
-527619	-260285.05
-515159	-260453.03
-340117	-260719.58
-344011	-261035.7
-495171	-261381.28
-527851	-261728.6
-515451	-262004.66
-344156	-262200.62
-369044	-262248.5
-481960	-262155.75
-527078	-261929.75
-516422	-261579.52
-346124	-261178.33
-344412	-260749.23
-494033	-260356.64
-527711	-260062.67
-515616	-259873.23
-341709	-259835.5
-342942	-259909.16
-493615	-260074.6
-527790	-260302.47
-515767	-260513.81
-341964	-260694.39
-342871	-260774.48
-493294	-260743.2
-527697	-260615.0
-515759	-260383.4
-342176	-260120.23
-342755	-259843.03
-494294	-259611.84
-527682	-259484.03
-515847	-259461.17
-342616	-259584.47
-343171	-259808.58
-493402	-260108.39
-527677	-260448.22
-515887	-260744.3
-342576	-260977.47
-341851	-261077.03
-493187	-261032.17
-527682	-260861.72
-516178	-260567.06
-343734	-260230.77
-342183	-259882.69
-495035	-259593.69
-527736	-259431.97
-516320	-259402.8
-344467	-259547.81
-342368	-259817.12
-492908	-260175.94
-527657	-260577.98
-516262	-260928.62
-343729	-261200.67
-341395	-261320.52
-493125	-261279.06
-527669	-261102.83
-516311	-260801.61
-346337	-260465.84
-364446	-260126.3
-480471	-259863.75
-527019	-259725.44
-517235	-259711.72
-349064	-259842.17
-342572	-260050.39
-492548	-260286.89
-527638	-260503.11
-516526	-260613.5
-344731	-260612.05
-341384	-260457.25
-493697	-260177.75
-527666	-259837.5
-516717	-259475.98
-345671	-259200.83
-340211	-259048.2
-494031	-259069.94
-527861	-259295.86
-516811	-259676.89
-345602	-260194.7
-341476	-260747.88
-492618	-261264.42
-527704	-261687.64
-516732	-261936.53
-345379	-262020.69
-338922	-261919.25
-489839	-261675.69
-527550	-261359.89
-516857	-261003.69
-345596	-260693.97
-339139	-260437.45
-493171	-260253.05
-527776	-260146.98
-517035	-260062.22
-346592	-259995.66
-341179	-259886.34
-492377	-259725.97
-527636	-259535.39
-517087	-259315.38
-346799	-259146.66
-338535	-259057.53
-490224	-259108.14
-527557	-259349.52
-517390	-259762.72
-347775	-260357.31
-338840	-261049.52
-493477	-261768.58
-527914	-262441.7
-517513	-262956.28
-351556	-263279.9
-364192	-263345.0
-479692	-263171.97
-527228	-262799.94
-518108	-262272.44
-351776	-261696.06
-337639	-261121.19
-489111	-260618.62
-527526	-260247.47
-517457	-259996.84
-347682	-259891.4
-337297	-259875.36
-491956	-259917.92
-527748	-259999.4
-517709	-260061.86
-349054	-260121.64
-339649	-260147.34
-491220	-260154.17
-527599	-260170.98
-517708	-260181.4
-349117	-260223.47
-336765	-260265.92
-489357	-260303.84
-527484	-260338.34
-517859	-260326.4
-349521	-260292.38
-336728	-260211.98
-491740	-260105.9
-527801	-260016.14
-517910	-259941.6
-349759	-259939.95
-337807	-259997.86
-489512	-260121.19
-527409	-260307.88
-517749	-260496.95
-348880	-260681.34
-335696	-260794.61
-488890	-260814.97
-527404	-260750.78
-518077	-260586.84
-350303	-260391.86
-336016	-260190.45
-491254	-260044.16
-527750	-260022.34
-518213	-260128.64
-351271	-260402.67
-338013	-260795.42
-491754	-261265.23
-527642	-261764.73
-518299	-262193.5
-353842	-262519.34
-338708	-262670.78
-477369	-262636.38
-527661	-262434.88
-518923	-262083.58
-355022	-261663.69
-335798	-261211.81
-489896	-260790.25
-527576	-260465.95
-518464	-260238.92
-352079	-260148.94
-336042	-260158.89
-489270	-260248.39
-527512	-260403.4
-518566	-260560.3
-352238	-260721.23
-334819	-260836.61
-487728	-260895.75
-527267	-260908.23
-518557	-260841.89
-352437	-260730.6
-333946	-260554.2
-489605	-260327.88
-527734	-260086.38
-518831	-259823.95
-352859	-259601.56
-335043	-259424.7
-488884	-259328.34
-527679	-259353.25
-518983	-259481.17
-353629	-259734.58
-334656	-260058.53
-488258	-260409.2
-527465	-260745.72
-519092	-260977.88
-354357	-261087.19
-333668	-261020.39
-487859	-260784.05
-527598	-260435.31
-519027	-260012.69
-354056	-259636.1
-333954	-259373.75
-488064	-259310.12
-527475	-259515.25
-519091	-259969.12
-354336	-260665.67
-333992	-261498.12
-487819	-262357.53
-527450	-263136.94
-519199	-263690.28
-356373	-263959.97
-333333	-263879.94
-476266	-263468.44
-527670	-262793.4
-519939	-261939.88
-359659	-261061.03
-335357	-260260.05
-488228	-259644.55
-527524	-259303.42
-519381	-259227.8
-355568	-259421.83
-332727	-259791.81
-487002	-260245.98
-527359	-260702.08
-519399	-261039.89
-355539	-261228.66
-331621	-261218.58
-485909	-261026.03
-527456	-260719.27
-519599	-260338.88
-356529	-259994.47
-333018	-259731.27
-487129	-259601.02
-527369	-259640.8
-519583	-259807.17
-356704	-260088.69
-332665	-260399.75
-487577	-260674.73
-527432	-260871.81
-519731	-260918.73
-357736	-260829.97
-327986	-260596.45
-486335	-260258.23
-528063	-259894.19
-519987	-259543.64
-359152	-259300.19
-333063	-259190.0
-486368	-259239.95
-527337	-259467.81
-519709	-259812.98
-356799	-260254.36
-331119	-260701.7
-485862	-261088.73
-527387	-261376.56
-519886	-261495.94
-358061	-261463.83
-331934	-261269.58
-487639	-260951.92
-527539	-260586.73
-520052	-260207.1
-360422	-259902.83
-331766	-259697.95
-475034	-259624.27
-527597	-259691.64
-520532	-259860.56
-362710	-260118.86
-332313	-260395.25
-486765	-260639.45
-527574	-260830.19
-520214	-260912.08
-359220	-260906.92
-330476	-260802.2
-485596	-260624.03
-527387	-260426.77
-520297	-260217.12
-360082	-260056.1
-331652	-259943.25
-487497	-259888.06
-527491	-259910.05
-520387	-259967.25
-360753	-260073.97
-331891	-260189.3
-485899	-260299.92
-527394	-260415.75
-520474	-260501.75
-361022	-260585.9
-330621	-260645.08
-483813	-260679.11
-527213	-260705.73
-520515	-260692.27
-360932	-260664.06
-330524	-260598.5
-486867	-260499.53
-527484	-260399.4
-520689	-260285.02
-362011	-260206.22
-331089	-260161.58
-485452	-260165.34
-527436	-260242.47
-520727	-260354.34
-362031	-260507.94
-329366	-260648.75
-483294	-260739.58
-527216	-260767.4
-520820	-260681.12
-362409	-260507.12
-329369	-260242.3
-485998	-259924.42
-527482	-259629.05
-520913	-259382.58
-363176	-259266.28
-327546	-259291.7
-474685	-259469.72
-527882	-259787.0
-521421	-260177.75
-367023	-260602.22
-330442	-260969.34
-483667	-261214.48
-527229	-261317.97
-521178	-261237.17
-364225	-261019.16
-328510	-260689.06
-485507	-260309.97
-527516	-259974.17
-521211	-259712.22
-364331	-259595.11
-329377	-259615.55
-483822	-259758.17
-527286	-260005.2
-521134	-260273.25
-363663	-260535.72
-327076	-260724.9
-482304	-260809.9
-527118	-260807.02
-521334	-260702.14
-364976	-260557.0
-328097	-260391.38
-486246	-260242.14
-527744	-260160.34
-521488	-260128.19
-366088	-260170.56
-330379	-260248.86
-485354	-260336.86
-527412	-260430.94
-521456	-260481.75
-365680	-260510.72
-327690	-260500.67
-482026	-260463.73
-526952	-260439.9
-521424	-260415.17
-365774	-260427.3
-326351	-260456.03
-484793	-260487.23
-527486	-260526.33
-521512	-260522.73
-366787	-260490.58
-329713	-260404.12
-485684	-260268.39
-527239	-260126.72
-521502	-259977.3
-365787	-259879.72
-320419	-259841.72
-475366	-259874.38
-527747	-259995.72
-521969	-260164.64
-371499	-260376.55
-327291	-260579.45
-483514	-260736.58
-527364	-260850.48
-521756	-260883.38
-367735	-260872.33
-326477	-260821.34
-480687	-260757.56
-526807	-260732.92
-521627	-260739.0
-367174	-260812.08
-325911	-260924.08
-481021	-261048.89
-526869	-261177.77
-521966	-261248.02
-369068	-261262.81
-326327	-261192.81
-484505	-261041.2
-527382	-260857.38
-521999	-260646.47
-369869	-260477.31
-327835	-260366.34
-482579	-260333.23
-526954	-260405.08
-521926	-260537.61
-369413	-260728.31
-324511	-260920.53
-479207	-261072.25
-526622	-261177.17
-522009	-261190.83
-369658	-261143.69
-323857	-261036.38
-482021	-260892.05
-527190	-260766.44
-522133	-260655.34
-370285	-260599.19
-326185	-260579.84
-481358	-260578.42
-526894	-260594.94
-522222	-260573.58
-370881	-260520.12
-324843	-260408.53
-481027	-260239.75
-526864	-260058.22
-522311	-259864.95
-369811	-259723.9
-316716	-259651.02
-474364	-259661.97
-527949	-259785.61
-522701	-259986.2
-374399	-260263.61
-326013	-260567.95
-480411	-260857.3
-526710	-261122.94
-522344	-261310.4
-371111	-261433.27
-323111	-261471.28
-480088	-261424.45
-526817	-261328.11
-522442	-261165.88
-371862	-260978.78
-323808	-260763.73
-479869	-260530.84
-526866	-260322.28
-522556	-260128.66
-372314	-260001.78
-323745	-259950.14
-479326	-259990.11
-526647	-260159.44
-522520	-260425.94
-372334	-260796.06
-323058	-261213.61
-481391	-261617.33
-527058	-261970.48
-522738	-262183.9
-373573	-262241.94
-323567	-262111.52
-479753	-261801.56
-526874	-261385.95
-522853	-260906.4
-374524	-260474.31
-323382	-260155.86
-479036	-260005.69
-526642	-260076.1
-522802	-260323.73
-374431	-260721.22
-322701	-261168.95
-480266	-261562.14
-526837	-261832.75
-522818	-261882.39
-374182	-261709.08
-321703	-261315.38
-478743	-260756.22
-526569	-260151.78
-522857	-259580.58
-372851	-259171.27
-309607	-258985.05
-461291	-259046.6
-527156	-259359.39
-523397	-259837.53
-379937	-260410.36
-324021	-260957.73
-479802	-261372.8
-526869	-261611.45
-523196	-261611.27
-376434	-261411.77
-322381	-261051.62
-479013	-260604.56
-526772	-260189.17
-523267	-259860.45
-376746	-259706.52
-322216	-259742.72
-481159	-259953.6
-526889	-260326.22
-523139	-260767.98
-376182	-261232.97
-321270	-261638.81
-477904	-261923.78
-526617	-262081.4
-523107	-262073.58
-376149	-261939.0
-319889	-261692.5
-475294	-261363.89
-526331	-261018.36
-523335	-260664.23
-377006	-260358.52
-320432	-260112.89
-479326	-259939.11
-526651	-259877.4
-523409	-259904.53
-378307	-260046.42
-321697	-260278.55
-478568	-260570.48
-526672	-260914.42
-523436	-261234.55
-377965	-261506.22
-319016	-261666.5
-474882	-261668.34
-526254	-261517.61
-523401	-261190.31
-377790	-260744.67
-319549	-260224.06
-479159	-259692.31
-526591	-259253.89
-523418	-258945.5
-378628	-258837.52
-325076	-258929.11
-463531	-259196.34
-526976	-259609.47
-523896	-260072.89
-383327	-260530.83
-320053	-260903.61
-476121	-261133.94
-526344	-261230.78
-523535	-261176.81
-379751	-261034.55
-319501	-260843.86
-478247	-260648.03
-526520	-260518.7
-523606	-260448.89
-379430	-260465.06
-318524	-260534.48
-474955	-260616.14
-526141	-260702.03
-523641	-260736.7
-379272	-260735.34
-316891	-260695.02
-473494	-260631.47
-525936	-260605.52
-523667	-260617.5
-380282	-260710.89
-318464	-260871.05
-478108	-261063.28
-526500	-261275.33
-523784	-261426.77
-381107	-261500.2
-319362	-261458.19
-475099	-261294.0
-526094	-261066.69
-523795	-260803.52
-380969	-260598.9
-316739	-260506.06
-473989	-260556.45
-525983	-260782.64
-523800	-261117.94
-381366	-261509.48
-316640	-261841.06
-476291	-261991.55
-526297	-261897.1
-523871	-261476.06
-381626	-260757.75
-317714	-259797.16
-475016	-258703.14
-526037	-257658.08
-524014	-256792.78
-383049	-256271.08
-319970	-256172.3
-462530	-256512.28
-526969	-257267.7
-524315	-258300.7
-387267	-259479.02
-317993	-260627.19
-476482	-261581.62
-526510	-262265.03
-524095	-262598.78
-383291	-262622.22
-319077	-262393.03
-474994	-262005.05
-525929	-261601.11
-523913	-261252.8
-382147	-261049.06
-314911	-260998.44
-471834	-261064.33
-525520	-261213.94
-523947	-261341.05
-382732	-261397.34
-314173	-261324.62
-474710	-261097.75
-526176	-260773.62
-524136	-260381.9
-384119	-260026.44
-316976	-259776.06
-474417	-259678.95
-525843	-259790.84
-524066	-260069.6
-383786	-260488.67
-314709	-260961.86
-471127	-261388.33
-525389	-261717.6
-524105	-261864.44
-383699	-261832.36
-313847	-261628.66
-473454	-261289.86
-525886	-260917.05
-524149	-260553.69
-384282	-260288.11
-315177	-260149.98
-473374	-260135.39
-525680	-260251.88
-524146	-260424.47
-384896	-260619.55
-314275	-260773.23
-471870	-260832.17
-525430	-260808.52
-524347	-260681.08
-386596	-260505.45
-314196	-260319.67
-460266	-260164.02
-526829	-260108.56
-524692	-260150.94
-390747	-260314.11
-316301	-260569.9
-472429	-260865.0
-525572	-261178.02
-524344	-261426.89
-385682	-261590.17
-312211	-261630.27
-468684	-261524.38
-525056	-261312.36
-524384	-260993.45
-385682	-260631.98
-311440	-260266.34
-470830	-259928.08
-525599	-259685.0
-524297	-259534.22
-386362	-259512.7
-313397	-259609.98
-479070	-259796.67
-526862	-260079.33
-524624	-260394.7
-388118	-260727.72
-313238	-261030.92
-470640	-261254.75
-525291	-261401.36
-524661	-261421.9
-388027	-261336.67
-311914	-261150.19
-471228	-260874.55
-525729	-260578.67
-524654	-260278.72
-388172	-260043.73
-312625	-259904.39
-470196	-259868.89
-525152	-259971.8
-524569	-260165.55
-387737	-260434.94
-311474	-260721.78
-468462	-260955.36
-525054	-261114.95
-524766	-261136.02
-388109	-261029.66
-311057	-260804.02
-470372	-260483.38
-525538	-260157.42
-524661	-259862.98
-387336	-259685.5
-306583	-259664.64
-470870	-259802.67
-527732	-260121.83
-524855	-260555.17
-390137	-261055.38
-311226	-261539.75
-467506	-261915.34
-524824	-262150.62
-524775	-262177.9
-388513	-262012.19
-310097	-261671.23
-468064	-261189.58
-524991	-260666.16
-524786	-260145.55
-389307	-259717.97
-311301	-259428.69
-470889	-259289.89
-525237	-259335.47
-524847	-259513.58
-389603	-259806.72
-309865	-260156.62
-467792	-260493.45
-524903	-260798.69
-524794	-261004.77
-389555	-261109.98
-308007	-261100.89
-465202	-260969.0
-524627	-260764.14
-524825	-260487.44
-389972	-260195.1
-308952	-259918.5
-469327	-259675.9
-524971	-259529.98
-524858	-259470.55
-391048	-259529.72
-308883	-259696.12
-467297	-259932.12
-524697	-260234.47
-524854	-260527.58
-391652	-260783.97
-308766	-260951.42
-466279	-260977.31
-524503	-260876.17
-524871	-260625.42
-392340	-260277.28
-309621	-259878.7
-469947	-259478.42
-524774	-259177.55
-524856	-259003.02
-393042	-259012.47
-305141	-259207.5
-470942	-259541.69
-527617	-259986.86
-525092	-260440.38
-394982	-260834.72
-309461	-261089.47
-466487	-261133.52
-524458	-260982.47
-524998	-260628.6
-393617	-260151.12
-308566	-259630.45
-468330	-259144.0
-524693	-258814.55
-525052	-258678.86
-393991	-258789.83
-308640	-259134.36
-466416	-259647.23
-524417	-260282.3
-525120	-260917.11
-393792	-261479.67
-307403	-261889.7
-465284	-262083.11
-524176	-262080.97
-525096	-261877.16
-394421	-261542.53
-307438	-261140.98
-467007	-260724.75
-524604	-260387.25
-525227	-260139.56
-395246	-260019.16
-309597	-260014.67
-469952	-260078.84
-524869	-260204.81
-525321	-260320.34
-396534	-260407.47
-308241	-260437.45
-466314	-260381.12
-524282	-260276.16
-525311	-260109.77
-396569	-259926.5
-305881	-259749.69
-465896	-259584.61
-524734	-259482.16
-525305	-259422.27
-395668	-259426.94
-306870	-259487.2
-465308	-259572.44
-524117	-259699.47
-525291	-259821.44
-395769	-259940.53
-301551	-260038.83
-468297	-260080.83
-527471	-260090.33
-525542	-260040.53
-400033	-259951.77
-308009	-259834.27
-469528	-259685.72
-525149	-259564.73
-525552	-259465.5
-398764	-259429.23
-308551	-259466.89
-467005	-259560.6
-524421	-259732.2
-525513	-259928.36
-398063	-260134.58
-306417	-260310.55
-463415	-260400.2
-523832	-260409.45
-525396	-260297.23
-396426	-260088.88
-306003	-259804.77
-465151	-259463.58
-524487	-259145.53
-525293	-258866.4
-395127	-258684.77
-307223	-258621.03
-466699	-258659.05
-524211	-258818.5
-525211	-259038.72
-395411	-259300.05
-307586	-259555.22
-465721	-259746.6
-523997	-259881.97
-525201	-259921.08
-396587	-259888.05
-306363	-259798.02
-465486	-259658.6
-524047	-259534.62
-525351	-259424.31
-397640	-259368.17
-307286	-259375.77
-464382	-259428.22
-523920	-259552.12
-525597	-259704.47
-400832	-259887.0
-305405	-260081.83
-465795	-260251.64
-524075	-260419.03
-525506	-260545.14
-400661	-260642.17
-303042	-260705.94
-469757	-260710.9
-527392	-260693.27
-525679	-260631.69
-402347	-260547.94
-304509	-260452.66
-461641	-260335.61
-523379	-260243.83
-525708	-260159.75
-402177	-260108.75
-303492	-260091.36
-464668	-260078.73
-524229	-260092.89
-525723	-260088.1
-402951	-260062.98
-305331	-260003.55
-464230	-259881.53
-523732	-259736.8
-525785	-259554.89
-403229	-259379.83
-304061	-259242.53
-461233	-259152.27
-523069	-259168.39
-525719	-259270.8
-403387	-259476.3
-302714	-259766.28
-463071	-260084.52
-523973	-260425.72
-525829	-260717.98
-403622	-260942.66
-304096	-261076.38
-462237	-261088.38
-523229	-261021.78
-525787	-260868.34
-403803	-260675.55
-302912	-260475.23
-460384	-260270.9
-522822	-260114.61
-525812	-259981.06
-405080	-259881.88
-302748	-259804.28
-463266	-259709.47
-523754	-259620.69
-525877	-259505.73
-405721	-259389.3
-303667	-259290.7
-461992	-259213.0
-523144	-259220.92
-525816	-259307.89
-406085	-259505.22
-300094	-259812.92
-468170	-260187.11
-527284	-260631.97
-526038	-261072.28
-407887	-261474.52
-302840	-261794.02
-461982	-261969.95
-523684	-262015.97
-525989	-261899.72
-406734	-261652.38
-302619	-261304.7
-460334	-260874.17
-522887	-260441.64
-525934	-260020.66
-406571	-259665.12
-302084	-259402.42
-459604	-259221.98
-522798	-259159.02
-525982	-259171.92
-406980	-259257.14
-301067	-259391.42
-460201	-259522.98
-523231	-259662.73
-525994	-259761.97
-407217	-259824.7
-301240	-259849.47
-458989	-259816.08
-522642	-259772.27
-526053	-259704.44
-407964	-259645.34
-300864	-259612.97
-459637	-259592.77
-522896	-259624.06
-526084	-259673.0
-409281	-259744.27
-301458	-259825.5
-460120	-259876.06
-523131	-259919.72
-526162	-259922.1
-409351	-259902.56
-301492	-259877.58
-459667	-259842.86
-522647	-259858.1
-526059	-259914.78
-408474	-260041.55
-299658	-260241.0
-458461	-260472.4
-522456	-260743.08
-526033	-260984.67
-409477	-261171.23
-296662	-261271.9
-466266	-261234.64
-527036	-261095.86
-526139	-260843.0
-411622	-260527.97
-301981	-260205.78
-460752	-259904.47
-522729	-259708.8
-526066	-259621.56
-410949	-259666.45
-300974	-259831.22
-459211	-260052.31
-522522	-260314.84
-526126	-260532.42
-411362	-260672.23
-299738	-260707.3
-455746	-260604.1
-521978	-260415.27
-526074	-260149.58
-411345	-259871.8
-299994	-259637.53
-458059	-259463.0
-522201	-259408.98
-526131	-259448.1
-411367	-259575.08
-298853	-259756.77
-461074	-259920.66
-523085	-260061.44
-526141	-260118.27
-412923	-260092.6
-299711	-259996.64
-456053	-259828.95
-521990	-259662.56
-526147	-259506.36
-413415	-259408.3
-300179	-259393.02
-458751	-259435.53
-522340	-259558.89
-526192	-259707.95
-412888	-259866.81
-298669	-260012.39
-455680	-260100.45
-521867	-260164.81
-526152	-260187.48
-412982	-260205.39
-298222	-260250.84
-454304	-260321.45
-521647	-260468.36
-526275	-260661.7
-414144	-260898.75
-291609	-261156.25
-452365	-261366.31
-526036	-261527.3
-526437	-261579.17
-418294	-261516.55
-301170	-261348.12
-456014	-261064.42
-521949	-260736.61
-526368	-260375.19
-415243	-260036.6
-297816	-259761.92
-452522	-259546.62
-521397	-259435.2
-526406	-259392.47
-415196	-259415.47
-297674	-259486.94
-455448	-259553.48
-521616	-259631.42
-526374	-259676.62
-415973	-259695.02
-298911	-259692.5
-455421	-259646.38
-521796	-259602.5
-526473	-259539.45
-416737	-259479.69
-297981	-259437.2
-453242	-259391.84
-521447	-259385.97
-526494	-259396.45
-416885	-259443.28
-297470	-259536.78
-455146	-259649.2
-521725	-259812.61
-526484	-259983.95
-417295	-260158.14
-298071	-260316.6
-453558	-260404.98
-521322	-260437.55
-526455	-260370.34
-417326	-260215.48
-297860	-259995.11
-453929	-259711.12
-521397	-259443.42
-526405	-259211.12
-417624	-259073.83
-297796	-259074.72
-455656	-259200.95
-521744	-259487.75
-526498	-259877.9
-417450	-260339.0
-290606	-260822.42
-453270	-261235.56
-526105	-261564.47
-526466	-261742.11
-421404	-261764.22
-298094	-261647.02
-451574	-261387.52
-520864	-261064.55
-526485	-260695.89
-419297	-260338.19
-296632	-260034.39
-453639	-259774.92
-521712	-259605.5
-526514	-259489.97
-419880	-259427.17
-297358	-259409.61
-451982	-259393.36
-520855	-259409.88
-526530	-259429.7
-420954	-259470.92
-296660	-259549.45
-451520	-259640.69
-520682	-259781.62
-526581	-259934.3
-421399	-260092.55
-295827	-260243.02
-451249	-260331.8
-521177	-260380.2
-526527	-260351.34
-420804	-260263.83
-295409	-260145.62
-449058	-259995.53
-520431	-259883.53
-526571	-259809.03
-421825	-259801.0
-296375	-259867.94
-451599	-259960.55
-520604	-260083.4
-526646	-260163.36
-423385	-260168.95
-296157	-260075.77
-451941	-259839.42
-521177	-259510.78
-526544	-259097.19
-423809	-258668.27
-296571	-258303.42
-450522	-258038.36
-520441	-257964.84
-526589	-258079.92
-422083	-258389.23
-288215	-258865.11
-451589	-259405.4
-525986	-259968.33
-526668	-260438.95
-426034	-260757.81
-296287	-260892.27
-449603	-260799.95
-520525	-260546.06
-526515	-260155.66
-424128	-259714.73
-295937	-259312.69
-450165	-258986.25
-520296	-258822.95
-526694	-258811.55
-424321	-258950.75
-295422	-259211.98
-447742	-259507.81
-519712	-259816.12
-526699	-260055.16
-425108	-260198.36
-294858	-260243.17
-447994	-260166.05
-520251	-260034.4
-526734	-259857.95
-425787	-259688.5
-295901	-259570.45
-450323	-259492.05
-520159	-259498.06
-526673	-259549.06
-426326	-259634.17
-295337	-259739.16
-447668	-259808.23
-519654	-259864.77
-526697	-259874.88
-427004	-259853.19
-294012	-259824.38
-445279	-259771.31
-519784	-259748.12
-526805	-259734.62
-427583	-259741.8
-295035	-259775.69
-448607	-259790.89
-519737	-259814.36
-526687	-259806.2
-427221	-259771.98
-293825	-259726.47
-446537	-259647.11
-519497	-259589.42
-526789	-259541.31
-427383	-259527.3
-286616	-259568.75
-449004	-259628.84
-525785	-259740.42
-526784	-259857.47
-431033	-259970.0
-296190	-260073.73
-448011	-260120.61
-519619	-260144.2
-526871	-260115.1
-429074	-260052.08
-293681	-259979.9
-444628	-259880.39
-518934	-259806.77
-526851	-259740.44
-430002	-259696.45
-293282	-259688.64
-443817	-259679.64
-519186	-259702.97
-526833	-259722.75
-429707	-259740.86
-292052	-259764.27
-455218	-259749.8
-522108	-259736.7
-526874	-259691.88
-430517	-259622.61
-293409	-259541.45
-443572	-259417.06
-518691	-259297.25
-526916	-259163.67
-431099	-259042.67
-292811	-258968.25
-442294	-258926.2
-518791	-258972.42
-526884	-259087.53
-431140	-259277.92
-293379	-259541.53
-444439	-259816.2
-518636	-260106.08
-526886	-260341.7
-431517	-260496.06
-292735	-260556.92
-442936	-260479.72
-518752	-260313.2
-526942	-260055.77
-433071	-259757.33
-293637	-259480.47
-444137	-259237.81
-518996	-259107.7
-526969	-259083.69
-432251	-259175.73
-287008	-259381.52
-456575	-259625.66
-525291	-259911.31
-527002	-260166.3
-435091	-260357.61
-293342	-260477.45
-441527	-260481.02
-518507	-260414.39
-526957	-260268.61
-433364	-260078.14
-291935	-259884.66
-441862	-259676.0
-518349	-259509.5
-527022	-259366.55
-434327	-259256.7
-293011	-259193.6
-444040	-259139.44
-518606	-259135.8
-527020	-259156.28
-435262	-259213.45
-293358	-259326.05
-443032	-259457.48
-518695	-259640.83
-526994	-259830.86
-435290	-260010.92
-292248	-260166.98
-440866	-260235.47
-518104	-260235.42
-527013	-260130.78
-435597	-259937.72
-292217	-259697.7
-442215	-259413.62
-518184	-259173.72
-527045	-258993.56
-436102	-258913.66
-292404	-258963.81
-442522	-259097.45
-518547	-259324.16
-527106	-259566.84
-437044	-259775.73
-292334	-259915.6
-440791	-259913.28
-518090	-259798.8
-527102	-259560.89
-437851	-259250.78
-292832	-258948.34
-443282	-258686.98
-518489	-258573.38
-527124	-258622.23
-436542	-258854.9
-285813	-259267.9
-452596	-259765.61
-524585	-260316.16
-527156	-260803.7
-439241	-261148.3
-292604	-261306.25
-440382	-261208.36
-517908	-260903.84
-527228	-260409.92
-439204	-259808.62
-292248	-259209.4
-442733	-258670.69
-518549	-258317.05
-527231	-258175.75
-440010	-258274.17
-293133	-258612.12
-442104	-259100.45
-518356	-259703.78
-527282	-260304.73
-441040	-260820.27
-293336	-261194.36
-440975	-261339.5
-517915	-261280.9
-527257	-261006.22
-440884	-260565.33
-291608	-260041.61
-441977	-259471.44
-518447	-258972.69
-527254	-258580.06
-441015	-258340.33
-293042	-258286.88
-442275	-258369.42
-518131	-258594.81
-527291	-258882.03
-441629	-259174.3
-291616	-259430.9
-439122	-259567.17
-517431	-259599.6
-527251	-259500.0
-442377	-259300.16
-292227	-259065.23
-442292	-258817.3
-518287	-258663.66
-527261	-258631.56
-442358	-258762.19
-292433	-259082.5
-441302	-259531.12
-517828	-260100.53
-527249	-260691.56
-441437	-261227.86
-284499	-261650.77
-449361	-261854.14
-523969	-261850.5
-527307	-261610.56
-444612	-261169.5
-293519	-260609.22
-443762	-259969.5
-518521	-259379.86
-527244	-258889.98
-443449	-258560.55
-292096	-258438.48
-439541	-258480.92
-517311	-258698.28
-527314	-259009.78
-444336	-259357.27
-291552	-259696.94
-438683	-259938.73
-517186	-260093.48
-527286	-260123.3
-444845	-260043.03
-291646	-259897.42
-441719	-259680.86
-518200	-259472.94
-527352	-259276.94
-445495	-259118.55
-292726	-259027.84
-440381	-258965.8
-517369	-258970.08
-527369	-259003.72
-445846	-259062.23
-292026	-259157.08
-440309	-259241.44
-517405	-259353.36
-527409	-259458.6
-446632	-259552.47
-291984	-259643.72
-440934	-259678.5
-518345	-259690.28
-527479	-259647.78
-446822	-259557.73
-292076	-259455.45
-439128	-259324.98
-517136	-259242.84
-527402	-259215.88
-447293	-259276.52
-291756	-259461.3
-439132	-259726.44
-516917	-260093.36
-527424	-260493.53
-447064	-260876.23
-284326	-261206.62
-449005	-261388.17
-524650	-261437.86
-527466	-261321.58
-449238	-261059.66
-293019	-260720.56
-440212	-260322.6
-517197	-259976.47
-527464	-259713.53
-448683	-259576.08
-291369	-259598.0
-437915	-259722.28
-516704	-259953.06
-527519	-260208.44
-449587	-260433.31
-292009	-260599.45
-440813	-260635.8
-517802	-260582.19
-527489	-260432.62
-449729	-260229.64
-292221	-260043.78
-439484	-259879.03
-517169	-259815.23
-527540	-259835.48
-449976	-259934.05
-291432	-260102.48
-437178	-260256.02
-516367	-260394.19
-527531	-260454.33
-450466	-260421.16
-291596	-260319.19
-438193	-260130.44
-517197	-259939.34
-527590	-259764.27
-451312	-259646.44
-292289	-259631.77
-439533	-259680.88
-517038	-259820.72
-527574	-259989.06
-451659	-260145.05
-291699	-260269.83
-437421	-260293.08
-516438	-260252.61
-527576	-260138.61
-452380	-259990.3
-292069	-259879.95
-437841	-259816.02
-517261	-259884.38
-527596	-260079.03
-452087	-260396.06
-284642	-260824.9
-446219	-261261.28
-523691	-261687.05
-527659	-262003.95
-453368	-262160.2
-291888	-262149.06
-435468	-261925.42
-515443	-261561.14
-527621	-261081.48
-453632	-260553.52
-291236	-260068.2
-432927	-259643.69
-515042	-259367.11
-527683	-259232.84
-454172	-259239.9
-292569	-259388.6
-437699	-259599.53
-515516	-259875.56
-527641	-260148.55
-453864	-260385.92
-291029	-260587.0
-433326	-260695.61
-514163	-260754.84
-527728	-260744.83
-455066	-260678.81
-291482	-260597.7
-431677	-260475.78
-514339	-260375.8
-527679	-260289.67
-455590	-260233.61
-292239	-260243.47
-435437	-260281.0
-514414	-260389.61
-527724	-260531.33
-455839	-260686.95
-291579	-260850.84
-432294	-260948.52
-513494	-260995.05
-527731	-260942.97
-457188	-260787.61
-292264	-260566.02
-433065	-260267.1
-514494	-259983.72
-527699	-259746.89
-457909	-259612.66
-293637	-259647.98
-436737	-259829.45
-514255	-260195.64
-527787	-260683.25
-456771	-261231.38
-285421	-261787.7
-438511	-262224.06
-518973	-262521.78
-527777	-262606.84
-459101	-262468.28
-292690	-262156.56
-430936	-261682.95
-513263	-261167.5
-527707	-260668.14
-459102	-260260.28
-293629	-260023.78
-435288	-259939.45
-513706	-260047.45
-527796	-260284.7
-459314	-260594.92
-293007	-260937.89
-432240	-261206.61
-512892	-261399.12
-527761	-261462.3
-460415	-261393.92
-293404	-261239.39
-431486	-260989.25
-512889	-260731.4
-527724	-260482.03
-460239	-260274.38
-293819	-260155.77
-434468	-260089.33
-513133	-260118.86
-527687	-260206.17
-460536	-260335.27
-293228	-260514.58
-431613	-260682.8
-512889	-260870.94
-527710	-261038.02
-461174	-261169.89
-293647	-261277.69
-432379	-261303.25
-512677	-261282.89
-527662	-261188.23
-461749	-261024.83
-294082	-260838.03
-433754	-260612.89
-512707	-260436.11
-527721	-260322.72
-462024	-260309.25
-293891	-260444.48
-431524	-260684.88
-511345	-261054.9
-527726	-261481.25
-460417	-261901.06
-282122	-262271.97
-435041	-262477.94
-521490	-262522.3
-527700	-262358.0
-463202	-261998.17
-294363	-261518.39
-432888	-260944.88
-511891	-260408.78
-527761	-259963.8
-463238	-259672.6
-294301	-259593.98
-432476	-259678.48
-512108	-259934.53
-527707	-260270.2
-463564	-260605.34
-294078	-260889.64
-430628	-261017.77
-511626	-261005.16
-527659	-260827.83
-463656	-260520.1
-294013	-260167.2
-431812	-259793.23
-511686	-259512.61
-527636	-259348.1
-463732	-259323.81
-294222	-259460.92
-431569	-259680.56
-511740	-259977.5
-527669	-260265.5
-463683	-260489.48
-293789	-260636.92
-429989	-260645.42
-511005	-260570.1
-527645	-260413.44
-464466	-260218.8
-293607	-260059.78
-430697	-259932.42
-511480	-259911.6
-527557	-259980.6
-463947	-260129.97
-294394	-260362.25
-430604	-260598.16
-511195	-260848.52
-527616	-261056.53
-463860	-261199.89
-293830	-261296.38
-427751	-261302.89
-507881	-261277.9
-527647	-261212.58
-463668	-261124.78
-282451	-261061.03
-432984	-260981.48
-521820	-260943.5
-527670	-260923.19
-465029	-260916.77
-295183	-260950.14
-433316	-260971.78
-511662	-261024.6
-527617	-261075.06
-465491	-261114.16
-290821	-261161.19
-431696	-261157.92
-512076	-261144.42
-527682	-261090.7
-465959	-260996.75
-293493	-260897.95
-429278	-260762.56
-511301	-260658.52
-527671	-260581.28
-466191	-260548.89
-294519	-260600.33
-433099	-260688.05
-511647	-260847.17
-527616	-261026.33
-466449	-261190.67
-293708	-261334.03
-429712	-261379.77
-511041	-261359.53
-527670	-261249.12
-466967	-261067.06
-293721	-260877.7
-428782	-260678.2
-510600	-260561.23
-527660	-260535.77
-467025	-260615.66
-293667	-260821.61
-431476	-261073.58
-511166	-261369.95
-527604	-261624.48
-466891	-261778.75
-293276	-261818.9
-429659	-261678.06
-511120	-261415.3
-527620	-261044.31
-467502	-260624.5
-293644	-260255.39
-427524	-259958.27
-507484	-259834.45
-527561	-259883.83
-466317	-260100.73
-282374	-260482.39
-432326	-260917.62
-520722	-261388.48
-527706	-261800.08
-467974	-262094.0
-293666	-262267.75
-428363	-262265.88
-510821	-262153.66
-527683	-261942.5
-467979	-261677.03
-293338	-261431.72
-428218	-261195.61
-510404	-261040.28
-527687	-260948.5
-468240	-260911.25
-293462	-260941.28
-430259	-260969.78
-510936	-261028.66
-527687	-261080.17
-468548	-261118.2
-293729	-261172.02
-428041	-261195.23
-509519	-261236.75
-527624	-261268.33
-468759	-261278.66
-293562	-261284.14
-427620	-261224.12
-510241	-261140.4
-527693	-261011.75
-468913	-260849.8
-293184	-260708.55
-428986	-260569.81
-510762	-260512.77
-527617	-260534.78
-469174	-260639.25
-293582	-260840.95
-428424	-261054.42
-510523	-261276.98
-527610	-261426.83
-469583	-261448.75
-293754	-261338.0
-428547	-261038.08
-510371	-260623.52
-527689	-260126.7
-469996	-259624.02
-293830	-259232.03
-425320	-258981.23
-505135	-258977.58
-527663	-259214.66
-468427	-259672.1
-282086	-260321.53
-429012	-261020.7
-519832	-261717.8
-527714	-262290.75
-470456	-262659.03
-293869	-262811.66
-427242	-262697.2
-509913	-262401.53
-527673	-261968.84
-471095	-261479.98
-293987	-261049.4
-429791	-260696.12
-511559	-260513.94
-527672	-260491.64
-471338	-260610.69
-294496	-260861.75
-428334	-261140.16
-510607	-261440.88
-527708	-261692.55
-471835	-261860.11
-294770	-261959.1
-428817	-261939.8
-510531	-261865.88
-527692	-261734.17
-472573	-261563.64
-294823	-261403.06
-428341	-261217.86
-511198	-261068.52
-527721	-260940.44
-472344	-260840.92
-294666	-260809.5
-426637	-260805.19
-510225	-260882.14
-527796	-261015.66
-472679	-261190.86
-294574	-261414.47
-425384	-261601.88
-509622	-261759.8
-527734	-261824.2
-473352	-261759.78
-295121	-261582.83
-428222	-261250.86
-511174	-260846.3
-527743	-260399.92
-473119	-259976.45
-295214	-259674.72
-423830	-259500.6
-506000	-259534.52
-527772	-259753.08
-472499	-260122.3
-286865	-260614.16
-427761	-261097.25
-515404	-261545.31
-527852	-261866.83
-474528	-262014.16
-296238	-262010.58
-427792	-261827.84
-511103	-261565.22
-527812	-261263.23
-474729	-260984.67
-296136	-260812.48
-426988	-260725.02
-510193	-260773.44
-527844	-260908.94
-474876	-261085.27
-295787	-261281.78
-425202	-261401.4
-509651	-261460.62
-527823	-261425.75
-475336	-261304.38
-296270	-261156.28
-425361	-260969.03
-510474	-260828.06
-527897	-260737.69
-475716	-260705.47
-297087	-260756.6
-428106	-260819.44
-510272	-260916.05
-527924	-260996.66
-475921	-261040.33
-296448	-261074.19
-424340	-261057.67
-509245	-261059.19
-527857	-261079.62
-476896	-261131.7
-297396	-261251.53
-424694	-261374.9
-510317	-261519.86
-527819	-261621.14
-477360	-261630.25
-298388	-261541.89
-426843	-261288.52
-510064	-260927.56
-527815	-260471.69
-477624	-259976.25
-298217	-259543.6
-422586	-259195.4
-505580	-259036.12
-527814	-259073.53
-476324	-259303.45
-288551	-259724.6
-427389	-260222.36
-516127	-260775.88
-527937	-261287.58
-478548	-261689.03
-298691	-261976.92
-425066	-262091.2
-509559	-262096.97
-527797	-262007.9
-478382	-261867.08
-298329	-261750.67
-424374	-261641.75
-509412	-261607.42
-527892	-261622.64
-479012	-261668.69
-298651	-261753.88
-423438	-261805.86
-509894	-261856.81
-527811	-261879.0
-479247	-261873.7
-299434	-261886.08
-425744	-261879.39
-510026	-261912.77
-527894	-261962.92
-479351	-262014.08
-298879	-262076.25
-423195	-262073.52
-509207	-262030.19
-527899	-261912.4
-479768	-261719.48
-298912	-261506.12
-422566	-261258.78
-509227	-261070.95
-527889	-260962.22
-480082	-260957.22
-299835	-261093.45
-425269	-261300.52
-509707	-261583.02
-527902	-261855.64
-480344	-262047.5
-299704	-262132.31
-423586	-262023.52
-509378	-261764.19
-527917	-261361.23
-480786	-260867.88
-299844	-260396.1
-418589	-259980.0
-504908	-259740.62
-527924	-259703.4
-479372	-259879.31
-289822	-260280.36
-427305	-260795.4
-516317	-261402.62
-527979	-261994.31
-479992	-262486.16
-298682	-262855.16
-422158	-263019.97
-508862	-263028.84
-527976	-262884.3
-481704	-262625.1
-300353	-262334.44
-420059	-262012.84
-508721	-261749.03
-527996	-261547.19
-481966	-261414.27
-301266	-261381.52
-418586	-261390.5
-501622	-261477.39
-527938	-261603.11
-482831	-261750.23
-302223	-261939.1
-421652	-262106.45
-508801	-262285.47
-528015	-262434.8
-482469	-262530.03
-301089	-262583.8
-420324	-262532.4
-508782	-262420.6
-528008	-262237.75
-482397	-262004.73
-301328	-261792.5
-423141	-261595.19
-509470	-261504.48
-528077	-261528.39
-482910	-261672.02
-301199	-261952.78
-420036	-262279.62
-508584	-262639.8
-528014	-262940.47
-483194	-263109.8
-301722	-263131.22
-420212	-262933.6
-508495	-262578.2
-528059	-262090.77
-483629	-261540.08
-302444	-261046.14
-420022	-260644.31
-505178	-260449.86
-528056	-260475.75
-481947	-260715.92
-291234	-261164.11
-422670	-261694.52
-514685	-262272.9
-528187	-262788.3
-484226	-263158.1
-301986	-263371.38
-418721	-263365.7
-508211	-263210.53
-528198	-262932.16
-484507	-262590.12
-302441	-262285.78
-421531	-262026.45
-509177	-261899.6
-528216	-261897.55
-484863	-262003.44
-301789	-262220.2
-422234	-262453.28
-509676	-262704.6
-528229	-262911.7
-485256	-263039.53
-302994	-263106.4
-418239	-263062.88
-508059	-262968.38
-528212	-262820.16
-485614	-262635.78
-303507	-262470.7
-420216	-262293.72
-508860	-262168.2
-528205	-262084.83
-485729	-262045.83
-303184	-262090.61
-417009	-262170.7
-507972	-262329.2
-528234	-262534.7
-485725	-262760.7
-302961	-263013.25
-417652	-263206.56
-507892	-263350.47
-528254	-263388.94
-486528	-263290.34
-304210	-263078.22
-420263	-262712.47
-508985	-262272.97
-528243	-261786.9
-486769	-261309.92
-304286	-260938.44
-414986	-260678.06
-504051	-260612.56
-528278	-260731.22
-485431	-261012.62
-293403	-261449.12
-420890	-261923.45
-514437	-262415.66
-528317	-262835.75
-487531	-263120.25
-304739	-263271.34
-417829	-263230.25
-508629	-263060.8
-528272	-262779.7
-487701	-262428.16
-306198	-262091.0
-420704	-261763.16
-508613	-261525.52
-528319	-261374.44
-487689	-261305.73
-304719	-261342.58
-416042	-261417.86
-507528	-261557.92
-528332	-261723.77
-488166	-261894.38
-304944	-262093.81
-416129	-262265.28
-508418	-262450.28
-528304	-262622.8
-488431	-262766.72
-305951	-262906.06
-417434	-262979.5
-507630	-263026.3
-528268	-263023.2
-488560	-262968.28
-305665	-262907.97
-415783	-262810.4
-507329	-262742.9
-528274	-262702.78
-489091	-262693.75
-305311	-262748.62
-413387	-262805.84
-508150	-262887.9
-528289	-262946.53
-489145	-262945.84
-307081	-262897.3
-418736	-262741.4
-508093	-262531.0
-528344	-262267.66
-489005	-261978.8
-306031	-261737.61
-411670	-261532.95
-502487	-261439.7
-528141	-261450.17
-488041	-261555.94
-293413	-261772.44
-418512	-262012.62
-516497	-262289.75
-528341	-262550.44
-490051	-262759.9
-307808	-262941.1
-417094	-263044.56
-507486	-263127.0
-528321	-263185.3
-490227	-263227.4
-307436	-263296.78
-414947	-263345.6
-506988	-263411.44
-528284	-263461.4
-490635	-263472.62
-307399	-263468.12
-413385	-263395.28
-507667	-263307.56
-528300	-263203.16
-490626	-263096.94
-307875	-263046.0
-415431	-263015.16
-507309	-263054.12
-528269	-263130.66
-490767	-263212.8
-307685	-263301.1
-413389	-263311.78
-506625	-263265.75
-528314	-263134.94
-491352	-262923.34
-307592	-262697.78
-411477	-262454.1
-507116	-262289.6
-528350	-262228.8
-491001	-262290.22
-308154	-262507.66
-415348	-262800.03
-507217	-263158.94
-528339	-263494.12
-491322	-263723.25
-307228	-263821.4
-410429	-263703.6
-506432	-263414.3
-528330	-262970.47
-491680	-262429.47
-308341	-261911.03
-408056	-261453.75
-502248	-261176.89
-528260	-261109.17
-490509	-261257.05
-296119	-261632.66
-415217	-262126.94
-516976	-262714.47
-528361	-263297.72
-492651	-263795.28
-309515	-264192.16
-411329	-264413.4
-506467	-264503.06
-528308	-264463.06
-492729	-264317.9
-309132	-264138.72
-409247	-263909.5
-505963	-263697.44
-528301	-263498.3
-492769	-263308.62
-309092	-263164.66
-410426	-263018.6
-506111	-262920.94
-528275	-262864.25
-492869	-262852.8
-308936	-262929.4
-409281	-263044.0
-506082	-263227.72
-528309	-263435.94
-493462	-263622.1
-309642	-263777.5
-407495	-263814.0
-505676	-263751.4
-528272	-263570.2
-493726	-263286.0
-309930	-262982.1
-409003	-262673.44
-506080	-262470.78
-528336	-262410.47
-493457	-262512.56
-309236	-262803.9
-407081	-263190.56
-505359	-263638.94
-528324	-264036.03
-494092	-264278.25
-309714	-264326.12
-404693	-264093.88
-504852	-263634.9
-528324	-262990.12
-494384	-262248.88
-310493	-261567.1
-405039	-261017.0
-501780	-260739.8
-528257	-260773.36
-492907	-261113.98
-297871	-261748.08
-411796	-262525.44
-516315	-263372.34
-528449	-264145.5
-494940	-264725.12
-310676	-265076.9
-403777	-265127.66
-504737	-264942.8
-528388	-264569.12
-495192	-264085.47
-311534	-263622.0
-407690	-263213.22
-505842	-262960.22
-528449	-262870.28
-495306	-262924.84
-310239	-263122.28
-402399	-263360.16
-504982	-263621.97
-528386	-263839.62
-495489	-263968.5
-310847	-264028.6
-401848	-263975.38
-504379	-263867.1
-528394	-263712.94
-495729	-263529.4
-311111	-263374.62
-404658	-263216.44
-505316	-263108.06
-528410	-263038.78
-495869	-263002.97
-311039	-263039.16
-402164	-263099.75
-504808	-263224.9
-528474	-263390.4
-496411	-263569.38
-312118	-263770.1
-401876	-263908.56
-504495	-263986.38
-528398	-263949.9
-496746	-263763.25
-312602	-263454.94
-403460	-262995.44
-505298	-262470.12
-528511	-261928.9
-496884	-261438.9
-312725	-261112.94
-398266	-260965.1
-500402	-261069.48
-528726	-261407.44
-496121	-261930.03
-301542	-262601.94
-409144	-263276.9
-515483	-263903.78
-529444	-264383.1
-498537	-264644.75
-314431	-264705.3
-402803	-264533.88
-506074	-264221.6
-529569	-263824.06
-498716	-263409.47
-314104	-263082.12
-399832	-262843.62
-505065	-262753.8
-529664	-262788.16
-498994	-262903.0
-313572	-263087.56
-397416	-263245.0
-504457	-263372.7
-529317	-263431.22
-498863	-263404.6
-313997	-263340.94
-395269	-263220.1
-499394	-263111.62
-529102	-263025.97
-499438	-262969.28
-316256	-262980.97
-400211	-263005.6
-504428	-263066.0
-528969	-263127.78
-499178	-263163.1
-314549	-263197.12
-397234	-263181.53
-503957	-263160.25
-528770	-263127.8
-499281	-263080.75
-314559	-263057.94
-397356	-263006.66
-504595	-262955.28
-528737	-262875.22
-499304	-262740.4
-314714	-262580.88
-396230	-262354.7
-503606	-262118.78
-528632	-261888.05
-499336	-261688.9
-314985	-261592.86
-386784	-261583.27
-488116	-261711.61
-528302	-261953.27
-499058	-262273.22
-306073	-262667.6
-408926	-263034.62
-516002	-263373.97
-528614	-263635.3
-499993	-263784.62
-316159	-263858.12
-395796	-263824.56
-503475	-263745.62
-528474	-263634.6
-500054	-263502.34
-315095	-263397.47
-392770	-263274.5
-502896	-263162.62
-528512	-263035.75
-500277	-262871.88
-315522	-262706.47
-393722	-262503.06
-503664	-262322.66
-528556	-262182.22
-500469	-262099.17
-316781	-262131.1
-396142	-262235.47
-503614	-262434.97
-528590	-262680.25
-500753	-262910.75
-316322	-263110.7
-392574	-263191.28
-502742	-263167.12
-528492	-263030.38
-501196	-262801.56
-316144	-262572.22
-389731	-262361.1
-503051	-262263.34
-528544	-262305.66
-501409	-262481.75
-317156	-262797.6
-393142	-263144.94
-503337	-263479.12
-528590	-263702.16
-501461	-263735.44
-316687	-263581.62
-389686	-263206.53
-502344	-262700.9
-528463	-262143.98
-501491	-261631.36
-316633	-261304.69
-385669	-261199.38
-498513	-261388.17
-528491	-261846.34
-502134	-262502.06
-313646	-263294.25
-411242	-264056.9
-513136	-264727.9
-528614	-265210.88
-502292	-265445.75
-317963	-265470.75
-388436	-265278.62
-502218	-264967.7
-528582	-264597.06
-502629	-264216.34
-318049	-263903.1
-386799	-263626.88
-502524	-263412.25
-528519	-263222.88
-502600	-263017.03
-318664	-262812.38
-389896	-262563.8
-502621	-262328.6
-528584	-262132.9
-502690	-262007.3
-318197	-262022.69
-386662	-262148.94
-501721	-262407.16
-528609	-262743.22
-503116	-263079.47
-318281	-263381.56
-385026	-263544.72
-502216	-263569.22
-528489	-263447.7
-503246	-263207.56
-319976	-262954.94
-389211	-262727.72
-502447	-262633.06
-528619	-262702.75
-503615	-262920.44
-319729	-263268.9
-385282	-263609.47
-501688	-263858.2
-528572	-263891.16
-503874	-263613.62
-319961	-263035.97
-384312	-262157.06
-501830	-261120.48
-528552	-260076.28
-503726	-259191.17
-320057	-258668.47
-383808	-258583.17
-497956	-259014.73
-528567	-259911.81
-504272	-261140.4
-317515	-262554.4
-407134	-263893.5
-511442	-265001.84
-528620	-265715.06
-504612	-265933.84
-321855	-265698.3
-385054	-265045.3
-501619	-264146.66
-528591	-263162.75
-504712	-262245.5
-321817	-261565.48
-385526	-261160.97
-502084	-261087.7
-528609	-261300.05
-504478	-261706.48
-320512	-262242.75
-381756	-262763.72
-501331	-263217.47
-528579	-263540.1
-504349	-263692.12
-320626	-263713.5
-382636	-263583.94
-501385	-263370.1
-528654	-263098.5
-504565	-262785.88
-320975	-262494.84
-383919	-262204.78
-501910	-261971.89
-528590	-261810.84
-504914	-261730.83
-322447	-261786.48
-385059	-261940.89
-501792	-262214.94
-528647	-262565.06
-504986	-262918.03
-321279	-263235.3
-381412	-263396.2
-501150	-263368.44
-528676	-263111.62
-505474	-262621.6
-322216	-261994.22
-380812	-261290.78
-501230	-260676.11
-528627	-260279.16
-506067	-260199.6
-324012	-260538.05
-379961	-261252.28
-497516	-262299.97
-528587	-263536.7
-506280	-264769.6
-321451	-265844.84
-405752	-266547.78
-511568	-266810.66
-528704	-266589.62
-506691	-265913.9
-324592	-264941.4
-377977	-263798.5
-500622	-262697.8
-528590	-261796.86
-506507	-261196.11
-324297	-260980.19
-380559	-261084.47
-501574	-261457.38
-528606	-261969.72
-506793	-262471.78
-325149	-262881.44
-379756	-263078.06
-500909	-263064.06
-528640	-262856.7
-507008	-262501.9
-325098	-262119.64
-377785	-261752.75
-500705	-261498.12
-528621	-261386.84
-507172	-261407.08
-325522	-261566.67
-379394	-261779.28
-501641	-262025.84
-528602	-262260.1
-507087	-262440.06
-325749	-262593.0
-378454	-262683.1
-500566	-262749.84
-528605	-262794.94
-507369	-262798.16
-325799	-262780.28
-377175	-262677.1
-500542	-262495.38
-528622	-262220.62
-507967	-261848.61
-327271	-261454.83
-377946	-261064.14
-501408	-260788.9
-528718	-260708.72
-508179	-260873.78
-328207	-261350.81
-374206	-262084.25
-496183	-263035.66
-528614	-264090.94
-508320	-265099.97
-326249	-265956.1
-403176	-266493.03
-510265	-266678.22
-528719	-266487.34
-508359	-265946.0
-327078	-265187.25
-375127	-264294.75
-500956	-263426.75
-528686	-262690.38
-508670	-262141.62
-328744	-261841.66
-376085	-261727.42
-500550	-261768.77
-528654	-261884.84
-508817	-261983.19
-328790	-262043.05
-375059	-261999.58
-500410	-261888.27
-528646	-261741.78
-508996	-261591.44
-328824	-261520.69
-373751	-261522.42
-500729	-261631.17
-528652	-261824.47
-508826	-262045.72
-328549	-262281.97
-374676	-262448.5
-500536	-262544.4
-528674	-262562.78
-509054	-262503.84
-327922	-262437.75
-371241	-262363.22
-499946	-262335.2
-528626	-262360.4
-509444	-262404.06
-329271	-262463.28
-371728	-262449.16
-500399	-262342.28
-528635	-262116.8
-509542	-261765.77
-330290	-261374.77
-373868	-260989.33
-500581	-260740.88
-528682	-260729.97
-509689	-261014.0
-329797	-261655.03
-367355	-262579.7
-495485	-263717.2
-528636	-264919.47
-510229	-265998.53
-330929	-266825.53
-400344	-267227.56
-509904	-267179.34
-528684	-266685.16
-510165	-265814.44
-330731	-264747.3
-371202	-263616.38
-500331	-262612.3
-528685	-261865.33
-510262	-261428.61
-330586	-261342.4
-369243	-261509.98
-499884	-261854.81
-528686	-262256.12
-510534	-262583.66
-331391	-262795.03
-367977	-262820.12
-499622	-262700.16
-528655	-262488.53
-510701	-262241.25
-331666	-262064.75
-369734	-261970.52
-500284	-261999.2
-528699	-262130.14
-510707	-262296.88
-331069	-262473.5
-367112	-262567.62
-499788	-262571.16
-528646	-262484.16
-510884	-262317.38
-330946	-262161.12
-364811	-262036.25
-499507	-262013.3
-528656	-262110.48
-511126	-262292.06
-332108	-262540.88
-368123	-262745.38
-500203	-262853.38
-528635	-262810.44
-511178	-262580.97
-331849	-262233.4
-365655	-261811.22
-499858	-261451.61
-528638	-261280.12
-511330	-261380.25
-332217	-261845.25
-360606	-262630.22
-494589	-263680.97
-528542	-264860.38
-511702	-265976.8
-330162	-266890.44
-394040	-267409.94
-514572	-267483.75
-528753	-267100.1
-511695	-266310.25
-332802	-265284.84
-363891	-264154.94
-499704	-263111.9
-528664	-262296.5
-511787	-261772.4
-332544	-261592.45
-362436	-261674.64
-499487	-261948.14
-528626	-262302.44
-511959	-262610.94
-333113	-262832.2
-364081	-262894.25
-500005	-262829.75
-528729	-262685.9
-511976	-262503.2
-332843	-262374.9
-361507	-262299.78
-499420	-262304.12
-528680	-262363.84
-512115	-262410.84
-333052	-262429.03
-360885	-262343.2
-499101	-262164.47
-528601	-261920.08
-512407	-261643.88
-334037	-261442.92
-362608	-261348.9
-499964	-261426.34
-528684	-261680.83
-512482	-262048.78
-333562	-262482.38
-359459	-262839.16
-499214	-263036.12
-528666	-263004.2
-512719	-262703.66
-334211	-262215.22
-358901	-261610.19
-499028	-261057.84
-528671	-260723.39
-512842	-260724.44
-334718	-261178.39
-356812	-262052.81
-494570	-263283.6
-528607	-264713.34
-513161	-266115.84
-333926	-267308.2
-390293	-268059.44
-513608	-268281.0
-528759	-267940.2
-513351	-267080.38
-335752	-265881.25
-357569	-264500.06
-499034	-263158.1
-528728	-262038.48
-513362	-261241.17
-335152	-260849.7
-356465	-260804.89
-497546	-261041.69
-528717	-261446.08
-513572	-261875.19
-335641	-262262.8
-356541	-262511.22
-499206	-262621.25
-528769	-262618.03
-513624	-262524.4
-335414	-262425.22
-355231	-262321.38
-498835	-262244.62
-528766	-262188.94
-513706	-262105.72
-335738	-261999.2
-356802	-261817.02
-499538	-261583.5
-528779	-261338.39
-513817	-261117.89
-335613	-261022.86
-354947	-261072.92
-499131	-261308.78
-528813	-261713.97
-514124	-262198.34
-336752	-262691.28
-354655	-263036.22
-498689	-263141.44
-528806	-262945.5
-514282	-262425.22
-336688	-261688.1
-354561	-260840.58
-499400	-260083.55
-528846	-259615.56
-514290	-259574.5
-336935	-260085.48
-349759	-261110.14
-493972	-262557.22
-528761	-264239.47
-514870	-265887.5
-338617	-267278.47
-387100	-268152.4
-512902	-268399.2
-528844	-267987.8
-514798	-266977.9
-338285	-265580.38
-353739	-263993.97
-499361	-262479.12
-528756	-261255.56
-514748	-260442.88
-338411	-260127.33
-353253	-260234.94
-498719	-260665.4
-528831	-261266.25
-515099	-261848.81
-338903	-262310.4
-350785	-262534.5
-497849	-262515.5
-528714	-262300.8
-515092	-261948.48
-338842	-261590.19
-351832	-261279.83
-498945	-261088.77
-528726	-261041.92
-515077	-261095.88
-338759	-261239.0
-350721	-261384.12
-498284	-261501.16
-528777	-261576.11
-515234	-261591.8
-338954	-261610.22
-350293	-261633.3
-498080	-261703.38
-528793	-261833.5
-515514	-261975.17
-340087	-262110.83
-351394	-262140.03
-499079	-262014.75
-528705	-261709.19
-515487	-261211.1
-340235	-260620.5
-350039	-260020.14
-498293	-259569.98
-528766	-259426.83
-515721	-259684.48
-340587	-260431.7
-345107	-261609.33
-493192	-263115.12
-528725	-264770.53
-516041	-266322.94
-342301	-267574.62
-386220	-268294.28
-513722	-268395.16
-528811	-267866.5
-515960	-266775.62
-341095	-265332.25
-347924	-263726.53
-497478	-262200.72
-528677	-260959.89
-516019	-260107.72
-341389	-259723.19
-347945	-259734.22
-497754	-260047.6
-528770	-260530.64
-516316	-261014.39
-342226	-261416.62
-347876	-261639.05
-498042	-261681.33
-528778	-261591.44
-516425	-261410.7
-342751	-261247.52
-347401	-261128.28
-497504	-261092.48
-528721	-261142.75
-516482	-261219.34
-343090	-261308.78
-347234	-261336.02
-497462	-261292.16
-528677	-261196.73
-516627	-261061.61
-343652	-260976.97
-347308	-260964.98
-498196	-261070.98
-528811	-261302.97
-516836	-261592.14
-344087	-261892.69
-347261	-262076.84
-497398	-262068.72
-528736	-261826.58
-516849	-261331.27
-343972	-260688.22
-346267	-259998.36
-497091	-259441.53
-528724	-259202.22
-516985	-259391.98
-344333	-260114.48
-334735	-261317.88
-481216	-262893.72
-528504	-264651.97
-517739	-266323.56
-349821	-267692.5
-384976	-268517.28
-512107	-268700.66
-528904	-268231.75
-517371	-267176.4
-345855	-265750.0
-345151	-264149.5
-496653	-262619.25
-528727	-261368.03
-517522	-260496.47
-346384	-260080.05
-344336	-260046.0
-496948	-260298.12
-528798	-260709.98
-517592	-261117.52
-346428	-261447.97
-344870	-261614.39
-496571	-261622.94
-528749	-261525.8
-517575	-261361.02
-346297	-261226.14
-343466	-261135.14
-495604	-261109.19
-528705	-261140.64
-517842	-261160.92
-347263	-261158.25
-342999	-261073.05
-496853	-260914.6
-528892	-260731.25
-517984	-260558.2
-347919	-260502.19
-345691	-260592.55
-497232	-260862.8
-528764	-261299.67
-517932	-261797.8
-347601	-262272.62
-342939	-262563.53
-494979	-262568.56
-528594	-262243.97
-517982	-261582.44
-347982	-260721.92
-341652	-259811.1
-495879	-259076.1
-528704	-258746.9
-518107	-258960.73
-348529	-259824.33
-341412	-261265.12
-493657	-263131.25
-528750	-265182.2
-518449	-267088.1
-353677	-268582.53
-368817	-269397.56
-500356	-269426.38
-528647	-268679.03
-518587	-267266.28
-350097	-265462.1
-334920	-263530.75
-488659	-261766.75
-528734	-260415.61
-518884	-259587.25
-352340	-259338.53
-343590	-259560.7
-495671	-260103.19
-528682	-260788.2
-518582	-261404.64
-350096	-261850.25
-341079	-262033.02
-493761	-261972.6
-528534	-261754.8
-518669	-261456.36
-350406	-261212.61
-339879	-261068.61
-495682	-261055.38
-528784	-261164.2
-518862	-261304.66
-351750	-261434.7
-342371	-261465.92
-496022	-261382.23
-528726	-261221.86
-519026	-261022.98
-352126	-260906.7
-340104	-260931.03
-494480	-261151.16
-528556	-261574.72
-519094	-262099.06
-352422	-262626.66
-338567	-262971.78
-494461	-262991.6
-528654	-262606.38
-519056	-261776.73
-352244	-260627.75
-340273	-259319.64
-494082	-258113.53
-528467	-257298.53
-519145	-257080.97
-352537	-257637.14
-336120	-258956.42
-492753	-260917.52
-528709	-263285.75
-519508	-265697.66
-357673	-267824.16
-359089	-269317.78
-498663	-269977.8
-528727	-269734.44
-519531	-268638.97
-354213	-266936.84
-340042	-264900.5
-494143	-262866.9
-528391	-261152.06
-519409	-259943.94
-354034	-259374.67
-337301	-259395.36
-492665	-259880.67
-528304	-260648.38
-519546	-261450.02
-354821	-262123.4
-337118	-262510.44
-492846	-262565.38
-528379	-262337.12
-519607	-261890.44
-355104	-261385.33
-338271	-260923.11
-492545	-260608.05
-528267	-260509.22
-519672	-260598.02
-355789	-260863.27
-337389	-261210.55
-492405	-261569.06
-528250	-261894.94
-519836	-262120.55
-356499	-262266.28
-336613	-262315.44
-492581	-262289.78
-528426	-262222.8
-519896	-262090.31
-356309	-261917.48
-336609	-261666.78
-491432	-261335.28
-528159	-260951.05
-519859	-260522.36
-356552	-260148.28
-336081	-259892.55
-491549	-259852.8
-528180	-260123.58
-520068	-260712.89
-357620	-261632.67
-334724	-262775.28
-492099	-264004.2
-528605	-265164.44
-520292	-266047.75
-361389	-266534.75
-355266	-266509.6
-495947	-265977.53
-528307	-265025.34
-520244	-263778.3
-358338	-262467.66
-335464	-261271.08
-491266	-260362.0
-528109	-259865.67
-520326	-259777.84
-358855	-260073.52
-334772	-260608.08
-490539	-261228.25
-528131	-261797.62
-520497	-262164.4
-359417	-262295.53
-335177	-262171.06
-492442	-261857.0
-528301	-261478.02
-520572	-261120.56
-359996	-260915.39
-335147	-260896.92
-491916	-261072.12
-528304	-261414.06
-520784	-261808.36
-361042	-262187.8
-334185	-262442.56
-490695	-262520.8
-528310	-262433.62
-520978	-262187.47
-361761	-261883.8
-334801	-261583.16
-491086	-261360.94
-528236	-261280.95
-520861	-261315.48
-361299	-261457.67
-333919	-261616.03
-490311	-261715.52
-528189	-261711.7
-520967	-261546.05
-361756	-261268.22
-333240	-260920.28
-490416	-260604.84
-528234	-260454.88
-521150	-260539.97
-362660	-260949.9
-332328	-261663.47
-492217	-262615.94
-528730	-263710.97
-521216	-264764.12
-364943	-265639.03
-348292	-266172.44
-492520	-266285.84
-528270	-265970.22
-521334	-265253.1
-363204	-264281.4
-332221	-263183.5
-489254	-262117.67
-528151	-261242.2
-521468	-260620.2
-364219	-260319.69
-332896	-260299.39
-489465	-260493.72
-528057	-260830.69
-521362	-261181.77
-363885	-261494.2
-331903	-261693.55
-488494	-261762.77
-528046	-261737.47
-521582	-261625.56
-364937	-261503.4
-332347	-261391.73
-489321	-261317.1
-528154	-261308.72
-521728	-261326.06
-365899	-261378.64
-333131	-261422.06
-491020	-261440.22
-528207	-261450.83
-521566	-261431.2
-365507	-261426.23
-331511	-261432.23
-487642	-261457.47
-528083	-261518.64
-521806	-261566.27
-365857	-261600.53
-331124	-261568.7
-487935	-261445.88
-527999	-261249.98
-521912	-260972.53
-366549	-260693.66
-332112	-260464.02
-490822	-260361.8
-528213	-260481.28
-522005	-260835.72
-367786	-261459.44
-330841	-262289.38
-490883	-263235.8
-528668	-264201.78
-522047	-265024.1
-368251	-265609.06
-338582	-265846.3
-487664	-265700.12
-527918	-265203.56
-522113	-264405.28
-368187	-263452.16
-330366	-262461.12
-488546	-261562.55
-527984	-260887.77
-522144	-260471.16
-368244	-260354.45
-330071	-260485.25
-487555	-260791.42
-527902	-261205.95
-522226	-261607.67
-368947	-261951.89
-329932	-262173.0
-486277	-262254.66
-527759	-262233.5
-522310	-262115.2
-369574	-261972.75
-330047	-261829.94
-488814	-261714.48
-527975	-261665.55
-522391	-261650.9
-370309	-261687.8
-330061	-261740.28
-488363	-261789.1
-527941	-261847.2
-522379	-261879.69
-369927	-261917.77
-328479	-261946.16
-485086	-261962.78
-527614	-261985.36
-522465	-261972.06
-370349	-261936.75
-328604	-261848.12
-487339	-261697.98
-527817	-261520.34
-522548	-261309.42
-371064	-261135.61
-329531	-261031.19
-486949	-261044.06
-527763	-261235.53
-522611	-261590.05
-371586	-262122.19
-326803	-262767.34
-488228	-263447.56
-528374	-264098.44
-522747	-264599.25
-373323	-264902.72
-345650	-264942.78
-492093	-264715.2
-528033	-264272.8
-522731	-263654.94
-372384	-262981.25
-329022	-262326.56
-486213	-261769.55
-527618	-261388.0
-522712	-261172.95
-372251	-261139.56
-327233	-261228.86
-484209	-261379.7
-527355	-261556.86
-522821	-261680.62
-373019	-261752.81
-326354	-261753.69
-486547	-261698.83
-527906	-261647.6
-522894	-261607.73
-373823	-261638.0
-328850	-261735.42
-486142	-261889.3
-527617	-262098.94
-522996	-262293.56
-373657	-262458.66
-327118	-262539.9
-483941	-262511.56
-527337	-262397.3
-523121	-262186.22
-374964	-261941.83
-326202	-261691.95
-486801	-261473.6
-527932	-261345.64
-523112	-261292.89
-374944	-261342.88
-327379	-261461.73
-484870	-261618.42
-527439	-261809.62
-523052	-261980.16
-374451	-262144.4
-324719	-262283.72
-481582	-262400.6
-527033	-262532.47
-523104	-262660.28
-375134	-262816.9
-322913	-262982.9
-487964	-263134.75
-528425	-263277.3
-523356	-263354.34
-377644	-263370.9
-352863	-263294.9
-494176	-263130.9
-527666	-262916.4
-523399	-262651.0
-376832	-262395.9
-324732	-262166.12
-482783	-261976.73
-527322	-261862.02
-523541	-261784.94
-377107	-261757.31
-321961	-261743.16
-487396	-261714.77
-528459	-261688.9
-523499	-261635.72
-377475	-261594.9
-324965	-261574.12
-482458	-261589.7
-527107	-261685.11
-523431	-261832.55
-376820	-262046.3
-323164	-262280.9
-481801	-262486.53
-527111	-262643.2
-523551	-262682.12
-378094	-262609.8
-323862	-262416.03
-483776	-262122.56
-527526	-261806.17
-523640	-261496.8
-378317	-261280.05
-323771	-261183.55
-481610	-261215.77
-527065	-261387.2
-523621	-261623.28
-377880	-261887.95
-322487	-262099.39
-482598	-262194.6
-527156	-262171.72
-523663	-262007.06
-378465	-261771.52
-322626	-261525.14
-482039	-261348.0
-527216	-261351.16
-523746	-261563.36
-379235	-262030.64
-322206	-262712.6
-485989	-263526.6
-528032	-264394.84
-523827	-265161.34
-380709	-265735.84
-344267	-266011.8
-488623	-265942.03
-527262	-265555.38
-523951	-264879.56
-380519	-264035.3
-321251	-263124.03
-480397	-262250.9
-527023	-261538.78
-523826	-261019.81
-379907	-260744.64
-321618	-260688.86
-480107	-260802.47
-526921	-261055.78
-523954	-261356.92
-379861	-261678.47
-320399	-261967.16
-480280	-262189.62
-526841	-262361.7
-524049	-262450.0
-381084	-262481.8
-320961	-262447.12
-480757	-262338.5
-527053	-262189.6
-524145	-261981.81
-381941	-261763.7
-321319	-261556.36
-481184	-261390.5
-527018	-261336.08
-524089	-261392.7
-381547	-261597.08
-320334	-261918.72
-480942	-262295.94
-527044	-262679.3
-524203	-262946.4
-382206	-263034.7
-319834	-262871.2
-479188	-262428.6
-526755	-261775.39
-524232	-260978.17
-382448	-260205.25
-319659	-259610.6
-481380	-259340.8
-526937	-259541.16
-524235	-260228.44
-383077	-261392.97
-318227	-262903.62
-484114	-264558.38
-527829	-266160.6
-524254	-267450.94
-384496	-268269.28
-340167	-268487.6
-485118	-268083.75
-526861	-267163.62
-524346	-265856.88
-383767	-264399.34
-319939	-263000.0
-481621	-261837.44
-526929	-261070.56
-524330	-260715.66
-383591	-260763.19
-318662	-261099.89
-478879	-261569.97
-526796	-262051.12
-524394	-262385.28
-383804	-262519.12
-318416	-262423.38
-478362	-262125.0
-526657	-261734.05
-524527	-261319.67
-385208	-260999.52
-319733	-260827.75
-481936	-260815.95
-526946	-260976.22
-524611	-261223.2
-385555	-261511.67
-317778	-261761.7
-478712	-261909.72
-526764	-261963.66
-524582	-261900.67
-385436	-261779.73
-317225	-261637.03
-477868	-261501.88
-526634	-261430.38
-524681	-261395.28
-386019	-261401.0
-317986	-261404.03
-480189	-261356.98
-526766	-261269.69
-524677	-261116.27
-386292	-260956.86
-317572	-260844.38
-478524	-260842.23
-526696	-261052.28
-524792	-261490.77
-386872	-262188.28
-312027	-263092.8
-481259	-264095.38
-528316	-265100.03
-524901	-265932.78
-389229	-266486.4
-325671	-266658.53
-481633	-266401.2
-526889	-265767.66
-524952	-264815.62
-387761	-263701.62
-316662	-262567.06
-476664	-261541.28
-526428	-260765.6
-524887	-260270.69
-387310	-260086.83
-315264	-260162.12
-476202	-260401.6
-526343	-260740.16
-524874	-261056.62
-388283	-261307.3
-316156	-261449.9
-479915	-261470.23
-526958	-261430.19
-525136	-261342.84
-389336	-261278.28
-316789	-261262.47
-477230	-261295.47
-526669	-261399.88
-525313	-261520.02
-389861	-261645.16
-315453	-261736.77
-475925	-261760.12
-526479	-261742.0
-525354	-261664.7
-390427	-261575.67
-315622	-261494.4
-478110	-261425.97
-526720	-261410.42
-525346	-261408.52
-390190	-261422.56
-315329	-261418.33
-475322	-261358.0
-526354	-261264.58
-525241	-261120.06
-389879	-260983.7
-314370	-260902.4
-474980	-260922.33
-526320	-261129.52
-525324	-261526.3
-390474	-262135.8
-313741	-262911.6
-482494	-263761.16
-527745	-264618.84
-525409	-265340.16
-390944	-265848.25
-317760	-266062.03
-476986	-265936.03
-526499	-265509.3
-525385	-264811.9
-391194	-263960.28
-314032	-263056.25
-476182	-262188.5
-526368	-261476.58
-525439	-260946.3
-391966	-260641.38
-313116	-260542.67
-477162	-260595.11
-526661	-260780.61
-525523	-261011.6
-392369	-261265.36
-314791	-261503.77
-476385	-261693.19
-526389	-261860.9
-525497	-261978.27
-392160	-262070.98
-313058	-262131.81
-474620	-262138.34
-526180	-262114.0
-525602	-262019.98
-393347	-261876.98
-312760	-261688.61
-476262	-261459.23
-526676	-261254.17
-525612	-261079.95
-393161	-260993.19
-314469	-261009.92
-477527	-261115.6
-526566	-261324.7
-525667	-261566.62
-393259	-261811.2
-312362	-261997.1
-473646	-262062.03
-525970	-262015.66
-525748	-261831.72
-394369	-261568.28
-312154	-261280.78
-476228	-261025.75
-526711	-260910.06
-525729	-260958.92
-394356	-261219.88
-312725	-261675.11
-479766	-262254.4
-527271	-262910.88
-525746	-263512.22
-394076	-263981.7
-314416	-264232.5
-472527	-264202.03
-525733	-263911.12
-525879	-263369.6
-394975	-262676.47
-311036	-261926.33
-475721	-261205.0
-526717	-260641.58
-525989	-260273.77
-395644	-260155.69
-313529	-260275.64
-474862	-260573.47
-526259	-261014.61
-526139	-261487.55
-396045	-261933.44
-311337	-262283.44
-471961	-262476.6
-525879	-262532.6
-526083	-262433.84
-396548	-262236.7
-310486	-261986.33
-474272	-261715.77
-526505	-261506.75
-526039	-261363.73
-396064	-261324.75
-311192	-261384.72
-472584	-261506.5
-525901	-261692.7
-526034	-261874.45
-396507	-262034.9
-310467	-262137.22
-471652	-262140.36
-525720	-262069.58
-526157	-261899.34
-397989	-261671.03
-311087	-261413.23
-475459	-261143.42
-526603	-260936.58
-526180	-260798.3
-398001	-260774.86
-311244	-260875.61
-472636	-261077.27
-525866	-261394.94
-526166	-261763.16
-397645	-262159.5
-308663	-262533.8
-475476	-262819.38
-526711	-263017.6
-526246	-263073.88
-398027	-263005.94
-313062	-262824.03
-473189	-262539.8
-526167	-262222.47
-526232	-261889.42
-397946	-261606.08
-310183	-261403.6
-472136	-261282.72
-525742	-261284.23
-526231	-261364.77
-398786	-261521.3
-309910	-261717.36
-472499	-261895.81
-525908	-262056.08
-526366	-262139.94
-400192	-262151.44
-310402	-262085.6
-472898	-261932.23
-525962	-261749.06
-526406	-261535.03
-400737	-261343.84
-310337	-261204.77
-473096	-261121.39
-525817	-261144.83
-526316	-261243.94
-399669	-261428.3
-308077	-261671.16
-470868	-261916.83
-525577	-262161.97
-526273	-262337.66
-400249	-262432.3
-308964	-262425.34
-471489	-262292.66
-525733	-262085.31
-526421	-261803.42
-401744	-261510.38
-309972	-261254.28
-473552	-261059.98
-525871	-261001.17
-526399	-261065.3
-401942	-261269.02
-308820	-261586.33
-472931	-261949.75
-526069	-262338.38
-526436	-262660.12
-401522	-262882.22
-306871	-262967.97
-472782	-262880.75
-526361	-262674.38
-526414	-262352.88
-401817	-261992.58
-311774	-261653.9
-473151	-261374.47
-525932	-261230.95
-526522	-261213.8
-402221	-261335.56
-308909	-261563.12
-470691	-261823.47
-525456	-262093.67
-526534	-262286.88
-402400	-262381.88
-308068	-262358.0
-469806	-262199.53
-525349	-261972.5
-526629	-261692.16
-404032	-261429.98
-307725	-261233.62
-472580	-261112.44
-525860	-261115.3
-526609	-261198.22
-404526	-261348.66
-308378	-261521.95
-469677	-261647.97
-525149	-261724.22
-526477	-261697.9
-403695	-261587.75
-305908	-261416.28
-466709	-261198.56
-524811	-261018.84
-526646	-260891.81
-404604	-260869.89
-307080	-260967.12
-471749	-261150.89
-525642	-261428.48
-526668	-261723.16
-405046	-262002.58
-307926	-262219.5
-470340	-262317.22
-525410	-262319.9
-526733	-262207.16
-405522	-262026.4
-306717	-261822.39
-468315	-261618.75
-525035	-261494.8
-526719	-261447.67
-406284	-261503.58
-305674	-261651.9
-476461	-261836.02
-526924	-262055.34
-526716	-262232.44
-406666	-262349.25
-311241	-262380.88
-473265	-262297.5
-525913	-262147.47
-526763	-261925.95
-406609	-261688.0
-306086	-261473.25
-468353	-261291.03
-525012	-261203.14
-526747	-261188.56
-407202	-261261.84
-306227	-261409.11
-470883	-261580.5
-525457	-261788.19
-526747	-261973.36
-407409	-262132.77
-306814	-262252.47
-468683	-262298.88
-524919	-262308.12
-526828	-262251.0
-407598	-262151.75
-305499	-262020.27
-467336	-261840.72
-524822	-261662.69
-526871	-261467.84
-408041	-261289.38
-305582	-261146.34
-471091	-261029.45
-525687	-260993.5
-526925	-261017.22
-408363	-261121.81
-306036	-261302.9
-467039	-261519.66
-524695	-261784.2
-526849	-262034.33
-408301	-262255.06
-304702	-262420.44
-465689	-262484.22
-524279	-262476.56
-526881	-262372.8
-409302	-262211.0
-304903	-262024.08
-469374	-261822.12
-525468	-261680.19
-526934	-261595.89
-409452	-261602.78
-304387	-261705.69
-470372	-261863.14
-525757	-262087.12
-526982	-262307.6
-409126	-262502.94
-309473	-262638.84
-467693	-262664.28
-524646	-262604.9
-526992	-262434.53
-410021	-262190.62
-303448	-261908.36
-466463	-261601.78
-524816	-261352.03
-526976	-261164.02
-410600	-261081.17
-304828	-261118.03
-466424	-261243.0
-524681	-261472.67
-527019	-261741.19
-410271	-262021.47
-303682	-262270.94
-464438	-262420.22
-524202	-262476.2
-527104	-262392.25
-411429	-262186.84
-303800	-261885.1
-466414	-261497.64
-524866	-261114.22
-527083	-260757.77
-411469	-260497.06
-303765	-260375.73
-465264	-260388.38
-524371	-260573.48
-527148	-260875.33
-412109	-261265.89
-303846	-261689.42
-464786	-262054.81
-524078	-262341.6
-527099	-262476.56
-412256	-262456.12
-302567	-262293.44
-464703	-261997.08
-524616	-261664.83
-527132	-261337.19
-412721	-261102.83
-303466	-261026.23
-464621	-261116.14
-524157	-261417.08
-527123	-261869.58
-413109	-262432.75
-301581	-263032.4
-467693	-263553.47
-525153	-263958.75
-527219	-264156.84
-412899	-264137.28
-305379	-263910.75
-464677	-263492.2
-524446	-262986.44
-527235	-262443.94
-414111	-261960.9
-302919	-261607.38
-463481	-261395.56
-523976	-261372.47
-527234	-261484.45
-414173	-261698.83
-302482	-261957.78
-463774	-262168.34
-523859	-262316.62
-527300	-262338.03
-414769	-262242.66
-301374	-262055.42
-463596	-261788.06
-524474	-261533.1
-527319	-261312.9
-415422	-261185.89
-302901	-261181.36
-463660	-261272.66
-523916	-261477.7
-527300	-261726.05
-415078	-261984.48
-301706	-262208.72
-462607	-262329.44
-523636	-262361.7
-527394	-262268.78
-416098	-262079.77
-301241	-261830.55
-462361	-261531.36
-524189	-261263.72
-527353	-261035.03
-415738	-260888.14
-301807	-260844.03
-462810	-260874.89
-523797	-261010.78
-527392	-261201.56
-416134	-261438.83
-301142	-261704.64
-460375	-261946.56
-523327	-262185.62
-527424	-262375.8
-417052	-262522.66
-299855	-262627.75
-466625	-262657.38
-525371	-262655.0
-527504	-262592.84
-417584	-262493.03
-306331	-262370.66
-465079	-262208.0
-524071	-262057.84
-527552	-261901.27
-417638	-261763.48
-300637	-261657.83
-460425	-261557.67
-523374	-261500.64
-527507	-261450.14
-418202	-261413.44
-300656	-261389.97
-460212	-261344.33
-523504	-261313.92
-527552	-261270.56
-418505	-261233.44
-301477	-261217.47
-462804	-261199.56
-523692	-261226.14
-527648	-261266.69
-419291	-261332.33
-300731	-261421.33
-460999	-261491.34
-523551	-261570.06
-527640	-261614.89
-419516	-261632.5
-300350	-261628.12
-459868	-261574.7
-523455	-261520.92
-527704	-261447.64
-419971	-261379.69
-300880	-261333.72
-461807	-261283.78
-523502	-261272.33
-527669	-261264.3
-420214	-261268.47
-300002	-261286.94
-460581	-261284.33
-523534	-261300.19
-527667	-261306.52
-420878	-261323.55
-300242	-261366.72
-459770	-261411.52
-523417	-261502.02
-527821	-261606.31
-421509	-261730.77
-296014	-261872.67
-468584	-261981.36
-527109	-262085.7
-527853	-262140.03
-421463	-262150.34
-303685	-262122.58
-461346	-262030.92
-523554	-261925.66
-527948	-261788.52
-421983	-261648.55
-299399	-261527.14
-457569	-261402.33
-523092	-261320.64
-527977	-261253.19
-422513	-261213.06
-300279	-261207.08
-460301	-261201.25
-523477	-261235.67
-528105	-261277.6
-423231	-261338.67
-299922	-261424.33
-459173	-261495.73
-523539	-261584.22
-528204	-261646.77
-423787	-261683.38
-299951	-261692.69
-458406	-261635.53
-523257	-261555.34
-528238	-261430.47
-424397	-261291.4
-299878	-261170.34
-460162	-261057.66
-523752	-261015.56
-528309	-261022.61
-424500	-261091.0
-299989	-261215.42
-457969	-261337.8
-523439	-261466.2
-528430	-261537.83
-424505	-261539.34
-299162	-261468.92
-456247	-261300.4
-523053	-261099.34
-528549	-260875.98
-425484	-260691.64
-300036	-260604.95
-460664	-260621.08
-524121	-260803.48
-528789	-261117.2
-425612	-261546.52
-297466	-262051.94
-464609	-262533.8
-526207	-262967.6
-529065	-263262.0
-426747	-263385.97
-303341	-263331.56
-457078	-263076.6
-523934	-262696.25
-529685	-262215.22
-428147	-261710.05
-300775	-261255.8
-461881	-260872.6
-525624	-260640.16
-530604	-260541.98
-429578	-260583.39
-302289	-260749.25
-460069	-260968.34
-526088	-261238.56
-531657	-261487.72
-430840	-261692.64
-301816	-261841.56
-458866	-261889.9
-526887	-261880.4
-532779	-261794.4
-432536	-261661.52
-303935	-261514.28
-463729	-261341.58
-528726	-261207.12
-533998	-261098.56
-434045	-261039.5
-305492	-261048.97
-462791	-261091.97
-529624	-261202.92
-535816	-261336.75
-436212	-261482.7
-306191	-261627.95
-462945	-261712.72
-531359	-261757.16
-537666	-261718.4
-438197	-261606.53
-308107	-261446.42
-467316	-261230.39
-533694	-261039.12
-539348	-260885.4
-440221	-260820.7
-310068	-260888.0
-466101	-261066.03
-534377	-261388.81
-540837	-261795.39
-442444	-262247.4
-310087	-262695.7
-471304	-263040.3
-537309	-263270.28
-542487	-263317.4
-443336	-263181.0
-313634	-262889.6
-471278	-262449.25
-538058	-261962.06
-543790	-261465.89
-446046	-261036.77
-314244	-260737.78
-470471	-260563.36
-538519	-260559.67
-544984	-260675.05
-447424	-260880.3
-314464	-261135.7
-470549	-261354.06
-539614	-261533.66
-546287	-261615.8
-449662	-261602.58
-315664	-261517.8
-473665	-261351.9
-541267	-261183.89
-547059	-261021.03
-450852	-260904.97
-316616	-260868.08
-471719	-260881.17
-541190	-260976.31
-547797	-261102.17
-451886	-261238.58
-316766	-261367.88
-471792	-261425.61
-541599	-261434.55
-548407	-261355.58
-452764	-261201.36
-317211	-261001.25
-475138	-260741.8
-542976	-260497.61
-548994	-260269.98
-453778	-260098.17
-318021	-260019.77
-473406	-260013.36
-542794	-260124.7
-549390	-260315.8
-454472	-260576.4
-317848	-260892.34
-473002	-261193.3
-542721	-261487.7
-549757	-261714.55
-455134	-261860.53
-315832	-261929.98
-477916	-261887.9
-545198	-261797.27
-550106	-261654.22
-454826	-261504.05
-319194	-261395.67
-474164	-261322.23
-543647	-261343.4
-550557	-261432.06
-456962	-261585.69
-318899	-261793.7
-473013	-261985.97
-543372	-262171.75
-550776	-262293.56
-457589	-262345.5
-318224	-262343.2
-473696	-262266.53
-544482	-262190.5
-550946	-262124.23
-458156	-262114.67
-318967	-262206.72
-473358	-262378.38
-543845	-262670.4
-551107	-263031.72
-458305	-263436.2
-318345	-263856.78
-471824	-264215.0
-543576	-264521.34
-551397	-264729.84
-459064	-264851.47
-318206	-264922.38
-473686	-264939.12
-544889	-264985.62
-551589	-265072.25
-460336	-265236.0
-320068	-265506.5
-474997	-265841.7
-544640	-266264.12
-551718	-266711.12
-460458	-267152.47
-319191	-267568.56
-472476	-267895.6
-544028	-268166.1
-551829	-268355.53
-461584	-268492.72
-318990	-268624.06
-474022	-268745.97
-545322	-268932.5
-551981	-269175.9
-461770	-269490.6
-317766	-269884.28
-476216	-270294.2
-545575	-270735.16
-552059	-271138.2
-460326	-271479.16
-319106	-271750.72
-471954	-271903.44
-543962	-271983.22
-552089	-271977.8
-462544	-271923.0
-318817	-271869.78
-473794	-271813.12
-545249	-271826.75
-552168	-271901.9
-463382	-272054.88
-320157	-272296.8
-475157	-272573.03
-544758	-272903.0
-552217	-273226.72
-463691	-273521.62
-319106	-273778.0
-472091	-273937.97
-544124	-274037.2
-552254	-274049.03
-464020	-273994.4
-318284	-273912.5
-470987	-273792.78
-544471	-273707.66
-552319	-273654.4
-464244	-273659.56
-318731	-273749.84
-473519	-273883.88
-544382	-274093.9
-552230	-274327.8
-464345	-274566.2
-318246	-274796.2
-470772	-274953.34
-543875	-275062.5
-552332	-275086.06
-465405	-275034.38
-318392	-274939.88
-470317	-274786.66
-544124	-274647.7
-552386	-274523.53
-465424	-274446.56
-318606	-274450.78
-474297	-274503.06
-544501	-274643.34
-552319	-274825.94
-465992	-275034.1
-316568	-275258.44
-473826	-275429.53
-545209	-275570.97
-552394	-275635.3
-465556	-275625.2
-318312	-275564.06
-469869	-275427.4
-543946	-275280.3
-552278	-275120.28
-466982	-274978.28
-318584	-274893.06
-472276	-274837.9
-543977	-274862.06
-552272	-274929.9
-467312	-275034.38
-317875	-275172.66
-470118	-275279.88
-543722	-275376.9
-552292	-275415.38
-467979	-275389.84
-317819	-275317.44
-468402	-275167.03
-543584	-275001.75
-552257	-274819.7
-467949	-274656.66
-317854	-274560.56
-470907	-274513.16
-543661	-274573.22
-552221	-274711.6
-468005	-274922.3
-317365	-275199.3
-469210	-275468.8
-543358	-275739.03
-552201	-275945.88
-468889	-276070.12
-317143	-276116.28
-467462	-276045.6
-543136	-275918.7
-552206	-275735.9
-469331	-275539.28
-317441	-275386.06
-469566	-275267.44
-543317	-275249.8
-552192	-275310.88
-469577	-275446.34
-317634	-275651.38
-469540	-275850.03
-543395	-276048.0
-552216	-276181.1
-470004	-276228.1
-315544	-276196.47
-470487	-276048.25
-544036	-275851.12
-552168	-275609.16
-469128	-275369.3
-315314	-275192.4
-475515	-275069.84
-545638	-275069.88
-552141	-275169.3
-470756	-275361.34
-317886	-275639.06
-468648	-275922.78
-543055	-276215.56
-552149	-276448.12
-470891	-276593.56
-316582	-276652.56
-466260	-276579.7
-542369	-276431.03
-552107	-276203.4
-471586	-275934.47
-316576	-275681.9
-469448	-275437.25
-543084	-275273.8
-552029	-275179.56
-472046	-275163.4
-317356	-275237.22
-467986	-275339.97
-542627	-275491.12
-552041	-275634.1
-472459	-275746.12
-317071	-275827.3
-467354	-275822.34
-542416	-275775.22
-551959	-275666.5
-472806	-275517.56
-316801	-275373.5
-468749	-275216.12
-542705	-275117.1
-551997	-275066.7
-472771	-275080.5
-317090	-275181.25
-467585	-275316.72
-542281	-275515.3
-551946	-275724.97
-473474	-275922.44
-316447	-276103.97
-465125	-276205.84
-541840	-276260.97
-551941	-276237.94
-474199	-276148.12
-314611	-276028.88
-470537	-275857.9
-543914	-275707.38
-551898	-275571.66
-473329	-275473.7
-321355	-275445.66
-466722	-275447.78
-541791	-275517.84
-551940	-275613.1
-474376	-275716.66
-315697	-275828.3
-464473	-275884.38
-541577	-275915.25
-551798	-275885.38
-475336	-275800.1
-316448	-275690.88
-467302	-275531.06
-542387	-275388.38
-551829	-275257.34
-475697	-275159.75
-317322	-275131.53
-465807	-275133.5
-541626	-275206.97
-551836	-275311.28
-476304	-275428.53
-316714	-275557.47
-465071	-275630.9
-541471	-275675.84
-551802	-275653.97
-476576	-275566.97
-316397	-275446.94
-466719	-275269.12
-541925	-275106.28
-551904	-274958.97
-476820	-274854.8
-316775	-274835.3
-464044	-274863.72
-540693	-274981.62
-551860	-275143.0
-477197	-275325.4
-316267	-275520.6
-463856	-275653.94
-540529	-275748.3
-551741	-275764.34
-477817	-275705.47
-316589	-275611.06
-465847	-275463.94
-540891	-275346.0
-551772	-275264.0
-478359	-275249.56
-314811	-275343.7
-464788	-275501.34
-541132	-275754.94
-551724	-276044.3
-477200	-276331.44
-318874	-276594.0
-464294	-276747.44
-539537	-276808.25
-551698	-276734.7
-479572	-276534.1
-316942	-276252.53
-464472	-275883.28
-539940	-275519.9
-551659	-275182.75
-480023	-274915.25
-317554	-274771.22
-464759	-274719.78
-539694	-274803.06
-551714	-274972.44
-480502	-275196.47
-317350	-275459.38
-463056	-275675.62
-538829	-275857.8
-551703	-275954.66
-481420	-275958.6
-317712	-275899.44
-463872	-275751.44
-539551	-275590.7
-551631	-275423.22
-481644	-275282.75
-317936	-275219.38
-463217	-275202.25
-539001	-275280.75
-551645	-275413.47
-482068	-275577.38
-318299	-275763.78
-462591	-275892.4
-538322	-275979.34
-551653	-275974.75
-483096	-275872.06
-318517	-275705.34
-464834	-275452.78
-539738	-275201.0
-551704	-274967.4
-483381	-274796.7
-318566	-274749.62
-463540	-274800.97
-538787	-274999.62
-551669	-275295.5
-483459	-275650.62
-315980	-276037.9
-462727	-276353.06
-538787	-276592.7
-551709	-276690.22
-481840	-276630.03
-319302	-276445.3
-464139	-276121.8
-539646	-275757.1
-551726	-275383.47
-484057	-275059.84
-318729	-274858.72
-463831	-274762.12
-538658	-274822.8
-551802	-274992.94
-484582	-275234.06
-318891	-275521.47
-462137	-275756.97
-537750	-275944.8
-551796	-276029.12
-485826	-276003.8
-318729	-275908.62
-463417	-275726.9
-539157	-275548.2
-551746	-275386.53
-485712	-275275.75
-319376	-275260.22
-464242	-275295.53
-538171	-275414.3
-551782	-275559.47
-486059	-275695.9
-319072	-275815.16
-461153	-275844.75
-536786	-275820.6
-551761	-275716.94
-486809	-275551.44
-318807	-275378.16
-461732	-275182.12
-538074	-275041.7
-551762	-274951.8
-486752	-274923.22
-319586	-274979.44
-463584	-275059.75
-537538	-275192.12
-551774	-275323.78
-487095	-275432.0
-318697	-275526.4
-459831	-275552.12
-536141	-275557.12
-551779	-275521.78
-487745	-275459.0
-310897	-275412.44
-462611	-275345.12
-541578	-275317.28
-551840	-275307.6
-485732	-275317.25
-320477	-275368.9
-464491	-275409.9
-537564	-275483.66
-551886	-275553.84
-488121	-275614.2
-318944	-275686.34
-460779	-275718.9
-536754	-275756.2
-551774	-275767.6
-488781	-275751.16
-319341	-275734.38
-461095	-275672.16
-537352	-275619.53
-551874	-275558.4
-488732	-275498.2
-319534	-275476.28
-463214	-275453.25
-537290	-275483.5
-551888	-275538.03
-488821	-275608.66
-318810	-275710.2
-461656	-275778.28
-537068	-275845.8
-551831	-275871.44
-489447	-275848.38
-319173	-275805.8
-460944	-275707.2
-537226	-275620.9
-551864	-275543.03
-489639	-275496.5
-319645	-275527.03
-463706	-275594.44
-537465	-275746.06
-551838	-275937.84
-489864	-276142.97
-319254	-276355.84
-461871	-276494.88
-537128	-276581.8
-551775	-276572.22
-490181	-276462.72
-318709	-276294.1
-459314	-276044.4
-536558	-275798.1
-551842	-275567.38
-490454	-275386.22
-316296	-275309.53
-460090	-275300.12
-535138	-275407.2
-551838	-275584.47
-489887	-275804.3
-320836	-276059.56
-462795	-276267.94
-537452	-276447.97
-551847	-276553.16
-491127	-276573.34
-319297	-276540.28
-457063	-276420.56
-533039	-276286.1
-551927	-276136.72
-491291	-275997.78
-318879	-275921.34
-461005	-275874.56
-536891	-275914.9
-551871	-276013.78
-491377	-276157.97
-318906	-276356.28
-459276	-276534.9
-536450	-276715.25
-551838	-276843.5
-491569	-276897.38
-318967	-276890.22
-458903	-276770.9
-536107	-276598.62
-551882	-276367.8
-492114	-276108.53
-319644	-275885.97
-462892	-275687.16
-537498	-275594.4
-551915	-275599.38
-492095	-275704.2
-319234	-275921.56
-460419	-276168.66
-536744	-276450.5
-551927	-276688.1
-492295	-276831.06
-318777	-276871.2
-457654	-276740.53
-535845	-276495.66
-551952	-276140.3
-492517	-275723.28
-318877	-275336.34
-461343	-274993.84
-536901	-274801.47
-551922	-274766.97
-492657	-274898.34
-316444	-275205.56
-456987	-275593.1
-533049	-276050.2
-551962	-276479.97
-492264	-276818.0
-320676	-277046.44
-459776	-277094.3
-536677	-277015.88
-552007	-276815.88
-493499	-276541.88
-319375	-276279.6
-462951	-276032.3
-537767	-275892.53
-552037	-275855.72
-493386	-275918.75
-318999	-276089.16
-457923	-276280.94
-536012	-276501.0
-552107	-276682.34
-493551	-276793.84
-318452	-276850.75
-457983	-276802.8
-536184	-276716.84
-552062	-276591.84
-493990	-276454.7
-318902	-276359.44
-461171	-276271.66
-537314	-276249.7
-552001	-276265.47
-494031	-276308.78
-319118	-276396.97
-458515	-276468.16
-536138	-276565.0
-551989	-276657.62
-493680	-276743.5
-318657	-276851.6
-458932	-276926.8
-536315	-277010.9
-552056	-277064.16
-494917	-277066.38
-319118	-277029.06
-460086	-276886.7
-537159	-276687.88
-552024	-276416.8
-494872	-276097.9
-319052	-275799.2
-457292	-275514.16
-535819	-275336.56
-552063	-275273.1
-495233	-275336.47
-315916	-275548.84
-453611	-275826.12
-531112	-276169.25
-551971	-276489.8
-495081	-276727.72
-320988	-276866.3
-459382	-276831.7
-536720	-276678.88
-552127	-276413.4
-495941	-276086.84
-319629	-275792.3
-456932	-275539.12
-535829	-275422.78
-552061	-275437.53
-496319	-275573.56
-319664	-275826.06
-457921	-276089.2
-536163	-276352.4
-552141	-276535.84
-496900	-276602.12
-319860	-276572.22
-459014	-276412.8
-536896	-276218.9
-552091	-276022.38
-497122	-275880.62
-319879	-275869.22
-456032	-275960.4
-535796	-276196.9
-552134	-276518.22
-497246	-276865.25
-319718	-277201.88
-456320	-277413.47
-535547	-277506.2
-552007	-277437.1
-497768	-277217.97
-320163	-276920.78
-458508	-276553.97
-536948	-276235.6
-552139	-275999.44
-498164	-275879.62
-320560	-275916.25
-458311	-276035.72
-536510	-276242.0
-552116	-276448.28
-498749	-276589.2
-321149	-276646.28
-457886	-276541.4
-535960	-276329.84
-552098	-276020.75
-499031	-275669.3
-318089	-275375.56
-452785	-275153.16
-530981	-275106.88
-552102	-275233.44
-498429	-275523.06
-323017	-275970.16
-459752	-276462.2
-536814	-276977.12
-552232	-277415.44
-499343	-277714.7
-321549	-277866.62
-457230	-277808.38
-535798	-277607.25
-552214	-277278.84
-499777	-276875.5
-321521	-276490.03
-455548	-276127.34
-535986	-275882.5
-552207	-275757.38
-500526	-275756.12
-322135	-275897.1
-458906	-276099.53
-536551	-276376.56
-552206	-276659.75
-500717	-276904.97
-322115	-277108.72
-456010	-277193.56
-535496	-277198.72
-552196	-277101.38
-501347	-276914.4
-322484	-276697.6
-454754	-276435.22
-536077	-276218.6
-552218	-276061.72
-501606	-275992.06
-322982	-276057.6
-457416	-276205.16
-536200	-276464.5
-552209	-276770.9
-501491	-277067.9
-322832	-277328.34
-454598	-277444.25
-535063	-277425.0
-552248	-277226.66
-502742	-276855.0
-323591	-276379.06
-452627	-275809.3
-535401	-275270.78
-552267	-274817.72
-502697	-274512.44
-320474	-274430.5
-452636	-274530.72
-529869	-274843.44
-552155	-275289.53
-501178	-275794.9
-323964	-276310.1
-455164	-276712.5
-535037	-277000.44
-552273	-277125.62
-503692	-277092.78
-324282	-276970.1
-454416	-276760.0
-535439	-276572.72
-552226	-276438.06
-503696	-276388.22
-324617	-276465.47
-457322	-276601.88
-536138	-276814.1
-552244	-277030.34
-503930	-277199.0
-324336	-277313.78
-455116	-277302.2
-535614	-277215.78
-552227	-277050.78
-504536	-276836.97
-325165	-276646.0
-455013	-276460.88
-535589	-276356.7
-552331	-276318.5
-504824	-276336.4
-325472	-276425.3
-456429	-276510.5
-535636	-276623.75
-552286	-276728.22
-504633	-276818.1
-324890	-276933.22
-453497	-277033.47
-535178	-277179.0
-552317	-277347.16
-505232	-277522.16
-325278	-277711.25
-453394	-277825.03
-535046	-277874.53
-552311	-277801.75
-505696	-277584.3
-326211	-277259.12
-456462	-276805.78
-535821	-276330.28
-552407	-275878.1
-505806	-275518.84
-322491	-275347.06
-449623	-275348.16
-528913	-275577.34
-552256	-275977.4
-504879	-276483.94
-326066	-277045.56
-453711	-277525.38
-535146	-277898.84
-552457	-278093.53
-506451	-278091.25
-326437	-277946.88
-454610	-277659.62
-535481	-277351.72
-552413	-277071.97
-506509	-276878.3
-326457	-276841.47
-453762	-276916.03
-535404	-277128.66
-552479	-277407.56
-506546	-277686.94
-326785	-277939.4
-453992	-278066.16
-535282	-278094.6
-552462	-278003.25
-505563	-277814.3
-326032	-277603.1
-454562	-277366.06
-535739	-277198.94
-552357	-277106.75
-505177	-277096.06
-325689	-277190.7
-457944	-277311.22
-536254	-277476.2
-552478	-277627.1
-505678	-277732.75
-326112	-277810.4
-454574	-277806.03
-535260	-277779.72
-552493	-277721.94
-506945	-277643.9
-326904	-277587.06
-451892	-277500.38
-534494	-277426.12
-552449	-277326.3
-506536	-277181.7
-326777	-277015.88
-453603	-276776.12
-535364	-276525.97
-552467	-276266.4
-507334	-276024.9
-323852	-275869.34
-450409	-275775.22
-528827	-275812.47
-552313	-275957.22
-505565	-276193.0
-327414	-276522.62
-452910	-276858.2
-534703	-277213.1
-552479	-277531.5
-507105	-277786.97
-326869	-278002.47
-452753	-278126.84
-534557	-278220.03
-552459	-278271.62
-508466	-278288.56
-328150	-278310.97
-451761	-278289.53
-534839	-278272.8
-552443	-278234.38
-508610	-278168.25
-328458	-278112.94
-454595	-278026.3
-535275	-277976.16
-552472	-277956.34
-508781	-277976.7
-328386	-278074.88
-452267	-278191.25
-534650	-278355.4
-552411	-278511.6
-508666	-278617.38
-328114	-278671.8
-450676	-278600.44
-533940	-278449.56
-552442	-278215.06
-509330	-277929.78
-328661	-277679.25
-452914	-277465.8
-535201	-277386.3
-552452	-277443.03
-509651	-277627.6
-329544	-277940.66
-452139	-278270.2
-534179	-278592.38
-552357	-278807.7
-509671	-278849.28
-329079	-278716.66
-450722	-278359.5
-534033	-277866.9
-552425	-277286.38
-510229	-276701.06
-326287	-276236.06
-447429	-275914.78
-528138	-275836.12
-552335	-275984.7
-508772	-276329.03
-330431	-276840.47
-453833	-277387.9
-534893	-277938.53
-552509	-278397.06
-510726	-278710.12
-330279	-278891.72
-450993	-278900.44
-534316	-278819.44
-552454	-278672.53
-510644	-278502.12
-330037	-278380.16
-452665	-278276.28
-534515	-278244.44
-552482	-278250.62
-512187	-278266.8
-331191	-278304.38
-449191	-278294.72
-534236	-278282.84
-552472	-278251.78
-512420	-278213.72
-331480	-278222.03
-452271	-278241.28
-534752	-278328.16
-552428	-278453.5
-512426	-278590.66
-331128	-278743.66
-448766	-278827.6
-533392	-278864.9
-552392	-278819.5
-512741	-278688.28
-331544	-278525.62
-447599	-278313.84
-533286	-278140.75
-552406	-278018.03
-513051	-277960.72
-332264	-278003.84
-451274	-278074.78
-534247	-278185.53
-552437	-278267.47
-512993	-278267.9
-331520	-278187.22
-448246	-277960.7
-533313	-277650.0
-552398	-277272.25
-513599	-276874.94
-329214	-276555.62
-439223	-276318.88
-519264	-276255.06
-552152	-276350.75
-512806	-276587.4
-334412	-276956.94
-451676	-277350.78
-534174	-277756.1
-552472	-278095.34
-514046	-278325.1
-333185	-278464.3
-448526	-278471.5
-533469	-278425.5
-552497	-278347.34
-514442	-278273.03
-333044	-278272.34
-446087	-278311.66
-532884	-278438.56
-552489	-278611.6
-514367	-278791.47
-333532	-278975.16
-449434	-279075.66
-533585	-279118.38
-552526	-279072.9
-514647	-278939.97
-333658	-278774.7
-447472	-278553.78
-533096	-278357.28
-552496	-278191.12
-515269	-278067.8
-334521	-278031.06
-446527	-278028.66
-533023	-278101.16
-552441	-278215.72
-515584	-278351.8
-334678	-278531.28
-448056	-278689.66
-533508	-278862.12
-552537	-279014.06
-515452	-279121.12
-333637	-279197.62
-443736	-279173.1
-532439	-279076.75
-552584	-278879.44
-516146	-278576.12
-334857	-278217.9
-445161	-277786.34
-532696	-277372.7
-552554	-277006.97
-516302	-276731.0
-324626	-276620.1
-437335	-276642.47
-523176	-276845.16
-552191	-277180.9
-515497	-277600.34
-337000	-278080.75
-445096	-278513.9
-532432	-278897.03
-552547	-279175.22
-516736	-279326.3
-335461	-279390.44
-444369	-279338.53
-532244	-279250.62
-552542	-279140.06
-516948	-279029.4
-335922	-278973.34
-446882	-278927.9
-533181	-278938.75
-552556	-278976.12
-517086	-279020.8
-335414	-279098.03
-442483	-279151.1
-532291	-279225.97
-552571	-279302.6
-517556	-279372.16
-336752	-279462.78
-445092	-279509.34
-532404	-279539.62
-552511	-279510.0
-517659	-279394.88
-336268	-279221.75
-443715	-278950.25
-532432	-278658.56
-552474	-278371.47
-517510	-278140.78
-336129	-278057.53
-442499	-278112.6
-531949	-278365.38
-552439	-278771.72
-518004	-279262.84
-337203	-279781.06
-443323	-280167.16
-531862	-280362.66
-552401	-280268.12
-518394	-279839.1
-337522	-279129.53
-443886	-278164.78
-532438	-277114.88
-552387	-276109.75
-518297	-275293.66
-334527	-274827.25
-439694	-274736.25
-526059	-275081.5
-552312	-275786.4
-517305	-276734.28
-335527	-277811.1
-440517	-278809.97
-531067	-279638.5
-552331	-280180.88
-518787	-280389.22
-337192	-280318.78
-440744	-279990.25
-531907	-279552.9
-552322	-279099.56
-519124	-278721.72
-338557	-278520.97
-442458	-278472.3
-531808	-278604.66
-552365	-278848.56
-519289	-279127.5
-337920	-279407.2
-439057	-279584.8
-530643	-279677.72
-552199	-279667.2
-519273	-279570.7
-337609	-279463.62
-439257	-279337.56
-531677	-279270.5
-552327	-279257.47
-519342	-279284.38
-338542	-279364.4
-441819	-279416.88
-531209	-279459.66
-552190	-279456.53
-519592	-279398.28
-338173	-279335.75
-439127	-279245.0
-530479	-279200.84
-552121	-279202.6
-520209	-279243.6
-339364	-279336.84
-439909	-279390.94
-531722	-279394.97
-552078	-279274.3
-520213	-278978.44
-340032	-278528.0
-440846	-277892.97
-531041	-277176.25
-552099	-276444.4
-520000	-275790.0
-336704	-275346.12
-436316	-275138.72
-524389	-275254.2
-551994	-275665.5
-519717	-276315.88
-337331	-277151.06
-435651	-278014.16
-530858	-278839.53
-552066	-279514.9
-520613	-279969.97
-340276	-280217.47
-440973	-280222.2
-531102	-280078.3
-552114	-279833.06
-520996	-279547.5
-340107	-279317.94
-436292	-279136.03
-530118	-279063.06
-552067	-279073.8
-521247	-279136.25
-339575	-279254.97
-434451	-279349.47
-530392	-279440.8
-551954	-279499.34
-521206	-279515.38
-340361	-279532.0
-437737	-279509.22
-530557	-279499.72
-552072	-279487.4
-521508	-279459.03
-339954	-279441.34
-433871	-279375.75
-529609	-279300.38
-551981	-279200.8
-521976	-279080.12
-341479	-278994.84
-436973	-278920.38
-530657	-278923.62
-552036	-279000.9
-522160	-279140.8
-341539	-279359.9
-436837	-279573.06
-530386	-279778.22
-551996	-279908.9
-522257	-279912.72
-341062	-279799.8
-433444	-279516.34
-529654	-279125.25
-551862	-278651.22
-522376	-278140.88
-340746	-277692.38
-435997	-277312.88
-524439	-277090.62
-551776	-277030.12
-521841	-277123.5
-341016	-277380.7
-435956	-277713.12
-530064	-278117.66
-551859	-278528.72
-522723	-278895.9
-341897	-279224.62
-433798	-279448.16
-529745	-279603.72
-551789	-279677.28
-523056	-279668.34
-342120	-279623.72
-430873	-279506.1
-529097	-279368.66
-551829	-279206.22
-523324	-279021.34
-342565	-278863.7
-432279	-278702.44
-529332	-278597.94
-551770	-278549.16
-523431	-278557.38
-343011	-278659.16
-433053	-278796.12
-529609	-278988.3
-551723	-279188.34
-523596	-279350.25
-342790	-279476.56
-429577	-279495.75
-528829	-279440.97
-551745	-279306.8
-524131	-279111.56
-344366	-278932.9
-433724	-278769.12
-530077	-278706.2
-551737	-278755.62
-524265	-278912.97
-343859	-279192.72
-430185	-279501.28
-529449	-279815.28
-551802	-280049.06
-524462	-280125.12
-344037	-280032.97
-428279	-279709.2
-528528	-279212.9
-551771	-278583.03
-524495	-277888.72
-344471	-277260.9
-436559	-276742.53
-524571	-276455.9
-551741	-276428.0
-524111	-276655.2
-342769	-277135.53
-428174	-277751.3
-528832	-278449.28
-551788	-279114.62
-524954	-279645.56
-344520	-280010.84
-426717	-280129.34
-528243	-280045.94
-551745	-279784.75
-525321	-279398.47
-345262	-278999.25
-429354	-278614.2
-529297	-278342.56
-551791	-278204.16
-525323	-278193.5
-344837	-278325.47
-426754	-278510.4
-528584	-278736.06
-551773	-278936.53
-525516	-279059.84
-344935	-279119.0
-424033	-279065.8
-527864	-278957.7
-551675	-278812.44
-525606	-278657.7
-345499	-278565.9
-427736	-278517.1
-528891	-278563.5
-551735	-278688.25
-525662	-278861.6
-344782	-279091.22
-423897	-279298.34
-527908	-279489.4
-551613	-279625.4
-526084	-279678.6
-345677	-279678.9
-422783	-279583.0
-527782	-279440.28
-551624	-279251.9
-526259	-279023.3
-346181	-278806.38
-424792	-278570.53
-528294	-278368.62
-551616	-278200.84
-526039	-278067.03
-345835	-278014.38
-425661	-278002.38
-521183	-278074.88
-551519	-278211.2
-526049	-278388.0
-345085	-278618.34
-418518	-278828.94
-524427	-279026.7
-551514	-279167.44
-526522	-279217.62
-345944	-279202.16
-421911	-279078.5
-527691	-278903.34
-551526	-278694.94
-526544	-278479.5
-345619	-278330.6
-418790	-278233.53
-526657	-278241.2
-551456	-278339.9
-526804	-278498.53
-346481	-278719.03
-419689	-278914.53
-526851	-279080.38
-551526	-279172.25
-527127	-279161.06
-347087	-279085.03
-421015	-278920.84
-527604	-278741.34
-551401	-278578.5
-526923	-278460.72
-346183	-278453.75
-417069	-278525.4
-526314	-278702.38
-551473	-278943.75
-527298	-279195.4
-347126	-279444.06
-417396	-279600.38
-526293	-279668.75
-551564	-279624.34
-527515	-279464.25
-347612	-279252.72
-420297	-278986.6
-527494	-278749.9
-551636	-278573.66
-527602	-278475.34
-347021	-278501.72
-415809	-278597.94
-526484	-278770.28
-551567	-278965.44
-527982	-279124.84
-349257	-279243.12
-423013	-279245.28
-520752	-279160.56
-551350	-278983.72
-528014	-278731.5
-348928	-278477.56
-418884	-278221.53
-526997	-278041.47
-551449	-277958.1
-527797	-277972.28
-347677	-278117.16
-416191	-278327.16
-526269	-278602.97
-551433	-278889.4
-527976	-279131.1
-347943	-279325.53
-415559	-279401.3
-525924	-279381.72
-551371	-279261.1
-528337	-279045.7
-348940	-278802.84
-416853	-278525.16
-526904	-278287.16
-551407	-278111.97
-528281	-278010.1
-348868	-278026.62
-416391	-278111.34
-526129	-278279.5
-551369	-278488.34
-528288	-278686.66
-348504	-278870.47
-414902	-278961.7
-525705	-278972.16
-551314	-278885.3
-528587	-278698.06
-348310	-278472.47
-411911	-278204.0
-525751	-277970.53
-551249	-277805.47
-528627	-277727.25
-349575	-277787.56
-415913	-277936.5
-526201	-278181.34
-551260	-278467.25
-528966	-278724.5
-349675	-278931.4
-412511	-278996.06
-525329	-278920.6
-551206	-278689.56
-529124	-278309.88
-349865	-277861.0
-413789	-277360.62
-519422	-276912.06
-551155	-276564.94
-528102	-276354.7
-348502	-276337.12
-413709	-276460.9
-525618	-276726.25
-551135	-277069.6
-529049	-277412.97
-349476	-277730.47
-410765	-277929.3
-525017	-278015.34
-551124	-277978.03
-529524	-277828.03
-350422	-277644.2
-410307	-277436.66
-525497	-277288.78
-551144	-277232.4
-529607	-277272.03
-351439	-277438.12
-412795	-277659.25
-525502	-277923.47
-551067	-278169.97
-529502	-278334.7
-350479	-278415.84
-409311	-278353.4
-524654	-278185.84
-551042	-277932.94
-529671	-277624.56
-350375	-277349.4
-407995	-277114.12
-524836	-276987.44
-551036	-276982.62
-529772	-277082.28
-351072	-277299.2
-410889	-277552.25
-525157	-277826.94
-550979	-278069.44
-529761	-278228.9
-351001	-278319.22
-408056	-278294.34
-524449	-278199.6
-550989	-278054.78
-530223	-277881.38
-352042	-277750.06
-407640	-277648.84
-524639	-277625.75
-550967	-277677.9
-530163	-277779.88
-352362	-277944.03
-411798	-278097.97
-518642	-278245.53
-550869	-278347.53
-529295	-278375.7
-350059	-278357.66
-407712	-278254.56
-524651	-278112.22
-550916	-277945.28
-530528	-277761.66
-352741	-277619.6
-407385	-277494.16
-524630	-277426.28
-550858	-277412.5
-530736	-277432.72
-353921	-277511.8
-410280	-277594.56
-525114	-277698.47
-550967	-277805.25
-530874	-277890.88
-352871	-277984.9
-405982	-278042.88
-524572	-278091.88
-550864	-278124.97
-530879	-278123.62
-353086	-278119.38
-405153	-278065.97
-524267	-277988.6
-550872	-277880.12
-530904	-277726.8
-353401	-277571.25
-407534	-277385.3
-524708	-277217.34
-550831	-277083.44
-531146	-276988.3
-353815	-276984.1
-406330	-277037.62
-524822	-277175.0
-550801	-277376.2
-531272	-277598.06
-353948	-277841.28
-404765	-278026.0
-524405	-278146.4
-550802	-278172.6
-531297	-278076.28
-353873	-277897.62
-405327	-277617.94
-524739	-277300.0
-550783	-276983.03
-531387	-276694.22
-354601	-276505.12
-402162	-276397.9
-508146	-276409.25
-550289	-276515.38
-531148	-276675.12
-353959	-276884.2
-402597	-277061.25
-523791	-277200.03
-550764	-277277.2
-531646	-277270.7
-354991	-277228.3
-405290	-277134.97
-524798	-277053.47
-550688	-277013.28
-531621	-277023.22
-353715	-277129.56
-401744	-277283.22
-524284	-277488.34
-550669	-277705.06
-531927	-277874.6
-355604	-277993.28
-402601	-277993.9
-523957	-277894.94
-550630	-277704.2
-531988	-277433.28
-355377	-277158.62
-403980	-276885.16
-524841	-276682.12
-550637	-276575.88
-531932	-276560.5
-354861	-276662.62
-401614	-276816.6
-524237	-277011.25
-550601	-277205.0
-531924	-277343.34
-355373	-277436.38
-400589	-277435.9
-523248	-277375.72
-550549	-277275.16
-531903	-277145.8
-355069	-277052.22
-402931	-276976.5
-524474	-276958.3
-550539	-276993.88
-531843	-277050.97
-354557	-277141.56
-399719	-277197.34
-523467	-277220.44
-550520	-277192.5
-532302	-277090.72
-354576	-276958.28
-416747	-276770.47
-515907	-276587.84
-550085	-276432.75
-531722	-276318.25
-354770	-276298.12
-399667	-276341.9
-523509	-276474.5
-549841	-276683.22
-531283	-276931.38
-354274	-277229.3
-399248	-277510.22
-522270	-277773.9
-549230	-277995.72
-530946	-278138.12
-353185	-278222.62
-395484	-278202.28
-521511	-278103.03
-548771	-277933.4
-531047	-277692.6
-353522	-277441.3
-392666	-277172.0
-521260	-276940.94
-548439	-276779.5
-530756	-276692.88
-353983	-276727.3
-393867	-276840.1
-520630	-277036.0
-548114	-277280.34
-530271	-277512.72
-351872	-277725.5
-389775	-277843.16
-519710	-277867.78
-547782	-277797.2
-530315	-277632.38
-352212	-277446.56
-388003	-277249.12
-519537	-277111.0
-547737	-277069.94
-530421	-277123.16
-352944	-277295.78
-389752	-277511.62
-519819	-277734.53
-547776	-277894.16
-530513	-277904.84
-352644	-277752.53
-388871	-277379.78
-520026	-276826.78
-547796	-276150.34
-530848	-275416.94
-355189	-274764.22
-389031	-274254.78
-511572	-273995.66
-547757	-274030.1
-531286	-274344.3
-354814	-274927.38
-388508	-275658.97
-519939	-276452.8
-548021	-277195.53
-531151	-277767.9
-353379	-278136.47
-387467	-278235.34
-519956	-278104.2
-547999	-277802.1
-531442	-277393.53
-354205	-277007.53
-386297	-276691.66
-519873	-276528.84
-548146	-276547.5
-531640	-276717.34
-354523	-277029.5
-388334	-277381.4
-520605	-277720.9
-548256	-277985.06
-531707	-278109.56
-353737	-278114.12
-385951	-277973.62
-520279	-277746.47
-548349	-277488.2
-531914	-277233.94
-354256	-277064.38
-384309	-276969.22
-519744	-276973.38
-548427	-277060.84
-532190	-277177.56
-355947	-277316.78
-389302	-277402.6
-520786	-277431.06
-548511	-277397.22
-532382	-277293.8
-355956	-277185.34
-387622	-277072.6
-520880	-277014.4
-548587	-277043.3
-532691	-277151.47
-356505	-277367.03
-385712	-277626.22
-520387	-277907.97
-548647	-278169.12
-532752	-278344.16
-359045	-278434.78
-390809	-278387.28
-513402	-278228.1
-548570	-277977.2
-533244	-277651.7
-357439	-277324.0
-384261	-276995.44
-520555	-276712.72
-548849	-276493.1
-533266	-276315.0
-356808	-276200.88
-384121	-276092.5
-520632	-275985.53
-548912	-275864.5
-533521	-275699.0
-357626	-275524.03
-386183	-275314.0
-521499	-275106.94
-548877	-274927.84
-533536	-274774.34
-357137	-274693.56
-383486	-274649.9
-520945	-274651.03
-548974	-274681.44
-533735	-274693.7
-357480	-274695.72
-382218	-274629.12
-520436	-274498.22
-548952	-274306.2
-533837	-274042.2
-357845	-273763.34
-384686	-273462.1
-521449	-273189.47
-549004	-272979.4
-533830	-272835.4
-357360	-272805.03
-382022	-272852.47
-520723	-272984.22
-549054	-273182.88
-534079	-273396.62
-358071	-273628.34
-381750	-273809.62
-520731	-273931.88
-549067	-273983.56
-534234	-273937.3
-358320	-273834.7
-382872	-273657.25
-521294	-273449.12
-549099	-273247.06
-534284	-273060.97
-360897	-272952.66
-382164	-272905.03
-512024	-272943.9
-548928	-273064.16
-534830	-273231.44
-360474	-273448.72
-380884	-273649.44
-520672	-273820.56
-548959	-273944.03
-534293	-273986.62
-358181	-273984.38
-381552	-273916.12
-521439	-273823.44
-548757	-273742.28
-534123	-273679.1
-357987	-273691.28
-379436	-273752.3
-520226	-273873.62
-548500	-274042.7
-534125	-274206.8
-358592	-274366.38
-379169	-274454.5
-519597	-274464.6
-548012	-274395.3
-533791	-274233.66
-358766	-274039.84
-380329	-273815.38
-520299	-273619.44
-547343	-273497.53
-533096	-273457.5
-357782	-273547.7
-376825	-273728.38
-518584	-273992.9
-546870	-274312.66
-532804	-274622.1
-357771	-274915.88
-376104	-275126.0
-517731	-275248.16
-546263	-275287.6
-532262	-275234.06
-357422	-275147.3
-376427	-275023.53
-518082	-274909.3
-545652	-274836.38
-531755	-274796.12
-356722	-274825.1
-374698	-274878.03
-517007	-274950.03
-545043	-275025.3
-531225	-275057.34
-358303	-275063.84
-372297	-275003.44
-506643	-274898.72
-544399	-274760.9
-531145	-274596.84
-358037	-274464.72
-374284	-274355.56
-516556	-274304.38
-544139	-274331.2
-530309	-274414.16
-355527	-274579.2
-372792	-274773.1
-515499	-274985.22
-543751	-275194.34
-530074	-275350.3
-355535	-275464.94
-371084	-275489.97
-514598	-275436.53
-543340	-275320.8
-529890	-275137.84
-355527	-274948.72
-370904	-274750.0
-514947	-274586.22
-542993	-274492.2
-529592	-274458.75
-355372	-274524.0
-370151	-274644.03
-514087	-274810.25
-542768	-275001.88
-529629	-275161.3
-355814	-275292.12
-369551	-275338.44
-513816	-275304.9
-542463	-275207.22
-529507	-275041.6
-355815	-274873.88
-368992	-274707.44
-514262	-274590.25
-542368	-274559.0
-529384	-274600.28
-355851	-274742.88
-369196	-274930.5
-513826	-275140.84
-542191	-275343.28
-529172	-275473.12
-355182	-275535.03
-367113	-275481.25
-512934	-275329.72
-541943	-275114.53
-529166	-274847.88
-357088	-274609.62
-364713	-274411.12
-504065	-274300.7
-541662	-274304.56
-529349	-274400.66
-357426	-274601.56
-367339	-274840.7
-512862	-275087.25
-541559	-275311.1
-528886	-275451.6
-355760	-275522.1
-365610	-275484.7
-512104	-275362.94
-541308	-275193.03
-528967	-274981.88
-356409	-274797.28
-365656	-274635.8
-512601	-274529.34
-540978	-274497.5
-528616	-274511.0
-356484	-274589.47
-366385	-274679.9
-512247	-274770.94
-540731	-274851.66
-528462	-274878.62
-355989	-274873.9
-364162	-274798.7
-511612	-274665.25
-540443	-274491.75
-528374	-274262.6
-356681	-274026.97
-363554	-273769.22
-511383	-273520.4
-540347	-273312.38
-528254	-273136.9
-356532	-273041.1
-364947	-272999.25
-511434	-273020.34
-539961	-273103.2
-527971	-273198.88
-356120	-273310.84
-362772	-273371.53
-511061	-273358.3
-539781	-273259.22
-527862	-273036.0
-355980	-272728.6
-362224	-272328.03
-510826	-271883.84
-539602	-271458.06
-527699	-271074.84
-357271	-270811.62
-360458	-270667.88
-501357	-270664.4
-539318	-270797.38
-527971	-271012.72
-358391	-271296.44
-363604	-271564.16
-510879	-271778.1
-539314	-271915.5
-527612	-271931.1
-356491	-271860.22
-361377	-271690.34
-510252	-271464.62
-539099	-271235.12
-527589	-271011.84
-357166	-270855.9
-362767	-270750.12
-510451	-270705.72
-538984	-270723.34
-527537	-270756.56
-357223	-270816.53
-361664	-270851.9
-510461	-270860.16
-538964	-270851.38
-527740	-270802.34
-357944	-270756.56
-360297	-270694.72
-509910	-270637.25
-538862	-270603.94
-527669	-270569.3
-358184	-270563.9
-361865	-270550.62
-510345	-270536.03
-538758	-270532.28
-527636	-270515.72
-358114	-270525.8
-360439	-270539.0
-509963	-270569.84
-538704	-270631.8
-527701	-270689.28
-358411	-270759.2
-355375	-270789.0
-504853	-270763.44
-538611	-270675.72
-527936	-270488.03
-359634	-270237.4
-361131	-269912.0
-510442	-269555.12
-538716	-269224.62
-527734	-268938.22
-358419	-268768.22
-353831	-268710.78
-500134	-268779.25
-538663	-268969.9
-528220	-269225.44
-360599	-269532.38
-358780	-269811.97
-509484	-270030.4
-538839	-270176.5
-528142	-270213.53
-359969	-270186.6
-361165	-270091.1
-510861	-269972.03
-538903	-269879.72
-528304	-269814.12
-359989	-269822.4
-359201	-269871.38
-509962	-269951.6
-539121	-270050.9
-528714	-270111.22
-361251	-270140.94
-358642	-270097.4
-510212	-269989.75
-539891	-269848.88
-529769	-269673.2
-362609	-269526.12
-362817	-269403.25
-513089	-269330.62
-541433	-269328.06
-531257	-269357.3
-363269	-269432.7
-362120	-269499.25
-513807	-269541.34
-543035	-269560.56
-533031	-269524.6
-366046	-269474.44
-361729	-269397.47
-514331	-269320.8
-544314	-269277.72
-534433	-269247.22
-367886	-269258.0
-366341	-269263.16
-517127	-269244.88
-545532	-269192.56
-535538	-269056.22
-368918	-268860.62
-365350	-268586.03
-517332	-268266.4
-546383	-267959.5
-536604	-267684.66
-370249	-267519.16
-358202	-267467.2
-508099	-267545.28
-546947	-267755.7
-537534	-268038.97
-372944	-268376.03
-367999	-268684.38
-519085	-268922.78
-547491	-269077.34
-537587	-269109.44
-370994	-269066.5
-365710	-268950.88
-518557	-268811.56
-547985	-268706.97
-538282	-268639.5
-372781	-268655.06
-366220	-268718.1
-518950	-268809.84
-548272	-268913.2
-538680	-268962.88
-373728	-268966.78
-367971	-268886.75
-520042	-268742.22
-548455	-268581.25
-538891	-268416.25
-373866	-268322.34
-365609	-268303.4
-518717	-268376.5
-548239	-268546.2
-538571	-268746.8
-373438	-268958.0
-365276	-269094.03
-518170	-269112.12
-547331	-269001.78
-537561	-268735.44
-372429	-268376.03
-364792	-267951.66
-517738	-267537.4
-546257	-267219.9
-536517	-267020.9
-371535	-266996.66
-362080	-267108.97
-515769	-267319.28
-545083	-267579.3
-535592	-267783.3
-371494	-267895.16
-361737	-267841.22
-514904	-267614.94
-544192	-267260.84
-534731	-266807.7
-369683	-266369.22
-347829	-266007.62
-492038	-265803.34
-542747	-265818.72
-534383	-266040.84
-373416	-266473.2
-359411	-267030.84
-513126	-267637.06
-542564	-268224.16
-533391	-268684.9
-370216	-268996.5
-358712	-269107.56
-512452	-269030.94
-541917	-268822.75
-532882	-268510.94
-369896	-268193.6
-358621	-267907.38
-512633	-267707.8
-541336	-267647.9
-532350	-267710.7
-369505	-267921.9
-357433	-268234.16
-511642	-268619.9
-540764	-269063.66
-531717	-269500.72
-368821	-269931.47
-356468	-270303.3
-510697	-270600.88
-540248	-270834.38
-531347	-270973.94
-369037	-271062.5
-356244	-271095.88
-510738	-271110.53
-539897	-271165.78
-530921	-271273.47
-368484	-271499.94
-356067	-271840.2
-510068	-272298.97
-539440	-272872.22
-530545	-273482.22
-368376	-274094.78
-355677	-274607.56
-509659	-274954.2
-539050	-275104.4
-530362	-275006.88
-368959	-274711.75
-354296	-274248.16
-509384	-273705.06
-538752	-273205.1
-530051	-272818.0
-371746	-272654.44
-363638	-272731.44
-490609	-273059.0
-537835	-273607.2
-530295	-274270.75
-371916	-274981.2
-354068	-275614.84
-508271	-276096.88
-538190	-276402.75
-529844	-276499.5
-369549	-276453.9
-352299	-276304.78
-508474	-276131.5
-537936	-276026.5
-529643	-276009.44
-369878	-276131.25
-354198	-276351.88
-508527	-276631.84
-537632	-276934.22
-529359	-277169.72
-369096	-277325.7
-352120	-277356.6
-507477	-277272.03
-537397	-277124.6
-529201	-276929.44
-369399	-276764.22
-351478	-276637.9
-507544	-276563.38
-537152	-276549.6
-529142	-276531.9
-370113	-276497.62
-354526	-276380.5
-508679	-276158.94
-536982	-275857.2
-528955	-275475.44
-370223	-275098.44
-351571	-274765.4
-506986	-274534.94
-536769	-274460.53
-528783	-274506.34
-369994	-274657.06
-350856	-274805.25
-506956	-274847.4
-536662	-274703.56
-528824	-274264.4
-371068	-273527.0
-353069	-272491.75
-507706	-271246.72
-536438	-269948.38
-528637	-268727.2
-370064	-267774.8
-343391	-267197.1
-497221	-267067.5
-536234	-267409.97
-528812	-268127.94
-372926	-269123.62
-350080	-270213.34
-506196	-271230.1
-536162	-272055.25
-528599	-272562.78
-372177	-272749.34
-352377	-272618.1
-507534	-272248.44
-536077	-271770.2
-528505	-271266.53
-371912	-270864.03
-349964	-270599.7
-506462	-270491.88
-535900	-270539.6
-528397	-270657.22
-371978	-270808.0
-349350	-270904.22
-506086	-270902.47
-535846	-270810.03
-528512	-270609.84
-373002	-270371.1
-350627	-270119.75
-506559	-269905.1
-535625	-269784.47
-528369	-269739.5
-373130	-269790.38
-349969	-269882.62
-506367	-269976.16
-535545	-270054.28
-528312	-270057.0
-372345	-270004.75
-348552	-269885.0
-505552	-269723.94
-535459	-269581.8
-528229	-269461.5
-373122	-269418.5
-350219	-269435.78
-506421	-269501.97
-535319	-269611.62
-528147	-269695.97
-373266	-269747.78
-349972	-269715.5
-506302	-269587.75
-535196	-269395.22
-528047	-269132.22
-372468	-268867.3
-341723	-268620.78
-496377	-268428.22
-535041	-268336.9
-528245	-268326.0
-375701	-268415.25
-350247	-268560.62
-506087	-268733.0
-535022	-268927.8
-528004	-269089.62
-374239	-269233.8
-349019	-269331.03
-505533	-269382.0
-534960	-269415.66
-528069	-269403.4
-374770	-269378.38
-348457	-269315.66
-505029	-269211.1
-534874	-269087.7
-527986	-268918.12
-374801	-268745.2
-349110	-268567.94
-505977	-268413.9
-534789	-268337.75
-527969	-268331.7
-374944	-268437.9
-345986	-268628.62
-503709	-268875.8
-534737	-269162.12
-528096	-269403.94
-375637	-269580.38
-345140	-269631.84
-502794	-269540.47
-534572	-269341.78
-527937	-269042.2
-375033	-268730.34
-346664	-268451.0
-504564	-268263.38
-534424	-268232.6
-527641	-268336.62
-374157	-268581.38
-344019	-268887.44
-502464	-269174.2
-534449	-269382.34
-527721	-269408.3
-374310	-269238.3
-341953	-268846.97
-501216	-268270.4
-534269	-267608.44
-527588	-266929.7
-372965	-266370.44
-336307	-266003.62
-494522	-265887.4
-534257	-266065.9
-527829	-266486.6
-375801	-267109.75
-342259	-267822.0
-501273	-268517.9
-534137	-269129.56
-527584	-269555.84
-374177	-269790.62
-341077	-269812.9
-501273	-269651.84
-534136	-269387.7
-527733	-269053.75
-374863	-268742.44
-341611	-268482.8
-501634	-268301.0
-534145	-268232.9
-527805	-268238.84
-375293	-268329.7
-340994	-268461.2
-500965	-268605.56
-534465	-268768.53
-528078	-268904.78
-375381	-269033.4
-341045	-269126.7
-500944	-269171.88
-534749	-269186.53
-528458	-269131.12
-376199	-269032.0
-342389	-268873.3
-502786	-268666.5
-534832	-268463.75
-528461	-268268.34
-376804	-268149.16
-342526	-268119.78
-501567	-268197.12
-534607	-268404.94
-528321	-268685.34
-376612	-269018.53
-341947	-269318.62
-501547	-269509.75
-534299	-269555.6
-528084	-269386.16
-376654	-269025.25
-340760	-268486.1
-501730	-267831.72
-534114	-267181.22
-527921	-266602.72
-375990	-266217.66
-334847	-266072.56
-493709	-266187.62
-533969	-266563.72
-528009	-267117.38
-378402	-267784.88
-341290	-268445.0
-500673	-268997.88
-533872	-269399.0
-527936	-269581.66
-377769	-269579.6
-340886	-269414.7
-501973	-269146.62
-533852	-268877.34
-527961	-268642.53
-378761	-268518.8
-340529	-268506.6
-500489	-268589.2
-533648	-268756.84
-527858	-268926.66
-379047	-269075.47
-340962	-269142.9
-500377	-269100.7
-533638	-268976.66
-527868	-268760.1
-378517	-268517.25
-339608	-268272.38
-501326	-268056.84
-533662	-267924.56
-527885	-267852.16
-378852	-267862.34
-340615	-267916.3
-501027	-267983.9
-533629	-268065.78
-527907	-268111.94
-379256	-268142.62
-339531	-268138.97
-500269	-268099.62
-533543	-268057.88
-527970	-267983.62
-380147	-267900.66
-339469	-267779.1
-501372	-267595.97
-533575	-267363.44
-528016	-267041.34
-380374	-266662.47
-340669	-266229.7
-500734	-265772.66
-533432	-265364.72
-527884	-265023.44
-378972	-264821.4
-333119	-264770.16
-492977	-264868.22
-533335	-265125.47
-527944	-265472.47
-381416	-265883.0
-338348	-266282.38
-500666	-266611.78
-533376	-266864.25
-528002	-266992.75
-381367	-267032.7
-340637	-266991.22
-501314	-266896.78
-533322	-266814.16
-527971	-266740.72
-381400	-266722.03
-339196	-266742.94
-499842	-266783.53
-533281	-266852.66
-528016	-266896.53
-381337	-266929.28
-337526	-266930.2
-499954	-266899.56
-533294	-266885.47
-528006	-266878.78
-381406	-266930.53
-339632	-267036.3
-500582	-267187.62
-533217	-267398.06
-527886	-267606.84
-381322	-267810.78
-338373	-267960.78
-499941	-268028.34
-533267	-268036.12
-528074	-267963.06
-382384	-267864.47
-337483	-267757.72
-499797	-267667.66
-533231	-267646.7
-528059	-267667.1
-382204	-267743.1
-338531	-267825.28
-500134	-267860.8
-533143	-267833.56
-528016	-267675.4
-382056	-267400.66
-336709	-267004.66
-499063	-266516.84
-532966	-266025.88
-528029	-265568.56
-382477	-265242.06
-330891	-265084.1
-492349	-265112.1
-533131	-265349.4
-528247	-265731.44
-384694	-266225.22
-338627	-266744.0
-499272	-267209.9
-532975	-267595.1
-528095	-267833.38
-382796	-267945.2
-333973	-267932.4
-497201	-267819.75
-532918	-267679.78
-528218	-267521.38
-383701	-267405.1
-334024	-267333.1
-497340	-267296.12
-532895	-267311.7
-528027	-267328.7
-382894	-267357.0
-334564	-267368.88
-496212	-267351.34
-532611	-267339.16
-527972	-267311.94
-382431	-267312.16
-331972	-267334.38
-495204	-267369.06
-532587	-267437.3
-528185	-267489.12
-383463	-267532.2
-331887	-267535.34
-495600	-267478.4
-532734	-267397.2
-528137	-267277.66
-383519	-267177.84
-331580	-267117.28
-493266	-267115.16
-532269	-267216.97
-528158	-267386.22
-383111	-267625.3
-328198	-267874.3
-494402	-268064.2
-532965	-268166.6
-528194	-268102.38
-384178	-267875.94
-331004	-267481.1
-494977	-266945.53
-532550	-266366.12
-528120	-265792.94
-384016	-265337.75
-327932	-265059.03
-491302	-264991.8
-532844	-265177.47
-528267	-265560.5
-385467	-266110.34
-331266	-266736.78
-494389	-267343.4
-532424	-267884.0
-528325	-268266.4
-384686	-268486.66
-329944	-268528.75
-493893	-268405.2
-532493	-268189.97
-528306	-267903.12
-384900	-267624.5
-330942	-267383.8
-495242	-267198.78
-532527	-267113.4
-528264	-267092.66
-384617	-267151.3
-330052	-267255.78
-494193	-267373.1
-532360	-267513.66
-528361	-267628.12
-385410	-267730.66
-329672	-267798.4
-493096	-267814.34
-532219	-267806.7
-528295	-267743.28
-385283	-267658.38
-329056	-267549.62
-493286	-267422.72
-532176	-267330.38
-528306	-267261.34
-385311	-267262.06
-329252	-267329.75
-493106	-267450.0
-532191	-267635.9
-528289	-267822.88
-385725	-267996.22
-328716	-268097.94
-491900	-268077.2
-532044	-267940.28
-528392	-267652.03
-386117	-267262.2
-328724	-266803.22
-493327	-266325.62
-532159	-265928.28
-528476	-265639.53
-386876	-265529.53
-324836	-265602.53
-489310	-265830.06
-532649	-266200.16
-528477	-266616.94
-387579	-267033.5
-327147	-267371.47
-490504	-267568.47
-531899	-267633.72
-528469	-267541.03
-387094	-267351.28
-328109	-267102.25
-493401	-266837.47
-532128	-266638.34
-528502	-266503.6
-387376	-266469.88
-327159	-266511.2
-491321	-266581.94
-531906	-266671.5
-528466	-266706.6
-387281	-266685.66
-326302	-266587.4
-490756	-266408.56
-531933	-266209.5
-528562	-265995.28
-387416	-265832.6
-326804	-265739.5
-492077	-265714.47
-531831	-265782.66
-528434	-265884.72
-387187	-266009.75
-326344	-266104.9
-490656	-266122.22
-531807	-266074.0
-528582	-265927.66
-388039	-265730.84
-325664	-265508.22
-490377	-265288.53
-531742	-265143.97
-528580	-265069.22
-388929	-265100.66
-326956	-265215.84
-493157	-265371.4
-531982	-265560.3
-528624	-265706.53
-388657	-265802.75
-326214	-265818.4
-489790	-265739.6
-531574	-265615.97
-528572	-265447.78
-388551	-265301.44
-314699	-265205.62
-474677	-265172.25
-531923	-265240.2
-528664	-265370.62
-391144	-265564.53
-325686	-265778.25
-491936	-265961.72
-531789	-266118.75
-528571	-266197.84
-389214	-266223.88
-325799	-266196.75
-490240	-266124.56
-531560	-266065.3
-528592	-266009.16
-389651	-265998.44
-324688	-266026.9
-489646	-266071.12
-531506	-266146.4
-528644	-266197.62
-390109	-266230.75
-324797	-266222.72
-491876	-266153.38
-531757	-266064.6
-528721	-265938.9
-390374	-265824.06
-326432	-265730.66
-491067	-265658.6
-531759	-265647.4
-528677	-265659.47
-389566	-265708.2
-323617	-265765.8
-488135	-265797.88
-531482	-265822.75
-528852	-265800.25
-390087	-265759.78
-324618	-265703.4
-492158	-265630.9
-532104	-265594.1
-529129	-265572.5
-391151	-265597.1
-325819	-265653.3
-491291	-265711.9
-532077	-265784.94
-529276	-265817.03
-391709	-265815.0
-324169	-265758.7
-489011	-265631.97
-532054	-265479.0
-529612	-265286.88
-391366	-265108.7
-314433	-264964.53
-475688	-264860.6
-532721	-264842.47
-529892	-264883.06
-395123	-264999.53
-326196	-265167.28
-490931	-265348.94
-532493	-265555.3
-529989	-265731.44
-392897	-265885.75
-324152	-265996.2
-489965	-266039.53
-532568	-266047.1
-530222	-265988.1
-393849	-265893.44
-323831	-265763.84
-491888	-265594.9
-533216	-265438.06
-530429	-265278.53
-394049	-265160.97
-325705	-265095.47
-492109	-265077.72
-532937	-265146.5
-530331	-265261.2
-393951	-265426.8
-323834	-265604.6
-489065	-265740.03
-532201	-265831.5
-530022	-265817.62
-393352	-265712.22
-322331	-265516.94
-490843	-265247.03
-532705	-264989.5
-530004	-264773.16
-394136	-264682.44
-324742	-264752.88
-492379	-264982.28
-532458	-265386.84
-529781	-265875.88
-394233	-266385.7
-322864	-266804.16
-488589	-267009.7
-531820	-266957.94
-529751	-266573.62
-394602	-265891.8
-321729	-264969.0
-490720	-263898.47
-532364	-262856.7
-529657	-261958.1
-394994	-261355.48
-320506	-261129.78
-488992	-261292.47
-532884	-261847.55
-529754	-262674.25
-395597	-263666.44
-321685	-264670.2
-486961	-265528.94
-531394	-266170.28
-529583	-266500.62
-395227	-266540.47
-320906	-266328.06
-490701	-265929.75
-532204	-265486.1
-529561	-265066.7
-395411	-264778.4
-321967	-264663.28
-488124	-264712.03
-531494	-264934.0
-529614	-265241.44
-395284	-265592.34
-320118	-265913.3
-485831	-266133.8
-531261	-266257.88
-529641	-266244.4
-395733	-266130.7
-320237	-265937.94
-489228	-265680.72
-531994	-265430.03
-529704	-265181.62
-396259	-264981.84
-321334	-264839.56
-487881	-264748.2
-531289	-264753.28
-529551	-264829.97
-396400	-265006.47
-321006	-265274.78
-488074	-265602.34
-531474	-265997.4
-529684	-266382.22
-396888	-266722.16
-320642	-266946.1
-488924	-266974.22
-531686	-266798.88
-529562	-266371.97
-396572	-265738.25
-320213	-264950.62
-487071	-264082.38
-531164	-263282.6
-529547	-262632.84
-396654	-262254.9
-316326	-262205.03
-487134	-262476.94
-532425	-263070.4
-529631	-263868.62
-398458	-264778.62
-320666	-265666.7
-488632	-266397.03
-531598	-266922.1
-529604	-267169.66
-397852	-267173.78
-320932	-266984.7
-487946	-266671.28
-531244	-266370.62
-529566	-266140.38
-397821	-266067.8
-319787	-266171.1
-488189	-266410.62
-531302	-266767.44
-529646	-267127.9
-398110	-267429.78
-319483	-267594.97
-486952	-267559.78
-531258	-267355.9
-529511	-266983.34
-397728	-266529.6
-317942	-266071.3
-485634	-265671.12
-530969	-265433.56
-529603	-265363.3
-398254	-265485.9
-318952	-265763.16
-487357	-266114.7
-531086	-266502.3
-529676	-266817.34
-399289	-267023.0
-319249	-267078.44
-486812	-266958.53
-531142	-266726.97
-529660	-266397.84
-399135	-266055.06
-319049	-265753.5
-488495	-265520.22
-531372	-265420.88
-529691	-265424.47
-399142	-265534.03
-318569	-265705.53
-487289	-265870.06
-531109	-266018.5
-529623	-266081.1
-399437	-266061.16
-314827	-265955.38
-486555	-265760.22
-532246	-265550.6
-529757	-265337.62
-400848	-265179.97
-318842	-265104.56
-489103	-265104.72
-531391	-265217.53
-529737	-265388.56
-400324	-265606.2
-317876	-265823.62
-486257	-265976.53
-531009	-266067.75
-529739	-266042.38
-400316	-265919.44
-317350	-265709.6
-483896	-265422.78
-530520	-265138.62
-529701	-264868.28
-400231	-264676.03
-317358	-264586.22
-488326	-264589.12
-531165	-264718.56
-529716	-264916.16
-400376	-265168.56
-317396	-265428.2
-486146	-265631.8
-530919	-265785.06
-529746	-265836.5
-400922	-265809.1
-316686	-265716.53
-483569	-265567.7
-530483	-265437.72
-529725	-265329.94
-401686	-265292.7
-318012	-265334.8
-488541	-265427.78
-531058	-265588.3
-529644	-265747.44
-401355	-265887.0
-316482	-265965.97
-484496	-265935.38
-530504	-265824.0
-529576	-265608.62
-401610	-265340.28
-316032	-265057.84
-483562	-264786.56
-530432	-264609.12
-529664	-264525.12
-402221	-264570.8
-313449	-264737.6
-486811	-264974.38
-531995	-265282.12
-529755	-265583.75
-403355	-265851.94
-317575	-266049.47
-485144	-266134.56
-530552	-266146.7
-529769	-266068.66
-402537	-265951.16
-315632	-265824.44
-483670	-265696.06
-530389	-265626.22
-529763	-265589.3
-403101	-265600.62
-316002	-265639.7
-487028	-265657.28
-530870	-265669.4
-529816	-265622.4
-403417	-265530.7
-316781	-265396.06
-484254	-265212.3
-530459	-265043.56
-529812	-264883.97
-403553	-264779.66
-315674	-264744.3
-484031	-264758.2
-530466	-264852.62
-529842	-264976.3
-404082	-265126.38
-312184	-265277.8
-487197	-265385.47
-532017	-265480.78
-529892	-265528.94
-404927	-265560.0
-317359	-265585.62
-485866	-265596.06
-530679	-265641.56
-529891	-265690.0
-404232	-265755.44
-315203	-265820.62
-483318	-265841.75
-530297	-265838.1
-529881	-265764.1
-404594	-265638.72
-315464	-265471.94
-486590	-265263.1
-530859	-265087.3
-529924	-264946.6
-405014	-264894.4
-311827	-264950.28
-484682	-265090.2
-531835	-265338.94
-529942	-265627.84
-406492	-265930.0
-316356	-266192.2
-485399	-266343.2
-530682	-266390.6
-529985	-266288.0
-406007	-266066.44
-315279	-265755.94
-485924	-265380.28
-530783	-265036.7
-529997	-264744.6
-405976	-264567.9
-315875	-264528.75
-485221	-264602.56
-530563	-264807.5
-530037	-265068.84
-406009	-265356.16
-314622	-265615.4
-483542	-265776.56
-530255	-265850.47
-529995	-265796.44
-406454	-265645.9
-314144	-265429.88
-485492	-265165.2
-530835	-264941.1
-530037	-264766.4
-406909	-264692.75
-315796	-264733.47
-485586	-264857.28
-530543	-265081.9
-529996	-265336.22
-407126	-265595.1
-314486	-265813.2
-483031	-265926.8
-530179	-265951.66
-530082	-265846.9
-407204	-265642.9
-313505	-265366.78
-484643	-265030.47
-530774	-264720.56
-530128	-264447.7
-407654	-264269.44
-314927	-264209.84
-484268	-264251.1
-530354	-264425.2
-530128	-264672.8
-407581	-264976.97
-309847	-265293.9
-483692	-265551.1
-531742	-265754.1
-530124	-265843.1
-408754	-265829.03
-313997	-265720.28
-485199	-265514.62
-530882	-265290.6
-530077	-265056.75
-408421	-264874.03
-314806	-264775.44
-484142	-264753.25
-530337	-264850.28
-530166	-265016.66
-408182	-265241.56
-313346	-265484.56
-481643	-265676.44
-529796	-265820.5
-530119	-265857.22
-408976	-265797.44
-312794	-265651.62
-484108	-265417.7
-530747	-265176.16
-530162	-264936.5
-409395	-264758.72
-314537	-264674.62
-483449	-264673.2
-530154	-264795.3
-530156	-264988.7
-409182	-265241.56
-313356	-265515.78
-482439	-265744.75
-529939	-265937.28
-530201	-266037.1
-410225	-266055.75
-312946	-266000.16
-484157	-265860.25
-530598	-265703.2
-530222	-265522.66
-410282	-265362.97
-313681	-265243.44
-484099	-265146.62
-530316	-265116.62
-530194	-265112.97
-410062	-265145.12
-312451	-265202.4
-481782	-265246.5
-529880	-265311.53
-530239	-265359.03
-410644	-265409.12
-308621	-265465.28
-483367	-265501.28
-531558	-265563.62
-530189	-265619.4
-411755	-265686.84
-313908	-265764.84
-484613	-265821.5
-530316	-265896.1
-530206	-265949.16
-411332	-265995.84
-312604	-266033.38
-482761	-266029.22
-530097	-266021.88
-530243	-265973.53
-411713	-265901.44
-313144	-265807.44
-484735	-265667.6
-530530	-265533.8
-530211	-265385.8
-411531	-265259.56
-312173	-265174.4
-482019	-265118.56
-529876	-265146.62
-530212	-265226.2
-411799	-265369.47
-311825	-265561.12
-482391	-265745.34
-529977	-265934.2
-530237	-266063.28
-412314	-266127.1
-312539	-266114.66
-483195	-265998.56
-530241	-265837.38
-530267	-265626.62
-412893	-265419.97
-312082	-265255.16
-481694	-265133.56
-529907	-265114.84
-530321	-265164.62
-412997	-265286.47
-311687	-265453.34
-482352	-265597.75
-529977	-265726.1
-530307	-265773.6
-413284	-265743.5
-311846	-265639.38
-482134	-265451.72
-529922	-265257.78
-530272	-265064.94
-413179	-264932.38
-307552	-264895.3
-482849	-264939.06
-531441	-265106.28
-530306	-265340.0
-414275	-265621.94
-311907	-265908.97
-482582	-266125.47
-530044	-266276.12
-530355	-266302.88
-414088	-266218.28
-311211	-266038.1
-480596	-265762.44
-529618	-265474.78
-530353	-265186.7
-414444	-264956.66
-311705	-264819.25
-483661	-264761.4
-530135	-264828.3
-530312	-264971.0
-414591	-265180.2
-311636	-265424.53
-482412	-265637.4
-529962	-265828.16
-530344	-265938.62
-414959	-265972.34
-311032	-265932.16
-480219	-265800.88
-529587	-265644.38
-530441	-265458.97
-415709	-265295.12
-311492	-265186.12
-484630	-265123.88
-530308	-265166.5
-530306	-265276.7
-415567	-265457.94
-310996	-265686.53
-481666	-265896.7
-529857	-266093.8
-530331	-266208.53
-415908	-266232.94
-310189	-266159.8
-478875	-265964.28
-529404	-265712.34
-530401	-265406.72
-416204	-265109.8
-311479	-264870.44
-484335	-264696.62
-530166	-264658.3
-530375	-264727.06
-415691	-264908.5
-299859	-265178.62
-469859	-265464.22
-531152	-265760.97
-530499	-265994.5
-419215	-266151.84
-311374	-266225.1
-479277	-266189.7
-529531	-266111.62
-530501	-265988.94
-416808	-265874.66
-311665	-265802.7
-484687	-265759.84
-530303	-265794.16
-530517	-265858.12
-417223	-265944.34
-312121	-266026.44
-482491	-266044.34
-529935	-266023.06
-530561	-265922.94
-417620	-265771.72
-311122	-265598.22
-482124	-265404.03
-530079	-265268.66
-530529	-265185.3
-418024	-265186.16
-312563	-265273.66
-485641	-265397.56
-530553	-265574.2
-530512	-265732.7
-419076	-265857.16
-312478	-265929.3
-483734	-265909.16
-530218	-265849.56
-530599	-265738.44
-419361	-265622.12
-311554	-265536.28
-483186	-265471.5
-530173	-265483.2
-530613	-265532.03
-419849	-265614.5
-311424	-265706.94
-485353	-265745.94
-530647	-265754.8
-530646	-265688.06
-420233	-265568.94
-312346	-265424.44
-483924	-265257.0
-530301	-265148.2
-530619	-265095.56
-420529	-265132.78
-304317	-265265.66
-470794	-265439.8
-531232	-265661.66
-530785	-265853.06
-422858	-265987.2
-312165	-266041.0
-485255	-265972.7
-530766	-265843.62
-530791	-265652.84
-420996	-265465.03
-311564	-265335.88
-483666	-265271.94
-530246	-265338.47
-530682	-265495.75
-421257	-265729.47
-311427	-265995.78
-483609	-266204.03
-530346	-266348.0
-530747	-266359.6
-421554	-266247.0
-310976	-266037.47
-485297	-265744.1
-530732	-265476.94
-530797	-265265.1
-422614	-265175.38
-312653	-265239.03
-484863	-265416.4
-530542	-265716.22
-530757	-266042.72
-422229	-266339.53
-311618	-266547.47
-483936	-266587.03
-530329	-266491.3
-530787	-266247.0
-422813	-265921.62
-310828	-265592.1
-484824	-265297.5
-530802	-265144.06
-530842	-265127.4
-423254	-265256.97
-311984	-265495.53
-484896	-265737.75
-530527	-265946.2
-530817	-266007.5
-423297	-265882.22
-311062	-265558.4
-483594	-265027.78
-530280	-264401.97
-530881	-263740.34
-423197	-263164.75
-305348	-262779.84
-481192	-262620.2
-531373	-262764.8
-530935	-263165.2
-424741	-263781.44
-311741	-264536.3
-484324	-265295.25
-530547	-266009.7
-530903	-266567.3
-423559	-266936.88
-311159	-267112.28
-484850	-267077.53
-530565	-266923.8
-530952	-266673.44
-424922	-266400.84
-310998	-266164.03
-483973	-265964.8
-530730	-265870.4
-530995	-265851.0
-424905	-265914.56
-311716	-266054.6
-483836	-266219.44
-530451	-266439.4
-530982	-266662.84
-424436	-266887.62
-310661	-267102.25
-483297	-267251.34
-530287	-267362.66
-531076	-267384.62
-425825	-267323.72
-310564	-267190.72
-483431	-266968.44
-530659	-266737.94
-530978	-266508.9
-426100	-266344.56
-311720	-266294.84
-484126	-266350.5
-530439	-266561.0
-531006	-266864.44
-426157	-267221.66
-311418	-267566.84
-483487	-267785.5
-530374	-267854.88
-530977	-267694.75
-426427	-267311.0
-310379	-266742.78
-483546	-266025.0
-530606	-265303.7
-530965	-264653.8
-425728	-264192.22
-305341	-264002.06
-481362	-264080.22
-531451	-264461.94
-531062	-265053.8
-426827	-265777.22
-310860	-266530.94
-482991	-267171.6
-530237	-267661.1
-530922	-267913.47
-427090	-267934.53
-310672	-267764.2
-482859	-267430.2
-530456	-267061.84
-530982	-266707.22
-426897	-266449.62
-310999	-266341.0
-484562	-266357.1
-530566	-266530.88
-530989	-266786.97
-426500	-267088.62
-309941	-267390.22
-482257	-267610.88
-530272	-267769.16
-531007	-267819.78
-427624	-267784.56
-310075	-267691.66
-481970	-267531.34
-530254	-267380.06
-531107	-267227.53
-428183	-267105.28
-310669	-267032.66
-484521	-266976.6
-530578	-266986.4
-531087	-267023.7
-428494	-267099.28
-310197	-267216.22
-482589	-267328.2
-530480	-267471.2
-531137	-267592.7
-428776	-267686.75
-310312	-267739.44
-480789	-267696.0
-530044	-267591.84
-531147	-267392.28
-428716	-267124.16
-310076	-266822.12
-483744	-266486.47
-530511	-266208.3
-531151	-265993.6
-428054	-265887.9
-303357	-265918.72
-479815	-266043.47
-531415	-266291.44
-531156	-266594.28
-430392	-266917.38
-310427	-267226.66
-480901	-267448.03
-530194	-267607.7
-531216	-267666.8
-429977	-267650.9
-310819	-267593.06
-483697	-267487.0
-530480	-267411.44
-531209	-267353.5
-429791	-267338.8
-309742	-267374.78
-481538	-267411.0
-530202	-267475.72
-531189	-267513.28
-429641	-267520.7
-309061	-267500.1
-480979	-267416.4
-530133	-267330.1
-531247	-267225.66
-430689	-267137.12
-309912	-267092.03
-483056	-267062.94
-530475	-267100.72
-531220	-267163.06
-431008	-267251.1
-310252	-267359.34
-482228	-267435.6
-530457	-267519.4
-531269	-267572.16
-430972	-267611.12
-309154	-267652.1
-480399	-267664.38
-530031	-267700.62
-531270	-267724.3
-431360	-267741.7
-308873	-267750.62
-482688	-267698.5
-530667	-267623.3
-531354	-267482.97
-431609	-267296.22
-310115	-267087.12
-481706	-266841.0
-530345	-266634.66
-531289	-266461.84
-430496	-266360.2
-302911	-266354.66
-478239	-266405.66
-531288	-266550.1
-531402	-266734.38
-432996	-266939.97
-309371	-267150.56
-482617	-267304.03
-530612	-267437.0
-531371	-267511.2
-432345	-267547.7
-309971	-267569.94
-481388	-267554.5
-530324	-267561.97
-531477	-267563.06
-432400	-267569.28
-308396	-267583.6
-478234	-267554.56
-529655	-267520.5
-531332	-267440.16
-432847	-267330.3
-308876	-267214.9
-482674	-267074.88
-530633	-266986.3
-531439	-266937.16
-433437	-266957.78
-310163	-267064.78
-480616	-267209.88
-530059	-267420.03
-531411	-267628.38
-433192	-267813.22
-309075	-267954.8
-479630	-267993.75
-529872	-267973.12
-531396	-267868.9
-433486	-267718.7
-308266	-267567.12
-480555	-267408.7
-530446	-267319.9
-531497	-267280.75
-433599	-267302.47
-309233	-267379.5
-478679	-267442.97
-529574	-267507.84
-531406	-267506.78
-433386	-267432.5
-308137	-267292.0
-479086	-267058.2
-529972	-266810.03
-531566	-266552.9
-433329	-266343.97
-301974	-266235.28
-477614	-266211.34
-531335	-266331.25
-531444	-266549.8
-435704	-266851.3
-309472	-267209.25
-479921	-267539.12
-530062	-267849.4
-531512	-268072.0
-434771	-268200.22
-308105	-268241.84
-478769	-268164.6
-529822	-268037.7
-531545	-267850.2
-435091	-267642.4
-307652	-267452.2
-479839	-267259.75
-530366	-267132.03
-531502	-267044.66
-435164	-267017.56
-308322	-267065.0
-478163	-267145.22
-529779	-267300.62
-531572	-267483.53
-435537	-267688.84
-308207	-267905.38
-479001	-268066.47
-529873	-268196.0
-531586	-268237.62
-436073	-268192.66
-308029	-268075.6
-479366	-267862.7
-530397	-267634.7
-531576	-267397.8
-435822	-267207.6
-308126	-267115.44
-477750	-267105.06
-529680	-267230.62
-531554	-267438.2
-435876	-267701.5
-307680	-267979.6
-477842	-268171.9
-529616	-268275.78
-531656	-268220.97
-436626	-268010.88
-307950	-267679.9
-478537	-267234.16
-530126	-266792.78
-531647	-266396.28
-436116	-266126.5
-302792	-266049.22
-477026	-266142.62
-531202	-266445.8
-531675	-266879.28
-437727	-267385.34
-308161	-267897.44
-477122	-268296.94
-529656	-268571.88
-531658	-268653.1
-437493	-268550.5
-307651	-268306.94
-477821	-267935.5
-530059	-267554.7
-531627	-267199.5
-437602	-266941.03
-307723	-266831.66
-479646	-266842.2
-530233	-267010.88
-531614	-267267.16
-437471	-267575.97
-307540	-267898.03
-477960	-268145.06
-529730	-268332.75
-531651	-268407.9
-438112	-268382.03
-307598	-268283.5
-477344	-268096.66
-529814	-267902.84
-531587	-267698.1
-438282	-267521.25
-308359	-267405.28
-480497	-267318.7
-530336	-267314.7
-531668	-267352.06
-437926	-267431.6
-307150	-267550.6
-477109	-267648.2
-529575	-267753.56
-531725	-267812.0
-439037	-267817.94
-307860	-267773.78
-477844	-267633.16
-530074	-267451.78
-531788	-267210.66
-439127	-266945.38
-307987	-266701.03
-479251	-266469.44
-530231	-266332.3
-531836	-266277.66
-438235	-266327.9
-302133	-266494.56
-475905	-266714.34
-531346	-267008.44
-531872	-267303.34
-439946	-267570.72
-307776	-267793.16
-475949	-267908.2
-529779	-267960.25
-531899	-267924.4
-439831	-267833.6
-308297	-267730.16
-479542	-267600.84
-530344	-267520.6
-531883	-267468.38
-438759	-267458.28
-306939	-267496.78
-477401	-267525.53
-529887	-267576.84
-531864	-267601.1
-439486	-267601.34
-306057	-267593.5
-474569	-267544.22
-529334	-267519.22
-531744	-267499.62
-439770	-267509.94
-307116	-267569.25
-478398	-267630.1
-530050	-267729.94
-531898	-267813.97
-439804	-267872.72
-306583	-267904.03
-475739	-267856.84
-529627	-267784.25
-531799	-267665.38
-440463	-267532.6
-306566	-267426.9
-475192	-267327.34
-529443	-267298.97
-531811	-267310.38
-440710	-267363.72
-307278	-267453.9
-477814	-267512.53
-529911	-267567.2
-531899	-267563.28
-440646	-267505.03
-306422	-267413.1
-474716	-267261.16
-529417	-267125.0
-531777	-266997.53
-440255	-266914.0
-301191	-266906.03
-474074	-266932.78
-531008	-267037.97
-531872	-267168.97
-441621	-267313.5
-307291	-267465.34
-477743	-267563.47
-529784	-267653.25
-531891	-267701.3
-441319	-267728.1
-306282	-267763.44
-475027	-267776.22
-529525	-267825.4
-531811	-267876.25
-441217	-267932.06
-305831	-267994.47
-473382	-268004.94
-528993	-268000.84
-531873	-267944.34
-441487	-267850.3
-306784	-267749.7
-477208	-267622.34
-529744	-267547.2
-531882	-267511.25
-441697	-267540.44
-306010	-267650.9
-477324	-267785.28
-530232	-267969.6
-531923	-268135.8
-442200	-268261.25
-306329	-268335.78
-474729	-268302.47
-529409	-268216.3
-531877	-268062.34
-442356	-267883.72
-305858	-267734.8
-476634	-267606.38
-529906	-267576.72
-531942	-267620.25
-442246	-267738.8
-306782	-267922.16
-475759	-268088.94
-529529	-268248.28
-531997	-268328.2
-442119	-268313.38
-305757	-268211.3
-474287	-267989.2
-529239	-267727.88
-531959	-267433.5
-442565	-267163.7
-295406	-266979.88
-464878	-266869.34
-531330	-266899.9
-531919	-267036.2
-445349	-267268.38
-308596	-267581.88
-475680	-267891.53
-529624	-268207.7
-531974	-268458.72
-443124	-268625.97
-305590	-268708.94
-472492	-268659.7
-528837	-268537.97
-531988	-268328.34
-443271	-268066.97
-305231	-267801.4
-475549	-267517.94
-529807	-267299.3
-531966	-267135.1
-442782	-267052.06
-305764	-267073.75
-473609	-267151.0
-529067	-267320.03
-531918	-267520.7
-442980	-267731.22
-305281	-267932.56
-472449	-268048.4
-528752	-268106.8
-531919	-268063.72
-443921	-267935.25
-305612	-267760.88
-475960	-267530.9
-529846	-267341.38
-532016	-267200.78
-443879	-267152.62
-306359	-267230.34
-473454	-267385.22
-528977	-267641.94
-532031	-267921.53
-443605	-268177.16
-305026	-268369.75
-472188	-268409.28
-528772	-268321.4
-532024	-268075.84
-444166	-267711.8
-305192	-267300.88
-475428	-266866.03
-529936	-266530.53
-532031	-266320.22
-442059	-266282.84
-295253	-266444.8
-464931	-266735.12
-531311	-267154.62
-532026	-267601.84
-445720	-268011.53
-306847	-268337.34
-472877	-268489.8
-528840	-268504.84
-532054	-268360.2
-444167	-268102.47
-304861	-267802.1
-474321	-267471.88
-529854	-267216.88
-532107	-267041.03
-444270	-266971.9
-305916	-267023.53
-473180	-267132.28
-529056	-267320.22
-532125	-267521.7
-444999	-267718.34
-305352	-267909.03
-473371	-268038.88
-529179	-268160.06
-532125	-268242.0
-445402	-268297.06
-305441	-268344.03
-474904	-268331.84
-529950	-268306.72
-532159	-268227.8
-445551	-268103.72
-305553	-267960.94
-472746	-267775.28
-529125	-267629.12
-532149	-267524.38
-445457	-267503.78
-305288	-267605.06
-474634	-267782.16
-529484	-268063.2
-532131	-268365.53
-445894	-268631.78
-305063	-268808.0
-474437	-268784.66
-529890	-268575.34
-532161	-268141.8
-446062	-267528.88
-305580	-266826.5
-473734	-266087.84
-529357	-265472.7
-532117	-265045.22
-445898	-264882.4
-300726	-265029.8
-473331	-265415.66
-531119	-266026.75
-532207	-266729.9
-446919	-267420.66
-305241	-268013.75
-474222	-268385.62
-529815	-268554.66
-532167	-268496.72
-446407	-268270.5
-305329	-267971.28
-475756	-267637.72
-529937	-267398.34
-532182	-267268.47
-446532	-267271.3
-305366	-267403.56
-474106	-267570.34
-529376	-267761.2
-532208	-267882.94
-446622	-267903.56
-305004	-267827.94
-473749	-267628.78
-529626	-267404.72
-532215	-267182.06
-446682	-267029.1
-305308	-267008.06
-475277	-267089.5
-529806	-267312.47
-532211	-267600.97
-446981	-267902.94
-305226	-268173.06
-474073	-268310.88
-529439	-268340.62
-532260	-268230.47
-447177	-268020.25
-305134	-267782.12
-472898	-267530.44
-529386	-267373.1
-532228	-267309.16
-447656	-267350.9
-305473	-267488.22
-476182	-267620.0
-530157	-267733.38
-532260	-267731.88
-447464	-267580.66
-304919	-267285.47
-473731	-266824.16
-529653	-266307.8
-532297	-265784.75
-447499	-265352.25
-300086	-265109.03
-471377	-265058.7
-530958	-265270.62
-532281	-265686.88
-448320	-266253.94
-305508	-266906.0
-476346	-267503.56
-530294	-268016.9
-532364	-268352.88
-448390	-268492.94
-305599	-268464.94
-475214	-268260.56
-529909	-267993.3
-532341	-267697.62
-448797	-267443.4
-305177	-267295.47
-472249	-267229.0
-529493	-267295.16
-532456	-267439.03
-448876	-267632.4
-300875	-267854.7
-474493	-268020.8
-531571	-268158.12
-532472	-268220.9
-448952	-268218.34
-305477	-268181.66
-473742	-268081.88
-529656	-267992.94
-532507	-267898.12
-448921	-267819.44
-304825	-267783.88
-472896	-267745.78
-529761	-267758.0
-532523	-267784.34
-449376	-267829.22
-306443	-267907.3
-477651	-267965.97
-530496	-268053.62
-532576	-268128.25
-449559	-268187.47
-305785	-268239.5
-474496	-268225.7
-530129	-268192.8
-532659	-268104.5
-449439	-267974.3
-304977	-267833.38
-474039	-267652.38
-530052	-267507.03
-532587	-267387.06
-449480	-267318.6
-301086	-267334.28
-474000	-267386.0
-531717	-267522.6
-532611	-267697.12
-450431	-267892.72
-306399	-268106.03
-474969	-268266.7
-530253	-268412.0
-532644	-268498.7
-450533	-268531.75
-305934	-268533.88
-475469	-268464.5
-530383	-268389.03
-532602	-268286.22
-450817	-268174.88
-306434	-268084.2
-477298	-267973.97
-530610	-267907.62
-532517	-267857.3
-450121	-267836.34
-305752	-267867.4
-473888	-267901.62
-530015	-267989.22
-532562	-268087.78
-449778	-268190.88
-304604	-268301.28
-473671	-268353.06
-529927	-268383.97
-532561	-268352.94
-450227	-268266.78
-305312	-268155.12
-477037	-267988.75
-530623	-267850.4
-532580	-267735.84
-450781	-267679.84
-305990	-267720.34
-476300	-267812.84
-530472	-267999.9
-532511	-268222.53
-450762	-268448.75
-305377	-268655.28
-474389	-268750.66
-530066	-268759.0
-532568	-268633.2
-450966	-268387.78
-305438	-268070.16
-476172	-267677.16
-530511	-267320.03
-532596	-267023.62
-450861	-266844.72
-301171	-266836.56
-472687	-266959.66
-531325	-267254.25
-532632	-267651.38
-451542	-268100.12
-305543	-268559.03
-474131	-268918.2
-530052	-269183.25
-532652	-269291.8
-451604	-269244.22
-304909	-269076.5
-475375	-268774.94
-530460	-268443.34
-532608	-268101.47
-451734	-267805.0
-305994	-267611.47
-475097	-267492.88
-530096	-267505.2
-532539	-267600.8
-451757	-267757.78
-305084	-267960.2
-473908	-268122.97
-529911	-268269.97
-532576	-268348.7
-451850	-268359.75
-304543	-268331.94
-475782	-268234.22
-530599	-268149.12
-532542	-268072.78
-452250	-268038.97
-305762	-268086.7
-475863	-268174.3
-530319	-268352.72
-532592	-268572.2
-452036	-268813.62
-305021	-269065.75
-474014	-269246.44
-529823	-269382.2
-532452	-269419.5
-451980	-269356.88
-304175	-269220.16
-475408	-268975.88
-530466	-268707.66
-532455	-268416.06
-452251	-268144.12
-305542	-267944.5
-474817	-267792.2
-530000	-267754.56
-532433	-267799.34
-452134	-267920.28
-300138	-268116.72
-470578	-268309.66
-530842	-268525.75
-532367	-268706.9
-453107	-268843.12
-305146	-268949.94
-476197	-268982.56
-530525	-269011.3
-532346	-269022.1
-452800	-269040.78
-305471	-269102.53
-475030	-269162.22
-530106	-269270.25
-532361	-269376.28
-452767	-269464.1
-304418	-269528.53
-473085	-269497.06
-529714	-269410.4
-532334	-269234.7
-453015	-268990.25
-304412	-268725.38
-474846	-268426.5
-530156	-268189.06
-532346	-268015.97
-453694	-267939.53
-305065	-267991.72
-473986	-268115.03
-529905	-268342.25
-532304	-268604.9
-453361	-268869.9
-304100	-269120.25
-472495	-269276.03
-529509	-269375.3
-532294	-269384.4
-453769	-269322.7
-304201	-269234.7
-473301	-269098.66
-529820	-268995.25
-532297	-268911.44
-453845	-268861.06
-304820	-268863.1
-474461	-268853.62
-529897	-268870.25
-532204	-268860.22
-453768	-268815.4
-304378	-268751.03
-473630	-268619.62
-529716	-268490.16
-532205	-268348.06
-453941	-268221.1
-299577	-268152.0
-470272	-268102.38
-530965	-268133.12
-532276	-268208.1
-454408	-268321.47
-304770	-268479.4
-474286	-268614.28
-529816	-268767.38
-532267	-268893.4
-453777	-268993.16
-303704	-269085.7
-473159	-269120.72
-529588	-269154.56
-532217	-269154.25
-454361	-269125.62
-304669	-269089.84
-474106	-268997.1
-529902	-268906.5
-532226	-268794.66
-454431	-268681.66
-304516	-268606.78
-474425	-268537.4
-529876	-268546.6
-532124	-268609.53
-454131	-268729.53
-304166	-268915.38
-473949	-269091.4
-529727	-269280.8
-532199	-269416.72
-454223	-269477.97
-303846	-269470.06
-472216	-269341.94
-529437	-269166.94
-532154	-268944.75
-454501	-268723.34
-304209	-268567.03
-474667	-268459.03
-529907	-268472.94
-532126	-268572.9
-454910	-268740.4
-304145	-268956.5
-473971	-269119.0
-529757	-269234.2
-532139	-269230.9
-455259	-269098.5
-304101	-268866.72
-471674	-268518.56
-529297	-268162.2
-532076	-267827.28
-454633	-267581.25
-298734	-267494.34
-470082	-267537.72
-530767	-267764.56
-532031	-268110.16
-455344	-268526.22
-304059	-268970.6
-472787	-269327.3
-529473	-269598.53
-532099	-269717.38
-455448	-269683.28
-303984	-269536.25
-471982	-269264.28
-529316	-268973.9
-532074	-268686.28
-455021	-268453.97
-303337	-268332.66
-474317	-268283.62
-529872	-268357.53
-532070	-268498.62
-455002	-268680.66
-302629	-268890.47
-469191	-269043.6
-528466	-269168.66
-532067	-269217.62
-455426	-269193.88
-302884	-269126.56
-468175	-268980.06
-528142	-268828.44
-531936	-268659.44
-455411	-268499.16
-303284	-268387.66
-472881	-268286.53
-529397	-268261.94
-532032	-268284.6
-455546	-268359.47
-303058	-268503.28
-470838	-268651.12
-528991	-268839.44
-531974	-269011.22
-455782	-269147.06
-302915	-269245.9
-469320	-269237.66
-528639	-269168.28
-531966	-269006.8
-455994	-268774.75
-303187	-268521.72
-473014	-268230.94
-529429	-267996.2
-531990	-267817.6
-455679	-267726.2
-298106	-267756.47
-467666	-267850.62
-530174	-268044.06
-531996	-268273.06
-456735	-268505.6
-303211	-268730.72
-469412	-268870.28
-528616	-268964.6
-531969	-268981.16
-456207	-268938.8
-303024	-268883.3
-472950	-268789.38
-529375	-268739.16
-531926	-268717.6
-456579	-268738.56
-303409	-268823.03
-470024	-268906.16
-528531	-269024.9
-531974	-269125.7
-456620	-269195.4
-302713	-269245.4
-469314	-269219.9
-528477	-269177.5
-531939	-269094.06
-456595	-268988.2
-298620	-268896.8
-470572	-268777.72
-530190	-268695.94
-531926	-268623.66
-457036	-268569.56
-303472	-268559.97
-469799	-268546.3
-528509	-268587.66
-531900	-268653.12
-457136	-268749.62
-302662	-268897.16
-469372	-269034.12
-528472	-269199.28
-531896	-269337.06
-457422	-269427.06
-303269	-269468.6
-472884	-269390.72
-529224	-269243.3
-531900	-269000.88
-457287	-268690.28
-303301	-268370.12
-468886	-268031.22
-528062	-267771.34
-531877	-267592.12
-456961	-267521.8
-292010	-267590.56
-458672	-267730.47
-530540	-267965.72
-531879	-268225.84
-458702	-268473.28
-303433	-268698.62
-471439	-268826.78
-528796	-268909.4
-531919	-268922.25
-457929	-268892.28
-303417	-268869.66
-469482	-268825.97
-528074	-268830.75
-531908	-268851.44
-457991	-268880.0
-302866	-268917.03
-469207	-268881.78
-527874	-268806.5
-531789	-268644.97
-458054	-268406.25
-302366	-268135.78
-470301	-267818.12
-528296	-267555.88
-531862	-267360.44
-458450	-267272.38
-303731	-267333.16
-469757	-267484.78
-527789	-267756.03
-531831	-268068.56
-458634	-268373.8
-303126	-268644.6
-469506	-268788.72
-527734	-268843.03
-531858	-268777.84
-458863	-268623.25
-302868	-268444.28
-469602	-268235.34
-527941	-268095.6
-531860	-268021.4
-458968	-268028.38
-303566	-268129.88
-469432	-268245.97
-527492	-268394.3
-531863	-268501.06
-458833	-268538.56
-303005	-268512.9
-468912	-268371.62
-527347	-268189.53
-531819	-267965.03
-458256	-267741.97
-294157	-267584.97
-460462	-267469.5
-529855	-267466.7
-531769	-267546.03
-459856	-267698.72
-303769	-267926.9
-469279	-268150.47
-527521	-268399.6
-531837	-268618.2
-459345	-268794.84
-303220	-268944.2
-468929	-269008.62
-527108	-269042.16
-531787	-269010.9
-459736	-268920.06
-302757	-268797.06
-468797	-268595.53
-527515	-268383.66
-531789	-268147.94
-459772	-267918.38
-303136	-267749.3
-469003	-267615.7
-527327	-267594.66
-531817	-267660.25
-459575	-267808.9
-302941	-268039.1
-467102	-268259.25
-526401	-268479.16
-531792	-268621.84
-460002	-268663.16
-302964	-268618.9
-468449	-268453.56
-527310	-268264.6
-531799	-268075.34
-460445	-267951.3
-303514	-267968.22
-470631	-268100.12
-527705	-268397.84
-531814	-268785.62
-460401	-269194.9
-303524	-269559.66
-467566	-269734.38
-526542	-269701.0
-531785	-269387.8
-460510	-268807.84
-302905	-268043.4
-467074	-267141.97
-526798	-266284.56
-531776	-265567.38
-460112	-265105.5
-297522	-264995.66
-465026	-265201.62
-528564	-265742.66
-531822	-266500.1
-460416	-267358.72
-302784	-268215.1
-467027	-268899.22
-526251	-269383.9
-531844	-269595.8
-462662	-269548.1
-307600	-269316.7
-469444	-268929.56
-527301	-268534.7
-531766	-268182.53
-461425	-267937.97
-303969	-267856.4
-468964	-267880.6
-526907	-268037.38
-531854	-268244.9
-461200	-268456.34
-303156	-268654.1
-467182	-268758.12
-526485	-268816.3
-531788	-268806.5
-461478	-268753.38
-303311	-268706.56
-466943	-268633.38
-526626	-268601.0
-531784	-268577.44
-461833	-268557.94
-303717	-268556.06
-469049	-268509.12
-526942	-268473.53
-531766	-268424.0
-461811	-268382.22
-303786	-268393.84
-468709	-268422.84
-526921	-268532.16
-531800	-268677.44
-462117	-268834.72
-303723	-268986.53
-466934	-269030.12
-526461	-268976.2
-531739	-268763.47
-461874	-268390.8
-303208	-267909.53
-468507	-267320.66
-526749	-266757.56
-531807	-266270.47
-461931	-265940.44
-297997	-265849.6
-463864	-265964.4
-527917	-266324.9
-531818	-266845.56
-462091	-267449.5
-303219	-268071.28
-466851	-268571.03
-526391	-268940.22
-531767	-269113.03
-462689	-269095.62
-303831	-268950.25
-468682	-268683.34
-526699	-268423.2
-531717	-268200.94
-462591	-268068.12
-303369	-268070.34
-467284	-268144.7
-526418	-268313.72
-531717	-268494.3
-462603	-268638.22
-303230	-268727.72
-467241	-268685.34
-526258	-268569.0
-531794	-268370.22
-463072	-268134.72
-303987	-267937.66
-469541	-267771.84
-526993	-267728.7
-531709	-267787.88
-462843	-267943.4
-303747	-268193.16
-468374	-268442.66
-526751	-268704.62
-531785	-268907.78
-463472	-269030.12
-303942	-269087.9
-466261	-269034.75
-525988	-268946.62
-531707	-268815.75
-463170	-268668.97
-303738	-268549.22
-468960	-268408.03
-526731	-268298.4
-531781	-268174.72
-463047	-268026.5
-303377	-267869.53
-468084	-267648.75
-526496	-267432.22
-531713	-267211.03
-463567	-267020.44
-298326	-266923.53
-461513	-266895.53
-526970	-267013.4
-531809	-267250.06
-463152	-267590.1
-303319	-268029.0
-469612	-268468.22
-526839	-268917.1
-531785	-269296.12
-463829	-269573.53
-304470	-269752.25
-467417	-269773.78
-526028	-269705.56
-531727	-269537.47
-463796	-269304.0
-303386	-269063.5
-464916	-268792.1
-525524	-268569.28
-531734	-268377.9
-464146	-268229.12
-304141	-268150.6
-469126	-268085.03
-526578	-268085.78
-531729	-268114.62
-463975	-268169.62
-304162	-268271.22
-466690	-268358.84
-525671	-268481.1
-531709	-268594.78
-464200	-268693.0
-303513	-268791.16
-465526	-268827.72
-525500	-268856.0
-531688	-268845.03
-464422	-268805.1
-303740	-268773.8
-467955	-268708.47
-526048	-268678.2
-531791	-268655.38
-464437	-268643.16
-304404	-268659.6
-466072	-268636.62
-525207	-268614.38
-531691	-268544.12
-464296	-268418.97
-303274	-268263.47
-465704	-268033.78
-525381	-267806.22
-531762	-267576.56
-464975	-267379.75
-298316	-267272.6
-462702	-267221.3
-527078	-267292.62
-531733	-267452.03
-464251	-267681.3
-303492	-267979.16
-465293	-268256.56
-525101	-268535.97
-531762	-268755.2
-464720	-268897.8
-303242	-268981.94
-465183	-268956.38
-524903	-268891.5
-531661	-268773.94
-464510	-268630.2
-303414	-268508.97
-466984	-268374.25
-525609	-268298.25
-531727	-268257.75
-464860	-268260.12
-304114	-268331.72
-465396	-268414.78
-524868	-268558.94
-531728	-268720.34
-464893	-268886.97
-303931	-269067.72
-465976	-269187.22
-525026	-269283.53
-531776	-269307.84
-465507	-269254.34
-303607	-269150.9
-466039	-268957.03
-525199	-268754.72
-531646	-268546.3
-465566	-268371.78
-303412	-268292.28
-464202	-268276.16
-524491	-268385.88
-531751	-268573.97
-465320	-268808.5
-303192	-269067.62
-464062	-269240.22
-524201	-269330.9
-531653	-269270.4
-465672	-269048.34
-303301	-268706.94
-464940	-268235.16
-524994	-267755.22
-531718	-267311.4
-465667	-266980.25
-298264	-266847.6
-460324	-266887.0
-525824	-267151.88
-531728	-267571.9
-464851	-268083.25
-302266	-268631.7
-464028	-269079.75
-524062	-269415.97
-531603	-269564.56
-465906	-269519.12
-302988	-269330.72
-464191	-268996.94
-524641	-268643.44
-531634	-268311.88
-465946	-268068.1
-303495	-267981.28
-465476	-268009.47
-524836	-268194.12
-531686	-268462.62
-465829	-268762.38
-302511	-269061.8
-461707	-269255.16
-523377	-269364.03
-531718	-269344.38
-466502	-269208.66
-302898	-269013.78
-462742	-268747.0
-524195	-268509.72
-531666	-268310.5
-466194	-268180.9
-302966	-268161.6
-464836	-268195.25
-524599	-268323.6
-531725	-268489.12
-466681	-268665.62
-303178	-268852.62
-463532	-268971.88
-523976	-269063.12
-531668	-269085.44
-467199	-269039.94
-303631	-268958.16
-462278	-268794.16
-523974	-268616.1
-531743	-268405.75
-466917	-268181.3
-303291	-267985.56
-463945	-267779.5
-524232	-267634.6
-531706	-267529.47
-466999	-267473.97
-298239	-267498.62
-457802	-267541.7
-524391	-267649.66
-531757	-267775.5
-466633	-267903.53
-302277	-268045.44
-461965	-268134.34
-524054	-268221.25
-531845	-268274.12
-467275	-268302.47
-303472	-268343.7
-465004	-268352.72
-524607	-268395.72
-531728	-268443.53
-467145	-268497.25
-301592	-268577.4
-462531	-268617.66
-524328	-268664.2
-531750	-268677.25
-467661	-268657.6
-303512	-268637.06
-463561	-268571.53
-524450	-268533.25
-531719	-268504.84
-467545	-268500.72
-303676	-268551.88
-465648	-268598.28
-524904	-268684.28
-531830	-268758.38
-467696	-268801.78
-303314	-268824.9
-463787	-268761.88
-524379	-268670.28
-531822	-268529.9
-468308	-268364.34
-304107	-268227.56
-463959	-268090.62
-524502	-268030.2
-531795	-268022.94
-467629	-268066.06
-303412	-268169.84
-466347	-268249.6
-525118	-268332.62
-531739	-268356.4
-467828	-268303.78
-303117	-268195.56
-463557	-267984.56
-524267	-267750.53
-531707	-267493.03
-467805	-267251.2
-298312	-267087.16
-457777	-266969.72
-524606	-266968.12
-531758	-267049.97
-466735	-267202.0
-303471	-267428.56
-466914	-267647.0
-525099	-267889.47
-531717	-268101.72
-467351	-268272.72
-304392	-268423.9
-465071	-268498.75
-524609	-268556.84
-531715	-268570.44
-466854	-268544.2
-304168	-268506.03
-464391	-268400.62
-524156	-268286.22
-531820	-268136.1
-468096	-267962.28
-303237	-267808.9
-463752	-267641.12
-524559	-267539.03
-531734	-267490.16
-468056	-267510.1
-303311	-267628.4
-465388	-267777.84
-524809	-267992.53
-531822	-268209.06
-468156	-268394.56
-303427	-268546.8
-464597	-268588.78
-524559	-268573.7
-531817	-268481.44
-469109	-268338.97
-304127	-268209.75
-463466	-268074.72
-524718	-268019.94
-532221	-268029.1
-469506	-268101.2
-304272	-268242.94
-466111	-268361.38
-525506	-268470.5
-532393	-268495.9
-469412	-268410.1
-303993	-268228.53
-465008	-267906.97
-525116	-267536.47
-532373	-267136.44
-469659	-266767.8
-298316	-266517.12
-457333	-266371.1
-524732	-266409.62
-532280	-266599.22
-468972	-266913.4
-303134	-267333.4
-465484	-267745.0
-525167	-268147.53
-531988	-268459.66
-469619	-268650.72
-304045	-268737.0
-464314	-268672.53
-524562	-268542.53
-531997	-268355.03
-469967	-268154.1
-303969	-268007.5
-463764	-267888.38
-524777	-267870.44
-531952	-267923.12
-469284	-268039.25
-304030	-268226.75
-465765	-268405.84
-525017	-268609.06
-531877	-268783.4
-469011	-268913.5
-303814	-269015.97
-464886	-269028.88
-524803	-269010.6
-531831	-268936.1
-468776	-268819.25
-303894	-268704.38
-464014	-268555.53
-524511	-268452.5
-531846	-268384.94
-469090	-268372.5
-304265	-268452.78
-466004	-268567.03
-525189	-268758.9
-531820	-268969.8
-470047	-269162.8
-304176	-269323.9
-463916	-269355.6
-524434	-269285.0
-531844	-269067.47
-470009	-268712.84
-303779	-268280.7
-464000	-267764.47
-524464	-267285.8
-531808	-266878.56
-469502	-266602.94
-292789	-266528.97
-447468	-266613.62
-525267	-266897.03
-531816	-267309.75
-470374	-267792.4
-303574	-268306.0
-464645	-268729.34
-524873	-269068.97
-531877	-269263.94
-470605	-269310.16
-303361	-269253.25
-464842	-269070.9
-524952	-268865.03
-531764	-268648.2
-470744	-268457.56
-303584	-268344.84
-462909	-268261.28
-524352	-268259.22
-531825	-268292.03
-470880	-268344.7
-303919	-268429.2
-465334	-268477.78
-525066	-268544.22
-531812	-268598.78
-470771	-268646.3
-303874	-268717.03
-464341	-268752.9
-524696	-268805.47
-531779	-268834.3
-471116	-268830.97
-303806	-268818.28
-462647	-268742.0
-524251	-268672.53
-531792	-268600.56
-471094	-268555.78
-303936	-268594.94
-465026	-268680.8
-524792	-268876.16
-531748	-269135.5
-470958	-269425.66
-303634	-269725.25
-463740	-269918.62
-524460	-270009.6
-531734	-269929.22
-471308	-269665.3
-303775	-269263.72
-462432	-268715.0
-524183	-268147.5
-531751	-267611.6
-470627	-267188.0
-295356	-266968.47
-452656	-266926.84
-524324	-267116.78
-531807	-267471.62
-471127	-267927.66
-303492	-268436.72
-463712	-268865.62
-524514	-269211.56
-531796	-269408.8
-471676	-269453.5
-298041	-269398.6
-457508	-269230.53
-525149	-269058.56
-531674	-268901.78
-471784	-268798.12
-303991	-268793.3
-465198	-268824.28
-525052	-268927.7
-531747	-269040.97
-471510	-269132.5
-303624	-269207.25
-463647	-269197.56
-524458	-269165.16
-531689	-269095.34
-471587	-269010.62
-303716	-268961.28
-463350	-268903.28
-524441	-268896.7
-531724	-268901.25
-471764	-268903.3
-304066	-268916.06
-465590	-268873.47
-525047	-268835.78
-531644	-268788.16
-471800	-268757.66
-304138	-268801.97
-464169	-268886.28
-524731	-269074.72
-531654	-269319.4
-472126	-269578.8
-303664	-269819.5
-462931	-269911.22
-524256	-269843.8
-531631	-269538.16
-472249	-268983.47
-303702	-268239.97
-464981	-267322.6
-525030	-266397.12
-531686	-265556.97
-471565	-264923.5
-297724	-264622.5
-454699	-264647.72
-522164	-265054.6
-531636	-265756.62
-471923	-266652.9
-302971	-267645.6
-462750	-268546.3
-524319	-269299.7
-531656	-269796.88
-471889	-270011.3
-303387	-269990.84
-465301	-269738.56
-525151	-269398.1
-531601	-269031.06
-472299	-268720.97
-303915	-268554.0
-463057	-268497.38
-524384	-268600.2
-531675	-268796.06
-472487	-269035.44
-303516	-269294.44
-460047	-269471.38
-520789	-269594.75
-531675	-269623.22
-472627	-269565.44
-303959	-269471.78
-465477	-269309.94
-525127	-269163.47
-531675	-269021.12
-472699	-268897.25
-303865	-268828.62
-463686	-268761.12
-524667	-268755.38
-531641	-268783.3
-472860	-268849.1
-303619	-268982.75
-462946	-269121.9
-524466	-269310.22
-531649	-269490.8
-472850	-269629.62
-303612	-269715.3
-465185	-269651.38
-525162	-269469.0
-531609	-269128.22
-472692	-268646.78
-303815	-268095.6
-463504	-267479.25
-524311	-266928.53
-531542	-266483.16
-472114	-266199.53
-296706	-266137.75
-453594	-266236.44
-521794	-266516.88
-531597	-266889.22
-472798	-267279.94
-302911	-267649.72
-463921	-267888.2
-524859	-268029.7
-531544	-268050.03
-473038	-267985.88
-303741	-267921.62
-464022	-267858.28
-524680	-267903.47
-531616	-268052.38
-473188	-268303.88
-303549	-268656.16
-462916	-268998.88
-524348	-269327.56
-531590	-269555.75
-473175	-269646.7
-303026	-269622.47
-464114	-269445.94
-525145	-269222.94
-531631	-268984.5
-473174	-268793.6
-303521	-268728.84
-463321	-268754.56
-524453	-268921.66
-531544	-269163.22
-473278	-269424.75
-303444	-269675.97
-463569	-269806.25
-524644	-269842.94
-531622	-269752.56
-473463	-269562.38
-303037	-269351.03
-464181	-269118.6
-525129	-268977.5
-531630	-268931.56
-473443	-268989.8
-303633	-269158.8
-463590	-269329.84
-524642	-269494.8
-531638	-269555.6
-473456	-269459.53
-303274	-269210.75
-463016	-268759.9
-524498	-268209.03
-531576	-267598.12
-472794	-267015.6
-296226	-266578.88
-454251	-266298.0
-522231	-266273.06
-531621	-266481.56
-473629	-266890.72
-303502	-267472.7
-464692	-268092.78
-525216	-268729.0
-531649	-269278.06
-473661	-269685.62
-303256	-269950.62
-463087	-270007.9
-524629	-269930.97
-531618	-269720.16
-473757	-269415.94
-303463	-269092.53
-463914	-268731.8
-525031	-268428.72
-531650	-268182.0
-473852	-268014.66
-303157	-267971.06
-463993	-267999.16
-525051	-268155.34
-531640	-268394.4
-473804	-268692.56
-303008	-269045.44
-463239	-269351.5
-524632	-269625.34
-531595	-269796.28
-474071	-269839.12
-303351	-269777.84
-463272	-269569.8
-524777	-269312.97
-531645	-269032.47
-474153	-268791.44
-303627	-268677.7
-464578	-268671.47
-525087	-268842.7
-531656	-269136.22
-474296	-269498.12
-303336	-269878.9
-463630	-270131.56
-524897	-270233.0
-531664	-270095.62
-474103	-269700.72
-303037	-269104.6
-463674	-268316.0
-525016	-267494.47
-531667	-266725.62
-472966	-266121.03
-296924	-265799.84
-454401	-265749.72
-521681	-266027.72
-531661	-266557.03
-473787	-267249.9
-302772	-268030.44
-463297	-268731.8
-524601	-269321.66
-531694	-269710.94
-474293	-269879.62
-303650	-269876.75
-463782	-269692.2
-524952	-269453.16
-531720	-269198.16
-474351	-268984.25
-303821	-268878.28
-464908	-268831.62
-525321	-268891.5
-531694	-268997.94
-474514	-269115.5
-303425	-269242.25
-463226	-269297.53
-524789	-269331.56
-531689	-269319.7
-474695	-269277.25
-303193	-269253.53
-461916	-269204.78
-524337	-269196.72
-531617	-269196.62
-474531	-269195.4
-302902	-269212.12
-464603	-269178.47
-525410	-269152.16
-531671	-269111.4
-474678	-269074.62
-303530	-269094.44
-463771	-269130.94
-524999	-269250.25
-531702	-269412.8
-474696	-269590.5
-302932	-269769.94
-462228	-269838.2
-524471	-269803.1
-531678	-269597.25
-474753	-269210.38
-302727	-268693.84
-464129	-268041.38
-525343	-267390.6
-531662	-266801.34
-474187	-266362.28
-296276	-266172.88
-452975	-266208.6
-521397	-266521.34
-531693	-267035.5
-474730	-267672.5
-302825	-268368.47
-462977	-268969.75
-524838	-269459.22
-531688	-269759.9
-475076	-269862.16
-302890	-269822.8
-464711	-269633.72
-525623	-269420.94
-531681	-269217.12
-474917	-269072.06
-303302	-269042.4
-462989	-269067.34
-524771	-269182.06
-531756	-269316.9
-474979	-269430.22
-302696	-269519.97
-461931	-269508.78
-524464	-269457.0
-531736	-269353.47
-475191	-269229.25
-302784	-269146.7
-464494	-269071.03
-525609	-269074.3
-531814	-269121.5
-475606	-269195.5
-303805	-269302.53
-463264	-269358.22
-524832	-269405.56
-531697	-269410.56
-475430	-269384.6
-303247	-269381.4
-462339	-269367.66
-524712	-269422.7
-531760	-269522.28
-475384	-269653.47
-302644	-269814.16
-463456	-269896.66
-525228	-269907.28
-531802	-269769.6
-475513	-269458.53
-303108	-269009.56
-462666	-268399.1
-524783	-267751.1
-531774	-267119.38
-474831	-266592.1
-296031	-266278.3
-451474	-266168.34
-520689	-266333.47
-531749	-266718.8
-475505	-267264.4
-302934	-267920.25
-463840	-268539.47
-525436	-269104.22
-531782	-269529.03
-475652	-269789.66
-303123	-269924.5
-463505	-269906.22
-525185	-269840.38
-531730	-269744.47
-475665	-269657.6
-297997	-269632.8
-457483	-269610.9
-525556	-269632.12
-531780	-269640.28
-475757	-269609.53
-302952	-269554.56
-463348	-269414.75
-525326	-269265.88
-531752	-269106.6
-475553	-268972.66
-302641	-268927.38
-463177	-268929.34
-525246	-269037.75
-531807	-269201.6
-475964	-269385.5
-302926	-269577.94
-462862	-269680.28
-524966	-269726.06
-531740	-269679.53
-476202	-269558.7
-303299	-269430.6
-463336	-269279.3
-525339	-269205.38
-531712	-269204.34
-475878	-269277.84
-302719	-269432.12
-463487	-269559.03
-525410	-269655.38
-531724	-269628.94
-475789	-269434.2
-302786	-269085.22
-462625	-268540.97
-524901	-267915.06
-531755	-267259.66
-475673	-266670.53
-296672	-266272.25
-452236	-266075.34
-521266	-266172.8
-531791	-266527.75
-476028	-267091.22
-302802	-267814.22
-463679	-268540.38
-525408	-269234.0
-531735	-269784.66
-476009	-270142.66
-303004	-270323.44
-463069	-270283.66
-524984	-270124.47
-531769	-269871.22
-475900	-269582.12
-303130	-269336.94
-462056	-269109.88
-524793	-268976.38
-531807	-268906.38
-475855	-268891.72
-302952	-268950.97
-463925	-269013.25
-525472	-269130.78
-531821	-269268.28
-476183	-269422.0
-303716	-269616.03
-462122	-269775.8
-523467	-269938.8
-531705	-270046.8
-476318	-270072.97
-303714	-270030.4
-462417	-269856.75
-524881	-269628.84
-531759	-269353.5
-476363	-269084.3
-303216	-268911.47
-463798	-268825.06
-525486	-268913.1
-531791	-269141.06
-476361	-269469.25
-303264	-269857.16
-462853	-270151.5
-525028	-270316.12
-531781	-270242.0
-476675	-269887.7
-303414	-269292.78
-461909	-268458.53
-524779	-267551.34
-531666	-266675.34
-476470	-265969.8
-297171	-265585.5
-452667	-265533.9
-521112	-265886.2
-531740	-266559.7
-476281	-267445.5
-302640	-268431.03
-462340	-269303.75
-524894	-269988.06
-531781	-270361.7
-476671	-270391.1
-303077	-270134.97
-461989	-269614.62
-524936	-269004.4
-531789	-268400.25
-476686	-267915.38
-303192	-267660.4
-463667	-267608.5
-525544	-267805.2
-531793	-268165.38
-476716	-268610.44
-303112	-269086.78
-462449	-269461.28
-525024	-269744.34
-531772	-269887.44
-477107	-269901.06
-303384	-269850.1
-462669	-269716.6
-525192	-269601.16
-531741	-269502.78
-476912	-269435.4
-303157	-269429.2
-463086	-269413.28
-525344	-269432.6
-531785	-269446.88
-476980	-269454.4
-303128	-269495.97
-462045	-269524.62
-524886	-269611.9
-531803	-269729.4
-477173	-269864.62
-303492	-270018.75
-462629	-270088.25
-525116	-270081.7
-531756	-269924.6
-477061	-269590.44
-303335	-269113.94
-463356	-268471.0
-525400	-267788.8
-531791	-267126.4
-476617	-266579.4
-294269	-266267.06
-443649	-266186.94
-520973	-266411.62
-531753	-266883.44
-477108	-267532.06
-302969	-268291.06
-461589	-268993.38
-524711	-269600.47
-531754	-270011.8
-477171	-270193.97
-302971	-270190.44
-462444	-269986.72
-525109	-269713.88
-531734	-269420.3
-477267	-269175.22
-303479	-269059.38
-462302	-269029.53
-524963	-269132.75
-531679	-269302.22
-477393	-269487.28
-303466	-269671.75
-462104	-269758.3
-524902	-269788.38
-531740	-269736.03
-477543	-269622.38
-303476	-269511.8
-462790	-269377.16
-525226	-269303.5
-531737	-269272.72
-477229	-269281.7
-303200	-269349.0
-462440	-269395.5
-525027	-269462.72
-531717	-269511.12
-477366	-269541.5
-303086	-269596.78
-461480	-269631.97
-524597	-269719.12
-531747	-269830.7
-477403	-269953.28
-303157	-270090.16
-462905	-270139.28
-525284	-270114.9
-531667	-269947.88
-477491	-269616.8
-303740	-269160.1
-462190	-268553.06
-524844	-267917.28
-531676	-267302.03
-477579	-266789.97
-297261	-266486.7
-449853	-266377.94
-519538	-266533.75
-531650	-266899.5
-477319	-267416.44
-303160	-268038.2
-462859	-268621.62
-525236	-269153.2
-531696	-269551.22
-477288	-269793.25
-303339	-269918.78
-462047	-269898.44
-524739	-269836.0
-531671	-269746.12
-477300	-269663.94
-303242	-269641.7
-461335	-269620.6
-524652	-269648.1
-531722	-269674.78
-477123	-269679.44
-303247	-269684.1
-463062	-269630.62
-525283	-269593.16
-531707	-269562.25
-477188	-269558.22
-303459	-269625.62
-461708	-269701.47
-524648	-269826.84
-531771	-269938.62
-477201	-269999.34
-302797	-270010.06
-460575	-269894.8
-524269	-269721.22
-531656	-269492.06
-477294	-269260.12
-302750	-269119.66
-462953	-269065.22
-525507	-269189.4
-531768	-269459.72
-477482	-269833.28
-303591	-270263.34
-461501	-270586.56
-524563	-270755.2
-531724	-270650.75
-477766	-270222.8
-303254	-269509.03
-460552	-268512.78
-524322	-267407.6
-531730	-266310.38
-478484	-265375.94
-297712	-264773.97
-450623	-264534.34
-520142	-264745.44
-531686	-265341.44
-477869	-266225.16
-303443	-267292.28
-461137	-268333.06
-524561	-269268.0
-531769	-269963.7
-477794	-270366.38
-303235	-270510.1
-460376	-270383.84
-524339	-270128.28
-531739	-269807.38
-477921	-269506.66
-303021	-269320.56
-462114	-269218.7
-525243	-269256.4
-531725	-269374.38
-477989	-269526.5
-303397	-269701.12
-454884	-269805.4
-515334	-269882.5
-531485	-269901.0
-481875	-269875.9
-309006	-269861.1
-461663	-269816.66
-524805	-269809.44
-531789	-269805.4
-478238	-269789.25
-303402	-269773.72
-461598	-269682.94
-525050	-269572.8
-531730	-269426.62
-477932	-269272.9
-303044	-269184.38
-461738	-269140.72
-524986	-269230.12
-531812	-269427.2
-478074	-269706.47
-303287	-270047.06
-461283	-270312.72
-524742	-270479.44
-531767	-270444.22
-478235	-270159.38
-303512	-269654.1
-461656	-268909.4
-524890	-268069.72
-531793	-267220.44
-478691	-266485.56
-298021	-266011.84
-450291	-265817.1
-519430	-265989.56
-531713	-266473.25
-478102	-267189.84
-303197	-268058.47
-461292	-268890.88
-524767	-269626.4
-531797	-270145.78
-478041	-270399.97
-303051	-270424.94
-461612	-270206.25
-525031	-269882.34
-531755	-269516.22
-477959	-269193.25
-303046	-269011.56
-461909	-268942.03
-525021	-269041.66
-531714	-269244.84
-478009	-269496.16
-303086	-269766.66
-461943	-269940.75
-525069	-270042.06
-531721	-270026.6
-478213	-269903.9
-303377	-269735.1
-461207	-269499.03
-524847	-269295.1
-531757	-269125.78
-478024	-269010.97
-303030	-268989.88
-461747	-268997.0
-525018	-269078.9
-531769	-269189.47
-478224	-269313.78
-303213	-269473.3
-461712	-269599.6
-524982	-269745.84
-531731	-269873.75
-478337	-269969.7
-303321	-270047.3
-460644	-270023.78
-524637	-269934.56
-531749	-269731.16
-478318	-269404.28
-303672	-268994.66
-462570	-268467.0
-525633	-267924.44
-531839	-267392.12
-478832	-266929.56
-297527	-266628.12
-448999	-266470.56
-518965	-266536.6
-531685	-266796.34
-478892	-267218.9
-303886	-267786.38
-460302	-268376.5
-524582	-268981.84
-531744	-269509.44
-478421	-269907.12
-303371	-270174.22
-462209	-270235.56
-525311	-270157.06
-531769	-269930.66
-478372	-269590.84
-303482	-269214.62
-461197	-268789.56
-524748	-268422.78
-531780	-268127.44
-478567	-267938.88
-303494	-267914.34
-460255	-268004.56
-524488	-268262.62
-531764	-268636.56
-478412	-269085.7
-303116	-269589.9
-462307	-270028.28
-525390	-270401.44
-531729	-270629.84
-478337	-270682.1
-303285	-270585.75
-460945	-270303.66
-524562	-269945.03
-531699	-269548.75
-478633	-269189.47
-303810	-268969.84
-460316	-268878.3
-524400	-268991.6
-531757	-269260.25
-477646	-269627.94
-303262	-270044.7
-462748	-270354.84
-525254	-270529.3
-531725	-270471.7
-477712	-270152.62
-303241	-269621.06
-461040	-268877.0
-524547	-268074.72
-531751	-267297.56
-478106	-266656.8
-297662	-266277.3
-449505	-266152.1
-519099	-266346.8
-531722	-266793.78
-478481	-267414.94
-300867	-268142.8
-460318	-268813.3
-525850	-269397.88
-531808	-269807.44
-478383	-270018.66
-303902	-270078.4
-461302	-269969.28
-524702	-269810.7
-531877	-269634.56
-478456	-269490.0
-303456	-269439.34
-460872	-269427.12
-524722	-269496.44
-531880	-269587.47
-478846	-269665.06
-303466	-269734.47
-462097	-269720.94
-525449	-269687.2
-531938	-269620.03
-478936	-269544.22
-303701	-269518.16
-461146	-269497.78
-524933	-269545.22
-531964	-269618.1
-479089	-269690.4
-303586	-269765.44
-461116	-269757.28
-525016	-269712.7
-531921	-269607.38
-479032	-269464.66
-303589	-269355.6
-461977	-269261.88
-525428	-269278.28
-531928	-269390.62
-478962	-269588.16
-303548	-269865.22
-460409	-270099.25
-524566	-270275.7
-531882	-270293.84
-478864	-270101.38
-303258	-269713.56
-460485	-269092.25
-524682	-268359.78
-531860	-267581.1
-479763	-266864.62
-298080	-266350.84
-448995	-266060.97
-519236	-266097.84
-531819	-266428.34
-479546	-267001.25
-304280	-267761.44
-461858	-268541.72
-525310	-269293.97
-531907	-269898.34
-479240	-270294.53
-303767	-270495.5
-460821	-270458.28
-524674	-270290.03
-531846	-270026.4
-479146	-269733.38
-303642	-269501.4
-459946	-269306.9
-524474	-269224.16
-531842	-269217.5
-478901	-269264.88
-303282	-269372.25
-461557	-269453.8
-525162	-269551.0
-531875	-269627.2
-479026	-269682.44
-303460	-269751.6
-461578	-269775.16
-525104	-269810.34
-531815	-269821.1
-479101	-269794.22
-303560	-269752.03
-460112	-269628.78
-524526	-269490.25
-531722	-269327.25
-479191	-269170.03
-303625	-269090.06
-461679	-269061.0
-525179	-269164.38
-531699	-269368.53
-478956	-269643.7
-303370	-269968.25
-460346	-270207.94
-524404	-270343.72
-531744	-270278.1
-479345	-269969.25
-303921	-269448.4
-459609	-268696.94
-524381	-267856.47
-531811	-267007.38
-479551	-266267.78
-297706	-265780.62
-449154	-265561.12
-519264	-265697.8
-531656	-266140.47
-479355	-266817.97
-303951	-267658.0
-460806	-268481.34
-524635	-269235.12
-531712	-269802.84
-479117	-270137.22
-303438	-270267.94
-460074	-270172.44
-524563	-269976.1
-531697	-269727.4
-479138	-269498.28
-303462	-269375.7
-461879	-269324.06
-525299	-269399.34
-531778	-269543.34
-479177	-269712.22
-303524	-269894.9
-460476	-269996.3
-524622	-270057.28
-531766	-270048.97
-479439	-269987.25
-303686	-269930.97
-460565	-269845.44
-524877	-269808.94
-531742	-269797.84
-479369	-269804.3
-303788	-269845.28
-461749	-269841.47
-525249	-269838.6
-531775	-269803.56
-479342	-269744.1
-303666	-269713.78
-460171	-269675.38
-524570	-269709.0
-531807	-269791.06
-479469	-269908.78
-303797	-270061.9
-461055	-270140.75
-524991	-270149.25
-531799	-270007.9
-479425	-269685.94
-303815	-269216.94
-461675	-268575.78
-525176	-267891.22
-531753	-267224.6
-479776	-266674.22
-298000	-266362.5
-448476	-266287.97
-518627	-266527.2
-531706	-267022.53
-480117	-267703.03
-304509	-268499.97
-460750	-269241.66
-524954	-269885.72
-531917	-270327.25
-479493	-270527.28
-303817	-270525.6
-461832	-270303.97
-525318	-269994.25
-531907	-269647.66
-479062	-269338.94
-303446	-269156.3
-461131	-269065.62
-524973	-269123.22
-531849	-269270.97
-479722	-269462.3
-304122	-269683.56
-461161	-269833.06
-525016	-269945.56
-531881	-269984.9
-479829	-269958.47
-304204	-269919.12
-461473	-269827.72
-525106	-269763.12
-531843	-269704.7
-479776	-269651.0
-304097	-269629.72
-461630	-269571.0
-525297	-269529.97
-531878	-269480.53
-480052	-269432.9
-304634	-269437.84
-461082	-269452.66
-524942	-269546.62
-531836	-269687.22
-479434	-269851.12
-303582	-270031.3
-461699	-270115.6
-525296	-270110.4
-531899	-269942.44
-479588	-269589.5
-303999	-269094.4
-461558	-268438.22
-525267	-267752.44
-531897	-267096.03
-480374	-266559.28
-295587	-266254.3
-443976	-266170.0
-519813	-266371.75
-531789	-266801.0
-479912	-267390.0
-304220	-268082.78
-462152	-268725.2
-525516	-269296.75
-531874	-269711.72
-479863	-269945.28
-304423	-270041.47
-461444	-269977.2
-525101	-269864.56
-531807	-269728.28
-479742	-269611.25
-303922	-269570.5
-460878	-269548.66
-524935	-269589.44
-531797	-269638.38
-480299	-269666.8
-304692	-269690.28
-462199	-269644.34
-525591	-269600.62
-531829	-269551.62
-480209	-269522.06
-304847	-269565.16
-462212	-269625.94
-525576	-269752.88
-531868	-269888.9
-479870	-269995.03
-304222	-270067.34
-460579	-270019.47
-524772	-269906.06
-531887	-269717.53
-479971	-269494.84
-304110	-269326.9
-462224	-269208.7
-525567	-269241.2
-531880	-269407.44
-479729	-269682.97
-304226	-270043.62
-461602	-270344.06
-525214	-270551.25
-531863	-270553.8
-479788	-270297.12
-303997	-269807.53
-461078	-269066.25
-525115	-268221.7
-531923	-267365.12
-479574	-266625.03
-294985	-266152.38
-442364	-265965.56
-520706	-266147.4
-531878	-266640.9
-479559	-267363.1
-304642	-268230.28
-462002	-269054.66
-525192	-269780.34
-531902	-270294.94
-478119	-270559.47
-303466	-270614.8
-458419	-270450.28
-520128	-270200.56
-531815	-269917.03
-479117	-269669.34
-304707	-269537.66
-462626	-269476.06
-525516	-269532.03
-531897	-269642.44
-478371	-269764.9
-303594	-269894.75
-463159	-269948.03
-525673	-269981.88
-531937	-269980.03
-479637	-269964.75
-304274	-269993.06
-461872	-270018.28
-525309	-270098.78
-531827	-270187.72
-479173	-270253.34
-303937	-270297.03
-461616	-270233.84
-525076	-270118.72
-531859	-269940.7
-479581	-269738.16
-304415	-269597.78
-463107	-269511.62
-525697	-269577.34
-531812	-269772.97
-479371	-270068.34
-304678	-270429.75
-462407	-270703.84
-525289	-270849.75
-531865	-270751.53
-480374	-270355.66
-304536	-269695.12
-461032	-268765.5
-524999	-267734.3
-531763	-266715.75
-480508	-265859.62
-298528	-265334.53
-449554	-265168.28
-519616	-265446.72
-531755	-266100.97
-480616	-267027.8
-304961	-268117.9
-462299	-269153.34
-525724	-270052.1
-531889	-270681.66
-480032	-270991.53
-304316	-271025.38
-461986	-270783.47
-525424	-270421.78
-531922	-270019.44
-480597	-269671.97
-304806	-269482.16
-461017	-269419.5
-525201	-269533.8
-531868	-269755.7
-480424	-270024.22
-304587	-270312.72
-462231	-270510.2
-525622	-270647.9
-531854	-270690.88
-479854	-270649.38
-304070	-270581.56
-461395	-270451.8
-525006	-270338.94
-531751	-270223.12
-480347	-270102.97
-304514	-270006.8
-461086	-269870.66
-525249	-269759.56
-531864	-269660.5
-480619	-269597.7
-304510	-269634.5
-462347	-269731.62
-525881	-269954.16
-531888	-270252.4
-480604	-270575.47
-304590	-270883.56
-461493	-271030.2
-525246	-270994.72
-531805	-270689.97
-480780	-270097.16
-304651	-269281.22
-461176	-268262.53
-525399	-267220.22
-531814	-266264.03
-480908	-265525.6
-298682	-265143.06
-449334	-265107.12
-519849	-265466.38
-531959	-266123.84
-481411	-266960.38
-305579	-267867.7
-461701	-268647.1
-525479	-269249.5
-531963	-269585.9
-481366	-269649.8
-305496	-269524.56
-462117	-269237.75
-525880	-268954.62
-532034	-268744.28
-480998	-268675.9
-304493	-268812.2
-462182	-269076.12
-525948	-269473.16
-531987	-269896.72
-481241	-270264.03
-305024	-270543.12
-460718	-270636.03
-525076	-270601.5
-531972	-270441.5
-481941	-270208.22
-305906	-269996.1
-461277	-269797.72
-525424	-269705.56
-531916	-269697.12
-481351	-269753.2
-305434	-269872.9
-462543	-269956.12
-525989	-270032.1
-531972	-270058.22
-481336	-270040.62
-305297	-270038.38
-461042	-270025.12
-525311	-270090.6
-531965	-270219.8
-481765	-270399.4
-305801	-270624.22
-460037	-270772.78
-524840	-270834.38
-531987	-270716.5
-481367	-270378.66
-305227	-269853.0
-460606	-269121.12
-524931	-268324.12
-531914	-267541.34
-481261	-266887.44
-298729	-266500.03
-448338	-266385.3
-518896	-266620.75
-531861	-267144.94
-482236	-267873.06
-306500	-268725.4
-460742	-269519.44
-525179	-270205.34
-531972	-270677.1
-481704	-270898.97
-305614	-270918.12
-461591	-270725.5
-525609	-270457.66
-531974	-270166.84
-481521	-269922.78
-305657	-269804.62
-461462	-269764.3
-525497	-269844.38
-532002	-269976.3
-481587	-270109.38
-305601	-270231.66
-461457	-270253.25
-525576	-270225.5
-531959	-270132.62
-481316	-270001.47
-305276	-269900.44
-461747	-269799.5
-525594	-269775.4
-531973	-269799.7
-481299	-269855.66
-305194	-269951.94
-461617	-270001.06
-525622	-270043.62
-531931	-270046.47
-481664	-270018.3
-305564	-270017.06
-460512	-270010.94
-525102	-270082.72
-531947	-270210.44
-481684	-270377.88
-305532	-270580.88
-462044	-270702.25
-525859	-270738.94
-531937	-270607.06
-481341	-270271.84
-305794	-269768.66
-461504	-269076.06
-525562	-268329.25
-531936	-267599.5
-481470	-266990.47
-299346	-266632.6
-449027	-266527.88
-519050	-266755.28
-531882	-267260.0
-482439	-267966.5
-306791	-268806.56
-462687	-269606.7
-526161	-270323.94
-532055	-270851.3
-481561	-271147.84
-305899	-271248.25
-461626	-271128.75
-525533	-270910.56
-532089	-270634.94
-481459	-270366.38
-305219	-270184.2
-460490	-270050.47
-525166	-270023.8
-532025	-270054.94
-481467	-270113.5
-305242	-270205.3
-462704	-270249.94
-526249	-270300.53
-532047	-270333.1
-481627	-270358.38
-305942	-270423.06
-461639	-270472.9
-525532	-270563.1
-532082	-270648.5
-481547	-270703.47
-305456	-270736.75
-460741	-270671.66
-525128	-270565.06
-532052	-270403.66
-481511	-270218.2
-305141	-270085.16
-462197	-269984.06
-525939	-270003.9
-532062	-270119.25
-481475	-270304.84
-305631	-270542.1
-461631	-270699.5
-525489	-270759.84
-532071	-270629.47
-481822	-270270.38
-305446	-269720.34
-460999	-268965.78
-525466	-268152.94
-531999	-267364.53
-481391	-266715.1
-298837	-266340.9
-449239	-266245.53
-519487	-266503.97
-531926	-267052.3
-481767	-267807.62
-299744	-268693.34
-453361	-269528.4
-525424	-270262.72
-532006	-270791.47
-480859	-271077.47
-304572	-271163.1
-458352	-271033.62
-524198	-270817.06
-532061	-270559.5
-480097	-270325.75
-303996	-270193.47
-456896	-270118.8
-523556	-270150.06
-532066	-270229.5
-481206	-270318.22
-303141	-270417.38
-451044	-270446.53
-521542	-270458.44
-532124	-270434.44
-481311	-270392.1
-302934	-270387.22
-446896	-270374.5
-519674	-270410.62
-532349	-270452.84
-481371	-270476.66
-301259	-270491.97
-436347	-270424.56
-516678	-270325.7
-532504	-270182.53
-480895	-270028.44
-301214	-269943.06
-438195	-269912.8
-517078	-270021.34
-532581	-270241.97
-481883	-270543.6
-301423	-270901.4
-434530	-271177.3
-516244	-271335.4
-532671	-271271.34
-482169	-270940.94
-301841	-270380.44
-434452	-269586.28
-516018	-268709.1
-532679	-267846.56
-480814	-267132.4
-295139	-266720.06
-431412	-266628.16
-509566	-266932.75
-532494	-267563.0
-483177	-268422.34
-303832	-269411.56
-434582	-270330.66
-516134	-271101.28
-532431	-271600.06
-482164	-271784.6
-301721	-271705.2
-432881	-271371.28
-515436	-270935.4
-532165	-270479.4
-483312	-270103.3
-303626	-269912.16
-431377	-269881.9
-512693	-270051.75
-532069	-270341.72
-482904	-270679.75
-302723	-271025.2
-428902	-271260.84
-514487	-271399.84
-532029	-271404.53
-482599	-271294.7
-301891	-271144.78
-428495	-270948.56
-514119	-270800.1
-532047	-270699.7
-483567	-270655.4
-302237	-270693.16
-425917	-270737.28
-513403	-270813.03
-532046	-270869.94
-483459	-270898.12
-301696	-270939.0
-422369	-270957.28
-512187	-271024.53
-531986	-271129.16
-483278	-271273.22
-302101	-271474.66
-426943	-271641.62
-513529	-271770.6
-531929	-271771.6
-484292	-271590.28
-303271	-271229.06
-427816	-270632.8
-514077	-269888.62
-532015	-269037.84
-484243	-268174.28
-298698	-267439.53
-420146	-266877.12
-504906	-266610.88
-531901	-266645.4
-485249	-266967.8
-304179	-267559.06
-421795	-268279.75
-511792	-269075.03
-532029	-269811.47
-484697	-270398.28
-303156	-270812.44
-423078	-270977.34
-512365	-270955.3
-532081	-270759.22
-484514	-270446.97
-303061	-270118.5
-421782	-269776.72
-511825	-269510.3
-532007	-269304.88
-483736	-269153.16
-301151	-269065.2
-420340	-268952.6
-511456	-268826.97
-531930	-268627.44
-483553	-268332.66
-301145	-267973.78
-424438	-267507.56
-512971	-267008.06
-531817	-266478.25
-483554	-265953.56
-302257	-265504.34
-425486	-265109.2
-512889	-264841.72
-531883	-264685.7
-483952	-264641.7
-302271	-264734.9
-423727	-264889.5
-512372	-265122.66
-531874	-265364.4
-483852	-265566.78
-302364	-265721.25
-427754	-265735.8
-514192	-265637.47
-531904	-265390.62
-484179	-265008.25
-303371	-264561.0
-429839	-264047.12
-514412	-263579.78
-531919	-263192.9
-483675	-262937.56
-297656	-262885.8
-425033	-262992.5
-506439	-263294.0
-531793	-263721.25
-486800	-264213.4
-309499	-264738.25
-436342	-265179.7
-516791	-265541.44
-531882	-265764.62
-481922	-265842.12
-299454	-265822.56
-421152	-265682.06
-510964	-265506.4
-531792	-265301.97
-481811	-265096.25
-300536	-264942.34
-425639	-264792.16
-512181	-264693.78
-531707	-264610.12
-483220	-264532.4
-302784	-264491.4
-427671	-264434.94
-513362	-264419.78
-531775	-264421.53
-483386	-264441.1
-303874	-264507.12
-431580	-264549.3
-513901	-264595.8
-531706	-264588.0
-484011	-264498.88
-305576	-264347.97
-433117	-264082.16
-514230	-263777.4
-531725	-263446.03
-483299	-263141.78
-303776	-262958.5
-428436	-262891.12
-513364	-263019.3
-531659	-263311.62
-482563	-263732.53
-303283	-264251.28
-432526	-264730.5
-513998	-265133.4
-531698	-265353.6
-482510	-265338.9
-302827	-265109.9
-429714	-264637.84
-512914	-264036.53
-531462	-263363.28
-480948	-262713.1
-290134	-262212.16
-421215	-261869.95
-509180	-261772.03
-531311	-261888.56
-483369	-262181.7
-304151	-262626.0
-431683	-263095.56
-513644	-263574.34
-531387	-263976.75
-482394	-264259.72
-302608	-264439.84
-429714	-264462.84
-513002	-264394.1
-531292	-264227.03
-481946	-263984.16
-301390	-263724.4
-427686	-263417.38
-512679	-263137.44
-531068	-262880.56
-481526	-262671.47
-301482	-262570.94
-430819	-262546.22
-513027	-262663.03
-530867	-262892.4
-481447	-263211.47
-301097	-263613.78
-429613	-263989.12
-512696	-264327.0
-530729	-264545.38
-481537	-264602.84
-301053	-264524.38
-426748	-264280.38
-512203	-263977.16
-530456	-263671.12
-481269	-263443.38
-301323	-263399.03
-430689	-263525.53
-512797	-263874.56
-530435	-264376.2
-480695	-264940.53
-300373	-265491.4
-428452	-265864.34
-512031	-266024.4
-530288	-265908.72
-480629	-265527.94
-300327	-264986.94
-428054	-264347.22
-512026	-263795.9
-530204	-263440.78
-478212	-263370.66
-288792	-263654.5
-422699	-264201.78
-508084	-264968.1
-529983	-265785.5
-481362	-266489.53
-301915	-266964.97
-430292	-267054.3
-512374	-266771.53
-529923	-266131.38
-480567	-265229.56
-300367	-264245.16
-428102	-263283.25
-511799	-262539.28
-529685	-262092.72
-479661	-261981.31
-299860	-262215.94
-430380	-262667.38
-512079	-263280.03
-529569	-263919.12
-479492	-264485.2
-299329	-264949.97
-426847	-265242.22
-511132	-265435.25
-529459	-265557.84
-479702	-265662.12
-299613	-265824.6
-427471	-266008.72
-511139	-266249.53
-529422	-266484.0
-479689	-266649.03
-300097	-266721.3
-430844	-266611.53
-512008	-266370.75
-529392	-266018.5
-479208	-265620.3
-299771	-265295.66
-429130	-265069.2
-511752	-265044.7
-529484	-265212.03
-479834	-265520.84
-300260	-265912.72
-427927	-266213.22
-511266	-266349.3
-529447	-266204.28
-479558	-265724.97
-300210	-264961.84
-431752	-263942.72
-512421	-262858.62
-529463	-261857.2
-478061	-261098.61
-292729	-260745.47
-424148	-260806.81
-504616	-261325.61
-529151	-262195.75
-481195	-263270.06
-302751	-264403.4
-431388	-265367.25
-512689	-266072.2
-529364	-266419.5
-479860	-266389.84
-300860	-266069.66
-435512	-265506.7
-513861	-264883.88
-529307	-264312.88
-479187	-263890.47
-299783	-263706.22
-429396	-263711.4
-511710	-263916.2
-529299	-264230.2
-478867	-264561.53
-299171	-264863.16
-429546	-265022.03
-511692	-265063.75
-529186	-264977.8
-478613	-264790.62
-299042	-264580.2
-431778	-264337.16
-512556	-264149.34
-529256	-264017.53
-478769	-263937.88
-299451	-263930.72
-430215	-263922.62
-511832	-263948.9
-529265	-263982.28
-477188	-264019.47
-297701	-264100.38
-430876	-264176.8
-511784	-264301.2
-529146	-264441.88
-478171	-264564.28
-298183	-264656.4
-432274	-264611.0
-512866	-264434.53
-529104	-264080.25
-478579	-263543.75
-299053	-262892.72
-430133	-262138.8
-511865	-261424.55
-529146	-260829.31
-477351	-260438.8
-291821	-260348.81
-423187	-260523.52
-504046	-260990.58
-528997	-261659.88
-479230	-262429.6
-299748	-263219.97
-431403	-263870.28
-512392	-264354.12
-529111	-264611.44
-478020	-264641.22
-298576	-264515.8
-430969	-264244.62
-511944	-263952.16
-529094	-263685.16
-478094	-263481.72
-298566	-263388.88
-429772	-263338.38
-511393	-263349.28
-529064	-263361.12
-478007	-263333.56
-298164	-263279.9
-431162	-263146.47
-512317	-263008.9
-529059	-262886.8
-477377	-262816.8
-297671	-262862.66
-430703	-262979.44
-511741	-263204.84
-529040	-263479.5
-477208	-263746.06
-297146	-263978.97
-428960	-264076.06
-511173	-264065.12
-528993	-263932.66
-477821	-263711.97
-298106	-263494.28
-430624	-263289.03
-512327	-263204.22
-528959	-263252.44
-477075	-263426.16
-297179	-263717.6
-430746	-263999.28
-511558	-264235.75
-529001	-264321.94
-477444	-264192.47
-294390	-263858.94
-431120	-263289.12
-512947	-262606.2
-529027	-261895.98
-476674	-261276.17
-291711	-260893.95
-426569	-260776.12
-506212	-261015.17
-528838	-261572.0
-478641	-262372.72
-299902	-263339.38
-433381	-264286.47
-512520	-265137.97
-528994	-265769.62
-477530	-266112.0
-297995	-266179.6
-430584	-265943.53
-511507	-265518.72
-528951	-264970.62
-477446	-264385.84
-297882	-263876.88
-432504	-263446.06
-512912	-263176.84
-528947	-263054.2
-477979	-263056.47
-299062	-263184.7
-435795	-263345.12
-513362	-263554.38
-528937	-263760.72
-477599	-263935.1
-297996	-264091.34
-430158	-264159.2
-511462	-264178.88
-529011	-264122.2
-477121	-263983.44
-297502	-263802.6
-429679	-263541.44
-512071	-263282.1
-529264	-263045.03
-477293	-262870.22
-298142	-262830.28
-434104	-262894.56
-513057	-263119.06
-529642	-263457.53
-477826	-263852.38
-298415	-264260.03
-432247	-264537.47
-512599	-264654.47
-529720	-264531.38
-479344	-264140.3
-300610	-263534.38
-434530	-262723.66
-514116	-261861.69
-529807	-261049.94
-478302	-260404.1
-293400	-260055.06
-427707	-260000.98
-506248	-260301.19
-529740	-260882.72
-480264	-261648.58
-301928	-262510.03
-433769	-263286.53
-513318	-263921.94
-529854	-264323.28
-478896	-264460.25
-299879	-264385.34
-434859	-264101.3
-513589	-263744.3
-529421	-263382.5
-478163	-263087.28
-300170	-262939.66
-441100	-262897.56
-515373	-262997.4
-529209	-263174.5
-477596	-263368.53
-300267	-263556.66
-446016	-263637.06
-517294	-263644.16
-528724	-263560.06
-478531	-263400.78
-302949	-263231.38
-451244	-263027.8
-519306	-262875.97
-528532	-262772.7
-477157	-262716.2
-300176	-262728.97
-449228	-262735.47
-518011	-262776.53
-528305	-262820.28
-476077	-262859.6
-299188	-262930.34
-451252	-262979.4
-518777	-263067.66
-528099	-263169.7
-477128	-263265.28
-300388	-263357.47
-449106	-263352.06
-517996	-263270.06
-528102	-263068.28
-476674	-262737.88
-298607	-262331.47
-444954	-261836.42
-516175	-261373.89
-527968	-260997.22
-477063	-260769.64
-293132	-260772.45
-434572	-260962.39
-508723	-261372.72
-527849	-261922.45
-477655	-262525.2
-299464	-263117.34
-436963	-263556.7
-511720	-263835.9
-527883	-263910.56
-476677	-263793.9
-298407	-263572.72
-438461	-263267.5
-512592	-263018.34
-527749	-262875.7
-479794	-262881.2
-303009	-263076.2
-438503	-263373.75
-512945	-263765.28
-527806	-264149.47
-477014	-264440.97
-298624	-264607.38
-435606	-264557.06
-511959	-264344.8
-527600	-263984.62
-474906	-263534.12
-296221	-263097.88
-439434	-262687.62
-513096	-262409.22
-527539	-262267.38
-476117	-262255.97
-298789	-262380.38
-438736	-262543.44
-512579	-262755.0
-527457	-262957.8
-475137	-263128.3
-297513	-263295.94
-440836	-263414.84
-513551	-263559.3
-527417	-263724.2
-475397	-263910.38
-297032	-264137.44
-437188	-264318.22
-512046	-264463.84
-527335	-264505.88
-476719	-264403.5
-298363	-264170.75
-432689	-263762.12
-510537	-263269.66
-527369	-262737.06
-476609	-262238.88
-291003	-261888.56
-415374	-261696.34
-498863	-261749.94
-527236	-262025.48
-479848	-262484.38
-300656	-263090.94
-424627	-263707.6
-507769	-264299.72
-527356	-264772.22
-479160	-265076.06
-299699	-265231.56
-418177	-265209.62
-505496	-265108.84
-527439	-264974.75
-479426	-264874.6
-299786	-264902.0
-419196	-265044.2
-505775	-265362.7
-527261	-265819.72
-479069	-266371.2
-299333	-266993.3
-421117	-267570.62
-506613	-268094.9
-527267	-268497.62
-478687	-268746.1
-299362	-268864.12
-420698	-268808.6
-506128	-268654.5
-527204	-268414.75
-478179	-268125.4
-298639	-267859.72
-420002	-267601.88
-505781	-267430.12
-527220	-267341.5
-478924	-267338.03
-299116	-267445.62
-420744	-267591.4
-506658	-267792.94
-527132	-267986.1
-478269	-268120.6
-298552	-268182.6
-419262	-268080.22
-505624	-267836.9
-527138	-267422.6
-477767	-266846.28
-298042	-266172.72
-420032	-265397.94
-505753	-264631.7
-527125	-263910.97
-477346	-263285.78
-291787	-262830.84
-413506	-262513.78
-497912	-262389.47
-526934	-262418.22
-478853	-262571.62
-299986	-262847.75
-422089	-263160.88
-506484	-263532.66
-527133	-263917.1
-477729	-264293.06
-298379	-264677.03
-420892	-264999.9
-505946	-265291.22
-527044	-265504.3
-477678	-265609.5
-298158	-265616.78
-423512	-265459.22
-507342	-265189.94
-527122	-264808.1
-477653	-264351.88
-298483	-263912.1
-423221	-263500.12
-506797	-263227.34
-527082	-263114.78
-477108	-263176.44
-297004	-263431.34
-417722	-263780.1
-504816	-264202.84
-527000	-264596.62
-476747	-264884.06
-296716	-265044.25
-421336	-265005.25
-506782	-264835.88
-527049	-264567.9
-476166	-264274.3
-296061	-264068.62
-421551	-263963.12
-506173	-264041.47
-526931	-264269.3
-476329	-264586.16
-296344	-264929.88
-419659	-265133.22
-505382	-265136.2
-526881	-264834.62
-476347	-264192.34
-296052	-263269.38
-419243	-262098.34
-506016	-260862.03
-500416	-259701.0
-387914	-258776.22
-361190	-258194.83
-376382	-258009.25
-401745	-258269.75
-402607	-258881.69
-379932	-259710.47
-358364	-260597.55
-368239	-261380.3
-393736	-261986.19
-394750	-262318.22
-372154	-262350.2
-350743	-262121.72
-360852	-261710.58
-386384	-261280.83
-387536	-260917.88
-365262	-260694.73
-344150	-260650.88
-354439	-260774.53
-380046	-261075.11
-381345	-261455.84
-359211	-261827.31
-338362	-262115.81
-348761	-262268.03
-374501	-262326.22
-375860	-262284.62
-353954	-262177.4
-333349	-262055.17
-343890	-261955.14
-369617	-261959.27
-370979	-262044.97
-349297	-262183.72
-328936	-262338.97
-339582	-262462.9
-365296	-262579.8
-366905	-262651.34
-345366	-262679.53
-325204	-262692.75
-335936	-262718.72
-361787	-262845.78
-363394	-263059.75
-342010	-263338.1
-322045	-263636.16
-332860	-263878.28
-358646	-264043.47
-360350	-264041.0
-339157	-263826.75
-319224	-263406.97
-330111	-262827.97
-355997	-262239.97
-357740	-261736.62
-336534	-261427.47
-316673	-261402.89
-327536	-261697.16
-353380	-262348.9
-355187	-263257.5
-334248	-264292.88
-314613	-265309.94
-325645	-266168.34
-351638	-266828.03
-353531	-267228.62
-332499	-267387.62
-312844	-267382.3
-323971	-267317.38
-350042	-267362.34
-352062	-267580.97
-331017	-268000.25
-311399	-268592.4
-322582	-269264.88
-348746	-269951.12
-350767	-270503.03
-329744	-270812.25
-310184	-270831.72
-321372	-270578.1
-347549	-270196.03
-349099	-269801.44
-321315	-269537.6
-297984	-269528.88
-336276	-269827.38
-397411	-270469.7
-355467	-271351.53
-265551	-272321.03
-270125	-273182.22
-332127	-273755.84
-359212	-274003.3
-360869	-273898.88
-339424	-273534.84
-319324	-273097.94
-330151	-272813.5
-356107	-272954.56
-356502	-273636.22
-329634	-274857.78
-316020	-276457.56
-328046	-278108.97
-354037	-279422.84
-355954	-279875.22
-334698	-278985.22
-317799	-276398.72
-379586	-271935.8
-500229	-265712.44
-496456	-258040.66
-340203	-249471.53
-301575	-240650.48
-418285	-232227.81
-497216	-224865.86
-509599	-218991.33
-369511	-214841.86
-273614	-212390.42
-335906	-211355.77
-486722	-211349.03
-527433	-211858.8
-475621	-212404.03
-294190	-212633.69
-411746	-212265.0
-504295	-211286.72
-527474	-209781.5
-489617	-207956.25
-337200	-206100.78
-312089	-204446.84
-338411	-203214.52
-340493	-202448.28
-319840	-202083.94
-300586	-201973.11
-329903	-201910.1
-447438	-201738.58
-378854	-201330.73
-314087	-200625.23
-315486	-199647.61
-419891	-198482.5
-503817	-197332.86
-489744	-196343.4
-342992	-195641.45
-294151	-195253.95
-306009	-195121.48
-332794	-195176.62
-335230	-195241.05
-314797	-195146.84
-295852	-194779.6
-307572	-194098.0
-333992	-193209.92
-326099	-192230.28
-226622	-191335.83
-200676	-190678.48
-323747	-190328.39
-359404	-190364.8
-360831	-190687.98
-339244	-191119.3
-319078	-191445.1
-329629	-191456.1
-355237	-191071.23
-356906	-190245.47
-335709	-189064.12
-315781	-187727.1
-326564	-186489.2
-352239	-185663.08
-354106	-185412.3
-333354	-185776.38
-313707	-186641.75
-324574	-187747.72
-350357	-188805.05
-352376	-189444.12
-331410	-189384.64
-311849	-188513.1
-322871	-186912.6
-348857	-184923.38
-351029	-182953.45
-330218	-181457.1
-310591	-180819.44
-321772	-181235.02
-348021	-182704.56
-350206	-184890.77
-329125	-187253.47
-309264	-189163.05
-320496	-190036.75
-346891	-189553.98
-349044	-187634.53
-327772	-184562.78
-307776	-180945.6
-319042	-177577.77
-345699	-175328.03
-347901	-174810.73
-326541	-176292.03
-306404	-179595.8
-317886	-184098.45
-344744	-188911.0
-347004	-192951.84
-325539	-195280.02
-305474	-195340.17
-317061	-193125.5
-343999	-189304.95
-346306	-185010.94
-324832	-181707.12
-304755	-180883.77
-316364	-183710.1
-343515	-190809.56
-345868	-201948.84
-324377	-216099.2
-304077	-231593.0
-315844	-246417.7
-343332	-258682.39
-345773	-266888.88
-324195	-270332.9
-303854	-269277.0
-315604	-264937.1
-343188	-259202.52
-345657	-254256.67
-323856	-252101.8
-303303	-254102.84
-315087	-260645.36
-342827	-270993.75
-345168	-283381.3
-323074	-295319.56
-302399	-304083.1
-314522	-307259.88
-342609	-303268.1
-345073	-291724.28
-322967	-273582.72
-302182	-251025.67
-314281	-227103.69
-342469	-205212.2
-344984	-188486.95
-322714	-179239.33
-301952	-178547.27
-314138	-186064.23
-342456	-200094.05
-344850	-217898.9
-322567	-236182.58
-301712	-251660.83
-313939	-261604.47
-342238	-264264.38
-344595	-259106.97
-322344	-246821.16
-301599	-229128.28
-313877	-208426.44
-342203	-187360.22
-344651	-168387.8
-322312	-153422.6
-301532	-143612.97
-313808	-139270.4
-342135	-139951.83
-344529	-144651.28
-322339	-152046.9
-301627	-160765.12
-313817	-169592.56
-342074	-177624.38
-344482	-184320.97
-322255	-189482.22
-301499	-193172.3
-313737	-195611.83
-341930	-197078.8
-344409	-197829.28
-322151	-198053.34
-301379	-197871.36
-313565	-197352.3
-341824	-196551.77
-344226	-195542.19
-322141	-194425.28
-301391	-193333.38
-313569	-192405.33
-341757	-191761.58
-344214	-191474.88
-322090	-191547.22
-301379	-191910.44
-313550	-192438.25
-341671	-192978.5
-344149	-193388.73
-321967	-193564.25
-301352	-193463.1
-313544	-193108.39
-341637	-192581.73
-344062	-191999.27
-322032	-191477.67
-301489	-191109.53
-313697	-190939.33
-341862	-190960.7
-344401	-191122.45
-322579	-191341.44
-302314	-191528.72
-314776	-191611.3
-343004	-191553.6
-345854	-191355.9
-324301	-191042.39
-304140	-190678.77
-316459	-190349.45
-344552	-190110.03
-347171	-189981.77
-325484	-189966.52
-305273	-190040.75
-317452	-190160.5
-345337	-190277.97
-347904	-190353.58
-326276	-190362.17
-306037	-190300.6
-318103	-190186.08
-345831	-190047.95
-348364	-189922.92
-326730	-189840.92
-306522	-189820.66
-318490	-189863.0
-346194	-189960.22
-348681	-190089.84
-327082	-190203.11
-306844	-190266.36
-318739	-190293.19
-346385	-190292.88
-348844	-190250.7
-327419	-190167.88
-307223	-190048.06
-319114	-189928.52
-346716	-189845.1
-349144	-189807.0
-327594	-189789.58
-307493	-189780.2
-319415	-189764.3
-346973	-189786.7
-349414	-189823.52
-327852	-189855.52
-307668	-189874.17
-319686	-189866.77
-347279	-189860.31
-349507	-189861.27
-327976	-189863.08
-307874	-189860.86
-319708	-189848.81
-347056	-189827.75
-349448	-189807.27
-327751	-189763.62
-307450	-189717.28
-319204	-189686.02
-346662	-189679.06
-349074	-189685.1
-327438	-189689.67
-307225	-189684.22
-318919	-189691.4
-346296	-189712.67
-348657	-189741.47
-327150	-189768.53
-306961	-189787.62
-318707	-189793.06
-346043	-189783.88
-348439	-189763.38
-326962	-189733.16
-306767	-189691.3
-318497	-189656.47
-345887	-189642.72
-348378	-189626.14
-326809	-189604.17
-306647	-189579.23
-318382	-189551.67
-345739	-189523.5
-348171	-189498.5
-326705	-189476.4
-306359	-189457.84
-318112	-189440.69
-345421	-189424.27
-347858	-189409.08
-326529	-189393.8
-306289	-189378.22
-318114	-189361.06
-345437	-189343.11
-347953	-189326.88
-326460	-189311.95
-306177	-189298.7
-317935	-189285.03
-345324	-189269.08
-347774	-189251.77
-326347	-189230.78
-306085	-189206.67
-317836	-189179.81
-345176	-189154.39
-347577	-189138.77
-326148	-189140.44
-306022	-189169.45
-317737	-189233.44
-345051	-189340.28
-347684	-189496.5
-326289	-189701.62
-306231	-189952.6
-317995	-190239.36
-345416	-190550.72
-347893	-190874.52
-326545	-191195.62
-306487	-191501.34
-318262	-191780.19
-345548	-192026.05
-348056	-192238.52
-326752	-192418.3
-306691	-192570.31
-318454	-192699.44
-345686	-192812.39
-348201	-192916.9
-326830	-193015.86
-306801	-193111.19
-318612	-193201.42
-345830	-193285.38
-348397	-193362.62
-327046	-193430.28
-306920	-193488.14
-318664	-193535.19
-345947	-193573.72
-348508	-193608.75
-327147	-193642.19
-306949	-193677.61
-318702	-193715.58
-345979	-193757.5
-348479	-193804.39
-327216	-193853.78
-307228	-193903.8
-318910	-193951.0
-346191	-193994.36
-348771	-194035.38
-327425	-194073.38
-307312	-194109.97
-319019	-194145.28
-346321	-194181.23
-348919	-194219.75
-327644	-194258.53
-307427	-194295.44
-319159	-194325.53
-346366	-194345.14
-349025	-194351.84
-327692	-194341.05
-307491	-194311.42
-319233	-194261.61
-346497	-194194.33
-349112	-194115.02
-327759	-194026.9
-307541	-193935.1
-319233	-193843.17
-346651	-193754.58
-349256	-193673.05
-327897	-193597.88
-307586	-193528.52
-319388	-193462.5
-346794	-193398.84
-349463	-193338.22
-328047	-193279.14
-307784	-193222.38
-319557	-193167.53
-347080	-193116.89
-349750	-193073.06
-328255	-193035.23
-307910	-193003.38
-319653	-192974.6
-347241	-192947.17
-349887	-192919.92
-328535	-192888.69
-308192	-192852.16
-319949	-192807.67
-347404	-192756.58
-350122	-192702.42
-328644	-192646.47
-308294	-192593.02
-320038	-192543.72
-347428	-192502.22
-350062	-192471.75
-328792	-192450.98
-308566	-192438.98
-320290	-192431.64
-347859	-192426.25
-350542	-192420.6
-329037	-192410.14
-308657	-192393.0
-320403	-192366.3
-347952	-192330.89
-350644	-192290.05
-329146	-192245.05
-308777	-192199.56
-320566	-192156.2
-348095	-192118.69
-350789	-192092.0
-329280	-192077.05
-308844	-192075.58
-320601	-192086.61
-348225	-192109.88
-350871	-192145.55
-329406	-192190.03
-308941	-192241.08
-320765	-192294.31
-348273	-192347.08
-351025	-192398.38
-329489	-192445.27
-309143	-192486.45
-320922	-192520.33
-348511	-192547.7
-351223	-192571.72
-329619	-192592.8
-309189	-192613.48
-320979	-192633.98
-348582	-192656.25
-351278	-192682.58
-329801	-192711.42
-309287	-192742.0
-321094	-192771.17
-348706	-192797.28
-351415	-192820.27
-329809	-192837.64
-309374	-192849.39
-321233	-192854.47
-348786	-192855.33
-351503	-192855.58
-329933	-192856.84
-309361	-192862.19
-321034	-192872.27
-348606	-192888.36
-351341	-192912.33
-329941	-192942.08
-309484	-192976.34
-321317	-193010.95
-348884	-193044.44
-351689	-193076.4
-330179	-193104.31
-309609	-193128.33
-321430	-193147.05
-349089	-193161.62
-351786	-193174.73
-330259	-193186.36
-309779	-193197.52
-321503	-193207.19
-349211	-193215.6
-351934	-193223.73
-330407	-193230.52
-309837	-193236.16
-321684	-193239.16
-349419	-193240.6
-352062	-193243.3
-330456	-193247.61
-309870	-193255.05
-321660	-193265.16
-349382	-193278.92
-352101	-193297.9
-330434	-193320.45
-309942	-193345.62
-321731	-193371.08
-349370	-193395.95
-352117	-193421.84
-330606	-193447.19
-310001	-193473.4
-321739	-193499.75
-349461	-193527.66
-352221	-193559.11
-330631	-193593.33
-310019	-193630.23
-321792	-193666.7
-349535	-193701.22
-352274	-193733.5
-330636	-193760.92
-310050	-193782.75
-321856	-193797.89
-349649	-193807.73
-352398	-193816.28
-330778	-193825.38
-310022	-193838.11
-321794	-193855.61
-349492	-193879.5
-352207	-193911.98
-330764	-193950.33
-310236	-193993.38
-322050	-194036.25
-349774	-194076.53
-352579	-194113.42
-330921	-194144.19
-310331	-194168.64
-322157	-194185.83
-349828	-194197.6
-352557	-194207.19
-331059	-194215.47
-310544	-194224.44
-322342	-194233.28
-349995	-194242.5
-352779	-194253.23
-331214	-194264.1
-310686	-194275.05
-322507	-194284.4
-350083	-194292.81
-352869	-194302.92
-331322	-194314.77
-310810	-194330.12
-322621	-194347.84
-350249	-194368.53
-353014	-194392.58
-331400	-194417.86
-310758	-194442.69
-322592	-194463.58
-350265	-194479.52
-353086	-194491.5
-331504	-194499.08
-310812	-194504.53
-322558	-194508.31
-350202	-194513.3
-353069	-194523.11
-331411	-194537.8
-310819	-194557.47
-322621	-194578.58
-350301	-194598.77
-353072	-194616.17
-331559	-194626.38
-310932	-194627.61
-322694	-194617.77
-350397	-194598.31
-353199	-194574.1
-331521	-194548.33
-310773	-194526.7
-322578	-194512.1
-350282	-194508.6
-353058	-194519.27
-331653	-194542.9
-311214	-194577.2
-322989	-194617.08
-350710	-194658.25
-353524	-194698.03
-332013	-194732.34
-311372	-194759.69
-323134	-194778.8
-350947	-194791.55
-353792	-194801.98
-332176	-194812.14
-311500	-194824.73
-323324	-194839.81
-351038	-194857.78
-353869	-194879.12
-332309	-194900.75
-311685	-194920.89
-323437	-194935.5
-351281	-194943.5
-354138	-194946.08
-332492	-194943.11
-311991	-194936.56
-323894	-194927.36
-351651	-194917.86
-354528	-194911.89
-333017	-194909.3
-312409	-194910.81
-324280	-194914.33
-352029	-194918.95
-354935	-194925.2
-333433	-194931.08
-312827	-194936.48
-324680	-194939.84
-352407	-194942.16
-355278	-194945.81
-333805	-194950.45
-313151	-194956.7
-324965	-194962.61
-352729	-194967.84
-355578	-194972.7
-334123	-194974.9
-313487	-194973.92
-325300	-194967.67
-352992	-194957.36
-355837	-194946.34
-334245	-194935.69
-313574	-194928.52
-325331	-194925.4
-353118	-194928.69
-356018	-194940.44
-334572	-194959.55
-313950	-194984.88
-325706	-195012.55
-353509	-195040.66
-356397	-195068.66
-334849	-195094.16
-314166	-195116.77
-325993	-195135.03
-353732	-195150.7
-356717	-195166.7
-335184	-195183.28
-314539	-195201.8
-326377	-195221.05
-354219	-195241.28
-357078	-195263.5
-335494	-195285.4
-314811	-195306.47
-326652	-195324.3
-354506	-195338.89
-357401	-195352.0
-335799	-195362.84
-315114	-195372.55
-326967	-195379.45
-354811	-195384.17
-357677	-195387.55
-336092	-195387.9
-315426	-195384.58
-327252	-195375.34
-355075	-195360.81
-357953	-195343.4
-336301	-195323.86
-315609	-195304.97
-327422	-195287.72
-355292	-195274.83
-358230	-195269.31
-336632	-195270.69
-315856	-195277.92
-327749	-195286.92
-355589	-195294.66
-358597	-195299.52
-337002	-195297.4
-316189	-195287.25
-328039	-195267.56
-355962	-195241.27
-358878	-195213.55
-337145	-195188.8
-316254	-195172.45
-327989	-195167.77
-355906	-195178.12
-358761	-195206.47
-337254	-195250.31
-316432	-195306.56
-328204	-195368.86
-356064	-195431.72
-358944	-195491.16
-337252	-195541.88
-316447	-195581.17
-328154	-195606.8
-355968	-195619.94
-358801	-195624.5
-337097	-195623.38
-316235	-195620.55
-327927	-195618.42
-355804	-195620.2
-358667	-195630.14
-336974	-195648.4
-316124	-195676.11
-327918	-195711.23
-355751	-195754.1
-358654	-195804.95
-336909	-195862.2
-316003	-195924.92
-327713	-195990.27
-355587	-196057.31
-358527	-196126.44
-336736	-196195.25
-315779	-196262.55
-327506	-196326.45
-355401	-196386.78
-358271	-196445.23
-336539	-196501.6
-315593	-196556.77
-327404	-196610.2
-355317	-196662.88
-358261	-196716.53
-336457	-196769.86
-315517	-196821.9
-327297	-196869.69
-355229	-196911.94
-358169	-196948.8
-336323	-196978.78
-315366	-197002.6
-327177	-197019.52
-355151	-197032.11
-358023	-197045.02
-336162	-197059.73
-315094	-197079.28
-326949	-197103.69
-354845	-197134.31
-357715	-197172.55
-336061	-197215.97
-315138	-197263.53
-326950	-197311.67
-354922	-197359.27
-357831	-197407.19
-335976	-197453.97
-315004	-197500.8
-326809	-197546.88
-354814	-197593.64
-357742	-197643.47
-335949	-197695.8
-314906	-197750.34
-326794	-197804.61
-354822	-197857.8
-357693	-197910.2
-335864	-197959.84
-314822	-198006.83
-326697	-198049.88
-354731	-198090.89
-357592	-198132.38
-335749	-198174.89
-314740	-198220.11
-326556	-198266.34
-354586	-198313.08
-357524	-198360.86
-335721	-198406.5
-314669	-198448.47
-326526	-198484.2
-354551	-198513.94
-357456	-198540.23
-335618	-198564.73
-314589	-198590.94
-326447	-198621.03
-354547	-198658.31
-357468	-198706.48
-335607	-198764.62
-314522	-198831.44
-326354	-198901.8
-354504	-198971.11
-357416	-199036.23
-335582	-199091.14
-314527	-199133.25
-326371	-199159.56
-354436	-199171.6
-357341	-199174.03
-335479	-199170.34
-314333	-199165.86
-326126	-199163.61
-354186	-199167.03
-357127	-199178.94
-335364	-199197.19
-314398	-199219.56
-326276	-199239.75
-354423	-199253.81
-357366	-199258.92
-335473	-199251.4
-314331	-199230.73
-326207	-199196.69
-354396	-199152.5
-357366	-199104.23
-335436	-199055.84
-314299	-199012.11
-326187	-198974.67
-354357	-198945.62
-357411	-198926.56
-335466	-198914.77
-314333	-198907.45
-326191	-198899.9
-354384	-198888.52
-357331	-198872.6
-335409	-198849.31
-314225	-198818.62
-326084	-198779.89
-354269	-198734.98
-357289	-198687.88
-335343	-198640.28
-314194	-198595.22
-326127	-198552.88
-354272	-198515.36
-357352	-198484.95
-335431	-198461.19
-314290	-198444.06
-326141	-198430.97
-354287	-198420.98
-357270	-198414.1
-335418	-198407.56
-314275	-198399.67
-326182	-198386.89
-354366	-198368.11
-357415	-198344.02
-335462	-198313.77
-314242	-198278.2
-326219	-198237.55
-354483	-198194.5
-357456	-198153.42
-335407	-198115.81
-314201	-198084.83
-326088	-198059.72
-354307	-198041.83
-357264	-198031.84
-335471	-198027.67
-314284	-198027.34
-326226	-198027.23
-354444	-198025.67
-357401	-198022.94
-335516	-198017.58
-314226	-198010.31
-326156	-198000.45
-354422	-197989.34
-357432	-197979.75
-335467	-197971.42
-314284	-197965.05
-326144	-197958.08
-354436	-197950.22
-357453	-197941.7
-335521	-197930.95
-314300	-197917.7
-326202	-197900.62
-354482	-197881.11
-357546	-197862.06
-335633	-197844.27
-314307	-197829.45
-326225	-197817.14
-354529	-197807.64
-357579	-197802.03
-335557	-197797.95
-314332	-197794.81
-326249	-197788.84
-354597	-197780.16
-357606	-197770.4
-335659	-197759.44
-314409	-197749.42
-326329	-197740.3
-354615	-197734.53
-357667	-197734.31
-335692	-197738.84
-314428	-197746.62
-326374	-197753.9
-354668	-197757.62
-357715	-197756.36
-335697	-197746.94
-314519	-197728.72
-326410	-197700.77
-354742	-197665.95
-357737	-197629.89
-335757	-197596.28
-314548	-197570.03
-326456	-197552.9
-354635	-197547.39
-357568	-197555.0
-335762	-197572.73
-314640	-197597.52
-326512	-197623.38
-354741	-197646.4
-357805	-197665.05
-335837	-197676.27
-314636	-197680.48
-326565	-197677.56
-354819	-197670.25
-357871	-197663.28
-335967	-197658.17
-314739	-197657.17
-326666	-197659.03
-354882	-197662.88
-357935	-197668.83
-336031	-197673.17
-314811	-197674.22
-326750	-197668.75
-354948	-197656.92
-358027	-197641.44
-336082	-197623.64
-314876	-197606.39
-326731	-197590.86
-354950	-197579.98
-358079	-197576.16
-336221	-197578.77
-314941	-197586.83
-326775	-197596.75
-355057	-197606.53
-358134	-197616.22
-336224	-197623.64
-314972	-197628.83
-326846	-197630.9
-355106	-197632.0
-358246	-197635.42
-336344	-197641.38
-315116	-197651.08
-326949	-197662.19
-355192	-197674.06
-358299	-197686.27
-336446	-197695.25
-315243	-197699.53
-327080	-197696.4
-355314	-197686.4
-358362	-197672.75
-336505	-197656.53
-315237	-197641.7
-327104	-197629.33
-355202	-197622.48
-358251	-197623.69
-336620	-197631.83
-315520	-197645.73
-327320	-197660.84
-355544	-197674.97
-358671	-197686.88
-336771	-197693.3
-315521	-197694.3
-327414	-197688.66
-355685	-197678.67
-358792	-197668.66
-336909	-197660.42
-315631	-197656.64
-327543	-197657.23
-355784	-197662.92
-358940	-197674.6
-337061	-197689.53
-315817	-197705.44
-327682	-197718.9
-355866	-197728.56
-358957	-197735.11
-337099	-197737.53
-315896	-197737.33
-327712	-197734.58
-355929	-197731.38
-359068	-197730.94
-337291	-197733.28
-316089	-197739.3
-327887	-197746.78
-356045	-197755.42
-359256	-197765.84
-337425	-197775.83
-316259	-197784.88
-328145	-197791.48
-356305	-197796.03
-359419	-197800.94
-337654	-197805.89
-316495	-197811.84
-328272	-197817.33
-356474	-197823.03
-359539	-197829.83
-337760	-197835.69
-316522	-197840.47
-328355	-197841.64
-356486	-197839.44
-359644	-197835.58
-337861	-197829.95
-316601	-197824.08
-328272	-197817.77
-356339	-197813.08
-359506	-197812.61
-337711	-197816.28
-316746	-197824.02
-328595	-197834.39
-356789	-197846.73
-359819	-197862.0
-338089	-197877.9
-316962	-197894.11
-328803	-197908.5
-356904	-197921.1
-360068	-197933.84
-338368	-197945.23
-317227	-197956.02
-328986	-197964.61
-357062	-197971.77
-360251	-197978.95
-338544	-197985.45
-317389	-197991.6
-329160	-197995.89
-357209	-197999.62
-360344	-198004.52
-338612	-198009.95
-317473	-198016.33
-329341	-198022.12
-357315	-198027.66
-360451	-198033.98
-338776	-198039.52
-317691	-198044.27
-329515	-198046.61
-357530	-198047.44
-360664	-198049.33
-338931	-198052.14
-317845	-198057.78
-329635	-198065.83
-357739	-198077.6
-360854	-198094.53
-339208	-198114.97
-318035	-198137.53
-329833	-198158.58
-357892	-198176.03
-361051	-198189.72
-339327	-198196.94
-318206	-198197.88
-329986	-198192.1
-358014	-198182.42
-361174	-198173.03
-339414	-198166.66
-318121	-198166.55
-329780	-198173.28
-357859	-198188.69
-360917	-198213.69
-339373	-198245.6
-318366	-198282.19
-330099	-198318.66
-358147	-198352.39
-361247	-198383.02
-339616	-198408.39
-318487	-198428.56
-330207	-198443.11
-358218	-198454.33
-361396	-198465.92
-339714	-198478.28
-318578	-198492.92
-330251	-198508.38
-358302	-198524.31
-361426	-198541.12
-339797	-198556.47
-318605	-198569.17
-330317	-198576.95
-358316	-198580.75
-361491	-198583.28
-339822	-198585.44
-318710	-198589.36
-330364	-198595.73
-358278	-198606.6
-361447	-198624.55
-339802	-198647.95
-318712	-198676.38
-330382	-198706.84
-358386	-198738.1
-361561	-198770.4
-339930	-198801.89
-318805	-198832.27
-330512	-198860.36
-358521	-198886.94
-361705	-198914.06
-340059	-198940.62
-318902	-198966.2
-330626	-198988.06
-358594	-199004.97
-361771	-199016.72
-340083	-199020.67
-318972	-199016.39
-330647	-199003.05
-358605	-198982.62
-361769	-198960.03
-339985	-198937.92
-318729	-198920.78
-330440	-198910.81
-358299	-198911.53
-361477	-198926.19
-339993	-198953.06
-319009	-198991.45
-330706	-199036.69
-358560	-199086.16
-361772	-199137.94
-340119	-199188.03
-319042	-199234.83
-330747	-199275.44
-358689	-199310.31
-361855	-199341.77
-340267	-199369.53
-319092	-199394.88
-330752	-199416.86
-358671	-199436.45
-361869	-199455.36
-340266	-199472.4
-319121	-199488.03
-330801	-199500.89
-358709	-199512.4
-361913	-199525.11
-340385	-199538.89
-319231	-199555.6
-330811	-199574.52
-358689	-199596.08
-361932	-199621.98
-340411	-199649.95
-319302	-199678.84
-330971	-199706.16
-358851	-199731.42
-362031	-199756.27
-340535	-199780.0
-319357	-199804.39
-331013	-199829.14
-358912	-199856.67
-362201	-199889.22
-340619	-199925.44
-319561	-199964.34
-331144	-200001.5
-359102	-200034.12
-362287	-200060.3
-340759	-200075.69
-319658	-200078.92
-331297	-200068.16
-359206	-200046.6
-362423	-200019.16
-340802	-199990.1
-319574	-199965.1
-331180	-199948.12
-359064	-199943.53
-362293	-199954.3
-340821	-199978.98
-319792	-200015.34
-331399	-200057.6
-359280	-200101.05
-362474	-200142.8
-340912	-200177.73
-319837	-200203.94
-331434	-200219.31
-359210	-200225.69
-362390	-200227.08
-340924	-200225.38
-319901	-200223.53
-331532	-200222.36
-359356	-200223.66
-362649	-200228.58
-341104	-200234.97
-320030	-200241.81
-331747	-200245.69
-359659	-200246.17
-362869	-200244.39
-341355	-200239.4
-320282	-200233.0
-331858	-200224.98
-359709	-200217.83
-362965	-200214.5
-341491	-200215.1
-320381	-200220.12
-332059	-200228.23
-359887	-200239.38
-363144	-200254.55
-341668	-200272.39
-320621	-200292.42
-332176	-200313.2
-360000	-200334.84
-363271	-200358.03
-341829	-200380.53
-320742	-200400.92
-332316	-200415.64
-360170	-200422.61
-363463	-200421.25
-341995	-200409.1
-320837	-200386.42
-332559	-200352.67
-360475	-200311.72
-363732	-200268.95
-342134	-200228.53
-320986	-200195.55
-332559	-200172.83
-360431	-200163.67
-363657	-200170.73
-342211	-200191.31
-321150	-200223.03
-332757	-200259.95
-360611	-200297.52
-363809	-200332.92
-342314	-200361.53
-321242	-200381.67
-332899	-200391.6
-360748	-200392.62
-364039	-200388.77
-342536	-200381.81
-321414	-200374.62
-333026	-200367.75
-360887	-200363.05
-364145	-200362.33
-342604	-200364.39
-321491	-200368.58
-333063	-200372.47
-360946	-200375.9
-364157	-200380.38
-342704	-200385.02
-321512	-200390.6
-333116	-200396.25
-360918	-200402.73
-364149	-200411.64
-342667	-200422.05
-321530	-200433.28
-333016	-200443.77
-360848	-200453.31
-364081	-200463.95
-342646	-200474.98
-321581	-200487.97
-333072	-200502.62
-360951	-200520.42
-364139	-200543.61
-342655	-200570.53
-321542	-200600.23
-333180	-200628.7
-361017	-200653.72
-364199	-200673.9
-342693	-200685.9
-321601	-200688.92
-333200	-200681.73
-361021	-200666.89
-364226	-200649.08
-342702	-200631.53
-321533	-200618.23
-333082	-200611.0
-360920	-200612.27
-364032	-200623.4
-342634	-200641.36
-321586	-200663.56
-333130	-200684.17
-360893	-200700.08
-364112	-200710.11
-342616	-200712.19
-321486	-200707.53
-332997	-200697.05
-360841	-200685.69
-364131	-200679.02
-342617	-200680.3
-321484	-200692.94
-333034	-200715.9
-360860	-200749.28
-364091	-200791.92
-342522	-200838.86
-321383	-200886.2
-333083	-200928.28
-360936	-200963.2
-364132	-200991.3
-342591	-201012.12
-321439	-201027.98
-333116	-201040.22
-360966	-201052.27
-364254	-201068.34
-342686	-201088.62
-321505	-201113.9
-333076	-201141.61
-360946	-201170.55
-364223	-201199.88
-342749	-201226.98
-321551	-201251.23
-333072	-201270.89
-360976	-201287.55
-364277	-201304.66
-342719	-201323.5
-321497	-201346.08
-333089	-201372.23
-360945	-201402.77
-364168	-201437.92
-342591	-201474.64
-321385	-201510.48
-332921	-201541.48
-360826	-201565.56
-364076	-201583.25
-342515	-201593.56
-321261	-201598.27
-332942	-201598.2
-360869	-201596.78
-364101	-201599.02
-342705	-201606.22
-321618	-201620.48
-333275	-201640.95
-361262	-201667.2
-364587	-201699.45
-343032	-201734.16
-321841	-201769.44
-333481	-201801.47
-361552	-201829.39
-364822	-201853.83
-343231	-201873.61
-322051	-201889.88
-333746	-201901.78
-361766	-201911.27
-365089	-201920.47
-343551	-201928.89
-322368	-201936.77
-334020	-201942.31
-362024	-201945.28
-365342	-201946.55
-343734	-201944.53
-322584	-201939.4
-334272	-201929.67
-362274	-201916.4
-365492	-201902.27
-343946	-201887.7
-322704	-201874.45
-334327	-201862.02
-362326	-201852.12
-365616	-201847.0
-344085	-201845.94
-322846	-201849.31
-334468	-201854.98
-362326	-201862.84
-365637	-201873.55
-344126	-201884.81
-322961	-201895.86
-334566	-201904.1
-362483	-201909.14
-365761	-201911.77
-344314	-201910.56
-323117	-201905.78
-334687	-201895.92
-362619	-201881.94
-365872	-201866.53
-344374	-201849.55
-323132	-201832.19
-334719	-201814.34
-362551	-201797.1
-365781	-201782.97
-344436	-201771.03
-323377	-201762.03
-334962	-201753.73
-362884	-201746.2
-366112	-201740.47
-344631	-201734.55
-323476	-201728.45
-335026	-201720.08
-362930	-201710.02
-366214	-201699.58
-344716	-201688.53
-323535	-201677.98
-335145	-201666.9
-363026	-201657.05
-366298	-201650.45
-344799	-201647.3
-323649	-201647.94
-335220	-201651.02
-363166	-201656.39
-366418	-201665.3
-344839	-201675.42
-323648	-201686.06
-335286	-201694.48
-363229	-201700.05
-366471	-201703.72
-344957	-201704.36
-323750	-201702.9
-335334	-201698.2
-363234	-201691.88
-366512	-201686.7
-344954	-201682.4
-323804	-201680.08
-335356	-201677.78
-363306	-201674.86
-366567	-201671.52
-345009	-201664.86
-323812	-201653.08
-335387	-201633.1
-363305	-201604.5
-366582	-201569.72
-345063	-201529.5
-323851	-201487.36
-335448	-201445.88
-363303	-201410.3
-366621	-201386.75
-345036	-201377.94
-323804	-201386.3
-335333	-201411.08
-363185	-201451.31
-366397	-201505.48
-344964	-201568.75
-323906	-201636.33
-335448	-201702.3
-363268	-201763.45
-366494	-201819.11
-345037	-201867.48
-323870	-201909.72
-335469	-201946.03
-363234	-201979.64
-366496	-202014.64
-344943	-202052.31
-323752	-202094.03
-335344	-202138.75
-363201	-202186.19
-366469	-202236.39
-345011	-202286.55
-323829	-202335.61
-335349	-202380.5
-363217	-202420.92
-366445	-202458.33
-344940	-202492.34
-323749	-202523.5
-335378	-202550.7
-363244	-202574.62
-366526	-202596.62
-344986	-202615.61
-323808	-202631.5
-335349	-202641.78
-363201	-202647.61
-366459	-202651.36
-345012	-202653.47
-323820	-202656.11
-335362	-202659.95
-363230	-202667.33
-366441	-202681.16
-344982	-202700.4
-323759	-202724.53
-335344	-202750.06
-363228	-202774.48
-366491	-202797.0
-344963	-202813.97
-323777	-202824.39
-335354	-202826.73
-363272	-202822.77
-366478	-202816.81
-344946	-202811.4
-323807	-202810.33
-335329	-202815.22
-363102	-202828.27
-366262	-202851.69
-344957	-202882.98
-323835	-202920.2
-335389	-202958.42
-363304	-202994.39
-366567	-203026.67
-344979	-203052.47
-323735	-203071.36
-335342	-203082.23
-363347	-203087.5
-366632	-203091.12
-345088	-203094.78
-323904	-203100.88
-335444	-203108.9
-363409	-203119.73
-366682	-203134.45
-345097	-203150.9
-323849	-203167.67
-335482	-203181.73
-363389	-203193.03
-366666	-203202.56
-345086	-203209.73
-323874	-203215.67
-335526	-203219.92
-363474	-203223.55
-366772	-203228.89
-345132	-203235.0
-323874	-203241.78
-335532	-203246.9
-363552	-203250.2
-366762	-203253.16
-345173	-203254.5
-323886	-203255.45
-335536	-203255.27
-363630	-203255.27
-366928	-203258.27
-345257	-203263.75
-323978	-203271.58
-335631	-203279.31
-363681	-203285.88
-366903	-203290.95
-345222	-203291.83
-323955	-203287.66
-335627	-203276.36
-363707	-203259.33
-366882	-203239.89
-345186	-203219.47
-323896	-203201.14
-335476	-203185.98
-363404	-203176.19
-366656	-203174.06
-345102	-203178.38
-324067	-203187.69
-335764	-203197.77
-363786	-203206.61
-366954	-203213.39
-345264	-203215.02
-324084	-203211.45
-335761	-203201.02
-363848	-203185.78
-366969	-203169.16
-345342	-203152.56
-324132	-203138.44
-335882	-203126.3
-363881	-203117.8
-367081	-203114.31
-345430	-203114.31
-324258	-203117.0
-335937	-203119.36
-363956	-203120.95
-367178	-203122.72
-345522	-203123.47
-324321	-203123.92
-336020	-203122.6
-364091	-203120.61
-367253	-203119.9
-345646	-203119.66
-324470	-203119.86
-336181	-203118.69
-364163	-203116.12
-367354	-203113.52
-345748	-203110.02
-324571	-203106.03
-336261	-203100.36
-364234	-203094.47
-367520	-203090.84
-345934	-203088.72
-324806	-203088.83
-336482	-203089.11
-364375	-203089.56
-367481	-203091.02
-345935	-203091.08
-324803	-203089.52
-336509	-203084.08
-364532	-203075.16
-367722	-203065.19
-346084	-203054.2
-324751	-203043.97
-336377	-203034.62
-364330	-203027.77
-367466	-203026.25
-345932	-203029.45
-325002	-203037.56
-336652	-203048.56
-364612	-203062.03
-367757	-203078.38
-346202	-203095.48
-325126	-203112.83
-336801	-203127.75
-364752	-203140.25
-367884	-203151.52
-346318	-203160.58
-325279	-203167.39
-336994	-203170.62
-365007	-203171.06
-368147	-203170.78
-346517	-203169.4
-325462	-203168.14
-337121	-203166.0
-365162	-203164.42
-368277	-203165.78
-346649	-203169.34
-325487	-203175.5
-337179	-203182.02
-365217	-203188.86
-368345	-203196.5
-346721	-203203.3
-325632	-203208.78
-337309	-203211.3
-365239	-203211.81
-368336	-203213.44
-346689	-203216.0
-325634	-203221.64
-337287	-203229.78
-365323	-203241.23
-368419	-203257.02
-346703	-203274.75
-325611	-203292.4
-337352	-203305.17
-365346	-203310.67
-368414	-203308.44
-346704	-203295.9
-325534	-203274.14
-337340	-203243.17
-365374	-203207.0
-368481	-203171.5
-346651	-203140.69
-325457	-203118.81
-337163	-203107.34
-365086	-203108.52
-368176	-203123.3
-346579	-203148.67
-325619	-203181.2
-337376	-203215.48
-365411	-203247.61
-368481	-203276.16
-346731	-203297.73
-325576	-203312.33
-337384	-203319.11
-365418	-203320.44
-368550	-203320.52
-346761	-203321.2
-325599	-203324.72
-337430	-203330.66
-365566	-203339.86
-368615	-203353.58
-346862	-203369.69
-325676	-203387.06
-337504	-203402.89
-365672	-203416.89
-368692	-203430.64
-346907	-203443.48
-325716	-203456.64
-337521	-203469.23
-365621	-203482.3
-368698	-203498.03
-346878	-203515.16
-325732	-203533.64
-337472	-203551.33
-365616	-203568.06
-368677	-203585.45
-346908	-203602.66
-325722	-203620.6
-337550	-203638.4
-365758	-203657.27
-368815	-203679.14
-347007	-203703.1
-325806	-203728.38
-337647	-203751.38
-365814	-203770.55
-368871	-203785.38
-347047	-203793.02
-325869	-203792.78
-337659	-203783.48
-365844	-203766.92
-368891	-203747.66
-347013	-203728.42
-325696	-203712.9
-337383	-203703.2
-365496	-203702.1
-368436	-203712.38
-346667	-203732.75
-325506	-203762.12
-337352	-203796.27
-365443	-203832.97
-368419	-203871.14
-346667	-203908.02
-325598	-203942.84
-337331	-203973.78
-365374	-204002.06
-368384	-204030.72
-346603	-204059.6
-325504	-204089.92
-337289	-204120.06
-365469	-204150.36
-368474	-204181.14
-346631	-204210.31
-325476	-204236.92
-337354	-204258.34
-365490	-204274.88
-368478	-204288.5
-346597	-204299.42
-325464	-204308.81
-337383	-204315.97
-365611	-204322.16
-368584	-204329.2
-346661	-204335.98
-325562	-204342.05
-337512	-204344.98
-365734	-204344.61
-368724	-204343.05
-346838	-204339.39
-325652	-204335.58
-337618	-204331.19
-365796	-204328.19
-368816	-204329.44
-346932	-204333.98
-325805	-204341.23
-337728	-204347.64
-365972	-204351.1
-368967	-204350.66
-347051	-204343.02
-325898	-204327.3
-337734	-204302.11
-366025	-204269.95
-369093	-204235.8
-347190	-204203.06
-325915	-204176.55
-337822	-204158.5
-366021	-204151.8
-368968	-204159.11
-347107	-204178.11
-326062	-204206.11
-338002	-204237.17
-366344	-204267.47
-369336	-204294.6
-347384	-204314.88
-326209	-204327.89
-338181	-204332.34
-366511	-204331.3
-369375	-204329.5
-347454	-204329.4
-326422	-204334.06
-338430	-204343.3
-366637	-204357.69
-369552	-204377.67
-347654	-204399.84
-326558	-204421.48
-338487	-204438.16
-366817	-204448.19
-369733	-204452.45
-347839	-204450.06
-326816	-204442.73
-338714	-204431.14
-366952	-204418.14
-369864	-204407.95
-348022	-204401.08
-326981	-204398.56
-338957	-204399.17
-367153	-204402.61
-370011	-204410.11
-348132	-204419.98
-327118	-204432.2
-339077	-204445.28
-367287	-204459.66
-370168	-204477.78
-348249	-204498.06
-327229	-204520.44
-339110	-204541.17
-367343	-204558.73
-370197	-204571.64
-348292	-204575.89
-327230	-204569.19
-339255	-204548.34
-367526	-204513.62
-370278	-204468.17
-348269	-204414.03
-327271	-204355.58
-339188	-204295.66
-367338	-204239.36
-370169	-204192.27
-348282	-204155.42
-327407	-204130.22
-339387	-204114.02
-367629	-204105.55
-370409	-204103.84
-348452	-204105.17
-327419	-204107.3
-339408	-204106.9
-367605	-204103.44
-370356	-204098.89
-348361	-204092.81
-327357	-204086.58
-339340	-204079.47
-367542	-204073.05
-370280	-204069.17
-348231	-204067.52
-327292	-204067.77
-339287	-204068.58
-367549	-204070.08
-370237	-204074.08
-348252	-204080.25
-327249	-204088.97
-339262	-204099.39
-367460	-204112.16
-370142	-204128.56
-348057	-204147.58
-327099	-204168.53
-339209	-204188.48
-367417	-204207.48
-370082	-204226.17
-348002	-204243.62
-327158	-204260.5
-339221	-204275.78
-367497	-204291.05
-370186	-204308.89
-348202	-204328.94
-327304	-204351.1
-339386	-204372.92
-367601	-204393.48
-370273	-204412.89
-348309	-204428.03
-327345	-204438.06
-339291	-204441.14
-367358	-204438.3
-369963	-204433.1
-347826	-204427.08
-326802	-204424.08
-338757	-204424.84
-366993	-204432.78
-369589	-204450.86
-347627	-204477.64
-326875	-204512.86
-338956	-204551.98
-367257	-204592.8
-369885	-204634.11
-347860	-204672.44
-327022	-204706.52
-339186	-204734.2
-367461	-204756.75
-370109	-204777.19
-348059	-204796.22
-327281	-204816.05
-339410	-204836.36
-367626	-204858.72
-370289	-204884.89
-348262	-204913.42
-327429	-204944.25
-339552	-204974.6
-367818	-205004.56
-370432	-205035.62
-348394	-205066.7
-327601	-205098.22
-339746	-205129.03
-367938	-205159.61
-370603	-205191.6
-348512	-205223.44
-327664	-205254.56
-339729	-205282.3
-368054	-205306.34
-370708	-205328.06
-348699	-205346.44
-327917	-205362.31
-340097	-205374.83
-368292	-205386.0
-370776	-205398.72
-348677	-205412.72
-327907	-205427.86
-340039	-205442.25
-368122	-205454.55
-370708	-205465.23
-348676	-205471.61
-327887	-205473.11
-340011	-205467.67
-368232	-205457.2
-370799	-205445.25
-348690	-205433.88
-327912	-205426.47
-340074	-205424.03
-368185	-205428.95
-370669	-205443.77
-348734	-205466.02
-328006	-205494.02
-340105	-205522.55
-368215	-205548.28
-370749	-205569.25
-348663	-205581.58
-328002	-205583.9
-340129	-205574.61
-368271	-205555.4
-370769	-205530.81
-348704	-205502.97
-328028	-205475.45
-340156	-205449.17
-368416	-205426.66
-370880	-205410.55
-348762	-205399.4
-327997	-205392.42
-340249	-205386.17
-368507	-205378.98
-370951	-205370.75
-348849	-205359.33
-328119	-205343.6
-340201	-205322.44
-368350	-205296.64
-370729	-205269.6
-348586	-205241.94
-327926	-205216.34
-340074	-205193.6
-368323	-205176.77
-370744	-205169.88
-348647	-205173.95
-327991	-205189.83
-340260	-205215.75
-368511	-205250.2
-370792	-205291.84
-348679	-205334.77
-328083	-205373.31
-340267	-205399.45
-368539	-205407.66
-370984	-205395.38
-348841	-205359.06
-328277	-205299.12
-340554	-205217.25
-368894	-205120.31
-371222	-205018.4
-349065	-204919.78
-328408	-204834.08
-340673	-204767.78
-368951	-204726.4
-371176	-204714.56
-349072	-204729.78
-328657	-204768.08
-340867	-204821.06
-369129	-204882.11
-371486	-204945.58
-349302	-205004.36
-328702	-205055.11
-340914	-205094.75
-369237	-205125.22
-371564	-205151.05
-349374	-205175.05
-328742	-205201.0
-341077	-205229.95
-369391	-205263.3
-371714	-205302.58
-349476	-205344.22
-328811	-205385.53
-341131	-205421.78
-369477	-205451.03
-371761	-205473.89
-349433	-205490.1
-328936	-205501.72
-341290	-205510.3
-369609	-205520.05
-371863	-205535.84
-349584	-205558.89
-329020	-205589.78
-341502	-205625.48
-369819	-205663.64
-371985	-205702.61
-349601	-205737.11
-329029	-205764.03
-341466	-205779.66
-369773	-205783.55
-371911	-205778.7
-349534	-205766.58
-328977	-205750.45
-341329	-205732.17
-369752	-205715.08
-371907	-205703.36
-349563	-205696.8
-328992	-205695.4
-341387	-205696.45
-369702	-205699.03
-371906	-205703.06
-349585	-205706.48
-328884	-205708.62
-341208	-205707.84
-369495	-205705.0
-371626	-205702.8
-349326	-205700.58
-328833	-205699.17
-341065	-205696.95
-369375	-205694.36
-371412	-205692.78
-348909	-205691.19
-328259	-205689.95
-340644	-205688.28
-369066	-205687.06
-371138	-205689.77
-348785	-205696.38
-328322	-205707.88
-340799	-205722.2
-369212	-205739.19
-371337	-205758.5
-348812	-205776.67
-328309	-205790.44
-340818	-205796.11
-369292	-205791.77
-371341	-205778.36
-348892	-205755.86
-328382	-205726.02
-340854	-205690.8
-369256	-205653.98
-371287	-205621.36
-348860	-205594.84
-328399	-205576.8
-340837	-205566.61
-369187	-205564.22
-371303	-205570.33
-348909	-205582.06
-328438	-205597.75
-340898	-205614.08
-369374	-205630.77
-371526	-205649.38
-349220	-205669.55
-328924	-205692.16
-341494	-205716.55
-369937	-205743.89
-372034	-205775.81
-349758	-205811.16
-329492	-205848.66
-342007	-205885.44
-370317	-205920.2
-372491	-205953.56
-350067	-205983.5
-329747	-206010.1
-342256	-206031.66
-370477	-206050.12
-372584	-206068.31
-350412	-206086.55
-330327	-206106.19
-342824	-206126.22
-371034	-206147.53
-372997	-206171.83
-350735	-206197.47
-330535	-206223.7
-343024	-206248.05
-371179	-206269.92
-373207	-206290.56
-350936	-206308.1
-330837	-206322.7
-343329	-206332.98
-371549	-206339.95
-373546	-206346.42
-351284	-206352.53
-331229	-206359.81
-343704	-206368.08
-371957	-206378.92
-373884	-206395.14
-351694	-206415.84
-331596	-206440.97
-344069	-206467.73
-372222	-206495.08
-374182	-206522.89
-351946	-206547.84
-331888	-206568.14
-344364	-206580.69
-372541	-206585.05
-374413	-206583.62
-352185	-206575.8
-332167	-206563.11
-344607	-206546.2
-372777	-206527.39
-374595	-206510.25
-352409	-206495.1
-332346	-206482.64
-344834	-206471.64
-372925	-206461.94
-374685	-206454.7
-352384	-206448.17
-332410	-206441.36
-344904	-206431.45
-373046	-206418.14
-374788	-206402.36
-352461	-206381.8
-332370	-206354.92
-344672	-206319.25
-372779	-206274.08
-374579	-206220.55
-352413	-206157.7
-332560	-206086.77
-345042	-206008.58
-373133	-205927.08
-374852	-205848.31
-352534	-205775.97
-332581	-205714.34
-345058	-205665.64
-373163	-205631.69
-374904	-205615.16
-352532	-205612.92
-332596	-205622.2
-345112	-205637.14
-373164	-205654.19
-374849	-205671.03
-352534	-205683.81
-332507	-205691.02
-345129	-205691.02
-373204	-205684.88
-374864	-205676.55
-352507	-205665.78
-332586	-205654.38
-345107	-205641.28
-373197	-205626.88
-374864	-205612.56
-352442	-205597.22
-332597	-205581.08
-345191	-205564.1
-373306	-205549.48
-374904	-205543.16
-352531	-205548.28
-332569	-205569.8
-345190	-205609.33
-373300	-205669.25
-374939	-205750.22
-352507	-205848.14
-332566	-205957.44
-345151	-206069.48
-373323	-206177.16
-374989	-206276.16
-352591	-206360.72
-332735	-206429.08
-345298	-206480.78
-373445	-206520.3
-375017	-206555.05
-352509	-206589.8
-332617	-206630.7
-345261	-206679.62
-373309	-206738.69
-374986	-206808.39
-352707	-206884.27
-333121	-206961.3
-345771	-207032.64
-373899	-207094.39
-375462	-207145.89
-353091	-207185.39
-333321	-207215.23
-345944	-207237.8
-374066	-207258.6
-375582	-207284.92
-353275	-207319.38
-333480	-207364.9
-346127	-207420.27
-374238	-207484.22
-375759	-207555.77
-353363	-207629.69
-333663	-207702.23
-346357	-207768.89
-374503	-207828.45
-376009	-207882.38
-353588	-207930.78
-333844	-207975.62
-346510	-208017.47
-374687	-208058.45
-376151	-208101.75
-353797	-208145.94
-334045	-208190.84
-346711	-208233.02
-374827	-208272.33
-376321	-208309.28
-353932	-208342.4
-334327	-208372.28
-346994	-208398.23
-375011	-208421.84
-376484	-208445.95
-354091	-208469.66
-334495	-208492.28
-347163	-208510.3
-375199	-208522.52
-376577	-208528.81
-354196	-208525.42
-334559	-208512.34
-347262	-208488.77
-375220	-208457.55
-376562	-208424.53
-354129	-208392.92
-334507	-208367.56
-347152	-208350.61
-374976	-208344.88
-376390	-208352.84
-354036	-208371.75
-334526	-208398.22
-347218	-208426.69
-375186	-208453.1
-376520	-208475.47
-354152	-208489.94
-334656	-208495.31
-347441	-208490.58
-375484	-208478.11
-376880	-208462.16
-354542	-208444.28
-335235	-208426.77
-348138	-208409.69
-376317	-208394.16
-377841	-208381.92
-355636	-208370.94
-336377	-208360.48
-349302	-208348.78
-377470	-208336.25
-378892	-208325.19
-356723	-208315.58
-337383	-208307.81
-350331	-208301.58
-378545	-208297.06
-380026	-208295.75
-357851	-208294.92
-338606	-208293.2
-351539	-208287.61
-379707	-208277.77
-381247	-208265.67
-359029	-208251.34
-339796	-208236.3
-352728	-208221.9
-380936	-208210.77
-382263	-208206.27
-360014	-208207.7
-340740	-208213.73
-353614	-208220.83
-381780	-208225.97
-383134	-208228.08
-360825	-208223.12
-341474	-208210.6
-354336	-208189.61
-382484	-208163.86
-383823	-208140.34
-361310	-208123.47
-341877	-208118.8
-354654	-208129.72
-382684	-208158.6
-383930	-208207.0
-361615	-208270.66
-342293	-208344.27
-355147	-208419.28
-383298	-208489.34
-384489	-208550.31
-361897	-208597.27
-342521	-208628.75
-355479	-208644.83
-383624	-208649.08
-384845	-208648.47
-362253	-208647.23
-342814	-208649.95
-355734	-208658.16
-383929	-208673.86
-385084	-208698.23
-362522	-208728.05
-343024	-208760.44
-355971	-208790.83
-384254	-208816.94
-385387	-208839.25
-362756	-208856.8
-343328	-208870.11
-356305	-208879.42
-384550	-208886.89
-385767	-208896.53
-363097	-208908.03
-343678	-208921.94
-356671	-208936.73
-384973	-208951.83
-386066	-208968.73
-363404	-208985.3
-344012	-209001.27
-357026	-209015.0
-385377	-209026.55
-386466	-209037.97
-363791	-209047.58
-344423	-209054.52
-357507	-209055.69
-385837	-209049.67
-386896	-209036.89
-364174	-209015.0
-344814	-208983.72
-357841	-208941.52
-386180	-208891.53
-387147	-208837.9
-364389	-208782.89
-344944	-208729.9
-357937	-208680.27
-386219	-208636.17
-387202	-208600.8
-364507	-208572.69
-345199	-208551.6
-358254	-208535.28
-386573	-208524.36
-387554	-208521.72
-364758	-208528.81
-345456	-208549.34
-358522	-208585.75
-386872	-208642.44
-387772	-208724.81
-364949	-208833.5
-345690	-208967.61
-358857	-209123.36
-387221	-209296.16
-388167	-209482.19
-364669	-209674.45
-344540	-209867.52
-356664	-210056.2
-384244	-210238.86
-384633	-210417.75
-361301	-210593.84
-341712	-210770.28
-354145	-210949.14
-381589	-211133.78
-382004	-211327.67
-359042	-211529.61
-339746	-211737.84
-352489	-211947.89
-380352	-212156.38
-381151	-212361.5
-358505	-212559.2
-339475	-212747.16
-352449	-212923.36
-380394	-213088.8
-381224	-213246.06
-358587	-213395.3
-339620	-213537.31
-352647	-213670.77
-380636	-213794.9
-381499	-213910.69
-358867	-214014.9
-339868	-214105.75
-352973	-214181.2
-381033	-214241.5
-381944	-214290.34
-359262	-214328.98
-340209	-214361.0
-353323	-214388.75
-381307	-214416.38
-382096	-214448.86
-359501	-214486.89
-341738	-214530.86
-403227	-214567.11
-509126	-214581.22
-527712	-214578.94
-463179	-214573.33
-302164	-214599.06
-469472	-214607.03
-525204	-214610.6
-527106	-214614.3
-467687	-214624.62
-308305	-214669.66
-470291	-214691.8
-524991	-214694.4
-526949	-214675.95
-470891	-214641.11
-313207	-214622.89
-470837	-214577.36
-525154	-214523.78
-526956	-214476.4
-469522	-214452.62
-310683	-214489.14
-470549	-214533.77
-525061	-214587.16
-526782	-214637.6
-471282	-214673.97
-313911	-214710.02
-471430	-214684.14
-525242	-214604.22
-526736	-214483.1
-472180	-214347.23
-316137	-214254.42
-472041	-214180.42
-525181	-214154.34
-526612	-214185.16
-472137	-214268.89
-315959	-214410.23
-471836	-214521.06
-525110	-214570.97
-526629	-214530.14
-472413	-214388.53
-316265	-214183.81
-472100	-213895.23
-525184	-213579.53
-526601	-213293.77
-471636	-213092.42
-311886	-213035.17
-465217	-213071.95
-526079	-213177.83
-526678	-213299.89
-472616	-213374.36
-316481	-213367.97
-471926	-213189.55
-525140	-212843.81
-526490	-212371.22
-472732	-211850.86
-317457	-211406.75
-472592	-211077.47
-525158	-210932.77
-526446	-210986.3
-472589	-211195.77
-317711	-211488.22
-472779	-211674.11
-525251	-211617.27
-526515	-211204.1
-469938	-210385.92
-312382	-209218.19
-470570	-207757.16
-524599	-206182.47
-526389	-204697.36
-470018	-203492.52
-313829	-202723.05
-472799	-202368.48
-525497	-202364.75
-526396	-202548.78
-468657	-202707.22
-309852	-202650.11
-469655	-202162.39
-524018	-201194.73
-526286	-199822.72
-469839	-198250.67
-313324	-196792.6
-472469	-195701.72
-525166	-195235.22
-526305	-195514.52
-473296	-196487.1
-318739	-197938.88
-472872	-199423.8
-525172	-200480.92
-526305	-200675.34
-473489	-199720.39
-320143	-197596.02
-473712	-194501.31
-525206	-190992.02
-526323	-187854.2
-473752	-185996.69
-316448	-186322.0
-466301	-189461.6
-525987	-195773.73
-526327	-205199.36
-473895	-217249.45
-320277	-231085.11
-473097	-245535.47
-525123	-259404.27
-526294	-271585.4
-474282	-281235.88
-321646	-287912.34
-473778	-291514.22
-525174	-292397.22
-526282	-291217.5
-474546	-288803.7
-322232	-286026.88
-473596	-283553.3
-525183	-281878.62
-526251	-281212.56
-474434	-281496.16
-321872	-282484.56
-473592	-283735.66
-525237	-284853.2
-526276	-285516.75
-474814	-285555.16
-323297	-284991.12
-474226	-283921.78
-525154	-282603.66
-526233	-281321.9
-474851	-280327.9
-323161	-279807.97
-474033	-279751.8
-525201	-280090.28
-526257	-280660.3
-474557	-281260.75
-322160	-281726.9
-473474	-281870.0
-525162	-281641.5
-526253	-281075.1
-474769	-280278.53
-322929	-279423.16
-473921	-278604.12
-525109	-277939.8
-526181	-277485.25
-475031	-277235.53
-324441	-277155.38
-474402	-277101.88
-525132	-276987.7
-526214	-276745.47
-475784	-276355.16
-322614	-275875.03
-468411	-275326.25
-526009	-274811.03
-526297	-274426.06
-475191	-274245.38
-324725	-274324.44
-474572	-274589.8
-525242	-274979.78
-526292	-275396.2
-474952	-275735.9
-324169	-275934.38
-474305	-275883.72
-525139	-275578.9
-526274	-275054.72
-476198	-274384.97
-328057	-273689.84
-474885	-273014.25
-525387	-272442.84
-526397	-272024.03
-475475	-271772.75
-325176	-271693.78
-474761	-271689.16
-525346	-271705.47
-526316	-271683.94
-475379	-271582.5
-325394	-271406.94
-475461	-271111.1
-526228	-270729.53
-526412	-270309.78
-475524	-269910.25
-325556	-269615.06
-474849	-269421.38
-525351	-269369.5
-526357	-269473.2
-475560	-269731.72
-325520	-270149.53
-474742	-270639.72
-525329	-271162.72
-526351	-271669.03
-475819	-272112.66
-326569	-272480.22
-475052	-272692.22
-525388	-272742.1
-526356	-272633.34
-476044	-272390.75
-327159	-272077.7
-475391	-271691.72
-525433	-271292.62
-526402	-270932.03
-477326	-270657.2
-326532	-270526.97
-469317	-270508.0
-526125	-270603.47
-526417	-270798.03
-475853	-271066.8
-326959	-271402.47
-475195	-271720.28
-525379	-272002.47
-526342	-272225.84
-476389	-272369.22
-328333	-272456.9
-475792	-272448.12
-525521	-272418.34
-526394	-272354.16
-476687	-272272.22
-328710	-272214.84
-475776	-272139.88
-525526	-272112.22
-526432	-272104.03
-476926	-272114.34
-329189	-272168.47
-475669	-272210.44
-525472	-272292.4
-526404	-272377.4
-476841	-272456.5
-328517	-272546.62
-474723	-272583.94
-525441	-272616.4
-526472	-272605.03
-476799	-272546.2
-329512	-272469.97
-476039	-272331.9
-525495	-272204.88
-526462	-272077.75
-476844	-271969.03
-329501	-271923.44
-475826	-271898.84
-525514	-271954.12
-526560	-272052.03
-476932	-272175.88
-330332	-272329.97
-476504	-272436.0
-525579	-272527.75
-526552	-272557.7
-477264	-272517.12
-331057	-272436.3
-476771	-272274.9
-525727	-272111.03
-526691	-271939.53
-478111	-271785.3
-329285	-271696.5
-466471	-271635.0
-526146	-271659.4
-526695	-271738.1
-476790	-271856.9
-330586	-272028.3
-476715	-272182.1
-525719	-272361.22
-526815	-272525.03
-477501	-272666.47
-331325	-272809.1
-476921	-272899.7
-526121	-272994.4
-527136	-273062.88
-477930	-273102.84
-332542	-273137.94
-477741	-273113.28
-526487	-273084.5
-527496	-273025.38
-478682	-272941.16
-333256	-272870.25
-477966	-272773.22
-526771	-272721.16
-527789	-272693.3
-479146	-272693.28
-334079	-272745.7
-478360	-272787.44
-526971	-272860.62
-527836	-272915.5
-478931	-272934.56
-334521	-272932.72
-478717	-272855.34
-526778	-272768.16
-527634	-272657.1
-478919	-272544.75
-334089	-272481.97
-478273	-272438.44
-526691	-272483.06
-527591	-272585.47
-478839	-272731.3
-334051	-272922.75
-478245	-273075.06
-526581	-273211.78
-527421	-273275.66
-478927	-273249.97
-335942	-273159.4
-479027	-272965.3
-526502	-272751.4
-527344	-272521.9
-478841	-272313.56
-336833	-272183.94
-470904	-272103.06
-527030	-272132.06
-527349	-272236.06
-478157	-272393.25
-333999	-272604.75
-478382	-272790.0
-526466	-272981.06
-527305	-273132.9
-478387	-273238.72
-335984	-273327.84
-479481	-273357.16
-526402	-273394.56
-527289	-273421.25
-478757	-273442.06
-336136	-273483.66
-479072	-273488.03
-526419	-273502.2
-527250	-273488.66
-478855	-273442.06
-335816	-273391.1
-478806	-273291.62
-526462	-273213.44
-527244	-273143.97
-478896	-273097.66
-336812	-273109.97
-479302	-273130.25
-526349	-273205.2
-527180	-273290.0
-478791	-273363.9
-336017	-273434.9
-478781	-273437.72
-526298	-273424.9
-527172	-273375.56
-478747	-273308.72
-335599	-273275.97
-478393	-273249.7
-526357	-273304.12
-527177	-273415.94
-478988	-273574.38
-337423	-273780.7
-479567	-273945.2
-526307	-274081.56
-527146	-274121.78
-479037	-274039.94
-336947	-273855.2
-479145	-273530.62
-526347	-273157.6
-527162	-272758.44
-479846	-272391.1
-336597	-272137.06
-473401	-271986.12
-526996	-272011.7
-527139	-272183.56
-478664	-272472.84
-336967	-272862.2
-479567	-273246.62
-526365	-273630.5
-527164	-273944.12
-479154	-274162.84
-337534	-274308.97
-479149	-274344.47
-526367	-274351.8
-527148	-274334.5
-479137	-274323.78
-337915	-274368.62
-479505	-274428.1
-526370	-274553.0
-527081	-274701.88
-479287	-274854.4
-338204	-275016.16
-479712	-275119.03
-526442	-275209.53
-527179	-275259.34
-479225	-275276.12
-338401	-275298.03
-479682	-275285.7
-526347	-275301.9
-527210	-275318.97
-479457	-275331.44
-338708	-275355.34
-479669	-275327.88
-526381	-275294.7
-527097	-275224.72
-480067	-275123.6
-340274	-275031.97
-480067	-274918.66
-526385	-274859.88
-527144	-274844.22
-479987	-274879.0
-340015	-274986.2
-480072	-275097.34
-526377	-275240.0
-527131	-275352.38
-480029	-275401.75
-340059	-275390.44
-479984	-275256.38
-526435	-275060.44
-527172	-274796.22
-480457	-274498.4
-340283	-274236.5
-475290	-274000.8
-527091	-273877.94
-527206	-273861.3
-479817	-273950.5
-340374	-274156.66
-480273	-274398.75
-526455	-274692.8
-527204	-274970.4
-480201	-275195.8
-341150	-275370.72
-480492	-275433.0
-526558	-275440.03
-527173	-275378.78
-479999	-275272.25
-340951	-275172.5
-480611	-275053.5
-526493	-274987.88
-527173	-274957.94
-480369	-274964.03
-338528	-275026.8
-474890	-275083.3
-526209	-275169.88
-527253	-275243.53
-480317	-275289.7
-342039	-275324.94
-481012	-275293.66
-526564	-275250.1
-527222	-275171.03
-480369	-275065.1
-342406	-274969.3
-481292	-274846.6
-526637	-274764.78
-527274	-274707.6
-480275	-274685.6
-342340	-274730.0
-481362	-274789.56
-526635	-274912.03
-527224	-275056.5
-480131	-275203.6
-342076	-275357.28
-481389	-275444.25
-526665	-275499.12
-527236	-275480.97
-480447	-275385.7
-342762	-275246.8
-481296	-275030.38
-526566	-274815.1
-527180	-274602.47
-480803	-274421.1
-342736	-274320.84
-476477	-274267.12
-527121	-274314.34
-527166	-274430.12
-480463	-274592.4
-343519	-274801.22
-481554	-274978.44
-526501	-275153.3
-527187	-275278.97
-480886	-275346.3
-344192	-275382.44
-481667	-275346.88
-526630	-275310.03
-527181	-275261.94
-480852	-275219.0
-344362	-275218.44
-481682	-275214.75
-526584	-275259.06
-527186	-275314.47
-480978	-275369.0
-344906	-275435.25
-481919	-275453.06
-526593	-275471.0
-527106	-275461.44
-480841	-275430.22
-344787	-275413.2
-482069	-275371.22
-526644	-275368.62
-527144	-275384.4
-481282	-275420.7
-345950	-275500.78
-482644	-275567.0
-527176	-275663.1
-527174	-275750.72
-481039	-275820.25
-345772	-275890.94
-482374	-275909.9
-526669	-275931.88
-527135	-275932.5
-480982	-275916.66
-345454	-275914.25
-482291	-275878.78
-526732	-275863.1
-527184	-275837.44
-481284	-275797.7
-346501	-275764.2
-482401	-275684.16
-526767	-275609.97
-527217	-275517.03
-481378	-275413.56
-346355	-275336.3
-477870	-275251.2
-527172	-275222.0
-527219	-275236.44
-481604	-275299.16
-347364	-275434.72
-482966	-275586.16
-526879	-275790.56
-527118	-275997.3
-481469	-276179.78
-347141	-276336.03
-482774	-276393.06
-526881	-276387.1
-527313	-276283.7
-481972	-276088.22
-347806	-275844.22
-482955	-275530.12
-526961	-275234.47
-527327	-274967.9
-481686	-274766.1
-347714	-274682.28
-483214	-274682.53
-527016	-274820.84
-527334	-275055.0
-482287	-275356.75
-349407	-275713.62
-483462	-276034.25
-527072	-276331.56
-527318	-276546.34
-482376	-276659.66
-349622	-276692.94
-483608	-276610.12
-527195	-276488.03
-527378	-276332.66
-481957	-276178.62
-349667	-276081.47
-484241	-276012.62
-527291	-276032.47
-527386	-276105.78
-482641	-276213.66
-351406	-276351.8
-484414	-276441.72
-527370	-276508.16
-527384	-276506.1
-482232	-276428.78
-350421	-276309.2
-484405	-276118.38
-527454	-275936.1
-527394	-275766.03
-482381	-275635.75
-351304	-275589.03
-479620	-275588.0
-527449	-275678.78
-527444	-275822.0
-481927	-275993.12
-352967	-276191.72
-485136	-276345.5
-527464	-276489.16
-527402	-276585.8
-482135	-276634.62
-350629	-276666.84
-484530	-276645.75
-527454	-276636.06
-527394	-276622.0
-481915	-276609.9
-350041	-276626.22
-484414	-276619.22
-527469	-276635.5
-527391	-276641.47
-482359	-276633.94
-352015	-276636.78
-485336	-276605.9
-527552	-276601.7
-527470	-276605.22
-482414	-276624.75
-351873	-276687.94
-485068	-276745.6
-527525	-276841.03
-527406	-276934.94
-482787	-277012.06
-352173	-277082.06
-484589	-277086.66
-527454	-277074.1
-527370	-277021.28
-482319	-276939.16
-352709	-276868.4
-485678	-276777.53
-527486	-276734.06
-527460	-276719.34
-482555	-276734.75
-352201	-276796.34
-484976	-276841.34
-527437	-276902.3
-527409	-276934.47
-483115	-276922.97
-353203	-276886.5
-485088	-276779.78
-527476	-276667.97
-527426	-276543.28
-483185	-276428.78
-355150	-276369.2
-481656	-276334.3
-527576	-276380.66
-527505	-276480.22
-483155	-276619.34
-354052	-276802.3
-485472	-276959.06
-527527	-277119.1
-527428	-277238.53
-483706	-277307.16
-355003	-277347.94
-485519	-277319.6
-527658	-277285.5
-527548	-277233.38
-483243	-277178.7
-354866	-277157.75
-486054	-277130.28
-527597	-277151.2
-527501	-277192.1
-483702	-277248.1
-355907	-277336.38
-486121	-277402.28
-527615	-277491.72
-527532	-277572.34
-484106	-277638.88
-356905	-277711.0
-486201	-277738.7
-527617	-277771.44
-527504	-277781.72
-483496	-277770.6
-355888	-277765.66
-486349	-277726.12
-527587	-277712.28
-527524	-277707.53
-483849	-277721.56
-356937	-277784.56
-486509	-277851.2
-527695	-277967.78
-527596	-278095.25
-483784	-278215.3
-356621	-278330.75
-486274	-278373.38
-527604	-278378.1
-527463	-278310.28
-483953	-278173.6
-357612	-278006.2
-486699	-277786.22
-527587	-277595.7
-527536	-277439.53
-483837	-277344.2
-358586	-277348.8
-482486	-277410.28
-527584	-277564.72
-527507	-277762.28
-483523	-277966.6
-357152	-278165.78
-486865	-278280.22
-527621	-278339.88
-527526	-278310.7
-483552	-278201.56
-356621	-278058.44
-486587	-277865.88
-527666	-277709.1
-527589	-277592.56
-484309	-277537.47
-358478	-277575.75
-486857	-277654.3
-527711	-277805.4
-527597	-277975.25
-484034	-278134.72
-358469	-278280.94
-487215	-278348.84
-527756	-278382.5
-527627	-278359.5
-484270	-278294.47
-358527	-278230.25
-487068	-278141.1
-527767	-278094.22
-527638	-278072.84
-484554	-278078.25
-359606	-278127.12
-487319	-278160.5
-527802	-278214.34
-527648	-278249.28
-484624	-278257.72
-360141	-278261.66
-487669	-278220.66
-527777	-278194.97
-527621	-278169.88
-484721	-278155.62
-360467	-278181.25
-487680	-278200.03
-527759	-278255.9
-527633	-278309.66
-484566	-278348.72
-360364	-278383.53
-487761	-278361.03
-527781	-278331.06
-527644	-278273.8
-483705	-278203.34
-360332	-278158.78
-484001	-278111.53
-527839	-278122.5
-527749	-278173.0
-484232	-278258.84
-360262	-278392.53
-487934	-278511.9
-527741	-278647.34
-527744	-278755.6
-484419	-278823.94
-360644	-278870.66
-488083	-278852.84
-527845	-278830.75
-527703	-278793.62
-484564	-278757.62
-361306	-278760.16
-488396	-278763.66
-527863	-278820.47
-527734	-278898.84
-484306	-278987.78
-360960	-279096.22
-488352	-279163.8
-527830	-279228.88
-527654	-279258.2
-484289	-279251.53
-361206	-279236.53
-488374	-279176.06
-527866	-279130.34
-527721	-279083.8
-484166	-279043.84
-361017	-279038.25
-488507	-279020.97
-527839	-279038.47
-527701	-279060.56
-484644	-279081.78
-362427	-279121.38
-488722	-279130.72
-527831	-279159.22
-527686	-279180.72
-484611	-279195.94
-362361	-279228.12
-488658	-279229.78
-527851	-279247.0
-527687	-279249.5
-484519	-279232.66
-361794	-279216.12
-488452	-279152.12
-527799	-279091.7
-527659	-279013.06
-479712	-278925.28
-360024	-278858.4
-483685	-278777.03
-527449	-278735.8
-527729	-278715.7
-484021	-278717.0
-362342	-278761.06
-488896	-278798.2
-527801	-278871.3
-527625	-278948.12
-484539	-279022.88
-362349	-279114.34
-488516	-279173.47
-527796	-279247.16
-527709	-279308.22
-484481	-279355.7
-362368	-279411.4
-488774	-279428.06
-527865	-279454.88
-527654	-279464.97
-484156	-279460.44
-363189	-279466.3
-489398	-279442.0
-527876	-279441.9
-527680	-279445.5
-484517	-279457.34
-363506	-279501.84
-489083	-279532.88
-527906	-279595.34
-527736	-279656.75
-484425	-279710.78
-362894	-279773.53
-488953	-279795.5
-527912	-279825.03
-527679	-279838.94
-484428	-279843.3
-364311	-279867.88
-489794	-279873.03
-527941	-279911.2
-527738	-279955.44
-484400	-279999.78
-363621	-280056.47
-489344	-280067.3
-527890	-280068.75
-527680	-280025.66
-484540	-279934.62
-363240	-279822.78
-489002	-279655.62
-527909	-279499.78
-527764	-279349.56
-481117	-279226.22
-363343	-279167.06
-485647	-279137.56
-527805	-279184.6
-527753	-279276.78
-484756	-279399.6
-365216	-279557.2
-489759	-279686.62
-527905	-279821.25
-527697	-279925.22
-485247	-279994.75
-363787	-280054.47
-485999	-280064.88
-527876	-280081.1
-527786	-280084.22
-484797	-280079.38
-365729	-280090.0
-490117	-280069.88
-527917	-280065.4
-527747	-280048.06
-485155	-280018.12
-366234	-279999.97
-489929	-279953.88
-527878	-279933.88
-527731	-279920.75
-485735	-279918.5
-367709	-279949.53
-490287	-279965.16
-527958	-280006.72
-527791	-280039.9
-485699	-280057.38
-368099	-280077.44
-490742	-280056.9
-527966	-280051.3
-527810	-280047.03
-486375	-280056.94
-369201	-280114.47
-490424	-280180.12
-527941	-280296.47
-527746	-280422.0
-486393	-280531.16
-369205	-280615.38
-490343	-280599.84
-527952	-280508.56
-527831	-280305.62
-486137	-279997.16
-369349	-279630.88
-490819	-279202.7
-527982	-278811.62
-527826	-278484.94
-484432	-278268.5
-369338	-278213.84
-487259	-278287.53
-527940	-278520.72
-527871	-278856.97
-486836	-279245.72
-371911	-279654.62
-491110	-279988.6
-527957	-280256.4
-527859	-280411.06
-487437	-280451.16
-373234	-280414.84
-491184	-280290.28
-528007	-280161.5
-527872	-280039.53
-487817	-279951.9
-374481	-279935.94
-491464	-279951.12
-528027	-280034.78
-527894	-280142.4
-488138	-280251.66
-374967	-280363.06
-491547	-280418.72
-528121	-280458.25
-528001	-280456.56
-488551	-280420.3
-376319	-280381.38
-491900	-280309.66
-528183	-280261.9
-528097	-280220.8
-488828	-280190.03
-376749	-280192.3
-491537	-280185.94
-528045	-280217.22
-528014	-280259.94
-488957	-280312.78
-377051	-280393.47
-491452	-280455.1
-528046	-280533.94
-528025	-280591.84
-489013	-280613.5
-377897	-280604.34
-491857	-280511.34
-528099	-280376.28
-528052	-280179.4
-489464	-279936.16
-378689	-279693.2
-491610	-279440.53
-528075	-279256.72
-528049	-279143.84
-487657	-279119.03
-377298	-279204.7
-487087	-279347.84
-528063	-279565.62
-528098	-279799.28
-483623	-280010.75
-370006	-280188.28
-489620	-280266.75
-527912	-280286.38
-528095	-280232.22
-491019	-280127.47
-381453	-280024.97
-490894	-279919.16
-528347	-279884.2
-527840	-279912.47
-436231	-280020.12
-290813	-280218.53
-423484	-280433.88
-508672	-280669.1
-527944	-280867.56
-453475	-281014.5
-308044	-281122.47
-438068	-281145.25
-512548	-281135.94
-528371	-281094.53
-452442	-281057.94
-285256	-281081.3
-353212	-281143.25
-467756	-281266.8
-464384	-281422.66
-329152	-281608.6
-281548	-281790.2
-413629	-281901.75
-509025	-281958.94
-528150	-281935.53
-441225	-281860.62
-291175	-281789.47
-418572	-281710.25
-506903	-281692.47
-527380	-281733.12
-435296	-281850.22
-290841	-282049.0
-408731	-282245.47
-504126	-282421.97
-526737	-282504.1
-425726	-282474.1
-281894	-282343.53
-400056	-282088.25
-501052	-281790.47
-526351	-281498.2
-424102	-281308.88
-281589	-281312.34
-406614	-281502.6
-504042	-281909.16
-526327	-282462.84
-427143	-283096.34
-286308	-283729.66
-400175	-284220.25
-501670	-284526.2
-525802	-284595.97
-443781	-284470.4
-328509	-284244.97
-356254	-284009.2
-464814	-283898.1
-515818	-283971.94
-338932	-284309.22
-259321	-284884.12
-395706	-285566.12
-499821	-286256.12
-524873	-286788.03
-412321	-287067.66
-276146	-287060.78
-382395	-286752.88
-495639	-286275.12
-524764	-285768.4
-409702	-285438.47
-271714	-285461.25
-380112	-285878.16
-495506	-286695.62
-525009	-287762.38
-416328	-288887.56
-276855	-289844.9
-386829	-290370.8
-497923	-290357.34
-525171	-289776.78
-417540	-288790.94
-275837	-287685.72
-387412	-286750.1
-498396	-286328.72
-524754	-286618.97
-412594	-287697.38
-277717	-289443.66
-391902	-291493.78
-498315	-293436.16
-525101	-294785.62
-419230	-295195.22
-280045	-294512.75
-392545	-292780.0
-498824	-290371.94
-525105	-287813.03
-418700	-285760.7
-277573	-284815.16
-396357	-285308.5
-500932	-287327.12
-525113	-290541.34
-418680	-294331.2
-280092	-297857.78
-393727	-300168.12
-499361	-300523.66
-525146	-298450.84
-419195	-293954.06
-280431	-287500.1
-394070	-279880.16
-499531	-272184.56
-525102	-265462.4
-419911	-260586.02
-280733	-258024.48
-394393	-257668.62
-499520	-258967.8
-525148	-260920.83
-420763	-262372.94
-281104	-262229.28
-394745	-259636.47
-499972	-254308.05
-525140	-246494.08
-420137	-237046.45
-280490	-227234.86
-394121	-218447.97
-499580	-212058.2
-524857	-209044.97
-418482	-209899.72
-281522	-214500.94
-395909	-222082.5
-499542	-231511.25
-524831	-241381.75
-418082	-250358.97
-281826	-257365.06
-395442	-261678.67
-499506	-263142.47
-524797	-262017.94
-418902	-258971.31
-282896	-254869.69
-396669	-250540.3
-499846	-246748.17
-523947	-243970.78
-402565	-242454.12
-270942	-242184.56
-389832	-242902.12
-499583	-244322.12
-524416	-246103.66
-416009	-248001.7
-281347	-249850.28
-423580	-251483.39
-511651	-252852.39
-524590	-253847.19
-418279	-254361.25
-295406	-254249.58
-407093	-253294.56
-500927	-251386.03
-523924	-248456.4
-406358	-244631.44
-283610	-240199.4
-395421	-235549.12
-498854	-231236.78
-524030	-227784.2
-409952	-225669.78
-289016	-225186.84
-402752	-226329.94
-499860	-228903.8
-523236	-232439.53
-397939	-236373.53
-278451	-240100.08
-390366	-243043.72
-497657	-244875.78
-523644	-245460.11
-404715	-244952.14
-278851	-243703.69
-389519	-242128.8
-497531	-240720.64
-523604	-239842.56
-405969	-239739.58
-289647	-240452.69
-414112	-241779.64
-503066	-243455.4
-524305	-245105.58
-414805	-246424.56
-293578	-247204.05
-409746	-247322.69
-501952	-246882.78
-524196	-246063.0
-409796	-245157.12
-285914	-244458.1
-397067	-244141.1
-498604	-244340.66
-523542	-245019.08
-403080	-246068.61
-283056	-247296.08
-397171	-248426.45
-499080	-249279.7
-523587	-249702.56
-403242	-249683.44
-280323	-249302.58
-400517	-248659.95
-500207	-247963.34
-523661	-247372.28
-404364	-247043.78
-283152	-247058.12
-400497	-247360.61
-499561	-247894.2
-523697	-248505.08
-405369	-249071.61
-283490	-249486.42
-400072	-249631.6
-499458	-249520.08
-523854	-249180.56
-407113	-248732.83
-283674	-248308.72
-406544	-247988.36
-501392	-247892.72
-524048	-248031.14
-410682	-248388.55
-288230	-248894.62
-408135	-249398.42
-501621	-249814.77
-523748	-250015.25
-406039	-249950.48
-286959	-249623.12
-406663	-249051.0
-500851	-248380.69
-523791	-247750.84
-407579	-247307.98
-286749	-247173.84
-402861	-247394.45
-499997	-247964.75
-523552	-248768.12
-404533	-249652.45
-284760	-250421.84
-400799	-250839.72
-499712	-250780.78
-523303	-250142.02
-402231	-248958.22
-285073	-247368.55
-403398	-245575.47
-499762	-243913.66
-523189	-242680.17
-402315	-242158.47
-285799	-242527.86
-401639	-243802.53
-499512	-245909.17
-523082	-248582.92
-401232	-251482.55
-282553	-254211.62
-405586	-256361.16
-501939	-257673.78
-523187	-257972.33
-440163	-257260.88
-469836	-255671.64
-502564	-253500.28
-220720	-251225.8
-258181	-249154.48
-508544	-247506.47
-526794	-246471.08
-481059	-246107.44
-163642	-246415.38
-265447	-247123.8
-512392	-247879.58
-527254	-248386.06
-503227	-248452.4
-219292	-248052.64
-209052	-247139.83
-479819	-245754.22
-527606	-244122.03
-458896	-242556.78
-117417	-241457.19
-149083	-240990.86
-428633	-241198.94
-525573	-242082.67
-468591	-243580.55
-128516	-245628.47
-42896	-247960.03
-219935	-250248.55
-244086	-252261.16
-14883	-253890.75
-1256	-255051.67
-1253	-255686.12
-1145	-255789.97
-1150	-255410.3
-1153	-254649.53
-1161	-253656.6
-1151	-252522.56
-1141	-251329.92
-1149	-250164.66
-1154	-249136.72
-1155	-248374.17
-1155	-247925.06
-1155	-247803.81
-1152	-247993.19
-74901	-248443.62
-423509	-249038.72
-527544	-249664.8
-527952	-250200.81
-528342	-250548.72
-529034	-250684.61
-529578	-250674.86
-529464	-250575.08
-529111	-250475.31
-529051	-250480.62
-529477	-250701.27
-529897	-251227.88
-529773	-252020.28
-529491	-252965.95
-529432	-253913.17
-529719	-254726.17
-529861	-255333.7
-529408	-255669.78
-528355	-255753.06
-528244	-255695.16
-529533	-255689.61
-530606	-255970.94
-529716	-256660.83
-458891	-257792.38
-337402	-259283.14
-441694	-260893.23
-515660	-262365.0
-527321	-263376.88
-412718	-263698.97
-302437	-263237.97
-428979	-262056.31
-513270	-260467.06
-526162	-258864.44
-401871	-257707.95
-285092	-257379.6
-399543	-258059.25
-503166	-259742.02
-524453	-262121.25
-388992	-264712.7
-284146	-266921.2
-402683	-268173.66
-504792	-268143.97
-524866	-266754.62
-396465	-264290.5
-278001	-261325.06
-392324	-258587.2
-503096	-256880.05
-524302	-256799.45
-393583	-258651.17
-277382	-262328.62
-393921	-267306.53
-502772	-272812.28
-523721	-277898.7
-387338	-281709.8
-272608	-283627.22
-403479	-283372.1
-506332	-281130.84
-522866	-277366.7
-382681	-272768.03
-272709	-268011.03
-390074	-263574.16
-501273	-259700.64
-522150	-256283.22
-377357	-253010.47
-263381	-249468.14
-371361	-245326.77
-497001	-240562.14
-518495	-235466.28
-351656	-230681.0
-253531	-226985.55
-365499	-225071.94
-494379	-225318.17
-516529	-227476.12
-346811	-230612.11
-259314	-233073.31
-365540	-232731.06
-492557	-227381.34
-522271	-215116.5
-395274	-194804.9
-300832	-166358.84
-420951	-130842.78
-505139	-90416.695
-524999	-47883.234
-420401	-6249.298
-305622	31845.594
-400547	64615.723
-499488	91346.22
-521132	112493.82
-378878	129340.33
-288562	143562.84
-397527	156617.8
-500482	169105.08
-524215	180458.83
-411415	188766.28
-307711	191034.39
-410541	183741.7
-503189	163529.88
-523802	128114.36
-402234	76913.53
-298743	11500.828
-402507	-64372.41
-500361	-145237.34
-521523	-224587.36
-383167	-295941.34
-286191	-353826.5
-399434	-394652.5
-498527	-417307.44
-517185	-423160.78
-363212	-415782.44
-284409	-400144.16
-395576	-381677.88
-497509	-365328.4
-517187	-354630.66
-362749	-351265.22
-287611	-354879.06
-398597	-363401.9
-496036	-373705.03
-516969	-382297.12
-366111	-386191.34
-293739	-383468.88
-397631	-373655.38
-495642	-357779.75
-514609	-337986.12
-360131	-317090.66
-290912	-297891.12
-389041	-282624.94
-494530	-272598.44
-520776	-267938.56
-461463	-267739.12
-277424	-270383.9
-49379	-273985.9
-2442	-276787.5
-2754	-277503.72
-36882	-275588.16
-46446	-271274.78
-5492	-265454.03
-1351	-259361.23
-1414	-254179.8
-3686	-250801.16
-4178	-249632.77
-1719	-250567.1
-1258	-253048.98
-1321	-256176.64
-2624	-258996.02
-2877	-260733.67
-1563	-260990.06
-71022	-259775.98
-265597	-257387.9
-391387	-254398.88
-443493	-251477.62
-441662	-249243.94
-414274	-248119.05
-453152	-248157.42
-505050	-249134.44
-516397	-250632.1
-520330	-252168.67
-528382	-253311.22
-529139	-253692.89
-529072	-253130.48
-529027	-251640.23
-529391	-249427.77
-529891	-246759.81
-529694	-243878.4
-529400	-241084.16
-529356	-238541.19
-529684	-236255.4
-530037	-234228.1
-529867	-232428.23
-529529	-230955.2
-529554	-229872.45
-529899	-229246.11
-530225	-229247.05
-530021	-230043.75
-529577	-231867.75
-529543	-234842.78
-530073	-238895.98
-530400	-243873.94
-530086	-249490.89
-529729	-255447.6
-529659	-261294.56
-530076	-266468.8
-530443	-270463.8
-530208	-272870.0
-530373	-273522.62
-530457	-272426.22
-530424	-269745.16
-530794	-265897.8
-530514	-261591.48
-530064	-257606.75
-529901	-254727.27
-530219	-253603.92
-530652	-254617.62
-530433	-257772.42
-530142	-262650.3
-530159	-268444.75
-530482	-274080.25
-530743	-278406.0
-530576	-280425.97
-530122	-279525.72
-530082	-275637.0
-530568	-269300.9
-530670	-261610.89
-530371	-254026.55
-530266	-247981.7
-530309	-244696.8
-530621	-244855.34
-530942	-248383.97
-530779	-254415.55
-530356	-261439.23
-530357	-267612.0
-530612	-271177.4
-530837	-270899.94
-530756	-266413.3
-530496	-258395.14
-530324	-248507.12
-530511	-239095.05
-530970	-232695.02
-530837	-231439.3
-530499	-236488.84
-530649	-247619.06
-531648	-263065.6
-532979	-279681.1
-532674	-293393.53
-531690	-299892.56
-532757	-295401.0
-533201	-277415.28
-511273	-245251.6
-441345	-200155.64
-393257	-145178.1
-343186	-84687.58
-278910	-23661.674
-234838	33151.83
-246602	82065.36
-268301	120879.125
-265136	149056.7
-247694	167526.34
-183202	178202.28
-169220	183424.88
-168007	185192.33
-154737	184588.02
-143504	181449.06
-137215	174419.86
-147455	161375.66
-172576	139957.7
-202901	108257.22
-199424	65412.355
-217602	12071.611
-243607	-49417.754
-288813	-115279.86
-327616	-180859.86
-351276	-241379.4
-331192	-292699.34
-402155	-331872.8
-498937	-357654.2
-531090	-370628.53
-533527	-373005.16
-535379	-368097.38
-533256	-359583.56
-532306	-350888.38
-531367	-344619.6
-531177	-342251.72
-531353	-344017.22
-531750	-349015.1
-530697	-355633.22
-531538	-362035.34
-532789	-366657.16
-531871	-368528.28
-530855	-367379.47
-530872	-363662.1
-532036	-358380.06
-531743	-352838.7
-531806	-348275.8
-531831	-345535.0
-530076	-344940.94
-529529	-346289.75
-531172	-348996.8
-532309	-352230.66
-532126	-355098.2
-530777	-356881.5
-529964	-357197.56
-530637	-356076.12
-531517	-353886.5
-531146	-351151.03
-529135	-348452.94
-529717	-346291.22
-531738	-345000.88
-533202	-344702.16
-532845	-345245.38
-530837	-346319.56
-530823	-347549.88
-532007	-348630.66
-532796	-349353.38
-532256	-349581.5
-531669	-349291.4
-531808	-348552.56
-531697	-347514.53
-532249	-346354.25
-531787	-345184.56
-530982	-344095.97
-531921	-343167.22
-532937	-342509.1
-532550	-342242.62
-531925	-342420.22
-531172	-343047.1
-531546	-344055.88
-532062	-345321.66
-532206	-346629.8
-532135	-347639.56
-530504	-347998.72
-530308	-347430.3
-531065	-345869.53
-531720	-343483.72
-532116	-340647.78
-531571	-337947.38
-531182	-336082.44
-532067	-335753.97
-532261	-337431.75
-531542	-341141.44
-530727	-346391.38
-531292	-352150.44
-531902	-356974.84
-532195	-359136.06
-532682	-356839.94
-531950	-348553.38
-531211	-333284.66
-531654	-310828.16
-532390	-281794.34
-532124	-247527.83
-531123	-209958.92
-531279	-171349.06
-532567	-133959.58
-532871	-99747.92
-532373	-70120.96
-531206	-45728.04
-530347	-26491.768
-531242	-11736.35
-532008	-431.39905
-532109	8506.7295
-531402	15957.268
-531604	22363.812
-533144	27610.502
-532821	31020.277
-532828	31476.408
-532562	27642.223
-531776	18233.94
-532416	2298.5178
-532298	-20558.137
-532177	-50038.477
-531133	-85117.43
-530927	-124098.78
-531596	-164853.11
-531550	-205075.0
-532242	-242557.6
-531391	-275451.97
-531319	-302437.62
-531842	-322842.88
-532542	-336679.56
-532699	-344561.84
-531511	-347556.6
-531570	-346994.44
-531832	-344268.03
-532171	-340649.8
-532182	-337153.03
-531852	-334452.56
-531939	-332868.03
-531902	-332402.84
-531509	-332822.47
-531401	-333756.6
-531132	-334803.12
-531186	-335614.03
-531611	-335956.53
-532151	-335738.72
-532384	-335003.88
-532328	-333898.56
-531894	-332625.4
-532395	-331391.8
-533146	-330367.1
-533139	-329650.28
-532305	-329262.4
-532327	-329151.2
-532587	-329213.38
-532122	-329324.62
-531993	-329368.78
-531432	-329263.6
-531442	-328972.94
-531860	-328509.9
-532075	-327927.25
-531948	-327300.03
-531344	-326704.66
-531402	-326200.03
-531706	-325815.47
-532086	-325546.25
-531924	-325357.72
-532699	-325196.03
-532781	-325003.94
-532768	-324734.34
-532319	-324362.22
-532044	-323886.78
-531966	-323333.2
-531542	-322740.97
-531921	-322156.0
-533266	-321616.44
-532666	-321145.97
-531634	-320748.66
-531825	-320409.97
-532354	-320103.12
-532662	-319796.9
-532559	-319466.12
-533013	-319097.12
-533402	-318692.06
-533344	-318267.38
-532878	-317848.94
-533171	-317464.12
-532849	-317134.28
-531589	-316870.03
-532099	-316668.1
-532472	-316512.78
-531499	-316381.4
-530276	-316250.78
-530814	-316101.5
-531801	-315924.94
-531677	-315723.16
-531265	-315507.03
-531076	-315291.78
-531047	-315091.44
-531334	-314914.84
-531332	-314761.22
-531559	-314619.44
-531207	-314472.38
-531156	-314314.0
-531515	-314136.16
-531623	-313935.53
-531661	-313723.12
-531397	-313519.88
-530802	-313339.94
-530682	-313195.4
-531416	-313099.16
-531365	-313053.78
-530350	-313066.5
-530409	-313119.94
-531552	-313182.88
-532509	-313222.3
-532142	-313208.5
-531149	-313121.28
-530546	-312952.3
-531274	-312706.28
-531206	-312398.84
-530916	-312067.78
-531180	-311751.38
-531360	-311485.97
-531519	-311296.47
-531497	-311195.44
-531076	-311179.62
-530417	-311253.1
-530566	-311389.22
-531443	-311543.7
-531684	-311684.53
-531469	-311790.25
-530467	-311847.16
-530376	-311849.6
-531424	-311799.28
-531566	-311705.6
-531172	-311583.12
-529885	-311449.62
-529087	-311322.75
-530906	-311219.88
-531895	-311153.66
-531752	-311134.25
-530109	-311166.72
-530029	-311250.44
-532637	-311379.16
-532530	-311542.06
-529946	-311725.7
-474544	-311926.56
-480597	-312117.62
-526445	-312269.56
-532502	-312369.06
-531706	-312403.56
-498320	-312375.12
-497215	-312282.88
-528384	-312130.97
-532606	-311939.66
-531901	-311733.06
-502978	-311544.5
-505566	-311395.16
-529321	-311300.06
-532039	-311272.47
-531264	-311314.56
-505127	-311423.94
-507940	-311579.88
-530427	-311754.97
-533216	-311925.9
-531554	-312070.44
-516590	-312174.47
-520396	-312228.25
-530096	-312231.44
-531075	-312194.06
-530499	-312132.88
-518874	-312069.56
-522663	-312020.28
-530521	-311998.47
-531914	-312014.4
-530957	-312070.47
-506620	-312170.16
-510907	-312302.72
-530324	-312453.2
-532107	-312610.66
-530929	-312762.9
-511767	-312900.94
-515845	-313008.84
-531419	-313070.72
-532420	-313075.8
-530964	-313014.16
-510306	-312884.66
-515333	-312685.1
-531594	-312422.2
-532679	-312117.47
-531602	-311801.06
-514501	-311512.78
-518689	-311287.28
-531726	-311154.22
-533330	-311132.72
-532872	-311225.16
-516102	-311416.16
-519091	-311666.53
-530527	-311924.84
-532758	-312139.4
-532459	-312265.12
-514591	-312279.94
-516538	-312179.44
-529287	-311984.9
-532429	-311744.66
-530384	-311518.28
-510122	-311369.94
-517005	-311340.34
-530577	-311445.94
-531618	-311673.88
-530141	-311980.5
-512441	-312303.7
-517884	-312568.5
-530511	-312710.78
-531952	-312696.94
-530416	-312529.88
-510739	-312256.22
-517041	-311945.72
-530900	-311683.38
-532189	-311551.78
-529803	-311604.22
-417859	-311877.2
-294072	-312345.34
-424332	-312874.88
-514982	-313337.2
-527427	-313616.75
-401849	-313655.34
-282234	-313435.62
-423003	-312950.53
-515555	-312300.1
-523514	-311650.84
-369986	-311219.8
-279907	-311169.3
-414068	-311548.03
-510204	-312337.56
-526898	-313421.25
-404760	-314607.47
-273644	-315625.47
-392745	-316125.25
-505914	-315825.88
-525835	-314568.1
-399817	-312363.22
-275423	-309369.56
-395110	-305834.0
-505823	-302136.5
-525574	-298717.34
-400924	-296012.94
-274285	-294343.62
-391727	-293818.22
-505142	-294392.38
-524663	-295876.0
-394678	-297981.47
-275824	-300342.28
-390717	-302547.56
-504379	-304288.56
-523627	-305404.72
-385402	-305914.22
-268500	-305952.1
-382737	-305699.9
-502307	-305403.03
-521925	-305312.4
-373052	-305639.38
-263160	-306465.03
-376316	-307706.28
-499982	-309202.56
-521500	-310756.84
-374419	-312192.72
-270004	-313341.25
-387972	-314054.34
-502722	-314291.28
-522826	-314115.9
-385767	-313680.47
-275288	-313144.5
-393532	-312607.88
-504172	-312159.78
-523902	-311861.16
-395032	-311751.53
-277454	-311820.62
-403620	-311985.72
-506575	-312202.72
-524631	-312464.03
-403019	-312814.0
-280497	-313300.94
-399159	-313913.7
-505836	-314646.84
-525019	-315479.84
-406130	-316378.75
-280399	-317269.3
-404504	-318008.9
-507324	-318505.9
-525186	-318734.2
-410023	-318757.97
-279700	-318698.84
-403375	-318661.94
-507250	-318792.97
-525272	-319219.75
-411834	-320018.94
-278194	-321157.75
-401192	-322433.16
-506794	-323593.78
-525115	-324378.62
-409942	-324594.5
-276278	-324148.84
-401645	-323044.88
-507178	-321493.56
-525049	-319876.75
-411392	-318686.0
-277659	-318392.9
-404366	-319279.2
-507449	-321431.97
-525136	-324661.88
-413258	-328496.22
-278452	-332196.16
-405853	-334803.94
-507757	-335387.78
-525211	-333189.5
-415447	-327778.56
-278942	-319127.5
-406331	-307586.72
-508168	-293943.1
-525254	-279293.66
-417113	-264889.03
-280446	-251923.28
-409326	-241293.86
-508619	-233573.4
-525254	-228924.4
-417449	-227114.66
-279053	-227570.25
-415737	-229439.86
-510025	-231858.69
-525164	-234073.06
-418299	-235567.45
-279859	-236102.17
-409137	-235651.72
-508972	-234455.1
-525168	-232905.33
-418751	-231450.4
-280769	-230465.72
-411114	-230117.92
-509126	-230435.44
-525205	-231298.9
-419395	-232496.56
-280658	-233767.08
-411317	-234805.81
-509346	-235426.03
-525135	-235569.16
-419819	-235315.31
-280811	-234823.56
-410398	-234242.12
-509104	-233729.12
-525034	-233385.95
-419524	-233259.4
-281117	-233305.72
-412597	-233357.03
-509399	-233249.98
-525090	-232843.97
-419904	-232086.53
-281379	-231006.56
-412744	-229664.28
-509603	-228223.67
-525071	-226895.66
-420391	-225916.42
-281613	-225473.53
-412636	-225619.1
-509501	-226345.5
-525006	-227568.28
-420551	-229165.7
-281898	-230982.94
-414045	-232804.84
-509612	-234484.67
-524928	-235942.2
-420472	-237181.7
-282001	-238256.5
-413636	-239187.47
-509647	-240036.88
-524882	-240867.03
-419796	-241735.88
-279676	-242662.25
-419837	-243572.5
-511151	-244409.5
-524884	-245122.28
-421115	-245700.08
-282284	-246154.66
-414696	-246463.03
-509829	-246658.16
-524929	-246796.53
-420975	-246958.45
-282432	-247206.44
-414517	-247517.12
-509903	-247869.88
-524840	-248229.86
-420532	-248573.27
-281778	-248869.27
-413745	-249033.5
-509684	-249034.12
-524803	-248874.58
-420915	-248608.83
-282697	-248306.47
-416795	-247983.89
-510073	-247689.48
-524817	-247471.28
-421394	-247384.52
-282946	-247459.22
-415524	-247643.06
-510009	-247900.98
-524826	-248198.56
-421736	-248524.67
-282543	-248869.73
-416598	-249169.53
-510402	-249401.56
-524846	-249565.0
-422743	-249691.27
-282913	-249815.48
-416724	-249910.94
-510411	-249984.03
-524741	-250050.53
-421021	-250148.38
-282023	-250308.78
-414796	-250497.5
-510136	-250706.92
-524759	-250935.45
-420397	-251202.17
-281718	-251506.73
-414684	-251796.53
-510021	-252079.14
-524734	-252309.02
-419725	-252470.47
-279768	-252557.02
-423762	-252533.2
-512231	-252442.52
-524750	-252281.78
-420423	-252084.3
-282614	-251889.75
-415807	-251712.14
-510184	-251601.75
-524699	-251553.66
-419651	-251574.56
-282172	-251661.98
-416205	-251764.94
-510389	-251889.73
-524760	-251994.86
-421223	-252059.23
-282698	-252078.36
-417213	-252023.56
-510557	-251939.33
-524695	-251830.83
-419942	-251724.27
-283161	-251650.64
-417485	-251598.34
-510709	-251608.47
-524747	-251664.95
-420836	-251756.86
-283176	-251873.27
-417242	-251968.22
-510579	-252055.28
-524766	-252110.77
-421029	-252132.53
-282998	-252132.31
-418418	-252097.52
-511040	-252072.11
-524679	-252056.66
-420136	-252059.61
-282830	-252088.19
-416499	-252116.98
-510318	-252164.55
-524639	-252207.06
-419616	-252232.52
-282913	-252238.81
-417053	-252205.25
-510332	-252166.7
-524655	-252122.86
-420191	-252091.31
-282612	-252094.6
-418527	-252121.05
-511128	-252205.56
-524627	-252330.97
-419805	-252487.7
-281723	-252664.1
-424305	-252809.27
-512255	-252935.28
-524621	-253006.8
-419593	-253016.38
-281454	-252969.47
-423070	-252841.75
-511659	-252681.58
-524569	-252492.6
-419421	-252299.73
-282717	-252132.4
-417582	-251978.92
-510880	-251886.55
-524416	-251846.4
-418577	-251863.58
-283135	-251941.53
-417924	-252039.48
-510479	-252178.88
-524521	-252327.66
-418966	-252473.08
-282935	-252609.34
-416794	-252692.31
-510285	-252750.83
-524470	-252767.36
-419909	-252750.33
-283321	-252719.58
-418579	-252659.39
-511071	-252623.55
-524487	-252612.02
-420019	-252639.6
-284339	-252718.78
-420256	-252811.5
-510655	-252938.67
-524389	-253058.53
-419479	-253146.42
-282443	-253183.9
-415976	-253117.44
-510108	-252973.53
-524318	-252740.78
-418924	-252445.28
-282215	-252133.17
-417025	-251816.19
-510692	-251577.97
-524358	-251442.44
-418356	-251439.78
-282806	-251586.56
-418165	-251833.73
-510309	-252183.0
-524367	-252565.73
-418056	-252929.58
-280771	-253229.98
-424077	-253388.98
-511937	-253423.92
-524367	-253315.36
-419545	-253092.14
-283380	-252806.5
-418121	-252476.5
-510904	-252192.27
-524314	-251980.47
-418564	-251873.33
-283444	-251888.83
-418873	-251979.88
-510559	-252156.14
-524367	-252359.98
-418289	-252556.39
-282608	-252721.31
-417139	-252799.4
-510251	-252823.0
-524352	-252783.33
-418659	-252707.64
-282782	-252634.3
-416899	-252556.95
-510564	-252533.52
-524291	-252556.12
-418102	-252627.22
-284653	-252741.52
-419707	-252843.06
-510810	-252945.8
-524216	-253008.97
-416930	-253024.67
-284278	-252997.25
-418104	-252898.97
-510577	-252781.17
-524201	-252643.4
-416784	-252510.08
-283477	-252405.95
-417614	-252306.25
-510425	-252251.72
-524138	-252221.3
-415937	-252215.69
-283398	-252238.86
-418742	-252254.03
-511147	-252300.66
-524114	-252365.4
-415992	-252462.4
-284133	-252606.7
-420190	-252767.58
-510908	-252978.69
-524177	-253208.62
-417254	-253444.05
-281779	-253669.83
-426103	-253822.67
-512588	-253922.62
-524067	-253933.62
-416311	-253859.55
-283142	-253719.28
-417274	-253497.52
-510439	-253258.66
-524102	-253011.52
-416671	-252787.48
-282171	-252614.34
-418052	-252465.3
-510824	-252376.61
-524107	-252319.05
-416482	-252284.81
-283214	-252269.19
-418109	-252227.61
-510261	-252195.88
-523952	-252159.17
-415471	-252135.47
-282837	-252149.4
-417034	-252180.22
-510056	-252275.1
-524029	-252414.6
-417636	-252595.22
-283568	-252808.61
-419022	-252994.27
-510904	-253163.58
-524046	-253272.1
-417481	-253308.1
-283654	-253273.73
-419321	-253137.86
-510437	-252952.86
-523972	-252720.5
-417012	-252472.58
-282431	-252244.83
-416727	-252023.75
-510060	-251862.9
-523986	-251751.69
-417004	-251697.94
-282524	-251708.62
-417758	-251742.48
-510652	-251830.0
-523971	-251944.27
-416729	-252083.52
-283064	-252251.03
-418970	-252405.5
-510379	-252577.5
-523915	-252739.78
-415967	-252888.56
-280247	-253025.19
-424660	-253104.19
-512074	-253162.0
-523972	-253173.9
-416976	-253148.22
-282211	-253101.06
-416996	-253004.94
-510638	-252905.44
-523931	-252791.0
-417047	-252673.16
-283604	-252565.28
-419977	-252435.28
-510670	-252323.2
-523954	-252212.34
-417260	-252112.81
-283673	-252041.88
-419682	-251973.03
-510664	-251954.3
-523949	-251972.02
-417346	-252035.9
-282804	-252152.42
-417370	-252277.25
-510471	-252432.14
-523901	-252577.34
-416547	-252698.81
-282552	-252788.97
-418247	-252802.42
-510401	-252774.66
-523843	-252692.7
-415523	-252576.89
-281774	-252455.52
-416602	-252313.12
-510303	-252202.47
-523836	-252112.86
-415441	-252052.77
-282009	-252027.53
-417412	-251994.55
-510462	-251982.9
-523847	-251968.44
-416936	-251959.45
-284318	-251973.6
-421202	-251990.97
-511207	-252066.14
-524181	-252192.17
-417664	-252380.1
-284041	-252632.9
-419857	-252895.58
-511332	-253175.19
-524287	-253413.3
-416134	-253577.52
-276594	-253649.39
-430375	-253572.08
-516444	-253391.06
-524402	-253106.2
-416594	-252762.48
-283002	-252418.12
-418940	-252086.83
-511083	-251847.27
-524375	-251701.45
-415788	-251660.75
-283024	-251719.02
-418408	-251809.77
-511084	-251930.48
-524360	-252022.05
-416237	-252060.9
-283247	-252043.56
-418720	-251940.9
-511135	-251813.64
-524362	-251676.62
-417297	-251574.22
-284551	-251549.47
-421118	-251588.31
-511369	-251731.05
-524277	-251941.66
-416868	-252195.03
-284660	-252459.45
-421028	-252659.5
-511305	-252799.97
-524141	-252841.23
-416089	-252787.36
-283161	-252662.48
-418952	-252459.1
-510889	-252247.97
-524019	-252041.3
-415956	-251872.12
-283244	-251764.53
-420190	-251687.23
-511084	-251671.23
-523949	-251684.34
-415347	-251719.06
-283746	-251773.86
-419459	-251810.03
-510831	-251867.39
-523836	-251932.05
-415304	-252017.97
-282957	-252138.38
-418370	-252257.11
-510575	-252401.23
-523724	-252533.94
-414331	-252641.12
-277719	-252714.05
-434159	-252700.25
-516960	-252641.38
-523724	-252526.39
-415849	-252384.19
-283797	-252255.03
-419344	-252135.1
-510802	-252088.08
-523604	-252106.77
-415026	-252196.42
-282587	-252348.94
-417829	-252501.48
-510466	-252656.2
-523591	-252759.89
-415262	-252795.23
-282556	-252762.86
-419977	-252635.11
-510876	-252471.98
-523550	-252284.34
-414992	-252111.17
-283173	-251987.86
-418937	-251893.69
-510674	-251864.77
-523516	-251864.38
-414927	-251871.47
-282757	-251866.11
-418256	-251790.86
-510479	-251671.5
-523446	-251494.66
-414295	-251291.16
-282069	-251106.98
-419456	-250950.81
-510707	-250898.2
-523428	-250953.78
-414064	-251130.45
-282696	-251420.12
-418932	-251754.42
-510476	-252122.2
-523355	-252454.3
-414184	-252715.75
-282324	-252890.66
-418332	-252943.66
-510494	-252930.62
-523422	-252868.38
-414704	-252808.33
-282992	-252802.23
-420873	-252846.4
-511126	-252988.78
-523381	-253196.28
-413826	-253443.38
-281471	-253693.75
-426397	-253861.08
-512259	-253944.42
-523307	-253894.12
-414071	-253713.72
-282678	-253431.22
-418436	-253050.55
-510312	-252658.0
-523321	-252285.86
-413734	-251985.28
-282742	-251796.33
-421098	-251698.86
-511191	-251727.75
-523287	-251844.67
-413341	-252030.4
-282911	-252264.81
-419152	-252488.61
-510484	-252719.23
-523262	-252922.47
-413437	-253097.12
-282874	-253246.08
-418955	-253330.9
-510509	-253382.19
-523426	-253372.84
-414107	-253304.34
-282903	-253184.81
-420489	-252987.42
-511446	-252767.1
-523449	-252529.47
-413660	-252314.4
-283554	-252162.92
-419926	-252066.88
-510843	-252075.98
-523374	-252164.12
-412814	-252313.77
-282813	-252493.06
-420029	-252620.52
-510584	-252688.66
-523292	-252645.95
-413999	-252489.5
-282773	-252246.44
-419960	-251926.89
-511124	-251632.89
-523244	-251415.34
-413130	-251345.81
-282251	-251477.19
-418373	-251787.16
-510353	-252287.75
-523175	-252898.66
-411802	-253541.58
-280462	-254127.56
-427617	-254529.83
-512487	-254721.48
-523146	-254646.83
-412892	-254322.53
-282370	-253805.89
-418729	-253142.4
-510761	-252465.05
-523083	-251848.48
-411754	-251377.89
-283199	-251109.73
-420327	-251024.06
-510555	-251136.88
-523169	-251378.3
-411752	-251689.83
-282501	-252010.66
-418901	-252247.88
-510266	-252398.88
-523149	-252427.19
-412819	-252348.14
-282758	-252197.39
-419130	-251979.66
-510824	-251773.64
-523155	-251594.45
-413029	-251473.2
-283611	-251428.31
-421233	-251422.44
-510826	-251480.03
-523180	-251560.88
-412410	-251651.23
-282711	-251740.66
-419351	-251782.47
-510363	-251806.61
-523010	-251791.8
-412338	-251747.61
-282661	-251690.11
-418979	-251595.84
-510732	-251514.22
-523222	-251438.88
-412969	-251391.38
-283514	-251394.97
-421093	-251427.56
-510971	-251535.48
-523287	-251699.25
-412627	-251918.47
-282759	-252185.08
-424094	-252438.25
-511540	-252686.42
-523241	-252877.73
-411129	-252993.05
-279914	-253024.67
-425920	-252933.75
-512393	-252775.38
-523121	-252551.0
-411117	-252304.06
-283174	-252082.39
-419932	-251885.9
-510593	-251774.22
-523057	-251734.44
-410936	-251764.02
-282880	-251847.86
-419353	-251921.86
-510776	-251991.42
-523026	-252011.67
-410589	-251977.75
-283225	-251901.19
-418693	-251767.64
-510433	-251642.44
-523062	-251538.52
-410633	-251490.92
-283341	-251525.02
-421921	-251608.67
-511037	-251765.61
-523024	-251947.78
-411079	-252128.9
-283222	-252283.28
-419377	-252352.88
-510645	-252363.39
-523013	-252299.48
-411097	-252188.97
-282258	-252069.05
-417039	-251938.86
-510028	-251861.64
-522939	-251832.33
-409394	-251858.5
-281231	-251933.25
-418633	-251997.55
-510652	-252058.97
-522811	-252070.92
-408037	-252026.7
-281611	-251933.95
-418232	-251775.84
-510251	-251618.9
-522900	-251478.72
-409631	-251398.27
-282992	-251410.64
-419711	-251492.78
-510439	-251673.66
-522980	-251906.64
-410221	-252161.25
-281187	-252401.88
-429834	-252552.42
-513507	-252628.47
-523058	-252592.55
-411475	-252460.9
-284381	-252266.39
-421761	-252010.39
-510997	-251768.1
-522981	-251553.2
-411096	-251396.4
-283966	-251315.11
-420309	-251273.17
-510686	-251293.31
-522979	-251335.75
-410607	-251388.39
-282558	-251444.11
-419994	-251464.42
-510935	-251490.27
-522757	-251511.28
-408975	-251548.28
-282164	-251620.3
-418234	-251699.45
-510173	-251818.64
-522684	-251944.19
-408108	-252064.61
-281686	-252163.86
-417915	-252189.95
-510074	-252167.34
-522703	-252074.78
-409224	-251931.44
-282846	-251766.9
-420864	-251577.31
-511026	-251431.16
-522733	-251333.94
-410318	-251310.88
-284570	-251374.39
-422734	-251485.23
-510951	-251663.0
-522742	-251863.48
-409903	-252068.62
-283071	-252263.12
-419524	-252398.61
-510340	-252504.58
-522592	-252562.14
-408591	-252586.58
-281866	-252596.33
-418030	-252570.25
-510346	-252554.0
-522482	-252530.38
-406102	-252507.4
-279151	-252487.28
-426254	-252428.42
-511883	-252364.61
-522445	-252268.64
-406136	-252150.33
-281723	-252020.88
-420079	-251854.8
-510302	-251699.77
-522344	-251545.61
-406174	-251411.14
-278869	-251311.27
-412219	-251220.83
-509030	-251178.98
-521987	-251167.12
-400497	-251196.31
-277309	-251271.14
-412771	-251357.11
-508399	-251483.97
-521726	-251622.2
-398129	-251769.45
-274615	-251915.45
-408171	-252010.75
-507416	-252072.58
-521276	-252067.0
-394051	-251997.92
-274428	-251870.06
-409621	-251662.8
-507934	-251430.02
-521488	-251176.78
-397444	-250941.25
-277626	-250753.19
-413989	-250598.97
-508379	-250521.02
-521737	-250495.1
-402026	-250516.3
-283628	-250566.66
-421834	-250591.98
-510192	-250610.6
-522173	-250592.19
-408523	-250548.36
-287482	-250502.39
-424329	-250450.3
-511106	-250463.73
-522343	-250554.94
-408544	-250755.1
-286780	-251079.27
-422970	-251485.47
-510581	-251981.69
-522185	-252502.97
-403382	-253003.58
-280144	-253435.2
-425687	-253718.52
-511789	-253864.52
-522163	-253841.75
-404801	-253676.1
-283313	-253407.42
-418752	-253052.66
-510067	-252699.92
-522155	-252376.16
-404187	-252125.11
-282133	-251969.42
-417507	-251875.9
-509607	-251861.62
-521873	-251875.08
-400946	-251891.72
-279469	-251884.6
-413351	-251800.9
-508898	-251667.58
-521731	-251470.45
-399268	-251239.12
-279167	-251006.92
-414458	-250774.02
-509167	-250604.67
-521918	-250501.4
-402277	-250486.22
-282856	-250566.31
-420371	-250703.84
-510179	-250922.38
-522089	-251184.12
-404489	-251480.58
-284937	-251798.81
-421438	-252090.75
-510531	-252376.52
-522156	-252619.0
-404169	-252809.42
-283211	-252935.34
-418011	-252950.58
-509909	-252880.36
-521984	-252701.3
-402227	-252431.61
-281921	-252097.66
-418366	-251701.9
-509907	-251324.08
-522029	-250989.8
-401169	-250753.16
-282103	-250650.73
-418335	-250666.56
-510062	-250830.9
-522144	-251093.28
-401025	-251416.95
-279550	-251748.44
-425605	-251992.27
-512128	-252134.31
-522384	-252113.75
-403410	-251925.2
-283586	-251582.05
-421124	-251083.5
-510895	-250511.61
-522568	-249897.9
-403486	-249301.27
-284670	-248764.28
-420981	-248278.11
-510841	-247881.81
-522591	-247540.83
-403313	-247239.8
-284007	-246953.84
-420649	-246626.77
-510641	-246279.78
-522444	-245891.7
-402520	-245485.62
-282673	-245092.7
-420166	-244716.39
-510679	-244429.61
-522356	-244242.73
-402121	-244190.03
-282917	-244289.34
-418315	-244511.77
-510341	-244885.95
-522278	-245378.52
-401548	-245982.33
-282314	-246685.5
-417703	-247441.16
-510100	-248268.25
-522206	-249128.89
-401583	-250011.2
-282349	-250892.7
-419797	-251710.8
-510634	-252465.88
-522253	-253101.19
-401938	-253593.61
-283789	-253923.44
-420054	-254051.23
-510647	-254018.47
-522359	-253826.6
-402732	-253520.77
-283762	-253151.0
-419911	-252735.1
-510681	-252353.38
-522379	-252021.14
-401813	-251769.23
-281247	-251609.2
-429660	-251498.78
-513405	-251459.16
-522674	-251438.66
-402808	-251419.11
-284485	-251378.5
-420695	-251264.47
-511289	-251098.17
-522864	-250852.73
-402138	-250539.33
-283105	-250170.64
-419382	-249730.17
-511154	-249272.98
-522892	-248802.23
-401771	-248355.67
-282634	-247968.02
-420401	-247639.78
-511485	-247437.33
-522786	-247364.89
-401040	-247449.17
-283309	-247698.06
-420257	-248071.56
-511321	-248580.25
-522863	-249164.89
-402076	-249786.94
-284051	-250398.06
-420785	-250918.73
-511298	-251344.1
-522806	-251626.94
-403163	-251767.16
-284497	-251776.16
-423636	-251644.42
-512233	-251439.6
-522844	-251175.3
-403749	-250894.11
-285296	-250626.61
-422300	-250360.06
-511538	-250139.39
-522690	-249944.9
-401949	-249785.05
-283966	-249661.56
-420234	-249544.5
-510947	-249474.8
-522448	-249440.17
-401275	-249460.9
-282872	-249550.11
-420682	-249682.11
-511329	-249890.45
-522250	-250144.05
-399546	-250434.27
-276292	-250742.2
-433169	-251007.4
-516526	-251248.12
-522129	-251424.83
-401038	-251540.88
-283399	-251601.73
-419784	-251588.02
-510541	-251550.12
-521938	-251482.92
-401143	-251410.86
-283461	-251348.38
-421852	-251270.11
-511222	-251211.78
-521888	-251151.02
-400919	-251091.34
-283438	-251031.69
-420555	-250942.94
-510581	-250860.84
-521749	-250769.78
-400330	-250681.97
-283125	-250602.48
-420330	-250504.25
-510466	-250418.05
-521721	-250320.02
-400828	-250212.66
-283650	-250094.42
-422662	-249941.12
-511141	-249795.17
-521629	-249652.27
-399949	-249539.66
-282891	-249479.89
-420637	-249461.77
-510495	-249527.97
-521597	-249655.36
-399376	-249838.28
-282388	-250054.19
-419709	-250244.48
-510287	-250412.7
-521584	-250514.3
-399847	-250549.86
-282544	-250528.86
-421024	-250443.53
-510844	-250362.84
-521501	-250306.44
-399412	-250322.88
-282861	-250442.11
-421307	-250643.25
-510571	-250949.81
-521514	-251309.06
-398773	-251685.31
-279450	-252029.31
-432960	-252257.7
-515969	-252372.48
-521547	-252333.58
-399880	-252155.9
-282730	-251870.84
-420426	-251492.56
-510598	-251108.12
-521468	-250747.45
-399252	-250461.8
-283339	-250278.97
-421931	-250176.61
-510529	-250178.55
-521454	-250240.52
-399163	-250341.55
-283014	-250453.7
-420737	-250525.95
-510495	-250579.69
-521465	-250594.72
-399027	-250588.56
-283007	-250580.28
-420039	-250560.67
-510515	-250580.44
-521425	-250631.27
-399228	-250727.23
-283468	-250869.92
-421893	-251024.52
-510624	-251216.94
-521371	-251416.12
-398405	-251621.22
-282381	-251824.3
-419969	-251984.55
-510411	-252122.19
-521292	-252200.92
-397328	-252215.75
-281451	-252155.17
-418169	-251982.77
-510101	-251732.95
-521300	-251400.11
-397936	-251021.33
-283114	-250638.8
-422184	-250272.12
-510745	-250004.39
-521403	-249855.95
-398816	-249862.28
-283965	-250029.3
-422822	-250309.3
-511100	-250694.42
-521557	-251107.53
-398720	-251494.97
-281616	-251801.56
-429221	-251954.8
-512854	-251973.52
-521591	-251841.36
-399494	-251599.83
-283830	-251299.7
-422300	-250966.84
-510897	-250686.02
-521406	-250472.47
-397429	-250352.42
-282787	-250323.58
-421666	-250334.47
-510842	-250385.48
-521324	-250422.16
-396169	-250429.19
-281141	-250397.1
-418527	-250303.88
-510401	-250203.19
-521335	-250104.94
-396702	-250049.56
-282556	-250061.77
-422325	-250120.25
-510916	-250250.12
-521412	-250404.98
-398027	-250559.2
-283912	-250677.47
-422716	-250702.44
-511226	-250653.39
-521441	-250514.66
-398544	-250318.33
-283741	-250102.9
-421714	-249880.94
-511054	-249722.23
-521442	-249629.8
-398504	-249618.34
-284090	-249675.84
-423740	-249746.61
-511159	-249831.44
-521317	-249878.98
-397004	-249882.48
-283486	-249844.23
-421530	-249757.67
-510931	-249693.0
-521265	-249673.94
-396428	-249751.02
-282305	-249951.9
-420098	-250251.36
-510656	-250660.3
-521297	-251111.03
-396016	-251551.69
-280406	-251918.22
-429702	-252122.61
-512924	-252167.88
-521305	-252023.12
-397129	-251723.83
-284073	-251322.16
-422271	-250856.23
-511013	-250428.77
-521307	-250077.67
-396814	-249850.97
-283447	-249761.81
-421937	-249767.55
-510971	-249866.34
-521348	-249991.53
-397659	-250107.16
-283696	-250181.03
-423440	-250169.05
-511326	-250110.89
-521375	-250008.52
-397536	-249905.3
-284381	-249837.4
-422909	-249803.0
-511247	-249846.94
-521354	-249940.16
-397015	-250067.52
-283262	-250193.94
-421525	-250253.67
-510969	-250248.89
-521273	-250142.36
-396476	-249948.17
-282479	-249690.92
-422084	-249380.98
-511123	-249099.4
-521194	-248870.12
-395802	-248739.66
-283297	-248729.58
-421192	-248812.52
-510958	-249005.1
-521250	-249257.28
-395817	-249544.97
-283129	-249836.39
-421716	-250079.39
-511050	-250295.22
-521356	-250464.02
-397407	-250606.58
-284047	-250741.06
-428411	-250855.52
-512415	-250996.39
-521442	-251145.8
-397118	-251305.83
-283157	-251462.19
-431340	-251563.08
-513302	-251626.06
-521382	-251606.72
-397037	-251505.44
-283670	-251325.62
-421927	-251048.64
-511087	-250726.27
-521276	-250361.8
-395837	-249991.9
-282374	-249643.89
-422156	-249313.4
-511424	-249054.05
-521189	-248859.22
-394769	-248750.6
-282692	-248734.08
-421361	-248782.45
-511122	-248923.66
-521174	-249125.38
-395236	-249381.14
-283801	-249669.67
-423356	-249937.61
-511206	-250193.45
-521267	-250394.02
-396701	-250534.6
-283895	-250611.16
-423997	-250602.39
-511766	-250559.83
-521259	-250486.92
-396342	-250423.14
-284699	-250394.84
-423876	-250391.3
-511528	-250451.23
-521230	-250543.03
-395756	-250653.72
-283616	-250752.23
-422374	-250777.83
-511132	-250735.94
-521205	-250591.33
-395938	-250357.98
-283464	-250060.06
-424232	-249710.44
-511827	-249394.3
-521176	-249144.22
-395174	-249016.31
-283992	-249040.5
-423132	-249196.02
-511343	-249498.38
-521115	-249885.66
-394266	-250312.92
-281200	-250719.88
-430273	-251019.1
-513128	-251207.1
-521185	-251237.84
-395601	-251127.77
-283371	-250907.6
-423270	-250595.66
-511591	-250281.31
-521116	-249997.97
-394844	-249801.48
-283377	-249720.81
-422826	-249736.44
-511305	-249869.42
-521126	-250070.19
-395238	-250309.72
-283768	-250547.72
-422853	-250719.4
-511258	-250831.6
-521207	-250850.9
-396299	-250789.5
-284401	-250663.58
-424307	-250470.2
-511837	-250271.22
-521218	-250073.86
-395843	-249911.02
-284727	-249798.42
-424783	-249714.19
-511579	-249689.1
-521067	-249691.55
-394489	-249717.62
-282828	-249752.02
-421752	-249753.14
-511226	-249743.92
-521034	-249699.28
-393889	-249633.1
-282841	-249556.69
-422730	-249460.02
-511531	-249398.62
-521033	-249375.67
-394340	-249424.28
-284216	-249562.42
-425049	-249772.11
-511662	-250086.1
-521064	-250469.08
-395034	-250906.75
-284235	-251364.03
-424239	-251772.23
-511604	-252122.66
-521168	-252356.81
-395524	-252458.86
-282826	-252418.28
-432368	-252210.53
-513702	-251895.03
-521094	-251483.27
-395079	-251031.6
-284580	-250587.16
-425369	-250164.19
-511531	-249828.78
-520936	-249576.19
-393131	-249420.3
-282061	-249351.64
-421049	-249323.7
-510926	-249346.72
-520877	-249378.17
-392662	-249415.47
-282069	-249453.45
-421439	-249470.61
-511175	-249511.2
-520996	-249568.95
-394693	-249667.36
-285266	-249812.62
-426239	-249975.67
-511662	-250178.5
-521132	-250379.16
-396038	-250563.73
-285742	-250709.58
-425758	-250772.39
-511941	-250778.9
-521149	-250711.52
-395256	-250597.52
-284546	-250460.9
-424191	-250302.03
-511731	-250179.64
-521001	-250090.4
-393696	-250052.88
-283628	-250064.2
-423605	-250084.8
-511428	-250129.66
-520898	-250158.64
-392829	-250169.55
-283199	-250157.4
-422667	-250100.45
-511491	-250046.03
-520921	-249993.34
-393166	-249975.34
-283817	-250009.56
-423586	-250078.67
-511618	-250213.47
-521026	-250379.02
-394054	-250562.22
-282727	-250735.3
-433972	-250840.98
-513894	-250895.89
-521034	-250864.27
-394461	-250759.83
-284637	-250597.94
-424080	-250375.16
-511691	-250153.61
-520998	-249940.58
-393826	-249771.4
-283881	-249663.1
-423476	-249597.06
-511622	-249605.28
-521013	-249659.6
-394042	-249761.05
-283934	-249898.64
-424887	-250035.14
-511755	-250196.3
-520995	-250353.3
-393562	-250510.33
-283747	-250659.03
-423499	-250761.17
-511624	-250836.38
-520949	-250849.14
-393429	-250799.08
-283488	-250681.1
-422656	-250472.2
-511396	-250220.28
-520914	-249928.84
-393559	-249642.38
-283762	-249397.55
-424692	-249200.55
-511702	-249110.1
-520927	-249114.89
-392998	-249220.97
-284222	-249407.05
-424003	-249615.25
-511632	-249841.16
-520934	-250029.55
-393483	-250167.75
-284345	-250246.66
-424907	-250249.25
-511724	-250233.56
-520997	-250212.61
-394362	-250234.98
-284779	-250332.06
-425903	-250494.36
-511974	-250754.34
-521020	-251067.06
-393556	-251405.19
-283289	-251718.27
-432911	-251924.58
-513731	-252015.12
-520957	-251936.05
-392926	-251691.3
-283194	-251296.92
-422127	-250763.44
-511358	-250176.05
-520889	-249575.27
-392412	-249032.62
-283054	-248600.77
-423586	-248291.38
-511771	-248158.84
-521014	-248183.56
-392667	-248363.81
-284961	-248672.67
-425439	-249050.34
-512022	-249492.39
-521176	-249940.4
-393981	-250371.03
-285567	-250755.47
-425428	-251045.53
-512249	-251259.83
-521467	-251369.61
-395482	-251387.36
-286017	-251322.89
-427356	-251166.83
-512856	-250976.03
-521484	-250754.8
-394380	-250540.23
-285424	-250354.73
-424671	-250186.4
-512230	-250072.62
-521353	-249986.4
-392946	-249925.11
-283746	-249870.44
-422838	-249777.62
-511801	-249667.7
-521227	-249518.2
-392650	-249352.88
-283865	-249197.23
-425055	-249060.17
-512327	-249013.42
-521344	-249068.45
-393809	-249257.45
-285557	-249582.12
-425316	-249996.73
-512239	-250492.86
-521300	-250992.72
-393555	-251444.52
-283594	-251789.14
-433478	-251954.12
-514161	-251954.52
-521376	-251770.98
-395331	-251446.95
-285577	-251036.08
-427049	-250575.28
-512799	-250163.3
-521297	-249831.86
-394376	-249627.31
-285443	-249561.0
-425385	-249594.62
-512243	-249729.28
-521282	-249900.16
-393667	-250073.0
-285216	-250207.98
-426783	-250253.45
-512424	-250234.6
-521416	-250137.62
-396124	-249994.92
-285972	-249835.39
-427253	-249662.42
-512923	-249534.42
-521325	-249445.61
-394283	-249413.16
-285067	-249433.58
-425239	-249470.84
-512246	-249544.7
-521306	-249621.06
-393789	-249702.0
-284374	-249782.56
-424119	-249834.73
-512069	-249891.3
-521299	-249931.44
-393569	-249965.47
-283964	-249991.97
-425029	-249983.67
-512552	-249973.94
-521216	-249945.83
-393052	-249920.95
-284409	-249914.45
-424857	-249919.95
-512170	-249989.11
-521247	-250114.05
-393587	-250310.86
-284799	-250570.95
-424643	-250845.2
-512134	-251131.53
-521229	-251365.22
-393159	-251515.25
-278973	-251547.9
-438972	-251413.36
-517911	-251151.84
-521333	-250764.31
-394024	-250307.4
-284952	-249840.19
-425173	-249398.27
-512492	-249068.52
-521320	-248867.4
-393587	-248823.17
-285212	-248927.89
-425842	-249127.22
-512466	-249411.12
-521415	-249710.5
-394292	-249993.22
-285520	-250229.34
-426629	-250381.77
-512871	-250490.39
-521375	-250554.9
-393816	-250615.17
-285373	-250698.5
-426946	-250797.72
-512622	-250949.78
-521302	-251119.98
-392451	-251294.06
-284780	-251437.02
-425876	-251487.92
-512406	-251453.98
-521198	-251302.7
-391987	-251054.5
-283720	-250735.69
-423931	-250360.45
-512264	-250008.36
-521198	-249701.33
-392197	-249484.25
-285220	-249374.17
-426746	-249344.9
-512484	-249412.88
-521200	-249530.05
-392562	-249677.81
-285208	-249830.39
-426209	-249947.62
-512556	-250060.19
-521277	-250157.62
-393339	-250270.16
-285134	-250418.78
-425341	-250595.69
-512531	-250838.86
-521262	-251119.19
-393754	-251425.36
-283837	-251724.34
-439767	-251948.83
-517979	-252101.97
-521316	-252134.61
-393554	-252051.08
-285305	-251861.22
-425867	-251566.16
-512492	-251237.9
-521228	-250900.9
-392431	-250610.61
-283902	-250403.19
-423567	-250276.39
-512214	-250270.17
-521212	-250355.06
-392295	-250522.86
-284619	-250744.19
-425746	-250962.34
-512367	-251179.48
-521241	-251347.42
-392134	-251459.4
-284417	-251503.48
-425222	-251450.45
-512548	-251336.47
-521276	-251149.81
-392639	-250917.7
-284816	-250660.31
-425305	-250376.94
-512661	-250126.3
-521336	-249913.22
-393497	-249771.14
-285868	-249712.94
-427850	-249716.86
-512867	-249806.77
-521333	-249938.89
-393611	-250093.27
-285592	-250234.23
-431281	-250301.3
-513564	-250305.66
-521186	-250217.55
-392824	-250060.61
-284502	-249865.28
-424442	-249652.92
-512406	-249508.78
-521221	-249461.05
-392292	-249558.17
-284701	-249814.44
-426346	-250191.67
-512551	-250684.58
-521201	-251212.0
-391244	-251715.97
-283092	-252127.19
-433475	-252362.95
-514511	-252429.23
-521268	-252299.14
-392514	-252014.31
-285034	-251626.23
-425702	-251175.55
-512600	-250762.58
-521288	-250424.06
-392862	-250209.97
-285684	-250134.69
-428360	-250163.42
-512850	-250301.92
-521262	-250488.73
-392465	-250693.16
-285703	-250878.53
-426304	-250994.67
-512620	-251062.67
-521179	-251061.03
-391883	-251011.16
-284476	-250925.12
-424886	-250789.45
-512492	-250644.36
-521247	-250473.22
-392094	-250290.48
-284514	-250100.3
-426272	-249886.1
-512656	-249696.89
-521196	-249532.66
-391894	-249431.0
-285546	-249413.61
-426502	-249468.48
-512619	-249627.25
-521235	-249849.73
-392294	-250113.19
-285109	-250372.2
-425827	-250554.03
-512597	-250653.73
-521181	-250630.22
-392052	-250501.28
-284339	-250300.4
-425379	-250058.94
-512499	-249880.38
-521116	-249812.62
-390776	-249922.48
-284309	-250235.6
-423862	-250716.75
-512092	-251350.23
-520953	-252034.83
-389253	-252685.69
-281688	-253202.33
-430859	-253474.78
-513862	-253488.03
-520959	-253207.88
-389550	-252682.42
-283400	-251982.72
-425310	-251179.56
-512511	-250410.67
-521122	-249748.83
-391651	-249276.06
-286910	-249027.23
-427179	-248976.02
-512754	-249119.84
-521132	-249378.14
-392159	-249693.1
-289207	-249995.95
-434861	-250208.88
-514137	-250337.03
-521207	-250351.56
-393000	-250281.42
-285352	-250159.0
-426359	-249999.3
-512861	-249875.94
-520987	-249799.53
-390910	-249804.4
-284736	-249898.1
-423909	-250051.86
-511935	-250284.81
-520794	-250555.11
-389589	-250852.38
-283648	-251150.78
-423442	-251401.28
-511941	-251613.67
-520821	-251746.3
-389831	-251795.48
-284194	-251749.88
-426093	-251583.55
-512706	-251338.84
-520858	-251015.95
-390677	-250659.97
-285699	-250311.47
-426487	-249990.98
-512441	-249773.45
-520858	-249668.38
-390954	-249704.0
-285388	-249874.5
-426316	-250130.48
-512372	-250463.69
-520879	-250800.95
-390573	-251103.83
-282921	-251328.56
-435146	-251420.47
-514952	-251414.23
-520944	-251299.17
-391468	-251122.97
-286063	-250931.2
-426891	-250743.66
-512601	-250628.77
-520965	-250584.33
-391699	-250621.1
-286206	-250719.38
-426657	-250820.47
-512431	-250918.53
-520946	-250956.61
-391480	-250923.27
-285213	-250812.86
-426636	-250612.66
-512764	-250384.88
-520730	-250146.19
-389527	-249948.56
-284434	-249823.55
-425501	-249764.17
-512189	-249804.55
-520661	-249907.02
-389326	-250057.14
-284637	-250221.66
-425169	-250346.3
-512214	-250443.16
-520802	-250482.66
-391645	-250482.81
-286317	-250459.06
-428410	-250407.84
-513076	-250381.38
-520929	-250369.94
-392439	-250385.81
-287349	-250416.38
-429117	-250417.44
-512936	-250400.31
-520835	-250324.17
-390762	-250193.7
-285697	-250014.17
-427166	-249781.8
-512784	-249561.22
-520882	-249367.16
-391379	-249245.64
-285396	-249217.27
-425954	-249263.88
-512581	-249403.47
-520805	-249584.66
-390411	-249779.53
-284159	-249946.81
-437134	-250025.69
-514944	-250039.75
-520777	-249969.36
-391120	-249857.2
-286678	-249749.3
-427827	-249674.19
-512953	-249714.53
-520777	-249883.34
-389931	-250204.53
-286128	-250660.98
-427451	-251186.53
-512764	-251752.53
-520846	-252267.34
-391906	-252675.56
-286327	-252922.45
-429811	-252953.22
-513296	-252798.38
-520923	-252459.22
-392166	-251991.42
-287766	-251449.73
-429811	-250867.61
-513221	-250329.3
-520992	-249851.48
-392606	-249467.6
-286365	-249183.8
-427596	-248970.25
-512917	-248848.84
-520949	-248785.11
-392355	-248780.95
-286165	-248829.9
-429740	-248904.23
-513396	-249036.31
-520900	-249199.61
-391501	-249397.58
-285456	-249613.88
-427032	-249802.61
-512830	-249975.4
-520890	-250089.88
-390714	-250148.36
-285227	-250152.27
-427321	-250090.75
-512726	-250024.55
-520882	-249965.5
-391617	-249959.69
-285123	-250034.0
-428479	-250175.94
-513132	-250414.27
-520939	-250704.31
-392097	-251020.88
-285385	-251318.55
-438222	-251526.11
-515294	-251647.5
-521011	-251640.58
-392874	-251522.27
-287390	-251315.53
-430520	-251033.8
-513216	-250755.75
-520956	-250502.9
-391457	-250319.62
-285597	-250221.56
-429403	-250179.97
-513362	-250208.89
-520826	-250253.9
-390102	-250292.0
-286137	-250290.25
-429306	-250203.64
-513007	-250060.58
-520844	-249851.45
-391456	-249614.73
-287660	-249384.06
-431616	-249171.78
-513392	-249044.33
-520964	-249002.47
-393544	-249067.7
-289762	-249234.12
-435464	-249461.92
-514412	-249762.83
-521052	-250087.92
-393436	-250422.9
-290876	-250742.4
-433209	-251002.69
-513752	-251222.31
-520900	-251366.6
-391497	-251438.94
-288409	-251432.11
-432626	-251319.89
-513676	-251140.75
-521289	-250886.19
-397929	-250589.86
-294421	-250283.19
-439495	-249980.78
-515096	-249760.36
-521127	-249638.66
-394035	-249655.34
-296088	-249818.8
-445107	-250093.9
-515945	-250486.36
-521502	-250924.48
-397489	-251357.67
-291312	-251723.02
-444114	-251940.05
-516472	-252011.92
-521334	-251903.89
-394946	-251645.34
-289641	-251278.23
-432419	-250838.1
-513911	-250426.2
-520799	-250083.4
-388379	-249871.4
-283707	-249815.17
-425061	-249891.47
-512681	-250109.42
-520584	-250405.52
-386569	-250741.88
-285201	-251064.61
-428757	-251306.33
-512994	-251472.73
-520721	-251530.22
-389303	-251501.44
-287786	-251406.61
-432914	-251249.61
-514000	-251095.38
-520996	-250947.72
-392599	-250836.0
-294907	-250765.22
-443221	-250708.84
-515309	-250695.86
-521217	-250692.42
-395359	-250697.48
-292831	-250699.31
-437134	-250665.22
-514537	-250624.97
-521312	-250552.89
-394874	-250458.44
-291666	-250339.45
-437089	-250173.69
-514972	-250002.19
-521406	-249813.73
-395914	-249637.94
-291703	-249497.72
-445315	-249394.28
-516480	-249392.55
-521447	-249492.14
-396191	-249716.84
-293164	-250061.8
-439708	-250481.6
-515253	-250974.12
-521545	-251467.16
-397326	-251916.6
-313091	-252264.83
-491578	-252441.08
-519694	-252477.08
-515532	-252347.47
-467626	-252069.78
-466659	-251669.56
-503195	-251212.17
-518412	-250790.62
-502012	-250428.19
-456506	-250144.2
-451651	-249930.8
-484935	-249792.0
-512055	-249742.73
-491071	-249739.11
-453902	-249748.38
-452212	-249743.97
-481646	-249744.55
-505051	-249805.17
-482524	-249932.27
-450604	-250137.05
-448728	-250416.6
-476731	-250779.89
-502259	-251234.23
-487932	-251710.38
-464853	-252129.98
-472153	-252410.42
-502087	-252514.19
-521222	-252450.95
-521125	-252202.86
-496871	-251798.28
-487213	-251296.39
-503803	-250803.77
-517026	-250450.25
-497002	-250289.61
-461550	-250352.78
-458982	-250625.33
-486955	-251082.58
-510409	-251690.27
-490325	-252341.66
-460509	-252939.17
-462972	-253401.72
-491572	-253712.52
-512875	-253913.22
-490916	-254019.6
-460234	-254070.8
-463060	-254099.69
-495449	-254150.34
-517195	-254256.92
-498994	-254358.61
-462718	-254371.31
-464496	-254189.36
-497939	-253744.95
-519394	-253025.84
-506937	-252004.22
-470082	-250722.39
-470931	-249267.25
-501661	-247787.97
-520665	-246465.1
-510318	-245395.98
-474980	-244641.05
-479595	-244192.16
-510586	-244012.5
-523422	-244043.0
-520532	-244142.95
-487311	-244199.48
-488527	-244136.56
-515087	-243971.42
-524036	-243809.44
-519876	-243736.38
-480834	-243868.05
-489055	-244285.78
-520504	-245042.44
-524869	-246132.52
-522078	-247395.77
-492835	-248616.4
-499309	-249545.55
-523257	-249991.06
-525267	-249865.38
-525026	-249129.14
-525616	-247882.12
-527271	-246347.06
-527877	-244851.62
-528255	-243749.69
-527968	-243258.84
-527622	-243476.08
-527715	-244333.7
-528112	-245630.14
-528434	-247054.67
-528149	-248176.67
-527720	-248613.98
-527786	-248125.0
-528251	-246711.23
-528587	-244634.2
-528290	-242314.05
-527814	-240337.53
-527839	-239350.48
-528291	-239962.12
-528679	-242611.73
-528394	-247394.38
-527905	-254095.58
-527930	-262207.5
-528402	-271029.97
-528762	-279770.94
-528519	-287588.97
-528082	-293802.0
-528112	-297972.9
-528574	-299985.28
-528899	-300022.75
-528607	-298425.25
-528220	-295676.84
-528200	-292297.62
-528623	-288782.06
-529068	-285520.7
-528800	-282690.47
-528324	-280345.28
-528301	-278458.66
-528736	-277013.75
-529002	-276042.56
-528581	-275574.94
-528275	-275717.38
-528417	-276618.28
-529001	-278444.12
-529211	-281297.34
-528957	-285075.75
-528516	-289518.25
-528469	-294206.94
-528538	-298641.2
-528969	-302302.28
-528804	-304661.6
-528364	-305353.62
-528351	-304238.3
-528854	-301462.8
-529309	-297429.8
-528974	-292654.28
-528472	-287746.78
-528556	-283300.12
-529004	-279820.75
-529361	-277639.62
-529045	-276793.12
-528557	-277110.47
-528582	-278260.9
-529045	-279857.75
-529411	-281532.94
-529098	-282928.1
-528617	-283826.78
-528662	-284166.28
-529120	-284055.62
-529464	-283717.66
-529119	-283347.4
-528177	-283138.25
-528331	-283224.0
-529191	-283684.9
-529544	-284536.6
-529112	-285657.66
-527427	-286910.2
-527488	-288162.47
-529182	-289349.78
-529529	-290473.88
-528948	-291516.78
-527026	-292498.7
-526302	-293449.34
-527341	-294412.88
-528851	-295414.72
-527236	-296375.94
-526316	-297195.25
-526292	-297772.4
-527129	-298067.47
-528183	-298108.62
-527049	-297927.16
-526356	-297630.44
-526327	-297382.94
-526839	-297405.53
-527223	-297917.3
-526880	-299013.2
-526287	-300711.34
-526274	-302933.3
-526796	-305541.94
-527202	-308346.53
-526881	-311059.2
-526277	-313418.44
-526254	-315220.75
-526749	-316378.97
-527172	-316922.22
-526913	-316904.38
-526394	-316458.84
-526391	-315759.53
-526903	-315013.1
-527325	-314411.47
-527004	-314022.53
-526444	-313860.1
-526442	-313881.12
-526952	-314032.2
-527342	-314259.1
-526983	-314440.4
-526421	-314494.4
-526424	-314378.7
-526920	-314121.88
-527341	-313804.16
-526994	-313457.03
-526431	-313125.8
-526420	-312848.1
-526932	-312674.0
-527320	-312642.72
-527039	-312691.1
-526505	-312773.3
-526458	-312843.34
-527011	-312874.38
-527428	-312846.34
-527087	-312747.25
-526497	-312583.22
-526474	-312378.78
-527020	-312174.88
-527442	-312004.2
-527102	-311881.94
-526474	-311807.9
-526427	-311778.06
-526994	-311785.5
-527452	-311811.44
-527007	-311828.03
-524858	-311810.9
-525405	-311751.28
-527472	-311656.62
-528274	-311538.62
-524913	-311408.6
-494462	-311282.88
-505751	-311173.03
-526846	-311090.53
-528113	-311043.0
-521873	-311023.03
-456996	-311034.12
-474095	-311053.53
-524862	-311065.12
-527992	-311068.38
-518001	-311059.34
-420049	-311055.38
-446857	-311044.03
-522977	-311022.62
-528328	-311003.66
-513476	-310989.06
-386622	-311001.34
-420847	-311019.34
-518726	-311026.44
-525117	-311027.6
-498687	-311020.75
-407616	-311015.9
-426741	-311004.06
-501652	-310979.12
-525142	-310950.3
-522527	-310918.4
-479538	-310891.03
-485313	-310864.84
-522520	-310839.75
-526832	-310816.22
-523400	-310782.72
-485517	-310734.62
-495775	-310658.2
-525450	-310551.8
-527169	-310420.28
-510119	-310266.56
-378209	-310124.3
-409326	-309982.56
-506710	-309840.25
-524874	-309714.4
-464083	-309621.62
-239396	-309610.66
-269208	-309648.25
-430685	-309699.16
-517029	-309748.78
-523597	-309784.8
-382473	-309830.3
-288706	-309887.66
-434466	-309924.28
-517951	-309942.22
-523527	-309950.03
-382819	-309992.88
-292202	-310086.47
-448662	-310197.25
-518283	-310324.44
-505706	-310463.6
-398734	-310627.62
-436632	-310785.4
-517433	-310912.22
-525020	-311010.84
-522731	-311087.1
-494009	-311159.4
-504209	-311240.44
-524837	-311345.03
-525859	-311489.44
-523997	-311678.97
-501208	-311911.97
-506584	-312167.7
-524974	-312415.5
-526123	-312629.44
-524114	-312786.75
-501283	-312883.44
-506746	-312923.94
-525149	-312928.75
-526352	-312938.3
-524211	-312994.53
-499874	-313138.7
-505682	-313385.72
-525255	-313725.44
-526505	-314127.72
-524774	-314540.12
-504381	-314905.72
-508756	-315167.25
-525502	-315287.88
-526579	-315270.0
-525016	-315152.3
-508613	-315010.28
-513243	-314929.2
-525831	-314991.25
-526678	-315254.44
-526019	-315728.4
-519727	-316366.3
-522035	-317060.75
-526404	-317663.3
-526935	-318009.56
-526616	-317948.25
-525854	-317372.1
-525866	-316238.38
-526632	-314577.75
-527109	-312486.28
-526768	-310103.2
-526155	-307579.22
-526157	-305043.97
-526719	-302577.62
-527159	-300197.5
-526827	-297860.0
-526238	-295478.2
-526225	-292951.16
-526790	-290198.2
-527294	-287186.8
-526981	-283949.44
-526401	-280584.12
-526406	-277238.47
-526969	-274084.5
-527378	-271285.06
-527034	-268971.7
-526481	-267231.38
-526479	-266111.22
-527002	-265636.03
-527442	-265837.16
-527110	-266776.28
-526556	-268554.94
-526564	-271304.8
-527073	-275147.22
-527484	-280136.66
-527194	-286189.44
-526651	-293024.16
-526647	-300126.72
-527158	-306758.9
-527567	-312018.72
-527254	-314951.84
-526730	-314697.0
-526712	-310644.38
-527201	-302574.75
-527628	-290748.94
-527297	-275923.0
-526666	-259282.52
-526582	-242295.25
-527119	-226506.31
-527583	-213310.19
-527235	-203740.2
-526425	-198315.64
-526467	-196976.33
-527104	-199119.14
-527562	-203729.05
-527184	-209583.12
-525594	-215486.11
-525918	-220492.03
-527127	-224070.72
-527603	-226186.03
-527062	-227270.88
-523092	-228109.53
-524390	-229647.27
-527189	-232773.8
-527641	-238121.97
-526925	-245921.61
-520082	-255938.48
-522083	-267505.62
-527135	-279645.25
-527779	-291249.0
-526701	-301277.8
-513564	-308945.22
-516897	-313837.4
-527389	-315966.84
-528236	-315743.3
-524997	-313865.25
-485347	-311178.03
-489094	-308486.78
-525533	-306424.28
-531543	-305367.9
-511992	-305400.66
-295112	-306384.66
-268542	-307928.4
-425039	-309537.78
-517924	-310789.38
-524459	-311401.34
-374196	-311306.9
-283113	-310599.03
-442227	-309466.25
-521777	-308224.28
-524773	-307198.8
-380973	-306673.22
-293062	-306782.1
-441233	-307468.25
-519874	-308590.47
-524486	-309936.28
-379939	-311299.06
-291022	-312477.6
-438764	-313296.0
-519304	-313715.88
-524176	-313803.97
-379967	-313725.78
-289317	-313649.4
-434111	-313676.62
-518053	-313895.03
-523744	-314331.6
-379181	-314968.94
-289987	-315703.94
-438760	-316355.53
-518697	-316789.56
-523374	-316922.47
-377791	-316764.5
-288136	-316365.1
-437045	-315790.12
-518642	-315171.6
-523491	-314651.0
-379582	-314376.0
-288998	-314408.7
-437614	-314713.62
-518477	-315214.9
-523253	-315787.97
-379450	-316330.0
-318557	-316709.28
-499006	-316821.72
-524557	-316659.66
-513919	-316257.2
-417932	-315740.22
-454926	-315220.34
-522095	-314861.16
-525601	-314778.16
-525373	-314998.7
-524823	-315496.66
-525110	-316177.4
-525910	-316922.84
-526381	-317574.75
-526081	-317977.78
-525641	-318043.88
-525675	-317767.1
-526314	-317241.97
-526846	-316624.3
-526476	-316096.16
-526058	-315837.25
-526093	-315971.34
-526748	-316543.84
-527268	-317483.38
-526901	-318615.4
-526392	-319707.94
-526379	-320509.97
-526882	-320865.88
-527316	-320688.25
-526964	-320000.1
-526471	-318969.84
-526571	-317864.03
-527091	-317050.53
-527502	-316806.38
-527267	-317256.56
-526715	-318374.34
-526781	-319957.5
-527269	-321693.56
-527700	-323201.12
-527469	-324050.5
-526954	-323942.22
-526929	-322786.78
-527413	-320784.4
-527704	-318383.38
-527422	-316125.34
-527006	-314605.78
-527024	-314319.66
-527611	-315544.44
-527896	-318166.8
-527531	-321654.28
-527144	-325135.53
-527191	-327505.22
-527680	-327620.66
-528189	-324500.9
-527727	-317533.06
-496862	-306640.53
-385590	-292349.1
-432513	-275692.88
-520763	-258112.66
-526425	-241257.12
-380287	-226739.97
-288766	-215828.44
-439268	-209232.52
-520159	-207079.6
-524994	-208889.7
-381462	-213711.1
-288427	-220250.6
-444947	-227089.11
-521146	-233000.34
-524903	-237105.11
-385694	-239014.6
-293939	-238787.94
-441974	-236840.39
-519766	-233886.44
-524522	-230730.38
-385160	-228122.1
-292977	-226562.03
-442493	-226204.4
-518077	-226940.58
-518377	-228429.47
-466224	-230209.33
-496830	-231787.8
-525337	-232792.64
-526368	-233038.58
-526154	-232544.4
-525612	-231510.34
-525772	-230248.2
-526547	-229092.56
-527046	-228313.06
-526739	-228050.83
-526212	-228295.02
-526253	-228899.67
-526924	-229640.61
-527366	-230292.64
-526975	-230710.81
-526394	-230891.81
-526409	-231005.34
-527067	-231380.42
-527546	-232455.64
-527276	-234697.19
-526681	-238505.62
-526656	-244129.27
-527285	-251601.11
-527782	-260714.56
-527467	-271037.25
-526749	-281966.97
-526722	-292815.03
-527394	-302900.03
-527909	-311640.88
-527543	-318628.53
-526893	-323669.16
-526909	-326790.84
-527466	-328219.88
-528034	-328327.84
-527747	-327564.5
-527097	-326386.53
-527054	-325193.62
-527677	-324281.72
-528138	-323816.84
-527760	-323833.6
-527093	-324253.25
-527142	-324916.84
-527867	-325629.12
-528306	-326201.3
-527916	-326489.62
-527231	-326420.72
-527219	-326004.16
-527842	-325326.38
-528295	-324531.25
-527913	-323788.38
-527339	-323257.25
-527370	-323051.38
-527981	-323211.47
-528439	-323693.3
-528023	-324371.84
-527326	-325066.06
-527332	-325574.28
-528084	-325723.9
-528567	-325413.66
-528115	-324647.6
-527380	-323549.25
-527329	-322346.7
-528121	-321333.38
-528613	-320803.47
-528164	-320975.62
-527416	-321922.38
-527306	-323512.72
-527952	-325393.8
-528619	-327008.38
-528327	-327658.0
-527671	-326609.34
-527592	-323216.5
-528167	-317052.94
-528625	-308008.75
-528174	-296351.72
-527597	-282732.6
-527599	-268115.2
-528204	-253669.64
-528663	-240588.64
-528331	-229903.95
-527678	-222340.25
-527646	-218175.73
-528217	-217274.97
-528674	-219027.02
-528360	-222432.98
-527702	-226337.64
-527594	-229623.92
-528164	-231448.77
-528708	-231366.42
-528381	-229338.44
-527801	-225818.98
-527722	-221663.89
-528258	-218011.58
-528747	-216054.97
-528408	-216759.1
-527702	-220758.31
-527604	-228228.69
-528320	-238885.42
-528923	-251999.9
-528541	-266446.56
-527819	-280953.38
-527838	-294287.47
-528520	-305471.3
-529056	-313889.12
-528709	-319278.94
-528056	-321802.66
-528015	-321964.78
-528725	-320530.94
-529344	-318347.4
-529049	-316126.97
-528394	-314411.8
-528382	-313501.1
-529044	-313476.94
-529617	-314212.84
-529276	-315373.4
-528572	-316581.72
-528636	-317501.9
-529359	-317942.75
-529832	-317863.53
-529374	-317298.06
-528636	-316399.0
-528635	-315377.34
-529289	-314485.03
-529763	-313923.47
-529245	-313731.5
-528097	-313887.06
-528064	-314284.03
-529006	-314799.75
-529510	-315270.84
-519866	-315551.03
-351914	-315605.03
-289479	-315423.53
-447768	-315017.16
-522364	-314480.62
-525016	-313933.84
-371111	-313515.7
-290562	-313298.7
-457022	-313256.2
-525838	-313361.44
-524877	-313558.56
-376444	-313803.7
-292335	-314027.06
-446018	-314127.2
-520706	-314075.84
-524191	-313885.9
-374275	-313628.12
-290671	-313359.38
-444787	-313088.12
-520328	-312855.38
-523749	-312692.84
-374517	-312643.62
-292201	-312702.47
-446678	-312801.0
-520209	-312908.44
-523537	-313002.7
-374675	-313098.28
-292640	-313185.72
-447023	-313212.66
-519936	-313174.97
-523235	-313080.34
-374246	-312973.3
-292143	-312873.12
-446746	-312753.56
-519721	-312636.75
-522975	-312555.7
-374931	-312571.38
-293100	-312706.8
-447303	-312919.66
-519398	-313191.16
-522631	-313489.9
-373501	-313801.34
-293518	-314076.4
-450039	-314222.94
-519722	-314216.5
-522352	-314070.66
-371573	-313865.8
-288926	-313676.94
-441904	-313538.78
-518398	-313555.66
-522794	-313776.72
-378423	-314219.9
-288038	-314827.4
-435142	-315485.84
-516766	-316104.94
-521972	-316541.94
-371883	-316730.88
-281441	-316640.12
-439576	-316295.47
-517987	-315847.1
-522254	-315429.03
-377697	-315228.38
-277171	-315373.97
-413285	-315908.16
-512819	-316819.53
-520627	-317953.25
-367242	-319125.22
-282285	-320097.75
-429391	-320654.22
-514653	-320714.38
-519769	-320266.56
-362147	-319477.53
-288757	-318600.94
-441542	-317921.4
-516454	-317725.16
-519983	-318207.75
-364072	-319448.44
-274910	-321311.3
-409161	-323445.53
-510207	-325422.47
-518418	-326819.16
-354725	-327341.06
-279446	-326847.16
-427837	-325402.56
-514082	-323365.44
-520483	-321303.84
-370755	-319903.44
-285576	-319755.84
-432536	-321187.9
-514881	-324222.12
-521890	-328484.5
-383479	-333238.1
-288724	-337428.3
-431617	-339823.44
-514516	-339315.34
-521046	-335108.0
-376334	-326909.0
-285917	-314967.28
-432179	-300047.3
-514699	-283414.56
-520440	-266617.88
-371367	-251268.58
-284191	-238730.98
-430349	-229892.8
-514168	-225120.97
-520249	-224203.02
-370611	-226440.17
-283536	-230745.06
-440817	-235830.6
-516575	-240530.95
-520592	-243958.56
-374937	-245650.72
-288990	-245554.73
-439602	-243955.8
-515817	-241453.17
-520664	-238768.86
-375202	-236604.89
-289757	-235448.78
-439624	-235468.2
-515654	-236588.38
-520621	-238504.36
-375107	-240799.4
-288820	-243001.08
-438172	-244667.73
-515163	-245561.05
-520447	-245648.84
-374215	-245114.69
-286921	-244244.5
-437931	-243324.1
-515526	-242651.03
-520303	-242433.73
-373159	-242778.03
-287775	-243624.64
-438659	-244758.39
-515181	-245952.7
-520046	-246995.97
-372580	-247765.31
-287921	-248197.66
-439797	-248271.81
-515249	-248083.22
-520335	-247773.83
-375306	-247512.67
-290032	-247401.64
-445102	-247429.1
-516611	-247566.64
-520642	-247745.81
-378204	-247912.31
-293010	-247998.4
-447514	-247922.92
-516685	-247699.1
-520758	-247389.72
-379670	-247111.44
-292338	-246948.83
-446223	-246900.16
-516494	-246952.86
-520679	-247044.94
-377732	-247100.38
-287353	-247001.92
-452757	-246597.75
-519007	-245840.58
-520737	-244767.92
-378903	-243532.08
-289902	-242327.61
-442700	-241328.75
-515881	-240739.0
-520479	-240706.77
-376119	-241310.78
-287776	-242482.81
-440990	-243987.77
-515419	-245551.08
-520099	-246870.95
-374058	-247702.64
-286891	-247854.5
-441904	-247203.2
-515784	-245810.33
-520342	-243876.81
-376928	-241731.42
-290362	-239722.17
-447676	-238129.44
-516422	-237209.81
-520396	-237113.39
-376839	-237890.23
-289157	-239436.39
-444821	-241493.86
-515960	-243791.11
-520294	-246053.72
-376681	-248073.75
-289241	-249686.34
-444848	-250761.78
-516082	-251301.06
-520091	-251383.48
-375096	-251163.14
-289037	-250779.53
-445545	-250305.81
-515978	-249826.56
-519697	-249391.34
-371182	-249044.7
-288204	-248774.84
-445074	-248509.84
-515885	-248228.86
-519634	-247935.73
-371157	-247687.47
-288361	-247513.78
-447132	-247446.73
-516254	-247554.08
-519302	-247829.97
-369155	-248289.7
-286326	-248892.1
-457607	-249559.34
-519136	-250257.81
-518036	-250883.95
-359616	-251397.42
-288172	-251745.38
-450815	-251894.73
-516359	-251893.98
-517309	-251752.36
-355323	-251541.12
-290049	-251296.08
-456329	-251042.08
-517562	-250845.23
-517016	-250691.48
-352919	-250600.52
-291587	-250541.1
-461949	-250474.94
-518329	-250421.33
-516761	-250340.86
-351329	-250253.2
-290520	-250146.58
-459228	-250010.88
-517911	-249895.73
-516000	-249785.44
-346646	-249713.52
-287977	-249668.58
-456015	-249635.77
-517304	-249656.19
-515436	-249709.61
-343078	-249831.3
-283659	-250016.61
-460875	-250255.95
-518644	-250595.66
-515494	-251008.95
-344496	-251508.69
-286277	-252053.73
-453055	-252590.34
-516684	-253111.83
-514574	-253548.6
-339602	-253892.31
-287978	-254102.44
-455206	-254158.55
-516947	-254113.9
-514342	-253976.94
-337934	-253818.39
-288881	-253665.69
-459114	-253539.4
-517467	-253503.8
-514421	-253539.97
-337829	-253655.11
-287761	-253792.31
-467977	-253881.56
-520632	-253912.9
-514694	-253815.16
-339736	-253584.16
-290227	-253195.11
-460355	-252647.4
-517912	-252024.4
-514480	-251367.14
-338256	-250765.1
-288049	-250264.88
-457758	-249904.5
-517172	-249757.25
-513172	-249810.97
-326768	-250076.45
-269269	-250494.55
-432661	-250995.33
-513226	-251542.67
-520079	-252045.67
-378949	-252467.31
-281252	-252764.64
-431911	-252903.11
-513473	-252916.47
-520839	-252809.77
-384961	-252631.0
-282759	-252418.7
-432352	-252201.69
-513404	-252042.53
-521161	-251938.72
-387989	-251908.16
-285356	-251936.06
-433602	-251979.42
-513668	-252036.72
-521219	-252050.89
-388665	-252009.62
-286571	-251896.53
-435997	-251690.69
-514227	-251442.77
-521567	-251161.7
-390584	-250901.12
-287762	-250701.3
-439239	-250577.58
-514812	-250586.62
-521721	-250711.34
-391157	-250951.8
-286676	-251273.81
-436281	-251611.94
-514547	-251942.73
-522226	-252188.23
-397270	-252313.78
-286369	-252288.47
-441556	-252080.19
-516077	-251735.75
-522196	-251262.58
-396001	-250726.89
-286824	-250193.52
-434839	-249709.45
-514265	-249366.77
-522185	-249186.86
-395174	-249208.03
-287832	-249428.16
-435121	-249798.4
-514256	-250296.33
-522217	-250824.88
-395604	-251317.73
-287420	-251697.0
-434442	-251878.84
-514234	-251854.25
-522261	-251588.39
-396344	-251118.36
-287832	-250496.33
-436804	-249776.22
-514692	-249073.86
-522187	-248443.78
-396209	-247962.0
-288850	-247662.86
-435887	-247529.11
-514466	-247560.8
-522379	-247676.02
-395741	-247818.62
-286974	-247918.1
-433671	-247899.9
-514122	-247765.25
-522279	-247489.66
-394439	-247120.06
-285544	-246710.7
-434139	-246306.62
-514315	-246000.44
-522167	-245810.02
-393387	-245769.03
-287027	-245866.89
-435031	-246048.14
-514165	-246295.42
-522209	-246531.64
-394267	-246737.45
-286890	-246900.11
-434605	-247013.58
-514127	-247147.86
-522212	-247326.72
-394686	-247611.64
-284752	-248026.28
-446657	-248532.8
-517787	-249111.11
-522404	-249632.98
-396351	-249989.61
-289580	-250051.36
-438228	-249689.2
-514829	-248876.8
-522491	-247597.81
-396790	-245955.02
-290035	-244108.02
-439624	-242249.7
-515079	-240648.14
-522662	-239497.17
-398592	-238978.77
-290325	-239179.42
-441645	-240067.69
-515859	-241569.78
-522601	-243471.42
-397617	-245550.64
-288722	-247560.58
-437176	-249262.88
-514810	-250535.34
-522666	-251278.9
-397044	-251527.67
-287459	-251379.31
-434452	-250965.33
-514111	-250492.53
-522559	-250097.36
-396134	-249918.27
-286478	-250018.72
-435134	-250375.88
-514732	-250959.84
-522486	-251641.94
-395212	-252319.83
-286697	-252885.02
-434418	-253242.27
-514102	-253392.06
-522438	-253325.81
-395448	-253119.02
-287254	-252857.69
-435228	-252614.62
-514319	-252501.1
-522620	-252538.64
-396947	-252754.83
-288112	-253122.75
-437545	-253565.47
-515119	-254038.84
-522640	-254437.95
-396524	-254714.56
-285327	-254830.9
-445388	-254757.16
-517258	-254550.89
-522582	-254226.16
-397611	-253857.03
-288038	-253502.3
-436238	-253193.19
-514504	-252987.8
-522533	-252863.38
-397738	-252824.08
-289043	-252842.9
-439097	-252874.8
-514464	-252920.95
-521611	-252933.33
-397479	-252925.3
-288796	-252905.81
-438468	-252880.11
-513691	-252899.02
-521336	-252946.67
-395706	-253049.3
-286459	-253198.11
-436098	-253358.28
-513674	-253524.1
-521627	-253626.88
-397406	-253651.08
-286873	-253574.31
-434337	-253380.66
-513550	-253111.11
-521767	-252766.92
-395497	-252409.42
-285993	-252084.22
-435456	-251820.75
-513591	-251673.1
-521959	-251613.5
-397641	-251645.52
-288564	-251737.05
-439846	-251834.44
-514848	-251923.89
-522211	-251943.17
-398952	-251894.98
-287419	-251787.03
-435259	-251639.28
-514056	-251521.78
-522254	-251454.48
-398776	-251499.94
-288252	-251686.7
-438762	-252010.22
-514514	-252474.78
-522320	-253002.12
-396924	-253547.72
-279706	-254044.2
-449989	-254416.66
-520814	-254653.9
-522526	-254708.31
-398441	-254614.88
-286637	-254415.69
-435546	-254161.86
-514434	-253942.69
-522552	-253784.47
-397898	-253743.69
-287788	-253832.08
-438632	-254025.39
-514824	-254308.97
-522791	-254596.1
-397968	-254844.56
-288119	-254999.0
-439051	-255014.2
-515186	-254901.88
-522977	-254642.67
-399349	-254278.98
-288756	-253855.25
-438979	-253398.16
-515786	-252988.55
-523617	-252636.6
-400969	-252374.5
-290996	-252207.81
-443249	-252101.08
-517119	-252072.03
-524700	-252071.36
-401866	-252088.0
-291363	-252104.92
-442510	-252084.48
-517981	-252058.58
-525568	-252004.3
-402154	-251941.38
-291286	-251880.81
-441377	-251808.48
-518234	-251772.06
-526044	-251758.02
-401961	-251790.22
-290869	-251878.8
-442037	-252003.61
-518417	-252202.9
-526298	-252446.66
-401361	-252737.36
-290360	-253059.17
-439986	-253362.23
-518226	-253655.84
-526554	-253888.78
-400109	-254054.58
-284380	-254143.94
-451561	-254123.69
-524723	-254046.39
-526942	-253907.03
-403322	-253746.42
-290411	-253595.62
-440632	-253449.9
-518857	-253361.14
-527282	-253306.7
-403054	-253291.3
-292521	-253298.45
-444099	-253278.97
-519776	-253249.58
-527609	-253171.44
-404585	-253051.94
-292155	-252898.58
-441966	-252697.27
-519310	-252502.45
-527611	-252306.72
-403659	-252135.8
-290201	-251996.88
-441681	-251858.5
-519466	-251748.95
-527731	-251633.03
-404485	-251516.64
-289909	-251404.53
-437928	-251280.75
-518443	-251202.31
-527555	-251171.77
-404529	-251228.44
-288422	-251392.98
-435260	-251640.64
-517983	-251989.86
-527696	-252380.1
-404252	-252773.52
-289052	-253115.86
-438717	-253327.7
-518667	-253410.9
-527957	-253330.42
-405807	-253118.25
-291179	-252824.03
-439698	-252487.11
-519007	-252217.4
-527963	-252056.8
-406415	-252062.9
-291209	-252253.03
-439294	-252579.34
-518811	-253025.81
-527902	-253493.38
-404189	-253912.95
-286146	-254215.02
-447969	-254317.8
-521737	-254243.86
-528243	-253982.92
-405568	-253598.14
-290125	-253163.31
-437351	-252727.66
-518684	-252393.31
-528497	-252181.4
-407686	-252121.39
-289516	-252204.03
-435149	-252364.83
-518737	-252587.86
-529424	-252796.16
-410749	-252963.52
-291443	-253075.61
-438550	-253108.88
-519951	-253126.14
-529827	-253141.05
-412662	-253207.94
-294795	-253364.97
-441641	-253599.5
-520773	-253941.72
-530162	-254338.34
-414374	-254758.36
-296441	-255158.19
-445085	-255467.28
-521903	-255695.44
-530679	-255810.75
-417339	-255837.27
-298132	-255809.83
-448039	-255737.31
-522821	-255693.86
-530577	-255678.48
-417596	-255708.58
-297989	-255778.12
-445364	-255832.92
-521646	-255877.44
-530272	-255856.14
-416386	-255761.5
-296388	-255599.27
-444446	-255363.23
-521305	-255129.95
-529712	-254923.73
-414362	-254804.44
-290727	-254814.58
-439494	-254941.31
-520251	-255212.44
-529136	-255569.9
-414488	-255973.47
-288100	-256371.4
-444163	-256677.22
-520718	-256892.22
-527725	-256970.4
-413240	-256931.52
-287563	-256813.06
-432736	-256630.58
-515779	-256467.31
-525270	-256339.36
-410989	-256283.88
-284705	-256312.3
-432721	-256381.42
-514474	-256498.5
-523142	-256601.86
-409069	-256668.9
-283610	-256682.47
-429222	-256604.8
-512341	-256477.45
-521824	-256294.08
-406841	-256091.48
-280765	-255899.53
-431251	-255704.67
-511847	-255547.64
-520992	-255395.89
-405412	-255244.38
-280214	-255081.81
-425664	-254866.6
-510390	-254633.38
-520273	-254371.98
-405857	-254120.78
-281674	-253924.0
-424472	-253792.92
-509787	-253793.7
-520756	-253916.17
-405845	-254164.44
-282491	-254515.69
-425654	-254894.78
-510487	-255281.14
-520954	-255594.75
-405157	-255806.62
-281369	-255904.03
-424958	-255864.4
-510445	-255754.23
-521449	-255596.5
-405928	-255456.77
-284276	-255388.92
-428525	-255396.8
-511603	-255524.05
-522609	-255725.94
-409211	-255973.6
-284698	-256219.23
-438972	-256376.38
-514657	-256443.39
-523005	-256365.52
-411843	-256159.12
-288197	-255862.61
-432023	-255500.55
-513261	-255172.58
-523219	-254916.73
-411699	-254794.3
-289189	-254840.4
-433087	-255031.95
-513187	-255386.42
-523329	-255839.48
-412585	-256354.19
-289102	-256888.98
-432260	-257376.78
-513010	-257830.53
-523450	-258216.84
-412546	-258556.19
-287766	-258874.77
-430619	-259168.22
-513282	-259494.19
-523501	-259840.88
-410099	-260222.36
-286202	-260636.89
-429722	-261040.08
-512624	-261446.31
-523526	-261807.66
-409839	-262117.4
-284938	-262367.9
-426628	-262523.44
-512123	-262615.38
-523629	-262617.62
-409529	-262542.53
-285269	-262397.75
-427890	-262158.0
-512421	-261863.22
-523571	-261496.38
-409277	-261082.61
-286184	-260648.62
-430308	-260191.61
-512735	-259776.08
-523689	-259402.28
-410152	-259101.81
-286997	-258889.47
-430252	-258732.05
-512717	-258645.98
-523789	-258574.22
-410201	-258487.81
-284147	-258352.61
-438354	-258103.62
-515431	-257759.4
-523899	-257284.62
-411239	-256702.34
-285975	-256048.94
-428996	-255334.4
-512652	-254638.47
-523895	-253975.83
-410365	-253389.23
-284790	-252903.92
-426348	-252496.73
-512171	-252193.77
-523971	-251949.89
-410644	-251751.47
-284539	-251580.42
-425482	-251385.83
-512036	-251187.12
-523919	-250950.2
-411050	-250684.69
-285706	-250402.69
-429145	-250084.9
-512464	-249780.72
-524004	-249478.28
-412004	-249203.02
-286422	-248976.03
-428643	-248781.7
-512475	-248666.98
-524126	-248613.16
-412841	-248631.22
-287282	-248720.86
-430179	-248839.02
-512798	-249000.69
-524132	-249155.2
-413647	-249284.89
-288131	-249373.08
-432569	-249378.28
-513327	-249339.44
-524234	-249248.16
-414327	-249147.67
-287053	-249089.64
-428769	-249094.86
-512693	-249245.06
-524401	-249546.89
-416707	-250022.36
-287037	-250666.48
-425858	-251413.97
-512259	-252243.1
-524371	-253060.36
-415441	-253805.72
-284602	-254427.86
-436421	-254855.2
-514791	-255115.0
-524441	-255190.7
-416429	-255129.03
-287518	-254990.75
-428067	-254803.44
-512691	-254655.31
-524531	-254559.62
-416597	-254543.28
-287681	-254610.64
-427427	-254712.23
-512520	-254852.23
-524629	-254970.83
-416894	-255045.34
-287597	-255063.39
-428169	-254988.19
-512576	-254863.95
-524581	-254683.08
-416642	-254476.1
-287716	-254272.38
-428021	-254056.4
-512579	-253871.05
-524592	-253689.08
-417474	-253512.0
-287029	-253338.08
-426132	-253130.02
-512250	-252923.94
-524667	-252703.08
-418061	-252493.48
-288439	-252326.23
-429397	-252191.05
-512864	-252142.55
-524724	-252161.86
-417400	-252254.34
-287475	-252412.73
-425276	-252581.61
-512072	-252768.97
-524551	-252924.55
-415175	-253042.58
-286914	-253127.31
-426066	-253157.19
-512047	-253190.16
-524587	-253227.58
-416756	-253305.98
-287201	-253453.62
-427016	-253645.7
-512731	-253910.42
-524642	-254197.25
-416830	-254478.4
-286418	-254719.8
-437452	-254845.92
-515241	-254868.31
-524776	-254744.66
-418345	-254487.23
-288692	-254127.86
-427700	-253671.38
-512658	-253201.62
-524807	-252742.2
-417926	-252343.25
-287947	-252045.42
-426788	-251834.39
-512230	-251751.98
-524764	-251763.34
-419188	-251858.0
-286862	-252021.81
-426959	-252198.36
-512393	-252404.23
-524883	-252598.11
-418817	-252776.2
-287884	-252941.08
-426952	-253059.05
-512269	-253169.25
-524893	-253249.02
-418514	-253313.11
-286402	-253377.95
-424342	-253422.23
-511729	-253494.44
-524877	-253581.47
-418529	-253700.75
-286590	-253866.53
-426406	-254045.44
-512326	-254265.12
-524915	-254484.6
-418984	-254686.11
-287562	-254850.8
-426992	-254920.52
-512334	-254914.12
-524999	-254801.67
-420733	-254599.34
-288016	-254342.17
-426519	-254038.55
-512017	-253772.55
-525104	-253568.83
-420981	-253474.0
-286384	-253521.28
-426148	-253681.97
-512562	-253973.44
-525130	-254332.38
-420317	-254713.25
-283978	-255068.3
-432146	-255310.83
-514187	-255444.0
-525131	-255425.16
-419932	-255271.64
-285337	-255024.7
-422939	-254699.05
-511329	-254384.48
-525154	-254108.72
-420477	-253919.11
-286038	-253846.81
-425624	-253859.22
-512441	-253973.38
-525136	-254131.1
-420571	-254299.05
-287337	-254448.16
-426915	-254515.98
-512069	-254524.69
-525238	-254452.78
-421922	-254325.73
-287082	-254183.45
-425278	-254026.55
-511740	-253923.8
-525182	-253874.73
-422241	-253897.3
-286644	-253998.6
-425717	-254130.56
-512277	-254305.12
-525174	-254469.25
-422116	-254601.64
-286976	-254689.14
-426775	-254684.23
-512040	-254618.33
-525271	-254472.25
-422434	-254264.75
-286755	-254024.33
-424958	-253740.53
-511646	-253474.7
-525250	-253228.11
-422684	-253031.81
-286502	-252917.88
-425247	-252873.11
-512140	-252947.78
-525204	-253124.14
-422121	-253406.61
-286832	-253792.06
-426039	-254223.66
-511642	-254703.69
-525151	-255167.36
-421824	-255578.47
-283677	-255907.7
-432025	-256088.17
-513782	-256142.7
-525304	-256043.58
-423789	-255815.14
-287054	-255501.36
-426387	-255112.5
-512380	-254733.45
-525286	-254386.14
-424560	-254113.48
-288079	-253949.19
-427699	-253867.48
-512002	-253897.78
-525245	-253994.84
-424289	-254134.86
-286836	-254294.98
-424804	-254412.06
-511519	-254498.97
-525255	-254517.62
-424295	-254469.6
-285707	-254371.58
-423554	-254203.83
-511629	-254022.36
-525284	-253824.53
-423823	-253639.16
-286095	-253496.8
-429544	-253379.84
-512283	-253338.8
-525307	-253357.1
-424226	-253441.6
-286266	-253597.83
-424329	-253780.22
-511414	-254007.77
-525364	-254233.33
-424704	-254439.52
-285884	-254614.5
-423572	-254707.27
-511509	-254745.7
-525466	-254707.23
-425406	-254612.97
-287123	-254497.7
-427047	-254357.48
-511816	-254261.83
-525506	-254213.16
-425527	-254233.42
-286551	-254335.2
-424789	-254469.5
-511681	-254646.14
-525504	-254805.14
-425346	-254913.61
-280467	-254952.42
-433431	-254863.86
-515994	-254689.11
-525664	-254421.66
-425668	-254104.52
-285726	-253797.4
-423889	-253516.02
-511332	-253340.58
-525673	-253276.75
-424950	-253338.83
-285036	-253526.42
-422700	-253772.97
-511174	-254072.44
-525532	-254354.28
-425028	-254582.2
-284512	-254739.19
-422169	-254779.22
-511159	-254746.19
-525629	-254640.1
-426180	-254500.12
-285773	-254373.69
-424281	-254257.7
-511297	-254210.0
-525711	-254215.23
-426082	-254272.28
-285519	-254376.89
-423326	-254471.4
-511389	-254571.83
-525784	-254637.95
-426512	-254666.7
-285191	-254670.73
-422723	-254622.97
-511440	-254573.36
-525786	-254512.0
-427357	-254454.64
-286241	-254419.2
-425289	-254370.44
-511621	-254342.38
-525867	-254307.27
-427899	-254266.83
-287142	-254233.66
-425697	-254180.06
-511803	-254154.53
-525893	-254147.2
-428457	-254175.75
-287050	-254260.17
-425566	-254367.03
-511836	-254526.23
-525961	-254701.52
-428773	-254879.69
-283030	-255056.5
-438422	-255177.56
-516824	-255279.3
-526069	-255336.95
-429864	-255365.39
-286756	-255391.31
-424054	-255392.86
-511646	-255414.75
-526024	-255434.81
-429832	-255448.88
-287236	-255454.08
-425474	-255396.16
-511849	-255296.61
-526029	-255125.03
-430246	-254892.19
-286209	-254631.8
-424727	-254341.45
-511627	-254100.94
-526005	-253928.23
-429622	-253860.5
-286029	-253926.52
-422744	-254085.14
-511189	-254346.5
-525989	-254642.58
-429140	-254924.14
-284983	-255151.05
-421713	-255246.8
-510912	-255228.42
-526076	-255078.72
-429454	-254832.22
-284591	-254551.33
-421851	-254258.36
-510793	-254046.3
-526005	-253933.64
-427277	-253945.06
-283913	-254087.28
-420106	-254294.7
-510344	-254558.83
-525994	-254804.5
-428772	-254990.84
-285106	-255101.55
-422436	-255092.17
-510976	-255017.4
-525994	-254888.78
-431306	-254757.5
-285494	-254683.58
-422937	-254665.39
-511599	-254758.4
-526125	-254932.31
-430862	-255163.03
-283552	-255419.94
-430873	-255612.14
-513946	-255734.1
-526217	-255726.48
-432629	-255581.08
-286542	-255321.94
-423435	-254943.22
-511228	-254529.08
-526126	-254108.52
-432173	-253733.75
-285111	-253458.03
-423821	-253267.23
-511917	-253206.25
-526268	-253242.88
-433011	-253360.17
-286134	-253545.89
-423924	-253735.14
-511564	-253942.19
-526345	-254124.08
-432997	-254271.92
-285324	-254392.3
-422595	-254443.8
-511162	-254464.33
-526352	-254433.2
-434781	-254359.9
-286094	-254269.72
-424806	-254140.86
-512424	-254033.25
-526408	-253948.8
-435704	-253914.39
-287376	-253964.92
-425104	-254073.16
-511806	-254275.36
-526571	-254530.14
-435972	-254810.83
-286498	-255093.4
-422271	-255301.28
-510864	-255441.34
-526482	-255474.39
-436132	-255409.31
-285810	-255289.03
-424212	-255121.88
-512282	-255003.78
-526650	-254968.45
-436700	-255061.94
-286814	-255320.22
-425452	-255696.45
-511929	-256191.0
-526588	-256718.11
-436649	-257204.84
-283286	-257592.33
-428223	-257781.44
-513061	-257781.98
-526727	-257570.78
-437177	-257187.45
-284911	-256712.66
-421886	-256186.34
-511517	-255726.17
-526611	-255372.75
-436569	-255166.9
-285971	-255130.66
-425755	-255198.98
-511886	-255363.02
-526727	-255537.7
-439357	-255666.78
-285739	-255722.16
-418016	-255643.84
-509720	-255474.55
-526701	-255219.28
-436779	-254924.94
-283622	-254656.7
-455751	-254409.64
-521650	-254258.94
-526759	-254188.58
-440393	-254185.61
-287644	-254236.69
-424457	-254266.27
-511281	-254278.84
-526970	-254225.22
-439726	-254100.81
-286786	-253932.55
-424391	-253707.86
-511540	-253500.66
-526996	-253324.58
-442676	-253210.77
-288706	-253192.52
-425469	-253233.77
-512574	-253361.61
-527132	-253532.19
-443604	-253722.11
-289697	-253928.12
-426956	-254098.02
-512121	-254271.3
-527184	-254433.0
-438212	-254601.28
-283281	-254808.95
-422713	-255026.73
-511736	-255293.6
-527572	-255574.61
-443512	-255847.78
-285822	-256100.4
-430423	-256259.38
-514901	-256343.75
-527853	-256314.42
-442894	-256177.39
-287817	-255971.42
-426093	-255691.75
-512711	-255420.48
-527973	-255177.2
-441630	-254998.61
-285934	-254922.33
-423487	-254913.06
-512209	-254996.17
-528043	-255121.73
-440957	-255256.47
-284116	-255382.81
-419223	-255434.95
-511124	-255438.66
-527831	-255374.92
-440605	-255266.42
-285797	-255162.56
-424142	-255062.81
-511889	-255044.12
-527739	-255110.4
-441978	-255273.5
-286852	-255541.16
-425915	-255844.08
-512427	-256179.03
-527723	-256471.17
-442929	-256673.12
-287149	-256764.08
-423949	-256686.7
-512082	-256487.62
-527663	-256176.38
-443345	-255806.56
-287224	-255460.62
-425586	-255163.8
-512185	-255010.81
-527717	-255011.31
-444334	-255170.16
-288119	-255478.53
-425647	-255844.34
-512214	-256239.45
-527723	-256568.8
-445419	-256774.02
-287971	-256837.56
-425010	-256715.48
-512293	-256478.28
-527897	-256160.39
-447581	-255836.73
-286401	-255600.34
-432816	-255464.88
-515556	-255501.8
-528275	-255671.62
-447743	-255927.34
-290207	-256212.89
-428522	-256399.23
-513867	-256450.17
-528466	-256296.81
-448315	-255938.02
-289955	-255444.77
-426798	-254875.73
-513287	-254404.61
-528737	-254148.03
-447384	-254226.42
-288199	-254730.72
-428173	-255623.28
-514025	-256874.45
-528837	-258320.7
-449361	-259772.56
-290138	-261042.9
-425638	-261902.39
-513122	-262256.53
-528908	-262026.75
-446417	-261250.05
-288465	-260067.84
-428581	-258629.77
-514000	-257202.52
-529163	-255984.5
-448515	-255153.55
-290297	-254833.7
-432579	-254997.44
-514864	-255613.38
-529259	-256512.22
-448086	-257503.92
-288381	-258409.9
-424979	-259022.36
-512846	-259273.2
-529403	-259106.5
-449890	-258568.48
-289107	-257789.69
-424082	-256882.47
-512636	-256052.44
-529603	-255422.1
-449749	-255092.27
-288684	-255124.27
-426817	-255454.6
-513446	-256050.64
-529762	-256778.7
-450396	-257516.4
-286412	-258170.73
-428635	-258614.17
-514594	-258845.03
-529824	-258834.72
-450416	-258617.16
-288201	-258268.73
-421822	-257813.92
-511515	-257353.5
-529950	-256910.27
-451989	-256510.97
-288280	-256183.8
-422587	-255881.66
-512180	-255634.42
-529856	-255411.33
-444839	-255214.03
-285564	-255072.97
-425721	-254964.34
-512506	-254952.98
-530027	-255034.0
-453369	-255215.28
-290334	-255508.86
-424322	-255847.83
-512393	-256234.44
-530191	-256598.52
-455549	-256893.45
-291257	-257104.86
-423998	-257172.94
-512767	-257143.33
-530331	-257017.7
-457216	-256836.36
-293632	-256670.9
-425239	-256527.06
-512489	-256482.36
-530504	-256530.83
-458271	-256666.64
-293949	-256885.97
-421934	-257107.97
-511611	-257328.52
-530590	-257484.2
-456413	-257548.36
-290299	-257538.25
-421852	-257429.27
-512629	-257301.84
-530856	-257183.92
-457995	-257128.7
-291459	-257203.75
-420851	-257394.33
-512122	-257742.69
-530886	-258199.34
-454938	-258715.92
-286396	-259250.6
-425289	-259690.27
-513369	-260020.69
-531016	-260177.55
-458034	-260148.81
-291646	-259975.7
-422016	-259659.81
-512628	-259305.2
-531247	-258956.61
-457787	-258674.1
-291549	-258521.84
-420540	-258474.8
-511571	-258563.39
-531252	-258727.28
-454798	-258915.8
-287852	-259095.12
-418321	-259175.08
-510751	-259167.17
-531131	-259047.56
-454518	-258838.42
-289178	-258605.95
-423439	-258365.1
-513062	-258220.75
-531146	-258185.77
-452796	-258289.38
-288704	-258551.42
-424926	-258894.53
-512454	-259306.0
-531371	-259694.53
-453076	-259992.36
-288472	-260166.88
-423834	-260142.36
-512585	-259961.33
-531538	-259628.52
-454073	-259196.47
-288682	-258753.9
-424487	-258323.58
-513768	-258005.75
-531624	-257814.88
-454879	-257763.38
-290791	-257860.6
-428759	-258027.94
-513571	-258264.78
-531750	-258502.22
-455538	-258700.98
-289221	-258858.52
-422464	-258923.56
-512141	-258946.19
-531867	-258920.47
-456574	-258866.56
-287132	-258825.78
-425932	-258759.53
-513756	-258711.3
-532006	-258643.64
-455170	-258539.5
-290621	-258404.28
-427064	-258183.61
-513317	-257924.19
-531961	-257621.06
-455969	-257305.2
-291194	-257038.5
-426883	-256818.02
-513332	-256723.06
-532087	-256751.22
-456996	-256906.08
-290474	-257193.27
-424246	-257538.75
-513887	-257944.4
-532240	-258347.1
-457485	-258710.42
-290825	-259033.7
-423862	-259266.94
-512626	-259461.77
-532332	-259613.88
-457504	-259747.08
-290277	-259904.42
-422544	-260054.77
-512019	-260240.44
-532359	-260424.83
-458795	-260585.3
-291198	-260719.02
-423539	-260758.19
-513374	-260731.88
-532359	-260616.58
-458675	-260424.9
-291267	-260205.34
-425067	-259944.72
-512989	-259719.14
-532509	-259530.14
-460835	-259391.02
-292279	-259325.66
-422628	-259277.4
-512509	-259269.12
-532567	-259255.05
-462198	-259216.52
-292219	-259170.36
-418972	-259077.88
-512046	-258998.72
-532512	-258935.6
-459589	-258915.78
-287597	-258985.72
-423526	-259107.98
-511741	-259321.0
-532494	-259574.47
-460312	-259828.77
-290728	-260061.19
-420372	-260179.05
-511448	-260187.94
-532529	-260043.31
-461903	-259746.95
-290760	-259348.5
-415779	-258849.6
-510292	-258349.89
-532432	-257888.98
-460912	-257522.23
-290875	-257315.84
-420466	-257244.9
-511223	-257350.38
-532479	-257582.27
-461534	-257897.5
-291734	-258268.17
-421714	-258593.66
-511658	-258870.84
-532537	-259043.14
-462717	-259094.11
-292430	-259051.89
-421504	-258893.9
-511977	-258699.94
-532553	-258488.77
-462094	-258304.83
-292474	-258211.84
-424346	-258191.98
-512148	-258303.19
-532506	-258516.98
-462192	-258813.81
-291455	-259185.5
-421171	-259544.77
-511677	-259891.02
-532522	-260159.22
-463818	-260316.72
-292427	-260370.14
-419116	-260273.97
-511435	-260087.72
-532547	-259820.9
-466054	-259513.28
-294220	-259236.3
-418691	-258988.55
-510710	-258848.34
-532652	-258811.31
-468197	-258879.2
-289476	-259064.95
-423195	-259294.19
-514091	-259576.83
-532761	-259851.23
-469192	-260082.23
-297464	-260272.58
-422152	-260366.97
-512622	-260411.3
-532874	-260397.55
-467884	-260342.92
-296082	-260294.5
-422999	-260224.44
-511399	-260189.25
-532897	-260168.39
-467156	-260154.56
-294018	-260160.9
-421606	-260129.78
-513053	-260094.36
-532924	-260025.0
-467466	-259922.06
-294926	-259820.22
-418641	-259688.56
-512234	-259587.08
-533140	-259509.25
-471644	-259462.31
-300283	-259476.45
-425017	-259503.19
-513272	-259579.4
-533347	-259672.95
-472108	-259770.53
-301127	-259890.72
-429047	-259984.0
-514832	-260096.38
-533258	-260210.17
-472176	-260323.78
-300207	-260463.55
-421481	-260576.78
-512394	-260693.31
-533398	-260775.31
-471973	-260799.39
-302579	-260774.25
-431134	-260642.67
-514338	-260453.28
-533495	-260198.69
-471196	-259901.12
-296604	-259621.05
-416954	-259348.89
-512255	-259158.1
-533359	-259048.33
-472625	-259020.33
-297525	-259088.44
-429571	-259178.05
-513939	-259301.19
-533509	-259396.3
-473337	-259427.62
-298003	-259402.94
-416337	-259272.88
-512087	-259093.86
-533614	-258873.64
-470661	-258645.34
-290396	-258474.61
-412735	-258346.8
-510849	-258323.83
-533529	-258389.7
-469370	-258531.47
-292123	-258753.4
-415003	-258980.48
-511344	-259226.4
-533371	-259446.84
-470951	-259622.92
-294401	-259776.34
-415707	-259866.02
-511302	-259945.42
-533401	-260004.97
-470114	-260051.67
-294201	-260117.6
-414306	-260156.95
-510692	-260207.17
-533504	-260237.61
-470787	-260237.6
-295084	-260229.38
-413471	-260170.03
-509682	-260107.8
-533450	-260029.0
-469089	-259942.47
-292285	-259883.8
-411239	-259813.42
-509477	-259774.67
-533338	-259742.44
-468056	-259709.81
-291636	-259700.1
-407491	-259669.89
-508345	-259666.34
-533386	-259676.94
-467357	-259715.2
-290662	-259821.92
-406759	-259963.17
-507761	-260183.4
-533268	-260453.64
-467585	-260755.94
-288091	-261094.2
-408286	-261395.56
-504984	-261679.67
-533398	-261903.5
-469545	-262055.28
-294148	-262161.16
-410426	-262184.8
-509019	-262179.2
-533403	-262132.61
-469436	-262050.14
-293178	-261959.1
-408664	-261811.81
-508684	-261644.08
-533462	-261430.47
-469598	-261176.02
-292316	-260927.86
-409035	-260673.8
-509225	-260500.52
-533523	-260433.8
-470147	-260513.88
-293921	-260794.48
-408184	-261233.28
-506231	-261846.33
-533472	-262557.12
-471659	-263288.8
-295389	-263986.38
-410179	-264530.12
-508992	-264907.78
-533486	-265075.75
-471647	-265045.97
-295145	-264893.22
-411411	-264642.34
-509717	-264414.75
-533457	-264257.25
-470295	-264210.22
-294189	-264308.88
-411261	-264479.1
-509119	-264705.6
-533439	-264892.03
-471016	-264964.1
-294392	-264898.16
-409715	-264632.34
-508794	-264233.94
-533334	-263744.8
-472072	-263249.9
-295785	-262871.12
-413744	-262641.94
-510768	-262650.34
-533443	-262874.3
-471921	-263258.7
-292658	-263736.8
-411373	-264143.34
-504699	-264403.9
-533546	-264397.72
-472774	-264069.2
-295604	-263448.6
-411136	-262550.47
-509006	-261524.61
-533557	-260483.36
-471952	-259559.98
-294000	-258896.16
-409166	-258516.27
-509165	-258480.14
-533469	-258730.81
-471755	-259183.34
-293782	-259756.62
-409666	-260293.5
-508731	-260742.0
-533546	-261020.33
-471156	-261107.03
-293608	-261050.19
-407229	-260857.61
-507589	-260638.48
-533442	-260438.33
-471462	-260303.62
-293487	-260283.0
-406951	-260323.03
-508426	-260430.73
-533468	-260535.08
-470814	-260581.22
-293954	-260554.4
-407974	-260388.05
-507708	-260127.8
-533523	-259778.52
-470221	-259381.44
-292446	-259011.33
-403966	-258664.9
-506902	-258409.36
-533467	-258228.78
-469681	-258105.53
-291172	-258035.75
-401901	-257938.06
-507172	-257820.25
-533512	-257644.34
-469102	-257409.0
-292441	-257163.38
-404370	-256900.16
-506302	-256708.05
-533454	-256612.98
-466274	-256645.7
-286716	-256846.8
-396058	-257157.6
-497876	-257587.66
-533279	-258062.03
-465811	-258521.22
-287841	-258939.03
-393257	-259228.78
-504314	-259407.12
-533324	-259455.89
-462995	-259395.8
-286702	-259288.12
-395601	-259128.45
-503906	-258994.75
-533275	-258894.1
-461982	-258840.92
-287127	-258861.02
-394539	-258896.9
-503286	-258971.12
-533134	-259046.61
-460147	-259112.45
-285986	-259193.48
-391725	-259253.88
-502961	-259346.67
-533208	-259469.06
-458714	-259631.9
-284887	-259862.89
-391291	-260104.1
-503072	-260370.4
-533431	-260608.3
-459304	-260783.94
-287765	-260893.56
-394439	-260875.5
-502956	-260770.88
-533398	-260579.88
-458992	-260341.22
-285247	-260130.4
-388900	-259950.45
-502006	-259878.3
-533455	-259918.06
-457872	-260070.47
-283894	-260338.84
-389723	-260637.17
-501891	-260952.25
-533302	-261211.14
-458478	-261374.34
-283732	-261443.92
-388107	-261372.77
-501672	-261217.73
-533545	-260996.75
-456718	-260753.97
-280780	-260560.58
-385107	-260405.42
-493549	-260348.7
-533356	-260367.03
-456831	-260448.53
-284269	-260592.61
-388508	-260721.86
-500804	-260845.36
-533395	-260924.38
-453991	-260950.0
-281142	-260950.23
-383259	-260890.55
-499556	-260824.39
-533321	-260746.72
-450524	-260666.95
-278647	-260611.14
-381306	-260530.38
-499191	-260454.75
-533266	-260359.47
-449932	-260246.0
-279389	-260145.69
-385402	-260028.95
-500167	-259955.3
-533499	-259926.08
-450547	-259958.05
-280389	-260076.3
-384092	-260222.45
-499941	-260405.69
-533451	-260566.94
-449372	-260664.77
-279496	-260684.77
-382455	-260560.67
-498884	-260328.6
-533316	-259994.39
-447927	-259605.98
-278917	-259243.86
-384326	-258924.31
-499846	-258734.25
-533458	-258682.19
-447893	-258767.48
-279259	-258978.67
-383611	-259212.22
-499811	-259429.83
-533780	-259538.0
-456893	-259473.67
-284898	-259223.27
-385885	-258741.0
-500710	-258095.95
-533882	-257332.14
-456428	-256528.86
-283970	-255793.56
-388936	-255155.34
-493047	-254708.66
-534228	-254454.9
-463095	-254388.66
-291701	-254501.39
-394219	-254700.0
-503993	-254967.62
-534679	-255233.73
-458822	-255456.02
-281402	-255632.2
-379916	-255706.05
-500228	-255711.72
-534841	-255639.17
-452434	-255499.02
-275166	-255325.88
-377714	-255085.03
-499189	-254822.94
-534904	-254535.89
-446372	-254245.64
-270025	-254001.95
-372194	-253790.16
-497896	-253674.81
-534959	-253662.69
-445981	-253768.02
-274011	-254005.77
-382792	-254301.23
-501029	-254645.19
-535007	-254963.03
-447032	-255198.08
-280356	-255323.75
-396023	-255266.36
-504042	-255067.28
-534795	-254740.23
-435521	-254345.94
-271409	-253973.6
-380654	-253645.53
-498729	-253450.62
-535059	-253394.25
-445837	-253469.4
-277272	-253655.5
-381831	-253841.23
-499782	-253987.95
-534945	-254010.89
-445733	-253869.02
-276347	-253575.97
-382614	-253115.8
-500208	-252588.12
-535080	-252058.45
-454181	-251614.38
-283589	-251350.94
-388638	-251262.95
-492834	-251391.25
-535105	-251672.97
-461093	-252035.67
-288118	-252410.81
-390789	-252661.95
-503075	-252754.48
-535355	-252632.2
-456221	-252296.2
-281788	-251811.6
-389036	-251202.47
-502717	-250592.94
-535221	-250051.62
-457265	-249646.9
-282182	-249445.89
-393892	-249410.73
-502759	-249561.16
-535147	-249835.69
-458090	-250177.64
-282055	-250553.77
-388697	-250867.8
-501937	-251121.53
-535162	-251278.14
-458815	-251331.16
-282407	-251310.33
-389576	-251181.83
-502399	-250999.22
-535110	-250762.66
-456868	-250490.52
-281126	-250228.75
-385994	-249957.16
-501015	-249742.44
-535014	-249598.33
-453082	-249553.92
-277646	-249653.61
-381464	-249859.38
-499541	-250196.98
-534959	-250622.86
-454019	-251095.2
-278540	-251590.12
-379123	-252017.58
-497249	-252380.81
-535071	-252651.42
-452690	-252840.23
-277329	-253004.62
-378899	-253148.06
-498620	-253357.9
-535109	-253660.69
-453421	-254079.31
-278977	-254631.0
-380046	-255236.69
-489182	-255874.53
-534909	-256448.47
-457886	-256881.38
-281932	-257127.02
-382141	-257096.81
-499557	-256807.95
-535277	-256258.16
-455712	-255479.28
-280436	-254544.14
-383738	-253464.77
-499858	-252331.05
-535409	-251173.69
-458157	-250030.9
-282137	-248960.34
-384274	-247956.1
-500057	-247096.44
-535496	-246415.58
-460054	-245964.94
-281530	-245818.2
-378696	-245969.84
-498869	-246461.27
-535517	-247250.1
-459282	-248263.81
-282070	-249416.38
-384269	-250532.36
-500114	-251505.62
-535653	-252195.66
-459869	-252509.9
-282247	-252436.14
-383076	-251957.72
-499983	-251192.0
-535759	-250250.86
-459682	-249279.67
-282591	-248444.7
-385426	-247818.0
-501130	-247501.8
-535897	-247495.69
-458913	-247757.98
-282091	-248233.86
-384471	-248787.16
-500297	-249363.06
-536179	-249881.39
-458470	-250309.25
-280627	-250677.14
-382021	-250983.38
-499736	-251318.25
-536301	-251724.62
-459136	-252235.9
-281611	-252880.48
-383735	-253588.67
-490623	-254340.1
-536381	-255041.45
-463422	-255614.97
-285742	-256021.23
-387687	-256188.52
-501886	-256158.56
-536879	-255959.48
-461879	-255655.45
-282896	-255346.9
-384539	-255066.16
-501320	-254900.81
-537167	-254861.02
-462541	-254934.86
-282564	-255110.0
-384544	-255296.05
-502051	-255473.38
-537386	-255587.39
-463667	-255608.7
-284092	-255557.89
-387694	-255413.83
-502581	-255242.25
-537792	-255062.48
-463754	-254895.19
-284144	-254771.12
-387603	-254640.86
-502754	-254513.27
-537990	-254341.45
-465201	-254087.92
-285211	-253753.11
-388706	-253294.6
-504599	-252764.94
-538396	-252189.4
-467787	-251612.86
-288092	-251108.55
-392982	-250680.11
-505184	-250388.0
-538712	-250221.4
-466411	-250156.2
-286192	-250177.19
-389762	-250199.34
-504033	-250213.56
-538885	-250174.6
-466734	-250064.53
-286852	-249914.0
-391809	-249707.98
-505269	-249521.05
-539037	-249384.4
-466049	-249331.64
-284032	-249411.11
-393799	-249586.84
-495410	-249887.48
-538998	-250268.78
-466092	-250695.64
-285021	-251151.75
-386704	-251561.6
-503302	-251934.58
-539134	-252244.5
-460654	-252486.36
-281159	-252687.84
-388552	-252813.88
-503972	-252908.0
-539212	-252963.8
-458752	-252979.17
-280202	-252973.61
-390438	-252904.88
-504731	-252812.44
-539141	-252692.34
-456752	-252556.94
-279126	-252446.4
-389273	-252343.36
-503636	-252304.8
-538981	-252332.75
-454719	-252427.22
-278405	-252598.25
-389438	-252785.28
-503917	-252997.56
-538947	-253190.42
-452818	-253336.88
-277455	-253439.33
-391278	-253454.47
-504081	-253428.9
-538914	-253367.31
-451925	-253297.75
-276204	-253263.98
-388146	-253246.23
-503393	-253280.53
-538874	-253339.14
-453298	-253393.4
-276951	-253425.72
-386652	-253361.67
-502581	-253210.0
-538906	-252949.16
-453229	-252593.0
-277809	-252199.31
-391130	-251785.61
-502711	-251455.53
-538846	-251259.83
-456747	-251246.62
-279665	-251459.8
-388114	-251849.92
-494309	-252412.86
-538737	-253062.06
-459648	-253714.86
-281041	-254305.1
-386198	-254718.17
-502032	-254944.58
-538728	-254961.73
-457387	-254795.05
-279337	-254523.6
-388704	-254182.4
-503032	-253889.16
-538736	-253699.34
-457192	-253656.17
-279334	-253794.97
-389439	-254052.16
-503538	-254417.28
-538857	-254809.86
-456609	-255162.97
-278815	-255443.56
-389925	-255578.14
-503458	-255602.9
-538879	-255532.25
-456394	-255416.36
-278764	-255338.72
-392589	-255315.64
-504536	-255429.42
-538776	-255684.52
-456211	-256069.73
-278711	-256568.5
-390611	-257080.1
-503865	-257576.23
-538669	-257982.3
-454837	-258252.7
-277492	-258388.1
-390476	-258352.88
-503246	-258215.23
-538612	-258009.62
-454489	-257787.52
-276785	-257617.08
-390150	-257487.98
-503468	-257448.88
-538369	-257477.7
-453239	-257544.64
-276284	-257629.22
-389171	-257647.69
-502980	-257601.73
-538432	-257458.22
-452692	-257212.52
-274826	-256899.3
-386896	-256505.31
-493339	-256105.61
-538226	-255721.33
-458988	-255385.8
-278347	-255139.5
-385596	-254947.78
-501279	-254842.8
-538272	-254797.94
-455832	-254791.28
-276972	-254821.56
-385881	-254826.67
-501123	-254827.27
-538277	-254799.38
-457894	-254735.58
-277166	-254657.05
-382802	-254523.5
-500231	-254374.64
-538264	-254202.92
-461752	-254012.72
-279327	-253835.78
-379372	-253640.62
-496959	-253473.38
-538489	-253332.64
-464695	-253221.86
-282528	-253168.16
-385136	-253126.61
-500896	-253124.31
-538470	-253132.0
-463579	-253127.8
-280561	-253114.23
-382642	-253033.55
-500091	-252912.75
-538594	-252741.11
-466474	-252528.86
-282518	-252323.27
-384361	-252113.28
-501546	-251965.45
-538517	-251894.08
-466815	-251910.34
-283351	-252040.22
-385989	-252227.95
-501509	-252482.39
-538881	-252754.67
-467201	-253001.36
-283044	-253211.6
-384452	-253319.64
-501411	-253351.23
-538971	-253300.6
-468023	-253184.33
-283929	-253057.3
-387182	-252913.45
-494731	-252824.73
-538983	-252800.17
-469237	-252851.62
-285074	-252999.64
-386547	-253186.69
-502003	-253423.88
-539214	-253668.38
-467372	-253886.56
-282692	-254078.05
-385271	-254184.28
-501553	-254236.5
-539211	-254227.81
-468414	-254168.8
-283103	-254104.25
-385004	-254014.61
-502334	-253957.33
-539265	-253936.45
-468001	-253957.12
-283337	-254044.75
-386183	-254149.75
-501439	-254295.47
-539208	-254450.1
-467962	-254588.81
-282674	-254715.9
-384247	-254770.38
-501089	-254776.5
-539284	-254715.06
-468156	-254584.9
-282235	-254421.06
-383219	-254197.39
-501377	-253972.05
-539361	-253755.38
-467379	-253564.81
-282601	-253441.48
-385600	-253349.08
-501155	-253322.66
-539277	-253334.86
-466482	-253360.86
-281377	-253397.61
-383711	-253373.14
-500599	-253298.44
-539187	-253143.1
-466166	-252899.9
-281744	-252602.44
-384146	-252230.98
-501436	-251856.45
-539257	-251505.6
-466148	-251215.36
-282198	-251044.19
-387702	-250969.7
-493750	-251038.9
-539035	-251220.69
-468107	-251489.03
-283392	-251826.55
-383497	-252144.23
-499961	-252433.4
-538985	-252642.94
-466263	-252743.92
-281759	-252750.48
-383851	-252629.86
-501206	-252442.77
-539190	-252210.89
-466609	-251973.0
-281666	-251794.22
-383110	-251669.42
-499984	-251659.7
-539095	-251759.03
-466201	-251958.61
-281143	-252261.9
-382171	-252598.4
-499626	-252968.52
-539192	-253319.58
-466180	-253617.73
-281211	-253863.64
-383972	-254006.53
-500781	-254086.45
-539065	-254102.78
-466305	-254075.1
-281500	-254055.94
-384924	-254033.38
-500346	-254068.83
-539021	-254161.47
-465723	-254313.36
-280697	-254540.48
-383662	-254785.22
-500047	-255059.06
-539211	-255316.94
-465914	-255527.05
-280654	-255689.48
-383437	-255750.52
-499924	-255743.55
-539176	-255663.39
-465606	-255525.88
-280421	-255380.45
-384072	-255217.27
-500394	-255100.55
-539216	-255035.5
-464594	-255031.98
-280387	-255113.11
-387007	-255226.2
-493934	-255390.12
-539329	-255560.34
-467601	-255710.42
-282675	-255838.06
-388479	-255885.27
-501400	-255884.8
-539342	-255828.64
-466383	-255728.83
-281094	-255630.53
-385545	-255516.78
-500543	-255446.88
-539438	-255420.11
-466754	-255438.58
-280757	-255520.3
-383357	-255608.36
-500394	-255717.33
-539469	-255806.73
-466192	-255850.66
-280384	-255856.45
-383587	-255776.47
-500365	-255653.33
-539586	-255485.42
-466369	-255293.47
-280314	-255125.97
-385064	-254966.28
-500825	-254869.78
-539736	-254828.64
-466336	-254837.78
-280714	-254907.62
-386069	-254976.55
-501304	-255057.78
-539922	-255112.39
-466809	-255119.67
-280329	-255094.08
-384027	-254996.06
-500664	-254873.39
-539975	-254726.89
-467121	-254575.48
-280577	-254463.0
-385518	-254363.45
-501082	-254322.62
-540136	-254323.38
-466510	-254354.0
-279866	-254422.72
-384097	-254470.75
-500982	-254517.62
-540120	-254535.06
-466125	-254513.44
-280751	-254477.3
-389226	-254393.95
-496289	-254316.86
-540157	-254243.39
-468467	-254188.48
-281584	-254184.38
-385623	-254193.72
-501768	-254250.97
-540399	-254331.73
-467104	-254417.47
-280128	-254512.75
-383785	-254557.47
-500856	-254573.7
-540424	-254536.9
-465679	-254442.69
-279141	-254321.23
-383993	-254144.53
-500894	-253970.61
-540307	-253809.06
-466129	-253679.02
-279766	-253622.81
-385389	-253608.86
-501171	-253676.22
-540456	-253804.19
-465871	-253972.1
-279576	-254177.84
-385186	-254349.67
-500848	-254498.1
-540376	-254587.67
-465885	-254603.52
-279269	-254567.86
-384051	-254446.97
-500865	-254298.58
-540413	-254135.42
-466106	-253981.23
-279174	-253883.62
-384686	-253812.6
-500996	-253809.64
-540309	-253853.5
-465577	-253922.4
-279467	-254015.02
-385669	-254061.12
-501169	-254077.7
-540502	-254039.56
-465607	-253945.44
-278849	-253833.92
-383962	-253686.31
-500496	-253572.17
-540374	-253510.39
-465381	-253523.98
-279599	-253650.52
-389798	-253843.12
-497649	-254125.5
-540581	-254450.81
-467225	-254779.81
-280742	-255094.27
-385629	-255312.44
-500758	-255446.06
-540519	-255470.02
-465435	-255384.7
-278830	-255231.83
-384085	-254993.42
-500551	-254739.97
-540734	-254489.3
-466259	-254264.95
-279199	-254109.38
-384742	-253985.7
-500914	-253931.81
-540691	-253927.55
-466572	-253958.27
-279773	-254036.7
-385247	-254106.86
-501071	-254198.7
-540901	-254292.88
-466429	-254382.97
-279239	-254490.08
-384096	-254566.36
-500459	-254645.83
-540920	-254710.17
-466686	-254751.94
-279122	-254792.22
-384186	-254785.27
-501498	-254771.92
-541091	-254744.22
-466543	-254706.53
-279469	-254690.73
-385958	-254658.16
-501211	-254650.42
-541091	-254653.19
-466797	-254658.45
-279433	-254682.94
-385407	-254673.75
-500928	-254662.33
-541056	-254633.03
-467564	-254585.14
-279219	-254551.92
-385216	-254501.17
-502372	-254485.06
-541236	-254503.27
-467551	-254560.1
-280822	-254679.06
-392419	-254805.69
-498098	-254964.62
-541279	-255115.53
-469796	-255232.97
-281612	-255317.1
-385698	-255306.53
-501224	-255232.2
-541322	-255085.72
-468214	-254878.83
-279813	-254659.73
-385624	-254412.14
-502267	-254202.7
-541267	-254042.61
-467907	-253945.33
-279912	-253940.77
-386761	-253979.77
-501701	-254086.56
-541438	-254226.95
-467899	-254373.31
-279606	-254525.44
-385900	-254618.12
-501367	-254675.64
-541409	-254678.8
-468816	-254625.45
-279735	-254549.56
-385745	-254420.25
-503021	-254293.94
-541536	-254174.97
-468993	-254076.05
-280067	-254033.89
-386338	-254008.89
-501514	-254039.48
-541502	-254104.48
-468841	-254187.81
-279531	-254297.83
-384454	-254372.48
-501132	-254433.27
-541488	-254455.31
-470272	-254429.0
-279895	-254381.3
-382920	-254278.23
-501509	-254172.94
-541709	-254072.88
-471380	-253994.69
-280899	-253980.7
-384462	-253997.92
-501152	-254086.55
-541690	-254224.78
-471482	-254391.61
-280468	-254588.03
-386452	-254742.38
-485857	-254871.3
-541281	-254933.06
-475157	-254916.19
-283472	-254844.7
-382347	-254685.0
-500942	-254495.69
-541768	-254289.27
-472939	-254091.67
-281654	-253955.02
-384394	-253853.98
-500870	-253837.81
-541938	-253890.16
-473835	-253995.61
-281496	-254160.25
-380824	-254315.05
-499865	-254471.12
-541921	-254592.23
-473876	-254656.97
-281546	-254682.58
-381494	-254626.64
-500672	-254535.98
-542008	-254413.19
-474500	-254274.95
-282327	-254167.62
-383079	-254066.27
-499861	-254023.42
-542010	-254030.97
-475319	-254083.94
-282542	-254199.77
-380916	-254319.86
-499967	-254463.25
-542027	-254595.4
-475641	-254693.72
-282594	-254771.03
-380707	-254776.6
-500363	-254749.33
-542177	-254684.9
-476352	-254594.73
-283281	-254526.23
-382124	-254457.78
-500566	-254448.0
-542212	-254497.33
-476612	-254607.67
-283369	-254801.9
-380580	-255022.92
-500079	-255286.14
-542380	-255548.92
-476656	-255776.58
-283032	-255968.1
-384877	-256058.5
-487411	-256079.47
-541932	-256011.08
-480020	-255864.84
-286799	-255688.23
-382592	-255466.38
-500898	-255267.08
-542503	-255102.53
-478051	-254986.7
-284597	-254954.6
-378844	-254959.86
-499912	-255025.03
-542683	-255113.86
-478559	-255195.55
-284905	-255272.72
-380992	-255284.66
-500466	-255261.7
-542579	-255193.55
-478120	-255090.48
-284426	-255001.3
-382644	-254909.14
-501231	-254875.11
-542686	-254900.03
-478325	-254982.53
-284496	-255138.14
-381607	-255299.72
-500859	-255472.4
-542815	-255605.2
-478820	-255661.12
-284663	-255645.55
-380303	-255510.45
-500187	-255306.12
-542764	-255048.56
-478783	-254775.4
-284511	-254560.25
-381607	-254403.02
-500889	-254371.33
-542838	-254460.34
-479051	-254651.89
-284929	-254937.12
-381205	-255221.95
-501266	-255483.73
-542854	-255652.02
-479346	-255680.56
-285243	-255576.67
-381273	-255305.73
-500624	-254939.89
-543004	-254521.28
-478890	-254112.61
-286057	-253807.39
-388786	-253617.11
-498874	-253615.25
-543189	-253789.12
-480527	-254112.28
-286846	-254562.25
-383157	-255031.11
-501160	-255487.72
-543111	-255855.08
-479069	-256083.1
-285282	-256175.84
-384373	-256094.55
-501233	-255903.62
-543076	-255633.27
-479427	-255330.77
-284741	-255073.5
-382139	-254860.2
-501289	-254755.17
-543212	-254752.31
-479396	-254837.11
-284974	-255013.08
-382466	-255205.22
-501044	-255417.48
-543095	-255604.28
-479271	-255736.66
-284607	-255827.05
-381624	-255828.38
-500972	-255783.81
-543245	-255692.12
-480119	-255565.69
-285372	-255451.62
-383099	-255326.58
-501566	-255247.25
-543370	-255213.83
-479983	-255229.72
-285584	-255323.62
-383516	-255446.66
-501401	-255623.36
-543251	-255817.83
-480122	-255998.97
-284956	-256164.98
-380839	-256246.2
-500596	-256259.72
-543283	-256181.17
-480267	-256009.16
-284502	-255788.08
-379138	-255505.39
-499614	-255237.8
-543369	-255012.52
-480471	-254861.22
-286717	-254837.77
-388322	-254908.3
-499447	-255105.6
-543587	-255386.02
-482086	-255707.19
-286527	-256049.2
-380427	-256322.17
-500591	-256526.55
-543480	-256625.23
-481480	-256609.58
-285711	-256521.06
-381021	-256347.48
-501186	-256166.66
-543582	-256005.52
-481577	-255894.66
-285996	-255883.88
-382163	-255936.52
-501194	-256080.44
-543575	-256275.16
-481241	-256480.97
-284991	-256687.4
-379634	-256818.33
-500895	-256887.62
-543584	-256871.67
-481524	-256771.1
-284977	-256631.6
-379306	-256438.7
-500629	-256261.45
-543709	-256115.02
-481685	-256015.83
-285629	-256002.5
-381182	-256029.8
-500687	-256123.27
-543813	-256246.47
-481917	-256368.89
-285507	-256493.16
-379901	-256556.77
-500261	-256586.95
-543842	-256569.1
-482284	-256508.31
-285476	-256450.19
-380361	-256373.75
-501897	-256339.66
-543954	-256353.56
-482300	-256419.95
-285474	-256568.31
-380492	-256745.27
-500664	-256971.02
-543881	-257207.34
-481813	-257423.3
-286341	-257621.69
-385322	-257738.64
-499434	-257804.42
-544237	-257799.97
-483464	-257733.2
-286038	-257642.06
-378263	-257499.61
-500844	-257360.95
-543997	-257228.75
-482187	-257108.08
-284762	-257031.36
-378986	-256953.67
-500605	-256907.77
-544146	-256873.12
-482635	-256836.42
-284627	-256820.12
-376548	-256776.39
-498374	-256741.39
-543974	-256702.84
-482633	-256657.16
-284646	-256633.64
-376756	-256589.64
-499686	-256563.14
-544028	-256542.0
-483237	-256521.84
-284703	-256533.77
-375834	-256538.22
-498266	-256578.3
-544029	-256645.69
-483066	-256738.36
-283854	-256882.56
-372472	-257025.8
-496489	-257188.27
-544001	-257334.11
-483089	-257430.88
-283494	-257481.05
-372056	-257420.66
-497687	-257277.0
-544041	-257043.72
-484413	-256737.06
-285397	-256422.36
-373789	-256102.83
-497436	-255864.02
-543997	-255736.1
-485205	-255740.92
-285949	-255914.9
-371619	-256198.6
-496024	-256590.2
-544119	-257022.16
-486451	-257426.62
-288516	-257772.86
-377775	-257971.72
-496431	-258037.58
-544409	-257955.98
-488616	-257750.2
-289676	-257491.19
-373047	-257189.48
-497024	-256934.55
-544113	-256757.55
-488400	-256676.06
-289388	-256721.06
-371976	-256830.22
-496522	-257003.23
-544217	-257182.84
-488457	-257317.64
-289102	-257402.27
-371880	-257374.8
-497150	-257270.69
-544262	-257095.73
-489022	-256873.31
-289569	-256668.88
-373049	-256474.02
-497235	-256351.62
-544329	-256302.98
-488838	-256319.97
-289033	-256419.1
-371281	-256535.03
-496811	-256677.7
-544414	-256811.03
-489036	-256909.4
-289287	-256992.17
-372161	-257015.06
-497391	-257018.92
-544436	-257002.05
-488963	-256968.0
-289054	-256955.14
-373426	-256925.55
-497642	-256918.8
-544527	-256923.0
-488865	-256929.81
-288623	-256968.38
-372045	-256995.8
-497052	-257050.22
-544449	-257121.17
-489381	-257202.14
-289104	-257319.92
-371491	-257425.14
-496894	-257543.64
-544565	-257649.28
-489157	-257720.56
-290478	-257774.02
-380223	-257756.48
-497277	-257704.61
-544798	-257606.9
-489891	-257468.69
-290441	-257332.11
-373327	-257166.28
-497759	-257018.38
-544572	-256881.77
-489068	-256749.34
-288551	-256646.52
-370581	-256523.25
-496028	-256409.48
-544475	-256288.53
-488692	-256157.27
-287646	-256053.97
-370648	-255947.75
-495652	-255887.92
-544448	-255871.83
-489451	-255894.75
-289124	-255978.67
-371536	-256061.39
-496100	-256151.98
-544571	-256205.78
-489484	-256186.34
-289077	-256102.48
-371266	-255903.27
-496359	-255635.55
-544617	-255312.5
-490263	-254966.31
-290080	-254671.5
-372829	-254427.03
-497267	-254301.22
-544626	-254295.77
-490755	-254397.75
-291484	-254611.23
-374888	-254852.78
-498368	-255113.14
-544751	-255335.38
-491029	-255480.36
-291673	-255562.77
-373689	-255545.52
-497686	-255489.97
-544777	-255421.9
-491114	-255376.92
-291072	-255422.53
-373345	-255540.81
-497881	-255774.08
-544804	-256096.39
-490560	-256466.7
-292204	-256868.1
-381817	-257205.42
-498907	-257472.98
-545169	-257624.23
-491719	-257639.72
-291768	-257555.53
-373545	-257352.64
-497288	-257105.02
-544836	-256843.88
-490784	-256603.16
-289547	-256444.77
-373554	-256343.56
-498322	-256340.03
-544954	-256412.22
-491256	-256530.58
-290947	-256697.89
-374916	-256841.12
-500450	-256972.47
-545222	-257062.12
-491219	-257093.55
-290497	-257094.9
-374080	-257028.66
-498073	-256942.69
-544972	-256839.11
-490976	-256725.45
-289501	-256645.33
-372183	-256566.9
-497607	-256535.5
-544904	-256544.23
-490723	-256586.31
-289936	-256685.83
-373485	-256789.25
-496784	-256918.16
-545089	-257041.28
-491064	-257130.97
-289952	-257197.55
-372636	-257182.73
-497291	-257116.28
-545069	-256990.83
-491279	-256813.58
-290127	-256640.0
-373675	-256458.22
-499709	-256339.64
-545241	-256304.08
-491401	-256364.66
-290331	-256558.05
-373655	-256830.36
-497369	-257191.16
-545185	-257587.92
-490860	-257964.3
-290873	-258299.67
-378814	-258505.4
-498368	-258589.89
-545644	-258525.69
-492346	-258312.38
-290887	-258002.3
-373169	-257586.66
-499127	-257144.3
-545281	-256707.9
-491967	-256306.83
-290532	-255998.67
-374268	-255754.66
-498309	-255615.61
-545425	-255562.22
-491758	-255572.62
-290387	-255657.02
-373586	-255751.86
-497334	-255875.2
-545394	-256000.31
-492303	-256106.94
-290743	-256215.58
-373961	-256276.39
-499327	-256323.81
-545669	-256348.83
-492351	-256349.1
-290711	-256364.31
-374197	-256363.84
-498072	-256400.48
-545574	-256479.7
-492184	-256605.66
-290697	-256812.98
-373408	-257052.75
-497308	-257345.53
-545589	-257653.42
-492774	-257933.33
-291306	-258177.14
-374116	-258307.17
-499402	-258339.25
-545756	-258259.2
-492196	-258074.31
-291382	-257848.88
-375670	-257587.39
-498623	-257382.36
-545737	-257275.64
-492780	-257296.2
-290853	-257488.2
-372756	-257794.0
-497906	-258210.1
-545872	-258665.86
-492344	-259080.73
-291219	-259412.42
-378419	-259558.1
-499772	-259523.52
-546424	-259297.3
-494167	-258903.44
-292297	-258429.89
-374643	-257905.1
-498589	-257443.03
-545971	-257101.64
-493516	-256917.12
-291171	-256934.44
-372892	-257092.16
-497400	-257382.72
-545879	-257736.58
-493671	-258076.69
-291335	-258370.97
-373287	-258527.31
-498746	-258558.86
-546129	-258458.4
-493746	-258241.05
-290896	-257975.28
-373672	-257660.3
-498370	-257374.23
-546070	-257141.31
-493634	-256969.94
-291027	-256892.31
-373037	-256851.69
-498411	-256864.05
-546271	-256899.61
-494081	-256930.12
-291769	-256973.62
-373421	-256979.92
-498299	-256988.9
-546354	-256999.45
-494214	-257012.28
-291710	-257063.56
-374197	-257108.95
-498474	-257182.1
-546444	-257265.08
-494429	-257339.83
-291692	-257426.69
-372330	-257475.61
-497681	-257521.11
-546516	-257559.97
-494716	-257591.33
-291744	-257655.48
-372402	-257714.47
-498146	-257807.16
-546561	-257922.86
-494516	-258042.9
-291912	-258183.0
-385214	-258278.0
-495022	-258353.64
-547017	-258384.28
-497433	-258358.42
-294883	-258306.84
-372704	-258192.25
-498155	-258062.36
-546752	-257922.62
-495799	-257777.28
-292378	-257668.22
-371473	-257557.33
-497684	-257484.52
-546854	-257442.12
-496137	-257420.83
-292224	-257448.67
-372021	-257478.66
-497699	-257544.14
-546859	-257632.17
-496193	-257726.98
-292862	-257848.66
-372192	-257938.77
-497661	-258017.28
-546899	-258060.97
-496221	-258048.95
-292858	-258006.28
-371972	-257891.52
-497457	-257754.28
-547072	-257607.86
-496743	-257471.67
-293099	-257403.0
-372579	-257379.11
-498092	-257446.67
-547146	-257593.38
-497333	-257791.78
-294421	-258039.61
-373037	-258251.69
-498274	-258423.45
-547277	-258513.2
-497236	-258494.11
-294129	-258398.23
-372144	-258201.25
-497531	-257976.0
-547361	-257761.72
-497737	-257597.39
-294017	-257553.2
-372270	-257606.17
-498245	-257791.5
-547392	-258078.8
-496044	-258417.62
-294052	-258783.77
-385149	-259072.97
-495415	-259278.23
-547880	-259353.98
-500461	-259281.64
-297549	-259104.95
-372346	-258810.02
-498069	-258476.6
-547518	-258144.39
-499226	-257848.86
-294757	-257653.47
-371407	-257529.45
-498887	-257510.8
-547542	-257573.02
-499144	-257679.03
-294739	-257828.86
-371556	-257947.06
-499072	-258046.23
-547692	-258103.9
-499299	-258106.45
-294803	-258091.12
-371312	-258023.81
-497760	-257954.64
-547575	-257887.56
-499404	-257825.11
-294605	-257806.14
-371001	-257789.48
-497927	-257811.56
-547633	-257862.25
-499731	-257928.42
-295034	-258035.33
-371163	-258130.34
-497814	-258237.72
-547614	-258334.86
-499819	-258397.42
-294815	-258440.5
-369484	-258407.42
-497364	-258326.42
-547628	-258192.2
-499522	-258008.95
-294022	-257832.2
-368655	-257650.62
-496662	-257534.81
-547592	-257510.06
-499687	-257590.19
-295085	-257816.14
-370124	-258132.89
-496479	-258547.22
-547621	-259004.44
-498843	-259440.34
-295617	-259828.48
-375975	-260073.81
-499866	-260180.08
-548337	-260123.84
-501872	-259906.98
-297824	-259592.83
-369861	-259182.95
-497486	-258765.75
-547572	-258383.95
-500777	-258068.23
-296326	-257875.14
-370026	-257766.33
-496384	-257766.45
-547593	-257842.28
-500607	-257951.84
-295396	-258094.89
-368146	-258198.95
-496108	-258280.55
-547539	-258322.17
-501436	-258315.84
-296294	-258301.6
-369224	-258247.08
-497775	-258199.89
-547579	-258162.31
-501344	-258131.28
-296119	-258142.11
-369157	-258151.84
-496259	-258195.12
-547414	-258263.3
-501566	-258345.84
-295988	-258473.3
-367459	-258596.94
-496041	-258744.16
-547520	-258892.81
-501803	-259016.92
-296049	-259128.08
-368239	-259163.53
-497344	-259144.69
-547517	-259059.45
-501727	-258906.4
-296006	-258739.31
-367834	-258547.67
-495489	-258406.08
-547446	-258344.36
-501486	-258384.95
-295754	-258575.19
-366901	-258867.9
-495009	-259272.22
-547332	-259735.42
-500557	-260191.12
-296481	-260610.2
-373699	-260893.94
-499952	-261040.11
-548116	-261023.06
-502797	-260842.12
-297976	-260560.39
-367647	-260182.17
-494741	-259797.89
-547249	-259452.12
-501403	-259176.52
-295406	-259027.22
-365089	-258963.23
-493541	-259002.7
-547246	-259105.7
-502519	-259224.1
-296738	-259351.52
-365673	-259415.25
-495537	-259431.73
-547248	-259390.64
-502796	-259292.89
-297003	-259189.69
-366177	-259060.97
-494343	-258963.48
-547162	-258903.08
-503033	-258875.61
-297033	-258909.42
-364759	-258950.05
-493591	-259015.75
-547184	-259080.75
-503336	-259120.36
-297114	-259155.77
-364686	-259138.19
-494719	-259100.4
-547144	-259035.48
-503364	-258936.55
-297049	-258838.7
-364873	-258701.42
-493876	-258562.77
-547114	-258419.23
-503267	-258269.36
-296753	-258157.9
-363547	-258057.67
-492774	-258021.95
-546959	-258058.86
-503388	-258171.97
-298376	-258396.89
-370019	-258682.84
-495612	-259046.94
-547157	-259450.36
-502077	-259845.61
-297282	-260222.84
-371695	-260498.55
-498594	-260680.0
-547799	-260737.22
-504166	-260661.64
-298194	-260496.8
-363156	-260222.95
-492330	-259906.05
-546909	-259571.34
-503796	-259241.12
-297061	-258972.8
-362832	-258740.12
-493566	-258585.89
-546994	-258502.9
-504167	-258475.61
-297582	-258527.16
-364476	-258602.7
-493712	-258723.89
-546966	-258868.94
-504244	-259011.84
-297842	-259167.77
-363618	-259276.11
-492605	-259353.39
-546960	-259377.64
-504517	-259329.72
-297417	-259242.48
-361989	-259082.86
-492874	-258904.88
-546997	-258728.84
-504851	-258574.38
-297994	-258502.2
-363211	-258486.3
-492846	-258565.14
-546974	-258716.89
-504982	-258901.64
-297851	-259109.6
-362095	-259251.22
-493054	-259318.39
-546952	-259276.55
-505002	-259108.42
-297772	-258865.52
-361326	-258546.02
-492227	-258241.81
-546989	-258009.78
-505291	-257897.39
-298011	-257977.52
-361792	-258218.17
-492056	-258632.8
-546841	-259161.89
-504123	-259719.89
-298667	-260252.08
-368497	-260630.72
-497537	-260825.6
-547936	-260788.16
-506073	-260511.7
-299172	-260062.14
-361481	-259461.14
-496199	-258823.36
-547369	-258229.05
-505839	-257743.66
-298489	-257452.38
-361597	-257334.27
-492289	-257414.16
-547062	-257645.66
-505819	-257960.53
-298491	-258324.1
-360836	-258630.28
-491494	-258861.69
-546862	-258981.52
-505971	-258971.73
-298377	-258880.19
-359859	-258694.67
-491252	-258487.64
-547077	-258291.83
-506004	-258129.77
-298035	-258055.83
-360144	-258033.9
-491189	-258090.34
-546994	-258199.69
-506180	-258324.8
-298326	-258470.31
-360346	-258565.6
-492356	-258622.89
-547173	-258621.72
-506599	-258548.2
-299006	-258441.4
-360200	-258273.97
-491427	-258102.73
-547102	-257948.7
-507011	-257831.77
-299193	-257812.48
-359952	-257869.64
-491619	-258049.31
-547219	-258343.47
-506969	-258724.75
-299247	-259194.23
-359690	-259664.38
-491165	-260116.22
-547169	-260487.7
-506259	-260720.06
-300409	-260809.73
-366229	-260697.1
-496818	-260422.72
-548220	-260008.48
-507914	-259492.17
-300707	-258966.7
-359363	-258451.61
-491006	-258035.61
-547182	-257751.4
-507247	-257607.11
-299440	-257630.12
-359394	-257751.38
-490601	-257961.69
-547122	-258203.95
-507173	-258419.14
-299329	-258600.28
-358699	-258680.06
-490302	-258684.31
-547075	-258614.89
-507756	-258482.16
-299962	-258346.16
-359054	-258191.17
-491474	-258072.44
-547154	-257996.31
-507585	-257954.34
-299488	-257974.02
-359274	-258000.62
-490131	-258053.83
-547191	-258114.75
-507626	-258163.94
-299371	-258230.06
-357692	-258268.05
-489728	-258309.7
-547164	-258346.14
-508137	-258359.94
-299558	-258375.61
-357315	-258339.81
-490961	-258275.31
-547207	-258173.02
-508297	-258025.19
-299967	-257880.23
-358109	-257719.39
-489224	-257606.53
-547140	-257567.39
-508411	-257618.25
-299829	-257807.44
-356324	-258091.64
-488586	-258483.47
-547164	-258939.67
-508463	-259399.33
-301787	-259839.12
-362713	-260164.88
-497115	-260369.0
-548317	-260423.6
-509236	-260316.7
-301364	-260101.98
-357431	-259772.36
-489252	-259404.52
-547274	-259036.88
-508813	-258696.81
-300289	-258442.02
-355464	-258240.34
-487902	-258119.64
-547182	-258057.19
-509119	-258020.4
-300408	-258018.92
-354924	-257992.75
-490329	-257962.4
-547487	-257919.62
-509414	-257855.98
-300772	-257812.56
-355984	-257754.73
-488561	-257720.02
-547363	-257704.62
-509533	-257695.05
-300818	-257720.67
-354572	-257734.77
-487515	-257766.3
-547254	-257809.19
-509773	-257855.25
-301253	-257940.19
-355001	-258023.22
-489180	-258132.56
-547394	-258253.53
-510272	-258358.62
-302018	-258460.25
-355906	-258495.0
-488859	-258479.14
-547520	-258400.27
-510414	-258254.5
-302197	-258096.89
-355242	-257919.98
-488154	-257797.0
-547367	-257763.38
-510370	-257838.66
-301823	-258069.48
-354174	-258405.2
-488579	-258845.45
-547524	-259331.23
-510611	-259788.61
-304032	-260184.81
-361636	-260421.78
-495481	-260495.31
-548631	-260388.53
-511448	-260105.12
-303604	-259718.38
-354386	-259241.47
-487207	-258765.14
-547476	-258339.02
-511201	-257992.38
-302915	-257779.39
-353791	-257659.25
-488293	-257646.83
-547598	-257709.55
-510887	-257803.86
-302124	-257933.88
-354196	-258035.45
-487502	-258128.98
-547462	-258205.5
-511242	-258255.12
-302574	-258313.95
-353232	-258339.97
-486905	-258359.97
-547268	-258359.39
-511296	-258315.64
-302809	-258253.62
-353304	-258129.42
-487638	-257982.61
-547544	-257826.58
-511478	-257675.17
-302887	-257588.98
-353728	-257548.83
-487609	-257596.25
-547514	-257720.42
-511647	-257885.92
-303411	-258086.5
-353224	-258234.52
-486785	-258317.47
-547420	-258300.03
-511938	-258160.58
-303545	-257949.7
-352298	-257668.64
-486741	-257409.1
-547487	-257234.33
-512381	-257192.39
-304121	-257356.03
-354071	-257691.6
-487128	-258202.98
-547480	-258824.28
-512440	-259458.16
-305570	-260041.55
-355229	-260444.61
-491995	-260631.78
-548883	-260566.28
-513569	-260242.83
-306132	-259740.56
-352362	-259093.7
-486997	-258420.47
-547650	-257806.11
-512925	-257309.36
-304329	-257010.17
-352641	-256880.81
-486010	-256934.64
-547492	-257124.17
-513002	-257379.62
-304632	-257673.58
-352216	-257911.28
-486429	-258084.56
-547594	-258170.19
-513391	-258154.03
-305081	-258082.38
-352082	-257936.53
-486946	-257772.66
-547675	-257610.9
-513407	-257458.72
-304792	-257363.02
-352007	-257291.92
-486694	-257281.44
-547612	-257329.64
-513142	-257423.86
-304248	-257592.3
-350861	-257783.17
-485567	-258008.89
-547494	-258239.89
-513289	-258432.2
-304547	-258586.56
-350928	-258632.25
-486027	-258582.08
-547602	-258430.44
-513602	-258184.1
-304881	-257915.1
-351402	-257636.19
-485877	-257439.06
-547524	-257376.34
-513451	-257475.56
-304704	-257784.5
-351253	-258243.44
-485897	-258833.36
-547601	-259476.31
-513787	-260070.81
-307079	-260561.84
-363620	-260834.38
-490237	-260879.73
-549187	-260685.94
-514834	-260271.14
-307166	-259731.7
-350931	-259107.56
-485346	-258514.22
-547464	-258021.77
-513997	-257668.42
-305542	-257506.02
-351048	-257481.53
-485709	-257585.16
-547572	-257757.9
-514255	-257927.48
-305919	-258074.83
-350181	-258125.78
-485082	-258098.69
-547585	-258000.12
-514428	-257845.36
-305845	-257702.81
-350352	-257566.72
-485079	-257492.56
-547626	-257488.48
-514502	-257537.8
-305976	-257656.03
-350147	-257776.64
-484892	-257902.42
-547801	-258006.95
-514870	-258064.14
-306186	-258102.7
-349648	-258087.25
-484670	-258057.77
-547687	-258021.62
-515121	-257974.38
-306592	-257951.22
-349866	-257909.08
-485077	-257871.8
-547666	-257831.38
-515214	-257772.84
-306723	-257736.7
-349601	-257694.6
-484621	-257697.12
-547654	-257760.48
-515178	-257889.33
-306658	-258123.39
-349213	-258413.88
-484388	-258767.98
-547704	-259146.23
-513837	-259491.56
-306284	-259790.33
-360709	-259960.19
-490542	-260008.2
-549431	-259924.5
-516579	-259708.02
-309425	-259421.61
-349992	-259065.73
-484671	-258711.98
-547652	-258395.39
-515449	-258131.34
-306911	-257965.97
-349187	-257858.08
-487511	-257825.14
-547957	-257847.92
-515950	-257893.84
-307771	-257979.4
-349234	-258052.08
-485599	-258134.84
-547666	-258222.7
-516124	-258298.89
-308103	-258390.53
-350237	-258446.52
-484904	-258482.22
-547599	-258480.02
-516084	-258414.45
-307963	-258313.06
-348328	-258141.64
-483006	-257946.98
-547433	-257753.53
-516006	-257581.03
-307391	-257491.03
-347987	-257462.22
-484531	-257526.22
-547506	-257664.61
-516039	-257830.0
-307634	-258009.7
-349184	-258116.08
-484396	-258141.12
-547558	-258065.19
-516323	-257884.12
-307881	-257667.56
-348067	-257433.72
-483740	-257280.8
-547591	-257273.56
-516783	-257446.98
-308622	-257850.2
-348867	-258420.86
-485504	-259128.69
-547657	-259883.0
-516616	-260566.66
-308466	-261111.34
-350416	-261397.05
-491434	-261407.73
-548813	-261142.94
-516897	-260631.25
-308589	-259984.42
-347096	-259259.05
-482329	-258581.98
-547443	-258031.83
-516991	-257648.45
-308916	-257479.28
-348346	-257463.52
-485265	-257581.78
-547686	-257770.5
-517482	-257952.6
-309524	-258109.95
-349247	-258172.52
-484212	-258164.02
-547487	-258097.64
-517141	-257989.38
-308787	-257903.75
-346723	-257826.92
-482331	-257800.08
-547346	-257819.48
-517432	-257855.78
-309111	-257919.23
-346760	-257946.84
-484170	-257952.02
-547586	-257930.81
-517734	-257880.1
-309685	-257852.53
-348169	-257830.0
-483457	-257857.94
-547410	-257939.9
-518110	-258049.81
-310218	-258194.48
-347627	-258296.2
-483720	-258345.67
-547485	-258313.0
-518119	-258175.42
-310004	-257980.78
-346522	-257728.38
-484164	-257503.8
-547622	-257371.48
-518281	-257375.94
-310108	-257587.56
-347242	-257973.06
-483467	-258530.53
-547538	-259196.14
-518209	-259869.86
-309894	-260488.33
-347383	-260923.42
-490289	-261137.08
-548786	-261101.44
-518799	-260813.11
-311120	-260354.66
-346697	-259762.9
-484601	-259154.64
-547716	-258615.66
-518529	-258200.14
-310582	-257979.62
-347922	-257919.28
-484271	-258021.42
-547688	-258236.17
-518731	-258488.5
-310746	-258750.52
-346961	-258931.48
-482789	-259027.72
-547454	-259027.22
-518874	-258924.06
-310818	-258772.22
-346435	-258560.22
-484427	-258343.0
-547689	-258144.06
-519121	-257964.05
-310989	-257843.53
-346530	-257743.4
-483174	-257688.69
-547583	-257675.0
-519392	-257684.94
-311069	-257748.38
-345059	-257820.03
-481213	-257919.89
-547289	-258033.66
-520922	-258130.86
-314191	-258223.94
-343434	-258256.2
-481406	-258242.5
-547489	-258180.22
-521939	-258066.25
-315954	-257957.1
-343779	-257848.53
-480759	-257804.25
-547379	-257855.75
-522515	-258006.94
-317242	-258289.5
-342934	-258642.3
-479231	-259048.19
-547271	-259446.6
-522829	-259760.56
-317278	-259967.06
-343128	-259992.23
-489981	-259850.39
-549106	-259560.64
-523711	-259155.39
-319850	-258732.03
-344065	-258324.56
-481331	-258021.75
-547521	-257865.67
-523355	-257856.64
-318749	-258010.47
-342656	-258246.64
-480053	-258529.94
-547336	-258792.33
-523597	-258960.12
-319035	-259025.42
-341269	-258936.94
-479269	-258734.1
-547321	-258452.62
-524038	-258129.64
-320052	-257851.45
-341967	-257628.61
-479781	-257516.34
-547212	-257522.69
-524330	-257620.1
-321081	-257809.39
-342187	-258015.06
-479344	-258222.64
-547138	-258399.39
-524419	-258510.02
-321261	-258581.78
-341584	-258586.0
-478894	-258564.48
-547132	-258534.72
-524553	-258496.58
-321587	-258488.75
-342149	-258473.19
-479320	-258466.94
-547102	-258457.2
-524604	-258419.1
-321787	-258379.97
-341738	-258308.03
-479094	-258242.33
-547026	-258202.69
-524602	-258195.12
-321884	-258268.72
-341933	-258394.61
-479157	-258593.33
-547022	-258845.69
-524810	-259107.27
-321437	-259373.89
-341451	-259574.05
-488162	-259703.58
-548502	-259745.72
-524956	-259684.06
-322752	-259564.28
-342054	-259373.0
-479645	-259164.33
-547054	-258965.7
-524596	-258783.34
-321544	-258660.64
-340709	-258563.19
-478001	-258508.39
-546981	-258483.44
-524837	-258459.27
-321969	-258457.81
-341937	-258437.44
-480117	-258424.6
-547016	-258424.28
-524959	-258426.17
-322366	-258464.83
-342273	-258500.75
-479339	-258548.97
-547090	-258592.89
-525438	-258599.08
-323104	-258582.89
-341522	-258499.75
-479304	-258375.94
-546949	-258225.8
-525941	-258059.4
-324217	-257938.03
-341632	-257855.7
-480939	-257858.52
-547083	-257955.84
-526038	-258121.8
-324265	-258361.06
-341084	-258598.16
-479028	-258813.72
-546902	-258967.33
-526058	-259016.22
-324532	-258984.95
-340666	-258853.98
-478491	-258684.4
-546912	-258527.38
-526231	-258421.98
-324838	-258446.73
-341255	-258595.53
-479717	-258896.72
-546880	-259327.4
-526180	-259823.5
-323972	-260352.02
-340408	-260806.25
-488052	-261144.38
-548529	-261323.45
-526388	-261304.03
-325794	-261125.86
-340802	-260785.95
-477770	-260359.08
-546707	-259905.17
-526451	-259465.6
-325563	-259117.2
-340522	-258852.83
-478816	-258704.75
-546709	-258664.17
-526444	-258692.39
-325671	-258791.22
-341097	-258896.39
-478083	-259008.7
-546701	-259112.89
-526522	-259186.83
-325576	-259262.6
-339684	-259307.55
-476613	-259349.53
-546531	-259389.39
-526799	-259408.61
-326055	-259432.62
-339534	-259420.5
-479432	-259392.69
-546773	-259352.34
-526886	-259290.81
-326509	-259251.89
-341168	-259213.88
-477939	-259212.62
-546604	-259254.3
-526747	-259318.97
-325899	-259423.88
-339706	-259511.77
-476754	-259580.88
-546550	-259608.52
-527063	-259564.53
-326449	-259479.1
-339314	-259333.11
-478236	-259179.58
-546833	-259059.42
-527102	-258997.2
-326431	-259057.48
-340437	-259221.89
-477491	-259509.08
-546704	-259891.81
-527302	-260304.52
-325672	-260716.81
-338094	-261028.94
-484993	-261207.9
-548323	-261221.94
-527773	-261044.77
-327901	-260728.28
-338971	-260283.7
-477775	-259796.34
-546949	-259335.25
-527469	-258945.27
-326994	-258702.31
-339998	-258591.36
-476884	-258630.86
-546931	-258792.75
-527664	-259016.17
-327237	-259281.53
-338886	-259505.7
-476272	-259676.88
-546824	-259776.98
-527919	-259789.61
-327831	-259761.0
-338397	-259682.14
-477164	-259605.31
-546928	-259556.83
-527969	-259537.2
-328014	-259583.44
-339529	-259655.3
-476634	-259762.42
-546828	-259887.89
-527904	-259997.02
-327735	-260105.6
-337916	-260168.08
-475254	-260202.64
-546759	-260208.98
-528013	-260172.58
-328039	-260126.36
-338421	-260037.31
-477039	-259930.58
-546946	-259813.1
-527939	-259676.12
-327589	-259563.52
-340239	-259456.27
-477459	-259397.2
-546873	-259409.6
-528101	-259492.36
-328385	-259682.89
-338307	-259939.0
-474879	-260260.6
-546596	-260614.78
-528296	-260942.05
-327544	-261226.17
-337379	-261390.72
-485640	-261427.62
-548732	-261336.11
-528991	-261109.66
-330238	-260813.88
-339463	-260460.44
-476216	-260121.55
-546866	-259847.47
-528780	-259653.55
-329369	-259583.03
-338273	-259591.94
-475297	-259673.38
-546917	-259789.94
-528978	-259883.19
-329794	-259946.31
-337899	-259923.16
-475935	-259830.61
-546994	-259689.17
-529117	-259512.77
-329852	-259369.83
-338533	-259260.78
-475434	-259232.34
-546767	-259297.42
-529239	-259429.52
-330392	-259633.72
-337877	-259837.61
-474796	-260021.83
-546672	-260155.69
-529332	-260200.45
-330356	-260181.7
-337206	-260074.77
-475694	-259923.36
-546921	-259762.12
-529387	-259605.44
-330477	-259505.75
-337240	-259440.11
-474718	-259427.58
-546631	-259460.31
-529234	-259503.25
-330169	-259568.52
-336371	-259607.83
-473897	-259636.06
-546385	-259662.2
-529256	-259682.31
-330552	-259743.39
-336410	-259825.25
-475081	-259955.16
-546601	-260134.56
-529454	-260332.61
-329981	-260555.42
-332601	-260739.5
-482903	-260872.03
-549454	-260938.81
-529918	-260908.38
-332589	-260814.66
-336133	-260638.7
-473357	-260423.45
-546098	-260201.48
-529206	-259982.45
-330572	-259817.2
-335223	-259681.81
-472837	-259597.77
-546061	-259562.2
-529224	-259547.45
-330748	-259571.7
-335518	-259591.0
-472863	-259621.12
-545904	-259665.34
-529402	-259708.62
-331181	-259783.17
-335706	-259851.94
-472919	-259926.89
-545892	-259997.83
-529436	-260030.81
-331279	-260039.84
-335174	-259978.84
-473277	-259865.3
-545904	-259713.72
-529548	-259529.89
-331597	-259374.98
-334622	-259248.83
-472276	-259199.03
-545583	-259246.88
-529549	-259374.81
-331750	-259593.75
-333947	-259833.48
-470546	-260066.3
-545329	-260249.5
-529526	-260328.5
-331826	-260313.88
-333799	-260176.2
-471628	-259962.98
-545476	-259727.28
-529642	-259511.52
-332304	-259403.4
-334457	-259412.84
-471672	-259578.94
-545368	-259897.56
-529581	-260313.61
-331787	-260797.39
-337740	-261241.66
-481962	-261592.81
-548791	-261802.38
-530187	-261819.38
-334217	-261674.14
-333766	-261362.62
-470737	-260956.12
-545292	-260524.1
-529903	-260115.84
-332524	-259816.2
-333040	-259625.1
-471632	-259569.31
-545298	-259638.7
-530084	-259781.52
-333342	-259983.22
-333652	-260164.69
-471154	-260307.05
-545327	-260391.88
-530372	-260396.2
-334141	-260358.7
-332990	-260266.08
-470194	-260160.98
-545284	-260070.83
-530476	-259995.06
-334261	-259970.86
-332887	-259963.16
-471091	-259980.94
-545188	-260017.98
-530521	-260045.2
-334138	-260084.0
-332907	-260097.62
-470169	-260102.36
-545264	-260103.86
-530666	-260085.45
-334072	-260074.92
-331612	-260033.89
-469107	-259973.78
-545184	-259892.48
-530845	-259771.83
-334692	-259646.78
-332560	-259498.12
-471447	-259365.52
-545289	-259282.06
-530961	-259256.95
-335120	-259341.22
-333219	-259510.88
-471024	-259775.31
-545323	-260115.05
-531197	-260472.05
-335171	-260826.86
-332887	-261095.66
-480373	-261250.55
-548736	-261273.08
-531707	-261136.44
-337252	-260886.88
-331922	-260526.73
-470638	-260120.61
-545137	-259725.27
-530974	-259369.06
-335200	-259115.44
-332233	-258948.19
-469787	-258882.78
-545021	-258907.27
-531014	-258978.08
-335023	-259094.92
-330476	-259198.3
-468054	-259286.73
-544787	-259356.22
-531284	-259390.44
-335493	-259424.64
-330521	-259435.48
-469854	-259444.61
-544941	-259460.14
-531381	-259460.72
-335708	-259467.95
-330947	-259441.11
-469129	-259391.47
-544799	-259323.75
-531304	-259227.98
-335664	-259144.86
-329777	-259056.78
-467791	-258992.6
-544736	-258963.75
-531567	-258950.03
-336217	-258968.67
-329285	-258968.62
-469179	-258945.73
-544921	-258890.33
-531492	-258781.78
-335839	-258661.14
-329852	-258523.34
-467530	-258425.98
-544549	-258418.97
-531272	-258525.23
-335510	-258799.2
-328879	-259208.97
-466600	-259743.6
-544522	-260353.12
-531698	-260947.14
-336337	-261471.7
-329529	-261819.28
-477673	-261949.53
-546639	-261848.73
-531861	-261508.89
-337125	-261009.64
-329913	-260393.62
-467712	-259765.05
-544639	-259213.39
-531865	-258789.33
-337071	-258559.7
-328911	-258497.38
-466292	-258591.67
-544386	-258796.94
-532081	-259033.19
-337410	-259269.6
-327791	-259427.34
-467224	-259497.67
-544696	-259485.62
-532091	-259394.28
-337574	-259287.02
-328752	-259169.8
-466516	-259089.14
-544508	-259067.84
-532379	-259088.89
-337942	-259165.61
-327969	-259240.84
-466016	-259301.72
-544422	-259330.0
-532587	-259297.16
-338239	-259234.44
-327235	-259125.45
-466521	-259009.11
-544581	-258916.75
-532491	-258851.5
-338154	-258852.5
-328263	-258885.5
-466065	-258953.1
-544372	-259041.12
-532525	-259112.92
-338558	-259184.75
-328295	-259223.48
-465419	-259257.1
-544166	-259313.48
-532902	-259403.12
-339460	-259579.69
-327220	-259826.56
-465440	-260156.61
-544413	-260554.27
-533141	-260962.66
-340155	-261359.28
-327768	-261659.86
-473484	-261830.38
-545952	-261850.72
-533405	-261691.03
-340644	-261395.42
-325867	-260970.25
-463017	-260480.4
-543830	-259985.38
-533192	-259519.36
-339962	-259148.08
-325601	-258862.61
-464056	-258682.23
-544251	-258601.48
-533202	-258582.89
-340074	-258630.88
-326531	-258692.86
-464595	-258767.25
-544177	-258850.03
-533531	-258919.72
-340679	-259003.31
-326049	-259067.47
-464547	-259122.9
-543983	-259166.78
-533389	-259171.89
-340306	-259157.55
-324671	-259089.77
-462879	-258986.19
-544000	-258866.03
-533369	-258732.36
-340086	-258638.33
-324861	-258576.84
-463497	-258577.7
-543881	-258648.12
-533306	-258757.6
-340104	-258906.77
-324308	-259027.81
-462247	-259096.61
-543628	-259087.88
-533162	-258970.55
-339570	-258780.12
-323507	-258516.42
-461554	-258243.69
-543657	-258025.98
-533072	-257905.45
-339332	-257954.34
-323895	-258162.3
-461430	-258534.11
-543377	-259035.22
-533618	-259583.88
-341344	-260130.0
-324017	-260565.56
-468077	-260839.23
-544842	-260920.11
-533616	-260782.03
-341172	-260480.0
-322302	-260038.16
-458969	-259538.28
-543084	-259058.33
-533539	-258643.66
-340512	-258366.03
-321914	-258214.28
-460475	-258195.16
-543221	-258287.14
-534169	-258432.92
-342373	-258616.86
-321831	-258771.81
-459082	-258884.8
-543015	-258949.3
-534395	-258950.0
-343646	-258926.9
-321747	-258868.19
-458482	-258803.67
-542918	-258752.03
-534776	-258701.77
-344941	-258681.06
-322129	-258658.81
-460797	-258643.84
-543151	-258641.36
-534815	-258635.27
-345296	-258657.55
-322715	-258685.05
-460241	-258733.73
-543124	-258807.69
-534779	-258881.67
-345137	-258967.58
-322263	-259018.52
-459869	-259030.81
-543064	-258999.55
-535099	-258906.92
-346281	-258793.19
-323011	-258656.97
-461880	-258545.52
-543147	-258504.92
-535159	-258548.95
-346251	-258723.36
-323121	-258998.9
-461231	-259363.47
-543150	-259779.45
-535207	-260170.9
-346568	-260502.7
-324074	-260691.89
-469504	-260711.4
-545022	-260560.12
-535395	-260233.36
-346331	-259802.19
-322424	-259300.1
-462102	-258807.16
-543264	-258396.03
-535182	-258097.97
-345448	-257967.47
-322708	-257976.25
-461324	-258113.69
-543195	-258345.44
-535279	-258602.75
-345749	-258862.52
-321127	-259056.5
-459343	-259169.92
-542793	-259201.47
-535337	-259140.23
-346032	-259032.61
-321701	-258875.42
-461919	-258705.08
-543131	-258551.55
-535313	-258410.38
-345968	-258315.42
-321949	-258239.78
-459762	-258191.61
-542572	-258174.42
-535109	-258165.19
-345161	-258187.23
-321174	-258206.75
-460240	-258229.08
-542666	-258252.75
-535281	-258247.19
-346426	-258225.45
-321281	-258146.98
-461462	-258016.3
-542997	-257844.06
-535327	-257625.39
-346498	-257412.83
-321973	-257213.06
-460294	-257076.05
-542691	-257044.36
-535242	-257123.2
-345757	-257344.3
-319994	-257663.6
-457963	-258054.42
-542302	-258470.05
-535161	-258831.33
-346059	-259105.33
-321339	-259219.86
-469721	-259161.23
-544686	-258947.22
-535626	-258588.34
-347310	-258165.78
-321607	-257717.1
-460162	-257316.55
-542637	-257023.45
-535316	-256849.78
-345817	-256827.14
-319728	-256907.36
-458899	-257063.27
-542361	-257255.94
-535462	-257422.03
-346508	-257554.6
-320101	-257609.72
-460980	-257601.9
-542680	-257561.19
-535560	-257501.58
-347123	-257482.7
-321087	-257503.58
-459824	-257588.47
-542379	-257742.03
-535266	-257927.81
-345784	-258143.06
-319742	-258327.06
-458366	-258462.61
-542109	-258541.42
-535529	-258544.1
-347052	-258509.44
-320331	-258434.28
-461284	-258356.33
-542689	-258311.5
-535803	-258299.14
-348109	-258350.28
-321575	-258429.06
-460758	-258528.47
-542356	-258635.86
-535747	-258713.69
-347689	-258777.8
-320292	-258801.9
-459204	-258810.62
-542221	-258836.1
-535882	-258887.06
-347746	-259013.34
-319780	-259199.39
-460326	-259452.0
-542485	-259760.4
-536047	-260072.73
-348918	-260372.27
-321283	-260588.3
-468241	-260693.86
-544018	-260681.14
-536433	-260527.34
-349390	-260277.48
-319335	-259936.88
-460046	-259556.14
-542218	-259186.98
-536461	-258848.14
-349314	-258590.12
-318654	-258397.48
-460396	-258277.19
-542402	-258228.11
-536447	-258216.25
-349264	-258251.02
-318832	-258292.55
-461344	-258341.86
-542168	-258405.52
-536470	-258463.58
-349453	-258540.45
-318477	-258602.39
-458836	-258648.4
-541779	-258675.02
-537099	-258649.7
-351559	-258588.97
-316294	-258466.94
-456852	-258302.2
-541746	-258128.19
-537389	-257958.6
-353126	-257853.73
-316886	-257819.17
-456838	-257881.98
-541467	-258051.39
-537556	-258287.42
-354084	-258574.69
-317538	-258833.95
-457482	-259017.58
-541321	-259088.88
-537555	-259003.23
-354618	-258786.5
-318396	-258446.16
-457481	-258049.53
-541527	-257682.19
-537596	-257404.45
-354224	-257307.42
-316695	-257406.25
-457189	-257713.97
-541251	-258206.23
-537710	-258797.92
-355631	-259422.73
-317922	-259959.33
-466061	-260326.56
-543234	-260477.55
-537966	-260367.27
-355435	-260038.4
-315915	-259521.0
-456357	-258903.94
-541394	-258290.25
-537776	-257751.48
-355072	-257382.02
-317160	-257196.42
-458771	-257207.5
-541366	-257398.2
-537979	-257695.89
-356061	-258057.02
-316789	-258386.66
-456854	-258632.66
-541142	-258766.6
-537889	-258755.55
-355227	-258633.2
-316029	-258404.55
-456567	-258120.03
-541081	-257839.61
-538069	-257590.69
-356265	-257434.36
-316228	-257369.16
-456699	-257408.94
-540887	-257559.66
-537934	-257783.77
-355759	-258078.16
-315693	-258385.02
-456354	-258675.1
-540942	-258926.08
-538021	-259091.14
-356128	-259173.28
-314950	-259138.75
-455058	-258996.98
-540848	-258776.6
-538127	-258490.56
-356376	-258204.8
-315534	-257943.55
-456606	-257760.16
-540836	-257706.53
-538122	-257788.14
-356469	-258034.44
-315569	-258402.55
-456046	-258858.06
-540757	-259356.4
-538087	-259814.39
-357089	-260194.38
-312956	-260423.58
-466696	-260475.81
-544704	-260364.02
-538416	-260090.92
-357979	-259727.2
-315227	-259308.11
-455917	-258900.11
-540481	-258568.94
-538126	-258331.77
-356904	-258228.36
-314814	-258227.44
-455173	-258309.5
-540411	-258448.39
-538072	-258584.3
-357036	-258706.78
-314004	-258766.98
-453902	-258761.47
-540112	-258705.81
-538112	-258596.19
-357677	-258477.0
-314137	-258344.97
-455484	-258221.31
-540296	-258127.03
-538089	-258045.7
-357526	-257999.22
-314326	-257960.89
-454731	-257935.38
-540095	-257937.2
-538162	-257954.55
-357667	-258020.42
-313439	-258118.34
-453451	-258255.47
-539874	-258435.48
-538390	-258621.23
-358738	-258810.98
-313523	-258952.3
-455049	-259023.81
-540006	-259022.08
-538315	-258927.5
-358681	-258782.02
-313956	-258598.22
-454469	-258427.78
-540047	-258331.58
-538593	-258332.2
-358952	-258476.64
-313771	-258742.08
-453841	-259106.84
-539913	-259533.64
-538639	-259940.77
-358890	-260286.64
-312626	-260493.17
-466868	-260529.52
-544601	-260406.58
-539064	-260128.11
-360609	-259768.1
-314269	-259368.94
-454509	-259000.97
-540217	-258730.61
-538962	-258571.89
-359742	-258554.16
-313081	-258633.94
-452410	-258776.08
-539736	-258941.31
-539114	-259061.4
-360190	-259124.89
-312925	-259092.95
-454387	-258977.16
-540197	-258816.69
-539192	-258630.62
-360258	-258483.12
-313716	-258383.98
-453873	-258354.92
-540040	-258404.98
-539154	-258494.9
-360288	-258615.92
-312957	-258709.8
-452957	-258751.3
-539952	-258736.05
-539394	-258646.1
-361041	-258522.5
-312567	-258373.23
-454266	-258236.05
-540141	-258153.17
-539462	-258121.08
-361321	-258164.16
-313232	-258244.14
-454867	-258337.33
-540172	-258424.45
-539447	-258459.03
-361272	-258452.19
-312109	-258386.92
-452423	-258291.67
-539948	-258216.16
-539726	-258185.25
-361876	-258261.34
-311987	-258445.98
-454123	-258744.92
-540366	-259147.08
-539831	-259586.7
-362577	-260026.42
-313341	-260379.9
-465141	-260592.62
-543994	-260644.56
-540041	-260503.4
-363311	-260211.58
-312252	-259789.86
-452574	-259298.98
-539949	-258814.38
-539973	-258371.97
-362816	-258036.44
-311875	-257806.7
-454323	-257685.5
-540307	-257669.42
-539896	-257710.52
-362523	-257802.0
-312237	-257894.94
-452792	-257975.34
-539843	-258048.48
-539906	-258094.39
-362524	-258142.34
-310960	-258175.4
-451335	-258198.83
-539515	-258221.44
-539956	-258215.47
-363089	-258194.81
-311129	-258131.55
-452981	-258028.89
-539961	-257912.05
-539881	-257781.61
-363237	-257686.98
-311593	-257633.84
-451844	-257644.69
-539382	-257740.61
-539706	-257893.23
-362671	-258099.19
-311001	-258297.95
-451442	-258448.6
-539326	-258527.8
-540000	-258494.3
-363630	-258371.89
-310314	-258166.55
-451711	-257929.6
-539568	-257738.39
-539939	-257639.34
-363417	-257709.5
-311492	-257956.55
-452188	-258378.5
-539383	-258951.69
-540174	-259587.62
-364724	-260221.83
-310748	-260742.31
-460034	-261069.98
-541243	-261170.78
-540244	-261007.23
-364892	-260627.5
-310577	-260069.38
-452176	-259415.16
-539729	-258770.61
-540337	-258200.03
-364913	-257790.03
-310979	-257554.89
-451449	-257499.05
-539222	-257611.67
-540306	-257825.47
-364580	-258107.08
-310051	-258379.3
-450582	-258597.0
-539199	-258745.4
-540562	-258793.84
-365391	-258771.66
-310506	-258676.47
-452408	-258534.84
-539797	-258388.83
-540807	-258243.33
-366339	-258139.81
-310797	-258071.23
-452044	-258046.12
-539548	-258083.45
-540914	-258162.12
-366162	-258300.1
-309892	-258466.56
-450835	-258646.08
-539254	-258831.39
-540703	-258976.23
-366076	-259074.61
-309883	-259083.47
-451692	-258988.86
-539512	-258808.03
-540689	-258542.55
-366212	-258254.08
-309517	-257976.33
-450751	-257771.48
-539241	-257711.36
-540817	-257818.33
-366401	-258131.12
-309412	-258614.55
-450199	-259222.7
-538932	-259897.66
-540721	-260532.75
-365847	-261062.6
-308370	-261395.34
-458503	-261484.44
-541131	-261342.16
-540941	-260974.86
-367312	-260468.39
-309854	-259886.27
-451613	-259315.3
-539162	-258847.28
-540960	-258514.02
-367054	-258357.81
-309126	-258345.19
-450108	-258435.9
-538852	-258588.33
-540907	-258722.73
-367115	-258811.72
-308960	-258805.92
-450879	-258700.84
-539076	-258531.84
-541017	-258316.77
-367437	-258123.19
-309832	-257972.61
-452372	-257893.8
-539191	-257913.28
-541216	-258000.84
-367726	-258152.22
-308947	-258311.98
-449766	-258443.02
-538876	-258532.14
-541211	-258544.4
-367667	-258502.72
-308814	-258402.75
-449322	-258268.9
-538879	-258143.95
-541356	-258031.11
-368311	-257966.28
-309180	-257932.83
-450870	-257922.78
-539040	-257940.16
-541466	-257950.98
-368524	-257969.84
-308959	-257977.33
-449469	-257984.0
-538835	-258023.14
-541457	-258096.33
-368885	-258242.98
-308033	-258452.8
-448294	-258720.22
-538913	-259041.52
-541647	-259365.12
-368972	-259673.6
-307724	-259908.45
-458122	-260034.16
-540655	-260052.86
-541681	-259938.73
-369597	-259731.56
-307988	-259444.2
-448122	-259114.08
-538677	-258796.78
-541684	-258506.77
-369166	-258289.83
-307328	-258138.3
-447367	-258050.36
-538531	-258032.17
-541787	-258049.27
-369597	-258109.39
-307737	-258182.36
-448509	-258261.22
-538514	-258361.34
-541786	-258463.97
-369541	-258591.83
-307607	-258723.14
-448215	-258848.36
-538635	-258970.77
-541752	-259054.02
-369649	-259105.08
-308411	-259094.88
-447987	-259021.38
-538569	-258909.61
-541786	-258759.11
-369835	-258617.22
-307720	-258491.9
-448251	-258405.42
-538481	-258387.22
-541678	-258416.88
-369457	-258502.73
-308367	-258601.11
-448139	-258680.19
-538527	-258728.08
-541948	-258704.19
-370086	-258625.14
-307377	-258483.52
-446884	-258304.86
-538373	-258143.64
-542334	-258022.02
-371537	-257997.75
-307393	-258076.45
-448849	-258261.44
-538836	-258554.36
-542471	-258900.52
-371567	-259274.77
-307406	-259606.47
-457005	-259844.56
-540702	-259974.22
-542514	-259955.72
-372064	-259817.12
-307223	-259565.16
-447318	-259236.3
-538412	-258892.98
-542431	-258560.95
-371607	-258299.89
-306214	-258117.95
-447644	-258024.69
-539038	-258035.23
-542621	-258115.33
-371849	-258265.86
-307459	-258444.16
-447087	-258624.12
-538486	-258800.69
-542602	-258936.7
-371624	-259041.11
-306394	-259088.16
-445811	-259071.88
-538329	-259009.73
-542785	-258888.28
-372314	-258740.0
-306694	-258564.08
-447601	-258380.03
-538862	-258229.86
-542915	-258118.33
-372601	-258086.4
-307626	-258127.33
-446992	-258237.62
-538450	-258419.02
-542739	-258623.52
-371949	-258835.7
-305845	-258999.03
-444321	-259077.36
-537876	-259065.6
-542736	-258941.58
-371664	-258745.11
-304627	-258495.11
-444348	-258240.28
-538231	-258052.16
-542776	-257959.52
-371681	-258016.55
-305529	-258214.55
-444425	-258533.45
-538012	-258947.33
-542899	-259375.64
-372481	-259772.72
-305070	-260058.12
-452246	-260180.47
-539662	-260138.53
-543206	-259915.56
-374194	-259567.98
-305512	-259133.45
-444526	-258672.27
-538311	-258264.17
-542940	-257938.56
-372799	-257747.38
-305219	-257680.31
-443136	-257719.38
-537643	-257849.73
-542788	-258011.9
-372272	-258187.64
-304251	-258328.69
-441324	-258413.5
-537312	-258454.8
-542760	-258441.89
-371950	-258412.17
-304688	-258367.39
-443706	-258321.3
-538216	-258300.95
-543370	-258289.0
-374086	-258303.19
-306437	-258318.67
-445888	-258324.67
-538576	-258334.7
-543682	-258328.62
-374668	-258332.42
-306530	-258335.9
-444078	-258342.19
-538310	-258370.92
-543771	-258398.67
-373363	-258436.95
-305807	-258454.84
-444834	-258436.69
-538717	-258392.17
-543666	-258303.78
-373499	-258207.1
-306282	-258110.94
-449281	-258045.1
-539041	-258064.98
-543692	-258178.44
-373817	-258421.2
-306206	-258770.52
-444770	-259194.89
-538181	-259664.16
-543528	-260099.17
-373092	-260458.39
-304691	-260671.94
-453360	-260701.11
-540271	-260560.27
-543590	-260249.44
-373527	-259838.77
-305406	-259376.22
-444509	-258927.11
-537873	-258570.52
-543381	-258328.02
-373240	-258237.77
-304745	-258271.14
-443271	-258389.42
-537648	-258561.2
-543291	-258712.9
-373097	-258821.89
-304794	-258843.36
-443499	-258768.89
-537619	-258634.44
-543382	-258454.98
-374117	-258294.67
-305759	-258179.14
-445332	-258134.72
-537850	-258193.02
-543554	-258326.08
-374989	-258529.98
-304644	-258751.3
-443064	-258944.22
-537421	-259090.4
-543574	-259145.2
-375736	-259120.34
-304605	-259005.62
-442647	-258816.84
-537382	-258598.33
-543534	-258358.08
-375807	-258139.31
-305296	-257940.16
-444563	-257761.98
-537462	-257623.31
-543474	-257499.84
-376186	-257410.3
-305971	-257341.44
-445589	-257297.28
-537815	-257310.95
-543592	-257378.27
-375937	-257532.25
-305039	-257760.4
-443514	-258049.88
-537359	-258398.17
-543451	-258751.83
-374174	-259090.98
-302522	-259359.55
-451406	-259516.61
-538902	-259564.2
-543535	-259475.39
-375689	-259285.45
-304611	-259006.44
-443777	-258668.25
-537396	-258327.44
-543545	-257994.9
-375631	-257712.67
-303711	-257474.64
-442183	-257275.3
-536995	-257126.08
-543348	-256999.03
-374994	-256909.7
-304258	-256844.33
-444492	-256808.4
-537299	-256837.64
-543572	-256929.19
-375884	-257115.2
-304255	-257381.17
-443439	-257707.78
-537196	-258086.47
-543446	-258457.22
-375499	-258795.7
-303064	-259044.78
-441153	-259170.69
-536700	-259182.11
-543402	-259070.36
-375599	-258888.81
-304089	-258668.31
-443838	-258455.62
-537178	-258317.61
-543558	-258267.2
-376730	-258336.5
-305315	-258497.75
-444430	-258714.55
-537259	-258961.28
-543630	-259170.56
-376608	-259323.5
-304154	-259381.55
-442588	-259338.61
-536803	-259234.25
-543567	-259085.95
-376401	-258959.56
-303927	-258882.02
-444404	-258876.9
-537101	-258974.94
-543612	-259142.55
-375492	-259367.11
-299577	-259584.97
-454273	-259735.2
-541254	-259795.9
-543885	-259716.16
-377759	-259510.38
-304022	-259182.17
-444656	-258763.84
-537331	-258327.6
-543927	-257909.67
-377474	-257580.11
-303792	-257358.8
-445659	-257255.31
-537505	-257286.58
-543909	-257409.98
-376938	-257612.58
-304394	-257840.64
-445000	-258053.08
-537162	-258242.95
-543607	-258374.36
-375779	-258463.36
-303223	-258498.02
-443189	-258482.03
-536711	-258446.8
-543459	-258382.47
-375097	-258317.23
-301556	-258240.08
-442148	-258149.52
-536414	-258070.77
-543384	-257992.77
-374881	-257947.67
-303071	-257932.56
-442813	-257955.27
-536578	-258043.31
-543471	-258177.9
-375942	-258369.89
-302834	-258583.36
-441812	-258785.6
-536188	-258964.58
-543452	-259073.38
-375604	-259112.38
-302151	-259060.22
-442949	-258921.75
-536529	-258743.66
-543512	-258544.03
-376036	-258383.81
-303301	-258285.52
-442760	-258268.52
-536595	-258360.72
-543499	-258530.8
-375324	-258767.23
-301375	-259010.73
-452166	-259202.98
-540646	-259323.44
-543896	-259319.7
-377369	-259201.53
-303204	-258965.11
-443854	-258635.4
-536826	-258279.88
-543787	-257931.67
-377354	-257660.17
-303831	-257487.05
-443347	-257425.45
-536624	-257493.98
-543787	-257651.58
-376597	-257881.11
-302437	-258121.58
-441970	-258322.0
-536248	-258464.64
-543777	-258507.22
-377222	-258461.73
-302262	-258322.77
-443372	-258107.0
-536626	-257868.64
-543625	-257625.48
-376782	-257432.98
-302189	-257304.6
-441890	-257252.67
-536179	-257305.47
-543691	-257438.84
-376563	-257658.3
-301949	-257924.8
-441976	-258202.7
-536217	-258480.89
-543902	-258709.02
-377048	-258879.89
-300886	-258959.5
-441738	-258931.23
-536623	-258819.0
-543993	-258619.38
-376447	-258380.86
-301769	-258125.39
-441370	-257889.08
-536319	-257734.89
-544119	-257676.44
-377011	-257755.84
-301941	-257961.92
-441292	-258272.83
-536242	-258675.34
-544307	-259103.34
-376864	-259523.72
-299796	-259869.66
-452926	-260090.47
-541516	-260187.4
-544632	-260135.34
-378552	-259974.36
-302847	-259725.69
-442072	-259429.56
-536722	-259154.62
-544602	-258923.11
-377920	-258782.05
-302287	-258724.38
-441560	-258733.69
-536984	-258803.52
-545061	-258878.98
-378379	-258941.83
-302254	-258944.73
-442119	-258861.2
-537764	-258706.77
-545610	-258473.23
-379022	-258204.55
-303625	-257916.55
-443526	-257635.0
-537996	-257408.69
-546216	-257236.33
-379844	-257146.39
-303569	-257120.12
-442793	-257138.88
-538194	-257206.66
-546473	-257286.12
-380227	-257381.81
-303994	-257466.9
-444126	-257527.61
-539026	-257581.38
-546877	-257608.52
-380356	-257628.2
-304486	-257624.9
-444929	-257590.28
-538966	-257546.39
-547018	-257476.89
-380824	-257409.9
-304254	-257343.97
-443459	-257290.17
-538896	-257290.44
-547306	-257345.27
-381156	-257489.97
-303984	-257715.53
-443224	-258007.88
-539244	-258367.97
-547435	-258745.25
-380222	-259121.36
-302120	-259440.94
-452584	-259658.45
-541361	-259774.66
-547756	-259756.94
-382462	-259633.2
-304424	-259410.7
-443937	-259114.45
-539145	-258802.56
-547804	-258491.8
-382239	-258230.47
-304196	-258022.89
-443722	-257868.72
-539954	-257785.2
-548467	-257741.66
-382986	-257742.69
-305296	-257759.23
-445585	-257771.61
-540694	-257793.62
-549399	-257801.64
-383982	-257815.19
-305914	-257819.39
-445219	-257805.25
-541459	-257790.89
-550385	-257751.6
-384679	-257703.39
-306437	-257629.14
-445954	-257524.95
-542519	-257419.56
-551330	-257307.42
-385872	-257224.75
-307651	-257172.47
-448055	-257153.56
-543190	-257191.97
-552007	-257259.14
-386642	-257356.72
-307902	-257443.9
-447347	-257485.95
-543392	-257481.38
-552369	-257399.72
-386828	-257266.53
-308701	-257090.34
-447834	-256902.12
-543996	-256770.77
-552972	-256724.5
-387659	-256820.61
-309525	-257063.77
-449721	-257439.84
-544527	-257938.6
-553417	-258484.89
-387032	-259030.08
-308008	-259487.4
-456461	-259783.42
-546627	-259902.34
-553819	-259806.06
-389202	-259532.17
-309917	-259112.55
-448545	-258603.14
-544909	-258098.98
-554328	-257648.66
-389704	-257326.33
-309660	-257150.92
-449681	-257119.44
-545157	-257236.55
-554348	-257446.17
-389507	-257722.97
-310372	-258007.2
-449549	-258252.94
-545386	-258456.08
-554484	-258586.88
-389753	-258668.98
-310208	-258702.56
-449766	-258698.12
-545529	-258696.03
-554991	-258691.1
-390957	-258711.64
-310501	-258747.0
-450871	-258787.75
-546282	-258853.48
-555581	-258921.56
-391134	-259010.38
-310942	-259106.22
-450262	-259201.56
-546762	-259314.28
-556204	-259418.62
-391892	-259522.53
-311241	-259596.98
-450395	-259617.7
-547062	-259593.14
-556754	-259497.56
-392847	-259356.23
-311905	-259173.38
-452589	-258970.33
-547815	-258806.34
-557247	-258698.83
-393668	-258699.45
-313368	-258811.6
-453223	-259026.3
-548403	-259342.56
-557726	-259701.05
-392506	-260069.05
-309917	-260377.62
-458694	-260568.19
-550096	-260633.17
-558216	-260540.45
-394517	-260325.95
-312664	-260015.56
-452771	-259653.83
-548825	-259322.56
-558597	-259055.88
-394609	-258913.45
-313172	-258901.56
-452378	-259007.64
-549116	-259228.61
-558917	-259504.33
-394870	-259809.03
-312952	-260086.73
-451953	-260296.86
-549359	-260445.84
-559402	-260515.77
-395945	-260544.06
-313574	-260544.86
-453326	-260540.97
-549678	-260582.25
-559657	-260666.8
-396292	-260820.42
-314289	-261023.27
-453122	-261250.9
-549907	-261502.47
-559976	-261734.86
-395989	-261947.61
-313350	-262114.9
-451735	-262223.44
-549751	-262297.5
-560113	-262325.47
-396659	-262338.1
-313818	-262333.75
-454110	-262314.28
-550458	-262310.28
-560331	-262308.34
-397064	-262333.8
-314551	-262378.44
-452969	-262440.75
-550006	-262548.88
-560382	-262688.2
-397209	-262879.53
-313520	-263107.1
-452686	-263352.8
-549985	-263621.75
-560369	-263872.62
-396513	-264100.1
-311724	-264268.78
-461351	-264349.16
-552176	-264359.47
-560529	-264278.6
-398176	-264141.4
-314661	-263959.28
-453586	-263752.9
-550072	-263572.4
-560431	-263421.62
-397571	-263334.5
-313946	-263301.44
-452705	-263306.88
-550119	-263356.97
-560797	-263412.88
-398619	-263474.78
-314286	-263516.12
-454277	-263522.8
-550917	-263519.97
-561007	-263498.28
-398879	-263492.12
-315226	-263502.8
-454313	-263533.66
-550659	-263610.12
-561072	-263708.62
-399033	-263836.66
-314499	-263965.34
-453062	-264068.7
-550326	-264154.9
-561178	-264197.44
-399290	-264216.53
-314544	-264209.03
-454915	-264182.28
-551321	-264176.78
-561467	-264189.78
-399408	-264253.0
-314621	-264358.25
-453649	-264492.84
-550930	-264668.1
-561466	-264848.3
-399199	-265036.53
-314694	-265207.0
-453582	-265341.97
-550581	-265462.38
-561394	-265552.72
-399392	-265641.38
-314379	-265725.16
