EEG_CH1_RAW	EEG_CH1_BP_0p5_20
-42215	10.246045
-2634210	25.839127
-3433146	45.710358
-1549597	67.76993
2572076	89.34512
2100224	107.77307
-5880214	121.03791
-3893514	128.31932
291788	49.254078
-48576	7.4428368
-4123535	-24.765242
-8114640	-35.60012
-6332389	-17.356419
-1331244	31.530296
-295905	165.55598
-4117756	343.92813
-8056131	543.8822
-6174762	735.7645
-1238828	889.8337
-218303	964.9223
-3864935	961.59766
-7684369	891.045
-5732775	783.7501
-1036389	683.9953
-170098	628.4953
-3743715	663.4605
-7520899	811.47925
-5564874	1069.1127
-981128	1404.5317
-179539	1764.6787
-3777799	2081.378
-7634452	2292.0706
-5794919	2356.1162
-1104558	2268.6143
-259471	2085.8003
-3985784	1872.501
-7992700	1722.9802
-6295414	1728.7769
-1362433	1953.8837
-325816	2430.2385
-4096053	3107.5837
-8096270	3887.5095
-6491816	4635.182
-1424293	5211.1143
-306323	5503.1777
-4027055	5470.7593
-7954748	5154.883
-6309810	4679.211
-1267956	4226.52
-228324	3977.8958
-3839155	4108.591
-7707997	4705.3643
-5966107	5744.356
-1100272	7085.753
-175074	8485.801
-3780239	9680.5205
-7701413	10429.169
-6022640	10587.162
-1074389	10153.96
-208459	9295.833
-3827133	8300.062
-7739441	7526.6177
-6141887	7316.451
-1171317	7900.156
-206426	9326.228
-3828887	11431.797
-7809484	13863.922
-6321499	16153.894
-1353064	17828.691
-280187	18552.092
-3983847	18184.184
-8071660	16870.072
-6832091	15019.715
-1743136	13226.357
-309745	12136.619
-4054614	12270.509
-8153519	13887.049
-7130244	16887.498
-2063198	20805.73
-478467	24933.752
-4178756	28386.203
-7803762	30388.908
-6897958	30468.977
-2166134	28609.012
-784389	25374.602
-4250919	21658.984
-6081932	18629.965
-4784177	17420.492
-622856	18794.367
399316	22996.848
-2420886	29549.84
-2091280	37297.066
-505597	44569.75
3117499	49590.805
3644369	50830.652
948020	47415.773
-13910	39296.55
842905	27645.84
4540118	14514.8125
4580179	2545.7417
1263761	-5542.3335
13343	-7546.39
806388	-2301.4229
4359394	9934.0
4313755	27363.7
1161959	46835.465
11756	64306.055
793768	75513.36
4334323	76738.6
4395002	65513.848
1250777	41138.215
14511	4898.327
809905	-40053.203
4532568	-89150.88
4904741	-137117.81
1566489	-178791.47
24409	-209927.23
738343	-227826.12
3970128	-231697.02
4003265	-222682.36
1169110	-203563.38
14902	-178209.11
547023	-150891.78
3021364	-125584.23
2432748	-105380.336
-876531	-92128.766
-1420763	-86328.81
-2027802	-87282.38
-625627	-93445.99
-1726271	-102892.48
-6626509	-113776.914
-8388608	-124710.22
-8388608	-134971.58
-3745081	-144530.9
-1234437	-153895.27
-4341136	-163831.77
-8173627	-175040.84
-6878375	-187861.86
-1810052	-202078.56
-106038	-216839.0
-2767317	-230828.2
-6479443	-242440.66
-5810326	-250094.39
-1294079	-252538.67
-7737	-249126.66
-2067031	-239897.34
-4388639	-225625.36
-2137719	-207683.66
1642567	-187815.7
2210516	-167853.39
732196	-149437.9
-1330006	-133794.81
823226	-121602.734
5857953	-112972.07
7986719	-107528.125
5524002	-104573.01
1036474	-103286.58
2009633	-102923.25
7417709	-102965.016
8388607	-103204.234
6808888	-103745.555
2105623	-104934.18
3694754	-107231.64
7799824	-111070.445
8017620	-116720.5
6174739	-124197.04
3941303	-133229.73
5937813	-143300.27
6026968	-153742.58
3312432	-163887.75
1240522	-173228.45
-420214	-181471.6
1355453	-188900.84
970245	-196241.36
-55627	-204768.89
-1700529	-215975.89
-3145057	-231544.39
-1155852	-253055.23
-6622	-281726.78
-73534	-318104.03
-1732047	-361901.88
-3181941	-411833.4
-1231462	-465590.66
-29034	-519955.56
-80824	-570989.6
-1995459	-614426.7
-4117373	-646065.3
-2351959	-662232.0
-277939	-660166.1
-79959	-638542.3
-1951438	-597488.44
-3941921	-538757.75
-2027524	-465581.75
-184811	-382351.28
-65924	-294271.25
-1678737	-206719.48
-3129326	-124766.46
-983665	-52663.035
100293	6506.362
-36962	51186.195
-1085382	81238.81
-2013532	97885.766
-592424	103421.695
142737	100752.36
18879	93106.36
-882284	83464.18
-1702132	74295.72
-624549	67323.31
140958	63407.02
55961	62726.902
-785686	64642.56
-1667297	68323.305
-678958	72698.1
393498	76680.8
89368	79614.82
-904791	81000.29
-1821679	80793.7
-770450	79168.695
1189421	76481.69
1370479	73165.5
-458349	69646.52
-2231507	66249.44
-1420401	63221.742
1791481	60724.71
2976993	58861.05
214568	57676.285
-2960769	57220.543
-2370216	57501.773
1766875	58443.465
3791573	59826.02
1471656	61236.535
-1162792	62057.7
-747049	61501.453
2927432	58713.586
4609466	52932.047
1708499	43666.13
-1938675	30913.846
-1475467	15242.305
2916249	-2158.438
4940788	-19562.373
2498576	-34927.805
-1072310	-46181.46
-473893	-51623.92
403445	-50308.297
-119449	-42185.457
-675489	-28291.11
-870286	-10644.681
-730068	8044.3027
-278944	24810.445
-291494	36955.637
-687752	42568.066
-855987	40880.52
-742744	32506.86
-257104	19356.113
-355521	4305.516
-722739	-9331.661
-816977	-18485.61
-751527	-20946.576
-505772	-15889.514
-583564	-4139.2065
-804864	11873.39
-712956	28493.965
-743366	41456.81
-765612	46679.043
-822119	41055.438
-742658	23110.555
-280270	-6622.86
-592986	-45576.34
-820640	-89488.07
-866963	-133058.53
-907563	-170814.3
-900455	-197975.66
-856327	-211286.0
-628599	-209522.39
-585355	-193675.16
-822292	-166756.12
-914238	-133256.4
-862630	-98404.63
-426523	-67309.11
-464931	-44167.953
-811158	-31694.115
-960339	-30730.084
-871580	-40358.73
-340539	-58165.723
-414174	-80759.44
-799142	-104434.81
-980641	-125651.15
-886902	-141712.2
-325864	-150997.38
-395798	-153028.28
-814158	-148423.58
-1042802	-138532.47
-961648	-125125.65
-359415	-110029.29
-423745	-94887.2
-894531	-80900.266
-1064509	-68778.05
-846934	-58701.87
-241654	-50636.824
-26744	-44054.656
-419523	-38339.05
-715269	-32855.395
-499932	-27118.533
-120174	-20719.346
-44093	-13252.614
-441311	-4350.2793
-654447	6105.0835
416458	17988.246
1473936	30930.248
133733	44266.312
-1881551	57057.73
-5199642	68176.71
-4364574	76457.05
-1039797	80986.88
-1686	81096.984
-1952759	76726.05
-5514157	68496.46
-4851401	57728.844
-1282386	46379.938
-31596	36660.848
-2034324	30806.953
-5625185	30672.283
-4913003	37380.168
-1253639	51068.844
5099	70803.64
-1927129	94649.266
-5436019	119936.375
-4607652	143668.11
-1028370	162950.0
53585	175604.98
-1616957	180460.89
-4520613	177602.4
-3513909	168387.42
-675244	155162.17
20643	141089.61
-1380913	129488.7
-3707452	123341.32
-2625073	124817.57
-378856	134871.72
21009	153189.88
-1200239	178366.3
-3176364	208091.8
-2210140	239543.53
-256159	269951.56
-10113	296811.25
-1123811	318495.53
-2819561	334236.1
-1866948	344199.5
-105297	349312.8
67240	350878.7
-832736	350393.03
-2246076	349156.84
-1417833	348089.0
60230	347642.38
83544	347836.72
-800607	348419.94
-2005678	349048.78
-1231752	349477.7
305963	349627.72
354295	349739.0
-591500	350230.16
-1792736	351558.7
-1174403	354049.84
469704	357719.06
907983	362159.16
-90624	366783.4
-1348401	370780.9
-864903	373380.44
691181	374135.66
1212987	372980.34
215697	370522.34
-1035959	367674.25
-587734	365619.62
803125	365645.66
1090421	368568.06
168616	374617.06
-1012149	383106.62
-552228	392723.6
642134	401559.47
631683	407803.4
-167942	409966.3
-1259848	407436.53
-732795	400711.38
359609	391522.2
224721	382472.28
-445554	376552.12
-1461612	376541.72
-913368	384230.56
95587	399847.0
94254	421593.44
-459174	445805.16
-1297742	467105.6
-582502	479299.97
30705	476301.1
10250	453111.75
-464772	406924.9
-1376846	337341.5
-920872	246995.78
6579	140940.38
15159	26193.105
-657239	-89466.17
-1764464	-198317.31
-1149603	-293923.12
-90949	-372242.03
15756	-431908.97
-645469	-474476.38
-1675284	-503897.88
-924842	-525975.7
-5190	-547223.3
-4144	-573885.44
-614839	-611066.25
-1548060	-661663.25
-829087	-726102.3
2168	-802361.06
-5537	-886169.5
-640980	-971931.4
-1668880	-1053154.9
-956584	-1123687.6
-16452	-1178711.4
9293	-1215281.2
-731751	-1232792.9
-2056511	-1232825.4
-1363802	-1218837.9
6441	-1195410.8
21390	-1167313.6
-907228	-1138488.4
-2397432	-1111313.5
-1629425	-1086062.6
52726	-1060760.2
86414	-1031589.75
-857064	-993706.2
-2293352	-942287.5
-1530859	-873717.6
29486	-786580.1
81674	-682284.6
-689628	-565198.2
-1893360	-442051.88
-1132452	-320898.72
48466	-210016.6
16080	-116296.54
-763994	-44190.832
-1931354	5226.4663
-1161224	34269.742
-76876	47855.58
-5009	52561.97
-857144	54975.6
-2419905	60561.367
-1984840	72399.055
-531245	90662.625
-50992	112946.0
-1514368	135331.94
-4696952	153606.66
-4898191	164837.53
-1806122	168634.56
-160142	167836.42
-2149251	168281.89
-6241563	177838.97
-6123121	204685.11
-2312239	255262.58
-97944	332335.1
-1317223	433680.5
-4124056	551665.9
-3503380	673989.5
-542456	785594.1
142511	870979.8
-1224747	917272.4
-3859926	916760.9
-2948109	868656.7
-57290	779514.2
386559	662565.4
-296870	535651.6
-1468797	418068.84
1140602	327276.97
4390187	275863.7
3956677	269401.4
2202312	305605.9
-346374	374951.7
-471192	462604.12
687824	551201.0
730354	624229.06
-82187	668845.1
-1167854	677984.9
-878916	651246.25
138879	594428.9
404186	517959.12
-88808	434347.84
-850704	355288.8
-581989	289495.1
258801	240653.17
515537	207046.36
151322	182074.64
-446821	155824.73
-251096	117371.79
356365	57294.13
480079	-30250.396
172523	-146188.73
-358126	-285857.28
-188841	-439739.34
289291	-595290.56
299776	-738627.2
57668	-857080.06
-430003	-941072.3
-244782	-985885.9
156866	-991991.44
105471	-964702.25
-106462	-913099.8
-570921	-848167.0
-354537	-781012.5
59743	-721067.06
61344	-674734.0
-160786	-644817.9
-688895	-630710.44
-452029	-628957.4
65536	-634629.6
65177	-642571.5
-302259	-648501.5
-1171503	-649991.3
-912427	-646766.0
6731	-640549.0
137686	-634279.56
-138139	-631070.4
-849321	-633582.8
-143628	-643061.4
922727	-658970.94
535548	-679050.06
-223199	-699794.3
-1665767	-717299.1
-1452338	-728169.2
-254086	-730373.5
-4809	-723866.1
-760481	-710680.1
-2475172	-694604.5
-2351446	-680507.8
-773307	-673376.7
-17612	-677243.06
-622217	-694457.7
-2039876	-724888.2
-1585939	-765838.2
-149561	-812277.9
147159	-857602.9
-203587	-894286.9
-1146392	-915231.5
-755430	-914337.4
203979	-887491.6
161866	-832836.4
-224504	-750935.06
-1084324	-645160.6
-783518	-521041.12
62028	-385998.56
111107	-248640.83
-254199	-118048.12
-1112919	-3372.5217
-899538	87261.55
-74829	147455.55
87461	173383.27
-250666	164523.19
-1050240	123738.34
-828191	57417.184
-53817	-25137.227
78169	-112583.61
-219803	-192944.4
-930910	-255278.22
-705287	-290950.62
-42411	-295153.28
66841	-267269.9
-185866	-210807.72
-811211	-132635.7
-599566	-41423.016
-15024	54169.145
73566	147018.53
-135589	232771.5
-686440	310419.97
-472674	382059.28
60380	451276.9
91956	521702.38
-115420	595041.75
-643698	669799.8
-466875	740505.06
55092	797831.7
105724	830216.06
-113017	825763.9
-644913	775420.7
-497513	675296.75
34933	528249.25
119710	344585.84
-116137	141158.42
-685465	-60748.945
-558104	-238735.39
1852	-373109.84
113279	-450044.16
-164933	-464025.1
-807442	-418600.88
-691777	-325781.62
-56504	-203771.97
99281	-73652.56
-252457	44462.57
-1033152	134416.28
-938414	186763.45
-179390	199341.34
37688	177041.62
-434062	129919.086
-1450917	70318.234
-1307112	10156.945
-269816	-41471.35
35739	-79592.414
-595428	-103842.0
-2089599	-117639.15
-2001152	-126500.336
-512337	-136019.06
4881	-150153.6
-959028	-169946.83
-3252009	-193271.52
-3227162	-215643.2
-1052750	-231438.6
-56274	-235553.53
-1217797	-225109.5
-4005111	-200326.2
-4095231	-164760.53
-1548668	-124513.56
-108328	-86719.79
-1345816	-58041.586
-4486801	-42930.79
-4770509	-42648.04
-2075332	-54839.203
-173279	-74156.72
-1335549	-93605.12
-4478879	-106237.195
-4603776	-106762.01
-1716412	-92892.83
159851	-65892.6
-994464	-30035.375
-3978154	8335.21
-4140974	42370.215
-1446522	66362.78
519656	76935.78
-563436	73905.8
-3401456	60010.36
-3575288	40020.87
-1058502	19452.037
972532	3147.0327
23949	-5921.504
-2493204	-7343.24
-2524544	-3304.7324
-212648	2338.94
1540697	5370.331
691273	2383.4744
-1448226	-8151.63
-1387882	-25350.604
547963	-45897.8
1701244	-65025.668
840829	-77952.055
-959538	-81225.914
-862810	-73889.44
766214	-58198.594
1646211	-39537.727
855001	-25489.219
-668679	-24188.746
-579181	-42597.746
775586	-84748.06
1624417	-150620.25
914486	-235773.83
-399271	-331853.2
-361133	-427974.06
714721	-512565.97
1393591	-575574.56
786138	-609941.94
-128655	-612972.8
-117639	-586550.25
639759	-536529.4
1210626	-471514.72
696928	-401335.34
-3692	-335254.06
33874	-280469.5
651594	-241369.84
1133916	-219478.67
667483	-213418.36
23266	-220207.7
39897	-235955.1
623071	-256779.03
1079711	-279511.1
646401	-301666.1
25881	-321655.06
33609	-338274.22
586241	-350395.12
1037424	-356877.1
610556	-356199.03
14206	-347095.12
31436	-328727.12
566083	-301490.38
1012240	-267164.25
571880	-228882.47
6221	-191181.31
32406	-159065.78
569684	-137184.14
1018315	-128972.41
568449	-135383.73
10599	-154925.06
31109	-183663.3
557202	-215665.12
1006629	-244024.95
554187	-262168.5
15395	-265222.78
31139	-250777.47
559576	-219327.03
1027316	-174548.66
570199	-122213.836
11131	-69409.07
30794	-23105.951
577940	11096.263
1078883	29601.342
599989	31311.201
-17052	17742.773
24194	-7510.9805
573846	-39787.664
1108823	-74152.89
618666	-106453.61
-32815	-133827.06
15036	-155054.19
551231	-170344.72
1094927	-180968.48
625016	-188776.16
-27454	-195445.02
3821	-201861.38
525231	-207961.83
1060575	-212642.3
635111	-213891.61
-18347	-209070.38
-47601	-195343.77
482025	-170112.52
1010401	-131469.53
634556	-78411.51
-93210	-11073.135
-169019	69288.555
381621	160330.36
805694	258465.1
484763	359481.2
-84595	458393.25
-105344	549975.3
316412	629199.3
763560	691505.7
459164	733828.9
-32869	754517.56
-38232	753920.4
322883	734306.06
711291	699908.3
431585	656445.75
-17159	610478.7
-23865	568533.8
321013	536108.9
642363	517137.8
402883	513463.06
-34331	524624.4
-44204	548046.9
287516	579388.6
505123	613481.3
313154	645132.2
-64949	669822.75
-66247	684411.56
237027	687311.8
408851	678741.06
241407	660432.0
-62674	635152.5
-40030	606236.8
209294	576843.3
404544	549852.56
237191	527334.06
-34821	510458.06
-10629	499456.34
216838	493914.16
419363	492872.3
241228	495264.97
-23521	499997.22
-1442	505795.7
218873	511563.8
400679	516489.44
230705	519901.03
-19424	521308.6
2847	520209.97
215706	516352.97
368529	509891.84
223753	501226.22
-19638	491036.0
726	479989.28
205853	468856.06
299729	458526.53
190461	449649.84
-42614	442654.72
-15990	437456.6
172524	433718.78
207954	431110.06
138774	429119.72
-70307	427364.97
-33738	425426.4
147108	423209.8
168488	420921.16
110175	418916.1
-76083	417557.5
-34256	417209.22
132387	417926.53
148995	419530.72
97106	421550.62
-74549	423203.94
-30327	423759.97
126568	422429.44
138829	418717.47
89933	412479.56
-69971	403978.34
-23287	393933.06
122873	383406.97
129330	373688.1
87848	366028.75
-68636	361473.34
-24306	360569.7
117204	363318.1
114151	369191.62
79613	377150.25
-71472	385863.97
-26192	393817.72
113038	399638.8
105986	402388.6
73740	401685.72
-65673	397855.97
-20696	391792.12
110312	384874.44
108638	378763.2
74492	375032.53
-49926	374896.8
-8514	378821.44
110908	386404.72
114761	396378.1
79678	406732.0
-41904	414862.1
-3867	418093.78
111386	414083.2
118991	401270.06
83286	379202.8
-36002	348550.8
-1654	311213.5
111389	270034.7
119341	228430.73
84240	189910.39
-32379	157372.14
830	132874.38
110557	117277.48
116119	110189.91
84989	110059.28
-29359	114468.93
2726	120640.92
109833	125792.5
109530	127668.484
83952	124898.4
-27669	117132.02
3651	104857.87
107263	89429.08
102318	72707.96
81365	56692.508
-27219	43161.63
5715	33318.27
108361	27732.605
100488	26329.822
80704	28489.432
-27202	33236.043
6157	39362.24
106677	45773.824
91474	51636.758
78222	56511.36
-31038	60287.367
5596	63068.453
104286	65152.844
81839	66910.76
76312	68689.086
-32439	70701.86
4326	72936.95
99518	75252.336
71738	77436.63
75441	79291.64
-32454	80441.414
3431	80801.84
94001	80248.17
63338	78749.76
73596	76370.91
-31706	73020.68
4627	68834.625
92903	63846.52
61902	58126.33
74364	51822.95
-27156	44950.938
8013	37800.844
94968	30618.201
63301	23715.54
75852	17456.248
-21852	11988.747
12476	7604.376
95233	4378.1396
63054	2293.4219
75395	1251.5282
-21177	900.3593
11940	1073.7251
92546	1503.9937
59115	2001.6342
72619	2486.0903
-20586	2785.8276
13872	3025.9146
89897	3263.552
48856	3592.5427
63006	4106.592
-18251	4671.55
17669	5333.6787
88921	5982.857
49498	6514.4194
65290	6801.8037
-15695	6790.231
18989	6438.894
86913	5785.9897
50933	4958.7437
68626	4113.4556
-13486	3451.7307
20086	3105.9197
86976	3182.026
50096	3747.4243
69991	4802.8994
-9741	6313.778
20838	8140.9316
88291	10146.683
54041	12212.103
74581	14247.136
-5073	16210.116
21856	18017.922
90323	19646.098
58370	21102.412
76466	22434.064
-1946	23697.824
23662	24857.398
92289	25908.879
62518	26841.645
75435	27756.682
-1299	28537.57
23504	29251.41
92501	29887.92
64832	30444.646
76069	31008.045
484	31459.646
24360	31802.285
91830	32121.916
62976	32443.531
76255	32691.379
2464	32753.268
25471	32642.408
90538	32468.76
60714	32308.246
76128	32140.729
4103	31928.521
26571	31712.654
89093	31609.34
59278	31670.256
76691	31812.186
5141	31949.709
26156	32031.672
91175	32081.223
62946	32089.758
75865	31956.19
5259	31624.8
25723	31099.01
91004	30464.875
63965	29791.598
75829	29077.47
6524	28322.064
25616	27561.748
90597	26868.543
65518	26270.465
75953	25713.283
6789	25127.557
24871	24496.506
91156	23855.152
66523	23226.936
75349	22584.166
7492	21914.29
23651	21265.709
90040	20733.885
68873	20389.635
74884	20227.18
7872	20232.629
21895	20407.238
89614	20777.037
69827	21331.715
75357	21979.873
8444	22655.775
24564	23303.664
90046	23925.744
66538	24511.744
76076	24988.791
10993	25343.06
26746	25548.627
88418	25637.674
62084	25624.703
75906	25456.738
12828	25141.58
28977	24671.613
87129	24099.871
57548	23472.95
75593	22782.932
13989	22087.707
29623	21425.684
86729	20881.42
56829	20514.332
76228	20305.928
16340	20274.418
31489	20392.787
85331	20660.604
53666	21047.639
75496	21457.475
16575	21852.926
32386	22179.037
84204	22443.803
50963	22659.512
75275	22796.637
17628	22901.496
32134	22997.676
85476	23155.795
54623	23426.24
75959	23788.23
17483	24265.418
30133	24832.902
87205	25491.645
60237	26220.652
75835	26941.098
16498	27629.604
26583	28242.266
87914	28778.252
63995	29241.803
76079	29600.648
17983	29879.066
27678	30083.049
87492	30251.816
62138	30417.348
76062	30559.328
18738	30696.854
28808	30819.836
87510	30942.959
60789	31073.031
76048	31166.588
19815	31226.127
28646	31234.588
87057	31208.156
60753	31164.111
75614	31076.584
19583	30968.758
27661	30842.602
86774	30729.426
62011	30656.61
75218	30601.975
19873	30585.822
26196	30598.225
85884	30652.926
63825	30757.16
74434	30870.162
18516	30996.129
21224	31112.025
84285	31222.484
67224	31332.748
73342	31409.06
18058	31466.414
16318	31496.367
79753	31517.408
68936	31546.05
73299	31558.965
17674	31578.496
14661	31594.586
77494	31621.87
67769	31667.262
72381	31697.186
17369	31726.229
15107	31734.07
77243	31730.53
66973	31721.6
72987	31677.566
19081	31623.371
16139	31548.424
78296	31475.482
66455	31423.945
73344	31375.371
19988	31362.533
18111	31373.84
80086	31425.387
64890	31523.984
73168	31632.03
21758	31759.537
21264	31871.254
81890	31962.227
63449	32026.182
73869	32020.799
22966	31963.744
23519	31838.982
83629	31669.764
63387	31485.074
75033	31278.896
24339	31099.941
22710	30952.838
83054	30865.281
64748	30854.135
75181	30886.922
24683	30973.1
20365	31073.223
82114	31170.877
65383	31248.895
74202	31258.346
24854	31212.24
19246	31094.3
81379	30923.162
65683	30728.607
74689	30513.018
25576	30332.096
22014	30197.373
82708	30137.324
63539	30171.166
75076	30271.705
27894	30451.176
26651	30672.127
84054	30919.088
59668	31177.533
74514	31399.715
31109	31595.74
32689	31742.008
83802	31850.766
52079	31942.809
71814	32001.676
31738	32063.63
37465	32120.592
82983	32190.44
48076	32287.668
71558	32378.52
32294	32477.988
38101	32558.7
83220	32622.562
48686	32676.24
73436	32686.605
33084	32676.555
34018	32635.56
84775	32579.805
55286	32531.402
73601	32471.191
32262	32427.14
28958	32389.645
84788	32366.361
62034	32367.0
73831	32361.262
31134	32363.273
23806	32352.117
83403	32325.045
64864	32286.781
74240	32208.318
30821	32107.785
23182	31970.4
82294	31801.098
64376	31612.982
74171	31385.836
31678	31144.826
24886	30879.922
82436	30600.012
63201	30321.209
73283	30023.715
32707	29731.842
25818	29437.281
83042	29149.414
62948	28885.986
73933	28629.135
33553	28405.504
27478	28209.736
82922	28053.184
62980	27953.877
73670	27891.877
33986	27887.389
27601	27926.484
83319	28008.447
63913	28137.941
73535	28281.412
33216	28446.902
20551	28614.367
80253	28777.76
68121	28943.523
73172	29088.516
30797	29232.45
14359	29372.1
74966	29515.643
70414	29680.906
73265	29853.482
30986	30053.654
14366	30273.04
74269	30509.047
68454	30763.744
73214	31005.482
32589	31239.729
21313	31444.146
79443	31609.955
65260	31740.768
73563	31810.129
36463	31835.674
29464	31808.656
81966	31738.287
61692	31645.01
73140	31515.775
42356	31379.742
44997	31233.295
81978	31095.064
42458	30990.936
40264	30909.695
33677	30871.29
49641	30867.209
81463	30911.838
29824	31024.842
14801	31186.662
29392	31397.957
53581	31633.83
80235	31892.885
23378	32177.465
7616	32451.766
29972	32702.512
58244	32896.793
81483	33033.31
19988	33122.43
4968	33142.07
31884	33097.8
60978	32982.9
81509	32824.258
19039	32659.74
5008	32489.61
32524	32334.887
61473	32199.217
82986	32108.842
19776	32093.475
5254	32135.008
33959	32229.426
63638	32354.453
82977	32509.861
18868	32701.566
4930	32893.66
35436	33071.965
66711	33211.582
82523	33319.0
16435	33411.96
5201	33469.57
38658	33494.35
70843	33476.574
81909	33435.52
14546	33397.004
5110	33343.53
39441	33278.566
72502	33191.94
82581	33103.0
14769	33038.996
5082	32985.152
39006	32947.92
70971	32920.684
84501	32921.523
16912	32974.37
4944	33056.234
38444	33159.117
69873	33261.285
85633	33364.746
18784	33483.51
4904	33590.77
38195	33681.58
68388	33749.18
86238	33813.758
21098	33911.12
5021	34032.4
37538	34178.258
67684	34336.14
86524	34505.727
22849	34690.426
6905	34843.26
37925	34928.285
67178	34907.29
86624	34772.16
23189	34541.62
5674	34207.555
37398	33790.234
66592	33316.164
86136	32838.45
24659	32421.826
7859	32079.785
37750	31826.123
65250	31652.53
86241	31557.08
27345	31542.242
11180	31567.342
38023	31614.777
64506	31672.31
86554	31764.629
29133	31945.281
14090	32235.844
38748	32675.176
63703	33278.793
86885	34056.973
31511	34999.266
18841	36016.715
40869	37006.684
62925	37832.0
87154	38367.68
35856	38515.03
27002	38166.332
42470	37283.535
62634	35872.836
88368	34016.16
43334	31858.482
60523	29531.65
53335	27215.523
61083	25060.777
88199	23202.615
48122	21745.633
71430	20694.676
58519	20041.492
59157	19716.04
87955	19634.238
52439	19716.725
74106	19846.994
61622	19967.592
58629	20030.066
88379	20028.043
57041	19994.31
75474	19936.895
62516	19907.3
56579	19930.771
88574	20029.1
63855	20218.6
75927	20462.336
60770	20747.41
54501	21030.768
87163	21281.875
68227	21489.018
76126	21623.875
59640	21708.35
53746	21750.701
86547	21778.28
69091	21829.24
75863	21907.348
60843	22040.705
54349	22218.883
86414	22430.639
68934	22667.197
75608	22884.018
59292	23072.01
53245	23205.842
85177	23280.28
70961	23313.408
75459	23300.893
59528	23275.0
52579	23250.486
84884	23245.92
73523	23285.21
75168	23350.203
58709	23442.115
52389	23538.467
84436	23621.648
71754	23689.045
73355	23711.393
58796	23696.258
52238	23644.426
84110	23571.879
70186	23511.973
74236	23464.873
59807	23455.262
52055	23483.53
83833	23546.828
69660	23646.941
73416	23746.234
54956	23835.03
38023	23890.074
80528	23895.523
80279	23859.084
77159	23771.15
54448	23657.336
33446	23532.854
79618	23412.557
78533	23324.56
75650	23262.809
56333	23239.83
41214	23246.365
81040	23270.318
73008	23317.004
73732	23362.12
59468	23411.742
51450	23465.887
82516	23534.154
66882	23644.85
71555	23788.309
61373	23971.617
53006	24184.223
83698	24409.834
62378	24643.992
70014	24842.713
61899	24992.838
52886	25085.475
82877	25134.578
58876	25192.89
69025	25294.123
61369	25513.955
53026	25918.8
82737	26569.957
59104	27522.691
69263	28764.238
62458	30274.332
53533	31982.79
82966	33794.395
61531	35609.34
71153	37297.234
63276	38773.43
54358	39970.95
82431	40855.137
51115	41447.234
48268	41778.785
50330	41933.285
56022	41998.684
82296	42047.945
44088	42153.145
36306	42336.14
45645	42612.008
56019	42962.67
82295	43337.195
43023	43692.707
32794	43968.207
44226	44139.945
56488	44198.855
82609	44144.65
45563	44012.54
54744	43825.824
56366	43642.645
55271	43506.406
83070	43428.97
53910	43421.066
66898	43452.79
64159	43514.637
54354	43582.727
82873	43613.832
60386	43589.29
68156	43485.145
64053	43324.13
52869	43134.53
82388	42931.715
64063	42747.816
67966	42595.016
63544	42505.055
54984	42487.4
84806	42517.137
63639	42574.27
68756	42618.582
71450	42638.727
67761	42620.992
84476	42545.598
48207	42419.023
69117	42236.965
71528	42038.176
68974	41853.14
84871	41693.742
55918	41576.61
70119	41488.25
70521	41436.09
67315	41406.777
84868	41362.863
67215	41275.504
71748	41105.703
68186	40853.184
64880	40520.773
83148	40108.63
67794	39641.297
70584	39140.426
67414	38662.18
65571	38254.22
83246	37941.56
64940	37749.49
69999	37673.97
69159	37724.73
67140	37890.152
81922	38132.426
51696	38421.56
66760	38705.992
70586	38971.92
69350	39208.305
81562	39399.168
45819	39552.797
66071	39660.484
72943	39750.023
70723	39841.188
80284	39931.457
41984	40022.367
65915	40078.277
73241	40090.105
71830	40039.336
80594	39897.484
39519	39660.684
66106	39313.016
74339	38893.35
72697	38452.832
80185	38043.406
36803	37735.824
65359	37563.883
76077	37578.516
74180	37796.19
80625	38187.727
35581	38704.27
65618	39236.25
77224	39691.434
75776	39967.258
81303	39965.79
34815	39630.37
65294	38909.445
77886	37830.438
75838	36444.26
80559	34837.887
33588	33129.35
64793	31403.967
78419	29772.678
76397	28307.715
81519	27062.293
34211	26077.875
64889	25337.383
78608	24846.316
76693	24591.48
81162	24570.51
34182	24803.94
65033	25279.924
79318	26019.564
77238	27021.934
81663	28273.232
35263	29750.562
65518	31364.006
78618	33029.35
77059	34636.73
82251	36079.707
37804	37282.406
66066	38161.5
78035	38702.52
76074	38928.465
82352	38907.543
40196	38752.83
66864	38553.957
76768	38421.06
75276	38432.562
83138	38632.39
43166	39036.387
66695	39584.953
76871	40212.984
75533	40833.62
84240	41366.258
48323	41763.95
67263	41979.266
75996	42022.754
74405	41933.008
84034	41774.203
50610	41634.27
67381	41564.68
75276	41617.3
74218	41811.715
84417	42137.965
51599	42572.3
67476	43042.125
75494	43488.457
73710	43854.51
83361	44100.824
52318	44223.863
67739	44213.688
75299	44099.445
73724	43916.258
83401	43701.934
50608	43501.383
66974	43314.477
75590	43145.258
73256	42977.7
82746	42787.414
50066	42565.44
66203	42273.156
74841	41901.47
73337	41456.58
81911	40960.777
49439	40465.652
65281	39990.656
74662	39571.758
73370	39236.75
82581	39000.082
51881	38876.53
66307	38832.535
74251	38843.04
72798	38875.43
82743	38898.496
54064	38901.215
66780	38854.367
74184	38760.305
72524	38627.387
82996	38472.03
57723	38328.73
67155	38204.395
74175	38121.832
73131	38089.383
82837	38107.25
53782	38182.746
65706	38287.766
74422	38412.4
73056	38537.48
82093	38646.133
50748	38740.508
64911	38797.152
74764	38820.527
72886	38811.574
81953	38774.855
49751	38733.445
63964	38680.973
75689	38632.168
73583	38593.664
80819	38570.023
44396	38579.117
63668	38602.027
76108	38641.902
74074	38695.387
80709	38753.434
42169	38821.0
62681	38873.586
75861	38915.902
73599	38952.562
80967	38983.15
42836	39023.934
62099	39062.918
75434	39113.996
73588	39186.44
82937	39276.477
52488	39389.145
64857	39501.34
75669	39612.85
73353	39713.453
82242	39791.953
53810	39855.133
64509	39888.27
75243	39904.645
72787	39913.277
82149	39924.72
55328	39966.285
65242	40035.63
74835	40145.734
72066	40297.57
82691	40483.08
62394	40703.85
67078	40933.098
74201	41158.914
71873	41366.176
83566	41540.074
69611	41683.28
68159	41783.312
72614	41847.66
70274	41883.03
82003	41893.785
73018	41895.17
69974	41886.9
71908	41884.973
69294	41888.47
81296	41893.75
73173	41905.176
69444	41912.914
71493	41921.016
69104	41922.664
80274	41909.92
69393	41885.285
67315	41838.41
71573	41770.406
69059	41679.523
80672	41563.293
68310	41431.215
66599	41281.074
72131	41122.37
69401	40963.55
80784	40810.895
67473	40679.434
66475	40568.5
73039	40485.742
70284	40432.66
80597	40405.207
58341	40409.227
62751	40430.684
73466	40473.207
70696	40533.074
81388	40606.055
56764	40702.555
61773	40814.28
73774	40951.18
70238	41110.098
81311	41281.594
65181	41464.062
64644	41637.266
73733	41795.72
70478	41920.023
81434	41990.62
68516	42003.05
65536	41945.51
72519	41830.914
69594	41663.418
81204	41451.33
70657	41216.945
66878	40971.254
72505	40741.992
69251	40536.656
80829	40356.25
70701	40207.992
66768	40082.727
72460	39986.49
69333	39905.86
80814	39825.273
69168	39740.965
65263	39638.227
73106	39522.402
69203	39383.83
80859	39212.715
64240	39015.625
62472	38788.55
73241	38551.336
69700	38312.65
80702	38084.125
56688	37896.875
58870	37766.477
74279	37727.844
70944	37796.0
81426	37974.434
54000	38270.6
57965	38659.363
75273	39123.08
71296	39618.848
81274	40095.062
53119	40516.594
57204	40836.562
76983	41041.387
73354	41121.5
81045	41084.207
40484	40972.113
52250	40815.805
79941	40672.875
75736	40588.637
81973	40595.51
38215	40728.816
52758	40978.17
79158	41336.527
75343	41770.773
84528	42234.676
55481	42694.73
59847	43102.55
77546	43439.184
72890	43689.504
84106	43849.254
74774	43937.984
68416	43973.254
75683	43988.414
70840	44002.77
82531	44022.965
76282	44054.617
69133	44082.92
74935	44097.25
70502	44073.59
82897	43986.05
74441	43826.73
66834	43589.754
74475	43294.734
70515	42965.523
82719	42630.617
70463	42333.35
63018	42102.58
75417	41967.49
71169	41935.926
81689	41993.535
56640	42122.746
57494	42275.074
76559	42408.254
72566	42475.02
81463	42431.742
46123	42266.977
53235	41966.59
78196	41553.22
74170	41064.402
81575	40546.473
39881	40069.54
47984	39677.105
81789	39416.258
77395	39316.37
81741	39380.883
31558	39611.305
20635	39969.188
55387	40410.88
78134	40882.61
82503	41336.336
27599	41749.223
16209	42088.094
53561	42341.227
79678	42507.51
84348	42601.125
30580	42658.883
43620	42690.25
82777	42714.566
80899	42748.06
86364	42792.61
36551	42860.426
48499	42930.043
85223	42991.023
80623	43034.473
87072	43046.64
43100	43035.492
51194	42988.2
84680	42908.793
80241	42802.36
87545	42666.203
44964	42513.246
52270	42328.81
83830	42109.773
79073	41851.496
87215	41543.297
49050	41197.016
53438	40809.26
83170	40399.508
78549	39991.234
86596	39606.74
46234	39287.992
50523	39050.137
84883	38913.836
80278	38883.582
86384	38941.863
40500	39075.23
46354	39232.23
85573	39368.414
81296	39438.242
86000	39396.87
35561	39234.406
40029	38934.61
82478	38513.875
81743	38012.734
86873	37481.426
36988	36999.12
45058	36619.746
86424	36401.125
82443	36391.113
88584	36609.496
42793	37073.496
49079	37754.617
86048	38617.62
81224	39618.61
88172	40698.344
47093	41814.3
50841	42904.516
84600	43920.527
80596	44827.664
88140	45591.082
49443	46201.855
51789	46639.125
84299	46896.27
79766	46986.45
87361	46924.453
48868	46751.688
50210	46497.832
84072	46199.18
80616	45902.277
87321	45637.668
45481	45437.88
46826	45294.76
85557	45179.715
81558	45058.332
86871	44874.594
39904	44587.027
42054	44141.137
85096	43506.043
83328	42695.72
87410	41750.824
34826	40762.277
27521	39819.473
69057	39015.37
82274	38436.25
87240	38128.086
33391	38102.566
24540	38289.773
66371	38563.926
83126	38767.594
88248	38724.65
35133	38291.113
40812	37342.01
87303	35831.207
84969	33810.168
89496	31410.035
39532	28857.658
43483	26403.086
88271	24315.93
84442	22846.94
89526	22170.975
43154	22390.066
44670	23477.057
87419	25305.605
83615	27678.65
89281	30336.7
45489	33025.605
46575	35494.902
87139	37553.75
82733	39103.125
89063	40117.996
48560	40667.406
49133	40856.875
85289	40823.332
81102	40716.66
89150	40650.977
56309	40713.07
54422	40922.19
83314	41252.582
79201	41654.613
88571	42051.914
77861	42380.906
65238	42589.027
82381	42651.465
77253	42582.06
86581	42410.684
80846	42192.26
67114	41977.293
81196	41805.35
76575	41699.895
85654	41648.44
80179	41624.99
67119	41580.023
79774	41463.19
74877	41233.508
85023	40858.223
79379	40343.066
64801	39716.01
79678	39034.97
74962	38376.97
84063	37813.44
77382	37421.0
63229	37249.766
79429	37326.58
74811	37648.65
83173	38171.223
71541	38839.1
58941	39572.91
79446	40299.504
74984	40953.176
83113	41473.77
64017	41843.46
53146	42057.668
78802	42145.22
75031	42149.266
83165	42108.19
60895	42076.004
50866	42081.87
80046	42141.523
75336	42255.67
83081	42393.766
54546	42530.047
47616	42619.008
79804	42617.746
75983	42510.2
83621	42288.145
53847	41980.246
46401	41618.652
80256	41243.156
76728	40908.934
83676	40648.996
53728	40489.203
46500	40410.73
80502	40361.434
76365	40277.895
84054	40069.523
55113	39661.555
46941	38982.33
80378	37993.305
76709	36716.957
84065	35214.05
56082	33609.133
47301	32046.172
80459	30687.494
76966	29695.408
84694	29185.94
56323	29240.143
47118	29857.633
80302	30977.143
76214	32482.94
83934	34203.418
55890	35968.54
46724	37600.77
80604	38964.082
76638	39977.56
83834	40603.168
55303	40882.117
45564	40886.094
80453	40722.926
77148	40515.2
84058	40351.707
54741	40302.086
45270	40385.816
80741	40591.99
77167	40885.824
84395	41195.188
54479	41459.305
44696	41623.8
80584	41674.51
77237	41631.312
84248	41528.54
54399	41445.11
44274	41452.523
81705	41625.453
77640	42019.56
83947	42641.312
53851	43483.453
43814	44488.285
81847	45580.504
77878	46676.906
84393	47678.215
54188	48521.2
43601	49149.83
81058	49544.77
77676	49720.285
84795	49697.8
55339	49535.465
43984	49281.26
81177	48985.74
77601	48696.367
84919	48430.12
56891	48209.71
44267	48029.66
80674	47881.332
77426	47758.184
84522	47634.34
57523	47506.48
44753	47358.633
80523	47184.582
77115	46984.887
83928	46741.457
59292	46457.617
46450	46123.15
80544	45738.05
76808	45310.04
84009	44830.99
60741	44319.03
46313	43784.78
80042	43250.844
76613	42743.68
83779	42268.26
60405	41845.805
46151	41476.867
80017	41160.855
76808	40894.32
83724	40650.703
59953	40422.973
45724	40193.05
80294	39953.418
76366	39710.375
82994	39459.652
58351	39223.004
43987	39012.016
79756	38841.934
76529	38731.754
83773	38676.02
58958	38681.734
43610	38735.375
79896	38821.582
76331	38931.227
82898	39037.53
57676	39137.555
42301	39220.535
79944	39286.082
76924	39347.473
83653	39400.793
57404	39464.133
41723	39539.535
80390	39630.184
76686	39742.285
83056	39855.52
57927	39967.508
42068	40061.7
80001	40128.363
76989	40170.094
84107	40172.266
59209	40141.38
42473	40079.195
80499	39996.715
77104	39915.977
83713	39836.625
58696	39770.797
41571	39719.12
80068	39685.777
76908	39677.395
83289	39676.11
57627	39685.254
40597	39694.832
79881	39701.2
76707	39709.02
83799	39702.547
57573	39690.9
40041	39671.57
79669	39647.46
77078	39630.61
83568	39611.55
58500	39602.246
40478	39601.297
80260	39608.87
77242	39632.656
83816	39657.516
59317	39688.383
40811	39717.19
79864	39737.74
77339	39754.344
83954	39753.39
60563	39744.035
41142	39727.062
79957	39704.77
77148	39692.723
83667	39688.812
60777	39708.11
41302	39754.043
79754	39817.145
76815	39903.42
82658	39998.688
60584	40101.53
40739	40201.414
79698	40277.734
76858	40333.863
83568	40361.953
60182	40373.617
39992	40376.453
79692	40369.11
77564	40371.938
83674	40388.96
60127	40435.41
39446	40512.97
79389	40606.59
77521	40718.445
83709	40831.88
60503	40944.117
39324	41045.207
79633	41116.195
77221	41163.715
83153	41181.98
60674	41183.285
39149	41173.617
79471	41148.742
77535	41123.33
83779	41092.152
61368	41063.008
39164	41032.32
79176	40987.066
77318	40932.38
83525	40856.0
60371	40765.348
38080	40661.742
79365	40542.344
77104	40424.56
83361	40306.723
60514	40204.633
37910	40122.242
79268	40055.555
77188	40013.08
83279	39979.887
60478	39957.85
37071	39938.367
79441	39908.484
77803	39873.35
83561	39820.254
59839	39758.63
36515	39691.574
79536	39619.242
78016	39559.445
83930	39509.24
59511	39484.242
35674	39488.3
79249	39516.953
77851	39579.797
83366	39662.812
59746	39768.16
35680	39886.75
79053	40001.805
78233	40113.21
84171	40200.438
60417	40263.074
35888	40293.59
79854	40280.734
78077	40234.61
83695	40147.42
60144	40034.09
35416	39902.848
79202	39757.51
78539	39620.113
83993	39491.156
60018	39388.387
34926	39317.664
79121	39274.64
77879	39269.7
84086	39288.184
62616	39332.184
36860	39394.56
79199	39461.715
77711	39538.504
83377	39609.758
63236	39680.84
37597	39751.254
78789	39815.754
77684	39886.508
83741	39953.77
63271	40025.59
36897	40100.94
78891	40170.75
77968	40241.996
83481	40298.562
63149	40343.184
36458	40371.87
79219	40374.914
78528	40362.184
83804	40323.375
63004	40269.426
35664	40205.707
79448	40131.527
78513	40064.984
83941	40001.19
63071	39953.12
35308	39924.6
78819	39909.387
77495	39917.426
83533	39933.395
63837	39959.008
35392	39988.312
78416	40006.895
78218	40020.492
83826	40014.55
64543	39995.344
35809	39965.93
78839	39922.914
78231	39884.188
83231	39846.14
64201	39822.31
35423	39818.676
78626	39828.367
77898	39861.15
83176	39901.668
63713	39950.008
34705	39998.973
79008	40030.625
78277	40049.75
83808	40041.547
63095	40012.543
32592	39966.516
78068	39898.438
78415	39826.445
83243	39747.348
62147	39674.824
31584	39615.2
77846	39561.05
78566	39524.57
84026	39494.105
62184	39475.547
31665	39468.17
78251	39460.19
78846	39462.094
83648	39462.188
62925	39466.95
32186	39476.586
78538	39478.883
79496	39482.695
84558	39473.215
63851	39453.965
32601	39423.82
77971	39372.17
78562	39313.06
83955	39240.184
64460	39168.543
32717	39109.55
78315	39063.727
79136	39051.53
83908	39066.504
64299	39115.844
32086	39196.6
77528	39288.965
79078	39391.613
83664	39478.72
64193	39543.8
32333	39578.902
78144	39569.523
79331	39530.043
83612	39457.438
64486	39371.598
32321	39290.453
77876	39219.95
78581	39186.336
82949	39187.484
64836	39233.44
32229	39323.85
76924	39440.992
78623	39585.348
83679	39731.42
65055	39872.316
32331	39998.234
77483	40090.855
78273	40158.38
83239	40188.566
65382	40190.95
32047	40173.953
77410	40134.855
78636	40094.875
83513	40050.25
66117	40014.418
31884	39995.55
76539	39986.414
78454	40000.332
83344	40023.992
65438	40059.48
31321	40103.312
76839	40136.926
79057	40165.273
84021	40170.074
65732	40153.03
30705	40115.902
76873	40049.727
79370	39973.816
83691	39886.64
65715	39806.207
30676	39747.64
76554	39709.258
78950	39710.105
83591	39739.883
66238	39800.516
31331	39885.906
76703	39972.4
78668	40059.29
83277	40122.566
67118	40158.766
31918	40167.09
76398	40137.94
78776	40090.727
83016	40023.652
66754	39953.395
31611	39893.082
76986	39837.82
79457	39802.742
83061	39773.156
67022	39747.316
31151	39719.01
75874	39666.934
78836	39596.59
82794	39493.19
66498	39364.406
30778	39221.395
76012	39064.523
78950	38921.71
82911	38796.29
66914	38706.223
30665	38663.27
75569	38658.727
78311	38703.355
82972	38777.902
67389	38877.348
30349	38993.99
75680	39105.22
79159	39216.08
83222	39309.688
67516	39389.582
29758	39460.844
75623	39513.93
79255	39565.688
82846	39606.625
66796	39643.008
28799	39678.137
74943	39698.074
79201	39713.773
83136	39711.08
66100	39694.746
27733	39669.883
75282	39627.64
79911	39587.082
82928	39542.625
65981	39506.008
27208	39486.707
74593	39475.344
79523	39486.21
83371	39504.81
66518	39531.56
27384	39564.36
74544	39583.805
79669	39597.855
83271	39590.344
67051	39565.29
27843	39529.004
74918	39473.46
79732	39419.547
83260	39363.184
67180	39317.18
27757	39292.453
74917	39280.594
80061	39296.816
83479	39327.02
67641	39371.64
27517	39428.81
74275	39477.777
79489	39525.38
82735	39554.27
67389	39565.85
28344	39564.21
74432	39538.266
79498	39506.133
83204	39462.535
68568	39418.82
28727	39386.137
74204	39356.152
78906	39345.824
82579	39344.13
68678	39353.94
28306	39377.23
73743	39396.566
79434	39421.516
82939	39436.76
68910	39444.4
28254	39448.98
73658	39438.29
79348	39428.99
82825	39412.664
68858	39397.633
29019	39392.79
74227	39387.992
79555	39399.645
82789	39416.742
69719	39443.168
29163	39482.92
73511	39520.54
79202	39567.684
82583	39610.105
69904	39649.098
29021	39688.07
73170	39711.574
78736	39732.684
82088	39738.746
69864	39733.254
28580	39722.242
72743	39692.613
78841	39659.836
82604	39613.72
69908	39560.312
27750	39508.043
72116	39445.86
79269	39390.867
82156	39334.242
69754	39282.76
27701	39244.785
71853	39209.168
78497	39192.484
81717	39183.824
69972	39187.098
27421	39207.945
71214	39231.52
79233	39269.887
82743	39307.42
70463	39343.527
27559	39379.445
71247	39397.36
78978	39407.652
82469	39394.918
70234	39361.09
27464	39312.625
71310	39238.355
79161	39157.03
82156	39062.336
70065	38964.254
27185	38875.613
71477	38788.582
79288	38722.41
82198	38667.58
70631	38627.85
26969	38607.92
70959	38590.75
79413	38587.137
82158	38581.88
70574	38575.617
26854	38574.137
70910	38564.41
79621	38564.027
82459	38565.29
70773	38575.855
27016	38606.227
70610	38644.766
79110	38706.137
82206	38775.824
71159	38851.72
27508	38933.562
70326	38999.66
78971	39057.305
81606	39089.086
72055	39094.953
27821	39082.727
69865	39042.49
79083	38995.863
82198	38940.55
71728	38889.023
27779	38856.953
70240	38836.875
79062	38846.684
81666	38874.434
71759	38919.016
27709	38980.816
69652	39037.402
78936	39095.293
81521	39135.75
72183	39156.844
27709	39164.11
69704	39144.844
78726	39118.27
81527	39079.355
72297	39037.836
28463	39007.805
69438	38981.367
78446	38977.59
81192	38987.18
71903	39012.605
28170	39059.176
69910	39109.84
79315	39175.883
81111	39241.78
71499	39305.375
27689	39369.586
69359	39416.24
78849	39456.707
81203	39476.625
72093	39476.03
27771	39461.473
68730	39419.652
78809	39368.047
80913	39300.094
72034	39224.07
27854	39154.39
68907	39083.406
78957	39031.49
81036	38991.23
72315	38965.15
28538	38958.12
68494	38950.65
78649	38950.383
81332	38938.496
72605	38910.637
28507	38870.773
68463	38804.47
78576	38730.527
81140	38645.332
72829	38560.617
28608	38494.652
68280	38442.676
78631	38425.902
81066	38435.51
72628	38470.86
28496	38532.938
68160	38597.7
78681	38668.902
81160	38725.152
72749	38760.723
28384	38779.27
68224	38766.727
78849	38742.66
81439	38703.33
72838	38659.21
27689	38626.508
67939	38596.656
78708	38588.156
80992	38589.83
72085	38600.316
27488	38622.66
67853	38636.7
78771	38653.285
80257	38658.773
72598	38654.184
28238	38649.36
68082	38633.684
78679	38627.312
80951	38622.62
73613	38623.02
29338	38636.92
67908	38648.31
78974	38669.43
80989	38684.82
74269	38691.844
29839	38696.223
67349	38684.145
78669	38673.363
81104	38656.88
73902	38641.062
29958	38639.0
67641	38640.6
78353	38663.082
80674	38694.05
74963	38730.47
30457	38774.77
67430	38806.41
78750	38834.734
80574	38844.215
74500	38833.758
30588	38812.688
67041	38771.066
78153	38730.516
80173	38687.008
74934	38647.426
31003	38624.996
66948	38608.55
78331	38613.2
80019	38625.805
74717	38642.773
30931	38667.465
66850	38681.457
78601	38696.605
80188	38700.91
74973	38695.164
31176	38689.46
66145	38672.44
78039	38661.965
80644	38649.434
75321	38636.01
31648	38629.58
66209	38614.633
77967	38604.207
79866	38585.785
75239	38558.11
31784	38529.56
66226	38488.01
77909	38451.51
79658	38413.7
75336	38379.08
32184	38359.99
65903	38345.383
77602	38351.44
79573	38367.24
75488	38390.555
32145	38426.516
66083	38457.234
78366	38494.047
79708	38524.223
75158	38546.086
31268	38567.902
65246	38576.008
77860	38586.67
79406	38591.33
74774	38591.203
30297	38595.5
65006	38589.812
77923	38588.746
79619	38581.84
74977	38568.406
30423	38557.656
64817	38536.33
78079	38521.668
79713	38506.57
74585	38493.875
30304	38494.824
64531	38496.074
78285	38512.176
80023	38531.195
75078	38548.56
30450	38567.57
64542	38567.79
78665	38558.78
79675	38527.34
75051	38471.785
30764	38402.81
64026	38311.453
78698	38220.8
80298	38131.64
75666	38054.79
30788	38009.76
64383	37990.426
78830	38016.684
79723	38079.676
75293	38174.918
30326	38303.45
63927	38439.504
78823	38585.055
79638	38718.074
75174	38826.67
29777	38912.316
63231	38956.816
78485	38976.184
79949	38966.31
76177	38935.004
31988	38901.75
64132	38863.004
78473	38842.773
80072	38837.695
76924	38849.133
33606	38884.117
63976	38923.617
78361	38974.668
79688	39019.734
76531	39049.883
33158	39068.652
63482	39059.43
78144	39038.02
79869	38999.945
76204	38950.992
32923	38907.88
63441	38864.0
78028	38839.74
79719	38828.81
76744	38829.906
32820	38849.125
62763	38867.305
78366	38892.918
79764	38911.934
76876	38919.45
32688	38923.684
62284	38912.1
77963	38902.703
79592	38891.543
76146	38882.344
32053	38887.785
62374	38894.797
78559	38915.938
79189	38939.043
76557	38957.242
32319	38974.11
62002	38970.676
77976	38958.89
79081	38930.945
76366	38889.41
32349	38850.59
62046	38808.453
78368	38784.867
79718	38777.094
76843	38786.094
32184	38819.9
61728	38858.555
78186	38907.137
79258	38946.977
76906	38965.94
33021	38965.492
61915	38927.176
78156	38865.027
79400	38775.39
76866	38664.97
33739	38553.684
61477	38438.867
77298	38343.984
78693	38267.76
77235	38211.598
34062	38184.46
61608	38169.293
78192	38174.47
79195	38186.246
77233	38197.55
33703	38214.184
60559	38220.84
77888	38231.023
79056	38238.406
76648	38243.14
33819	38256.08
61216	38264.58
78649	38282.008
79325	38300.027
76663	38315.785
33673	38337.875
60665	38352.777
78046	38374.99
78976	38398.496
77303	38423.223
34141	38459.785
61046	38494.277
78293	38537.906
79455	38578.04
77374	38606.062
33561	38623.91
59956	38611.26
78501	38576.81
79164	38512.168
76935	38419.35
33585	38317.168
60216	38205.277
78775	38112.715
79047	38048.277
76645	38023.94
33601	38058.4
59466	38140.93
77906	38279.938
79067	38456.82
76894	38652.75
32859	38857.76
59029	39037.945
78283	39188.51
78643	39290.426
76491	39335.613
32964	39334.887
59309	39282.105
78459	39202.44
79223	39104.168
76903	39000.76
33841	38915.355
59531	38843.77
78124	38803.895
78353	38789.188
77428	38793.0
34724	38817.875
58904	38841.734
78287	38868.133
78734	38883.29
77629	38879.934
34391	38866.0
58157	38828.758
77943	38783.38
78536	38728.18
77753	38665.785
34279	38611.258
58435	38554.91
78470	38511.39
78581	38475.695
77448	38444.848
34611	38427.535
58279	38408.58
78439	38398.066
78902	38388.645
78041	38377.1
35883	38373.133
59453	38364.324
78654	38363.938
79143	38367.51
78089	38373.566
35567	38392.35
57770	38410.484
78267	38438.16
78004	38467.83
77514	38494.316
35806	38524.87
57839	38544.4
78204	38562.844
78238	38574.242
78070	38576.29
35693	38580.29
56960	38575.23
78217	38574.387
78509	38574.29
77648	38573.484
35170	38582.6
56014	38588.508
77778	38601.19
78743	38613.484
77997	38620.594
35608	38630.63
56646	38629.383
78303	38627.402
78118	38619.33
78239	38602.664
36368	38588.684
56719	38566.457
78353	38549.324
78851	38533.902
78744	38518.938
37080	38515.773
56441	38513.332
78071	38523.29
78475	38540.25
77793	38560.246
36207	38591.32
55541	38618.766
78566	38650.47
78521	38678.086
77645	38695.047
36318	38708.457
55533	38704.35
77969	38693.066
78189	38670.906
78123	38636.84
37687	38603.824
57403	38563.496
78640	38530.684
79040	38502.742
78915	38476.67
36166	38461.38
54567	38441.184
78096	38422.02
78619	38394.14
77963	38349.785
35686	38296.984
53621	38224.3
77844	38146.176
78258	38064.805
78706	37985.2
37044	37926.902
54854	37886.203
77656	37879.32
77688	37903.707
78565	37953.04
38726	38030.367
55333	38114.203
77953	38203.457
78384	38283.4
78837	38342.203
40096	38384.742
55550	38399.395
77684	38399.723
78252	38387.94
79509	38367.598
41171	38354.434
56015	38341.645
77444	38340.11
77504	38343.184
79513	38341.81
42983	38338.926
56698	38319.066
77339	38290.555
77345	38251.72
80593	38204.51
50011	38167.0
57557	38142.566
77414	38152.36
77120	38200.43
80282	38284.38
50910	38406.79
58191	38547.688
77246	38700.246
76987	38840.863
80588	38945.617
52356	39007.13
59607	39008.82
77254	38961.38
77035	38869.383
80425	38743.273
53211	38609.133
58550	38478.258
76740	38376.56
76968	38309.85
80636	38275.45
52963	38275.13
58746	38289.62
77003	38314.63
76294	38331.99
79633	38325.438
51493	38296.19
56778	38236.64
76566	38162.555
76114	38081.133
79155	38000.273
47861	37939.97
55551	37900.45
76801	37895.5
76867	37921.7
79074	37970.402
47112	38042.734
55308	38121.504
76696	38208.41
76923	38294.367
79666	38370.484
51198	38441.285
56522	38496.133
76739	38541.062
76454	38568.76
80009	38568.6
53156	38541.92
57053	38477.195
76151	38382.914
76066	38260.29
79543	38114.652
55126	37968.22
57881	37833.9
76482	37741.16
76066	37704.21
80636	37728.27
65090	37818.523
61622	37960.37
76384	38143.1
75559	38335.81
80696	38502.1
67105	38616.9
62416	38654.16
75861	38612.62
75161	38491.06
80019	38298.266
67925	38062.26
63003	37809.42
75689	37580.133
74815	37397.137
79979	37271.875
68436	37214.492
63060	37217.55
75191	37278.316
74593	37376.23
79136	37487.418
69219	37599.227
63891	37698.11
75505	37790.555
74465	37875.67
79693	37952.95
68637	38032.28
63284	38114.38
75371	38209.47
74792	38310.01
79445	38401.992
68408	38479.062
62584	38529.152
75254	38557.523
73981	38563.117
78629	38549.02
68459	38533.53
62871	38531.742
74758	38571.99
74068	38667.027
78502	38819.25
68758	39030.85
62800	39287.812
74441	39581.062
73879	39884.258
78838	40166.477
68196	40409.332
61774	40594.312
75092	40724.77
73866	40802.207
78683	40832.285
67647	40835.723
60724	40827.965
74948	40834.34
74523	40863.574
79353	40913.2
65660	40983.395
59288	41059.99
74997	41137.13
74396	41197.94
78570	41224.215
56358	41214.555
54959	41161.22
75704	41075.473
74471	40963.984
78846	40829.645
53705	40687.863
51991	40537.477
75287	40385.727
74656	40227.76
78101	40050.76
46224	39856.137
49114	39631.062
75771	39382.47
75107	39117.71
78075	38845.914
44991	38597.324
48006	38388.68
76210	38249.87
75833	38199.402
79093	38240.055
44804	38377.82
47397	38588.773
75980	38851.92
76043	39132.746
79101	39388.723
45783	39597.1
48309	39727.977
76787	39779.652
76373	39760.914
79274	39689.82
45487	39611.176
47323	39558.56
76849	39577.438
76000	39699.88
79341	39936.875
44821	40297.24
46339	40754.83
76734	41280.957
76491	41832.59
79539	42356.363
44203	42819.473
45568	43182.547
77134	43433.566
77335	43572.94
80061	43609.047
43995	43577.375
45019	43501.402
76689	43416.266
76534	43347.297
79154	43303.77
43266	43299.816
44583	43322.273
77566	43363.906
76834	43411.676
79708	43446.113
42994	43468.945
44474	43470.746
77238	43460.723
76968	43449.145
80158	43439.18
43543	43448.477
43678	43472.164
77700	43510.793
77633	43556.457
80536	43589.51
42742	43606.387
43324	43588.17
77808	43533.15
77841	43445.63
80911	43329.332
42531	43210.383
43098	43099.18
77925	43015.05
77656	42970.973
81153	42963.414
43586	42996.676
42983	43049.78
78101	43107.277
77981	43153.008
80568	43166.47
43646	43150.547
43157	43099.61
78608	43025.8
78597	42947.887
81084	42878.22
44311	42842.582
42937	42842.715
78324	42877.145
78378	42937.92
80672	42998.613
44617	43042.95
42968	43037.492
78409	42959.203
77783	42798.37
81096	42546.703
44994	42223.348
42683	41840.19
78487	41420.242
78500	40992.266
81690	40572.355
46052	40184.82
42939	39829.133
78619	39500.695
78241	39194.566
80435	38893.445
46241	38595.715
43241	38288.723
78561	37971.348
78501	37654.867
81706	37346.86
47219	37073.418
43714	36844.656
78895	36672.02
78314	36566.637
81108	36522.273
47453	36541.125
43209	36604.895
78906	36698.004
78746	36809.547
81309	36921.04
47790	37033.297
43166	37136.344
77992	37229.305
78304	37316.844
81714	37393.793
48085	37469.082
42586	37534.8
78184	37584.668
78234	37617.277
81240	37621.473
47561	37603.96
42105	37560.457
78615	37494.145
78457	37419.27
81424	37342.016
47973	37283.86
42413	37249.55
78962	37241.41
78403	37263.957
81273	37304.953
48184	37362.27
41849	37417.49
78643	37450.72
78638	37456.965
82088	37425.71
48404	37367.43
41271	37285.562
78643	37185.92
78258	37090.277
81458	37009.24
47639	36964.43
40456	36958.785
78259	36985.36
78256	37044.504
81338	37121.066
47291	37211.09
40273	37297.246
78632	37360.895
78611	37401.848
82016	37414.625
47288	37412.59
39789	37399.67
78648	37377.09
79078	37360.047
81776	37351.37
46683	37364.125
39413	37393.516
79036	37427.266
79385	37465.438
82446	37497.223
46558	37527.29
38203	37549.523
78359	37556.664
78850	37559.62
82623	37560.523
46788	37576.848
38403	37611.277
78286	37658.703
78940	37725.105
82171	37801.707
47402	37889.984
38239	37976.527
78166	38042.215
79409	38084.953
82260	38096.27
47786	38085.895
38329	38055.83
78616	38006.67
79019	37957.152
82634	37914.664
48461	37898.957
38226	37913.117
78215	37949.59
78865	38011.375
82335	38085.54
48933	38170.695
38631	38252.68
78365	38314.54
78758	38357.88
82640	38376.805
49991	38384.348
38586	38384.33
78216	38380.6
79141	38388.355
82349	38408.32
50769	38452.965
39481	38517.656
78174	38592.953
78604	38677.652
82649	38755.523
51144	38826.91
38776	38881.117
77735	38911.992
78228	38925.25
82312	38915.918
51467	38897.945
38733	38873.254
77818	38844.67
78434	38821.66
82178	38797.367
52013	38779.695
39095	38762.484
77643	38740.906
78461	38718.496
82636	38685.71
52891	38651.64
38900	38615.055
78059	38577.21
78811	38548.285
82154	38524.023
52859	38515.535
38599	38520.613
77396	38536.254
78381	38566.387
81998	38599.254
52574	38639.55
38280	38679.887
77877	38714.363
78355	38746.742
82449	38765.793
52571	38778.008
37641	38778.13
77163	38762.05
78816	38734.574
82114	38685.92
52560	38624.246
37838	38547.51
77287	38456.824
78328	38363.734
81788	38265.81
52598	38178.41
37307	38105.297
77472	38049.734
78738	38021.84
82134	38013.07
52729	38029.332
36924	38062.344
77327	38102.816
78789	38149.51
82441	38185.84
52861	38214.293
36619	38227.914
77343	38222.906
78690	38207.613
81909	38175.44
52654	38138.49
36309	38097.477
77403	38053.33
78336	38015.535
81633	37975.53
52393	37941.76
35768	37910.65
77539	37879.535
78914	37855.934
82659	37831.055
52305	37815.418
35107	37807.918
76944	37808.0
78450	37824.63
82142	37848.395
52136	37886.492
34641	37933.613
77201	37982.617
78436	38036.746
82140	38081.55
52706	38121.465
35184	38151.32
77306	38167.125
78737	38177.67
82626	38175.523
53589	38172.547
35401	38170.508
78034	38170.094
79639	38182.637
82843	38200.754
53676	38234.03
34994	38279.71
77638	38332.66
79315	38398.55
82824	38464.22
54513	38534.133
35263	38602.277
77028	38661.215
78838	38715.62
82384	38752.6
54319	38777.65
34913	38787.445
77536	38777.27
79129	38756.137
82154	38716.746
54666	38670.58
34710	38620.883
76974	38569.395
78409	38530.77
82258	38501.07
55502	38492.824
34945	38507.52
77330	38541.094
79403	38599.957
82580	38669.637
55883	38751.13
34849	38835.117
76944	38908.64
78606	38972.594
82482	39011.33
56432	39028.766
35009	39022.867
76559	38991.176
79029	38946.684
82721	38885.82
56005	38822.992
35046	38763.355
77109	38707.62
78796	38668.27
81961	38636.68
56209	38619.53
34203	38613.36
76926	38609.402
79539	38612.207
82506	38607.8
56848	38600.355
34786	38586.973
76900	38561.973
78733	38535.266
82399	38498.684
57789	38462.25
34698	38428.54
76873	38395.71
78716	38376.06
82557	38361.266
57713	38359.63
34383	38370.26
76946	38386.434
78948	38414.727
82951	38440.816
58187	38467.312
33821	38489.0
76120	38496.223
79211	38494.652
82759	38471.816
58161	38434.766
34325	38384.844
76918	38320.992
79254	38258.35
82713	38192.77
58690	38137.29
33934	38096.863
76175	38069.418
78614	38064.758
82261	38069.305
58739	38084.383
34220	38102.156
76748	38109.51
78850	38108.89
82050	38084.15
58337	38039.89
33232	37977.582
75926	37898.0
78962	37820.016
82459	37744.13
58479	37688.824
33275	37664.082
75674	37671.64
78369	37724.188
82264	37808.684
59176	37924.7
33225	38061.875
76134	38201.8
79329	38341.535
82973	38458.805
58533	38552.37
32389	38617.99
75714	38649.867
78959	38661.92
82860	38649.71
59275	38627.48
32987	38602.562
76639	38574.273
78948	38556.008
82081	38537.438
59608	38523.09
32926	38510.07
75871	38488.465
79151	38466.043
82266	38431.492
59659	38392.527
32986	38353.445
76170	38312.742
79107	38286.6
82234	38269.848
59648	38272.55
32308	38296.594
75711	38333.547
79364	38389.98
82555	38449.652
59742	38512.496
31883	38572.773
75345	38618.14
78925	38655.977
82363	38674.746
60067	38681.914
32617	38680.996
75922	38668.25
79403	38657.977
82569	38642.83
61120	38630.766
32976	38623.32
75115	38612.66
78656	38608.31
82680	38598.18
61835	38587.316
33209	38577.105
75721	38561.0
79018	38552.098
82054	38542.848
61410	38542.03
32727	38553.516
75188	38571.12
78863	38605.695
82553	38644.81
61924	38691.098
32456	38741.758
75219	38784.22
79203	38824.95
82476	38849.973
61994	38862.844
32059	38865.273
75099	38851.254
79124	38835.227
82379	38811.12
62003	38789.414
31861	38776.246
74816	38766.566
78831	38773.03
81905	38784.656
62163	38804.703
31958	38831.83
75382	38853.957
78938	38878.812
81641	38892.848
61696	38899.812
31774	38901.293
74475	38890.312
78829	38880.28
82378	38862.562
62695	38844.555
31715	38829.465
75014	38808.94
79148	38793.293
82478	38769.613
63012	38741.09
31699	38708.28
74905	38662.2
79476	38615.348
82808	38559.375
62732	38503.918
30872	38456.137
74326	38412.6
78847	38389.14
82133	38377.06
62753	38381.805
30643	38403.68
74302	38430.176
79151	38468.07
82429	38500.863
62654	38529.523
30261	38553.402
73839	38562.9
78860	38570.637
82033	38568.242
62990	38564.387
30290	38565.125
74080	38564.453
79302	38575.79
82748	38588.008
63194	38604.99
30204	38627.17
74126	38642.883
79338	38661.863
82589	38671.395
63214	38676.234
29467	38679.855
73840	38674.082
79094	38672.48
82486	38665.242
62639	38657.973
29018	38653.04
73901	38639.484
78879	38628.02
81886	38606.133
63509	38578.11
29604	38547.867
73727	38508.117
79606	38474.76
82037	38441.82
64063	38419.355
30403	38415.297
73423	38423.46
78963	38457.945
82389	38507.07
64520	38572.652
30560	38653.336
73078	38733.45
78894	38818.516
82080	38891.125
64902	38950.492
30054	38996.152
73381	39016.184
79069	39023.203
81393	39008.906
64063	38981.574
29631	38949.766
72551	38909.35
78477	38878.22
81586	38850.094
63887	38833.027
29443	38831.96
73016	38836.11
79230	38855.49
82144	38875.062
64943	38894.24
29698	38912.004
73060	38913.98
79417	38910.297
82112	38889.83
65109	38858.914
30316	38824.94
73333	38782.266
79019	38748.555
81842	38716.97
65550	38693.93
30046	38683.41
72943	38672.55
78619	38670.53
82084	38661.7
65416	38646.855
29296	38628.08
72374	38595.383
79475	38565.367
82086	38533.688
65328	38512.152
28752	38512.78
72260	38530.54
79036	38580.934
81651	38651.5
64838	38740.477
28114	38842.293
72108	38933.438
79044	39014.477
81269	39064.016
64902	39079.105
28257	39061.99
71292	39004.69
78770	38927.887
81934	38831.69
65810	38732.39
28584	38645.902
71369	38569.332
78550	38519.926
81909	38486.516
66219	38468.848
28219	38465.2
71414	38457.03
79410	38451.1
81929	38433.7
65532	38409.12
27668	38385.918
70976	38359.074
78837	38349.324
81554	38352.8
66203	38377.45
28028	38428.258
71421	38489.62
79586	38566.28
82592	38636.066
67059	38690.492
28152	38723.492
71562	38715.797
79159	38678.08
81216	38602.43
66880	38500.594
28422	38390.332
71298	38274.434
79138	38180.816
81804	38110.883
66529	38076.24
27812	38084.77
71479	38121.742
79578	38193.227
81933	38277.94
66861	38367.97
27303	38458.06
70733	38527.96
79200	38586.754
81918	38623.11
66702	38643.55
27276	38658.766
70732	38662.72
79148	38674.1
81971	38685.098
67158	38699.047
27058	38718.33
70446	38725.156
79343	38726.047
81726	38703.9
67189	38657.55
27075	38591.613
70440	38496.453
79396	38392.36
82043	38279.21
67251	38172.766
26763	38091.22
70180	38032.637
78862	38018.27
81686	38040.64
67399	38101.195
26644	38199.543
69716	38312.85
79627	38442.17
82229	38564.605
67313	38672.496
26671	38763.37
69734	38819.945
79634	38855.04
81899	38861.293
67726	38847.31
26659	38826.004
69318	38791.4
79266	38762.824
81638	38733.72
68534	38708.473
26281	38693.23
69238	38672.992
79666	38658.6
81816	38637.11
67515	38609.527
25936	38581.21
68494	38539.08
78755	38497.58
81476	38447.31
67659	38392.496
25715	38340.4
68334	38278.383
79413	38219.797
81926	38154.86
68226	38087.54
25946	38026.78
68306	37963.273
79137	37915.887
81786	37880.086
69208	37864.086
26141	37878.83
68535	37912.406
79440	37976.246
81922	38054.156
68786	38139.39
25969	38227.08
68140	38291.97
79351	38337.258
81613	38345.707
68609	38318.004
25785	38264.84
68273	38182.15
79904	38097.336
81705	38016.04
68950	37955.902
25686	37936.06
67517	37950.145
79235	38012.406
81760	38106.305
69093	38222.492
25083	38352.715
67049	38466.996
79750	38564.35
82398	38624.074
69618	38644.043
25158	38632.977
67083	38584.676
79526	38524.3
81935	38454.758
69212	38390.938
25088	38349.71
66924	38322.832
79477	38324.58
81328	38340.523
68955	38365.23
24941	38396.543
66468	38412.04
79798	38418.7
82240	38402.51
69644	38366.35
25206	38321.645
66345	38261.574
78679	38208.246
80851	38159.49
69324	38123.465
25457	38111.59
67216	38110.59
79682	38132.04
81301	38161.31
70366	38194.055
25949	38231.367
66338	38253.812
78901	38270.926
80888	38270.883
70031	38255.395
25334	38234.367
66118	38197.266
79529	38162.4
81870	38124.48
69355	38089.87
24478	38069.656
65624	38051.83
79213	38050.727
81666	38055.824
69070	38067.477
24408	38090.586
66026	38108.15
79641	38131.19
81443	38147.527
69296	38157.66
24598	38168.824
65848	38167.492
79715	38168.88
82556	38164.74
70438	38158.67
23963	38159.81
64179	38153.855
79427	38152.555
81804	38143.46
70466	38124.656
25175	38100.438
65698	38053.555
79151	37996.64
81673	37921.273
70376	37833.59
25206	37748.42
65884	37660.61
80093	37594.01
81983	37548.418
70732	37532.258
25268	37557.105
65477	37607.62
79435	37692.28
80941	37791.914
70218	37895.777
25170	37999.184
65148	38076.785
79089	38134.715
81107	38159.664
69394	38154.707
24783	38133.74
65278	38091.49
79324	38052.344
80953	38016.37
70555	37991.574
25153	37989.086
65009	37993.297
79514	38013.26
81651	38032.184
71101	38043.38
25214	38048.47
64588	38029.25
79148	38000.11
81230	37955.555
70649	37903.74
24738	37861.63
64720	37823.145
79534	37808.562
80979	37811.223
69964	37830.742
24173	37870.18
64579	37906.566
79851	37944.93
81579	37967.598
70925	37969.67
23227	37957.78
62461	37918.92
79819	37872.062
81196	37815.594
70223	37758.637
23514	37717.15
63350	37680.73
79530	37664.97
81148	37659.145
70071	37660.543
23319	37672.64
63310	37675.703
79471	37680.37
80955	37676.414
69872	37666.305
23353	37662.438
63170	37654.645
79721	37661.83
81468	37678.18
70639	37705.723
23676	37751.52
62890	37796.67
79807	37848.98
81294	37892.52
70962	37921.586
24043	37939.895
62976	37929.766
80071	37905.04
81429	37858.914
71413	37796.06
24478	37730.645
62806	37653.61
80495	37584.29
81951	37518.547
71685	37460.945
24373	37423.387
62400	37393.105
80034	37385.27
81449	37390.918
71178	37409.914
23717	37448.938
61969	37489.62
80093	37541.09
81841	37589.164
71554	37628.574
23565	37663.43
61319	37675.57
79983	37677.535
81031	37662.29
70936	37634.543
23807	37609.93
61324	37581.67
79186	37571.617
80939	37577.863
72194	37604.49
25184	37661.547
61003	37731.54
79041	37822.203
80919	37916.125
72638	38002.906
26099	38081.61
61039	38129.324
79449	38153.27
80589	38141.754
72860	38094.547
26976	38023.855
61267	37921.84
78870	37810.633
80706	37691.37
74021	37573.477
27450	37476.02
60884	37393.656
78987	37346.727
80544	37330.69
74088	37345.67
28217	37398.05
60699	37467.945
78734	37560.36
79837	37656.35
73933	37743.773
28390	37821.4
60872	37867.387
78958	37890.875
80569	37883.027
75204	37846.22
28670	37796.78
60749	37729.79
78909	37668.223
80369	37611.695
74236	37564.418
28283	37537.65
60499	37515.617
78981	37507.363
80931	37498.29
74971	37480.824
29198	37459.062
60938	37416.41
79164	37367.07
80856	37306.01
75206	37236.9
29676	37174.82
60359	37111.508
79639	37064.32
80923	37026.895
75597	36997.004
30153	36981.5
60493	36963.656
79516	36954.188
80878	36943.375
75336	36929.7
29523	36924.242
59921	36916.055
78930	36921.566
80195	36935.105
74803	36955.688
28919	36991.4
59316	37025.855
79328	37068.57
80701	37108.12
75456	37140.46
28776	37174.668
59050	37198.56
79159	37228.86
80089	37262.418
75062	37301.727
28672	37359.074
58604	37420.195
79301	37494.465
80158	37567.934
74723	37630.574
28544	37683.188
58631	37704.53
79478	37703.637
80716	37673.145
75405	37615.547
28751	37548.035
58633	37466.496
79735	37393.21
81071	37327.93
75207	37272.504
28634	37235.953
58079	37200.727
79291	37173.426
80938	37139.773
75591	37093.055
28812	37041.41
58248	36974.047
80034	36910.418
80956	36852.68
75878	36809.16
29326	36797.914
58080	36810.406
79470	36859.98
80954	36934.457
75699	37022.35
29089	37121.773
57518	37207.793
79136	37284.367
80303	37339.848
75919	37372.867
29043	37398.574
57222	37411.92
79526	37435.047
80551	37468.707
75626	37514.895
28983	37582.688
56906	37653.086
78871	37729.453
80178	37794.03
75763	37834.965
29273	37856.156
56150	37843.25
79331	37813.34
81171	37768.914
76164	37720.617
29758	37690.926
55893	37677.332
78719	37697.55
80548	37744.04
76389	37808.23
30174	37889.31
56557	37961.086
79864	38023.56
80403	38061.137
76302	38067.58
30107	38054.805
55646	38017.05
79529	37977.316
80640	37941.26
76495	37917.36
30604	37922.867
55331	37947.78
78687	38002.33
80264	38073.883
76387	38151.75
31069	38237.34
56028	38310.97
79486	38380.668
80208	38438.46
77056	38482.652
31644	38525.316
55255	38555.746
78612	38586.43
80212	38608.69
76794	38614.574
31454	38607.918
54811	38570.64
78718	38511.37
79938	38423.848
76359	38310.125
31428	38189.28
54504	38061.645
78630	37952.773
79879	37868.19
76633	37812.58
31527	37797.57
54658	37806.09
79466	37839.36
80361	37876.69
76581	37899.895
31940	37905.76
54593	37874.48
79241	37817.38
79928	37735.2
77341	37637.46
32391	37550.594
53576	37479.3
78440	37448.63
79623	37459.74
77136	37508.598
32408	37596.777
53758	37697.516
78757	37804.562
80202	37894.35
77286	37949.555
31971	37972.71
53213	37952.2
78443	37907.477
79088	37846.56
76938	37782.152
32210	37739.918
52784	37719.824
79343	37738.664
80366	37789.383
77438	37860.145
32667	37947.668
52891	38025.004
78966	38089.312
80378	38124.586
77820	38121.824
33203	38092.094
52068	38030.23
78255	37957.277
79451	37879.355
77349	37803.23
32312	37746.562
51863	37700.99
78605	37676.51
79535	37664.207
77181	37654.22
32327	37650.2
51879	37635.074
79202	37616.574
80054	37590.3
77835	37555.043
32882	37525.504
51364	37494.85
78918	37477.31
79059	37471.367
77154	37474.09
33026	37494.42
50715	37518.305
78577	37552.65
79486	37590.594
77395	37626.28
33169	37668.69
50776	37705.566
78352	37746.367
79764	37786.36
78303	37820.133
34013	37855.645
50858	37877.95
78439	37893.15
79150	37894.55
77728	37876.863
34229	37851.12
50750	37808.824
78509	37765.3
79383	37723.88
77468	37688.13
34306	37674.63
50363	37676.31
78119	37704.0
79642	37751.727
78132	37809.96
34688	37880.984
49736	37944.48
78501	38000.484
79556	38037.816
77941	38047.09
34601	38036.11
49671	37994.38
78601	37934.363
78894	37858.73
77533	37770.28
35142	37686.758
49842	37604.652
78583	37539.695
79278	37494.336
77924	37468.266
35473	37473.332
49468	37498.4
78441	37549.64
79296	37618.977
78456	37695.047
35859	37779.61
49403	37852.72
78622	37914.848
79347	37956.305
78071	37968.742
35984	37961.75
48599	37927.91
78466	37882.332
78844	37830.766
78338	37777.36
36078	37740.01
48643	37712.883
78288	37705.598
79103	37712.348
78606	37721.402
35848	37734.34
48168	37731.51
78084	37714.504
79127	37677.363
78403	37617.16
35826	37551.09
47831	37479.83
78646	37425.03
79983	37397.113
79219	37401.055
36750	37451.332
47648	37535.324
78421	37651.617
79776	37782.125
79191	37902.742
36663	38003.688
47326	38057.844
77790	38062.16
79298	38010.746
79035	37903.492
36930	37763.58
47161	37599.715
78702	37441.418
78909	37307.582
78241	37210.215
37039	37169.52
46731	37177.824
78110	37236.98
79263	37331.812
78765	37439.285
37307	37549.758
46266	37634.965
77851	37688.395
79083	37699.996
78680	37663.418
37473	37594.516
46459	37494.965
77720	37387.453
78854	37286.02
78667	37199.887
37126	37149.875
45976	37131.992
77859	37153.918
79114	37209.06
78335	37283.0
36912	37373.96
45391	37460.312
77698	37538.285
78937	37598.316
78648	37630.336
37793	37643.24
45467	37630.125
77853	37603.29
78711	37568.336
78884	37526.484
38664	37494.1
45812	37466.414
78121	37453.04
79466	37453.254
79243	37459.98
39261	37480.016
45747	37500.46
78387	37524.01
78923	37545.992
79058	37557.516
39524	37565.773
44874	37560.67
77602	37548.492
78761	37529.33
79573	37499.49
39684	37472.125
44605	37442.363
77714	37420.61
78806	37410.51
79054	37409.688
39519	37429.707
44273	37461.773
77808	37509.69
78907	37568.637
79046	37626.668
39425	37686.46
44114	37732.44
77656	37764.727
79019	37779.516
78999	37770.3
39446	37749.04
43812	37711.953
77622	37671.18
78553	37633.29
78966	37597.684
39318	37577.6
43506	37565.094
77571	37563.28
78420	37567.426
78712	37565.4
40116	37561.453
43032	37543.406
77077	37515.844
79049	37481.406
79693	37439.742
40446	37408.434
42905	37387.617
77293	37389.58
78313	37418.93
79144	37469.402
40529	37546.227
42439	37632.906
77328	37723.56
78843	37806.625
78964	37865.22
40183	37901.434
42444	37903.66
77686	37878.01
78678	37830.824
79125	37763.95
40210	37696.79
42127	37630.438
77263	37576.754
78476	37540.15
79231	37514.258
40186	37505.9
41787	37502.09
77681	37501.66
78545	37500.875
79094	37489.895
40906	37477.13
41358	37455.883
77056	37433.312
78432	37413.86
79265	37393.715
41071	37384.27
41228	37377.926
77219	37377.4
78233	37380.832
79214	37377.543
41703	37373.445
41560	37358.324
77743	37335.18
78268	37305.92
78988	37265.19
42147	37225.062
40543	37181.51
76631	37141.332
78328	37108.703
79505	37078.652
42760	37062.258
40488	37054.273
76789	37060.004
78314	37082.94
79730	37117.598
42419	37174.555
40076	37246.71
76828	37335.8
78541	37439.95
79620	37546.06
42609	37655.78
40266	37753.402
77869	37833.617
79295	37891.582
79908	37916.21
42650	37916.297
39567	37888.176
76854	37841.004
79118	37784.94
80009	37721.883
43161	37668.85
39497	37624.742
77182	37594.676
78968	37580.234
80375	37570.402
43970	37569.19
39893	37564.766
77126	37555.56
79173	37541.81
80186	37516.477
43899	37491.504
39500	37464.62
76636	37442.44
78926	37430.305
80118	37421.79
43425	37424.51
38943	37427.99
77408	37428.668
79336	37423.457
80411	37400.54
43663	37367.27
38571	37318.723
77118	37261.566
78624	37206.08
80221	37153.023
44374	37119.52
38802	37105.176
77126	37114.027
78391	37147.617
79293	37192.652
44401	37249.855
37929	37303.86
76416	37347.445
78227	37377.24
79648	37382.246
44571	37371.984
37584	37344.45
76088	37307.38
77668	37271.234
79511	37234.406
44156	37210.418
37124	37195.344
76306	37189.727
78198	37194.17
79536	37196.58
44485	37201.598
36947	37200.31
76417	37192.246
77638	37181.59
79455	37161.9
44988	37144.5
36774	37126.668
75712	37111.547
77405	37103.83
79181	37095.082
45353	37092.36
36794	37088.406
76031	37082.477
77783	37077.754
79062	37066.23
45494	37058.195
36194	37051.0
75458	37047.758
77325	37054.727
79248	37064.805
45728	37086.145
36133	37112.125
75481	37140.492
77396	37172.184
78537	37195.816
45417	37217.156
35046	37229.95
74509	37234.203
77414	37234.547
79291	37224.195
46302	37213.047
35254	37197.95
74613	37180.383
76995	37165.85
78610	37147.016
45608	37133.7
34746	37123.348
74614	37118.754
76904	37127.11
78848	37142.51
46130	37174.742
34124	37219.383
74226	37273.78
76864	37337.92
78809	37396.875
46391	37451.746
34380	37491.61
74184	37511.363
76564	37514.195
78416	37493.9
46478	37464.46
34091	37430.652
74252	37401.957
76422	37392.88
78289	37401.684
46388	37439.344
33286	37499.805
74118	37574.953
76610	37659.582
78375	37732.85
46444	37791.133
33114	37821.59
74207	37818.652
76492	37788.992
78304	37730.074
46702	37660.156
32912	37587.81
73809	37523.695
76406	37482.87
78562	37461.93
47374	37469.332
32726	37497.523
73726	37537.383
76510	37584.727
78435	37621.168
47686	37646.613
32590	37652.94
73721	37637.42
76229	37607.812
78572	37559.574
47913	37506.22
32188	37449.98
73276	37393.387
76230	37344.246
78049	37293.8
47879	37248.363
32018	37202.914
73508	37153.547
76878	37105.586
78444	37051.33
47803	37000.96
31583	36955.242
72897	36916.473
75944	36894.42
78474	36881.95
48418	36886.87
31628	36903.92
73157	36926.55
76257	36955.56
78643	36975.953
49081	36990.29
31458	36992.965
72890	36980.89
76194	36962.11
78823	36930.965
49628	36900.293
31567	36873.324
73548	36852.527
76416	36847.75
78086	36850.844
49280	36867.89
31409	36892.566
73571	36917.21
76004	36942.4
78068	36952.83
49308	36951.273
30658	36933.086
72669	36895.133
75818	36846.617
77653	36782.64
49496	36716.277
30503	36651.953
72376	36592.832
75943	36550.43
78239	36517.97
49665	36503.156
30291	36501.87
72614	36506.83
76344	36519.56
77954	36524.914
49816	36525.17
30023	36514.97
72324	36489.207
75991	36456.07
77613	36409.453
49914	36361.13
29739	36315.258
72169	36273.78
75941	36248.723
78329	36233.188
50595	36234.55
29834	36248.965
72349	36268.47
75721	36295.04
78216	36312.92
50959	36323.773
29605	36322.45
72073	36303.727
75990	36276.152
78330	36233.207
50790	36186.754
29344	36141.273
72080	36098.082
76196	36068.9
78187	36046.43
52059	36037.01
29829	36037.688
72093	36041.02
76215	36050.785
78593	36053.586
52423	36053.402
29538	36048.816
71424	36036.793
75530	36028.04
77415	36016.863
52506	36013.39
29453	36020.156
71109	36034.42
75670	36063.44
78155	36094.92
52803	36130.715
29134	36164.99
71326	36188.227
75953	36204.39
77709	36201.535
52868	36186.133
29017	36160.36
71778	36124.11
76039	36091.2
77632	36057.113
53364	36032.27
28841	36018.855
71249	36012.258
75464	36018.746
77386	36024.773
53352	36031.97
28933	36036.168
71316	36029.35
75650	36019.05
77928	35996.527
53596	35971.227
28404	35947.926
70601	35926.723
75333	35921.09
77472	35924.562
54266	35944.54
28873	35980.445
71160	36024.492
75681	36081.34
78045	36136.203
54631	36190.434
28517	36240.816
70790	36279.586
75414	36314.547
76924	36335.54
53588	36348.965
27541	36355.57
70769	36349.438
75598	36338.812
77803	36312.24
53621	36274.31
27094	36224.43
70279	36156.72
75612	36082.293
77972	35995.164
53636	35907.574
26848	35827.695
69489	35757.36
74821	35712.754
77127	35688.582
54094	35692.312
27073	35722.58
69809	35767.594
75639	35827.812
78298	35882.96
54801	35928.64
26933	35957.39
70234	35957.395
75520	35936.926
77477	35889.38
54991	35827.406
26516	35762.285
69574	35698.664
75503	35656.555
77489	35634.086
54852	35640.875
26582	35677.56
69558	35732.562
75246	35806.688
77118	35878.977
54417	35943.793
25868	35992.7
69336	36012.645
75235	36011.664
77748	35982.6
54861	35938.68
25361	35892.062
69194	35847.81
75768	35827.1
77762	35828.844
55159	35862.883
25322	35930.008
68959	36016.562
75239	36121.496
77693	36220.887
55326	36305.71
24896	36364.883
69083	36381.914
75351	36363.547
77259	36302.223
54148	36212.207
24249	36108.324
68571	35998.53
75017	35908.49
77029	35840.58
54862	35808.27
24286	35815.316
68174	35850.0
74947	35913.29
77314	35982.44
55561	36049.64
24321	36105.57
68566	36134.64
75221	36144.957
77463	36129.0
55664	36099.06
23600	36066.92
68028	36033.89
75335	36017.895
77176	36012.28
55034	36021.438
23432	36042.297
67796	36058.516
75446	36071.965
77639	36065.547
56155	36041.21
24018	36003.27
68010	35950.164
75099	35903.418
77297	35864.953
56844	35850.758
24274	35870.816
68022	35918.375
75598	35998.82
77949	36090.44
57491	36182.473
24414	36260.766
67886	36301.973
75696	36307.09
77758	36263.363
57688	36180.723
23958	36074.22
67877	35951.45
75491	35841.047
77504	35747.984
58118	35686.574
24474	35662.42
67761	35661.676
76103	35684.28
77904	35705.47
58660	35715.145
24822	35705.367
67849	35662.066
75431	35598.29
77495	35512.688
59544	35423.957
24664	35352.22
67136	35304.082
75516	35301.49
77526	35338.637
59056	35416.586
24245	35528.695
67392	35650.348
75326	35775.25
77150	35876.73
59570	35946.02
24128	35979.94
66517	35969.03
74974	35930.02
77730	35862.332
60328	35781.797
24773	35704.082
67254	35629.125
75708	35573.92
77456	35529.938
60149	35499.2
24731	35481.754
66949	35463.43
75686	35451.48
77828	35433.277
60318	35412.543
23915	35395.324
66259	35375.348
75886	35367.58
77559	35364.887
60067	35372.844
23814	35395.066
66596	35419.344
75554	35453.13
77641	35480.863
60526	35500.645
23250	35511.61
66185	35499.527
75688	35473.21
78063	35421.52
60018	35349.387
22360	35264.707
65281	35162.168
75428	35060.082
77120	34956.375
59472	34863.28
22376	34793.176
65818	34742.242
75527	34726.67
76994	34737.824
60776	34776.508
22564	34841.83
65206	34914.047
75746	34993.9
77787	35060.4
60980	35107.332
22431	35132.85
64589	35123.63
75720	35092.938
77981	35036.758
60541	34967.7
21958	34901.316
64131	34837.305
75449	34795.805
77908	34772.22
61074	34772.125
21501	34799.598
64027	34839.684
75846	34898.754
78054	34961.52
61338	35026.99
21827	35097.773
63819	35161.65
75317	35230.29
77053	35294.363
61741	35357.043
22130	35422.848
64023	35478.45
75464	35532.316
77428	35570.805
61887	35593.81
21799	35605.504
63970	35595.31
76016	35578.594
77516	35551.69
62147	35525.375
21823	35513.21
63259	35510.71
75561	35533.97
77803	35574.066
62597	35631.375
21883	35706.04
63403	35778.785
75959	35852.824
77343	35910.465
62968	35948.543
22284	35969.977
63071	35963.773
75662	35944.38
77058	35906.613
63418	35858.168
22407	35810.152
62507	35755.805
75258	35709.86
77182	35664.344
63399	35622.723
22739	35591.87
63001	35561.926
75155	35546.93
77508	35539.805
64287	35545.973
22860	35574.207
62834	35614.574
75338	35678.51
77275	35752.785
64415	35833.707
22526	35920.066
62378	35991.44
75370	36051.41
77204	36083.45
64147	36085.723
22640	36064.418
62451	36011.574
75516	35946.34
77121	35868.312
64675	35789.805
23090	35727.004
62329	35676.027
75419	35653.36
77073	35649.504
65556	35662.652
23393	35692.51
62832	35718.457
75963	35742.883
77109	35746.89
64873	35724.934
23069	35679.76
62044	35599.926
75486	35501.832
77170	35383.434
65713	35256.83
23653	35140.56
62173	35035.016
75624	34963.016
77134	34922.098
66199	34917.062
24013	34953.58
62474	35014.82
76061	35103.8
77516	35198.73
65879	35288.305
23720	35367.242
61853	35414.336
75490	35436.168
77356	35421.582
65779	35375.527
23426	35312.184
61653	35230.152
75718	35153.375
77076	35082.844
65908	35028.332
23793	35001.49
61905	34991.15
75796	35006.66
76915	35031.824
66398	35059.465
24060	35088.316
61378	35100.395
75691	35104.484
77214	35090.87
66497	35064.004
24061	35037.016
61439	35005.777
75382	34990.24
77134	34986.13
66047	34997.438
23830	35030.19
60932	35068.344
75463	35117.918
77034	35161.855
66672	35194.164
23967	35217.094
60809	35217.06
76098	35208.27
77480	35186.324
66339	35159.43
23709	35142.426
60670	35129.918
75728	35138.87
77586	35160.555
67231	35193.195
23512	35238.59
60119	35276.684
75487	35312.074
77334	35328.777
67966	35323.562
24481	35304.0
60118	35261.79
75628	35216.42
77461	35167.55
67483	35125.402
24549	35105.617
60759	35100.984
75984	35126.035
77232	35169.742
68208	35227.215
25060	35298.54
60254	35362.984
75921	35425.176
77538	35469.645
69165	35492.895
25386	35501.957
59891	35485.97
75565	35461.098
77379	35423.06
69523	35377.277
26221	35336.68
59912	35293.63
75966	35264.684
77699	35244.074
69933	35234.54
26614	35246.098
59923	35267.816
76078	35312.066
77651	35368.582
69775	35434.164
26644	35511.703
59776	35582.453
76544	35651.453
77706	35702.69
69996	35729.984
26329	35738.07
59568	35714.902
76746	35676.99
77774	35623.29
69440	35564.19
25793	35519.258
59234	35486.816
76871	35487.504
77612	35516.656
69293	35573.12
25578	35658.84
58626	35751.64
76408	35851.586
78158	35937.03
70223	35996.496
25591	36030.64
58003	36024.34
76361	35991.637
77290	35930.09
70085	35848.46
26113	35765.93
58191	35680.535
76343	35613.414
77881	35561.832
70214	35528.074
25879	35520.16
57495	35523.31
76111	35545.883
77758	35575.137
70951	35606.12
25928	35643.7
57573	35673.062
76063	35704.43
77501	35727.67
70197	35740.305
25636	35748.984
57403	35739.766
76280	35724.5
77748	35694.97
70232	35652.066
25287	35607.45
56999	35553.477
76461	35508.082
77329	35469.086
70243	35440.254
25564	35433.27
56749	35436.14
76198	35459.23
77579	35490.16
70228	35522.266
25849	35557.832
56689	35578.953
76419	35594.23
77744	35594.45
71298	35579.695
26678	35562.4
56524	35535.344
76243	35516.277
77669	35502.367
71388	35495.77
27292	35506.484
56722	35521.902
76332	35552.47
77061	35587.652
71009	35622.938
27195	35664.625
55981	35699.094
76025	35738.02
77071	35774.36
71518	35807.293
27783	35846.523
56530	35879.87
76133	35919.23
77370	35956.12
71993	35987.566
28356	36021.184
56224	36044.3
75981	36069.617
76916	36091.266
72033	36110.285
28795	36138.207
56231	36165.547
76001	36206.34
77179	36253.543
71743	36304.383
28581	36364.87
55846	36418.996
75547	36475.04
76719	36522.25
72199	36556.297
28758	36585.324
55349	36598.13
76031	36608.633
77290	36612.402
72277	36610.242
28948	36612.832
55346	36608.598
76021	36608.508
77468	36603.32
72691	36588.49
28683	36570.723
54693	36535.938
76266	36495.746
77401	36444.87
72263	36384.613
28265	36328.6
54010	36269.53
75787	36223.223
77210	36185.832
71933	36156.93
27760	36145.137
53920	36135.883
76607	36137.254
77356	36139.203
72119	36136.67
27723	36136.906
53318	36126.844
76209	36118.527
77200	36107.445
72293	36094.008
27529	36089.996
52917	36084.75
75839	36089.938
77132	36098.12
72194	36105.086
27140	36117.16
52443	36118.82
76043	36118.348
76766	36107.613
72278	36083.87
27213	36057.805
52546	36019.332
76648	35982.57
77582	35944.777
72772	35906.863
27605	35880.746
52457	35854.92
76938	35839.58
77181	35827.38
72729	35813.387
27564	35804.8
51899	35787.363
76298	35771.008
77346	35750.586
73309	35726.168
28021	35711.477
51272	35699.5
75971	35705.766
77132	35728.51
73113	35767.676
27911	35832.926
51154	35909.133
76295	36001.14
77528	36095.28
72811	36179.89
27607	36255.676
50698	36303.082
76178	36327.566
77004	36322.13
72589	36286.79
27384	36237.367
50401	36170.62
76061	36107.65
76944	36053.285
72726	36013.707
28030	36004.55
50095	36016.027
75450	36057.13
77007	36117.613
73493	36187.51
28690	36268.246
50328	36340.004
76110	36406.375
77623	36457.426
74114	36488.6
29542	36510.215
50056	36512.78
76025	36509.266
77167	36497.664
73311	36477.723
29320	36460.527
50147	36434.81
76417	36410.586
77551	36383.203
74062	36350.406
28944	36324.04
49070	36295.062
76133	36276.85
77875	36268.695
74170	36271.113
28554	36296.19
48774	36331.566
75803	36383.883
76944	36443.36
73929	36499.59
28741	36554.6
48269	36588.688
76292	36604.863
77435	36595.004
74089	36555.336
29422	36498.582
48881	36418.266
76829	36331.18
78134	36241.164
74898	36152.63
31056	36082.04
48948	36022.484
76495	35985.184
78158	35965.23
75588	35956.45
31400	35964.844
48801	35974.367
76558	35989.004
77975	35999.676
74808	35998.625
31043	35992.297
48224	35967.31
75906	35932.016
77403	35882.8
75220	35817.69
30672	35750.445
47639	35674.73
76790	35605.254
77673	35545.082
75168	35497.09
30476	35477.016
47382	35477.32
76517	35507.906
77684	35563.227
74731	35634.453
30704	35723.87
47038	35810.91
76321	35894.848
77675	35963.336
74902	36006.28
30352	36030.547
46515	36025.31
76249	36002.734
78118	35965.234
75093	35916.434
30119	35873.848
46481	35832.293
76331	35804.324
77294	35787.76
74540	35777.195
30393	35779.496
45992	35779.355
76231	35780.863
77149	35777.35
74702	35762.51
31149	35745.727
45851	35717.008
75770	35686.094
76887	35651.336
74716	35609.555
30744	35571.324
45536	35525.54
75859	35480.043
77326	35432.023
74429	35378.75
30663	35333.207
44961	35289.2
76320	35260.367
77621	35250.355
75208	35260.473
31493	35304.402
44905	35371.93
75754	35467.15
77231	35580.28
74701	35696.97
30905	35815.92
44406	35915.05
75868	35992.727
76974	36041.164
75244	36055.05
31766	36048.344
44336	36018.207
75547	35981.6
77584	35946.055
75599	35915.438
32779	35904.69
44661	35903.926
76142	35916.387
77690	35932.6
75893	35939.18
32992	35937.277
44222	35910.09
75647	35861.492
76703	35790.86
75245	35699.676
32726	35607.566
43367	35516.125
75090	35444.043
76653	35399.855
75156	35386.203
32891	35416.438
43221	35480.047
74901	35579.47
77096	35705.758
75490	35845.914
33006	36001.113
43323	36152.98
75793	36300.875
77138	36437.11
75711	36551.63
33666	36650.094
43360	36719.098
75265	36762.367
76775	36776.473
75636	36755.785
33701	36711.688
42801	36638.555
75433	36549.273
77075	36450.87
75666	36347.84
33333	36260.055
42386	36186.19
75541	36138.08
76639	36116.344
75765	36113.074
33989	36132.285
42273	36155.758
75656	36180.125
76794	36195.45
75416	36190.094
34044	36171.035
41593	36130.37
75123	36079.363
76723	36024.375
75451	35968.195
33814	35928.17
41273	35899.582
74859	35889.83
76269	35895.277
75184	35904.348
33797	35919.35
40735	35923.223
74422	35915.94
76566	35893.3
75751	35849.91
34044	35800.07
40547	35741.316
74710	35687.465
76294	35644.98
75351	35613.133
33902	35603.5
40175	35604.633
74530	35616.83
76095	35632.19
75453	35636.95
33991	35634.742
40349	35612.883
75020	35577.69
76493	35533.473
75199	35482.125
34862	35442.508
40028	35414.965
74684	35411.754
76410	35435.293
76036	35477.387
35640	35541.2
40401	35607.793
74913	35670.633
76424	35717.824
76131	35733.8
35994	35723.47
39855	35678.867
74635	35611.133
76051	35530.824
75383	35445.45
35586	35378.84
39303	35335.367
74763	35329.586
76457	35366.273
75393	35438.61
35605	35549.82
39492	35680.867
74953	35823.24
76648	35962.97
75813	36080.156
36185	36172.85
39008	36225.074
74604	36237.355
76518	36210.4
76068	36141.793
36361	36048.176
38797	35930.426
75093	35803.484
76608	35678.58
75669	35559.184
36355	35462.91
38545	35388.168
74363	35343.656
76373	35331.535
75953	35344.06
36889	35387.168
38701	35447.242
74618	35521.94
76329	35604.76
76011	35681.406
37575	35754.71
38564	35811.87
74253	35854.086
75919	35881.07
76161	35886.457
37661	35881.617
38211	35862.1
74580	35835.125
76330	35805.613
75993	35770.08
37749	35740.324
37703	35710.88
74109	35687.19
75924	35671.914
76059	35659.01
37185	35658.15
37052	35661.637
74090	35671.895
76397	35688.35
76030	35701.344
36699	35716.477
36633	35721.67
73875	35716.26
75522	35698.734
75818	35659.85
37338	35609.227
36619	35541.668
74191	35465.035
76055	35387.184
76366	35307.53
38319	35241.645
36908	35187.35
74471	35150.598
76496	35133.695
76379	35127.09
38813	35135.523
36881	35146.438
74228	35157.355
75943	35165.625
76007	35160.746
38661	35150.53
36345	35129.08
74050	35102.297
75830	35076.08
76198	35046.78
38783	35027.066
35851	35012.652
74053	35007.7
76020	35014.87
76966	35026.125
39195	35050.25
35508	35080.34
73813	35118.83
75859	35168.535
76500	35222.105
39344	35288.26
35346	35358.91
73473	35433.57
75816	35510.043
76066	35574.938
39253	35630.566
35115	35664.5
73653	35674.35
75477	35660.812
76083	35616.83
39442	35555.547
34186	35477.965
73139	35395.254
76223	35320.035
76503	35253.957
39929	35212.953
34855	35195.04
73709	35202.945
75568	35236.938
75790	35283.484
40198	35343.895
34355	35404.184
73393	35458.754
76019	35505.04
75975	35532.055
40286	35547.31
34068	35546.273
73292	35533.348
75901	35515.812
76614	35489.7
40631	35467.395
34068	35445.85
73467	35428.082
76010	35418.445
76738	35408.89
40911	35408.113
33668	35409.918
73271	35415.09
76222	35427.08
76922	35437.93
41396	35456.125
33671	35475.88
73264	35497.414
75944	35523.203
76588	35543.57
41431	35564.895
32976	35579.824
73188	35587.164
75986	35589.516
76574	35578.2
41566	35562.1
32903	35537.19
72801	35505.848
76281	35473.895
76819	35435.246
41446	35399.82
32598	35362.85
72983	35324.26
76151	35286.902
76998	35240.805
41666	35192.918
32636	35137.21
72697	35074.625
76061	35011.69
76861	34944.34
41408	34887.492
31976	34843.28
72562	34819.254
75834	34826.305
76852	34859.93
41792	34929.6
31920	35027.293
73133	35145.62
76011	35278.895
76706	35406.145
43101	35522.535
32223	35612.05
72438	35666.27
75762	35685.723
76653	35662.844
43741	35611.484
32193	35536.875
72638	35450.55
75695	35369.555
77073	35296.12
43938	35246.082
31538	35219.246
72664	35214.97
75759	35234.53
76349	35263.08
43168	35301.156
30847	35337.27
72446	35364.793
75834	35384.82
76523	35387.113
43011	35380.117
30731	35361.324
72263	35332.355
75793	35300.547
76983	35258.88
43523	35216.824
30586	35171.367
72401	35122.242
76738	35075.996
77615	35026.25
44076	34984.35
30519	34950.098
72246	34926.11
75916	34920.777
76813	34927.004
44236	34952.22
30310	34989.895
72159	35033.605
75743	35082.74
76936	35121.74
44658	35152.703
30569	35168.023
72284	35164.63
76034	35149.85
77631	35118.684
45429	35085.145
29854	35053.08
71819	35027.29
75833	35018.527
77423	35020.47
45674	35041.082
30018	35074.93
72417	35115.848
76286	35164.676
77489	35207.363
45036	35247.633
29324	35279.895
71646	35301.3
75341	35319.027
76563	35325.91
44754	35332.15
28964	35337.027
71281	35339.535
75959	35345.77
77011	35345.625
44868	35344.934
28770	35338.535
71470	35322.18
75823	35301.39
77210	35267.73
46071	35231.06
28744	35192.492
71366	35153.652
75462	35125.586
77320	35102.996
46226	35096.14
28786	35102.938
71504	35119.25
75702	35148.24
77388	35175.836
45910	35204.242
28610	35225.32
71437	35231.54
75143	35226.906
77394	35201.027
46781	35163.004
28148	35114.164
71116	35056.94
75417	35004.527
77849	34953.99
47641	34918.543
28359	34900.617
71369	34899.684
75421	34922.758
77136	34958.016
46870	35008.91
27991	35067.812
70998	35125.734
75666	35184.363
76837	35230.324
46892	35268.664
27473	35297.246
70756	35313.95
75429	35328.742
77290	35335.01
47531	35342.47
27574	35350.363
71708	35353.953
76043	35357.938
77246	35348.6
47674	35328.402
27183	35291.645
71146	35232.13
76287	35158.105
77301	35064.637
47636	34966.906
26770	34873.977
70704	34793.582
75858	34744.434
77594	34725.176
48213	34747.312
26656	34807.957
70682	34896.207
76082	35008.34
78085	35120.336
48837	35224.383
26967	35306.055
70352	35352.016
75736	35366.266
78006	35341.37
49138	35292.01
26849	35228.508
70703	35159.465
76193	35104.98
77761	35064.85
49233	35051.227
26659	35063.535
70608	35093.062
75864	35141.094
77441	35189.867
49474	35238.543
26369	35281.258
70356	35311.23
76521	35337.43
78168	35353.418
49927	35370.156
26291	35390.4
70428	35410.094
76176	35435.598
77852	35452.19
50216	35459.39
26401	35449.223
70444	35410.08
76273	35346.95
77419	35251.15
50840	35134.727
26411	35007.367
69514	34876.754
76008	34764.61
77519	34673.207
51699	34617.094
26968	34599.758
70369	34614.27
75851	34662.938
77293	34726.23
51935	34799.117
26972	34871.26
70471	34929.395
76002	34977.832
77850	35005.914
52276	35022.062
26114	35030.8
69266	35031.184
76057	35035.605
78217	35035.83
51699	35037.9
25654	35040.164
69721	35034.008
75781	35026.332
77734	35006.74
51581	34983.19
25440	34960.312
69308	34938.445
76021	34933.15
77850	34940.02
52251	34967.84
25831	35016.047
69920	35073.71
75901	35141.027
77284	35197.05
52757	35235.785
25979	35248.03
69785	35222.13
75869	35166.77
77519	35077.21
52489	34969.88
25363	34859.594
69615	34755.95
76348	34682.8
78006	34640.977
53194	34641.938
25399	34686.066
69283	34760.086
75986	34861.773
77873	34966.742
53406	35065.68
25359	35146.62
68909	35193.574
75323	35212.15
77706	35193.35
53323	35149.105
25018	35089.926
68605	35020.15
76033	34960.367
78020	34909.516
53758	34879.14
24673	34873.07
68789	34883.164
75532	34915.51
76958	34954.496
53498	34999.527
24846	35046.703
68993	35085.2
75986	35122.945
77366	35149.504
54868	35170.94
25043	35190.523
68204	35202.9
75225	35218.844
77666	35227.945
55666	35234.1
25296	35237.684
68621	35230.293
75635	35221.273
78334	35200.72
55598	35175.836
25046	35152.145
68326	35126.863
75655	35115.004
77625	35110.504
55244	35121.223
24491	35149.64
68669	35186.105
75672	35236.613
76873	35284.902
55075	35329.008
24398	35364.402
67927	35378.75
75357	35380.395
77209	35360.027
55594	35326.523
24281	35288.457
67999	35245.926
75588	35217.5
77385	35199.598
55618	35201.594
24144	35227.105
67752	35266.81
75898	35326.805
77571	35390.69
56367	35456.316
24483	35519.812
68009	35568.34
75744	35609.414
77696	35631.85
56906	35640.707
24671	35640.344
68181	35624.8
76053	35606.445
77946	35575.62
57081	35537.023
24445	35493.03
67846	35435.37
75671	35375.914
77554	35306.773
57481	35236.555
24120	35173.86
67390	35116.98
75568	35083.043
77878	35066.555
57279	35074.363
23459	35108.453
67185	35156.168
75814	35221.16
78057	35284.094
56900	35340.758
23189	35386.348
67155	35407.418
75918	35414.086
77481	35399.043
57401	35372.867
23668	35346.633
67638	35319.996
76203	35311.383
77659	35314.625
57534	35334.63
23508	35371.137
66580	35408.89
75476	35450.785
77300	35478.24
57839	35488.67
23051	35481.996
66090	35449.465
75388	35405.96
77624	35347.668
57748	35286.938
22634	35235.22
66501	35189.594
76038	35165.094
77771	35151.58
58218	35150.445
22973	35160.484
66688	35166.547
76108	35174.637
77968	35170.625
58621	35157.04
22568	35139.29
65999	35111.906
75957	35091.707
77991	35074.11
58586	35068.22
22508	35081.344
66103	35105.355
76180	35150.887
78028	35204.816
58718	35266.9
22891	35336.31
66534	35399.19
76374	35463.74
77674	35517.34
58569	35562.117
22841	35600.688
66303	35622.676
76004	35638.918
77947	35638.01
60138	35622.215
22774	35595.113
65379	35546.95
75585	35490.66
77660	35418.58
59974	35338.64
22900	35260.88
65456	35181.848
75880	35119.492
77809	35068.684
60710	35035.656
22829	35025.848
65328	35027.656
76003	35049.188
77134	35075.29
60218	35103.594
23087	35134.12
65524	35153.9
75764	35174.246
77768	35186.527
60819	35197.36
22508	35216.473
64717	35238.168
75553	35277.996
77201	35327.715
59974	35389.566
21936	35465.113
64744	35538.19
76101	35614.223
77112	35676.555
60489	35722.562
22133	35753.703
64798	35758.0
76263	35748.965
77781	35720.496
60671	35681.125
21623	35641.816
64054	35596.875
75715	35562.12
77146	35529.484
60485	35501.33
21106	35480.56
63291	35453.55
75969	35429.297
77532	35395.965
60878	35356.44
21231	35318.22
62826	35274.797
75283	35243.707
77529	35220.664
61682	35213.246
21946	35229.71
63656	35259.02
75767	35309.8
77866	35365.312
61828	35419.535
21601	35468.395
63331	35491.598
76093	35494.37
77374	35463.477
61131	35402.633
21049	35322.59
63347	35220.97
75900	35121.383
77366	35026.062
61320	34948.938
20801	34904.586
62068	34887.008
75993	34909.098
77489	34957.844
61684	35028.87
21063	35118.562
62827	35205.18
75948	35290.934
77574	35357.74
61888	35402.613
20831	35428.87
62043	35425.984
75432	35409.848
76940	35376.688
61984	35335.797
20742	35300.594
61198	35266.465
75393	35250.777
77692	35246.734
62682	35257.45
21416	35287.754
62113	35322.74
75420	35370.043
76939	35414.58
62244	35453.406
21383	35488.68
62023	35505.977
75511	35517.06
77028	35513.44
62346	35500.215
20698	35487.414
61209	35467.164
76069	35455.543
77300	35445.84
62571	35441.496
21268	35448.297
61599	35452.832
75454	35465.27
77389	35473.52
63019	35477.906
21021	35484.234
60941	35481.445
75524	35484.008
77555	35484.977
63003	35489.137
21169	35504.914
61701	35520.285
75410	35545.77
77376	35567.508
63118	35581.688
21436	35588.523
61507	35570.477
75452	35536.92
77004	35478.086
63401	35399.37
21555	35314.62
61404	35221.824
75991	35144.72
77666	35084.5
64351	35050.84
22073	35054.66
61587	35082.812
75791	35141.977
76912	35212.418
63681	35282.754
21769	35346.15
61122	35378.348
75538	35383.797
76863	35349.848
63764	35280.207
21610	35189.035
61004	35075.043
75695	34964.047
77473	34859.598
63958	34774.316
21394	34722.727
60256	34695.777
75024	34705.68
76580	34739.043
64279	34791.05
21567	34861.688
60517	34931.926
75815	35009.38
77432	35080.95
64667	35145.582
21490	35208.695
60362	35256.45
75519	35299.613
76864	35325.9
64221	35332.914
21336	35324.348
59994	35285.348
76160	35228.348
77402	35147.113
65083	35049.355
21391	34952.17
59528	34854.844
75550	34782.09
77224	34734.992
64756	34721.066
21031	34748.77
59044	34800.348
75861	34877.816
77569	34957.58
64567	35024.785
20808	35071.95
58868	35075.93
75643	35045.418
77431	34974.418
65353	34874.242
21404	34768.184
58945	34661.836
75234	34585.61
76847	34543.68
65458	34543.703
21826	34592.13
58987	34667.766
75837	34768.82
77326	34868.883
65553	34951.39
21931	35010.316
59383	35025.516
76009	35009.86
76893	34961.33
65719	34892.527
21336	34825.97
58241	34763.24
75386	34727.914
76538	34716.562
65488	34729.12
20935	34767.63
57588	34809.965
75339	34858.035
77051	34893.625
65860	34911.695
21239	34919.113
57751	34906.266
75724	34892.574
77522	34877.44
65917	34868.496
21823	34877.89
58321	34893.14
75607	34923.61
77516	34954.36
65953	34978.715
21565	34998.492
57573	34997.49
75634	34989.688
77145	34971.992
66559	34953.168
21612	34951.473
57661	34962.465
75884	35004.0
77418	35067.92
66107	35149.426
21046	35246.79
56563	35333.934
74963	35410.5
77031	35457.062
65877	35467.73
20998	35450.203
56958	35396.562
75294	35329.55
77344	35252.727
66744	35178.043
21129	35123.426
55846	35080.78
74813	35062.66
76421	35056.33
66850	35054.215
21774	35056.91
56611	35045.05
75800	35028.266
76878	34999.26
66741	34962.54
21818	34933.668
56764	34907.22
75991	34902.34
77000	34914.195
67254	34941.406
21361	34987.938
55848	35032.98
75735	35080.5
76912	35114.92
66911	35130.72
21828	35135.12
55767	35117.645
75119	35096.938
76754	35072.38
67508	35050.664
21941	35045.285
55644	35044.66
75248	35059.117
76359	35075.375
67873	35085.207
22458	35090.19
55436	35072.27
75879	35042.18
77143	34994.41
67760	34934.42
22288	34879.51
55124	34825.945
75529	34793.85
77077	34780.254
68648	34784.49
22581	34811.92
55064	34842.926
75409	34882.07
76847	34914.31
68252	34934.047
22733	34949.137
54986	34949.918
75819	34955.234
77277	34965.42
68520	34986.805
22843	35032.62
54538	35089.53
75646	35164.13
77081	35238.62
68699	35298.105
22667	35337.18
53981	35331.055
75476	35285.09
76889	35192.0
68516	35058.54
22582	34908.164
54443	34746.848
75696	34607.28
77013	34500.76
67978	34439.758
22215	34439.293
54317	34483.95
75963	34576.117
76928	34693.137
68668	34815.15
22194	34933.758
53339	35021.965
75728	35083.484
76964	35109.918
68907	35104.992
22409	35087.613
53600	35056.39
75823	35034.715
77302	35023.684
68561	35025.35
22702	35046.703
53236	35068.25
75632	35092.633
77020	35102.582
69464	35088.55
22842	35055.4
53060	34990.453
75783	34910.867
76929	34818.645
69216	34723.316
22968	34644.848
52527	34578.508
74886	34540.496
76398	34523.652
69184	34522.03
23624	34537.67
52928	34549.715
75645	34563.137
76599	34567.21
69679	34560.02
23829	34554.574
52584	34544.594
75503	34549.44
76969	34569.234
69999	34606.555
23538	34671.168
51839	34746.027
75496	34834.453
77268	34918.89
69756	34986.492
23293	35036.8
51361	35050.92
75272	35038.523
76522	34996.426
69809	34930.098
23751	34859.188
51359	34781.81
75562	34719.113
76816	34671.94
69948	34641.883
24142	34638.156
52043	34644.844
74971	34668.74
76458	34697.855
69736	34725.703
23646	34758.883
50904	34783.99
75259	34813.047
76216	34841.75
70043	34869.42
24504	34906.316
51256	34939.152
75861	34976.992
76627	35010.508
70964	35033.61
25041	35052.926
50334	35054.926
74868	35051.723
76592	35040.28
70434	35022.9
24551	35014.39
50325	35007.344
75173	35016.11
76436	35035.51
70710	35060.97
24460	35097.652
49511	35127.28
75254	35154.367
76468	35167.793
70643	35161.68
25168	35144.875
49594	35107.3
75176	35064.066
76851	35015.406
71014	34964.94
24891	34927.58
48632	34894.836
74613	34878.594
76308	34872.164
70396	34870.27
24659	34878.945
49184	34881.84
75097	34886.492
76438	34885.34
71038	34874.906
25483	34865.71
49144	34847.13
75383	34832.105
76468	34817.53
70994	34802.336
25956	34797.188
48820	34790.79
75246	34793.766
76399	34800.734
71089	34808.395
25970	34825.855
48643	34840.92
75128	34863.395
76499	34887.0
71497	34907.473
25825	34932.332
48436	34947.277
75624	34959.836
76464	34962.617
71009	34950.72
25125	34933.22
47589	34898.734
74055	34860.117
75698	34816.113
71001	34768.527
25458	34732.74
47771	34702.434
75035	34692.76
75866	34702.145
71024	34728.562
25798	34780.293
47368	34841.92
75020	34917.68
76682	34994.895
72006	35061.957
26392	35120.207
47463	35150.68
74861	35158.64
76609	35137.355
72124	35084.94
26738	35016.24
47157	34927.527
74877	34839.02
76249	34757.25
71639	34689.035
26343	34652.312
46743	34639.785
75157	34661.22
76308	34707.508
71834	34766.44
26006	34836.83
46011	34894.594
74938	34938.37
76153	34955.863
71283	34939.68
25701	34901.434
45681	34836.16
74930	34764.04
76192	34693.95
71537	34635.55
26616	34609.61
46109	34611.562
75206	34652.652
76486	34724.945
72741	34815.617
27668	34922.08
45531	35018.547
74958	35100.266
76624	35152.207
72566	35163.47
27799	35142.19
45799	35080.85
74886	34997.152
76196	34899.16
72781	34796.156
27828	34711.24
45699	34643.7
74854	34610.117
76319	34609.39
72813	34635.176
27909	34690.8
45087	34754.82
74456	34824.246
75759	34883.117
72686	34916.37
28094	34926.29
44610	34898.61
74793	34843.797
76474	34764.887
72593	34668.277
27786	34576.95
44647	34493.29
74449	34438.418
76079	34417.82
72829	34430.92
28576	34486.035
44354	34565.14
74376	34665.934
75943	34771.363
73294	34863.246
28991	34939.914
44441	34983.363
74908	35000.133
76506	34990.215
72954	34957.195
28518	34921.98
44168	34885.098
74669	34865.043
75995	34864.785
72373	34880.633
28446	34918.164
43502	34957.727
74326	34996.418
75980	35019.15
72958	35011.094
29241	34975.637
43351	34901.156
74881	34800.07
76234	34678.6
72764	34544.4
28396	34421.195
42954	34311.04
74156	34232.68
75482	34190.152
72381	34180.953
27957	34213.207
42778	34270.836
74543	34354.44
76199	34452.715
72607	34552.582
28354	34656.164
42482	34746.41
74583	34826.152
76448	34889.766
73076	34930.703
28607	34958.77
42038	34964.18
74332	34956.71
76556	34937.137
73308	34904.598
28578	34873.355
41868	34836.555
74186	34804.79
75456	34777.375
72289	34748.547
28086	34725.617
41296	34694.16
74763	34657.08
76589	34609.066
73060	34543.562
27271	34472.594
40627	34390.355
74669	34312.27
76146	34246.984
73217	34200.016
29405	34190.504
41246	34214.004
74304	34278.63
76290	34377.676
74133	34496.523
31063	34631.887
41712	34759.137
74148	34872.004
76038	34958.65
74258	35008.273
31681	35031.4
41785	35023.992
74354	35002.51
76046	34976.438
74613	34950.082
33061	34940.203
41815	34939.94
74199	34954.027
75544	34975.293
74664	34989.65
33497	34998.258
41668	34985.6
74074	34955.992
75712	34909.98
74495	34847.805
33171	34787.883
40869	34730.3
73744	34689.816
75622	34670.16
74429	34665.656
32623	34682.14
40388	34703.035
74079	34725.863
76193	34741.78
74230	34740.043
32803	34729.367
40004	34704.586
73815	34679.7
75813	34664.074
74656	34661.184
33306	34687.39
39611	34735.64
73953	34807.945
75736	34894.016
74502	34974.176
33107	35042.83
39433	35077.375
74299	35074.152
75825	35030.113
74729	34943.633
33478	34835.938
38450	34714.88
73588	34604.11
75818	34520.18
74083	34469.17
32815	34465.883
38148	34498.75
73778	34562.55
75751	34641.375
73988	34710.664
32261	34762.51
37706	34774.58
74082	34745.09
76074	34674.816
74516	34565.625
32488	34441.55
37161	34311.305
73794	34197.613
76201	34115.27
74508	34067.973
32516	34068.906
36582	34106.207
73515	34175.88
75669	34265.617
74919	34354.832
33987	34440.176
37817	34502.883
74138	34541.42
76209	34554.14
75148	34536.547
36077	34502.547
38797	34450.55
73982	34392.047
76232	34332.844
76327	34269.94
36411	34214.6
37936	34159.3
74297	34107.977
75988	34060.78
74688	34011.344
34028	33970.562
36379	33933.16
73807	33907.35
75857	33898.42
74960	33903.83
34884	33936.246
37506	33989.035
73759	34066.11
75717	34165.38
75160	34274.76
36183	34397.03
37853	34517.4
73764	34633.85
75577	34741.74
74529	34830.465
35108	34907.824
35893	34967.156
73573	35015.023
75878	35056.645
75043	35089.645
33018	35128.35
34189	35167.97
73618	35213.34
75983	35265.56
74238	35315.32
31921	35368.2
33706	35410.76
73437	35440.91
75955	35455.594
73963	35444.977
31454	35418.293
33235	35368.816
73535	35303.82
75574	35230.98
74051	35150.555
31453	35079.65
32578	35016.31
73264	34967.754
75751	34937.855
74034	34919.082
31215	34918.645
31929	34923.79
73203	34931.953
75896	34940.402
74265	34938.625
31388	34934.99
31713	34922.277
72919	34905.598
75579	34890.836
73613	34875.297
31373	34872.324
31564	34875.887
72938	34887.97
75492	34908.227
74196	34924.844
31967	34941.754
31185	34944.883
72493	34931.168
75138	34899.734
73582	34842.86
31529	34772.68
31201	34686.582
72635	34593.934
75454	34505.26
73678	34421.414
31937	34358.85
31809	34314.29
72699	34291.688
75496	34292.293
74529	34304.85
32634	34333.344
31862	34363.27
73054	34389.594
75808	34409.09
74354	34410.055
33025	34400.406
31715	34373.844
72436	34336.73
75264	34298.703
74126	34261.47
33928	34245.254
32179	34253.68
72856	34298.76
75730	34390.32
74243	34524.082
34344	34707.375
32319	34925.45
72711	35166.938
75289	35416.633
74968	35645.492
35494	35840.91
32638	35976.395
73023	36039.37
75807	36025.64
75721	35928.957
38033	35768.914
33664	35558.293
72884	35324.35
75457	35097.91
75854	34897.56
40036	34753.992
34824	34675.69
73068	34669.77
75913	34734.156
76326	34846.832
44407	34994.91
38211	35149.44
73453	35290.402
75564	35400.867
77043	35458.1
50027	35461.957
43596	35408.234
74574	35307.598
75822	35174.332
76777	35013.527
78012	34838.023
77513	34656.055
76401	34488.297
76040	34340.84
77463	34207.805
78669	34088.465
77802	33977.195
76918	33882.395
76678	33801.55
77542	33723.87
78768	33647.074
78079	33566.586
76804	33493.367
76601	33428.812
77721	33365.914
78824	33305.766
78396	33246.152
77259	33199.113
76916	33166.316
77943	33139.016
79098	33115.23
78019	33088.58
77013	33066.13
77088	33045.113
78096	33013.844
69669	32972.24
55151	32918.98
75414	32860.445
76438	32803.812
77283	32745.86
47793	32698.914
35915	32663.113
73083	32640.217
75975	32632.713
75529	32627.354
37245	32625.754
28460	32614.283
71941	32585.064
75501	32539.072
74768	32468.205
35264	32386.574
25762	32297.543
70940	32210.846
75614	32142.82
75121	32094.113
35307	32079.29
25105	32092.924
71028	32128.455
75731	32182.86
75131	32237.844
34295	32293.787
22374	32339.484
69767	32370.13
75504	32392.393
74514	32401.848
33983	32412.568
21257	32423.37
68504	32432.555
75308	32442.404
74839	32438.906
34094	32425.389
17053	32393.521
59407	32341.383
73403	32277.266
74643	32203.557
33796	32144.764
7670	32115.268
36703	32128.705
69877	32188.303
74068	32283.545
33203	32411.584
1544	32552.225
22365	32684.732
67495	32782.72
74685	32828.043
33184	32832.098
-266	32810.45
14966	32792.816
65111	32804.484
74878	32870.98
33439	33024.688
-279	33270.918
14759	33597.484
65278	33962.566
75211	34312.496
33671	34608.414
-248	34811.434
14631	34908.004
65247	34904.824
74814	34844.418
33758	34817.625
-256	34925.695
14539	35277.113
65398	35954.566
75074	37009.867
34009	38465.266
-196	40280.133
14343	42365.082
64625	44579.883
74338	46762.92
33826	48768.484
-257	50462.36
13932	51752.367
64389	52587.574
68994	52974.363
18758	52987.047
-1084	52721.855
13566	52304.87
63738	51852.02
50485	51469.484
3650	51245.53
-1207	51215.0
13516	51388.332
63323	51727.42
74728	52167.766
36824	52646.34
22382	53080.996
70004	53394.742
76138	53530.555
77056	53429.37
47691	53065.523
34860	52419.57
73329	51491.81
76353	50304.824
77624	48878.633
53894	47262.184
38109	45508.332
73545	43681.156
77125	41856.637
78271	40094.33
51869	38465.195
33928	37021.207
72533	35799.863
76815	34827.414
78051	34093.293
47711	33585.96
29687	33270.15
71476	33102.027
75757	33043.926
77124	33043.734
43089	33075.004
27093	33109.812
71620	33131.28
76020	33141.0
76248	33128.914
41854	33106.023
25891	33072.516
71236	33028.195
76220	32981.52
77001	32922.83
41765	32861.36
25142	32796.477
70881	32728.996
75978	32669.701
76639	32609.082
41129	32549.77
22882	32473.857
70148	32352.086
76553	32155.45
76468	31831.082
40194	31343.518
21192	30653.934
69474	29738.363
76130	28607.361
76139	27281.625
40320	25826.545
20385	24318.041
68966	22840.914
75901	21489.877
75991	20326.74
40535	19404.057
21590	18729.973
69743	18276.488
76003	17999.312
76046	17820.49
40930	17678.768
20294	17516.373
68970	17298.861
75758	17035.941
76143	16749.58
40294	16500.33
18149	16344.358
66972	16322.898
75462	16464.176
76238	16744.133
40029	17120.748
16005	17514.922
63043	17832.283
74918	18001.31
76093	17965.58
40401	17731.406
12834	17347.436
54536	16899.535
73380	16508.084
76237	16277.671
40381	16295.934
7729	16583.555
37302	17080.074
69603	17654.465
75993	18112.893
40106	18253.87
5379	17892.902
32589	16896.92
69284	15241.496
76326	13036.578
40660	10525.7
10314	8048.3975
48573	5984.0405
72097	4719.28
75798	4576.5938
41213	5763.2065
18526	8319.329
67796	12096.416
75976	16807.752
76947	22050.15
43313	27374.842
19567	32341.127
68913	36568.566
77029	39819.5
77524	42003.555
43430	43186.348
18472	43549.246
67899	43332.97
76413	42819.848
76332	42261.81
42623	41850.23
17618	41679.02
66958	41733.492
76312	41945.176
76976	42186.86
42753	42334.832
17096	42281.004
66463	41957.383
75969	41373.92
76945	40579.332
43542	39679.5
17946	38788.973
67137	38008.07
75971	37422.63
76952	37055.926
44192	36903.215
19363	36913.484
68351	37007.523
76450	37117.11
76824	37166.688
44594	37123.727
19666	36978.54
67662	36744.754
76221	36471.043
76979	36192.668
44964	35957.164
18870	35788.996
67562	35686.652
76501	35644.863
76965	35622.605
44956	35590.887
17762	35517.96
66704	35377.84
76064	35177.742
76963	34920.566
44723	34639.938
17569	34369.31
66691	34134.902
76125	33972.582
76548	33886.07
44969	33878.53
17569	33935.434
66611	34026.547
76416	34137.125
77098	34238.54
45040	34311.89
17222	34344.34
66538	34323.777
76500	34264.047
77007	34170.273
45118	34046.848
17315	33897.94
66398	33720.285
76485	33528.766
77311	33327.18
45806	33114.75
17537	32892.53
66332	32656.4
76019	32421.14
76578	32188.379
45909	31949.719
18017	31692.02
66654	31390.19
76163	31033.65
77069	30598.809
46881	30058.365
19336	29393.209
67461	28589.855
76143	27669.625
77106	26659.934
47726	25599.387
20439	24542.52
68041	23548.16
76040	22698.617
76745	22061.828
48281	21689.982
20778	21621.297
67853	21868.014
76141	22439.295
77519	23310.613
48725	24430.52
21027	25733.316
67603	27140.264
75675	28580.207
77726	29976.686
49165	31254.105
20829	32359.953
67710	33253.176
76174	33920.64
77151	34365.203
48982	34602.16
21323	34662.168
67479	34581.066
75907	34415.266
77463	34196.97
49239	33968.965
21171	33759.67
67669	33577.125
76064	33436.938
76955	33327.547
49500	33247.52
21175	33189.027
67698	33133.504
75638	33086.234
77527	33038.445
50350	33000.656
21343	32982.016
67731	32981.23
76216	33016.246
77718	33081.582
50486	33182.254
21038	33313.6
67668	33456.332
75874	33608.69
77290	33747.16
50536	33866.062
21006	33958.277
67386	34012.566
75963	34040.914
77789	34037.688
51584	34015.863
21595	33984.67
67404	33942.84
75701	33905.082
77208	33861.266
51636	33814.836
21714	33763.434
67178	33695.887
75941	33620.82
77293	33527.723
51666	33425.31
21886	33321.2
66908	33216.137
75800	33130.05
77423	33059.0
53449	33011.926
23054	32991.152
67696	32986.28
75999	33002.895
77539	33021.66
55283	33038.637
23779	33049.76
67416	33044.3
75568	33034.395
77424	33011.824
55942	32986.074
24439	32965.508
67694	32948.26
76014	32948.94
77605	32956.06
56166	32970.348
24194	32988.74
67084	32997.36
76072	33002.67
77167	32990.492
55414	32965.516
23651	32934.746
66497	32899.07
75525	32881.207
76879	32880.504
55136	32909.23
23474	32974.336
66907	33068.24
75316	33198.617
76888	33345.4
55123	33499.156
23123	33649.098
66620	33775.684
74646	33884.105
76614	33962.203
55164	34012.53
22839	34042.508
66413	34051.805
75458	34062.156
77110	34076.977
56000	34099.527
23181	34132.43
66588	34165.082
75381	34205.855
77206	34245.277
57011	34274.23
23556	34289.727
66647	34281.996
75674	34266.266
77288	34239.99
57344	34209.46
23334	34183.664
66051	34160.473
75816	34155.605
77191	34158.12
56439	34168.85
22664	34185.66
65992	34194.22
75461	34201.94
77134	34194.02
56285	34173.75
22195	34147.332
65844	34112.516
75617	34090.234
76864	34077.434
55518	34083.91
21172	34116.04
65322	34163.93
75652	34234.914
77126	34308.6
54498	34377.26
19768	34432.637
64595	34456.87
75294	34458.16
76611	34425.926
53870	34369.73
19143	34303.18
64273	34230.516
75252	34178.46
77096	34147.258
54439	34147.707
19451	34183.934
64204	34241.562
75127	34322.76
77223	34402.26
55788	34468.957
19614	34513.973
64156	34520.06
75478	34498.26
77208	34443.113
55782	34369.723
19224	34297.504
63576	34234.098
75121	34207.93
76593	34219.266
55373	34276.418
19331	34381.14
63817	34515.34
75184	34679.164
76753	34846.426
55714	35005.715
19211	35149.473
63804	35261.66
75434	35354.68
76646	35421.863
55727	35473.984
19114	35523.92
63008	35569.797
74709	35629.223
76541	35691.336
56386	35754.613
19050	35815.113
62801	35853.27
75224	35872.84
77446	35855.977
56529	35803.37
19004	35721.95
62589	35609.72
75374	35490.81
76823	35367.363
57313	35254.08
19370	35164.46
62728	35093.63
74980	35054.637
76718	35031.9
57153	35020.234
19386	35014.832
62599	34997.31
75190	34974.863
77143	34934.633
57826	34881.883
19489	34827.227
62360	34769.586
74794	34731.29
76715	34710.223
58662	34715.145
19685	34753.66
62248	34814.51
75379	34905.645
77309	35009.316
58134	35120.1
18861	35234.527
61858	35334.586
75058	35426.97
76906	35497.348
58158	35546.766
18302	35579.848
61784	35586.902
75284	35581.926
76198	35556.902
57034	35517.203
17631	35470.19
61242	35408.133
75388	35346.887
76803	35279.703
57378	35212.965
17594	35154.688
61125	35096.06
75009	35050.11
76623	35005.68
58141	34963.117
17581	34923.85
60761	34872.66
75568	34817.383
76305	34744.395
58242	34653.918
17371	34551.14
60591	34426.57
75516	34296.0
77064	34154.43
57745	34011.42
16707	33879.168
59983	33753.54
75284	33653.566
76727	33574.973
58406	33524.91
17118	33511.766
60390	33525.008
76059	33575.445
77247	33649.066
58729	33742.14
17426	33851.562
60642	33955.69
76116	34056.31
77288	34133.316
59076	34181.402
17683	34201.375
60670	34181.035
75470	34136.797
76949	34066.668
59186	33984.117
18108	33907.234
60607	33836.41
75389	33793.684
76994	33774.7
60144	33782.414
18756	33818.484
60868	33863.21
75575	33918.195
76929	33962.508
60452	33988.688
19220	33996.668
60901	33973.21
75230	33934.36
76711	33878.09
60397	33817.047
19262	33768.734
60608	33730.836
75673	33723.0
77337	33738.438
61126	33777.703
19423	33841.363
60463	33908.527
75227	33982.188
77466	34044.035
61569	34089.676
19628	34122.4
60333	34130.09
74730	34129.043
76274	34115.746
60961	34098.586
19313	34090.27
60478	34083.066
75310	34091.957
77067	34107.824
60720	34131.023
18727	34164.926
59721	34194.01
75367	34227.918
77334	34255.64
61208	34279.094
18924	34305.457
59774	34323.63
75018	34347.156
76855	34366.867
61177	34383.824
18894	34402.06
59559	34405.613
75145	34403.016
76798	34381.332
61326	34339.934
18663	34284.977
59252	34205.426
75096	34117.746
76972	34018.047
62003	33914.664
19048	33821.043
59381	33730.152
75526	33658.92
76920	33600.707
62096	33557.664
19421	33535.586
59143	33519.492
74798	33519.46
76191	33523.926
63031	33531.86
20300	33548.836
59338	33561.562
74839	33582.137
77208	33600.434
62942	33616.676
20102	33635.71
59108	33642.484
74973	33646.77
76233	33636.703
63088	33611.566
19701	33578.332
57952	33526.824
75063	33473.938
76712	33417.05
62752	33365.305
19052	33334.2
58189	33319.17
75156	33338.637
76746	33385.684
62331	33459.95
18373	33563.074
58189	33673.79
75318	33793.688
76148	33901.61
61168	33987.832
17241	34050.98
57090	34074.625
75078	34072.113
76059	34040.062
61039	33989.355
17209	33939.176
56606	33889.742
75346	33865.344
76671	33865.332
61809	33894.53
17229	33958.832
56276	34039.348
75505	34138.98
76833	34237.1
62333	34323.16
17939	34394.992
57735	34434.15
75612	34452.57
76528	34445.086
62435	34420.125
17486	34395.234
56306	34368.066
75316	34360.39
76505	34369.527
62773	34398.023
17950	34451.312
56071	34510.688
75188	34580.19
76821	34641.574
62956	34686.74
18406	34716.543
56459	34714.64
74773	34693.91
76305	34649.08
62643	34586.535
18217	34520.84
56523	34446.83
74726	34384.223
76452	34329.56
63388	34286.297
18386	34263.555
56237	34247.836
75610	34250.14
76563	34259.387
63377	34272.89
18416	34294.902
55915	34309.066
75163	34324.71
76448	34330.535
63493	34324.45
18504	34312.86
56011	34282.824
75231	34248.953
76581	34206.55
63859	34161.08
18546	34126.742
55801	34096.375
74949	34088.24
76391	34097.355
64324	34124.066
18840	34173.48
55446	34226.914
74796	34289.695
76495	34345.312
64279	34386.664
19303	34417.277
55811	34423.344
75388	34421.164
77354	34409.094
65019	34395.95
19528	34399.08
55656	34412.934
74716	34454.285
76517	34513.664
64514	34584.85
19217	34665.957
55534	34731.94
75240	34783.793
76606	34803.836
64414	34786.906
19456	34741.766
55566	34661.63
75056	34570.703
76367	34474.08
65205	34384.17
20146	34319.875
55771	34273.855
75749	34259.395
77120	34263.06
65573	34274.324
20426	34289.2
55694	34282.71
75333	34258.23
76868	34201.85
65509	34111.93
19939	34000.586
54899	33862.617
74917	33721.19
76225	33579.066
65671	33444.902
19720	33335.027
54624	33241.777
74972	33181.133
76466	33146.28
66018	33135.945
19703	33157.914
54328	33197.625
75336	33265.867
77068	33351.484
65701	33449.066
19653	33560.477
54059	33664.473
74733	33764.586
76452	33843.812
65949	33893.79
19809	33918.69
54218	33904.99
75023	33869.793
76456	33813.883
65969	33747.637
19416	33692.008
53503	33644.457
75149	33624.77
76464	33627.97
65530	33650.6
19289	33694.207
53294	33735.418
75426	33775.883
76583	33799.562
65627	33800.695
19031	33788.06
52728	33753.387
75253	33717.742
76261	33684.668
65071	33663.312
18716	33669.332
52349	33691.734
74997	33740.13
76104	33800.098
65431	33860.62
18742	33919.734
52021	33955.008
75436	33973.137
76230	33966.79
65964	33939.453
18974	33908.285
52119	33870.023
75303	33846.195
76623	33836.316
66453	33841.52
19431	33868.355
52479	33897.332
75263	33932.133
76288	33957.203
66138	33964.97
19529	33961.86
51890	33936.89
75434	33908.887
76531	33880.773
66525	33862.105
20155	33871.207
52150	33900.656
75616	33963.37
76216	34047.984
66616	34143.805
20159	34247.348
51499	34332.434
75152	34399.504
76176	34433.945
66319	34431.11
19947	34402.164
51031	34340.51
74813	34267.85
76394	34188.656
67761	34112.26
20766	34057.445
51347	34017.402
75006	34007.68
76791	34022.69
68248	34059.83
21268	34125.484
51033	34202.97
74753	34299.473
75661	34403.35
67966	34506.7
21368	34612.23
50735	34699.277
75328	34771.785
76593	34816.684
68022	34826.793
21428	34808.773
50760	34750.734
74947	34669.37
76708	34566.863
68323	34452.43
21463	34347.793
50497	34251.79
75047	34185.37
76153	34147.375
68321	34136.223
21843	34157.383
51410	34190.33
75053	34237.305
76391	34281.67
68357	34312.445
21471	34333.21
49432	34329.41
74568	34313.883
76339	34284.824
68370	34245.76
21656	34212.33
49682	34177.26
74961	34155.344
76120	34141.37
68300	34131.188
21700	34130.984
49443	34124.367
75034	34119.35
76416	34107.3
69117	34084.867
22184	34062.477
49063	34029.664
74731	34000.47
76139	33971.42
68615	33941.383
21789	33920.125
48819	33893.965
74363	33872.043
75931	33845.617
69564	33808.79
21684	33769.297
48393	33713.82
75316	33654.293
77061	33587.934
69173	33516.9
21636	33456.652
48553	33400.996
75167	33367.055
76571	33354.008
69205	33362.45
22329	33402.477
47924	33459.395
74216	33539.156
76150	33628.7
69296	33716.023
22674	33801.426
48206	33864.117
75039	33908.88
76580	33927.527
69361	33918.66
23169	33897.17
48532	33859.484
75525	33827.09
76658	33805.332
69945	33799.926
23331	33825.332
48428	33868.902
74978	33935.914
76099	34010.676
69668	34076.75
23161	34130.035
47349	34146.63
74446	34130.3
76127	34075.457
69619	33985.7
23005	33883.668
46891	33774.402
74553	33686.82
76119	33632.438
69668	33619.703
22651	33662.49
46856	33744.59
74744	33865.16
76387	34002.23
69926	34133.656
22374	34251.09
45764	34328.41
74539	34368.504
76142	34366.785
69548	34327.566
22251	34273.516
45641	34207.75
74568	34154.99
75824	34121.805
69361	34110.977
22200	34132.52
45073	34168.707
74510	34220.074
76006	34271.47
69721	34310.062
22210	34339.6
44653	34346.074
74656	34341.633
76082	34327.805
70042	34309.145
22308	34303.086
44082	34302.53
74290	34318.293
75463	34343.1
69159	34366.88
22464	34390.703
44150	34393.46
74381	34377.707
75940	34335.91
70403	34266.035
23369	34184.62
44653	34089.863
74082	34004.27
75581	33935.984
70199	33891.44
23518	33886.38
45081	33909.55
74470	33965.863
75429	34041.805
69953	34121.117
23358	34200.242
43729	34255.18
73528	34286.527
76301	34285.363
70171	34248.945
23274	34192.844
43452	34114.516
73984	34035.125
75681	33962.746
70630	33904.133
23655	33877.184
43646	33874.258
73932	33904.46
76201	33959.44
70737	34027.58
24431	34109.082
43946	34182.05
74110	34246.14
75893	34289.69
71031	34303.445
24916	34296.016
43801	34258.242
73615	34205.12
75984	34140.76
71478	34070.65
25221	34015.12
44009	33972.24
74543	33958.977
76194	33976.562
70929	34021.863
25493	34102.51
44174	34201.12
74588	34318.457
76245	34440.207
71668	34550.58
30369	34647.645
53478	34710.523
73886	34745.61
75386	34746.035
71475	34708.56
26123	34647.94
43113	34560.395
73795	34463.703
75743	34363.6
71044	34263.957
25523	34181.56
43179	34109.8
74073	34059.727
76033	34027.89
71613	34007.59
26503	34005.465
43581	34006.42
74004	34015.145
75954	34024.527
71397	34026.508
26286	34028.11
42559	34016.19
73847	33997.65
76041	33968.355
71828	33923.363
26193	33873.38
42553	33809.0
73966	33741.902
75708	33673.367
72058	33603.39
26738	33546.91
42879	33497.25
74791	33465.97
76344	33451.953
71983	33449.46
26892	33465.55
42184	33484.066
74110	33507.125
75858	33526.06
72517	33530.227
26961	33526.008
41776	33500.965
74146	33464.008
76004	33415.98
72264	33357.016
26729	33303.37
41727	33250.76
74619	33213.457
76261	33194.727
72011	33193.49
26553	33222.074
40843	33269.586
73376	33341.63
75785	33430.96
71948	33525.77
26584	33627.305
41013	33714.54
74109	33784.94
75502	33827.707
71767	33831.156
26866	33802.855
40933	33734.715
74134	33642.004
75866	33535.23
71613	33424.133
27031	33334.152
40575	33267.992
73918	33241.633
75956	33255.457
72001	33299.285
27224	33372.27
40831	33448.836
74039	33521.184
76273	33575.19
72838	33598.89
27686	33603.36
40303	33586.637
73981	33570.305
75813	33569.34
72254	33592.65
27204	33658.5
39331	33754.938
73405	33877.965
75448	34006.426
72746	34109.918
27505	34175.188
39294	34175.78
73830	34115.25
75612	34004.145
72115	33863.926
27148	33743.445
38954	33675.9
73681	33707.883
75569	33865.477
72183	34150.348
27178	34556.008
38319	35032.465
73613	35528.273
75481	35975.28
72553	36302.375
27821	36467.734
38233	36432.566
73398	36203.098
75399	35807.754
72872	35294.52
28190	34743.56
38320	34218.895
73340	33792.734
76024	33511.105
73386	33389.426
28720	33431.215
38821	33594.824
73578	33837.277
75660	34100.926
72780	34325.82
28614	34480.426
38791	34532.047
73643	34485.863
75540	34359.77
73044	34180.344
29367	33996.867
38560	33837.68
73464	33738.535
75743	33715.105
72691	33762.18
29013	33876.59
38488	34025.223
74114	34186.363
76437	34332.72
73281	34436.832
29630	34496.33
38249	34499.703
72886	34460.832
75026	34393.72
73593	34309.266
30192	34234.668
38188	34174.324
73565	34142.46
75417	34141.086
73439	34159.24
30298	34198.2
37854	34237.285
72968	34270.98
75705	34289.312
73331	34278.71
30031	34246.234
37471	34183.938
73777	34102.848
75828	34011.758
73523	33913.715
30115	33828.9
36770	33757.152
72901	33710.34
75790	33691.668
73558	33693.387
29939	33720.832
36523	33757.004
73241	33798.18
75888	33835.703
73843	33855.61
30161	33864.117
36160	33852.324
72721	33830.113
75374	33805.902
73288	33782.977
30304	33781.113
36415	33798.465
72366	33843.42
75333	33914.246
73379	33996.867
30490	34088.973
35956	34167.785
72601	34224.914
75736	34250.484
73608	34232.125
30989	34180.383
36073	34093.12
72951	33987.145
75959	33877.766
73585	33772.72
30765	33693.516
35411	33638.66
72846	33614.387
75591	33617.58
73576	33633.074
30748	33659.926
34984	33678.715
73038	33685.207
75153	33675.82
73471	33643.34
31164	33601.055
34972	33546.973
73108	33493.375
75271	33449.46
73449	33414.1
31174	33400.2
34940	33399.746
72737	33414.92
75196	33443.633
73626	33475.094
31450	33516.043
34600	33556.805
72406	33600.836
75195	33648.16
73479	33695.445
31236	33753.035
34462	33811.438
72478	33872.055
74899	33932.56
73678	33980.91
31623	34022.023
34283	34044.09
72525	34049.64
75235	34041.547
74387	34016.387
32154	33989.97
33991	33961.195
72544	33940.41
75439	33934.703
73893	33939.984
32411	33965.723
34243	34001.2
72788	34044.867
75448	34092.64
73759	34131.19
32574	34164.973
33574	34183.027
71981	34188.176
74979	34183.91
73829	34166.05
32369	34148.445
33494	34127.33
71880	34109.82
75008	34100.387
73654	34092.582
32578	34095.78
33328	34100.97
72489	34109.37
75038	34121.574
73928	34128.195
33043	34137.473
33268	34140.504
71911	34139.816
74786	34137.457
73740	34125.297
33304	34112.57
33183	34091.656
71951	34066.035
75326	34039.246
74471	34005.242
33486	33975.816
32918	33946.203
72365	33921.645
74946	33906.598
73557	33894.016
33195	33892.117
32767	33890.777
72584	33889.12
76144	33885.47
74484	33868.273
33736	33844.395
32761	33805.918
72317	33757.33
75424	33705.824
74380	33649.88
34321	33606.137
32409	33574.805
71980	33563.938
74986	33579.504
74609	33613.367
34251	33671.246
32174	33739.67
71954	33812.555
75189	33883.7
74118	33936.965
34298	33975.195
32015	33987.855
71543	33977.098
75363	33948.723
74954	33899.87
34912	33846.445
31696	33788.605
71714	33734.656
75217	33692.69
74658	33657.54
34684	33639.652
31668	33631.31
71576	33632.81
75464	33645.152
74499	33657.305
34959	33675.863
31646	33691.535
71721	33704.27
75386	33715.723
74693	33716.05
35088	33713.523
31100	33700.926
71248	33680.29
74779	33656.22
74743	33621.906
35681	33589.184
30738	33554.773
71306	33523.57
75223	33502.492
74335	33485.652
35091	33483.668
30798	33490.117
72149	33505.66
75019	33532.906
74249	33561.7
35253	33599.176
30305	33637.39
71344	33676.793
74684	33720.703
74082	33760.27
35580	33803.523
30276	33842.58
71282	33876.16
74942	33904.96
74503	33916.832
35856	33917.465
29908	33898.324
71439	33859.613
75141	33807.254
74369	33737.156
35789	33664.426
29928	33590.547
71237	33524.17
75203	33476.098
74899	33442.316
36556	33433.297
30088	33441.83
71426	33464.438
74941	33499.438
74114	33531.926
36449	33564.664
29474	33587.438
71153	33598.95
75021	33604.617
74864	33598.98
36635	33595.523
29311	33593.062
71000	33595.664
74837	33609.855
75130	33626.758
37045	33652.848
29559	33678.688
71638	33700.41
74790	33719.57
74797	33725.52
36986	33727.656
29112	33723.188
70936	33716.88
75359	33718.992
75556	33725.92
37431	33749.855
28858	33786.52
70979	33834.035
74909	33892.832
74436	33947.3
37750	33998.055
29068	34032.3
70848	34044.445
74706	34036.84
74969	34001.105
37839	33949.91
29026	33884.754
70570	33814.34
74598	33752.75
75019	33699.27
38287	33668.223
28939	33657.125
70936	33665.113
75115	33693.71
75062	33728.074
38871	33769.227
28864	33805.285
71078	33830.133
74940	33845.97
75319	33843.242
39178	33832.465
28478	33813.42
70873	33791.08
75304	33776.64
75540	33765.39
38773	33768.3
28173	33780.277
70644	33797.914
75136	33822.176
75177	33838.01
39054	33848.434
27776	33844.71
70467	33824.277
75328	33793.953
75419	33748.53
39028	33702.52
27608	33658.33
70804	33621.39
75461	33602.297
75529	33593.938
38976	33603.625
27178	33622.645
70352	33643.504
74588	33665.04
74692	33671.438
39122	33666.26
27092	33643.492
70203	33603.56
75377	33556.895
75587	33501.086
39864	33451.86
27577	33411.73
70735	33383.977
75326	33376.832
75078	33380.133
39986	33398.508
27412	33422.64
70183	33446.08
74851	33470.88
75774	33485.363
40104	33497.926
26651	33506.777
70398	33513.754
75319	33529.06
75681	33546.113
40053	33574.137
26093	33607.76
69924	33641.035
75426	33674.86
75259	33694.258
39923	33702.383
25926	33692.71
69679	33663.676
75027	33625.484
75903	33575.293
40360	33529.473
25933	33492.703
69635	33469.773
74758	33471.55
75661	33489.03
40559	33527.523
25992	33577.484
70154	33628.89
75123	33680.836
75787	33717.312
40691	33742.633
25451	33752.44
69448	33746.4
74780	33735.88
75716	33716.99
41095	33703.055
25258	33694.555
69815	33690.508
75129	33696.98
75419	33701.42
41191	33707.426
25186	33707.58
69543	33696.008
74998	33678.71
75951	33647.625
41351	33614.47
24949	33582.05
69116	33553.855
74956	33542.43
75933	33541.9
41744	33561.145
25371	33595.707
69511	33638.566
74602	33692.08
75158	33741.043
41974	33788.76
25201	33829.46
69434	33859.785
75212	33888.598
76376	33909.113
42546	33932.17
24840	33957.305
68588	33981.832
74618	34011.08
75627	34031.58
42668	34045.633
24983	34045.383
69610	34023.82
75479	33987.793
76183	33930.355
42474	33865.465
24643	33799.414
69526	33738.95
75304	33701.156
76129	33683.07
43436	33694.31
24840	33729.62
69038	33777.656
74853	33834.336
75556	33876.73
43041	33899.74
24513	33892.04
69023	33846.64
75093	33774.3
75851	33674.703
43446	33569.48
24513	33472.945
69579	33397.25
75385	33363.234
76236	33368.105
43664	33418.97
24664	33506.465
69735	33613.91
75316	33733.312
75318	33838.332
43748	33922.19
24333	33973.8
68643	33986.332
75048	33971.242
75897	33927.035
44274	33872.52
24188	33818.152
68648	33770.05
75198	33742.85
75670	33728.58
44088	33731.31
24057	33742.527
68583	33749.58
75015	33752.504
75947	33735.2
44568	33702.195
24134	33653.4
68584	33590.047
74776	33528.6
76261	33468.035
44936	33423.79
23751	33400.324
68749	33395.71
75198	33417.418
75804	33451.168
44466	33497.25
23264	33546.664
68603	33587.21
75396	33621.965
76501	33637.59
45327	33640.523
22991	33631.36
68700	33608.59
74828	33585.594
76118	33556.56
45158	33532.2
22943	33513.69
68179	33497.457
75080	33492.457
76281	33487.906
45623	33489.926
23166	33496.203
68041	33500.77
74878	33511.58
75843	33517.83
45503	33525.43
22742	33532.49
67985	33533.176
74956	33535.88
76095	33530.305
45771	33523.594
22618	33516.26
68333	33504.734
75158	33500.74
75942	33497.11
46276	33502.88
22716	33518.805
67631	33539.656
75333	33572.582
76988	33604.39
46917	33637.445
22660	33666.4
67597	33681.617
74965	33689.508
75964	33679.85
46721	33661.504
22483	33639.035
67722	33613.445
75189	33601.543
76130	33600.086
47366	33620.227
22569	33663.062
67083	33720.195
74711	33794.676
75951	33866.89
47344	33932.223
22456	33979.652
67876	33995.008
75098	33983.56
75801	33935.91
47633	33864.203
22274	33778.902
67620	33687.37
75063	33613.516
76108	33559.902
47604	33541.594
21883	33562.297
67773	33613.6
75813	33697.55
76506	33792.207
48276	33889.777
22401	33976.81
67978	34036.004
75416	34070.406
76709	34067.848
48903	34037.67
22144	33987.586
67327	33920.848
75030	33857.527
76488	33796.273
48676	33749.215
22049	33719.55
67064	33700.35
75098	33698.293
76304	33698.562
49111	33702.445
21812	33707.16
66721	33704.496
75175	33704.625
76732	33699.45
49249	33697.906
21783	33703.297
67033	33710.72
75014	33730.492
75890	33750.684
49152	33773.855
21823	33796.715
67230	33809.02
74898	33818.74
75674	33814.863
48892	33804.16
21655	33790.285
67033	33770.344
75110	33758.62
76311	33747.9
49711	33745.312
21663	33751.355
66871	33757.21
74823	33770.14
76073	33776.3
49629	33778.36
21306	33775.465
66298	33760.652
74819	33745.867
76563	33723.414
49657	33702.28
21144	33686.3
66123	33670.207
75141	33664.7
76687	33658.18
50249	33653.977
20917	33650.47
65756	33638.24
74870	33626.777
76494	33606.215
50344	33584.52
20722	33566.92
66222	33550.5
75176	33550.29
76638	33559.07
50288	33583.703
20446	33624.48
65719	33670.855
75111	33728.605
76606	33781.723
50511	33829.93
20344	33869.895
65727	33890.953
74788	33902.773
75954	33895.895
50875	33878.02
20478	33854.473
65818	33821.184
75155	33792.625
76587	33761.664
50861	33735.855
20097	33718.312
65266	33701.867
75086	33697.473
76432	33694.703
50801	33698.188
19848	33708.758
65138	33717.29
74788	33733.28
76464	33744.758
50887	33755.44
19750	33765.773
65085	33767.07
74595	33770.508
76177	33766.875
50850	33763.76
18992	33766.652
64889	33771.016
74859	33791.77
75873	33821.684
50711	33867.26
19166	33929.832
64763	33998.09
74780	34078.027
75845	34152.758
51549	34219.707
20503	34273.863
65071	34301.234
74636	34309.66
76072	34288.082
52253	34243.79
20415	34184.33
64887	34109.023
74351	34037.945
75954	33969.26
52403	33915.31
20638	33884.07
65017	33869.66
74121	33882.656
75726	33908.934
52863	33946.652
20651	33990.414
64554	34023.67
74201	34050.527
75721	34055.605
52773	34041.08
20733	34010.484
64930	33959.72
74663	33906.977
76054	33850.258
53268	33802.387
20595	33773.137
64718	33758.46
74710	33771.06
76109	33798.41
53499	33839.523
20143	33889.492
64260	33931.016
74741	33967.777
76474	33983.68
54022	33980.383
20147	33961.85
64254	33923.39
74745	33883.18
76530	33838.49
54261	33800.83
20309	33778.77
64464	33766.14
74829	33774.457
76680	33789.977
54397	33811.914
20291	33837.38
64266	33852.086
74953	33864.336
76848	33862.742
54670	33853.098
20467	33842.234
64168	33825.727
74787	33819.785
76524	33817.11
55056	33822.395
20710	33837.04
64883	33847.758
75143	33861.316
76172	33862.445
54444	33851.523
19962	33830.723
63659	33792.79
74757	33754.52
76446	33712.277
55146	33677.426
20208	33660.0
64054	33654.387
74621	33673.176
76551	33702.88
55005	33740.95
19491	33782.52
63315	33809.406
74995	33826.477
76350	33819.51
55118	33791.92
19497	33751.05
63454	33693.63
75233	33639.926
76555	33587.84
55241	33547.273
19658	33525.01
63978	33510.055
75293	33510.3
76680	33508.824
55492	33501.598
19231	33485.79
63225	33447.25
75451	33397.77
76583	33331.117
55691	33258.434
19226	33193.87
62603	33137.742
74503	33111.543
76371	33111.07
55909	33141.973
19274	33206.06
62619	33286.78
74913	33387.21
76598	33486.65
56557	33578.44
19186	33659.242
62536	33713.93
74797	33753.44
76628	33769.246
56486	33768.965
19192	33762.332
62767	33744.19
75073	33731.438
77060	33716.793
57116	33704.89
19192	33700.13
62844	33691.12
74947	33689.508
76314	33685.15
56662	33682.117
18889	33686.805
62318	33690.918
74807	33709.285
77016	33733.363
57148	33766.418
18903	33811.223
61848	33853.6
74726	33901.113
76548	33938.184
57375	33963.15
18963	33977.707
62392	33970.152
75251	33954.94
76399	33926.76
57043	33895.133
18888	33872.312
61698	33854.312
74798	33858.355
77068	33876.445
57635	33910.703
18917	33961.965
62078	34013.035
75113	34069.074
76572	34113.195
57346	34143.28
18599	34161.965
61463	34159.21
74671	34151.477
76764	34135.17
57893	34120.477
18536	34119.18
61099	34125.316
75033	34153.023
76545	34190.9
58460	34236.566
18444	34287.95
60717	34325.664
75071	34354.242
76586	34358.414
58499	34338.277
18831	34300.58
61310	34239.15
75409	34174.59
76511	34106.38
58537	34045.85
18988	34005.184
61181	33977.02
75109	33973.95
76587	33982.254
59189	33997.676
19023	34017.605
60893	34023.16
74868	34021.504
76723	34000.242
58648	33963.44
18934	33921.87
61097	33872.164
75566	33836.453
76731	33813.953
58959	33813.625
19094	33843.66
60451	33891.27
74894	33963.023
76561	34039.656
59154	34111.9
19163	34173.832
60973	34204.844
75235	34212.133
77003	34184.914
59541	34129.246
18997	34058.594
60751	33971.973
75441	33893.375
76676	33823.254
59234	33771.02
18894	33745.836
61049	33735.484
75446	33749.258
76987	33771.03
59793	33796.105
18986	33824.363
60334	33840.65
74901	33857.035
76782	33865.617
60657	33872.2
19481	33887.844
60800	33905.34
75130	33939.883
76866	33981.598
60376	34029.273
19353	34083.145
60428	34124.17
75356	34157.918
76916	34169.227
60276	34157.375
19171	34129.215
60223	34077.188
75028	34021.34
76863	33960.742
60038	33906.363
19134	33871.105
60637	33846.96
75086	33847.445
76896	33860.297
60377	33882.152
18639	33912.64
59398	33933.227
75243	33951.7
76914	33956.223
61278	33949.18
19320	33940.03
60261	33921.418
75140	33911.477
76561	33905.246
61082	33906.797
19344	33922.54
60026	33937.836
74790	33961.473
76878	33978.77
61473	33986.35
19542	33987.24
59724	33967.87
74728	33942.547
76931	33905.15
61589	33862.047
19503	33825.098
59358	33786.96
74701	33764.21
76518	33749.25
61509	33743.55
19378	33752.043
59241	33760.137
75312	33778.363
76906	33795.75
61947	33812.785
19383	33836.297
59108	33854.85
75313	33882.496
77072	33910.742
62143	33940.855
19473	33978.305
59066	34008.39
74542	34041.29
76336	34064.77
61865	34077.945
19354	34086.79
58685	34079.71
75133	34071.664
76587	34057.027
61491	34040.875
19122	34033.332
58628	34024.27
74971	34027.46
76755	34032.844
62650	34039.31
19689	34050.676
58708	34051.63
75035	34053.21
76244	34046.184
62363	34032.69
19804	34022.832
58611	34008.49
75008	34007.18
76624	34013.406
62813	34029.816
19586	34063.113
57862	34098.234
74757	34143.316
76546	34183.37
62528	34213.48
19842	34235.996
58161	34236.227
74778	34227.51
76583	34204.094
62481	34172.223
19636	34145.75
58098	34119.137
74863	34111.207
76791	34116.594
62961	34136.78
19384	34176.848
57747	34219.465
75436	34271.43
76673	34317.758
62886	34353.41
19366	34381.812
57884	34388.48
75213	34387.438
76254	34372.855
63261	34349.05
19426	34327.562
57071	34299.234
75131	34279.27
76676	34259.688
63354	34240.277
19501	34226.77
56981	34204.6
74661	34185.703
76367	34161.188
63684	34132.79
19609	34110.77
56536	34086.074
74858	34075.26
76837	34072.77
63547	34080.74
19391	34106.438
56514	34135.09
75146	34175.99
76585	34216.19
63813	34251.402
19590	34285.484
56848	34303.3
75093	34317.535
76396	34321.21
64071	34316.977
19855	34315.83
56606	34307.91
74929	34307.9
76535	34307.734
64178	34306.3
19854	34308.81
56429	34299.777
74598	34290.113
76359	34270.414
64050	34241.805
19657	34215.22
56068	34182.68
74706	34162.918
76326	34153.098
64243	34157.38
19945	34185.133
56293	34222.152
75297	34276.94
77398	34334.24
64805	34385.516
19834	34430.13
56041	34447.59
75334	34446.27
76512	34417.08
64644	34362.05
19973	34295.12
55549	34211.652
74936	34134.01
76091	34063.492
64451	34007.29
20079	33978.547
55622	33966.34
75044	33982.37
76558	34015.0
65287	34058.312
20433	34114.168
55533	34163.57
74839	34214.27
76628	34254.72
65001	34282.688
20183	34305.703
55584	34311.723
75073	34315.113
76478	34309.92
64854	34297.523
20106	34287.67
55407	34268.566
75196	34253.67
76571	34236.02
65818	34215.35
20451	34200.582
55349	34179.465
75551	34165.555
76134	34152.477
65266	34140.59
20513	34139.14
54999	34135.836
74798	34143.87
76566	34155.156
65348	34168.254
20444	34190.19
54533	34206.383
74808	34227.625
76163	34244.21
65776	34253.68
20604	34263.305
54882	34259.504
75394	34255.16
76824	34243.65
65754	34225.777
21006	34211.594
55041	34189.66
75282	34174.418
76948	34159.156
66383	34143.63
21487	34135.926
55109	34122.29
75189	34114.473
77048	34104.05
66944	34089.57
21402	34079.777
54785	34062.418
75333	34051.555
76441	34041.438
66626	34032.656
21721	34034.734
54709	34035.438
75299	34047.016
76783	34060.81
67076	34074.37
22265	34094.45
54443	34106.95
74507	34123.89
76704	34137.82
67468	34148.145
22116	34164.746
54318	34175.715
75776	34194.055
76974	34211.98
67211	34226.5
21978	34243.273
54062	34245.516
74861	34241.938
76563	34222.383
67706	34184.66
22312	34139.125
54181	34077.37
75140	34018.996
76302	33965.96
67772	33926.305
22609	33916.918
53979	33930.582
74921	33981.266
76629	34058.758
67894	34153.945
22726	34263.996
54014	34362.25
75054	34447.34
76561	34500.49
67944	34512.402
22434	34489.61
52839	34422.824
75236	34333.3
77008	34227.254
68261	34118.4
22618	34030.58
52722	33963.492
74755	33937.094
76823	33946.684
67979	33987.28
22259	34059.066
53214	34136.773
74958	34219.195
76909	34286.78
68339	34328.234
22266	34347.3
52594	34331.152
75224	34296.457
77033	34245.066
67998	34186.258
22179	34140.15
52658	34103.184
75374	34093.72
76821	34107.547
68641	34140.617
22523	34196.387
51921	34253.44
74929	34313.812
76682	34361.68
68261	34387.99
22449	34397.31
52142	34375.77
75456	34337.574
76984	34281.75
68377	34213.58
22443	34149.957
51599	34085.59
74903	34038.254
76323	34005.91
68765	33988.547
22863	33995.36
51721	34012.062
75441	34047.625
76438	34092.883
68963	34142.703
22849	34203.688
51758	34260.863
75035	34324.555
76926	34387.195
68936	34445.38
22542	34507.28
50648	34558.67
74824	34609.5
76158	34651.914
68394	34682.086
22420	34708.387
50574	34717.53
74835	34721.37
76600	34715.312
68767	34699.047
22252	34684.543
50474	34661.902
75413	34645.258
76598	34631.395
68382	34620.0
22346	34621.51
49609	34623.574
75063	34636.945
76680	34655.06
69199	34673.992
22899	34701.22
50356	34722.11
75234	34746.03
76563	34765.56
69159	34776.496
22921	34787.082
49883	34783.96
74858	34778.39
76197	34765.504
69055	34744.11
23001	34725.965
50213	34700.906
75034	34683.297
76348	34670.406
69236	34661.938
23097	34668.805
49483	34678.55
75240	34701.03
76831	34728.375
69806	34754.74
22953	34785.88
48677	34805.527
74826	34821.527
76461	34826.723
69044	34818.188
22759	34806.496
48597	34781.586
74644	34757.48
76786	34732.207
69844	34705.996
23463	34690.316
49539	34673.3
74801	34665.688
76097	34660.69
69730	34653.11
23066	34650.914
48256	34640.164
75023	34631.242
76465	34620.227
69723	34606.043
23127	34601.152
48161	34595.41
74720	34601.008
76543	34613.168
69724	34627.625
23000	34651.207
47812	34667.4
74748	34682.63
76441	34688.62
70380	34680.348
23461	34667.73
47858	34640.723
74684	34614.027
76535	34587.77
70027	34563.844
23291	34555.703
47378	34552.41
74294	34563.176
76556	34579.246
70018	34592.04
23361	34605.555
46664	34602.41
74311	34590.414
76664	34565.555
70746	34528.574
23824	34496.87
47112	34466.76
74497	34456.71
76289	34468.266
70321	34500.188
23927	34559.438
47224	34626.047
74697	34698.555
76993	34758.984
70249	34791.3
23871	34795.66
46851	34755.35
74838	34682.38
76443	34580.69
70381	34459.96
24044	34345.76
47122	34241.402
74651	34169.266
76433	34131.684
70301	34125.625
23736	34154.74
46453	34195.71
74795	34244.926
76202	34285.285
70684	34303.754
24007	34306.094
46262	34281.91
74883	34248.637
76249	34213.453
70464	34185.035
23656	34183.844
45665	34203.45
74205	34253.285
76130	34322.957
70381	34397.61
23797	34473.266
45516	34524.26
74238	34550.01
76038	34542.273
70355	34500.17
24098	34442.402
45688	34370.32
74679	34308.93
76243	34268.695
70221	34255.51
23568	34282.57
45275	34333.51
74720	34407.01
76273	34484.375
70541	34545.484
23238	34586.3
45109	34584.695
74357	34547.66
76380	34476.297
70679	34378.18
23344	34279.344
44577	34184.082
74553	34116.434
76517	34083.21
70741	34084.832
23478	34128.785
44566	34194.05
74840	34276.938
76438	34359.832
70491	34425.98
23698	34475.59
44714	34490.984
75193	34480.85
76619	34446.38
70549	34391.02
23853	34333.65
43952	34270.863
74457	34218.723
76093	34179.152
70661	34150.324
23967	34142.465
44049	34141.86
74821	34154.94
76139	34176.082
70854	34198.617
24151	34230.375
43736	34256.93
74545	34284.566
76562	34307.586
70774	34318.816
23958	34325.45
43058	34313.406
74593	34290.395
76524	34254.434
70929	34204.61
24095	34156.35
43534	34104.082
74496	34063.582
76114	34038.434
71219	34028.543
24675	34045.574
43724	34075.953
74874	34123.773
76620	34179.9
70655	34232.86
24908	34285.754
43969	34321.938
74528	34347.797
76615	34361.285
71261	34361.055
24913	34361.895
43188	34356.656
74396	34357.68
75861	34364.54
71396	34372.016
25218	34387.92
43252	34396.383
74629	34401.43
76065	34397.395
71554	34378.23
25225	34355.223
42689	34320.227
73986	34286.863
76512	34258.605
72000	34235.684
25371	34231.273
42738	34233.5
74374	34247.285
76448	34264.4
71713	34272.77
25241	34275.234
42813	34254.547
74641	34216.523
76569	34160.465
71907	34086.703
25688	34013.746
42441	33939.92
74180	33882.652
76257	33847.434
71673	33832.98
25476	33849.21
41753	33880.242
73849	33926.37
76290	33976.48
71690	34016.504
25587	34049.36
41783	34059.266
74278	34053.336
75818	34032.477
71139	33996.9
25366	33963.21
41696	33925.992
74724	33897.652
76370	33878.94
72101	33864.92
25836	33863.848
41536	33861.26
74501	33861.395
76445	33860.58
71547	33853.164
26085	33850.53
41811	33844.145
74567	33845.32
76219	33856.207
72431	33873.355
26318	33906.88
41138	33942.938
74173	33984.145
76394	34022.895
72037	34047.543
26207	34062.73
40861	34054.336
74009	34029.684
76129	33990.473
72210	33937.367
26683	33888.188
40734	33839.668
74639	33805.73
76764	33789.758
72123	33787.68
26639	33807.707
40598	33834.02
74439	33867.0
76917	33898.42
72645	33916.336
26521	33926.492
40044	33916.06
73791	33893.324
76099	33861.16
72538	33819.664
26949	33785.895
39861	33755.387
74253	33740.52
76638	33743.816
72266	33761.055
26801	33800.996
39730	33849.62
73943	33908.984
76313	33972.85
72763	34030.152
27270	34086.03
40213	34125.902
74804	34154.133
76623	34169.527
72203	34167.17
27133	34158.87
39730	34136.613
73578	34110.633
75764	34083.992
72983	34053.977
27602	34033.52
39406	34013.86
73866	34002.375
76375	33998.53
73209	33995.68
27528	34002.55
39439	34006.94
74156	34013.777
76454	34021.6
72933	34023.957
27623	34031.227
38425	34033.875
73443	34039.375
75946	34048.664
72983	34056.86
27820	34074.92
38588	34092.293
74228	34114.266
77121	34138.94
73633	34158.035
28024	34179.33
38656	34189.62
74006	34192.684
76239	34186.594
72880	34164.09
28113	34135.13
38637	34090.168
74026	34037.277
76152	33979.453
72875	33914.24
28466	33855.82
38392	33798.465
73754	33752.227
75668	33720.78
72993	33699.742
28376	33700.043
38244	33710.47
73356	33734.72
76168	33769.324
73635	33803.977
28797	33845.145
38189	33879.8
73748	33912.113
76096	33942.035
73239	33964.14
28786	33990.266
37479	34012.473
73354	34037.965
76639	34066.74
73796	34090.945
29038	34117.695
37706	34132.977
73844	34138.492
76393	34131.605
73468	34104.46
29229	34068.406
37743	34017.582
74055	33964.21
76549	33916.5
73567	33875.6
29334	33857.99
37388	33857.766
74089	33880.75
76518	33924.52
73148	33976.36
29055	34038.324
37001	34092.523
73887	34136.98
76406	34167.38
73441	34174.8
29320	34169.91
36718	34146.09
73785	34112.81
76204	34075.574
73463	34031.42
29488	33993.164
36889	33952.707
74085	33915.684
76336	33883.703
73721	33850.992
29818	33829.49
36864	33813.074
73850	33810.523
76481	33826.434
73771	33855.54
30218	33906.76
36544	33966.777
73192	34033.22
76302	34097.44
73939	34142.086
30178	34168.31
36289	34161.29
73536	34125.2
75886	34066.406
73638	33987.94
30075	33913.19
36059	33847.69
73277	33808.55
75893	33804.94
74196	33831.395
30551	33892.438
35936	33967.566
73677	34045.76
76078	34112.145
73888	34145.56
30579	34147.266
35709	34106.684
73395	34034.305
76601	33944.27
74682	33846.215
31093	33768.105
35603	33716.168
74039	33704.504
76907	33737.426
74331	33803.17
30685	33900.21
35214	34004.066
73389	34102.367
76232	34182.0
74281	34225.355
31180	34237.71
34926	34212.02
73589	34159.34
76643	34091.746
74207	34013.75
31023	33945.97
34922	33887.57
72651	33846.99
76114	33826.562
73959	33816.605
31272	33822.61
34864	33831.15
73471	33842.164
76383	33855.203
74166	33862.26
31162	33873.695
34759	33882.22
73274	33892.965
76281	33908.598
74429	33921.21
31709	33939.14
34447	33951.992
73189	33961.566
76014	33968.81
74050	33966.285
31703	33965.53
34451	33961.055
73771	33960.055
76452	33968.6
74647	33981.734
31916	34010.188
34264	34044.81
73641	34085.855
76552	34131.055
75164	34167.375
32282	34199.582
33727	34215.25
73479	34215.223
76756	34201.773
74875	34169.277
32249	34131.04
33931	34083.543
73441	34034.883
76277	33992.184
74865	33950.984
32637	33923.004
33894	33900.7
73171	33886.547
76278	33882.25
74360	33878.617
32549	33884.08
33643	33890.27
73027	33900.387
76328	33917.902
74597	33935.863
32646	33964.242
33153	33995.086
72834	34029.953
76212	34069.445
74258	34102.4
32501	34134.34
33150	34153.332
73512	34158.754
76263	34152.21
74904	34125.68
33241	34090.727
33091	34043.688
73149	33992.35
76571	33945.562
74637	33900.668
33200	33871.09
32841	33851.008
73245	33842.785
75925	33847.6
74640	33853.73
33491	33866.582
32740	33875.383
73020	33880.344
76375	33884.734
75130	33882.582
33527	33887.414
32179	33896.105
72509	33915.22
75638	33951.105
74849	33995.965
33904	34056.812
32473	34120.945
72854	34183.633
76077	34240.637
75014	34276.78
33816	34296.715
32301	34291.33
72895	34264.383
76764	34224.535
75076	34170.656
33882	34119.98
31841	34071.934
72568	34033.25
76260	34009.5
75061	33991.113
34148	33983.52
32081	33974.434
72811	33960.94
76397	33943.523
75024	33913.227
34213	33881.406
31651	33845.71
72782	33813.918
76114	33796.23
75036	33789.016
34450	33803.63
30896	33831.934
72595	33870.543
76777	33916.52
75614	33953.59
34173	33984.254
30671	33996.527
72066	33990.363
76124	33971.92
75033	33938.73
34262	33907.883
30664	33880.84
72234	33866.43
76618	33873.79
75736	33896.26
35231	33941.363
31032	33997.62
72830	34059.293
76626	34123.63
75285	34175.773
34888	34220.215
30939	34247.76
72970	34259.723
76341	34262.816
75638	34251.723
35240	34239.375
30503	34222.434
72326	34204.273
76139	34190.754
76085	34173.656
35816	34162.23
30308	34149.934
72137	34137.402
76391	34129.13
75788	34116.16
35370	34107.47
30320	34095.773
72690	34080.277
76439	34064.08
76028	34036.64
35960	34006.203
30033	33966.926
72123	33921.402
76321	33878.25
75693	33833.92
36002	33803.54
29988	33786.316
72460	33786.715
76304	33811.094
75906	33848.785
35924	33904.49
30096	33964.84
72241	34022.293
76246	34074.01
76089	34105.223
36341	34122.12
29689	34119.12
72510	34099.96
76279	34075.715
75563	34044.535
36581	34021.363
29742	34004.402
72284	33995.234
76089	33997.637
75494	33998.895
36626	34003.016
29867	33999.26
72154	33984.56
76641	33963.45
76158	33929.387
37044	33896.2
29415	33864.266
72068	33839.984
76758	33833.87
76431	33839.594
37766	33865.773
29449	33903.535
72133	33947.008
76548	33994.867
75965	34031.773
37591	34061.504
29198	34075.88
72051	34074.598
76881	34065.76
75921	34044.477
36994	34024.19
29023	34003.67
72007	33985.63
76416	33977.227
76611	33969.19
38199	33969.3
29031	33970.516
71696	33970.85
76312	33975.105
76125	33973.664
37909	33975.24
28984	33974.59
71951	33970.75
76544	33968.258
76549	33956.195
38198	33940.79
28475	33914.96
71389	33876.914
76626	33833.383
76896	33778.33
38599	33726.188
28466	33679.17
71754	33644.496
76639	33635.207
76294	33647.023
38328	33690.246
28229	33757.285
72126	33840.695
76728	33937.387
76432	34027.25
38757	34108.465
27898	34167.797
71457	34199.023
76878	34207.35
76523	34186.695
38983	34152.312
28053	34107.727
71923	34060.438
76284	34024.254
75641	33994.9
38644	33982.844
27824	33982.418
71889	33989.227
76538	34005.855
76523	34018.56
38987	34032.75
27254	34042.13
71334	34045.11
76797	34049.266
76871	34046.973
39265	34048.637
27125	34050.74
71158	34051.66
76459	34056.984
76657	34055.637
39282	34054.508
27027	34048.207
71301	34034.805
76043	34022.445
76021	34004.11
39627	33991.242
27411	33982.613
71565	33978.906
76586	33988.07
76419	34000.043
39943	34021.02
27090	34043.42
71650	34061.34
76476	34077.94
76771	34080.742
40115	34076.996
26791	34063.145
70941	34039.254
76466	34015.754
76751	33987.19
40171	33965.996
26823	33951.836
71137	33945.25
76319	33954.727
76535	33970.855
40303	34001.35
26306	34040.746
70813	34084.547
76594	34137.23
76826	34186.38
40728	34237.12
26287	34282.492
70991	34316.934
76585	34344.78
77384	34354.016
40770	34351.9
26236	34334.684
71161	34301.418
76962	34262.742
76891	34213.785
41170	34168.38
26285	34128.4
71037	34096.22
76277	34082.625
76419	34079.203
41257	34092.87
26042	34117.113
71116	34144.344
76565	34176.76
76768	34199.547
41374	34216.73
25859	34222.914
70727	34215.527
76901	34204.363
76802	34183.906
41384	34166.914
25885	34154.69
71577	34147.684
76879	34155.52
76930	34168.13
41721	34191.145
25833	34217.58
70629	34239.85
76257	34261.71
76818	34269.996
41755	34271.13
25247	34262.46
70495	34243.426
76518	34225.703
77331	34203.824
42481	34189.76
25553	34183.523
70808	34183.156
76822	34195.793
77016	34208.94
42348	34226.17
25460	34239.656
71156	34241.344
76803	34236.28
77095	34213.023
42331	34180.41
25258	34138.832
70668	34090.04
76334	34048.465
77179	34010.207
42755	33988.434
25298	33983.6
70504	33992.785
77014	34021.85
77500	34055.996
43059	34096.348
25394	34132.492
70412	34153.78
76799	34163.28
77293	34148.44
43553	34117.4
25274	34071.297
70471	34013.133
76848	33959.418
77346	33908.59
43539	33875.996
24827	33864.465
70203	33872.37
76751	33907.12
77670	33954.38
43936	34015.066
24676	34079.184
70393	34134.855
76794	34184.47
77062	34213.82
43636	34229.113
24444	34229.168
70091	34213.234
76341	34194.344
76700	34167.047
43372	34142.758
24205	34121.586
69620	34100.29
76242	34087.14
77048	34070.402
44046	34056.043
24061	34041.152
69776	34021.42
76361	34007.117
76515	33990.94
44219	33983.43
24112	33986.086
70506	33996.62
77179	34024.8
77311	34059.785
44029	34106.223
23871	34157.75
69940	34204.793
76231	34251.387
76944	34283.08
44579	34304.23
23946	34312.008
69728	34302.387
76784	34286.484
77994	34257.145
45274	34225.074
23898	34192.008
70166	34155.664
76224	34127.79
77164	34099.824
45045	34080.305
24025	34069.117
69764	34062.88
76622	34071.992
77918	34086.918
45196	34115.12
23511	34153.78
69676	34195.2
76093	34244.53
77164	34286.12
44959	34321.035
22873	34342.195
69374	34340.098
76768	34322.043
77263	34279.09
44654	34222.81
22539	34158.918
69138	34091.258
76291	34038.973
76807	34000.797
45187	33990.008
22503	34008.2
68858	34048.88
76258	34116.61
77559	34192.715
45615	34274.145
22869	34349.17
68911	34403.348
76318	34439.758
77338	34445.152
45641	34427.72
22731	34391.297
68861	34337.766
76457	34285.914
77521	34234.535
46396	34198.04
22700	34181.03
68897	34180.086
76701	34204.316
77201	34240.004
46267	34288.48
22873	34342.758
68785	34390.9
76404	34437.215
77307	34467.86
46493	34487.86
22533	34496.863
68959	34490.875
76608	34483.08
77671	34466.605
47033	34451.504
22581	34440.145
68508	34428.676
76272	34428.004
77249	34427.637
46835	34432.902
22379	34441.47
68443	34444.926
76603	34450.836
77668	34446.22
47051	34435.418
22126	34416.35
68486	34381.453
76646	34340.363
77778	34283.355
47242	34218.723
21994	34149.316
67909	34072.902
76477	34004.566
77571	33939.38
47295	33889.543
21821	33859.62
68099	33846.695
76453	33862.492
78221	33895.645
47934	33949.305
22016	34017.707
68478	34087.094
76682	34159.89
77736	34218.09
47982	34261.914
22224	34287.73
68484	34288.246
76416	34276.668
77814	34247.785
48303	34215.332
22112	34187.465
68428	34165.242
76345	34165.18
77849	34179.668
48513	34214.78
22024	34266.992
68391	34323.543
77134	34387.305
78000	34440.098
48707	34481.375
21993	34506.992
68587	34508.574
77053	34498.188
77663	34469.445
48854	34433.91
22132	34397.656
68354	34358.598
76445	34330.516
77854	34303.33
49042	34281.414
21785	34261.66
68060	34232.61
76939	34200.92
77868	34153.668
48745	34096.645
21465	34032.76
67981	33959.67
76467	33894.742
77535	33834.14
49561	33789.82
21231	33766.863
67574	33759.32
76813	33776.37
77713	33803.6
48815	33841.26
20922	33883.547
67963	33917.45
76559	33950.29
77496	33970.164
49501	33983.992
20635	33995.816
67343	34002.12
76350	34018.05
77333	34035.996
49768	34062.445
20644	34097.152
67342	34128.938
76368	34164.363
77261	34188.176
49873	34202.453
20629	34206.766
66859	34194.582
76699	34180.29
77822	34158.7
50497	34141.594
20974	34135.51
67209	34136.223
76489	34155.66
78043	34181.094
50962	34213.062
21239	34246.47
67108	34266.76
76655	34279.555
78005	34271.516
51376	34248.32
21244	34215.223
67513	34170.547
76668	34133.605
77343	34101.742
50936	34086.04
20868	34090.824
66913	34107.105
76554	34141.562
78107	34176.473
51415	34208.574
20511	34231.523
67422	34231.24
76872	34217.11
77728	34180.734
51394	34133.074
20489	34084.66
67338	34036.96
77034	34010.86
78233	34002.91
51404	34021.75
19969	34068.46
66601	34129.53
76553	34208.33
77579	34284.766
51569	34354.207
20139	34410.6
66596	34440.42
76778	34453.89
77955	34442.95
51828	34418.086
19876	34388.8
66143	34354.01
76421	34332.547
77668	34318.914
51776	34320.97
20177	34340.906
66419	34368.098
76608	34410.465
77695	34452.844
52355	34495.65
20659	34537.094
66674	34565.586
76778	34591.41
78479	34603.688
53042	34608.01
20644	34607.805
66434	34595.855
76485	34585.688
78106	34567.863
53355	34548.457
20507	34530.758
66369	34506.45
77031	34487.777
78072	34464.766
53047	34442.734
20131	34424.15
66219	34400.277
77048	34383.04
78845	34361.58
53266	34340.996
19849	34323.6
66393	34300.15
77208	34282.91
78559	34261.69
53384	34241.76
19563	34226.28
66265	34206.46
76934	34194.51
77742	34179.707
52969	34165.98
18791	34155.363
64835	34137.324
76599	34122.89
78218	34101.027
53443	34076.504
19244	34053.0
65383	34022.812
76798	34000.28
78231	33977.688
53818	33962.156
19522	33958.766
65804	33959.426
76989	33976.812
78071	34000.086
54684	34032.254
19469	34074.96
65390	34116.617
76881	34167.887
78401	34217.254
54319	34268.324
19623	34324.02
65522	34374.355
77400	34430.625
79083	34481.004
54952	34527.723
19677	34570.88
65578	34596.992
77243	34614.996
78550	34611.902
54636	34591.22
19106	34557.742
64761	34505.477
76797	34452.887
78707	34397.34
54893	34351.28
18842	34325.47
65388	34314.707
77130	34333.062
78683	34368.168
55018	34418.51
18579	34479.105
64475	34529.996
77004	34573.773
78608	34592.395
54721	34585.902
18183	34557.71
64084	34501.805
77015	34437.883
78617	34365.293
55524	34297.723
18369	34247.14
63876	34208.48
76992	34195.19
78471	34194.465
55234	34204.582
18046	34221.742
63784	34228.152
76741	34230.52
78274	34215.812
55617	34188.914
18111	34158.523
63436	34121.72
76973	34099.402
78130	34089.684
55911	34102.656
18563	34145.273
64214	34205.93
76774	34292.492
78086	34386.93
56123	34483.812
18431	34577.758
64053	34650.297
77135	34708.516
78644	34740.047
56500	34749.484
18443	34744.688
63816	34720.35
77634	34694.867
78816	34663.758
56226	34635.46
18305	34617.664
63863	34601.574
77309	34600.48
78960	34604.184
56583	34616.13
18166	34639.66
63684	34662.605
76894	34695.45
78246	34724.984
56809	34750.23
18124	34770.28
63443	34768.34
77316	34751.082
78606	34703.926
57495	34628.453
18059	34531.285
62899	34407.184
77259	34278.523
78484	34148.29
57111	34033.99
18163	33953.91
63183	33907.844
77034	33914.316
79003	33962.574
57703	34049.41
18230	34167.516
62661	34289.906
77404	34412.355
79407	34509.43
58278	34573.832
18766	34606.125
63388	34597.66
77311	34570.473
78558	34528.184
58139	34489.45
18487	34473.88
62921	34480.51
77391	34526.316
78906	34598.465
58419	34690.52
18578	34793.277
62686	34879.24
77383	34945.96
79029	34972.438
59035	34956.8
18566	34906.594
62877	34819.465
77619	34722.145
79124	34621.11
59227	34534.48
18789	34479.312
62731	34449.773
77298	34457.797
79020	34486.156
59216	34525.95
19525	34568.71
63138	34590.06
77238	34593.574
78669	34565.242
60031	34509.57
20172	34439.215
63689	34353.875
77943	34279.395
79006	34217.168
60341	34177.605
20093	34169.195
63175	34178.055
77777	34210.17
79248	34245.168
60524	34274.57
20239	34294.215
63456	34286.523
77797	34263.08
79551	34217.016
60924	34158.12
19867	34101.867
62897	34046.918
77372	34015.36
79378	34002.9
61033	34013.664
19979	34051.07
62924	34097.72
77664	34159.11
78976	34217.293
61116	34267.496
20259	34310.99
63274	34334.832
78023	34353.97
79331	34362.812
61302	34369.008
20242	34383.85
63067	34399.56
78236	34430.855
79294	34467.14
61370	34507.15
20409	34551.24
63140	34581.598
77943	34605.836
79086	34610.266
61667	34595.414
20279	34568.34
62535	34520.78
77488	34471.754
79284	34418.26
62018	34368.977
20378	34335.543
62543	34309.67
77661	34305.77
78924	34312.715
62052	34328.7
20567	34354.535
62474	34372.89
77436	34392.027
79426	34398.246
62940	34391.58
20718	34378.945
62422	34351.535
77934	34327.637
79350	34303.55
63231	34286.98
21282	34289.824
62904	34303.684
77889	34343.33
79621	34397.465
63129	34463.426
20938	34541.043
62588	34610.598
77687	34677.586
79621	34725.297
63529	34750.066
21269	34756.047
62863	34732.074
78172	34695.844
79788	34644.438
64022	34587.742
21311	34541.473
62352	34501.4
77894	34487.14
79608	34492.086
63837	34517.26
21272	34565.355
62294	34617.78
77768	34679.97
79658	34734.008
64384	34774.03
21204	34801.965
62505	34804.06
77948	34796.07
79889	34773.574
63898	34745.4
20796	34726.71
61740	34713.336
77658	34725.016
79432	34755.645
64069	34806.52
20803	34880.97
61785	34960.793
78214	35052.203
79596	35138.03
64422	35212.723
20891	35278.523
61526	35321.105
77597	35354.746
79764	35372.797
64632	35380.37
20693	35388.867
61379	35389.617
77754	35398.652
79607	35406.94
63996	35414.29
20296	35424.89
61257	35423.01
77555	35419.707
79124	35404.12
63639	35377.17
20013	35347.703
60909	35306.613
78280	35272.234
79802	35240.473
64558	35216.9
20094	35212.332
60684	35215.766
77722	35240.9
79576	35276.664
64170	35320.285
19981	35374.418
60397	35421.22
77976	35469.4
79565	35505.64
63783	35528.05
19906	35542.246
60903	35535.113
78136	35521.91
79699	35496.137
64428	35462.164
19397	35431.29
60022	35394.316
77996	35367.96
79061	35345.47
63772	35328.098
19222	35322.516
59326	35314.082
77541	35313.773
80128	35309.89
64126	35301.742
19062	35296.168
59128	35281.66
77571	35274.906
79508	35271.305
64416	35276.504
18889	35302.62
58701	35339.195
77896	35399.93
79513	35473.22
64561	35554.004
19107	35642.168
58952	35715.9
77844	35780.79
79392	35822.47
64583	35838.973
19131	35839.566
58607	35816.71
78188	35791.953
79888	35766.184
64711	35749.1
18987	35754.945
58717	35773.47
78136	35816.805
79109	35871.324
64559	35929.06
18789	35988.215
58078	36026.938
77706	36052.516
79623	36053.855
65207	36033.152
18616	36004.023
57355	35961.2
77795	35926.63
79654	35899.68
65121	35885.797
18574	35894.473
57113	35910.055
77608	35940.008
79805	35968.22
65326	35986.72
18588	35996.793
57414	35980.656
77216	35951.05
79118	35902.324
64697	35840.543
18315	35781.613
57105	35720.613
77846	35678.293
79545	35652.066
65188	35645.066
18442	35665.105
57064	35695.465
78064	35743.46
79673	35793.598
65524	35838.27
18471	35878.363
56644	35893.855
77643	35893.305
79172	35866.746
65809	35814.953
18505	35750.145
56466	35664.63
77721	35579.273
79682	35494.836
65835	35420.273
18601	35371.56
56771	35340.047
77837	35340.598
79964	35363.13
66314	35402.32
18813	35458.37
56746	35507.68
78381	35553.453
79506	35580.03
65981	35582.715
18786	35569.418
56148	35530.293
78177	35485.57
79701	35436.99
66164	35394.16
19000	35373.637
56224	35366.203
78108	35384.516
79931	35416.023
66831	35452.13
19079	35490.977
56236	35508.2
77982	35508.21
79763	35478.633
66948	35419.47
19181	35344.72
56129	35249.848
77955	35158.93
79590	35075.5
66858	35008.504
19306	34972.344
55889	34954.156
78078	34963.293
80152	34985.066
67038	35010.652
19268	35040.156
55446	35053.105
77884	35058.59
79852	35049.086
67139	35027.62
19590	35008.88
56037	34985.758
78038	34977.14
79921	34979.73
67879	34994.54
19578	35029.207
55698	35065.695
78126	35111.285
79735	35152.535
67360	35183.523
19074	35209.473
54701	35214.562
77734	35211.35
79971	35194.082
67564	35165.066
19420	35136.305
54749	35096.863
77671	35061.617
79704	35024.727
66990	34987.156
19138	34958.785
54731	34926.676
77783	34904.71
79826	34886.637
67526	34873.027
18822	34873.59
54313	34873.56
77821	34883.62
79345	34893.703
67233	34899.117
18911	34904.87
54081	34893.266
77810	34874.37
79474	34840.79
67796	34793.957
19186	34747.59
54368	34693.785
78417	34652.086
79949	34622.21
68036	34608.88
19381	34623.84
54110	34652.816
77910	34704.41
79495	34764.99
67519	34825.227
19046	34885.21
53510	34922.73
77942	34944.176
80062	34939.93
67965	34910.395
18983	34870.117
53464	34813.004
78057	34761.39
79842	34718.56
68286	34692.61
19216	34698.98
53254	34725.84
78056	34783.637
79380	34859.676
68036	34943.887
19446	35034.83
53489	35107.86
78108	35166.344
79598	35197.527
68483	35198.457
19513	35180.99
52817	35137.55
77561	35089.184
79558	35038.977
68455	34995.023
19493	34974.168
52590	34966.58
78158	34984.844
80097	35019.043
68627	35062.227
19641	35116.44
52719	35160.547
77893	35200.7
80102	35226.582
68721	35235.9
19503	35239.95
52343	35228.715
78192	35218.78
79373	35208.0
67957	35198.293
19353	35200.504
52596	35200.227
78003	35207.754
79255	35213.773
69176	35213.637
19955	35215.445
51991	35205.47
77687	35197.344
79724	35187.926
69598	35179.727
20202	35186.266
52045	35197.23
77851	35225.85
79527	35264.69
69558	35308.336
20037	35361.055
51895	35402.484
78128	35438.117
79444	35456.195
69087	35451.047
19869	35431.117
50816	35384.223
78223	35325.855
79573	35255.64
69438	35178.21
20202	35110.125
51399	35043.848
78255	34995.89
79297	34963.355
69653	34944.586
20093	34947.957
50877	34956.52
77938	34977.04
79523	34997.586
69766	35009.523
20396	35017.285
50877	35003.125
78394	34976.75
79813	34933.22
69574	34874.26
20394	34816.223
50396	34754.04
77605	34708.81
79514	34683.598
70169	34682.145
20598	34717.13
50872	34773.52
78138	34856.973
79388	34952.223
69599	35044.49
20641	35130.684
51166	35185.957
78949	35214.52
79974	35208.062
70289	35166.836
20715	35108.03
49754	35029.31
77751	34954.37
79935	34889.203
70947	34839.906
20863	34821.246
50061	34819.594
77934	34842.305
79669	34876.484
70108	34910.926
20843	34947.457
49975	34967.043
78116	34978.598
79676	34977.754
70489	34965.305
20929	34956.402
49936	34942.434
77973	34938.78
79794	34941.305
70938	34946.066
20999	34959.637
49244	34964.2
78142	34966.836
79966	34959.668
71092	34939.83
20930	34920.082
48866	34892.164
78040	34873.703
79866	34865.746
70936	34869.805
21153	34897.8
48888	34934.51
78096	34985.664
79523	35038.508
70760	35080.926
20999	35114.566
48741	35119.887
78168	35104.906
79593	35065.85
71078	35004.305
21002	34938.285
48100	34863.79
78507	34801.19
80397	34753.793
71627	34724.348
21199	34725.86
48610	34744.34
78405	34787.53
79892	34845.273
71583	34907.863
21459	34978.777
47795	35038.273
78132	35091.754
80107	35130.51
71467	35148.99
21574	35156.582
48026	35140.965
78500	35115.12
80551	35077.91
71883	35030.56
21759	34988.035
47706	34942.047
78322	34907.207
79959	34881.938
71882	34864.418
21722	34864.746
47156	34867.87
78200	34881.367
80121	34897.277
72399	34908.848
22154	34924.074
47206	34928.777
77738	34933.78
80019	34936.26
72137	34934.793
22165	34941.797
46926	34945.777
78268	34957.008
79776	34970.184
72528	34978.977
22353	34990.574
47147	34989.082
78152	34983.03
80337	34968.03
72741	34942.63
22442	34921.32
46761	34896.695
77645	34885.062
80139	34887.043
72766	34901.855
22626	34940.35
46707	34987.035
78586	35046.816
80519	35108.88
72609	35162.11
22707	35210.33
47343	35235.695
78929	35246.39
80424	35239.152
72873	35212.938
22794	35182.934
46585	35141.465
77974	35103.777
80626	35069.523
73202	35037.3
23193	35018.527
47021	35000.137
78203	34991.617
79769	34988.26
73019	34985.312
23465	34992.805
46803	34998.047
78763	35011.0
80641	35027.477
73522	35042.043
23945	35063.156
46694	35075.695
78321	35087.258
80718	35092.203
73710	35085.46
23960	35078.2
46176	35059.758
78502	35042.77
80399	35026.766
73475	35010.137
23493	35004.64
46095	34996.86
78691	34994.242
80774	34989.875
73858	34975.684
24161	34959.33
46102	34927.28
78218	34891.164
80658	34852.203
74054	34812.58
24322	34790.5
46122	34780.363
78583	34796.53
80339	34836.785
74258	34893.273
24673	34969.207
46159	35042.133
78471	35110.62
80533	35161.492
74824	35183.1
25043	35183.72
46038	35153.844
78802	35110.137
80524	35059.73
74349	35009.32
25220	34979.754
45942	34965.38
78652	34977.895
81078	35011.81
74811	35055.734
25412	35110.79
45856	35154.652
78817	35188.1
81096	35202.918
74677	35193.07
25581	35171.703
45762	35132.16
78651	35091.28
80829	35053.426
75765	35019.223
25938	35002.504
45860	34990.953
78688	34991.22
80653	34996.773
75385	34997.957
25910	35002.44
45480	34996.65
78620	34990.82
80748	34985.27
74877	34978.805
25723	34985.832
45120	34996.367
78942	35019.445
81341	35050.27
75208	35079.44
25849	35112.18
44976	35130.996
79013	35141.027
81303	35138.77
75778	35120.85
26180	35102.566
44629	35078.61
78521	35064.875
80928	35065.4
75785	35079.07
26229	35117.652
44394	35166.547
78737	35229.105
81020	35295.547
75757	35352.27
26299	35402.586
44028	35428.94
78494	35437.04
80509	35425.043
75166	35390.785
26291	35350.645
43701	35299.863
78463	35254.273
80886	35218.812
75637	35193.47
26481	35192.5
43569	35205.332
78313	35239.797
80330	35291.465
75673	35350.4
26508	35421.766
43158	35487.586
78498	35549.51
80716	35599.887
75801	35628.27
26588	35642.586
42928	35630.566
78386	35602.336
80662	35560.492
75516	35505.836
26653	35456.438
42888	35407.887
78559	35374.355
80617	35358.586
75668	35356.0
27118	35375.645
42942	35401.754
78406	35436.72
80528	35473.184
75929	35499.8
27673	35523.71
43224	35532.492
78529	35535.633
80701	35535.46
75724	35530.727
27617	35536.7
42906	35545.43
78249	35566.496
80784	35597.832
76764	35630.855
28034	35672.418
42686	35706.92
78614	35738.62
80564	35764.547
75991	35778.215
27834	35791.777
41755	35796.82
78071	35804.203
80568	35815.49
76209	35826.016
28046	35846.484
41790	35864.23
78487	35884.426
80922	35904.035
76629	35915.156
28311	35928.26
41551	35933.637
77821	35941.426
80430	35954.055
76806	35967.945
28482	35995.266
41728	36024.29
78294	36059.438
80829	36095.08
76253	36118.734
28679	36134.97
41634	36128.41
78058	36104.617
80509	36064.88
77240	36007.523
29040	35950.98
41560	35893.19
78314	35849.87
81161	35827.184
76984	35822.152
29078	35844.848
41378	35880.293
78104	35928.67
80964	35981.47
76681	36024.12
28809	36061.15
41098	36077.836
77958	36080.867
80713	36072.11
77061	36049.273
29339	36027.793
40966	36001.33
77894	35979.77
80401	35963.934
76485	35946.35
29028	35934.918
40611	35915.77
77881	35893.03
80576	35865.14
77123	35825.363
29608	35786.133
40191	35740.234
77929	35698.023
81392	35662.914
77574	35631.02
29614	35614.51
40031	35602.75
78024	35600.73
80494	35606.13
77109	35609.527
29871	35618.773
39449	35621.727
77633	35623.652
80856	35624.195
77131	35617.035
29518	35613.383
39143	35603.42
77980	35593.5
80783	35584.33
77273	35569.4
29741	35560.03
38882	35547.15
77568	35538.266
81126	35535.46
77258	35534.03
29730	35545.977
38769	35561.64
77806	35586.43
80438	35619.38
77584	35650.74
30014	35688.195
38254	35718.74
77891	35745.99
80976	35769.676
77783	35783.41
29986	35799.883
38416	35811.797
77984	35827.58
80597	35850.06
77221	35872.812
29718	35904.895
37284	35932.965
77882	35957.5
80983	35974.066
77350	35970.91
30181	35955.71
37973	35917.992
78218	35865.555
80944	35804.86
77901	35736.21
30609	35678.87
37589	35630.75
77745	35603.27
80560	35600.785
77699	35615.67
30693	35654.973
37498	35702.293
77435	35754.457
80356	35804.188
77809	35836.902
31329	35858.28
37163	35857.277
77827	35840.598
81154	35814.336
77579	35778.49
30888	35751.418
37128	35731.016
77546	35727.855
80626	35746.27
78126	35778.82
31681	35832.93
36981	35893.285
77401	35957.53
80866	36019.395
77814	36064.832
31304	36099.46
36915	36111.12
77748	36104.812
80561	36084.92
77687	36048.812
31481	36012.7
36402	35972.98
77023	35938.957
80606	35914.887
78221	35894.02
32485	35885.176
36798	35876.117
77213	35867.574
80666	35857.137
78254	35834.566
32155	35809.33
36878	35773.547
77593	35735.5
80831	35702.492
78405	35673.25
32663	35664.125
36383	35670.414
77171	35698.312
80969	35748.324
78764	35807.94
32811	35880.14
36438	35946.406
77181	36001.316
80789	36038.27
78438	36043.535
32741	36025.258
36024	35976.395
77104	35906.797
80715	35827.66
78390	35741.86
33051	35670.41
35879	35613.375
77203	35580.55
80688	35575.773
78371	35588.55
33259	35622.734
35850	35660.44
77301	35695.77
80721	35722.348
79174	35726.008
33947	35714.977
35620	35682.766
77104	35639.168
80681	35595.566
79218	35553.57
33913	35532.395
35346	35529.566
77331	35550.277
80274	35594.383
78603	35646.043
33924	35704.957
35438	35750.832
77364	35776.277
80563	35776.613
78546	35741.082
34272	35682.992
35043	35602.438
77229	35515.082
80222	35438.176
78549	35377.137
34165	35352.36
34369	35361.04
76891	35404.926
80835	35479.59
79386	35564.94
34421	35656.836
34491	35732.42
77136	35783.17
80781	35805.258
79218	35789.465
34527	35751.0
33669	35691.504
76502	35625.79
80964	35569.277
78973	35523.9
34269	35505.938
33248	35508.785
76684	35531.46
80573	35570.477
78759	35608.6
34069	35647.746
33044	35673.633
76886	35685.57
80383	35687.81
78763	35675.734
34473	35665.12
32815	35653.824
76691	35648.75
80673	35655.285
79494	35663.92
34853	35681.062
33023	35693.56
76639	35697.777
80303	35692.863
78994	35668.41
35224	35635.84
32819	35591.973
76313	35545.86
80299	35509.31
78605	35481.445
35276	35477.52
32600	35492.695
76586	35527.848
80079	35582.766
78426	35642.457
34989	35709.223
32248	35768.664
76343	35817.21
80183	35855.758
78864	35875.355
35660	35887.94
31689	35890.016
76489	35887.33
80424	35887.977
79226	35886.082
35678	35892.926
31714	35900.9
76473	35909.63
79979	35920.746
78577	35922.746
35534	35923.08
31340	35913.105
76428	35893.61
80833	35869.836
79162	35835.066
36081	35801.86
31182	35766.723
75651	35734.812
80370	35714.203
78919	35699.387
36524	35702.605
31498	35718.37
75279	35747.965
79534	35794.207
78654	35844.85
36514	35904.76
31461	35961.535
75698	36010.68
80320	36051.66
79494	36071.86
36981	36079.48
31293	36068.9
75745	36044.406
80466	36015.73
79491	35979.71
37234	35951.36
30600	35928.477
75634	35913.938
80568	35912.066
79748	35911.027
37746	35916.26
30758	35916.59
75851	35908.67
80218	35895.39
79151	35867.684
37450	35837.742
30806	35804.027
75915	35773.395
80215	35756.883
79298	35749.758
37954	35763.754
30489	35791.89
76166	35830.836
81140	35879.746
80157	35921.74
37933	35958.918
29857	35979.027
75969	35978.145
80444	35960.355
80081	35917.363
38454	35862.5
29548	35795.164
74986	35721.402
80647	35652.176
80748	35582.656
38774	35526.18
29782	35479.176
75573	35442.83
80545	35422.98
80115	35409.887
38401	35412.496
29101	35423.984
75149	35442.746
80702	35472.777
79647	35502.48
38623	35538.598
28851	35572.984
75771	35602.734
80614	35631.332
79621	35647.85
38948	35660.74
28709	35664.395
75081	35658.746
80146	35650.363
79861	35630.273
39011	35608.03
28436	35578.508
75369	35541.273
80751	35502.82
80333	35454.945
39182	35409.83
27974	35365.98
75022	35327.14
80419	35304.14
79691	35291.414
39318	35300.227
27638	35325.207
74811	35361.965
80647	35410.65
80191	35454.15
39746	35493.574
27767	35516.902
74680	35519.02
80101	35505.363
79609	35469.906
39798	35428.758
28262	35385.895
74691	35349.707
79680	35334.11
80046	35333.35
40539	35355.9
27614	35391.938
74531	35431.625
80643	35470.684
80298	35489.723
40318	35490.617
27498	35465.906
74836	35416.69
80843	35356.703
80261	35287.26
40434	35229.504
27478	35189.93
74639	35174.816
80746	35193.773
80621	35235.08
41176	35301.15
27649	35378.11
74798	35453.91
80544	35526.156
80701	35578.727
41138	35618.305
27215	35641.47
74502	35650.363
80406	35656.984
80609	35656.258
41631	35660.09
27234	35664.887
74649	35667.082
80471	35670.797
80479	35662.86
41791	35650.383
27077	35629.79
74639	35602.2
80641	35580.305
80091	35561.195
41756	35560.105
26932	35577.586
74679	35612.324
81050	35668.438
80950	35729.293
42367	35794.574
26616	35850.52
74616	35886.094
80660	35903.42
80588	35891.57
42166	35862.895
26330	35820.934
74473	35772.875
80444	35735.918
80371	35707.74
42627	35700.98
26388	35711.844
74033	35733.41
79578	35766.094
79483	35791.125
42839	35808.336
26358	35808.574
73840	35786.984
80347	35752.51
80813	35699.523
43219	35643.33
26475	35587.773
73843	35536.637
80433	35501.996
80634	35475.195
43656	35463.902
26489	35462.05
73909	35463.355
80237	35472.16
80389	35475.51
43293	35480.47
26025	35483.574
73866	35482.816
80028	35487.17
80683	35486.816
43830	35489.984
25431	35492.555
73581	35489.414
80019	35486.94
80424	35473.36
43445	35456.676
25165	35434.9
73682	35406.758
80006	35383.457
79983	35357.664
43808	35340.105
24639	35329.473
72914	35322.2
79538	35325.066
79825	35325.363
43929	35328.816
24693	35330.83
72974	35327.027
79920	35326.54
80563	35320.664
44461	35320.375
24292	35326.04
72663	35336.055
80279	35359.594
80869	35385.29
44428	35419.15
23858	35455.605
72556	35487.21
80319	35519.453
80756	35540.086
44773	35557.3
23711	35570.555
72576	35578.598
80083	35593.266
80443	35606.977
44838	35629.105
23154	35657.56
72673	35686.016
80173	35719.945
80364	35745.35
45418	35766.406
23529	35778.78
72591	35777.05
80646	35770.824
81087	35752.457
45115	35733.63
23409	35716.266
73075	35699.188
80349	35693.555
80662	35689.582
45957	35694.03
23261	35703.215
72801	35709.926
80863	35720.92
81211	35724.453
45893	35728.188
22824	35731.67
72581	35732.03
80524	35741.02
80806	35750.312
46061	35768.87
22455	35795.203
72110	35822.445
80253	35856.37
81062	35882.12
46063	35902.992
21946	35913.45
71824	35904.875
80573	35884.78
80931	35842.734
46363	35788.164
21012	35723.57
70641	35648.484
80360	35577.543
81248	35505.773
46696	35446.59
20616	35404.008
70757	35376.293
80210	35375.344
81327	35391.59
47111	35431.53
20889	35491.477
70995	35561.277
80651	35644.246
80545	35723.125
46597	35797.93
20918	35860.98
70656	35901.21
80122	35924.7
81200	35919.965
47384	35896.145
21193	35857.113
71369	35803.227
80246	35751.613
81129	35698.363
47721	35656.64
21779	35629.41
71539	35611.7
80078	35611.45
80809	35613.38
47881	35618.723
21853	35620.32
71557	35606.406
80533	35583.11
81981	35537.863
48966	35479.47
21913	35411.543
71354	35334.312
80515	35264.926
81548	35199.47
48423	35150.684
22002	35121.965
71276	35108.305
79740	35119.113
80965	35140.15
49186	35173.8
21959	35215.203
71416	35253.67
80328	35296.176
81245	35329.4
48818	35359.14
21936	35384.75
71213	35399.895
80385	35414.605
81404	35417.63
49787	35415.285
22163	35406.68
71416	35384.895
80679	35360.957
81621	35325.7
50173	35288.8
22027	35254.562
71338	35221.3
80718	35204.188
81341	35195.977
50174	35205.086
22463	35231.332
71396	35265.8
80096	35314.895
81205	35362.5
50569	35410.027
22489	35453.727
71107	35485.1
79885	35514.996
81259	35534.418
51075	35552.96
22043	35574.406
70626	35594.52
80497	35624.383
81700	35651.383
50884	35678.32
21931	35700.5
71033	35705.85
80574	35701.277
81342	35674.258
51014	35632.523
21736	35580.86
70575	35518.613
80356	35463.812
81636	35411.844
51376	35373.008
21858	35349.008
70513	35330.016
79837	35321.293
81406	35304.53
51966	35278.72
21989	35239.867
70256	35179.473
79713	35111.574
81212	35031.656
52432	34955.043
22086	34892.9
70902	34846.39
80321	34831.85
81524	34838.42
52648	34867.41
21747	34911.18
70448	34951.266
80341	34987.836
81195	35001.53
52524	34994.434
21499	34969.36
70099	34924.953
79985	34882.824
81608	34843.637
52573	34824.19
20991	34833.016
69541	34864.812
80161	34927.504
81558	35002.46
52798	35084.793
20936	35164.773
69709	35225.4
80290	35272.742
81054	35296.047
52861	35305.875
20866	35312.48
69518	35317.973
80161	35342.97
80898	35382.496
52966	35443.586
20888	35523.867
68829	35606.89
79868	35692.727
81500	35758.387
53497	35799.59
20577	35812.117
69176	35787.008
80120	35740.277
81370	35669.74
53331	35592.69
20133	35523.324
68899	35463.566
80078	35432.27
81778	35421.04
53546	35434.18
19932	35468.926
68317	35509.918
79894	35561.64
80839	35607.254
53941	35648.387
20307	35686.25
68797	35713.59
80201	35745.312
81094	35773.9
54058	35807.133
20185	35848.156
68683	35887.273
79563	35933.61
80861	35971.77
53924	36002.207
19850	36023.24
68366	36023.72
79916	36015.6
81596	35989.883
54861	35955.793
19934	35921.176
68352	35882.664
80274	35857.285
81216	35837.39
55001	35829.36
20261	35835.293
68736	35843.805
79835	35863.98
81476	35880.96
55408	35896.22
20229	35910.066
68278	35912.504
80392	35915.973
81079	35910.6
55451	35903.15
20351	35898.414
68535	35888.75
79954	35887.465
81646	35883.133
56228	35879.527
19947	35878.203
67917	35868.375
79658	35861.44
80714	35846.043
56092	35827.52
19984	35811.234
67737	35791.055
80092	35783.312
81712	35780.582
56478	35790.516
20218	35817.76
67926	35852.836
80041	35906.203
81438	35962.652
56666	36020.906
20196	36077.973
67521	36118.31
80515	36149.574
81875	36157.527
56979	36145.176
20068	36117.137
67364	36067.137
79964	36013.332
81746	35950.4
56792	35888.516
20023	35836.168
67861	35787.406
80117	35757.703
81701	35736.37
57769	35726.16
19969	35728.574
66783	35730.71
80024	35741.867
82117	35747.613
58268	35749.094
20334	35747.875
67391	35732.867
79535	35717.14
81613	35690.11
58107	35657.59
19593	35626.07
66870	35588.81
80617	35562.152
81466	35538.773
57692	35525.62
19276	35528.54
66389	35537.566
79995	35563.934
81538	35593.125
57737	35624.24
19124	35655.207
66235	35669.918
79984	35676.64
81347	35661.76
58111	35629.23
19139	35586.008
65675	35527.926
79437	35475.367
81526	35425.56
58471	35389.96
19057	35378.074
65428	35381.26
79276	35410.49
80755	35449.33
57821	35493.37
18753	35537.348
65372	35562.277
79649	35574.355
80871	35560.254
58934	35525.08
18780	35479.49
65109	35422.094
79614	35376.61
81133	35342.86
58679	35332.508
18541	35354.504
64825	35397.63
79297	35469.797
81347	35551.277
58765	35634.88
18471	35714.45
64976	35770.367
79581	35810.17
80954	35822.43
59195	35814.4
18520	35798.04
64663	35771.62
79822	35757.043
81034	35751.117
59103	35761.402
18364	35792.504
64267	35829.297
79320	35877.41
81113	35917.543
59829	35944.33
18475	35956.316
64304	35939.438
79664	35907.613
80936	35855.21
59551	35793.395
18480	35736.785
64389	35683.867
79694	35655.297
81103	35645.48
59793	35658.832
18473	35698.184
64269	35747.277
79421	35812.125
81839	35874.68
60266	35931.67
18541	35983.32
64489	36015.418
79951	36040.52
80934	36049.793
59900	36048.984
18620	36046.38
64296	36033.4
79884	36025.6
81198	36014.215
60503	36003.414
18708	35999.277
63695	35990.96
79277	35992.344
80905	35993.92
60889	35999.43
18792	36015.312
64141	36030.336
79785	36057.3
81240	36084.633
61437	36113.023
18953	36145.51
63963	36167.688
79787	36190.316
80940	36201.23
61109	36201.93
18800	36197.816
63396	36177.87
79521	36156.39
80978	36124.22
61451	36085.02
18483	36045.57
63244	35995.004
79770	35947.434
81265	35893.973
61143	35839.184
18844	35791.465
64079	35742.06
79806	35707.426
80855	35680.227
60828	35664.215
18392	35664.48
63195	35666.535
79416	35679.26
81396	35686.457
62221	35684.254
18801	35673.508
63258	35639.035
79760	35594.113
81008	35531.605
62186	35459.902
18880	35393.11
62909	35328.31
79467	35286.98
80774	35264.523
61683	35264.938
17759	35292.44
61410	35329.17
79776	35379.867
81294	35425.18
62285	35458.79
18559	35481.016
62448	35477.17
80059	35462.016
81228	35430.5
62858	35391.953
18686	35360.812
62526	35332.05
79726	35323.887
81084	35327.9
63064	35344.2
18792	35374.664
62420	35400.66
79773	35429.367
81091	35445.508
62703	35447.914
18658	35442.844
61751	35420.53
79118	35398.996
81219	35373.406
62753	35351.27
18477	35342.74
61641	35337.438
79088	35348.668
81294	35364.24
62969	35382.598
18467	35406.94
61326	35421.85
79209	35438.96
81249	35448.016
63392	35452.266
18468	35460.727
61033	35463.67
78924	35477.277
81309	35493.258
63696	35514.023
18447	35546.008
61041	35574.8
79482	35611.46
80622	35643.68
63195	35670.22
18433	35695.367
61052	35704.625
79519	35710.08
80809	35701.477
63889	35680.742
18626	35656.16
60623	35617.86
79521	35583.09
81181	35547.43
63383	35518.168
18366	35507.98
59936	35509.234
78852	35538.184
80916	35585.246
64607	35648.24
18464	35727.51
59970	35801.05
79059	35871.33
80824	35918.312
63883	35935.438
18360	35925.887
59709	35878.098
79016	35811.965
80362	35729.344
64109	35644.82
18449	35579.285
59406	35531.344
78709	35521.16
80346	35539.902
64386	35583.21
18621	35647.402
59881	35705.586
79198	35757.426
80811	35782.39
65377	35775.36
18819	35744.953
59000	35685.95
78834	35624.65
80396	35567.117
64144	35529.145
18754	35528.78
59236	35557.75
79257	35626.234
80984	35714.375
65415	35806.742
18806	35892.32
59128	35940.473
79163	35951.637
80386	35910.91
65423	35821.586
18796	35702.16
58757	35557.0
78802	35420.348
80466	35303.816
65288	35224.926
18649	35202.04
58879	35224.785
79472	35301.344
80784	35411.0
65339	35538.258
18633	35673.71
58493	35788.35
78624	35883.973
80694	35944.95
66728	35970.46
19113	35972.47
58796	35945.016
79088	35910.336
81348	35867.746
66701	35824.15
19044	35791.3
58584	35756.97
79653	35733.254
80884	35708.598
65969	35680.273
18772	35654.047
57718	35615.957
78923	35580.5
80606	35541.766
66409	35503.617
19116	35478.547
57974	35457.062
79488	35454.746
80446	35463.664
66334	35482.098
18983	35514.57
57974	35542.7
79655	35574.297
80848	35595.695
66780	35602.83
18598	35602.152
56601	35580.902
79012	35555.195
81170	35521.375
66547	35485.848
18784	35463.34
57120	35445.973
79101	35450.312
80749	35468.21
67381	35496.816
19144	35538.71
57261	35573.09
78978	35605.324
80787	35619.86
67111	35611.97
18895	35589.387
56732	35541.992
78954	35489.63
80651	35433.004
67271	35381.37
19051	35351.598
56971	35335.133
79601	35345.504
80820	35370.152
67866	35400.113
19534	35433.03
57021	35444.383
79345	35438.875
80168	35404.223
67211	35341.715
19256	35267.625
56318	35180.676
79201	35108.72
80524	35057.863
67189	35038.504
19056	35064.336
56099	35119.973
79009	35209.6
80503	35311.176
67706	35407.367
19125	35491.03
55476	35536.465
78499	35550.754
80423	35527.043
67994	35472.82
19190	35410.184
55776	35341.395
78841	35294.234
80457	35271.414
67916	35277.12
19279	35318.543
55618	35374.457
79081	35445.617
80293	35510.543
67918	35556.43
19431	35583.72
55573	35575.97
79002	35548.99
80393	35502.492
68276	35445.7
19750	35398.254
55731	35355.375
79182	35335.28
80806	35331.223
68408	35339.523
19659	35363.844
55261	35384.535
79224	35409.67
80606	35429.65
68652	35444.11
19806	35466.207
54968	35488.242
79217	35528.8
80816	35583.918
69056	35652.113
19601	35737.996
54853	35818.902
78793	35895.875
80073	35948.617
68956	35964.902
19867	35947.52
54503	35882.39
79113	35788.617
80686	35671.19
69373	35545.52
19919	35439.145
54456	35354.95
79409	35317.137
80903	35323.13
69063	35368.605
20009	35451.953
54392	35543.78
79504	35637.9
81165	35709.24
69708	35742.74
20088	35740.44
54171	35689.52
79797	35610.707
80723	35511.43
69150	35407.938
19729	35327.125
53731	35269.83
79209	35257.15
80791	35283.18
69820	35340.168
20162	35425.03
53621	35508.133
79087	35585.594
80624	35636.56
70259	35650.61
20618	35635.605
53404	35583.562
79194	35518.06
81130	35447.03
70323	35384.484
20562	35353.55
53088	35349.188
79659	35385.81
81548	35452.05
70637	35535.758
20886	35632.246
53314	35713.152
79551	35777.086
81135	35808.023
70649	35800.2
20997	35765.14
52829	35696.46
79311	35617.062
81021	35532.207
70949	35450.72
21213	35390.113
52929	35341.09
79466	35315.605
81022	35303.555
71724	35296.94
21376	35299.645
52392	35293.215
79400	35286.8
81214	35273.715
71149	35254.168
21185	35241.605
52016	35226.797
79133	35224.895
81556	35230.965
71095	35242.438
21191	35266.61
52261	35286.09
79389	35308.844
81349	35325.41
71288	35331.85
21225	35338.254
51538	35333.74
79551	35333.344
81713	35334.92
71635	35339.78
21025	35360.086
51016	35382.715
79193	35417.95
80728	35456.67
71763	35492.34
21428	35531.32
50944	35557.04
79220	35579.33
80628	35592.03
71518	35593.57
21528	35595.656
51356	35586.824
80312	35580.26
81914	35571.094
72815	35556.78
22039	35547.207
51217	35528.41
80145	35511.42
81173	35490.76
72361	35464.688
21939	35445.13
50959	35420.61
79594	35405.32
80979	35395.707
72823	35390.527
22238	35400.582
50418	35412.473
80099	35436.793
81516	35466.8
72748	35498.21
22318	35539.754
50744	35576.777
80513	35618.844
81769	35658.78
73225	35691.21
22569	35723.703
51002	35739.875
80030	35748.285
81548	35741.64
73054	35716.08
22487	35683.23
50264	35632.758
79960	35580.617
81508	35527.41
73177	35476.11
22371	35442.703
49772	35417.617
79884	35413.43
81744	35424.156
73143	35443.457
22275	35477.09
49153	35507.223
80293	35540.668
81819	35570.066
73609	35591.793
22793	35617.855
49278	35637.85
79636	35665.83
81409	35699.01
73159	35734.86
22769	35781.99
49493	35823.46
80388	35864.96
81851	35896.094
73371	35909.082
22931	35911.82
49140	35891.65
80049	35862.95
81596	35827.043
73618	35787.984
23448	35763.73
49056	35747.344
80110	35752.773
81628	35775.207
73774	35807.543
23449	35854.04
48566	35894.043
79995	35930.03
81939	35951.12
73898	35949.875
23479	35936.176
47991	35899.71
79444	35855.84
81323	35806.426
74121	35754.418
23776	35716.34
48192	35683.637
79776	35669.008
81839	35668.203
73940	35676.0
23688	35699.77
48033	35722.637
79894	35750.664
81868	35775.023
74441	35787.734
24189	35795.453
48004	35782.293
79671	35756.562
81338	35713.484
74476	35650.55
24282	35582.43
47763	35502.777
79949	35430.39
81588	35371.047
74633	35330.92
24213	35329.297
47343	35359.266
79841	35432.074
81395	35539.926
74513	35670.082
24309	35820.12
46859	35962.152
79654	36090.266
81890	36186.805
75164	36238.152
24636	36251.332
46906	36216.13
79804	36150.6
82024	36063.42
75635	35965.207
24951	35881.637
47013	35812.71
80239	35777.01
81988	35774.633
76146	35800.062
25563	35859.035
47039	35930.785
80696	36015.418
82279	36100.33
75194	36173.5
25128	36240.043
46599	36284.188
80446	36314.445
82388	36327.793
75905	36321.21
25434	36307.43
46701	36276.062
80679	36238.664
81996	36194.11
75576	36140.496
25591	36091.477
46185	36038.086
80503	35993.18
82816	35956.65
76383	35926.117
25627	35913.75
45684	35906.73
80556	35912.266
82190	35923.906
76264	35933.07
25756	35947.074
45820	35950.824
80481	35952.17
82562	35948.42
76791	35936.668
25960	35930.867
45565	35921.83
80246	35921.312
82533	35927.953
76663	35937.125
26039	35958.37
45262	35977.19
80992	35999.42
83024	36019.85
77091	36031.75
26483	36045.473
44988	36049.67
80585	36054.793
83264	36059.742
77099	36061.43
26423	36071.258
45014	36076.4
80527	36083.402
82844	36086.727
76966	36078.28
26641	36066.324
44923	36037.723
80805	36001.887
82502	35959.387
77302	35909.71
26964	35869.72
44651	35832.992
81096	35812.633
82705	35809.445
77239	35818.496
26995	35848.523
44257	35883.367
80917	35925.715
82992	35967.63
77318	35999.1
27176	36027.36
44180	36039.58
80602	36044.78
82887	36043.164
77696	36032.93
27405	36028.266
44030	36020.137
80875	36017.87
83340	36019.28
77999	36017.332
27444	36020.402
43662	36014.176
80986	36004.55
83196	35988.73
77879	35961.668
27509	35936.293
43086	35903.97
80569	35876.383
83291	35855.613
77804	35839.684
27696	35842.18
43265	35852.863
80750	35879.773
83103	35920.523
78232	35967.79
28204	36030.574
43293	36094.92
80780	36166.082
83353	36239.715
78365	36306.934
28356	36375.742
43219	36431.258
81211	36478.01
83898	36511.92
78823	36525.652
28594	36530.246
42704	36515.348
81121	36491.24
83408	36461.145
78337	36424.113
28731	36396.26
42761	36370.74
80792	36357.965
82881	36358.066
78633	36363.89
28876	36383.977
42285	36403.117
80969	36424.195
83358	36442.17
78656	36448.355
28804	36452.68
42007	36444.594
81031	36433.395
83918	36421.13
79609	36405.105
29226	36399.457
42068	36394.59
81515	36397.746
83906	36407.094
79304	36414.21
29656	36427.49
41896	36433.63
81031	36438.195
83885	36440.484
79552	36435.44
29761	36436.836
41320	36436.906
81022	36445.53
83637	36464.473
79417	36488.152
30015	36526.6
41518	36566.24
81366	36609.38
84011	36650.7
80144	36678.8
30348	36701.01
41283	36704.39
81345	36695.05
84154	36674.445
80516	36639.496
30257	36606.39
40828	36569.77
81359	36540.67
84151	36522.98
79524	36512.664
30402	36521.09
41144	36536.285
81376	36561.336
83936	36592.137
80104	36617.35
31105	36643.46
41146	36656.48
81583	36660.184
84400	36654.312
80639	36633.465
31337	36611.7
40684	36582.64
81108	36557.098
84144	36539.875
80492	36528.18
31443	36535.46
40091	36552.164
80769	36582.598
84290	36623.59
80765	36663.535
31808	36707.793
39870	36740.86
81669	36763.33
84354	36772.664
81018	36760.836
31991	36740.13
38997	36703.504
81325	36660.57
84258	36617.195
81130	36571.43
32566	36538.84
38416	36513.004
81246	36500.438
84501	36502.133
81434	36509.934
32903	36533.164
36289	36560.805
81399	36594.895
84654	36635.113
82045	36673.117
33691	36719.246
34546	36764.426
80188	36811.344
84427	36859.79
81963	36900.38
33847	36941.43
32575	36972.082
81040	36992.188
84626	37001.156
82504	36990.19
35484	36970.24
30793	36935.707
80243	36891.426
84648	36842.992
83414	36786.785
38511	36737.426
30357	36693.094
80066	36658.332
85015	36636.953
84720	36622.082
43054	36623.7
28570	36637.453
75422	36664.34
83522	36703.918
84216	36746.77
43598	36800.566
13528	36863.043
47473	36934.195
80093	37003.906
83180	37061.914
36624	37114.527
-138	37158.484
22676	37195.918
76359	37212.13
83378	37201.535
38052	37176.535
654	37141.723
25754	37106.965
77263	37067.156
83756	37023.99
42972	36993.637
8289	36982.223
40887	36996.406
79504	37030.004
85086	37075.71
49459	37138.45
22209	37212.32
65113	37291.91
81633	37369.195
85123	37429.215
55126	37473.12
29460	37496.758
74270	37499.24
82861	37483.07
86141	37443.316
61419	37391.91
32562	37338.38
76391	37292.742
83680	37265.87
86036	37256.887
64013	37275.83
32698	37326.133
74379	37405.69
82915	37508.676
86402	37615.2
69284	37716.54
39008	37801.664
79907	37860.39
84284	37888.01
86153	37873.727
75274	37824.094
45173	37751.957
80379	37673.69
65560	37611.723
64833	37570.125
78297	37555.188
49989	37575.723
80161	37632.21
58643	37722.87
53463	37823.375
78863	37909.938
52187	37972.85
80989	38005.496
65604	38010.535
64997	37981.832
77992	37926.637
48889	37864.957
80492	37815.973
67188	37798.9
66828	37809.82
79117	37843.598
50061	37895.16
80321	37951.95
55558	38004.594
44681	38027.188
80739	37997.973
58981	37919.844
81473	37805.77
52671	37680.855
32753	37558.844
80002	37446.617
65479	37365.01
81784	37329.273
53684	37344.74
41434	37389.48
78973	37432.812
54478	37459.836
81018	37458.637
72138	37428.617
72806	37367.99
78858	37297.242
47253	37253.99
80461	37276.54
78416	37399.188
81551	37625.812
78756	37947.27
46322	38329.742
80566	38708.957
81036	39000.176
83449	39092.844
77731	38889.2
45863	38310.23
80279	37305.414
81235	35866.566
83552	34016.457
77588	31832.488
45338	29430.73
80384	26949.32
85876	24536.92
87301	22323.723
77098	20431.17
44731	18951.51
79243	17939.666
80529	17415.768
83352	17352.436
78038	17707.277
44767	18423.54
79663	19433.863
85478	20672.99
87841	22069.623
77010	23574.85
42234	25152.967
79366	26775.885
84956	28426.354
86584	30078.002
77041	31716.195
42706	33324.914
79114	34879.824
84772	36353.145
86996	37698.824
77959	38880.668
44008	39866.953
78862	40632.3
79026	41169.24
80931	41474.49
78771	41577.47
45263	41533.805
79534	41415.137
78936	41307.895
80197	41283.664
78551	41412.215
44644	41743.75
79078	42290.62
78367	43028.96
79110	43879.668
78326	44740.332
44896	45493.332
79010	46015.625
72118	46207.785
69678	45989.78
78940	45339.043
46154	44298.465
78676	42962.68
69840	41476.39
65534	39992.742
79578	38672.273
47062	37663.383
79037	37066.875
70326	36931.496
65097	37225.824
78886	37864.44
45799	38727.07
78453	39664.37
71823	40531.66
68078	41188.062
79273	41537.637
45056	41542.438
78263	41209.844
69991	40597.555
65231	39775.32
79773	38831.777
46644	37862.785
78439	36943.36
66668	36132.344
58062	35444.56
80066	34876.406
48765	34424.78
78584	34080.21
62951	33849.777
49673	33733.98
79627	33747.4
49209	33930.473
78506	34319.74
61168	34953.344
47724	35828.99
79164	36917.42
48160	38176.887
78408	39533.445
64672	40906.84
54240	42189.69
79355	43287.05
45724	44141.15
78640	44718.67
69882	45035.07
62540	45117.51
79283	45024.99
43312	44843.156
77473	44649.277
67456	44522.824
55459	44497.137
79111	44579.574
47133	44763.848
79663	45011.887
67653	45289.85
57444	45537.594
78968	45705.28
42406	45774.297
76776	45733.24
64811	45612.9
53098	45438.375
79138	45232.15
44571	45038.043
77079	44882.79
60363	44803.39
45661	44805.715
79377	44859.566
47686	44952.688
77524	45059.918
57329	45179.777
39022	45297.055
77828	45379.05
47963	45428.773
77159	45443.633
54405	45447.098
26773	45441.23
74754	45401.688
54024	45329.367
79127	45215.168
53023	45073.684
18649	44900.305
70088	44680.79
56461	44433.25
79458	44174.54
51832	43948.23
18585	43772.465
68893	43647.312
55320	43585.29
79186	43575.34
52743	43618.11
16364	43678.977
66158	43704.168
54210	43663.25
78531	43521.586
51802	43283.684
20434	42944.652
71205	42503.574
52681	41997.94
78666	41458.82
52611	40948.227
24443	40498.13
72885	40121.727
49283	39844.95
77574	39660.965
53900	39581.64
29931	39583.8
74673	39637.266
47064	39734.54
77119	39840.88
53714	39961.574
30203	40080.906
74285	40184.246
45269	40282.82
76217	40352.383
54522	40406.492
35103	40433.8
75180	40421.24
42588	40378.66
75806	40285.77
55251	40161.773
37138	40001.805
74039	39801.387
39349	39577.184
75283	39311.7
56265	39023.09
41318	38700.734
74136	38338.086
35582	37955.734
74793	37535.996
57239	37111.043
41905	36699.17
72137	36329.023
32942	36060.234
73894	35901.168
57340	35894.35
43484	36049.668
71686	36361.418
32072	36826.574
74004	37378.047
57304	37979.57
43758	38566.8
71990	39079.39
31169	39489.086
73690	39752.75
57451	39888.09
43111	39906.516
71648	39834.016
31731	39723.62
73758	39597.598
56478	39506.188
41486	39457.414
71639	39440.1
31833	39448.117
74120	39436.133
56184	39392.633
41333	39283.76
71129	39085.28
32096	38808.64
73448	38452.547
54681	38064.695
39584	37671.863
71424	37295.695
32024	36971.613
73129	36694.117
55080	36477.273
39614	36293.582
70904	36103.125
31163	35884.133
72523	35590.367
54978	35223.574
39917	34774.3
70936	34245.723
31579	33677.34
72604	33090.887
54478	32547.03
39811	32073.51
71503	31684.1
32288	31400.135
72698	31199.88
52520	31084.865
36991	31019.088
71310	30959.434
32111	30888.975
71939	30771.668
51422	30619.96
34609	30431.26
70554	30211.338
32894	29997.297
72611	29800.607
51167	29669.814
34229	29620.076
70152	29654.328
32075	29788.203
71808	29996.719
52479	30284.096
37213	30620.547
70660	30971.164
31383	31324.268
71148	31641.07
52232	31926.281
36368	32163.31
71163	32341.086
31494	32478.277
71046	32563.244
52249	32627.158
34753	32675.008
70242	32708.842
31298	32753.139
71077	32792.445
53486	32848.79
37818	32914.715
70739	32979.594
29639	33056.324
70135	33120.113
55176	33187.88
38719	33252.0
70784	33304.38
29404	33362.04
69826	33405.43
55339	33454.582
38068	33501.867
70463	33535.984
28817	33568.645
69273	33572.348
55925	33560.453
38924	33522.176
70838	33448.45
28012	33359.89
68764	33239.28
57536	33114.074
40378	32989.848
70886	32871.582
27793	32789.832
68314	32726.172
57462	32700.387
40824	32703.549
70064	32722.37
27243	32766.94
68306	32800.08
57703	32829.08
39563	32840.496
70393	32823.293
28108	32796.863
68183	32741.07
57968	32681.102
39299	32618.992
70851	32553.451
28513	32507.014
68054	32459.46
58345	32428.71
40383	32404.861
71057	32374.314
28578	32350.59
68285	32305.309
58751	32253.174
39394	32187.727
71201	32102.473
29252	32019.203
68426	31918.947
58683	31825.545
38228	31737.654
71067	31650.666
29788	31587.104
68529	31525.314
59027	31485.521
38247	31463.22
71086	31451.15
30102	31469.701
68313	31491.66
58931	31530.95
37374	31577.098
71492	31615.068
30829	31658.314
68546	31670.82
59424	31660.307
37558	31614.213
72141	31519.773
31301	31401.607
68904	31235.377
59741	31042.89
36808	30831.178
72093	30605.12
31688	30406.152
68485	30219.756
60141	30068.89
36724	29958.123
71956	29883.7
31822	29872.824
68144	29894.764
60173	29954.773
36984	30040.352
72110	30132.557
32043	30247.607
68641	30347.215
60898	30432.354
36630	30491.02
72132	30509.05
32200	30510.2
68220	30467.707
61624	30399.45
37092	30310.705
72166	30205.64
32241	30123.588
68396	30050.66
62486	30013.207
39024	30015.666
72703	30054.164
32318	30150.469
68028	30269.219
62960	30412.5
38807	30559.637
72384	30685.93
31689	30800.02
66082	30863.6
62310	30886.092
40065	30863.684
72403	30796.707
31274	30720.281
62613	30624.578
59678	30541.57
42275	30479.39
72378	30442.338
29058	30457.79
48813	30502.59
56472	30583.137
43726	30681.895
72739	30780.51
24452	30887.967
37599	30972.104
57014	31034.8
43931	31065.102
73072	31056.455
22513	31034.797
17218	30990.56
47267	30937.62
43468	30876.33
72865	30808.72
23894	30762.758
22379	30727.322
51253	30713.006
48035	30713.434
73813	30724.96
24036	30768.445
17911	30827.287
49998	30904.863
50454	30988.18
72704	31068.48
21229	31161.28
16631	31244.684
51355	31318.322
50092	31369.377
73765	31391.713
20296	31408.27
11002	31407.287
52719	31397.576
57848	31376.854
73593	31351.125
19682	31347.97
11575	31355.596
53849	31377.22
61229	31400.16
74319	31419.078
21696	31449.188
16785	31468.96
55411	31480.018
61068	31473.896
75784	31454.902
26248	31452.07
29083	31457.639
58433	31488.324
65258	31539.852
75389	31614.154
20946	31728.467
7073	31858.875
58346	31991.686
82758	32098.934
74240	32174.209
17007	32229.383
6112	32248.096
58393	32236.54
84178	32193.74
73512	32143.5
15268	32122.455
5737	32127.285
57596	32164.898
83754	32220.883
71356	32294.988
13234	32394.46
5517	32487.38
57001	32561.197
83394	32595.451
64361	32600.957
8051	32606.234
5333	32608.197
56189	32625.246
82814	32659.53
59216	32731.943
5563	32861.934
5083	33024.184
55184	33205.133
81993	33371.883
53898	33517.582
3568	33645.516
4933	33732.406
54797	33784.438
76743	33801.65
26453	33817.293
-967	33856.438
4643	33911.69
53709	33984.594
67789	34052.65
13428	34110.72
-1199	34136.656
4626	34088.38
53324	33948.93
67701	33700.316
13259	33365.836
-1172	32971.25
4484	32530.113
53513	32074.377
64676	31616.008
10098	31177.625
-1210	30752.879
4389	30298.475
53096	29777.6
67329	29138.88
12607	28367.68
-994	27460.484
8838	26421.844
54974	25307.623
71451	24185.006
18134	23162.674
-1184	22340.906
4279	21780.816
52907	21529.77
71673	21578.914
17792	21902.033
-1179	22426.062
4081	23032.432
51852	23614.574
58902	24067.08
6940	24336.246
-1211	24399.475
4046	24258.4
51884	23968.63
65002	23597.094
10918	23242.154
-1204	22982.982
4118	22854.812
52633	22878.662
74404	23029.193
22219	23282.982
-1112	23597.424
4032	23908.62
52783	24186.518
77059	24410.06
27899	24611.053
-891	24839.258
4002	25129.826
52244	25535.139
81412	26075.785
61116	26767.262
6943	27606.393
4023	28524.11
52859	29449.361
82301	30287.3
66028	30968.574
9651	31457.535
4053	31710.227
53434	31734.264
83128	31553.791
71856	31234.299
14290	30870.389
4044	30518.32
53363	30239.3
82752	30060.357
73380	30000.854
16208	30073.225
3970	30232.154
53707	30435.227
83276	30621.299
67459	30749.803
10359	30804.023
3769	30740.822
52731	30549.674
83079	30220.713
66079	29776.064
9498	29264.477
3769	28704.076
52454	28136.082
82379	27588.105
67276	27101.104
10513	26722.44
3721	26446.299
52413	26266.748
83140	26143.945
68213	26037.193
10799	25908.098
3542	25672.023
51797	25265.309
82789	24623.93
71332	23723.658
13607	22588.723
3577	21237.205
52154	19734.47
83050	18155.336
74737	16601.688
17743	15192.058
3547	13992.051
52449	13055.826
83305	12391.706
74351	11988.835
17485	11825.357
3504	11820.962
52156	11901.424
83443	11983.913
73693	12015.869
16163	11986.583
3395	11875.766
51888	11704.817
83133	11504.88
75211	11333.994
18373	11269.7295
3293	11346.888
51492	11595.93
83324	12016.11
76773	12587.243
20799	13280.617
3748	14012.426
52339	14697.438
83487	15242.261
77256	15563.123
21804	15617.093
3250	15358.193
51286	14788.127
83086	13950.039
78715	12917.61
28746	11812.845
44855	10736.367
72350	9816.591
80024	9161.738
83189	8835.803
50221	8879.864
62594	9257.831
75781	9916.822
41053	10775.127
74538	11699.61
56249	12590.742
64972	13346.18
74478	13927.409
35087	14347.425
71969	14628.669
56644	14863.929
64291	15140.968
73881	15572.241
33287	16255.235
71088	17207.51
57159	18429.166
64095	19850.115
76628	21382.72
45364	22921.953
76673	24326.318
50159	25506.1
57357	26387.502
78480	26965.943
84762	27282.799
82716	27404.582
37255	27438.992
42413	27468.234
72094	27574.56
83786	27800.709
81576	28139.174
35133	28557.705
41295	28969.28
68802	29293.648
83938	29458.938
81851	29402.541
34690	29112.406
25729	28606.646
60226	27948.85
84187	27227.94
82632	26526.61
35603	25929.008
29125	25483.582
63959	25215.057
84021	25114.959
81761	25133.143
34098	25215.723
23725	25298.652
59935	25338.521
84185	25314.56
82263	25219.55
35364	25079.545
26434	24928.467
62130	24810.533
79324	24763.092
82072	24793.756
38916	24902.63
45029	25065.428
70080	25260.557
75808	25463.607
82439	25641.076
40659	25785.732
53133	25897.906
74266	26002.748
60963	26129.814
79473	26276.887
45231	26443.672
56061	26614.816
78263	26757.414
52534	26838.162
76972	26795.145
48959	26602.219
57411	26266.588
79245	25820.99
57261	25340.791
78643	24893.715
45796	24570.674
54206	24450.62
75501	24569.37
58619	24923.832
78397	25432.13
45113	25989.41
55704	26472.389
78809	26755.389
54995	26761.066
77802	26443.074
46671	25850.895
56799	25115.273
78633	24421.055
44945	23996.814
75408	24030.883
52942	24684.37
58784	26044.648
76540	28090.78
36991	30710.043
72329	33662.62
56370	36671.31
59965	39454.0
75216	41750.44
32628	43382.73
68690	44228.465
57880	44293.883
61380	43691.7
75116	42596.656
31678	41238.863
68178	39811.293
56493	38497.535
59551	37438.098
76436	36697.74
37102	36295.03
72130	36164.445
55981	36234.016
60559	36438.082
77030	36720.297
37360	37062.15
72144	37435.63
56388	37852.23
59268	38341.176
76580	38921.754
36458	39605.938
71820	40343.383
56560	41078.29
58724	41734.33
76882	42238.77
35908	42534.62
69988	42546.562
56265	42250.19
58529	41653.613
76829	40810.44
36713	39809.066
71256	38713.25
55923	37610.97
57983	36576.793
77941	35680.867
39149	34980.848
72154	34469.54
55174	34138.438
59078	33953.777
79616	33882.105
42709	33893.207
73563	33915.31
52519	33901.523
54804	33809.613
79079	33623.67
48836	33354.82
75962	33000.195
50525	32597.592
53828	32197.66
78951	31875.162
50463	31715.588
75696	31762.137
49999	32056.752
54038	32605.584
79625	33392.34
50096	34374.402
75597	35446.168
51005	36504.21
54296	37438.527
79686	38167.723
50634	38649.43
75768	38847.164
50838	38785.38
53310	38518.953
79658	38140.387
50010	37760.824
75696	37446.977
51800	37260.89
54476	37223.38
80667	37332.047
48056	37565.566
75219	37844.34
53318	38102.42
54806	38276.508
80119	38336.312
44931	38291.473
74328	38139.67
56025	37919.152
55374	37674.168
79186	37459.094
41103	37328.105
71865	37275.062
57739	37290.418
55789	37341.453
77847	37394.4
38282	37426.71
70580	37382.465
59222	37240.027
58044	36993.77
78942	36667.438
39598	36311.88
71135	35942.016
58794	35589.227
56436	35271.523
79364	35003.21
38963	34799.938
69694	34624.668
58379	34454.547
55684	34266.625
79631	34059.242
40516	33846.88
70693	33628.867
58760	33437.66
55637	33300.547
80176	33249.85
42849	33315.32
72301	33483.047
57554	33759.293
54697	34104.55
81066	34478.06
45206	34846.69
73242	35152.55
57429	35385.152
56798	35515.31
80273	35540.527
43806	35484.56
72988	35352.863
57015	35194.418
53522	35024.586
80884	34861.977
45267	34731.168
73055	34619.746
56305	34543.254
52923	34483.152
80384	34432.047
45478	34396.94
73301	34363.234
56339	34342.594
52882	34339.805
80454	34370.402
43992	34457.01
71726	34587.254
57548	34762.727
53223	34969.49
79509	35197.22
39118	35440.812
68292	35664.445
59738	35854.117
54294	35996.047
79228	36091.336
36789	36162.742
65463	36202.64
61178	36222.742
55423	36233.004
79426	36248.465
35991	36293.43
64846	36350.668
61093	36415.707
54860	36478.473
78773	36534.867
34907	36597.125
63313	36643.07
61316	36670.223
54430	36678.992
78294	36678.82
34686	36694.656
62486	36712.78
61195	36735.22
55070	36757.348
79541	36779.945
35864	36811.883
64270	36830.758
61374	36836.67
54081	36824.977
79203	36803.64
36454	36791.363
63804	36778.08
61724	36779.605
54728	36792.934
79140	36819.406
35504	36864.75
62511	36896.793
61640	36911.58
54102	36885.0
79014	36804.1
35245	36675.246
62409	36481.176
61803	36244.336
53472	35978.12
78609	35710.453
35929	35482.645
63108	35301.816
60678	35196.086
52540	35166.477
79462	35210.41
38992	35324.94
65967	35466.81
59254	35620.523
50943	35750.4
79738	35834.25
40978	35870.652
66808	35837.285
58231	35758.934
50459	35644.04
80615	35513.74
42581	35405.918
68204	35323.89
57414	35302.824
49413	35341.23
80537	35434.42
43003	35587.766
68599	35769.195
58544	35982.008
49976	36201.01
80479	36406.973
41269	36603.33
66246	36765.332
59533	36908.79
50676	37023.812
80543	37105.06
41220	37166.46
66492	37188.75
59813	37189.027
50031	37158.383
80629	37094.152
41606	37014.0
66340	36906.48
59724	36799.37
49960	36695.758
80684	36603.117
41359	36545.48
66158	36509.99
60414	36514.727
50190	36545.23
80826	36585.0
41878	36632.098
66074	36649.426
60783	36637.2
49890	36574.035
80948	36447.43
41593	36272.273
65307	36038.293
61001	35778.152
49949	35504.31
81283	35233.902
41910	35002.594
65109	34807.793
60691	34675.773
49213	34600.14
81078	34569.457
42900	34583.86
66209	34605.926
61244	34631.418
49329	34633.83
81034	34594.684
41073	34521.113
63823	34393.875
62454	34233.863
49621	34049.074
80994	33855.715
41580	33689.18
64417	33549.633
61434	33465.004
48613	33437.934
81725	33466.613
42584	33559.63
63381	33685.76
61251	33841.203
48122	34001.56
81604	34146.145
44909	34275.113
66413	34360.785
60557	34413.16
47847	34427.477
81686	34405.758
45088	34370.48
66839	34310.78
60949	34247.63
46658	34179.824
81676	34105.61
46109	34039.934
67369	33963.21
60356	33890.46
46951	33816.58
81833	33740.715
46049	33683.766
66784	33634.316
61769	33615.625
47569	33628.008
81554	33669.684
44548	33755.707
65136	33862.223
63579	33995.746
48127	34139.5
81190	34274.754
43204	34406.844
62795	34509.992
63713	34596.418
48305	34662.777
81546	34707.754
43856	34755.1
64214	34795.184
63996	34850.094
47817	34917.895
81442	34990.0
44853	35076.56
64504	35150.12
63829	35216.1
47962	35260.324
82281	35268.992
44589	35256.68
63306	35208.234
64630	35146.207
47755	35077.09
81150	35005.016
42763	34956.78
60928	34920.594
65608	34911.805
48733	34923.42
81402	34942.13
43443	34975.426
62098	34995.387
65612	35008.223
47903	35006.734
81629	34985.65
45361	34965.188
63317	34935.348
64376	34918.652
47283	34917.79
82228	34929.98
46679	34971.336
63938	35018.79
64236	35077.832
46067	35134.402
81941	35171.66
46985	35198.266
64591	35192.137
64056	35168.03
45379	35127.336
81981	35071.64
51897	35026.14
68701	34982.3
61549	34962.688
42322	34966.043
77806	34983.39
55431	35022.582
70991	35058.543
60484	35099.61
42486	35132.766
80254	35142.453
54760	35140.164
69975	35109.184
61838	35069.68
43444	35022.727
81520	34962.652
53477	34909.227
68968	34848.426
62911	34798.926
43139	34758.227
80031	34715.76
55401	34686.434
69613	34655.45
62151	34643.207
42008	34650.887
79647	34671.406
57361	34722.066
71023	34787.957
62144	34884.51
41970	35003.516
80007	35124.63
55905	35251.363
69689	35355.848
63276	35445.07
42508	35509.633
81179	35535.68
54114	35541.332
68533	35516.715
64893	35488.125
44066	35464.938
82791	35445.656
52284	35453.62
65921	35474.17
65928	35519.617
45342	35580.64
82867	35634.125
50883	35683.992
63881	35701.13
66971	35691.293
45247	35649.305
82519	35564.37
49309	35460.164
62346	35330.082
68159	35200.96
46146	35085.613
83016	34984.64
49965	34924.36
63081	34892.426
67678	34903.008
45005	34951.67
82818	35021.03
52718	35119.184
65556	35218.58
67799	35322.496
44668	35419.938
82104	35491.805
50903	35547.45
63147	35563.1
68216	35547.07
44989	35496.55
82634	35402.984
51844	35288.125
63868	35142.55
67625	34990.61
43966	34845.703
82659	34712.85
53638	34623.43
65594	34571.438
67548	34576.9
43734	34639.32
83023	34740.69
55044	34884.35
65681	35035.434
67353	35187.38
43307	35320.61
82471	35408.95
54420	35461.266
65375	35460.297
67006	35427.227
42668	35376.145
82530	35313.527
53556	35275.26
64790	35259.168
68724	35287.23
43870	35360.977
82286	35462.176
53598	35594.844
64461	35724.75
68314	35847.074
43787	35947.53
82763	36005.695
53483	36038.07
63463	36033.812
69029	36017.254
43827	36004.453
82153	35998.367
50431	36028.523
59621	36082.77
70835	36169.69
45659	36281.535
82196	36392.406
48263	36504.707
55488	36586.305
71714	36635.418
46467	36649.703
82591	36620.676
49837	36576.555
58326	36514.137
70836	36459.453
45124	36428.562
82559	36417.992
51480	36449.062
59720	36501.01
70478	36574.785
44279	36658.83
82533	36726.094
52051	36782.824
59682	36804.09
70836	36798.15
44146	36771.81
82083	36721.082
52454	36676.348
60483	36632.7
70294	36610.22
43284	36616.438
83016	36639.035
56689	36690.26
64231	36743.47
68944	36797.38
41944	36840.35
82118	36848.42
57171	36831.574
64580	36769.965
69306	36676.402
41429	36559.008
82202	36415.195
56524	36274.883
64021	36133.906
69732	36014.773
41816	35929.41
82390	35871.812
56809	35863.77
63954	35888.91
69743	35955.117
41816	36058.707
81958	36176.727
58205	36315.777
64482	36447.2
69518	36569.254
40808	36673.0
82308	36733.59
56746	36762.684
63036	36741.76
70853	36683.973
41883	36600.125
82326	36487.516
56441	36379.45
62083	36275.6
70839	36200.86
41688	36170.543
82418	36177.523
56591	36241.91
61834	36342.902
71104	36480.5
41673	36644.773
82410	36804.23
57367	36960.816
61965	37083.83
71294	37171.844
41825	37222.83
82324	37219.44
56111	37183.824
60693	37107.75
72041	37010.89
41985	36909.707
81586	36800.473
55757	36712.32
60421	36637.594
72596	36590.06
42443	36576.367
81633	36580.625
55523	36617.742
59341	36665.703
72634	36724.76
42603	36791.03
82119	36840.676
57137	36883.863
60819	36896.965
72562	36881.91
41438	36839.145
81797	36751.6
57126	36638.688
59954	36487.926
72719	36311.484
42248	36121.227
81653	35913.523
55389	35718.137
57685	35531.76
73413	35369.01
43233	35243.953
82288	35152.12
55491	35117.703
57467	35126.93
74023	35181.797
42634	35281.363
81609	35402.957
55764	35553.16
57111	35702.125
73506	35839.95
42061	35958.438
81649	36033.492
57119	36078.258
58372	36077.707
73558	36041.67
42046	35986.28
81498	35913.414
56351	35859.746
58223	35827.504
73714	35834.543
41654	35895.508
81698	35999.656
57795	36161.176
59289	36353.445
73809	36563.555
40896	36777.28
81714	36960.48
59718	37115.074
60351	37214.543
73204	37259.58
40204	37258.742
81471	37206.645
58848	37136.855
59322	37050.805
74114	36970.277
41170	36915.242
81491	36878.74
59003	36882.656
58792	36909.57
73739	36958.082
41038	37025.25
81368	37083.8
58777	37143.293
59155	37181.207
74491	37199.52
40798	37204.906
81099	37182.31
58511	37155.027
58096	37113.02
74609	37066.46
41629	37026.418
81679	36978.418
58597	36943.418
56902	36907.387
74767	36874.9
41463	36853.45
81699	36827.043
60851	36815.56
59298	36805.48
74664	36802.71
40191	36815.1
80756	36824.6
59934	36848.78
58483	36870.668
74996	36891.832
40836	36916.582
80991	36924.406
61312	36931.418
59500	36920.94
74616	36896.23
39374	36864.56
80273	36809.766
63647	36752.164
61928	36680.75
73846	36604.87
38284	36537.867
79758	36468.977
64684	36423.08
62138	36392.527
74130	36386.996
38748	36416.418
80210	36463.18
63426	36541.633
61248	36629.855
75358	36722.15
38931	36814.996
79850	36879.31
64719	36923.92
62422	36929.34
74383	36899.33
37878	36845.676
78955	36758.688
66787	36666.59
64474	36567.703
74116	36478.414
37804	36415.08
79281	36363.617
66999	36341.426
63524	36330.844
74548	36330.82
37433	36342.977
78953	36341.02
66523	36338.227
63588	36320.195
74793	36295.035
38236	36277.598
80070	36252.8
67201	36243.785
63459	36241.242
75366	36251.66
38581	36282.73
79556	36310.152
66052	36346.332
62047	36372.875
75441	36391.05
38541	36410.023
80315	36412.75
66018	36423.145
60658	36435.3
75505	36460.324
38281	36513.355
79526	36576.38
67141	36664.715
61495	36758.832
75456	36852.684
38517	36944.348
79937	37003.176
65416	37039.816
59810	37037.574
76526	37000.89
40565	36946.152
80111	36866.76
62257	36795.32
55073	36731.746
77531	36686.73
41438	36675.62
80016	36680.484
65407	36714.477
59022	36754.668
76798	36791.074
39336	36821.89
79368	36819.8
66898	36798.844
61025	36747.6
77541	36675.383
40004	36603.47
79694	36527.3
67126	36478.598
60311	36455.78
77563	36466.332
40493	36520.21
79728	36593.38
64921	36694.137
57114	36795.7
78449	36884.527
41363	36959.016
79539	36992.625
63992	37002.027
56019	36977.957
78589	36929.36
41643	36879.18
79559	36821.75
67329	36787.504
59440	36773.14
77508	36784.91
39767	36833.547
79254	36895.24
69206	36980.402
62664	37067.406
77378	37149.664
38019	37231.324
78435	37288.39
70532	37337.227
63379	37367.043
77067	37383.742
37506	37402.484
78243	37406.375
70413	37415.367
63211	37418.695
77445	37418.707
37928	37426.406
78530	37421.38
70098	37422.668
62360	37421.39
77854	37423.836
38804	37446.734
78923	37473.984
69845	37526.402
60444	37592.8
78470	37670.72
39916	37765.098
78268	37846.66
65682	37924.016
54737	37976.098
79411	37995.496
42002	37992.78
78848	37952.03
66169	37900.902
55500	37841.06
79546	37787.125
41789	37766.047
78734	37767.83
68763	37814.71
58621	37892.633
78827	37992.387
40257	38111.168
78093	38209.215
71988	38285.125
63227	38312.875
78358	38285.836
37572	38216.973
77454	38093.305
71354	37948.3
61915	37791.777
78858	37646.598
39041	37545.094
77925	37479.723
71249	37473.246
61030	37510.75
78743	37580.645
39468	37677.05
78135	37757.457
70247	37819.25
58596	37835.633
79456	37797.02
40645	37715.715
78158	37578.914
68800	37419.85
56213	37247.2
80173	37079.582
41682	36949.164
77783	36850.816
67555	36812.273
54148	36825.83
80283	36886.348
42016	37000.355
78098	37137.754
69670	37305.754
57616	37483.266
80208	37659.24
40687	37838.88
77794	37993.84
71876	38134.414
59706	38243.184
80483	38312.33
40089	38349.35
77431	38328.812
72609	38266.664
60304	38155.25
79514	38001.184
38586	37830.484
76124	37638.004
72664	37459.355
61545	37303.09
79583	37185.66
39091	37133.496
77184	37131.07
72041	37195.457
59423	37309.844
80413	37460.516
39883	37646.535
77286	37830.664
72670	38015.953
59995	38180.84
80071	38316.2
38918	38432.816
76153	38509.16
71681	38565.176
58311	38595.09
80371	38600.535
39993	38599.668
76348	38575.137
70913	38548.477
56570	38514.598
80894	38474.8
41053	38449.19
76479	38424.31
70461	38424.13
55153	38443.465
80658	38478.246
41747	38538.7
76778	38596.355
69791	38656.49
53268	38694.43
80869	38689.48
41981	38642.844
76246	38526.496
70566	38358.188
54549	38137.543
81081	37876.406
41352	37612.402
76257	37352.484
71238	37141.426
55103	36993.86
81166	36920.348
41663	36941.76
76229	37036.074
69656	37209.504
52023	37434.895
81310	37682.81
42346	37944.54
75933	38179.832
70169	38390.992
52786	38560.145
80718	38678.07
40721	38762.0
74886	38798.902
72457	38814.938
56424	38810.86
81279	38789.508
39927	38772.08
74534	38742.477
72927	38719.973
56688	38697.176
80874	38669.066
40146	38650.395
74803	38620.66
72506	38596.977
55876	38570.355
80905	38534.258
39643	38502.156
73458	38450.37
73838	38392.035
58246	38316.13
80584	38215.84
38803	38107.402
73688	37973.875
74125	37839.145
58038	37705.406
81658	37580.387
39938	37493.51
73888	37436.46
72473	37435.92
54882	37489.773
81451	37593.305
40443	37758.008
73611	37950.88
73523	38173.29
56942	38400.56
81424	38609.836
39405	38801.52
73013	38941.652
75447	39038.633
58919	39082.832
81561	39072.426
39218	39031.516
72540	38950.824
74888	38860.402
59184	38767.133
81901	38679.086
40045	38623.13
73218	38585.42
72842	38585.695
54339	38615.58
82059	38663.59
41756	38738.26
72905	38807.625
73447	38876.31
54434	38926.78
81851	38944.11
41281	38939.594
72679	38889.516
73104	38812.348
54271	38708.223
82101	38580.055
41834	38456.43
72803	38329.0
74561	38224.793
55695	38145.652
82186	38088.72
41494	38069.41
72082	38062.613
74554	38075.887
56261	38091.742
81950	38091.844
41481	38082.85
72085	38039.465
74776	37977.26
55529	37894.293
82094	37792.055
41965	37699.02
72126	37609.277
75098	37551.95
56041	37530.4
82300	37542.09
41831	37602.285
71498	37684.33
74851	37792.098
57315	37903.703
82206	37995.777
41563	38070.03
71896	38094.26
74819	38077.824
55416	38014.27
82334	37902.254
42430	37770.91
72088	37613.54
75486	37462.52
55883	37329.516
81983	37223.0
41831	37172.273
70916	37162.34
75255	37209.312
60434	37302.477
82493	37426.87
40677	37586.992
71737	37746.36
75848	37904.77
58106	38042.156
83014	38139.062
42409	38204.258
72788	38214.977
75734	38190.336
52999	38133.156
82169	38046.06
44290	37960.38
72991	37871.977
74499	37811.637
50768	37786.043
82423	37791.7
45126	37846.027
73364	37923.8
75198	38029.996
51298	38145.043
82970	38242.492
45209	38324.3
73348	38357.57
75762	38350.957
51551	38300.04
82295	38202.336
45041	38089.168
73071	37957.15
76888	37841.152
53788	37755.703
82666	37707.28
44656	37723.46
72978	37784.355
75837	37899.547
51415	38052.98
82844	38217.89
46116	38392.816
72764	38538.58
74315	38655.496
48094	38729.64
82568	38745.46
46997	38722.4
73174	38647.605
75981	38547.5
49396	38431.426
82775	38300.246
44508	38182.26
69799	38065.137
75969	37967.777
49333	37888.688
82501	37815.746
46727	37764.605
73407	37715.152
76227	37683.758
50947	37668.543
83243	37661.785
46472	37684.51
73517	37718.83
77139	37780.707
51563	37864.293
83144	37953.21
46544	38057.06
72800	38146.22
76603	38226.805
51244	38287.594
82706	38313.12
45966	38321.04
72576	38295.043
77641	38258.05
53383	38217.156
83431	38172.81
45471	38153.176
72573	38143.383
78901	38160.3
56391	38198.18
83523	38241.71
45229	38301.48
72362	38347.63
78758	38387.25
55352	38412.715
83244	38413.52
45364	38411.41
72561	38389.49
77056	38368.61
49999	38352.11
83307	38332.195
47596	38329.246
72890	38321.152
78504	38319.832
52299	38320.312
82601	38310.395
45793	38310.473
71942	38303.742
79964	38311.145
57979	38337.625
83634	38381.508
42298	38467.434
67267	38572.67
78302	38703.234
56626	38843.633
83809	38967.03
45958	39074.023
71114	39126.066
78208	39125.27
52057	39065.727
83759	38940.32
47166	38781.48
71592	38588.496
79926	38398.66
56300	38232.0
83827	38095.64
45392	38019.098
71344	37983.375
81176	37996.113
59434	38042.46
84065	38097.812
45150	38167.348
71194	38219.773
79859	38265.074
54366	38303.87
84225	38330.883
47194	38373.83
70764	38420.96
79171	38490.83
51726	38580.773
83523	38670.4
48667	38765.6
71749	38831.375
78006	38868.008
48071	38864.72
83320	38804.71
50164	38711.312
72087	38576.004
78753	38429.1
49674	38287.773
82613	38154.438
48044	38058.047
70576	37981.477
80887	37933.684
55334	37903.582
84072	37866.07
46778	37828.46
70301	37763.97
80805	37686.375
55459	37603.05
83956	37517.04
47594	37465.883
70961	37449.29
80222	37496.332
53660	37613.66
83785	37786.656
47613	38022.215
69685	38278.336
82686	38540.312
60491	38778.918
83719	38959.07
44089	39083.125
67885	39122.05
81486	39091.016
61196	39001.16
84159	38862.78
44754	38720.664
68864	38579.48
81994	38475.188
57754	38426.016
84376	38431.902
47724	38516.14
69478	38654.617
79616	38849.12
48705	39083.742
82999	39322.836
50788	39561.594
70439	39757.453
79406	39902.027
47122	39980.4
82682	39968.375
50781	39884.457
69370	39718.508
80368	39500.465
51185	39256.54
83365	39002.418
49622	38787.594
69358	38619.113
80084	38528.09
48814	38524.293
83193	38589.34
51544	38726.49
69690	38893.254
78996	39073.188
45286	39238.938
82419	39350.016
52100	39408.93
69472	39390.984
80398	39312.902
48902	39190.62
82537	39030.297
50158	38874.695
68444	38727.523
82239	38618.44
54196	38561.387
82993	38549.46
49144	38600.348
68614	38691.27
81733	38827.418
51711	39001.51
83779	39190.746
51389	39404.59
69013	39615.4
80302	39825.047
47251	40024.133
82719	40184.56
52124	40313.918
68418	40382.64
80611	40394.27
47960	40349.043
82462	40236.32
52339	40087.26
70244	39898.242
82419	39698.844
52649	39509.184
82840	39330.492
49708	39192.53
67557	39077.33
82964	38990.305
54816	38923.582
83381	38852.812
49561	38789.457
67299	38709.92
82398	38626.996
53155	38552.67
83263	38487.89
50008	38469.938
66626	38494.75
82346	38581.133
52025	38731.14
82690	38920.27
50411	39149.9
66761	39375.86
84186	39581.113
59189	39744.598
84841	39839.586
48330	39884.414
65838	39866.25
83714	39811.22
57564	39744.297
84130	39676.523
49825	39649.35
66051	39655.14
82161	39706.18
50009	39799.258
82482	39904.35
52491	40024.613
67150	40124.227
82332	40200.273
49046	40250.832
82678	40262.695
53001	40264.3
66502	40247.668
84056	40231.027
55689	40221.67
84154	40203.934
50454	40189.965
65348	40146.484
84900	40065.793
59565	39936.438
84388	39739.152
49449	39498.273
65010	39209.152
84495	38904.914
56334	38619.227
83932	38370.4
51482	38206.28
65651	38126.293
83910	38144.258
54256	38253.56
83617	38417.34
52310	38623.605
65429	38819.9
85306	38982.09
58818	39087.293
84391	39107.984
50121	39062.715
63845	38943.617
84116	38778.51
64083	38592.38
85464	38398.734
47769	38241.734
62628	38118.594
84890	38047.06
61230	38033.543
84944	38064.2
50773	38155.24
64607	38281.836
85197	38444.727
54970	38639.79
83546	38843.258
53218	39063.09
64744	39269.39
85511	39455.594
57596	39608.97
84360	39699.047
52364	39732.344
63533	39685.387
85979	39566.99
61720	39390.133
85046	39160.625
50619	38924.55
63316	38691.926
86378	38497.58
60640	38367.754
84958	38303.81
51588	38330.457
63825	38425.082
86379	38581.805
58973	38784.715
84773	38997.72
53216	39218.445
63778	39413.227
86455	39577.39
58416	39707.176
84604	39785.22
53403	39831.668
63291	39830.95
86558	39791.867
60894	39720.484
84740	39606.31
51566	39475.676
62148	39320.027
85946	39158.914
63049	39013.234
85624	38890.82
51629	38834.85
62826	38844.875
86906	38937.75
60061	39118.816
84617	39363.42
53578	39669.418
63590	39986.414
87264	40281.816
61128	40521.06
84913	40656.855
52591	40686.62
61899	40585.676
87729	40367.945
63999	40059.773
85832	39682.086
52534	39295.64
61854	38925.67
87439	38615.527
65371	38396.75
86354	38273.227
51421	38269.867
61079	38362.152
86552	38539.793
64925	38784.586
86113	39058.875
52461	39357.402
61429	39643.023
88129	39904.57
63911	40132.332
86033	40302.695
53381	40427.547
61006	40488.902
87462	40493.707
64351	40449.76
86014	40350.94
53188	40227.977
60312	40079.9
86940	39929.06
65554	39796.45
86503	39684.7
52946	39628.312
60576	39617.664
88199	39658.26
65334	39749.945
86804	39868.965
53625	40023.555
60579	40180.617
87754	40328.71
64973	40460.066
86254	40551.996
54265	40620.81
60451	40649.61
88602	40645.06
64868	40616.848
85964	40556.387
53738	40490.6
59510	40407.6
87431	40315.12
68737	40221.41
87301	40118.727
51531	40036.113
56357	39963.4
83134	39911.574
74898	39889.74
89015	39893.207
49765	39947.61
55320	40034.883
83480	40153.168
73336	40294.953
88338	40435.855
51616	40582.055
58031	40703.61
87389	40793.223
68246	40848.36
87072	40854.324
53577	40836.43
57911	40787.785
86636	40723.492
68466	40660.742
86759	40598.145
53225	40566.3
57743	40552.754
87306	40559.23
69974	40585.395
87959	40610.586
53896	40647.906
58269	40673.1
88439	40682.98
66304	40680.99
86538	40655.453
55718	40632.125
59144	40603.57
89398	40580.695
64843	40576.656
86288	40580.715
57901	40612.754
59780	40655.34
89774	40705.023
64312	40760.0
86368	40796.754
57813	40828.723
59556	40838.31
89773	40829.44
64447	40814.363
86019	40786.86
58086	40777.91
59431	40783.89
90527	40815.08
62332	40883.25
85501	40971.05
60127	41089.137
60067	41212.906
90347	41330.95
61314	41436.164
85166	41499.715
60873	41531.703
60529	41518.06
90736	41466.67
61817	41396.574
85573	41306.348
60618	41232.492
59226	41175.96
90839	41147.734
63941	41159.45
86738	41191.938
60428	41256.49
59395	41325.434
90816	41384.426
61409	41428.914
84961	41433.473
61670	41414.027
59481	41362.57
90381	41291.9
59594	41226.113
84014	41164.617
61922	41138.688
59202	41146.156
91289	41191.285
61730	41277.727
84553	41377.02
61751	41491.223
58710	41591.43
90765	41663.9
61644	41707.69
84571	41703.465
61470	41674.41
58069	41619.168
90769	41552.953
64912	41499.523
86483	41455.504
59824	41446.34
56727	41460.25
90381	41491.504
67204	41535.457
86695	41562.42
58495	41574.344
56324	41549.316
89156	41486.07
66361	41396.336
86283	41276.18
59502	41159.895
56129	41055.504
90346	40981.76
64068	40960.027
85048	40978.53
60996	41051.777
57096	41155.406
90908	41270.83
63669	41386.59
85080	41467.15
61933	41516.66
56817	41518.56
90361	41476.664
64138	41412.695
84583	41328.69
61958	41261.426
56005	41219.24
90532	41215.586
63867	41264.53
84212	41345.22
62096	41461.79
56388	41585.89
90676	41698.234
62699	41791.258
83443	41836.824
62533	41848.875
56141	41822.78
90423	41771.336
62188	41722.508
83291	41678.0
63156	41670.26
56376	41698.188
90860	41761.836
62799	41863.926
83269	41973.14
62874	42087.49
55375	42179.09
90286	42233.215
63474	42252.19
83629	42220.094
63034	42160.777
55444	42079.31
89472	41993.145
58263	41929.543
80800	41882.867
66169	41874.125
56889	41892.945
89137	41930.95
52511	41988.164
78227	42032.516
67130	42067.86
56706	42080.527
89549	42071.152
57587	42058.688
80578	42037.344
66516	42035.395
55926	42057.32
88991	42109.98
57042	42204.656
80484	42314.816
66801	42438.52
55871	42547.965
88819	42622.473
55971	42656.36
78774	42621.53
67330	42530.234
56309	42384.49
88956	42202.24
54736	42019.426
77981	41842.5
66842	41707.31
54739	41621.914
89887	41590.91
63586	41621.258
82018	41683.77
62831	41775.242
52176	41867.684
88619	41942.234
66416	41997.438
82969	42014.0
62116	42010.98
52026	41991.28
89186	41968.7
62651	41969.742
80605	41989.4
64170	42047.184
52763	42133.207
89314	42236.18
63042	42351.902
81217	42445.65
63514	42514.63
51153	42538.688
87799	42509.992
64593	42441.445
81313	42326.61
63124	42195.58
51431	42059.438
88694	41934.562
62665	41847.61
80653	41791.81
65076	41782.543
51916	41809.527
88445	41862.754
62113	41941.918
80118	42019.324
66095	42092.957
52832	42149.01
88569	42183.098
58668	42207.098
77595	42207.324
67173	42196.82
52029	42175.426
88396	42146.28
62551	42123.688
80338	42092.492
65072	42065.402
51094	42035.605
88267	42000.273
63299	41970.723
79741	41931.117
66029	41893.832
51503	41854.492
87929	41812.793
58923	41783.31
76789	41751.016
67221	41728.477
51390	41712.51
87638	41703.2
58737	41715.23
76742	41732.504
67150	41767.418
51071	41813.23
88148	41863.152
64242	41922.508
80061	41965.344
65377	41994.1
49578	41990.83
87456	41940.4
65143	41846.527
80033	41689.215
65458	41484.883
49939	41236.79
87610	40956.74
60134	40678.652
76360	40408.414
67850	40181.59
50224	40013.258
87648	39913.406
62231	39901.51
77296	39958.14
66573	40086.66
49637	40264.203
87785	40463.016
63146	40671.355
77999	40847.746
67052	40985.062
49873	41062.375
87175	41066.05
59489	41009.516
74460	40883.01
68683	40713.99
51064	40518.22
87257	40314.8
57851	40143.555
73718	40009.95
68299	39945.33
49165	39957.586
87409	40045.06
65439	40214.81
79618	40435.133
66038	40698.46
47559	40972.746
87109	41223.414
67068	41437.457
79948	41578.562
66349	41650.754
48201	41648.188
87749	41573.645
61557	41459.49
75125	41311.34
69229	41166.152
49853	41041.555
87249	40946.477
57933	40902.824
72543	40890.258
70065	40910.47
49688	40944.77
87511	40970.086
62887	40986.19
75787	40967.6
68520	40925.152
48065	40861.68
87534	40784.277
65509	40722.715
78299	40676.133
68704	40667.68
48112	40698.145
87549	40757.945
63108	40848.684
75622	40935.36
69556	41007.79
48308	41043.86
87454	41024.69
63145	40960.688
75184	40841.35
69163	40694.598
47226	40541.316
87256	40401.516
67324	40313.84
78838	40280.625
68159	40323.367
46653	40434.93
87318	40592.28
64798	40784.03
76297	40961.785
70468	41104.24
48869	41180.344
86798	41163.99
55352	41064.95
68371	40871.684
73193	40612.582
50040	40316.1
86280	40010.98
52606	39750.906
65862	39550.01
73314	39441.426
49973	39437.156
86963	39530.066
57404	39724.043
69986	39978.414
72923	40273.02
49028	40573.145
86887	40838.277
59733	41056.01
71260	41188.293
72691	41234.254
48728	41192.215
87414	41063.484
59903	40882.11
70404	40654.777
72541	40417.96
47995	40197.863
86966	40010.31
60183	39889.79
71231	39829.594
72799	39842.816
47940	39922.055
86648	40043.26
59053	40202.207
70421	40356.69
73338	40493.574
47979	40588.76
86538	40613.41
60222	40573.6
70773	40450.945
72955	40264.71
47776	40031.586
86257	39766.25
59105	39514.574
69123	39289.723
73253	39129.895
47403	39056.586
86171	39072.93
58678	39198.86
68538	39409.402
74217	39696.84
48194	40035.453
86883	40383.434
59013	40725.08
67754	41012.586
73940	41230.254
47590	41359.99
87123	41381.246
64314	41310.72
72721	41142.074
72427	40902.4
45454	40615.42
86994	40298.4
64734	39995.266
72409	39716.516
72606	39492.883
45639	39342.242
87214	39266.38
65714	39285.11
73179	39378.867
72778	39547.27
45466	39775.48
87541	40033.26
65771	40314.637
72879	40580.42
73667	40817.992
45905	41009.434
87804	41130.617
63127	41191.23
69886	41174.39
75621	41093.332
47001	40962.695
87901	40790.836
64120	40616.83
70962	40448.035
75003	40315.594
45926	40240.633
88141	40225.773
68461	40293.254
74742	40424.43
73898	40616.258
44989	40848.98
88896	41082.54
68625	41300.883
74738	41454.676
75924	41523.008
46556	41483.883
89104	41310.81
64859	41020.6
70576	40609.777
77797	40110.723
47883	39561.5
89629	38993.586
62573	38470.29
69688	38017.07
79687	37674.71
48585	37469.418
91260	37398.07
69103	37472.64
74417	37658.51
79216	37935.41
47926	38271.223
92371	38615.688
68978	38953.246
73775	39240.94
81517	39468.36
49228	39630.824
92384	39716.14
63751	39752.734
69468	39738.316
83251	39694.027
50509	39639.574
93416	39575.35
70378	39528.14
75266	39486.7
82430	39457.52
48751	39442.156
94271	39423.83
72958	39416.254
77322	39400.562
83228	39382.637
49263	39366.91
94613	39340.13
68993	39323.7
73176	39303.55
85739	39285.727
51424	39274.414
95178	39253.152
66401	39237.438
69519	39206.105
86600	39157.91
52277	39094.535
95612	39001.09
66734	38899.465
70223	38779.527
86878	38655.875
51648	38547.594
95901	38453.848
73226	38406.984
76560	38403.137
85548	38456.33
49579	38572.812
96171	38730.31
73544	38935.4
76474	39155.336
86807	39374.625
49839	39578.83
96030	39737.355
70405	39859.484
72806	39926.895
87803	39947.688
51673	39939.965
95893	39906.734
70286	39885.387
73094	39875.29
88611	39891.137
51567	39942.613
96191	40009.094
72224	40098.06
74484	40177.68
89509	40236.17
52056	40265.96
96679	40241.65
67514	40183.02
68863	40081.562
90277	39953.6
53671	39824.9
97173	39699.91
67830	39617.086
69450	39573.62
91037	39577.977
53153	39638.016
97525	39733.754
73813	39876.363
76132	40040.35
90592	40220.44
50676	40416.242
95748	40604.773
74552	40798.867
79739	40974.91
90801	41128.316
49793	41254.414
94995	41322.496
70924	41338.875
79638	41276.324
97008	41134.777
53484	40930.68
95026	40669.664
60986	40406.16
82027	40159.816
116721	39975.656
64733	39907.754
100388	39971.234
47821	40205.33
85949	40573.72
136698	41046.01
73347	41590.363
104341	42126.926
39657	42620.582
89401	42983.395
152463	43175.383
79768	43202.89
106859	43059.02
28853	42813.45
90068	42487.71
169781	42144.207
87973	41874.12
106894	41715.52
16279	41738.266
91537	41912.645
189592	42214.99
99446	42637.387
111446	43112.61
3433	43622.383
84017	44069.914
199866	44400.715
109143	44619.887
116015	44704.793
5051	44703.758
79001	44597.0
203263	44398.27
120774	44167.24
120674	43917.555
8973	43706.945
71422	43507.836
203195	43307.086
127177	43134.133
122509	42977.81
11650	42878.164
66178	42804.63
200659	42747.74
128919	42748.23
123136	42807.773
13456	42971.508
63330	43203.992
199133	43474.934
129629	43792.086
124316	44114.81
14748	44445.21
61178	44711.953
197624	44862.23
131265	44901.305
124653	44809.94
15496	44632.54
63443	44356.664
198672	43997.156
129840	43625.63
126801	43275.105
18292	43023.26
72255	42863.418
201448	42790.355
127164	42829.87
126583	42950.75
17873	43157.688
64828	43373.258
199583	43530.812
131481	43618.055
126905	43595.598
17662	43487.492
56516	43264.527
194843	42923.957
134466	42527.465
127839	42110.945
19600	41759.277
57721	41483.164
193540	41293.008
131256	41234.754
126719	41301.184
20030	41515.836
56649	41818.1
191695	42147.633
132323	42488.703
125759	42790.062
18669	43054.117
46208	43225.824
187518	43267.215
141774	43202.1
126775	43036.703
18594	42831.367
36321	42590.305
181454	42322.77
150647	42088.945
130395	41926.586
19978	41910.125
38626	42043.39
182583	42322.79
150519	42782.445
130879	43419.91
20896	44259.15
34815	45246.125
182618	46313.6
157128	47433.902
134230	48552.02
22578	49655.633
29165	50678.05
181450	51562.48
169815	52315.32
138494	52943.195
24757	53506.65
30317	54015.33
183765	54478.04
169678	54949.3
141163	55455.793
26575	56048.113
31447	56697.01
185584	57353.297
168865	58007.39
142426	58625.34
28013	59217.645
32416	59741.586
188484	60165.57
176492	60522.402
145455	60837.887
29324	61185.816
26137	61578.082
185834	62008.57
187463	62503.953
150366	63059.34
32435	63687.707
32579	64323.89
189618	64888.21
172848	65353.83
149936	65682.28
34987	65893.64
40698	65962.34
194264	65878.43
166394	65699.24
148410	65460.32
35053	65242.27
33333	65053.176
191431	64879.742
179509	64743.67
151944	64629.324
36371	64555.277
26226	64477.695
189754	64347.72
202822	64175.684
159808	63975.797
38519	63812.703
36560	63697.72
198618	63635.17
176320	63678.426
161018	63838.78
45919	64154.543
57502	64573.984
211924	65023.785
158815	65476.906
157530	65860.01
48498	66158.984
75687	66301.11
220058	66239.8
152069	66009.516
159811	65617.02
57428	65144.63
95639	64611.42
224378	64051.082
135041	63547.465
149841	63115.01
59615	62811.85
110393	62605.277
209409	62469.55
111601	62414.242
136299	62382.184
49037	62376.85
103292	62328.74
209289	62196.973
119259	61996.566
135956	61694.793
42816	61331.836
91459	60884.156
203381	60357.29
117593	59813.484
136013	59262.59
51348	58777.773
99981	58359.137
208634	58019.79
113625	57813.766
137279	57723.33
52174	57779.535
106339	57925.992
209682	58116.633
106200	58349.12
121067	58563.332
47617	58763.203
105134	58894.06
186677	58945.004
69288	58965.79
68924	58962.562
27474	58998.098
97336	59075.68
184398	59224.598
73229	59500.74
74936	59883.51
35476	60388.336
107316	60950.59
188231	61534.164
61017	62129.598
38208	62668.664
25819	63140.53
107078	63491.855
175023	63733.707
47811	63913.668
29533	64028.48
18800	64136.746
101155	64238.594
173366	64380.29
47247	64614.76
26893	64916.176
20159	65305.934
102612	65736.24
174251	66206.89
48481	66724.66
30442	67226.11
22974	67718.91
103141	68155.19
175949	68550.7
51960	68930.47
36409	69245.664
22393	69520.79
99763	69717.266
179845	69849.586
61170	69940.68
52676	69934.85
26369	69859.41
97561	69691.68
183211	69472.35
72979	69272.05
81179	69088.21
32249	69015.664
94323	69087.26
186910	69373.984
85370	69947.016
101214	70760.12
36953	71824.36
93331	73048.56
191616	74354.36
95608	75667.625
114689	76823.35
41531	77769.77
92703	78423.74
192553	78794.195
100348	78968.98
122528	78995.484
44092	79050.53
91433	79251.91
193197	79738.2
103637	80623.9
124779	81865.79
44838	83438.58
89591	85173.81
195583	86888.43
110063	88397.6
126781	89446.55
47299	89924.375
90372	89726.61
194911	88878.89
107921	87518.35
125869	85762.05
46189	83854.91
89172	81969.47
195498	80274.54
110347	78900.62
126656	77812.91
47505	77000.23
89149	76342.984
195674	75748.02
111346	75176.57
128123	74555.46
49494	73970.01
88861	73500.63
195585	73296.32
111900	73528.54
127613	74229.42
48939	75428.875
87394	76978.19
193631	78646.086
110125	80144.5
127680	81054.375
50246	81067.07
88675	79907.8
194714	77478.305
109635	73894.805
126344	69359.1
49563	64300.25
87074	59181.9
196976	54502.53
117381	50720.37
130008	48058.152
51391	46628.04
87683	46291.43
192784	46763.508
107656	47678.49
128352	48532.844
50926	48942.574
86909	48585.086
195219	47322.543
114809	45232.16
130198	42456.02
50976	39326.14
85071	36185.484
196613	33386.227
118304	31245.982
129901	29871.441
50582	29310.08
86230	29441.527
194893	30078.81
111679	31028.447
127984	32001.533
50538	32832.02
86509	33383.664
193037	33633.477
106661	33678.992
125848	33575.973
48039	33484.793
82831	33519.145
194899	33786.016
116329	34389.742
128907	35286.754
50587	36459.566
83470	37825.56
195931	39314.49
117418	40904.965
129223	42497.695
51678	44094.242
84179	45674.01
194855	47257.52
112948	48910.773
121579	50596.918
48250	52342.54
85647	54106.92
193131	55859.676
106855	57602.22
124123	59230.82
48778	60722.914
83045	62025.082
194738	63123.3
115391	64067.688
129136	64824.457
51104	65437.43
79805	65925.36
196549	66326.51
123373	66717.71
132218	67070.31
51247	67426.086
75659	67770.48
197979	68104.64
133619	68463.28
133918	68785.625
52787	69094.414
76004	69352.266
197122	69548.336
129386	69708.766
128180	69777.1
47764	69790.695
77269	69727.16
195233	69600.99
119660	69465.0
128202	69291.414
49099	69151.93
75903	69044.31
195070	68989.24
120172	69026.766
126520	69113.484
51872	69285.41
76431	69491.25
194773	69699.34
122173	69900.86
129641	70015.21
50809	70058.9
74573	69986.27
194790	69793.484
127500	69520.72
131440	69150.38
53389	68766.51
74303	68389.86
195443	68065.5
130955	67861.53
134209	67761.64
56046	67822.9
71833	68009.125
195536	68287.99
137172	68638.414
133873	68963.945
55929	69256.19
72772	69444.02
196283	69489.93
137480	69403.58
135109	69158.38
57268	68836.164
72139	68470.234
195451	68106.64
139871	67820.734
136523	67622.05
58414	67588.58
68127	67713.266
196324	67966.52
147638	68327.086
136748	68706.125
54962	69090.91
56740	69415.1
196851	69601.87
163714	69621.75
142261	69427.33
57968	69069.32
56723	68564.93
196078	67930.375
166092	67227.91
142921	66490.516
58876	65830.27
55401	65303.836
196661	64936.52
167411	64773.426
143900	64803.48
59513	65069.984
53889	65540.89
195746	66139.72
170743	66806.03
145351	67431.85
60603	67982.14
54864	68376.65
196328	68533.31
169818	68431.56
145587	68043.64
62196	67451.1
56763	66710.07
196386	65883.15
166706	65076.516
143239	64349.08
62198	63820.12
59198	63521.906
195964	63454.004
165279	63617.23
141986	63940.473
61708	64414.184
55943	64962.652
195201	65520.555
166065	66069.08
142986	66558.86
65763	67034.92
69043	67491.164
195138	67938.42
146870	68412.65
134515	68877.55
60976	69358.414
69231	69796.66
191059	70137.43
128853	70353.234
122244	70356.79
52509	70159.68
67901	69732.76
188049	69096.18
121041	68330.586
108906	67470.26
46713	66637.484
65759	65890.12
186885	65289.543
122183	64904.4
116104	64704.746
50263	64711.402
65073	64858.477
185603	65083.504
120393	65355.055
108258	65582.734
45225	65772.34
64210	65890.55
185800	65944.77
122292	65993.35
115416	66035.4
51013	66149.08
63395	66342.52
185732	66622.85
126616	67011.836
123503	67444.5
56554	67923.586
62509	68387.04
185248	68789.21
133601	69129.01
128624	69355.42
60019	69514.97
58617	69610.84
186730	69665.45
154071	69735.14
133481	69814.76
65078	69960.17
59971	70155.77
187557	70378.26
160364	70622.95
136588	70825.07
66973	70991.23
55731	71085.07
188486	71088.82
168418	71033.305
138443	70915.82
69080	70814.586
58839	70757.89
187930	70778.04
163284	70928.45
135684	71193.07
68601	71603.336
59564	72118.86
190442	72688.49
178105	73281.74
140065	73819.66
62771	74295.336
33116	74667.55
183344	74906.195
195285	75031.375
152402	75040.375
72268	75004.99
41726	74952.33
184708	74904.0
194150	74904.38
151701	74947.71
69491	75079.766
30787	75282.98
183321	75521.44
204539	75785.14
158710	76025.85
76409	76257.55
34302	76453.37
182191	76582.055
205451	76649.26
157034	76630.63
72819	76566.07
31639	76453.56
178893	76284.766
198733	76086.58
150569	75853.89
70769	75645.09
37326	75476.32
178619	75356.74
189829	75321.81
145337	75360.87
68024	75511.37
35182	75741.74
176481	75992.62
185814	76214.54
140848	76301.21
68668	76198.12
39336	75809.32
177730	75052.45
181073	73910.07
137971	72362.35
71501	70494.055
47920	68391.25
179355	66172.28
173056	64007.887
133886	62016.867
67834	60353.293
37537	59093.863
174883	58253.78
182385	57825.414
137514	57705.832
67255	57812.33
31800	58010.816
171937	58164.113
189053	58194.184
141388	58027.477
69344	57698.566
31779	57248.46
172720	56744.18
187167	56302.066
139720	55993.332
71280	55921.97
36268	56116.418
173263	56552.395
182721	57201.152
135922	57964.566
71256	58790.31
38354	59595.953
174183	60315.246
182358	60948.65
135556	61488.23
71886	62008.61
37358	62564.31
175209	63198.457
180722	63973.797
133156	64880.348
75158	65927.086
47806	67059.6
178959	68196.0
168181	69287.695
130521	70241.6
72591	71041.3
51148	71666.53
178418	72120.21
141805	72471.01
93544	72739.516
54666	72993.03
56306	73253.625
186236	73520.38
140513	73814.266
88844	74076.42
59785	74285.22
66635	74395.664
194778	74378.05
134299	74276.12
62201	74095.26
45743	73896.71
70647	73730.66
200191	73647.62
124574	73738.44
44897	73997.98
39720	74419.71
74404	74957.87
198855	75551.46
122248	76185.47
52829	76777.22
37904	77292.945
59470	77709.875
190761	78026.195
134839	78310.875
78258	78569.97
55784	78843.5
64454	79146.59
198828	79468.15
149296	79830.016
101346	80164.46
73459	80432.305
63355	80585.6
199422	80571.71
167908	80406.016
123237	80055.65
77589	79548.266
44249	78914.69
179393	78173.24
167524	77392.07
120158	76575.95
69393	75766.28
34107	74987.96
174363	74242.734
177716	73579.91
132281	72996.84
74468	72533.8
31205	72215.38
172901	72033.02
187386	72009.51
129832	72099.46
75393	72273.51
29136	72477.586
181481	72622.1
211705	72665.03
148638	72542.89
89655	72257.34
24633	71829.94
177857	71280.65
223008	70693.54
153383	70132.04
90011	69693.81
20542	69438.79
177066	69363.46
238759	69467.08
174458	69695.35
114604	70014.96
40829	70374.28
203216	70691.88
247032	70951.14
177698	71130.914
128814	71269.08
59389	71402.53
220359	71530.01
245583	71685.125
172899	71843.36
135175	71991.92
78414	72092.11
230553	72069.586
231759	71914.62
160669	71605.92
133033	71197.92
92646	70772.01
237078	70410.31
215108	70252.4
138315	70364.88
120410	70796.67
92768	71515.164
234831	72390.695
196769	73285.01
105493	73968.49
93426	74235.12
89355	73907.53
237593	72870.05
187127	71171.43
102126	68908.75
85310	66295.13
103640	63592.4
251260	61062.45
185306	58992.973
83174	57529.56
87949	56719.81
103079	56498.64
252046	56684.273
189133	57096.62
82061	57474.812
86033	57592.684
101204	57297.098
250655	56505.31
183673	55294.41
70597	53758.2
73794	52044.848
96383	50318.53
248533	48705.355
183689	47354.594
81418	46301.426
92241	45538.88
113180	45043.703
267928	44769.49
203916	44764.402
100369	45040.02
105771	45643.06
106529	46662.824
264123	48157.113
208913	50223.754
93813	52836.566
100120	55885.426
108141	59201.418
266919	62526.633
210554	65648.67
102668	68294.2
111236	70234.336
108249	71351.18
266802	71598.51
217152	71109.88
105421	70039.05
101263	68585.695
89366	66991.05
255178	65438.77
219649	64137.777
102912	63172.246
99170	62553.652
83956	62272.387
252380	62255.57
218311	62502.31
99214	62970.21
93784	63631.78
76343	64502.785
247626	65566.5
219370	66868.414
102704	68370.48
88812	69991.96
66844	71641.586
244891	73167.39
224549	74499.95
107923	75554.34
100090	76301.22
64937	76815.266
241576	77198.24
239002	77679.305
126198	78466.94
116060	79746.3
70235	81667.22
246849	84235.74
244766	87425.38
141444	91060.33
121424	94888.23
70253	98650.586
247093	102051.67
257531	104928.57
151060	107165.1
138905	108738.484
70877	109756.24
247953	110330.64
273727	110668.41
165944	110915.5
151932	111150.45
74829	111411.516
250648	111593.19
284214	111595.96
169481	111255.42
153107	110403.734
73696	108957.69
249511	106844.27
286844	104146.234
170871	100995.79
154571	97572.66
71896	94124.625
248124	90827.72
287688	87893.16
168421	85445.33
150481	83533.95
68940	82189.54
245624	81331.03
280458	80919.414
157063	80872.93
142061	81098.016
63603	81532.8
241364	82048.81
279542	82575.6
154846	83002.734
138324	83208.195
57941	83104.086
237406	82553.65
267431	81533.11
135710	80061.59
117485	78240.945
49859	76284.836
233712	74402.766
255906	72908.03
114604	72076.55
99854	72122.266
43096	73186.86
230434	75202.516
247548	78030.59
110456	81385.305
96751	84908.33
40083	88253.03
230182	91033.914
246437	93032.68
100704	94147.18
85011	94427.77
34596	94084.27
226738	93343.34
252669	92535.2
116666	91939.42
103968	91754.984
33257	92093.52
225051	92858.68
268133	93909.164
136014	95005.195
120204	95884.73
33310	96349.29
224673	96197.82
273295	95411.34
133308	94061.945
117629	92309.05
32120	90404.88
225164	88535.84
282346	86928.98
145912	85714.516
131111	84914.39
35993	84500.16
229551	84290.72
286686	84145.57
146873	83905.15
128182	83435.05
24734	82719.31
212284	81749.09
281152	80669.61
135608	79664.836
97855	78919.24
-13386	78649.836
178511	78936.63
250413	79861.03
113669	81393.74
75867	83401.07
-29679	85740.75
168607	88155.016
258039	90474.47
136165	92545.63
98702	94255.42
-24449	95628.95
181291	96671.586
298161	97527.84
158108	98363.87
118945	99309.89
-11179	100535.23
194107	102060.0
311381	103921.836
162634	106076.555
126473	108389.24
179	110755.33
205507	112961.31
290186	114903.984
124998	116499.0
87208	117685.28
-16584	118518.375
199989	119004.27
283429	119271.86
122176	119438.0
95543	119577.67
-9248	119788.29
198363	120021.01
278014	120265.625
137152	120452.32
112364	120478.77
-20647	120306.82
197632	119809.836
322498	118985.01
152064	117883.086
120908	116578.01
-4915	115236.555
212812	113917.57
315619	112738.055
136730	111769.71
98230	111006.836
-37542	110433.13
175820	109864.586
288649	109148.01
129496	108129.15
85348	106677.086
-58653	104777.734
185663	102361.25
395457	99500.0
284879	96357.195
423839	93097.47
373166	89995.44
646082	87175.07
695768	84805.71
372977	82990.76
438843	81661.734
308173	80782.805
559140	80116.65
620175	79502.44
293406	78821.97
320816	77940.77
177653	76909.94
446764	75723.805
558541	74553.08
252373	73653.336
258128	73223.49
80629	73525.16
348999	74577.04
499652	76375.445
215338	78824.49
182403	81657.44
-11956	84626.91
282483	87294.75
477907	89354.76
201554	90648.12
142793	91108.25
-64786	90915.74
260193	90216.13
478519	89354.73
189198	88757.67
122993	88742.18
-79894	89587.984
276003	91215.79
504920	93459.164
207078	96025.64
167144	98427.97
4425	100231.34
553998	100965.82
815433	100329.516
367381	98050.234
410817	94220.19
194362	89184.12
670669	83200.72
970789	76736.01
408784	70234.9
346825	64081.38
-29073	58584.984
606229	53999.79
1100684	50258.246
419463	47383.426
232843	45379.746
-303918	44325.66
508317	44317.57
1196495	45485.99
475936	47903.117
297428	51574.863
-198551	56392.29
539978	62022.51
1190366	67973.734
518764	73536.945
359949	77989.14
-128014	80715.83
557498	81278.47
1213531	79566.57
559323	75755.68
374147	70375.945
-125262	64232.49
575909	58187.508
1214570	53057.703
539653	49340.516
373664	47202.004
-120492	46466.3
560661	46601.965
1203394	46941.605
530771	46751.82
370226	45534.773
-144423	43208.695
529726	40095.09
1202913	36944.418
536888	34653.17
370931	34107.902
-113182	35930.68
542015	40151.05
1161391	46151.4
517800	52539.535
391123	57457.74
-51242	58968.4
566782	55431.918
1123505	46066.848
470916	31189.867
355409	12520.231
-48200	-6862.626
565654	-22956.44
1083070	-31347.744
427372	-28110.459
316974	-10473.604
-95771	22554.398
534558	69712.07
1070219	127543.766
410308	190646.31
280458	252505.31
-140359	306496.44
517300	346844.38
1050966	369630.9
366628	373299.4
207316	358977.34
-230326	330248.22
473180	292377.78
1029318	251411.27
324463	212953.16
137141	181288.58
-314192	158707.38
442623	145152.39
1032533	138506.94
294372	135127.31
55090	130874.3
-423717	122157.086
373526	106721.336
972899	84287.45
297503	56504.516
110364	26700.045
-424404	-873.0101
340489	-22129.229
1055194	-34096.56
366684	-35768.27
153645	-28413.564
-383867	-15391.295
340058	-1601.6458
1061196	7623.7686
394265	7602.0493
191609	-4473.885
-366915	-28675.475
343254	-62123.844
1048167	-99173.805
376937	-132376.77
179342	-153617.16
-361842	-155481.98
332016	-132685.77
1070936	-82964.29
399232	-7642.492
186428	88617.13
-380043	198603.34
306810	313620.06
1076499	424944.8
424651	525012.4
213955	608523.75
-394232	673063.25
286166	719024.6
1093358	749222.06
446081	767924.44
217721	779927.3
-393399	789625.75
282834	800162.75
1081804	813109.44
429699	828315.7
193411	844349.5
-408874	859132.9
266948	870520.2
1065795	876987.6
422753	877883.9
193384	873652.0
-457247	865760.2
220076	856228.44
1076353	847239.7
437927	840522.06
192113	837070.6
-491607	837058.9
175819	839762.9
1075135	843895.06
462911	847810.3
214108	849992.6
-470134	849458.3
175824	845836.5
1072607	839497.1
461922	831278.5
206623	822336.2
-444775	813906.0
196464	806897.5
1054061	801789.94
450674	798404.1
224688	796062.44
-423799	793812.0
199594	790555.0
1069894	785396.1
492113	777706.2
259851	767319.5
-424635	754649.0
181666	740467.06
1120491	725835.0
547618	711781.3
271484	699176.94
-340057	688673.2
289265	680485.1
1143850	674488.06
503658	670145.75
272989	666712.25
-340367	663465.75
290260	659731.94
1186099	655098.3
583109	649350.8
330682	642544.25
-306126	635103.7
309126	627551.25
1199618	620553.0
695669	614620.75
423846	610103.7
-137162	607218.8
401013	605757.94
1198403	605309.4
743246	605237.4
387119	604729.56
-267531	603060.75
93116	599684.5
768621	594347.94
466898	587027.25
98368	578346.3
-453598	569276.8
-27987	561016.3
679029	554871.1
451097	551772.44
79579	552536.56
-426407	557420.06
-4286	566074.5
666796	577651.75
514917	590754.3
105439	603716.3
-402610	615090.1
12384	623660.9
671258	628775.56
519136	630264.94
136498	628518.6
-362823	624737.75
33166	620057.8
667538	615933.94
477313	613309.56
110258	612947.94
-378139	615204.06
5797	619622.25
608507	625570.2
416395	632009.3
81782	638175.94
-416290	643368.5
-41922	647070.4
562415	649498.8
349659	650908.25
53410	652005.94
-470401	653464.0
-105579	655862.75
519731	659356.7
305830	663793.94
40076	668600.44
-479621	672952.44
-120973	676060.7
496633	677261.4
282447	676187.4
42468	673112.0
-466691	668677.56
-110516	663946.6
477646	660068.06
240383	658006.25
28463	658545.56
-454519	661952.1
-102028	667685.0
447554	674879.4
215254	682256.06
26586	688668.3
-448892	693259.7
-109624	695439.8
438893	695389.2
221568	693732.2
31995	691642.4
-447262	690412.75
-111457	690891.25
440923	693598.94
224054	698285.0
33714	704234.1
-432274	710298.7
-101226	714994.4
434943	717276.25
218951	716615.25
38078	713501.06
-422037	709324.44
-102715	705932.3
432316	705592.8
226726	710180.9
43756	720952.4
-416756	737978.75
-107275	759782.94
429266	783874.0
226881	806936.0
42746	825822.5
-404197	838155.4
-110069	842791.56
433916	840583.4
258148	834109.4
56711	827560.4
-399423	825706.9
-112969	832613.44
437815	850864.0
274873	880359.6
62069	918151.0
-393949	958319.56
-111649	992475.56
437003	1011334.3
285424	1005997.25
70370	969896.3
-383677	899945.5
-106803	797175.06
438218	667194.0
275364	519275.38
73521	365368.47
-376965	218153.4
-105519	88959.55
437009	-13572.176
273021	-84930.625
75498	-124895.54
-373007	-137410.34
-104065	-129790.49
434727	-110910.42
274001	-89814.35
77023	-73847.37
-370598	-67742.04
-104323	-73266.13
435391	-88996.93
271534	-111262.6
80001	-134955.77
-358655	-154889.23
-90487	-167131.19
425163	-169457.3
238702	-161926.67
68967	-146445.81
-360166	-126330.9
-90942	-105684.75
411671	-88176.02
221593	-76540.945
64151	-71857.68
-361497	-73585.91
-99689	-80026.48
398131	-88629.42
213752	-96459.35
59800	-101090.95
-366313	-100908.05
-114871	-95606.39
398638	-85832.89
243900	-73172.03
63733	-59452.324
-387685	-46463.12
-153546	-35791.797
371076	-28279.975
249521	-24232.791
46819	-23223.162
-406617	-24501.025
-181855	-27449.576
348084	-31497.002
253078	-36507.44
30716	-42438.918
-411414	-49464.45
-181100	-57960.125
332322	-68001.78
288624	-79487.77
35869	-91699.195
-377106	-103620.945
-123703	-114228.08
340581	-122507.14
327047	-127561.63
51138	-128918.41
-366922	-126620.055
-114669	-121404.69
340806	-114389.55
337926	-106757.62
58470	-99627.01
-369606	-93840.97
-122110	-90006.9
342924	-88242.74
320524	-88097.21
57607	-88805.56
-378346	-89461.96
-138771	-89421.25
372311	-88156.31
313240	-85627.8
81877	-81931.8
-370542	-77473.81
-148608	-73001.766
395728	-69137.74
302054	-66486.22
88447	-65178.504
-361926	-65035.703
-140815	-65772.42
402246	-66779.25
270641	-67504.12
77578	-67300.805
-355587	-65721.25
-133659	-62787.86
397053	-58706.95
256352	-54061.55
81526	-49410.297
-352649	-45306.562
-132390	-42350.844
391637	-40771.65
251918	-40605.617
79991	-41426.367
-352896	-42567.383
-134297	-43454.11
394428	-43456.664
256707	-42280.02
81351	-39767.99
-359409	-36101.332
-144386	-31945.293
399037	-28022.928
273457	-25194.672
87074	-24004.969
-358564	-24557.035
-151206	-26722.107
396815	-29978.066
287546	-33540.63
88319	-36332.316
-360084	-37547.766
-160611	-36653.215
392204	-33574.746
296197	-28864.162
85487	-23303.928
-362310	-18179.416
-170049	-14730.783
375324	-13922.332
308431	-16314.66
79303	-21585.785
-367081	-28716.486
-173384	-36325.035
359729	-42590.957
311167	-45853.242
79695	-44666.152
-363149	-38320.285
-176284	-27289.312
353288	-12608.551
311939	3536.958
81676	18926.818
-362467	31134.635
-180067	38174.234
349543	39061.11
304736	33380.39
77870	22066.762
-361299	6664.354
-188063	-10807.88
345624	-28018.973
299609	-43355.453
79402	-55464.336
-357732	-63954.305
-189442	-69153.93
339843	-71951.01
299240	-73597.31
80777	-75043.23
-355733	-77051.0
-191650	-79771.93
335718	-82704.96
293943	-84907.47
83359	-84912.95
-349326	-81448.25
-194700	-73541.83
330482	-60773.89
271495	-43516.77
77018	-22627.133
-349881	332.55338
-195609	23436.443
326898	44991.8
266989	63184.52
78199	76996.69
-346620	85842.234
-196794	89623.42
323486	88945.87
267986	84331.414
79917	76743.86
-337204	66966.23
-189633	55587.094
321053	43289.29
257516	30268.594
78911	16996.473
-332387	3834.9023
-184603	-8833.261
315128	-20420.09
243156	-30362.299
76933	-38069.234
-329191	-43185.26
-186858	-45680.504
311729	-45720.69
248580	-43831.914
79520	-40686.414
-325279	-37140.645
-192484	-34070.207
307930	-31935.463
249812	-31264.107
74931	-31944.004
-322589	-33701.68
-189634	-36100.97
303906	-38512.035
243446	-40402.26
78291	-41325.566
-318198	-41172.78
-187261	-40133.44
299861	-38505.242
240306	-36754.848
80048	-35271.75
-314499	-34443.36
-192022	-34506.383
297646	-35388.363
246603	-36871.36
82736	-38521.098
-312453	-39970.07
-194841	-40933.113
295858	-41167.527
255896	-40657.09
84739	-39477.156
-308239	-37947.527
-195780	-36490.113
292856	-35423.555
257164	-35025.12
84759	-35341.805
-306449	-36362.04
-198649	-37958.7
291748	-39814.04
261323	-41620.633
87186	-43016.215
-302379	-43837.625
-198982	-44081.402
288218	-43791.793
262394	-43171.5
87339	-42397.254
-300866	-41756.242
-204907	-41510.95
285169	-41741.945
274116	-42456.324
90661	-43455.465
-297899	-44552.652
-207882	-45578.94
281109	-46314.043
279397	-46668.97
89269	-46576.582
-299829	-46180.324
-214526	-45771.535
273970	-45602.06
284805	-45884.664
87023	-46861.594
-296109	-48425.848
-215881	-50477.777
269920	-52695.176
301606	-54719.67
97661	-56081.668
-291928	-56521.367
-218734	-55987.08
265459	-54573.28
292138	-52646.164
90789	-50629.14
-296083	-49140.69
-224074	-48743.113
253014	-49728.9
279716	-52148.14
84800	-55616.11
-301288	-59606.15
-237973	-63412.832
241750	-66261.2
288441	-67602.57
84169	-67097.86
-300150	-64996.938
-230320	-61940.355
237359	-58824.4
299168	-56655.395
84075	-56362.586
-292386	-58364.125
-205236	-62570.414
228800	-68164.195
314223	-73755.305
87459	-77622.164
-304582	-77888.914
-237721	-73091.47
225483	-62413.19
294216	-46005.906
86690	-25149.79
-302924	-1955.8312
-249401	20725.236
227774	39887.95
257483	52796.617
76944	57640.918
-302281	53647.816
-247409	41417.43
222993	22902.17
240099	1001.6075
73800	-20771.19
-303615	-39102.152
-251216	-51288.016
218816	-55624.582
242171	-51762.926
73556	-40572.758
-295367	-24141.746
-248967	-5239.1787
217426	13257.774
247015	28770.432
78977	39576.63
-289507	44840.33
-244907	44759.625
218083	40489.41
241672	33722.535
79299	26436.795
-287829	20298.584
-246161	16455.078
216916	15440.777
246557	17054.3
82209	20628.959
-281129	25050.186
-244919	29143.02
216746	32004.05
248971	33076.652
82811	32373.893
-279656	30210.816
-238547	27205.021
215538	24157.57
231255	21751.871
79253	20533.664
-275899	20598.111
-238154	21732.96
208604	23544.281
224737	25476.668
77274	27091.5
-277922	27958.055
-244117	27891.453
204747	27005.973
228448	25572.883
79974	24068.578
-276394	22819.627
-257424	22089.213
200428	22020.303
256611	22526.596
85704	23478.875
-274431	24496.27
-264532	25237.586
194329	25482.23
283661	25102.055
95288	24259.062
-265944	23085.672
-257659	21849.623
202220	20875.229
273783	20387.447
88201	20613.643
-262381	21462.73
-259691	22748.965
201505	24214.012
293009	25509.566
93966	26431.285
-267697	26674.32
-263407	26093.213
197892	24708.92
324275	22614.367
116562	20131.809
-254934	17449.523
-258068	14801.858
204426	12423.667
323870	10450.248
119387	9088.252
-249767	8307.792
-259560	8074.723
204774	8353.506
315837	9052.956
114299	10195.223
-251811	11622.264
-264637	13195.332
201694	14790.048
325703	16231.803
122391	17471.61
-247124	18302.604
-264252	18577.41
203647	18224.88
329136	17201.678
128925	15661.547
-239001	13653.398
-258464	11306.401
204429	8799.613
330914	6275.363
130501	3974.7263
-235635	1930.7145
-258085	150.02478
204938	-1383.7979
331566	-2691.8782
132669	-3907.004
-230372	-5006.9883
-257000	-6045.387
204939	-7016.703
331866	-7849.2183
135659	-8546.272
-226849	-8961.02
-255736	-9058.035
202531	-8812.207
326343	-8267.151
127625	-7389.783
-225366	-6345.8525
-260659	-5286.795
198843	-4345.98
350869	-3600.0771
146255	-3170.3113
-222287	-2986.9832
-262762	-3023.657
196211	-3196.5662
361049	-3371.8464
150978	-3497.364
-220371	-3410.7776
-262850	-3087.6545
193338	-2538.4487
367266	-1795.6503
157168	-1011.8664
-212984	-233.1279
-261359	401.23572
194294	783.6198
363729	873.3862
156665	592.2585
-212113	33.57263
-263446	-756.9858
191238	-1701.8364
371205	-2686.389
154091	-3682.7407
-208071	-4568.163
-214031	-5340.345
194546	-5991.633
405603	-6530.4907
182876	-7033.8555
-197987	-7458.385
-254858	-7826.551
192519	-8130.877
386729	-8311.258
172876	-8362.222
-198749	-8157.004
-260354	-7655.5054
191736	-6841.0234
377401	-5697.4707
166974	-4329.6606
-197299	-2773.4
-262264	-1164.1719
192484	343.17007
362306	1642.4846
158405	2569.323
-196593	3113.4421
-264912	3263.78
190047	3064.7507
344427	2667.9478
142288	2177.6982
-197531	1820.9818
-267962	1772.1144
186109	2159.2676
352963	3104.8699
150854	4576.4624
-197551	6558.0254
-270902	8917.47
185218	11449.806
352554	13966.512
149176	16188.721
-201139	17959.139
-278746	19130.225
182618	19611.422
360919	19447.973
151388	18689.787
-200009	17547.35
-279937	16230.383
183266	14943.249
360413	13925.704
149426	13288.4375
-200927	13154.655
-287145	13532.1875
180893	14327.803
361759	15441.414
148963	16667.715
-203599	17871.822
-291615	18918.9
178166	19695.828
358179	20198.607
144694	20432.27
-204642	20505.428
-297759	20536.05
170126	20610.156
362341	20835.498
147676	21207.883
-200274	21736.8
-298216	22358.072
168195	22945.895
364243	23421.76
150257	23648.363
-196619	23615.906
-295934	23326.23
166185	22810.518
358599	22199.93
147524	21571.121
-193216	21088.936
-295271	20843.79
164287	20858.504
350291	21164.643
139657	21670.842
-189098	22344.23
-297994	23107.656
160686	23868.145
370654	24620.982
156739	25328.172
-185806	26063.742
-298432	26873.023
157349	27759.623
376081	28748.945
160927	29754.396
-183369	30726.533
-300661	31540.986
153666	32038.322
384803	32143.38
169028	31786.027
-176386	31067.578
-298907	30148.518
151866	29238.652
385891	28649.467
169877	28627.797
-173544	29436.674
-294718	31188.268
149224	33814.734
394834	37139.145
177956	40797.17
-166174	44421.582
-285316	47581.414
148583	49873.37
410686	51056.16
190875	51008.816
-160032	49867.3
-257515	47870.426
154216	45351.71
438910	42711.94
209741	40286.3
-156596	38387.582
-239579	37128.56
162091	36463.742
436869	36244.605
192244	36201.05
-160924	36091.984
-235236	35671.49
156812	34773.652
454992	33372.89
209899	31541.871
-157783	29495.62
-213253	27468.03
152518	25697.25
484020	24374.574
237101	23592.02
-141921	23385.28
-176987	23641.45
156216	24190.201
522278	24813.842
280909	25309.99
-125536	25572.549
-171369	25522.537
156797	25178.715
520948	24610.568
282099	23937.143
-120965	23320.107
-169867	22862.252
154774	22634.924
515451	22631.088
278563	22788.857
-118825	23040.678
-173046	23266.117
159916	23363.715
494359	23255.654
254080	22895.188
-123058	22315.213
-192131	21557.307
139071	20687.898
510037	19766.693
277939	18843.943
-117645	17986.639
-152925	17202.65
145661	16510.217
537987	15890.051
316109	15333.357
-102200	14882.863
-152499	14547.341
141875	14364.723
540911	14336.287
324877	14456.539
-101419	14737.295
-148721	15111.213
131988	15511.473
546134	15814.971
345643	15911.394
-99797	15763.919
-140387	15317.523
115739	14606.846
558345	13667.236
389708	12596.1
-93756	11588.448
-132606	10767.228
215654	10253.339
607851	10114.091
282699	10385.219
-60135	11026.373
-14556	11914.184
184769	12956.976
551012	13995.653
402658	14880.299
280978	15484.99
376233	15760.54
290627	15848.956
88040	15914.131
-86316	15973.429
-300982	16089.601
-27171	16244.868
4449	16555.223
7802	17041.387
-1146	17545.344
-1357	17928.809
-1362	18143.732
-1370	18243.271
-1374	18301.182
-1376	18293.217
-1378	18273.393
-916	18393.182
141489	18833.646
394643	19709.668
245954	21051.68
108179	22821.738
9593	25002.117
200364	27529.344
404593	30290.562
223534	33139.89
90421	35895.242
-1277	38475.496
118339	40832.41
633748	42947.953
490144	44558.293
15977	45679.137
-77866	46245.74
128638	46264.598
739344	45857.98
569960	44951.285
58810	43756.293
-32671	42618.746
108700	42133.27
664073	42721.977
536521	44526.81
24674	47721.016
-52866	52295.44
130768	58166.61
788426	64872.992
655506	71685.21
77849	77875.92
-51816	82880.95
130181	86308.54
774243	88119.54
651409	88416.79
64211	87631.47
-79778	86446.37
192253	85502.016
859736	85379.055
700289	86182.05
120588	87714.8
-216245	89577.734
263952	90976.016
573115	91186.22
230316	89636.89
-42302	86069.28
-222944	80770.95
237289	74420.625
351468	68203.17
103304	63345.957
-122551	60946.39
-301409	61776.32
129976	65913.375
342384	72860.69
120987	81439.01
-97416	90085.53
-291690	97269.96
133721	101678.4
421014	102700.76
191141	100465.38
-48017	95872.66
-252404	90486.82
164638	86010.63
418282	84048.26
182634	85544.58
-27176	90546.24
-206128	98237.2
188704	106929.3
336129	114637.71
111660	119380.21
-67456	119792.11
-202602	115653.016
196675	107930.98
284889	98897.95
57879	91502.97
-96121	88858.43
-180587	93609.44
215083	107110.07
240639	129135.7
30493	157434.72
-110851	188076.7
-171038	216100.19
215841	236208.4
207658	243903.38
16208	236036.9
-118906	211571.7
-171584	171903.6
210934	120559.1
216648	62826.453
37116	4641.175
-97120	-48195.688
-183827	-90777.42
193094	-119868.625
270151	-134021.45
92252	-133770.1
-47336	-121156.86
-197310	-99048.195
165671	-70701.74
334942	-39050.273
144226	-6546.924
-23686	25016.402
-229239	54550.605
119507	81223.89
405971	104351.74
200734	123081.42
-35016	136357.53
-182886	143183.81
102484	142799.36
522249	135120.36
438522	121064.336
27733	102780.64
-127468	83577.086
75173	67553.44
519007	58973.12
464288	61559.234
48891	77742.016
-104436	108039.64
47902	150731.31
304766	201884.17
207716	255796.44
-74816	305814.97
-107057	345379.22
49465	369039.88
311884	373266.94
250038	357011.78
2568	321875.0
-77869	271908.78
76361	212923.7
353730	151535.73
314470	94219.305
77501	46400.203
-49879	11901.395
111660	-7487.848
287414	-12051.833
208265	-3848.9866
85137	13742.172
-30572	36849.99
116701	61597.45
227501	84572.97
139519	103137.234
80608	115514.42
-18216	121008.22
114335	119728.59
196319	112367.055
113018	99961.336
77766	83683.47
-4134	64964.28
110161	45290.605
172575	26127.283
104975	8820.006
86381	-5484.4795
16111	-15703.573
114839	-21059.377
154451	-21201.842
87517	-16346.322
61704	-7305.5747
-18918	4806.4966
40666	18590.492
67938	32483.727
5046	44960.68
-66893	54697.11
-146694	60941.973
-73249	63502.48
26136	62637.56
21626	58968.176
-47747	53285.863
-126440	46576.36
85724	39739.703
238989	33432.477
122906	28021.95
37163	23470.762
-89282	19664.988
113547	16382.032
266703	13355.83
139587	10403.383
54749	7320.8394
-73822	4165.395
132084	1119.0653
266576	-1620.6088
130801	-3909.1414
55946	-5795.049
-69772	-7219.359
140699	-8241.691
251376	-8972.4795
118611	-9458.611
52984	-9790.271
-69414	-9785.088
144780	-9220.551
248056	-7821.008
116917	-5252.342
56471	-1303.6947
-67875	4046.744
145211	10543.273
252129	17604.973
121943	24582.715
63566	30744.645
-67187	35497.8
143770	38420.535
265937	39540.28
130538	39391.973
75155	38895.844
-53467	39311.0
151835	41914.152
274198	47906.71
138168	58118.13
84408	72639.56
-50851	90933.46
151547	111598.164
274635	132661.27
137006	151748.62
84061	166357.1
-45600	174458.11
156591	174626.03
256889	166474.53
117239	150696.1
71276	129062.33
-43452	104029.63
158553	78690.58
239039	56168.58
101705	39106.766
62200	29391.738
-44847	27717.564
156967	33649.89
235638	45707.16
94674	61812.652
56305	79370.23
-48801	95698.09
159774	108581.46
245537	116576.22
96078	119331.72
45904	117242.766
-66090	111444.945
166668	103413.445
260018	94829.17
87738	87087.06
16596	81091.11
-115041	77161.516
154821	74937.48
272060	73773.91
97873	72768.49
36508	71121.47
-107732	68383.07
145486	64443.79
284432	59889.008
127953	55511.355
68313	52167.72
-109134	50785.184
129081	51754.89
312682	54966.188
154089	59527.766
80356	63961.324
-104873	66562.5
126783	65479.17
327035	59304.664
165810	47230.605
85702	29323.79
-100501	6792.1055
122693	-18378.918
328715	-43477.86
173370	-65639.42
90497	-82282.66
-96377	-91298.29
125381	-91642.87
330407	-83288.82
174552	-67381.25
97214	-46017.824
-87624	-21687.656
133883	2857.3464
321789	25230.191
159632	43560.406
93521	56752.97
-80724	64712.93
141121	67994.18
297904	67805.375
137149	65534.164
83944	62534.086
-83214	60014.84
137903	58633.867
291425	58656.484
138039	59832.74
89459	61629.59
-81184	63501.48
135956	64835.13
299324	65288.113
142886	64706.09
94252	63224.75
-78412	61281.53
132393	59300.79
296619	57770.785
143613	56994.582
96074	57115.28
-76421	58175.145
129539	59933.496
299952	62131.934
149796	64421.45
103819	66499.016
-68169	68277.945
129197	69675.59
305776	70816.27
159552	71824.586
114393	72795.08
-56114	73918.914
137587	75192.04
318415	76623.96
166323	78083.555
111771	79301.54
-86715	80168.57
139999	80501.5
374970	80243.586
186252	79431.82
86839	78033.93
-177756	76215.34
129646	74108.27
474796	71857.1
222874	69666.95
56678	67521.54
-291784	65517.992
97059	63644.29
528689	61909.66
251216	60439.7
36487	59222.934
-372377	58376.97
65700	57843.508
614468	57676.18
313709	57730.17
-11741	57915.957
-473456	58130.465
27426	58177.67
665292	57892.43
376184	57102.977
-68242	55556.96
-722849	53313.332
-137538	50586.527
718339	47683.707
402653	44928.75
-73341	42624.535
-743096	41117.914
-153467	40684.188
713286	41461.04
377163	43375.28
-144457	46198.28
-1050206	49650.258
-462715	53462.47
714416	57294.78
466166	60841.473
-215474	63832.625
-1389249	66253.266
-813036	68161.96
631607	69740.04
605325	71159.24
-159076	72566.77
-1483654	74108.71
-934035	75818.125
587606	77663.6
560837	79492.21
-139755	81114.945
-1362153	82397.375
-808096	83251.3
597484	83715.34
450448	83897.28
-174597	83996.266
-1382324	84255.055
-806312	84888.72
601083	86032.31
405143	87642.28
-204547	89507.07
-1422982	91289.37
-786137	92597.695
703606	93094.33
413019	92486.88
-279772	90692.586
-1616739	87918.24
-794011	84597.87
766191	81372.68
347378	78848.75
-337363	77541.89
-1675976	77802.23
-939286	79658.89
751354	82851.336
342518	86750.37
-971860	90560.33
-5421737	93570.54
-6829465	95235.63
-3402131	95386.56
-194901	94126.62
-796174	91983.98
-4799142	89794.195
-5897366	88434.94
-2759398	88680.266
-139082	90853.18
-780382	94839.55
-4757837	100118.2
-5811284	105790.6
-2691548	110870.66
-131095	114405.266
-716816	115824.32
-4492289	115171.2
-5416259	113047.65
-2391726	110580.54
-92179	109018.12
-722504	109508.37
-4652046	112820.875
-5790078	118996.73
-2727711	127336.664
-134421	136374.81
-691044	144234.84
-4511200	149160.17
-5599136	149877.45
-2587304	146076.48
-114230	138468.11
-709199	128821.21
-4556681	119693.914
-5733534	113756.9
-2730626	113181.68
-131129	118836.32
-687394	129896.09
-4454980	143777.88
-5467159	156300.08
-2384767	162422.98
-50964	157044.73
-611142	136221.48
-4025975	98165.58
-4704509	43822.387
-1715761	-22863.785
99327	-95499.09
-506369	-165963.22
-3491798	-225719.98
-3599801	-267359.88
-635308	-285865.84
318241	-279776.12
-406697	-251354.16
-2796402	-206344.7
-2324604	-153133.27
259646	-101247.43
531528	-59979.188
-193892	-36534.715
-1795206	-34899.164
-1109731	-55295.863
756489	-94216.21
541731	-145124.98
-14893	-199802.14
-967008	-249642.81
-520837	-287283.75
378602	-307646.84
232682	-308856.0
-14312	-292176.2
-564579	-261544.75
-290055	-222605.16
255537	-181625.95
170225	-144503.64
9188	-115458.766
-391394	-96578.945
-195524	-88016.98
208331	-88041.39
147013	-93734.19
19346	-101870.93
-308514	-109470.87
-145073	-114681.055
193923	-116800.49
137814	-116299.09
38668	-114579.48
-243000	-113298.97
-104936	-114158.305
181170	-118263.234
125450	-125970.92
39209	-136936.62
-219642	-150105.0
-97676	-164318.2
163742	-178455.67
114951	-191807.66
37161	-204256.3
-205945	-216049.73
-92611	-227882.22
152954	-240372.89
108861	-253828.61
35071	-268008.28
-199846	-281848.3
-94473	-293817.53
141348	-301967.75
103126	-304415.1
27453	-299777.22
-198042	-287384.5
-104162	-267755.06
120395	-242401.2
97006	-213715.89
16375	-184585.53
-193261	-157746.66
-103216	-135540.78
107106	-119327.73
90563	-109383.36
11661	-104922.35
-191406	-104199.11
-109991	-105157.44
95610	-105722.734
86288	-104348.81
14130	-100333.086
-185594	-93787.23
-110808	-85776.05
92256	-77839.57
83313	-71674.17
15486	-68706.945
-191644	-69588.62
-119291	-74251.68
90558	-81746.43
81002	-90547.08
14449	-98935.81
-206161	-105261.45
-127093	-108574.98
96786	-108660.25
76726	-106164.87
7648	-102442.445
-254639	-98972.63
-153799	-97218.86
132189	-97951.79
91951	-101068.99
-15836	-105551.61
-448809	-109301.77
-246511	-109992.57
452350	-105123.66
292528	-92999.02
-296122	-73030.984
-1987040	-45717.15
-2439883	-12764.535
-997120	23446.176
19498	59980.31
-432221	94717.31
-2692874	126284.85
-3425253	154914.66
-1483770	182376.5
-7514	211335.03
-406359	245137.48
-2897567	286546.1
-3735489	336871.72
-1654557	395426.62
-25389	458991.12
-343761	522189.62
-2519499	577772.0
-3040236	617821.75
-1037752	635049.75
130469	624021.56
-324571	582595.4
-2556462	512091.9
-3134701	417596.12
-1101161	307287.78
110159	191364.48
-325578	80757.14
-2640284	-14767.559
-3321092	-87841.53
-1223594	-134355.34
103774	-154011.05
-290716	-149742.17
-2610509	-127364.766
-3331756	-94222.09
-1239199	-57891.047
110535	-25073.348
-309581	-326.87012
-2750160	13994.429
-3650024	17976.889
-1549450	13684.042
32461	4339.526
-353402	-6234.709
-2714063	-14819.511
-3375783	-19178.598
-1179674	-18437.113
180418	-13060.128
-321414	-4566.588
-2412996	4964.245
-2827776	13430.584
-748536	19274.775
372916	21554.904
-213311	20251.309
-1993599	16115.952
-2343180	10455.28
-544775	4697.424
390139	191.42686
-128297	-2256.5557
-1618180	-2266.5552
-1844046	-59.53473
-322548	3714.334
361562	8066.7285
-103936	11933.348
-1406629	14494.266
-1566047	15232.107
-201186	14057.82
366084	11243.909
-90774	7377.8945
-1296751	3223.9124
-1435086	-391.29785
-170067	-2726.2112
318927	-3410.5752
-73266	-2093.6768
-1129545	1033.9806
-1199270	5525.4536
-83269	10683.027
255965	15575.664
-52077	19460.408
-921319	21592.172
-927396	21551.453
-11461	19306.053
204568	15234.234
-33799	10269.565
-713213	5528.0107
-683351	2260.275
38781	1535.8173
177384	3981.6714
-14772	9648.71
-543152	17736.322
-503552	26806.512
54166	34656.504
150674	38864.008
1348	37154.727
-353085	27802.34
-290254	10090.642
70127	-15588.534
111628	-47534.406
25301	-83076.56
-195370	-118973.87
-148100	-152082.5
71027	-179859.64
87973	-200748.16
31532	-214488.84
-127393	-222116.45
-96227	-225695.02
54807	-227783.45
71716	-230766.31
29278	-236294.1
-93621	-244916.84
-73445	-255900.69
41776	-267391.3
61401	-276813.56
26354	-281502.0
-75353	-279456.62
-59899	-269810.72
32199	-253157.0
47800	-231487.9
23469	-207791.9
-61110	-185570.36
-48192	-167954.34
27968	-157055.47
38566	-153444.97
21634	-156176.52
-52729	-162796.05
-41521	-170148.7
25405	-175080.39
32165	-175221.12
20831	-169552.14
-46149	-158717.78
-38059	-144848.23
20964	-131145.52
25714	-120870.02
18979	-116594.016
-42866	-119619.1
-34535	-129334.66
18481	-143293.67
20741	-157992.75
18703	-169784.94
-39097	-175720.31
-31571	-174652.92
16718	-167704.3
18505	-158481.03
18531	-152502.53
-36314	-155906.27
-28787	-174175.69
16323	-210602.23
14322	-265333.22
6696	-334861.84
-36094	-412102.5
-27274	-487510.44
15101	-550561.1
13413	-591763.44
5808	-604439.7
-36015	-585886.8
-28664	-538053.25
13603	-467120.5
13044	-382495.3
6523	-295073.84
-35914	-215123.56
-29087	-150580.66
12315	-105681.71
11917	-80603.664
3981	-71845.06
-35709	-73215.16
-29487	-77528.09
11821	-78216.47
12099	-70865.1
5369	-54048.59
-34803	-29284.854
-28789	-458.29327
11596	27456.91
12963	49726.336
6879	63151.496
-34097	67025.56
-29736	63234.004
10973	55784.582
15303	49593.414
17781	49059.094
-32582	56819.75
-31287	72722.01
9323	93604.79
15541	113687.055
16755	125729.92
-33071	122771.76
-32891	99756.73
8851	55013.965
16658	-9073.1875
16110	-86152.24
-33660	-166709.33
-33845	-239764.6
7146	-294770.06
16753	-323658.88
14728	-322365.56
-34525	-291461.34
-34803	-236117.2
6439	-165010.38
16717	-88821.81
14583	-18311.037
-34632	37706.234
-35381	73645.336
5739	88036.59
16994	83124.35
14658	64256.965
-33858	38497.96
-34899	13067.424
5313	-6109.5713
16510	-15403.272
13990	-13899.644
-32939	-3412.9204
-34304	12580.77
5273	29631.975
16866	43544.766
14106	51345.867
-32180	51622.324
-33649	45045.22
5146	33716.777
17061	20643.164
13965	8987.133
-31831	1132.254
-33339	-1492.6575
5210	1103.1067
16625	7690.229
14501	16266.676
-30920	24356.88
-32661	30045.727
6051	32047.666
16459	30066.695
15507	24820.414
-30039	17561.053
-31787	10115.7295
6763	4094.4395
17172	640.811
15699	247.08243
-32042	2483.8416
-34522	6545.1196
6222	11182.732
17979	15140.772
14869	17489.463
-35806	17607.486
-37731	15653.568
6643	12159.136
19847	7973.575
16378	4063.366
-39742	1096.5802
-40591	-378.52295
11810	-314.14734
24604	978.40045
19194	2926.5684
-51885	4878.921
-52776	6223.3965
26648	6554.668
41962	5724.1187
15389	4010.1777
-238307	1842.8291
-257575	-336.721
69704	-2178.3489
127830	-3340.0615
-10880	-3719.9373
-402674	-3267.5789
-442067	-2339.4033
2364	-1350.8259
126213	-610.3263
-39639	-247.11319
-513234	-240.13855
-572631	-637.9154
-14074	-1293.6101
169394	-2008.1213
-23401	-2550.8438
-527130	-2766.6816
-624382	-2583.3208
-24304	-2031.9373
211762	-1219.2308
8029	-212.51463
-464308	646.33954
-569600	1386.0332
-9807	1937.6191
206456	2299.6511
36496	2559.5237
-366809	2626.6687
-469133	2697.4844
-15031	2702.8066
165089	2675.07
40404	2678.4998
-299254	2697.6929
-374781	2767.7122
4391	2788.5408
147059	2784.3987
39954	2820.4214
-260816	2943.1963
-320029	3217.0476
15239	3506.572
129044	3899.461
39813	4350.457
-224956	4817.2993
-270972	5209.7114
26689	5364.2188
111491	5317.675
39024	5088.84
-208631	4853.085
-247256	4763.988
31904	4964.029
103525	5572.611
39551	6568.645
-196010	7904.4863
-232379	9386.12
33379	10758.846
99766	11816.924
40305	12386.97
-175986	12466.434
-207191	12135.379
34585	11583.904
94543	11125.257
41935	11053.894
-151737	11634.194
-179359	12939.89
36149	14849.618
85408	17112.73
42023	19339.04
-132731	21151.822
-157865	22207.984
37113	22324.176
79500	21590.05
42899	20309.686
-114132	18998.514
-136470	18190.326
37443	18330.6
73804	19693.898
42013	22239.123
-98056	25641.412
-117636	29275.324
36404	32378.604
68459	34271.902
41147	34490.06
-84141	32970.93
-101206	30043.355
37320	26416.371
63226	23072.562
41564	21005.049
-72119	21022.945
-86638	23468.924
38170	28124.77
55341	34235.86
34911	40590.203
-61610	45798.957
-71827	48532.285
35422	47847.316
46114	43434.242
29479	35667.996
-49874	25585.965
-54915	14617.862
34449	4279.4497
38490	-4180.0645
19003	-10153.786
-47042	-13867.02
-52501	-16479.281
23508	-19936.404
32834	-26659.79
23786	-39170.086
-38432	-59607.004
-45421	-89380.63
19506	-128878.55
26696	-177353.48
13213	-233026.03
-37759	-293282.12
-41977	-355033.03
17024	-415052.62
24859	-470282.72
17093	-518087.8
-31589	-556342.6
-38069	-583485.6
16048	-598452.9
24701	-600604.56
20766	-589699.6
-27226	-565879.1
-35416	-529762.56
15711	-482540.2
23106	-426063.7
13981	-362908.3
-27614	-296280.44
-32041	-229853.81
17831	-167422.38
23626	-112491.54
14142	-67868.14
-25078	-35259.312
-28262	-15066.848
21366	-6319.6714
24658	-6841.7676
13841	-13635.542
-23259	-23343.73
-24824	-32810.24
26026	-39535.836
25991	-42011.64
8965	-39878.336
-23971	-33820.6
-23576	-25317.684
31434	-16228.686
30576	-8352.116
16695	-3069.6145
-21717	-1060.9492
-23836	-2243.069
35217	-5840.9536
34953	-10610.352
27922	-15179.991
-18651	-18335.035
-25407	-19301.275
38569	-17864.018
38987	-14354.715
29456	-9555.852
-18213	-4453.3384
-25819	-20.379486
40609	3017.339
41015	4339.9517
31021	4040.2527
-16657	2592.2517
-25392	678.30664
43154	-980.79785
41120	-1784.8865
23402	-1417.5452
-19447	127.00253
-24030	2548.2456
45064	5348.579
41583	7987.286
23329	9985.47
-17113	11062.301
-21328	11166.796
47027	10481.539
41938	9375.333
23020	8266.644
-17179	7542.2095
-23619	7443.9316
45423	8030.6743
42026	9195.758
19296	10677.123
-19679	12156.8
-23777	13324.762
47969	13963.993
44856	14013.071
25138	13536.216
-16584	12721.548
-22001	11802.834
56530	11005.999
50206	10514.047
26963	10389.385
-20728	10596.375
-30962	10996.306
52124	11399.655
50444	11638.592
24103	11570.575
-23429	11140.556
-34307	10364.28
51611	9331.586
53791	8196.289
36611	7088.4927
-18617	6130.4844
-36453	5362.955
49086	4819.488
53999	4488.952
37905	4214.5757
-17015	3892.4949
-33511	3446.8452
47979	2914.1567
50656	2369.392
29908	1777.4167
-16316	1186.6992
-31376	676.31903
46113	398.65277
50184	391.96387
33483	624.2449
-15581	1023.5275
-33319	1482.5378
43784	1839.9042
49175	2022.4196
30280	1967.6353
-19574	1668.4686
-36573	1178.8102
41698	512.09674
48979	-185.50758
33351	-789.17114
-14618	-1185.577
-33299	-1285.7288
41761	-1151.473
50356	-731.3143
41620	-175.82404
-8534	389.51993
-31957	874.39856
40443	1255.3544
50302	1542.9921
38800	1651.0762
-8274	1577.882
-28673	1387.9708
41831	1216.7472
50368	1208.295
40784	1371.8666
-5366	1731.2188
-27091	2292.8374
41804	3065.4329
49481	4029.4958
40805	5038.185
-3602	5988.6367
-25228	6803.048
42444	7472.486
48168	8026.6094
32225	8427.984
-5149	8706.648
-21572	8911.101
43761	9126.743
49145	9425.365
36987	9756.449
-2992	10085.642
-21281	10362.625
45279	10562.967
49179	10673.095
36123	10611.933
-2349	10369.433
-20396	9975.494
43959	9521.525
46671	9124.759
25289	8827.175
-4559	8686.948
-18033	8732.66
44995	8977.482
45603	9398.6045
20896	9868.152
-6746	10269.903
-17951	10494.2705
47767	10482.899
48293	10233.907
27562	9738.104
-4629	9071.157
-19633	8351.188
48793	7734.8535
53233	7383.365
38689	7365.977
677	7724.6104
-21696	8430.372
51303	9398.414
57898	10505.682
40666	11550.75
1359	12363.717
-23492	12806.551
52719	12810.17
58547	12398.175
34158	11624.848
-2176	10630.693
-24502	9589.398
53489	8681.76
60859	8077.969
42907	7852.6045
3423	8033.8496
-24517	8571.253
51350	9349.873
60900	10233.902
47392	11045.154
7108	11651.051
-23571	11961.497
49369	11939.983
60359	11632.384
41311	11111.287
2295	10499.025
-28323	9918.725
40561	9467.141
53783	9216.816
37389	9165.311
-1858	9273.936
-30571	9460.294
40643	9611.958
54944	9640.026
43926	9462.772
3971	9060.254
-27134	8459.736
54067	7724.48
73683	6974.944
55260	6328.5923
8759	5906.8267
-37938	5794.634
56420	6008.1543
91569	6533.8345
64281	7297.566
16670	8197.94
-33757	9117.837
61026	9922.641
98302	10530.98
67135	10896.775
15460	11031.027
-38141	10988.933
63611	10829.504
104553	10652.303
69628	10544.287
12466	10576.603
-48593	10783.608
68006	11124.023
120595	11550.37
77043	11989.291
13597	12367.115
-56646	12623.7705
70350	12682.625
129262	12536.922
80698	12217.87
12822	11797.306
-60383	11369.068
75364	10989.075
134408	10738.762
84544	10670.693
19989	10810.672
-55217	11147.167
78533	11596.502
132699	12090.654
83326	12545.442
23973	12890.619
-46757	13075.52
81644	13038.753
132094	12785.842
83815	12340.695
31019	11756.496
-36624	11101.608
85904	10411.1455
135478	9749.886
85649	9161.043
35491	8680.87
-30564	8338.179
88106	8113.491
124935	8017.919
79833	8045.623
34889	8200.326
-21989	8491.714
91481	8894.4375
113882	9418.532
72618	10048.239
34131	10769.617
-18116	11563.414
92373	12366.269
112359	13145.103
74270	13841.773
37993	14411.151
-15589	14824.409
94168	15031.547
115505	15038.845
75136	14853.169
38583	14513.594
-12701	14084.252
100976	13608.944
119028	13178.035
75509	12855.258
42921	12704.534
-7052	12776.901
108524	13062.055
124703	13559.488
82000	14208.445
50536	14930.308
-3002	15636.333
120920	16190.1
141904	16504.324
91643	16485.367
59137	16081.223
-3638	15293.111
123338	14131.053
148912	12695.531
91032	11099.444
56667	9483.744
-3591	8006.0703
122531	6776.027
141921	5921.4785
88368	5505.587
56180	5553.0576
-5087	6058.4585
118356	6939.859
144359	8134.923
92179	9548.102
64044	11088.613
-5802	12692.112
115569	14269.918
165183	15790.932
103446	17228.895
69486	18566.936
-6859	19810.291
113836	20921.332
162537	21899.453
98586	22731.158
65274	23401.582
-1728	23916.363
115539	24252.271
153108	24440.049
95301	24509.102
68981	24498.824
-3960	24470.24
113375	24443.596
170350	24468.545
105973	24574.281
71810	24768.451
-6291	25059.365
113135	25400.105
182321	25772.213
114214	26156.514
73613	26533.814
-9462	26909.783
115178	27255.393
192556	27585.854
119269	27923.303
74724	28281.426
-12036	28683.576
116364	29097.81
200586	29520.291
124590	29947.734
78767	30366.96
-9833	30787.799
118219	31177.979
197709	31553.5
121008	31946.791
81706	32385.096
-5246	32912.83
119039	33516.21
189464	34202.656
114242	34960.562
81656	35745.996
-3058	36516.883
118706	37171.992
184102	37648.89
109854	37898.336
81105	37881.793
-2110	37614.42
117479	37089.953
180438	36369.285
107329	35536.2
81149	34673.227
1968	33886.08
119341	33214.97
170578	32718.457
100802	32425.244
79953	32328.05
5698	32419.893
119340	32629.568
163428	32919.32
97224	33245.45
79659	33565.36
9044	33872.258
119196	34132.355
160546	34369.848
95338	34611.223
82820	34884.418
13143	35246.64
117831	35712.316
161759	36331.61
97926	37134.695
86889	38132.387
15363	39349.57
114994	40750.598
163264	42320.23
99026	44015.91
86695	45770.367
15092	47526.69
115033	49174.477
167679	50635.87
101438	51827.957
88028	52670.75
15004	53130.29
118129	53159.926
170754	52788.09
101400	52074.38
88058	51102.168
13044	50011.652
120504	48914.12
174545	47963.445
103293	47294.21
91238	46995.24
14429	47139.902
122702	47702.723
182146	48642.34
107924	49865.727
94662	51227.06
15364	52588.32
124051	53766.555
185431	54641.473
110122	55127.645
100471	55175.12
22063	54823.562
126521	54120.547
180931	53202.324
106016	52217.195
98174	51298.715
21969	50603.312
123033	50206.28
177306	50182.207
105346	50539.473
98879	51218.348
23164	52161.324
120604	53241.81
173684	54372.785
102624	55460.113
96811	56414.066
23594	57218.26
118118	57845.51
169278	58345.133
100228	58761.992
96147	59129.062
22385	59523.13
114194	59961.5
173113	60488.094
104507	61096.555
97257	61738.793
24076	62399.66
112106	63011.387
169302	63552.78
100264	63978.227
89654	64236.266
17265	64337.824
101799	64263.773
163492	64052.836
100614	63721.168
88654	63275.188
17720	62768.65
99975	62209.78
163971	61647.402
102188	61098.312
91064	60560.406
19695	60072.363
102154	59621.637
163640	59233.93
99579	58903.207
91029	58599.46
19316	58333.6
101660	58063.754
164326	57788.75
100499	57483.06
88893	57112.23
14876	56691.77
100889	56198.113
177936	55658.176
111190	55092.176
89918	54519.562
8816	54000.992
93424	53545.84
170616	53196.84
107196	52971.47
89689	52866.816
15953	52901.85
93878	53037.004
149483	53265.777
85161	53554.184
80149	53856.598
14259	54168.13
83439	54446.254
128307	54697.016
73420	54906.6
70765	55064.473
9832	55204.004
72686	55320.348
120873	55448.58
70909	55594.652
65856	55760.0
9214	55975.03
66920	56223.824
110463	56523.035
64387	56849.77
62326	57175.895
9908	57508.73
63148	57817.0
99718	58116.688
57921	58392.883
59704	58639.477
8796	58902.41
58499	59195.73
98179	59576.344
58270	60061.137
53908	60660.797
3569	61406.496
51814	62270.23
94964	63239.36
57596	64245.473
51122	65207.434
1333	66076.42
46431	66770.625
86471	67266.51
52017	67530.2
48524	67548.95
2511	67383.23
44423	67075.98
77545	66721.836
45877	66371.7
46324	66053.57
3420	65815.99
41586	65642.03
73537	65526.004
44613	65405.86
44673	65212.6
3782	64928.17
38850	64520.332
71611	64026.86
43985	63479.004
42896	62923.03
3299	62462.37
36693	62158.438
68198	62087.2
41944	62247.17
42161	62578.395
3964	63027.043
35644	63473.15
62419	63823.047
36906	63949.15
38058	63740.04
2369	63185.508
34268	62298.586
58106	61188.742
34890	59962.746
38950	58734.28
2699	57671.836
31708	56884.18
58643	56474.965
36099	56446.41
38558	56730.082
2199	57266.57
30393	57931.617
56361	58634.234
33974	59252.71
35790	59685.535
3086	59926.01
30871	59975.76
51602	59916.125
29951	59807.023
34990	59705.973
4586	59713.586
31148	59872.414
49084	60236.32
28789	60779.297
35008	61434.965
4633	62164.266
29295	62878.4
48505	63524.41
29111	64007.64
35347	64238.01
4306	64186.71
27944	63804.406
49010	63096.953
29763	62043.605
34527	60637.016
2888	58931.68
25432	56963.707
47205	54823.492
29254	52574.105
32911	50284.6
679	48069.246
22990	45997.812
46743	44161.18
28748	42587.8
32150	41272.01
-892	40222.16
22118	39381.867
47133	38713.64
29266	38135.332
31426	37560.016
-2936	36958.965
19031	36286.62
44606	35558.656
28312	34777.78
28784	33955.61
-5314	33158.504
15798	32414.447
42846	31778.916
28350	31254.191
25979	30816.906
-8307	30471.54
12717	30170.682
40880	29897.834
27340	29598.293
23067	29219.322
-10520	28766.549
9644	28221.691
38023	27619.012
25980	26964.941
21242	26265.408
-11777	25575.572
7229	24908.398
34850	24308.662
24379	23772.277
19523	23279.455
-12035	22852.104
6167	22468.438
33094	22143.947
23586	21855.852
19195	21578.998
-12070	21338.965
4321	21125.408
30733	20967.295
22584	20854.914
18258	20770.246
-11714	20735.785
4308	20729.24
30044	20758.58
22618	20788.39
17266	20774.17
-11555	20714.924
3147	20575.656
27446	20364.312
21556	20062.242
16079	19658.637
-10859	19197.53
2492	18697.227
25145	18218.916
20533	17789.879
14861	17426.295
-10762	17178.27
2097	17047.492
23711	17053.81
19401	17166.033
14256	17332.102
-10695	17534.254
1599	17719.477
22465	17872.021
18485	17952.723
13910	17927.084
-10854	17817.266
763	17628.285
20939	17406.559
17463	17170.809
12551	16928.645
-10807	16723.348
775	16559.06
20610	16462.012
17298	16416.814
12335	16392.861
-10364	16399.008
541	16414.246
19756	16454.096
16764	16505.992
12615	16551.736
-9889	16616.625
-7	16694.299
18831	16806.852
15980	16936.78
13978	17045.521
-9652	17135.764
188	17179.152
18514	17182.096
15117	17122.56
14946	16972.943
-8991	16763.072
-155	16504.615
17913	16246.937
14393	16009.142
15983	15797.414
-7772	15653.0205
453	15573.115
18076	15571.024
14794	15618.168
16076	15669.099
-7306	15711.068
728	15702.567
17747	15636.536
13861	15490.97
16352	15246.29
-6256	14931.09
2691	14555.642
18512	14161.016
13016	13765.0205
17174	13370.889
-5324	13008.791
3823	12672.389
20079	12371.114
13483	12086.67
18913	11788.379
-5851	11479.215
4199	11137.604
22541	10773.103
15539	10384.17
20611	9964.825
-8190	9547.227
4149	9137.521
26832	8763.637
17470	8434.028
22838	8137.9287
-10885	7893.3003
4126	7683.835
31742	7511.535
19740	7364.0063
23387	7215.4517
-19460	7078.044
584	6934.9
38532	6794.7363
24550	6661.7686
24158	6529.3804
-36601	6427.619
-5137	6343.0713
56849	6280.0654
35849	6241.731
22660	6212.291
-63689	6210.5415
-16177	6200.814
69276	6169.119
42519	6115.0117
22222	6022.8022
-76101	5920.073
-25274	5783.3745
70124	5614.5103
47668	5433.065
27263	5242.353
-62152	5081.1934
-21356	4936.467
60577	4811.056
43127	4713.5156
29041	4632.5186
-51397	4586.2974
-17347	4544.692
56443	4494.405
41317	4431.001
30148	4339.911
-43696	4242.098
-13735	4119.9707
53777	3978.0544
39993	3831.0474
30149	3681.2366
-37109	3560.832
-10784	3460.2979
51427	3383.1763
39058	3334.0952
31073	3300.504
-31496	3296.244
-7866	3297.2246
48934	3295.1777
37223	3288.1245
31635	3266.078
-27089	3250.3215
-5606	3229.2632
47088	3207.8777
35681	3194.64
31266	3186.153
-23296	3202.3271
-3590	3225.957
45916	3252.1958
34001	3278.7126
32136	3292.3625
-19229	3308.5974
-961	3313.7607
44683	3313.172
31899	3318.3115
32564	3329.1182
-16351	3371.3025
1686	3435.6526
45238	3522.8982
31590	3631.04
33557	3739.6165
-14471	3852.1646
2675	3942.0146
45421	4000.8843
32028	4029.7727
34348	4023.3115
-12559	4010.7942
3045	3997.1912
44293	4004.1572
31569	4053.0554
33943	4144.742
-9871	4297.276
4644	4490.618
43341	4710.949
31011	4940.827
34353	5148.5356
-6686	5332.7744
5757	5475.702
42188	5584.3867
30411	5677.7085
34661	5767.3984
-3615	5891.6196
7231	6061.3335
41104	6290.4897
29232	6580.057
34141	6901.8633
-1189	7239.455
8277	7549.1133
39017	7799.8047
27744	7968.634
34123	8032.0537
580	8006.617
9094	7905.6416
37857	7765.6445
26178	7627.24
33107	7511.648
279	7449.4873
8861	7434.0483
36794	7449.44
24765	7462.777
31774	7416.436
1121	7274.008
9081	6992.069
34681	6558.2866
22599	5986.585
30313	5303.2305
1115	4577.9023
8894	3877.4102
33690	3281.1782
21751	2858.5728
29534	2643.405
1937	2660.9468
8226	2891.0168
32093	3295.8972
22294	3819.1973
29776	4383.467
2629	4933.2363
8164	5412.663
30892	5795.0005
20292	6077.4917
26823	6265.822
2122	6397.577
8723	6504.5864
29298	6625.9053
17815	6792.576
25517	7009.5874
1783	7283.749
8166	7596.2153
27447	7928.096
16702	8257.847
25205	8554.145
2289	8808.84
8036	9010.545
26934	9165.47
16476	9287.4
24580	9382.01
2305	9470.74
7517	9560.268
26105	9659.868
16339	9773.7
24048	9889.768
1958	10008.462
7702	10118.285
25676	10217.134
15936	10306.748
24268	10381.052
2234	10452.321
7974	10522.948
26239	10603.132
16529	10702.75
24986	10817.586
3683	10955.598
8286	11109.929
26539	11279.661
17403	11463.329
25014	11647.945
3327	11835.912
7559	12017.306
26774	12190.877
17832	12356.927
25347	12504.558
4118	12638.198
7837	12749.66
26918	12840.038
17890	12913.534
25819	12964.988
4775	13006.463
8757	13039.024
28071	13072.942
18999	13120.103
27752	13179.404
6461	13262.703
10079	13364.905
30578	13485.176
21665	13621.323
28752	13758.208
7117	13895.373
10722	14018.652
32399	14123.678
23456	14210.973
29714	14272.785
7823	14319.444
11718	14347.106
33839	14361.268
24605	14368.423
30764	14361.97
9028	14350.176
12386	14324.16
34649	14284.715
25267	14233.301
30832	14159.323
9482	14071.53
12344	13963.209
34048	13840.882
25564	13710.083
31160	13562.375
10222	13408.523
12823	13240.813
33876	13066.409
25378	12887.967
30921	12692.735
10061	12492.302
12857	12281.471
33894	12079.074
24209	11895.78
31438	11719.999
10979	11570.07
14341	11443.022
33703	11361.954
22741	11325.956
31490	11301.113
11268	11287.854
14279	11264.199
32910	11239.251
21409	11200.057
31307	11105.527
11848	10958.786
14816	10751.458
32116	10509.401
20091	10244.711
30950	9944.868
12599	9635.11
15883	9324.359
32488	9046.572
19848	8817.151
31228	8619.666
12858	8465.704
15485	8345.55
32759	8269.261
19731	8231.044
29118	8197.374
13269	8164.422
15929	8115.154
33371	8056.961
22337	7990.285
31129	7895.7974
13493	7786.365
15248	7663.442
33079	7550.4175
22044	7462.2993
31178	7390.2095
13991	7349.7935
16008	7338.491
32868	7369.264
21554	7443.3804
31477	7536.8213
14620	7649.469
16268	7765.5825
33246	7887.3726
22532	8011.383
32039	8114.5425
15499	8201.154
16260	8262.502
33458	8308.328
22864	8344.017
32015	8355.757
16070	8355.453
16531	8340.729
32921	8327.0625
21744	8325.907
30894	8330.061
15438	8357.572
17561	8410.231
33341	8505.925
21048	8655.252
30903	8845.181
15691	9083.11
17931	9355.953
33645	9663.578
20614	9998.998
30756	10333.71
15634	10664.103
18847	10973.002
34686	11262.767
19741	11536.973
27151	11783.203
14673	12013.797
19441	12227.243
36792	12436.459
21351	12651.209
32718	12857.773
16571	13063.128
18954	13255.703
38884	13435.394
24671	13602.519
34233	13738.873
16211	13851.247
18989	13932.37
39685	13989.275
25188	14032.192
34279	14052.861
15287	14064.663
18164	14062.807
40338	14052.608
25573	14041.1045
34656	14016.127
15068	13987.995
17708	13950.787
40613	13911.232
26788	13880.156
35273	13850.553
14294	13836.52
15664	13832.634
40220	13839.969
27934	13859.778
35043	13873.321
14011	13880.865
14421	13865.625
39868	13821.784
29658	13751.544
34403	13646.936
13478	13524.921
12878	13390.517
39590	13258.572
33139	13148.055
35069	13061.759
12471	13014.906
11329	13000.705
37761	13013.258
33420	13045.8125
33018	13077.174
12813	13102.423
10529	13105.964
34989	13083.723
31738	13041.384
31960	12980.27
12833	12921.804
11131	12875.0205
34490	12854.256
29560	12873.265
31109	12928.872
14481	13025.942
11329	13149.552
32406	13285.811
26914	13421.797
30393	13533.863
14887	13617.014
11140	13659.2705
31288	13661.033
26273	13632.7295
29818	13579.439
14513	13524.558
10993	13480.121
30141	13462.091
25218	13484.815
28466	13546.147
13463	13651.534
10267	13787.2295
28783	13940.055
22451	14096.0
26855	14228.754
11731	14328.848
8964	14378.378
27522	14371.791
21173	14314.403
26461	14207.481
11449	14073.983
7684	13929.152
26526	13794.936
21535	13694.607
25988	13634.579
11117	13628.24
8475	13667.566
27376	13741.05
18701	13834.445
10740	13919.803
4270	13978.328
10389	13985.85
29941	13934.512
15351	13833.227
774	13692.972
1431	13541.041
11084	13403.696
32672	13317.026
16477	13319.805
1955	13430.44
-481	13660.747
9224	13998.266
34949	14421.964
19235	14906.083
2689	15405.746
-704	15881.015
10361	16287.655
35588	16598.707
17726	16808.572
1806	16913.95
233	16931.818
11024	16881.01
35604	16792.81
17056	16706.28
-20	16642.988
1933	16621.012
13536	16640.664
36089	16698.582
16928	16790.062
1246	16892.303
4231	16986.182
15173	17048.605
36853	17068.807
21554	17049.889
15039	16989.37
11389	16901.21
16130	16795.889
37648	16691.182
25583	16609.785
32193	16555.062
20513	16541.09
16651	16564.564
36928	16619.91
28780	16701.406
32975	16786.521
22572	16865.75
16163	16919.592
35886	16934.287
31328	16904.637
32381	16819.39
22489	16686.17
17218	16507.203
35939	16293.302
26643	16063.786
29588	15826.801
20598	15604.304
18976	15404.006
35489	15235.287
19144	15108.426
703	15018.719
10241	14959.019
22493	14911.115
36120	14863.729
14605	14811.222
182	14738.6875
12261	14640.373
26026	14510.374
37111	14357.399
12259	14200.646
184	14048.578
13936	13913.528
29445	13798.631
38381	13710.592
10969	13653.729
281	13609.766
15671	13559.115
31419	13473.593
39491	13336.035
10858	13139.995
306	12873.574
16756	12541.213
33643	12153.775
40423	11742.99
10124	11352.291
339	11010.635
18173	10746.312
35913	10571.489
42701	10493.636
10642	10509.083
388	10581.612
19218	10666.276
38684	10705.87
43608	10654.25
9863	10478.652
493	10143.934
21024	9638.396
39296	8967.319
41941	8167.633
8798	7297.763
358	6411.274
19558	5570.4604
37208	4827.9287
40599	4235.6323
9177	3832.797
157	3623.0974
16939	3595.2234
33101	3713.6216
39711	3939.2607
11928	4230.5723
143	4532.483
16788	4801.586
33083	5001.8345
40314	5121.205
12291	5168.878
239	5154.2305
18509	5101.6763
36518	5032.856
42336	4978.3486
11974	4966.288
228	4997.8467
18996	5068.2017
37158	5157.4434
41687	5253.143
10488	5349.5815
249	5433.512
20151	5512.4507
39235	5605.368
41902	5760.0117
9010	6038.9004
218	6488.672
20502	7154.3267
40869	8054.8726
42448	9194.538
8574	10548.579
242	12042.448
21109	13584.503
41588	15065.34
43235	16392.691
8738	17497.645
187	18324.059
20626	18862.432
40681	19138.297
44113	19222.803
11383	19211.188
96	19181.838
19059	19201.904
37439	19303.146
44451	19486.865
15871	19718.174
68	19911.51
17284	19965.094
34800	19776.367
43256	19274.18
17748	18431.297
566	17254.639
16504	15803.397
32262	14180.286
42523	12523.365
25122	10982.571
30143	9675.668
34736	8696.824
28863	8093.238
40512	7862.0244
33499	7958.449
32011	8290.739
33341	8757.169
25159	9255.862
37111	9701.8955
39003	10043.071
33221	10253.314
29127	10345.234
21943	10352.573
34120	10322.554
49206	10303.798
43314	10331.727
25719	10432.692
8456	10608.43
25381	10840.838
46874	11102.382
40701	11361.293
22208	11597.6
2198	11797.193
6276	11958.559
35941	12087.846
34828	12201.749
17099	12328.034
354	12484.788
5494	12682.324
32722	12915.145
31072	13167.116
14566	13420.452
40	13645.252
5033	13813.073
29071	13897.441
26248	13881.653
9576	13768.23
-1592	13564.485
4703	13289.712
22442	12967.617
18037	12622.382
1618	12283.911
-4272	11973.45
4616	11704.071
18293	11480.961
12401	11302.32
-3911	11171.986
-8662	11090.374
-1378	11054.124
10163	11061.146
4014	11109.322
-16131	11208.368
-26851	11363.649
-19777	11571.478
-6589	11821.457
-8377	12092.63
-28689	12370.995
-39474	12635.888
-31459	12860.669
-13354	13020.187
-9976	13094.424
-30634	13090.501
-44465	13025.831
-36068	12923.0625
-14025	12810.957
-3150	12717.419
-26737	12684.326
-47473	12740.158
-39114	12886.984
-14748	13106.775
-2287	13362.554
-21052	13623.367
-39624	13853.476
-34387	14014.324
-9627	14079.74
-14024	14047.285
-33891	13947.672
-42574	13823.996
-42239	13728.02
-19692	13704.52
-29462	13786.297
-54499	13992.095
-60715	14297.961
-55448	14655.088
-18219	14987.761
-18465	15217.466
-52765	15290.173
-68076	15168.477
-65532	14858.674
-27971	14409.57
-39099	13920.466
-71164	13528.215
-78753	13369.148
-75510	13567.377
-33318	14200.182
-47695	15295.725
-85974	16823.266
-95672	18674.176
-90751	20692.688
-32510	22685.053
-2719	24465.129
-40361	25900.492
-86321	26913.805
-46315	27469.041
-3004	27607.973
-2289	27436.965
-36536	27111.584
-81712	26795.07
-74099	26608.25
-15863	26617.695
-2323	26841.104
-37457	27248.953
-83497	27754.307
-78000	28214.809
-18773	28469.195
-2334	28386.578
-38649	27895.701
-84672	26978.117
-78776	25658.373
-19776	24010.35
-2386	22164.723
-40437	20294.695
-88289	18567.89
-82904	17108.059
-22416	15988.122
-6654	15243.328
-53474	14875.584
-94633	14828.003
-89539	14989.92
-28624	15220.935
-21035	15397.053
-67356	15430.919
-99867	15256.587
-94821	14835.396
-33659	14161.784
-6139	13284.119
-52447	12307.65
-101623	11343.256
-97127	10477.8955
-36034	9766.71
-6677	9239.345
-55038	8903.05
-103266	8702.403
-99847	8517.387
-43392	8188.7124
-33647	7564.8213
-87232	6532.531
-110911	5004.6084
-108536	2946.817
-76306	392.14514
-67666	-2547.7393
-107069	-5684.5845
-48224	-8826.99
-13711	-11771.549
-81081	-14322.362
-113091	-16360.077
-107478	-17833.281
-27747	-18781.863
-13746	-19292.979
-85424	-19479.033
-118169	-19477.977
-115191	-19397.436
-33621	-19314.926
-14450	-19233.46
-87910	-19086.701
-119963	-18793.97
-122844	-18264.436
-45130	-17460.543
-29494	-16393.365
-93679	-15143.273
-101440	-13891.002
-133121	-12851.006
-72164	-12283.734
-88039	-12395.746
-98575	-13322.643
-68648	-15087.99
-128362	-17541.771
-113107	-20440.572
-122064	-23448.438
-86547	-26219.645
-57912	-28446.67
-120729	-29901.008
-100177	-30547.482
-113544	-30518.676
-85894	-30122.572
-56291	-29770.172
-116412	-29867.408
-80025	-30792.494
-100304	-32759.355
-87657	-35789.016
-60159	-39672.293
-119389	-43957.53
-70272	-48081.53
-90332	-51408.414
-88284	-53372.938
-62214	-53574.535
-118228	-51819.0
-61899	-48221.97
-79308	-43140.99
-88252	-37150.465
-63676	-30946.775
-110937	-25198.908
-46161	-20511.31
-60644	-17267.182
-80099	-15612.988
-61010	-15466.961
-98077	-16518.508
-34302	-18354.324
-26959	-20491.865
-62532	-22480.281
-58902	-23998.79
-86304	-24864.27
-23588	-25075.695
-9699	-24745.736
-49453	-24063.766
-63823	-23265.45
-86158	-22562.658
-21557	-22126.979
-9599	-22030.879
-48764	-22267.12
-63381	-22799.227
-84402	-23571.52
-19491	-24553.164
-9255	-25713.047
-49759	-27035.713
-65787	-28529.613
-82291	-30194.643
-17942	-32004.637
-8951	-33850.03
-48056	-35555.047
-64237	-36917.273
-80984	-37737.61
-17172	-37878.055
-8592	-37270.582
-47042	-35971.777
-63917	-34194.727
-77799	-32284.754
-15397	-30680.4
-8511	-29804.23
-46032	-30001.945
-62639	-31484.52
-79956	-34264.773
-17421	-38151.92
-8999	-42731.547
-46309	-47446.043
-57854	-51700.074
-89907	-54942.695
-41951	-56784.734
-66493	-57020.832
-86302	-55701.715
-79040	-53119.273
-102571	-49737.285
-108003	-46119.344
-102199	-42822.324
-85776	-40307.64
-77989	-38867.8
-103976	-38584.543
-107136	-39344.57
-103796	-40868.582
-87360	-42790.812
-80936	-44738.207
-108048	-46405.24
-111571	-47623.176
-110299	-48372.11
-103123	-48782.223
-102953	-49096.074
-118567	-49606.98
-121686	-50593.863
-121428	-52243.914
-121451	-54614.832
-124783	-57624.75
-128196	-61064.387
-128867	-64630.46
-126807	-67972.58
-125834	-70758.17
-128285	-72732.414
-131829	-73760.58
-131514	-73831.28
-127809	-73048.06
-73848	-71619.58
-61447	-69787.98
-117361	-67795.06
-125266	-65858.67
-122792	-64124.68
-61196	-62681.805
-50432	-61529.504
-107592	-60614.2
-119141	-59866.17
-117117	-59200.957
-52390	-58569.113
-41906	-57930.03
-99583	-57272.816
-113342	-56612.11
-110794	-55957.105
-44805	-55324.125
-39662	-54682.0
-96174	-53976.56
-110844	-53133.14
-109069	-52054.715
-43123	-50668.92
-38016	-48901.49
-93703	-46720.723
-108396	-44153.977
-107396	-41256.438
-41334	-38124.094
-33935	-34875.484
-89447	-31631.48
-105431	-28513.266
-104651	-25615.627
-39280	-23016.016
-25886	-20755.498
-80870	-18858.986
-100751	-17343.682
-101246	-16205.162
-37786	-15435.904
-19596	-15006.61
-71746	-14877.031
-96682	-14995.177
-97309	-15278.938
-36323	-15634.47
-11709	-15951.742
-56955	-16130.126
-92107	-16096.528
-95234	-15811.846
-35655	-15293.189
-3987	-14604.658
-41541	-13856.272
-87316	-13178.928
-92166	-12690.801
-34664	-12481.156
-2767	-12570.035
-33506	-12908.075
-80767	-13368.175
-88326	-13769.971
-33623	-13932.254
-1843	-13699.536
-25279	-13001.186
-74179	-11878.468
-83717	-10496.378
-32289	-9145.29
-1706	-8196.595
-23364	-8055.7427
-71294	-9086.239
-81248	-11536.827
-31868	-15501.628
-2083	-20881.936
-25006	-27398.365
-68881	-34612.93
-79048	-41986.004
-31404	-48977.125
-2916	-55101.305
-30115	-60000.785
-69097	-63493.668
-78651	-65572.305
-32024	-66439.49
-3506	-66425.42
-36121	-65894.67
-71130	-65235.95
-79387	-64801.914
-32589	-64895.695
-10751	-65695.02
-48406	-67233.17
-70617	-69467.13
-78014	-72287.28
-32593	-75578.4
-15546	-79186.695
-53680	-82914.484
-68659	-86581.71
-76144	-90003.29
-32377	-93026.15
-17288	-95472.79
-54282	-97133.17
-66760	-97844.57
-74506	-97469.53
-32218	-95981.12
-18756	-93409.664
-55993	-89871.99
-67202	-85610.91
-74640	-80911.34
-32576	-76129.75
-16672	-71593.94
-52804	-67579.5
-64646	-64289.406
-73309	-61778.684
-32530	-60021.5
-16032	-58868.86
-51083	-58105.527
-62276	-57516.305
-71392	-56875.707
-31826	-56062.125
-16922	-55009.625
-51849	-53736.1
-62779	-52355.086
-71689	-50987.37
-32572	-49805.34
-16916	-48921.74
-51925	-48385.332
-62944	-48200.816
-72246	-48271.71
-33068	-48499.582
-16292	-48734.594
-51281	-48823.35
-62462	-48674.344
-71111	-48217.316
-32262	-47487.32
-9247	-46543.094
-40066	-45460.035
-57364	-44348.797
-67379	-43282.832
-31088	-42345.91
-11435	-41562.832
-42268	-40892.64
-55388	-40285.395
-65791	-39655.996
-30949	-38958.105
-14006	-38146.617
-45666	-37178.266
-56619	-36058.87
-66357	-34809.37
-31934	-33507.535
-15116	-32221.916
-48138	-30990.879
-57693	-29855.98
-66797	-28825.125
-32252	-27922.121
-14633	-27136.03
-47432	-26419.152
-57847	-25737.42
-66675	-25049.562
-32004	-24359.127
-13196	-23664.13
-44226	-22949.422
-55640	-22225.326
-64911	-21497.75
-31944	-20810.684
-13172	-20191.041
-44129	-19638.715
-55553	-19165.11
-65658	-18767.781
-32842	-18474.43
-14143	-18291.15
-45349	-18195.75
-55449	-18177.744
-64167	-18212.184
-32275	-18306.47
-14513	-18451.328
-45651	-18615.262
-55712	-18791.123
-64825	-18963.97
-32689	-19165.92
-13182	-19412.812
-43767	-19714.547
-54684	-20103.305
-64677	-20596.84
-33076	-21217.725
-8071	-21970.367
-32973	-22833.805
-47825	-23778.521
-58216	-24749.988
-30915	-25699.78
-8466	-26574.74
-33451	-27322.842
-46734	-27916.105
-57474	-28335.146
-31087	-28596.469
-9851	-28731.31
-35912	-28775.209
-48238	-28777.031
-58371	-28775.977
-31976	-28812.197
-12052	-28905.83
-39704	-29048.648
-50025	-29224.652
-60067	-29404.02
-33211	-29561.762
-15254	-29669.963
-45985	-29697.914
-55164	-29636.354
-63691	-29486.146
-34323	-29269.873
-16169	-29006.21
-49021	-28721.094
-57534	-28446.477
-65526	-28185.305
-35327	-27955.62
-16001	-27760.213
-48511	-27606.398
-57443	-27506.451
-65911	-27450.46
-35481	-27451.248
-14812	-27512.973
-47650	-27645.951
-57099	-27858.521
-65733	-28124.691
-35581	-28424.453
-14348	-28715.365
-46957	-28953.17
-57968	-29090.848
-67014	-29063.89
-36794	-28839.86
-16240	-28398.633
-49571	-27755.738
-59568	-26956.445
-67710	-26048.541
-37767	-25114.166
-16364	-24231.275
-50747	-23479.268
-60571	-22922.998
-69524	-22580.111
-39475	-22458.754
-19098	-22532.367
-55948	-22762.68
-63885	-23108.082
-71224	-23503.297
-39849	-23908.348
-18927	-24288.578
-56424	-24630.719
-65612	-24942.678
-73812	-25216.9
-40922	-25462.246
-18471	-25676.398
-56501	-25853.908
-66198	-25992.42
-74562	-26063.93
-41436	-26051.455
-17956	-25940.092
-56299	-25730.504
-65981	-25450.932
-74159	-25124.412
-41372	-24788.262
-15643	-24480.521
-53106	-24236.459
-64771	-24090.916
-73216	-24045.717
-40120	-24087.59
-11545	-24187.13
-45956	-24309.385
-61037	-24430.295
-71254	-24522.13
-39844	-24571.72
-14649	-24580.047
-50862	-24564.016
-63206	-24559.322
-72654	-24587.465
-41372	-24659.348
-15892	-24765.832
-53120	-24878.312
-64731	-24961.855
-73127	-24956.828
-42196	-24804.293
-16502	-24454.191
-55234	-23879.926
-66217	-23098.928
-74580	-22146.246
-44057	-21089.645
-13011	-20013.83
-46717	-19008.441
-62085	-18166.557
-73121	-17543.46
-46000	-17170.447
-14049	-17044.094
-45696	-17130.738
-59816	-17385.691
-69690	-17737.365
-44168	-18128.67
-10346	-18513.457
-38464	-18866.32
-56657	-19192.117
-66758	-19500.408
-42981	-19826.672
-10816	-20205.156
-39455	-20663.414
-56202	-21222.285
-66971	-21869.018
-44382	-22586.47
-10784	-23338.559
-38787	-24079.836
-55805	-24771.32
-65682	-25365.791
-44398	-25841.547
-11406	-26187.078
-38947	-26403.531
-54734	-26511.006
-65156	-26521.244
-44838	-26461.92
-11368	-26355.88
-38605	-26220.764
-54124	-26078.477
-64127	-25932.197
-43895	-25796.438
-11354	-25680.781
-37986	-25593.6
-53554	-25550.826
-62998	-25552.527
-43871	-25608.605
-10641	-25720.748
-35502	-25883.297
-51727	-26092.572
-62002	-26326.328
-43795	-26573.986
-10492	-26823.582
-34830	-27066.459
-51737	-27308.402
-61846	-27547.654
-44861	-27800.453
-9881	-28083.123
-32544	-28407.143
-49800	-28786.783
-59794	-29213.22
-44176	-29676.002
-8851	-30154.795
-29247	-30620.166
-48133	-31048.172
-59079	-31405.87
-43608	-31679.451
-8196	-31865.668
-27322	-31971.574
-45906	-32021.676
-56559	-32034.746
-42339	-32041.768
-6466	-32067.455
-21009	-32124.107
-41756	-32214.414
-52657	-32314.553
-40926	-32398.904
-6834	-32433.268
-21761	-32380.096
-40787	-32212.688
-52336	-31903.676
-40885	-31453.352
-7442	-30880.205
-22745	-30218.557
-41392	-29522.354
-52275	-28841.717
-42761	-28237.42
-9297	-27764.75
-27484	-27463.322
-45511	-27362.533
-55174	-27459.857
-45273	-27742.414
-10956	-28180.295
-30344	-28726.762
-47041	-29335.197
-56806	-29944.133
-47529	-30505.838
-12475	-30982.725
-32919	-31344.805
-49077	-31584.78
-57171	-31696.324
-47346	-31694.418
-12740	-31602.934
-33506	-31444.682
-49192	-31250.314
-58217	-31031.58
-49066	-30800.896
-13632	-30561.754
-35156	-30302.422
-51207	-30014.863
-59872	-29675.953
-49553	-29271.244
-14020	-28795.102
-36819	-28245.543
-52447	-27644.55
-60693	-27014.207
-49917	-26392.906
-13471	-25824.898
-35691	-25344.871
-51351	-24990.21
-59906	-24772.107
-50241	-24692.25
-13658	-24736.9
-35064	-24870.107
-51524	-25056.883
-60457	-25247.125
-50295	-25404.037
-13486	-25503.018
-34758	-25527.332
-50977	-25486.252
-60149	-25389.812
-48928	-25267.273
-12550	-25151.271
-34032	-25063.924
-49743	-25027.205
-58969	-25035.402
-47668	-25079.906
-12950	-25141.08
-36933	-25186.676
-51919	-25195.543
-60371	-25138.473
-48114	-25008.6
-13881	-24812.926
-40269	-24565.06
-53411	-24300.979
-62167	-24044.594
-47687	-23828.777
-14885	-23676.299
-45444	-23589.627
-58017	-23570.572
-65413	-23591.367
-48284	-23626.367
-13789	-23645.383
-44467	-23614.318
-58012	-23521.947
-65655	-23353.271
-47784	-23118.523
-12532	-22837.6
-41741	-22529.41
-56405	-22227.23
-64512	-21942.623
-47337	-21689.357
-5338	-21468.92
-16509	-21265.533
-49174	-21057.799
-61228	-20810.033
-46725	-20500.346
-13664	-20113.098
-42908	-19638.006
-55887	-19092.8
-63557	-18490.846
-48187	-17868.451
-13672	-17266.08
-43566	-16716.723
-58077	-16261.502
-65643	-15913.537
-48828	-15686.825
-13275	-15582.246
-43091	-15584.256
-57413	-15685.927
-65463	-15860.282
-48834	-16095.488
-12701	-16383.305
-42549	-16713.285
-57377	-17094.834
-64844	-17521.357
-48591	-17997.453
-12523	-18523.432
-42049	-19085.926
-57201	-19680.078
-64821	-20277.527
-48233	-20856.066
-11960	-21392.773
-40797	-21860.521
-56332	-22253.39
-64081	-22556.99
-47784	-22778.066
-12452	-22931.56
-41971	-23031.764
-57260	-23111.684
-64620	-23186.58
-48456	-23280.145
-12524	-23410.062
-42114	-23578.785
-57464	-23796.826
-64642	-24049.527
-48055	-24329.352
-12435	-24624.455
-42446	-24912.285
-57864	-25186.719
-64946	-25424.775
-48550	-25614.992
-13306	-25748.72
-44484	-25811.729
-58802	-25813.291
-66097	-25750.67
-49347	-25637.086
-14087	-25491.484
-46023	-25326.213
-59596	-25174.752
-66330	-25051.633
-50521	-24972.662
-14759	-24945.879
-47031	-24956.463
-60402	-24997.893
-66529	-25037.61
-54900	-25045.363
-22490	-24994.678
-57500	-24856.111
-66245	-24637.19
-69549	-24345.617
-54333	-24013.834
-15688	-23691.375
-48006	-23420.832
-62311	-23262.541
-67781	-23247.895
-50957	-23395.154
-12676	-23699.441
-41277	-24119.088
-57062	-24613.562
-64472	-25118.318
-49568	-25580.488
-11207	-25965.385
-36885	-26250.635
-54232	-26458.857
-62163	-26622.01
-47680	-26793.42
-8576	-27029.287
-26599	-27358.879
-46179	-27796.795
-55047	-28307.055
-43409	-28821.604
-9180	-29245.447
-29185	-29460.242
-44524	-29372.117
-53489	-28903.75
-42536	-28033.262
-9446	-26802.613
-31589	-25304.23
-47907	-23698.852
-55632	-22164.07
-43957	-20885.627
-9506	-20026.637
-31115	-19686.541
-47419	-19912.8
-55869	-20664.49
-44565	-21835.396
-9876	-23271.264
-32401	-24779.762
-48681	-26189.34
-56597	-27346.332
-44851	-28151.818
-10394	-28572.28
-33840	-28623.023
-49178	-28388.48
-56593	-27974.438
-45482	-27498.613
-10885	-27071.848
-35590	-26762.402
-51091	-26618.225
-58277	-26635.38
-46347	-26777.373
-11175	-26988.207
-36112	-27189.635
-51987	-27328.361
-58651	-27358.584
-47891	-27262.158
-11686	-27052.793
-36514	-26752.53
-52449	-26418.299
-59499	-26100.76
-48476	-25848.986
-11806	-25703.947
-35933	-25672.291
-51747	-25759.588
-57435	-25939.895
-47851	-26176.168
-11965	-26429.344
-34975	-26645.598
-50500	-26799.008
-57192	-26864.674
-47037	-26839.172
-10914	-26742.867
-32045	-26596.904
-48328	-26451.76
-55011	-26348.443
-45795	-26326.688
-10742	-26418.484
-31694	-26622.074
-47319	-26933.232
-54053	-27313.977
-45612	-27715.006
-11160	-28086.291
-33545	-28368.242
-48537	-28537.451
-54547	-28582.16
-44972	-28525.342
-10929	-28424.244
-33006	-28343.785
-47926	-28377.928
-53715	-28599.729
-45161	-29062.41
-10691	-29786.916
-31666	-30733.812
-46966	-31837.273
-53477	-32980.527
-44702	-34029.24
-9772	-34854.18
-28815	-35334.15
-44721	-35407.78
-51557	-35054.48
-43459	-34314.195
-9487	-33282.15
-27569	-32074.365
-43476	-30836.79
-50537	-29690.084
-42769	-28725.412
-8072	-27991.19
-19806	-27470.984
-37280	-27115.475
-45426	-26828.697
-40759	-26505.426
-8748	-26054.936
-21267	-25404.492
-36756	-24539.684
-44070	-23479.621
-40607	-22291.623
-9382	-21078.479
-22403	-19945.186
-37282	-19004.174
-44314	-18326.818
-42602	-17952.201
-13839	-17881.72
-35505	-18065.969
-48041	-18444.293
-53368	-18923.592
-47361	-19417.576
-13233	-19859.818
-36674	-20195.543
-50891	-20417.777
-55108	-20530.467
-47106	-20563.518
-11651	-20562.861
-32673	-20561.717
-48761	-20603.064
-54263	-20706.396
-46051	-20870.383
-9531	-21088.014
-25867	-21331.557
-43167	-21586.256
-51041	-21825.398
-44571	-22036.21
-9190	-22220.783
-24013	-22378.78
-40994	-22532.518
-48437	-22691.816
-42278	-22870.68
-9079	-23082.81
-24487	-23323.57
-40937	-23596.543
-48222	-23883.238
-42774	-24167.193
-9675	-24436.47
-26740	-24670.281
-43447	-24869.22
-49504	-25023.791
-43732	-25134.889
-10422	-25212.47
-29209	-25256.188
-45201	-25282.674
-50651	-25290.732
-45014	-25280.807
-11389	-25255.611
-31841	-25202.664
-47432	-25126.139
-52321	-25014.43
-45769	-24861.943
-11975	-24671.064
-34014	-24434.555
-49522	-24167.33
-53906	-23872.152
-46917	-23559.75
-11883	-23249.154
-33121	-22947.773
-49380	-22682.006
-54132	-22461.705
-47119	-22299.055
-11587	-22208.084
-33102	-22183.764
-49796	-22232.826
-54157	-22339.22
-47562	-22484.883
-11187	-22652.969
-29392	-22810.986
-46477	-22944.21
-52447	-23025.783
-46660	-23041.1
-10898	-22990.242
-28511	-22870.104
-45525	-22702.844
-51015	-22500.357
-45492	-22282.367
-11100	-22072.586
-30284	-21876.2
-46236	-21708.398
-50912	-21558.564
-46329	-21413.26
-11702	-21260.137
-31320	-21070.277
-47105	-20835.22
-51762	-20534.531
-46521	-20162.91
-11666	-19729.451
-31689	-19235.627
-48257	-18707.102
-52811	-18154.402
-47099	-17592.416
-11544	-17040.285
-30660	-16500.709
-47414	-15993.197
-51938	-15522.824
-46061	-15102.759
-11167	-14759.203
-29651	-14512.79
-46601	-14408.944
-51407	-14481.872
-46606	-14765.825
-11404	-15292.466
-29654	-16063.254
-46442	-17074.92
-50924	-18287.482
-46322	-19636.547
-11019	-21045.95
-28010	-22415.023
-45416	-23658.746
-49937	-24691.76
-46281	-25450.78
-10616	-25907.17
-25539	-26049.588
-42997	-25911.064
-47826	-25536.564
-44265	-24986.97
-9559	-24334.719
-20496	-23634.49
-38393	-22942.088
-44865	-22284.79
-42259	-21674.049
-8353	-21114.006
-9814	-20590.24
-32134	-20096.154
-42389	-19619.135
-40352	-19157.486
-8233	-18726.225
-11259	-18339.682
-31347	-18028.025
-40259	-17810.102
-38824	-17701.66
-8601	-17714.766
-16482	-17838.59
-31997	-18064.01
-38496	-18359.87
-37646	-18693.01
-8768	-19038.178
-18018	-19366.33
-33436	-19672.617
-39212	-19950.73
-38752	-20206.771
-9794	-20461.252
-21341	-20725.53
-36903	-21023.818
-42516	-21359.947
-40879	-21730.404
-10417	-22129.002
-23958	-22529.373
-39854	-22917.344
-44073	-23266.182
-42803	-23555.582
-10977	-23782.023
-24319	-23938.367
-40062	-24043.1
-44978	-24108.295
-42707	-24150.154
-10789	-24189.96
-24034	-24229.695
-39640	-24278.594
-44854	-24324.38
-43426	-24348.209
-10975	-24335.361
-23605	-24258.693
-39507	-24112.42
-44142	-23888.492
-43035	-23591.223
-10956	-23244.443
-23766	-22867.559
-40251	-22500.756
-44762	-22172.262
-43144	-21906.568
-10927	-21727.186
-23643	-21633.273
-39993	-21628.238
-45234	-21694.535
-44059	-21810.562
-11045	-21961.732
-23137	-22122.41
-40296	-22287.736
-45477	-22448.29
-43715	-22601.836
-10692	-22757.97
-21750	-22913.787
-39201	-23078.703
-44081	-23246.99
-43092	-23407.377
-10477	-23552.02
-20177	-23657.773
-36917	-23716.736
-42456	-23715.807
-42074	-23649.707
-9112	-23531.176
-3897	-23372.326
-23048	-23199.742
-39362	-23034.295
-39925	-22895.854
-8723	-22805.312
-2044	-22764.998
-16872	-22774.959
-35736	-22815.742
-38272	-22864.139
-8804	-22902.416
-6982	-22905.248
-26395	-22863.057
-37023	-22768.633
-38418	-22623.914
-9874	-22445.447
-17872	-22239.775
-33409	-22025.088
-39123	-21802.557
-39821	-21565.531
-10897	-21304.85
-23149	-20989.432
-38822	-20600.38
-42599	-20108.807
-43208	-19495.404
-12321	-18764.064
-26470	-17921.62
-42549	-17009.041
-45139	-16070.575
-44111	-15158.962
-12584	-14336.644
-26766	-13644.451
-43206	-13124.934
-45229	-12791.523
-44890	-12634.565
-12647	-12634.07
-25977	-12741.632
-42400	-12917.782
-45223	-13115.155
-44576	-13293.066
-12266	-13433.932
-24542	-13523.437
-41665	-13579.069
-45397	-13623.516
-44485	-13686.48
-11757	-13807.993
-22321	-14009.328
-39842	-14315.81
-44090	-14730.054
-43606	-15238.83
-11659	-15824.766
-21382	-16447.295
-39169	-17075.572
-43844	-17670.164
-43402	-18197.043
-11362	-18640.955
-20142	-18984.42
-37221	-19236.043
-41906	-19403.953
-42448	-19503.016
-11232	-19560.457
-18761	-19589.65
-35646	-19614.111
-39955	-19640.59
-41129	-19669.236
-10965	-19703.693
-17261	-19731.023
-33362	-19750.73
-37882	-19752.795
-39389	-19730.67
-10729	-19692.164
-16506	-19638.596
-32387	-19589.445
-37104	-19555.242
-38659	-19545.365
-10447	-19574.795
-15679	-19640.379
-31152	-19745.115
-36411	-19874.262
-38859	-20006.336
-10714	-20126.678
-15806	-20210.27
-31261	-20251.027
-36269	-20241.191
-38700	-20181.367
-10748	-20090.467
-16291	-19981.682
-32376	-19883.06
-36686	-19808.64
-38449	-19761.855
-10747	-19741.56
-15791	-19718.5
-31466	-19662.244
-36126	-19521.506
-38826	-19240.65
-10951	-18778.674
-15029	-18096.836
-30534	-17191.527
-35132	-16075.73
-38236	-14789.469
-10749	-13407.536
-14820	-12011.118
-30467	-10702.729
-35037	-9571.432
-37662	-8690.463
-10972	-8118.874
-15067	-7875.2134
-30545	-7960.243
-35111	-8337.346
-38211	-8947.391
-11170	-9729.154
-14992	-10607.852
-30501	-11529.146
-35138	-12443.021
-38621	-13315.587
-11183	-14140.97
-14691	-14916.218
-30266	-15661.071
-34662	-16389.396
-38018	-17110.086
-11306	-17834.777
-15139	-18553.314
-30687	-19259.193
-34694	-19930.246
-37687	-20538.295
-11214	-21066.512
-15294	-21491.871
-30906	-21812.646
-35212	-22030.328
-38616	-22151.986
-11583	-22201.625
-16835	-22194.648
-32649	-22157.97
-35929	-22111.963
-38566	-22063.28
-11858	-22020.707
-16774	-21975.322
-32934	-21924.604
-36657	-21860.54
-39708	-21769.26
-12309	-21649.428
-16877	-21492.906
-32587	-21308.215
-36291	-21103.701
-38986	-20887.045
-11978	-20675.99
-17494	-20474.812
-33674	-20296.047
-36580	-20143.033
-39704	-20010.426
-12569	-19898.137
-18208	-19790.186
-34444	-19680.885
-37724	-19559.184
-40392	-19412.69
-12655	-19241.545
-17464	-19036.87
-33892	-18805.188
-37052	-18549.564
-40636	-18271.773
-12924	-17985.152
-17771	-17689.893
-34534	-17397.947
-37859	-17113.486
-40948	-16836.35
-12749	-16575.26
-16176	-16325.466
-33256	-16093.316
-37047	-15878.262
-40434	-15676.776
-12474	-15495.504
-13263	-15329.21
-30044	-15184.102
-34734	-15060.034
-38772	-14953.929
-12252	-14872.812
-12561	-14812.001
-28069	-14777.641
-32756	-14768.697
-37677	-14780.055
-11969	-14815.843
-12748	-14867.477
-28285	-14936.082
-33144	-15014.65
-37324	-15092.105
-11930	-15166.602
-12041	-15225.145
-27635	-15266.7705
-33231	-15285.216
-37550	-15273.194
-12146	-15235.742
-12211	-15169.493
-27472	-15084.318
-31938	-14985.525
-36841	-14875.353
-11947	-14766.657
-12547	-14660.529
-27759	-14568.171
-32182	-14493.588
-37047	-14435.233
-12311	-14400.11
-12701	-14382.622
-28457	-14385.443
-32069	-14409.899
-36054	-14448.806
-11896	-14500.754
-11719	-14555.646
-27161	-14611.684
-31926	-14667.045
-36688	-14714.175
-12162	-14751.397
-11201	-14770.364
-26602	-14773.442
-30717	-14764.425
-35907	-14741.346
-11960	-14712.656
-9447	-14678.605
-24756	-14648.547
-30020	-14627.2295
-35343	-14614.53
-11921	-14618.528
-9590	-14636.119
-24486	-14672.779
-29517	-14727.812
-35021	-14797.356
-12111	-14887.924
-10512	-14995.423
-25247	-15126.093
-29973	-15278.263
-35566	-15445.452
-12312	-15629.231
-11756	-15817.52
-26686	-16006.307
-30326	-16183.064
-36047	-16331.409
-12521	-16447.861
-11982	-16520.94
-27201	-16555.23
-31557	-16554.404
-37022	-16524.295
-13147	-16485.89
-12576	-16451.135
-28172	-16442.137
-32289	-16471.264
-36902	-16541.24
-13210	-16657.785
-13046	-16808.139
-28894	-16983.996
-32477	-17167.535
-37208	-17335.564
-13503	-17477.77
-13554	-17578.188
-29845	-17638.383
-33249	-17662.55
-37981	-17656.39
-13724	-17640.104
-13876	-17623.725
-29848	-17625.234
-33209	-17652.377
-37766	-17700.637
-13824	-17767.844
-13967	-17833.59
-30782	-17882.951
-33914	-17895.66
-38931	-17847.91
-14349	-17731.72
-14128	-17534.924
-30824	-17263.52
-33707	-16928.75
-38139	-16543.244
-14222	-16134.382
-13425	-15720.249
-30222	-15326.897
-33210	-14974.471
-37645	-14672.522
-13893	-14434.591
-12905	-14257.316
-29326	-14140.492
-32727	-14077.044
-37612	-14051.497
-14274	-14056.528
-12437	-14073.842
-28539	-14094.803
-32524	-14110.187
-37347	-14108.482
-13837	-14091.301
-12404	-14052.947
-28734	-13999.923
-32216	-13939.161
-37293	-13874.061
-14067	-13818.941
-11746	-13776.949
-29007	-13756.96
-34772	-13762.251
-40822	-13787.197
-15515	-13833.068
-13658	-13886.342
-32771	-13939.651
-37133	-13984.315
-42152	-14007.539
-15948	-14010.3
-13740	-13985.412
-32918	-13937.481
-37912	-13872.9375
-43010	-13794.229
-16223	-13714.507
-12917	-13633.403
-32605	-13554.404
-37492	-13476.605
-42847	-13390.276
-16227	-13294.661
-12441	-13177.395
-31743	-13035.393
-36675	-12868.776
-42801	-12676.927
-16346	-12475.597
-12232	-12273.119
-31456	-12087.425
-36765	-11935.536
-42342	-11826.026
-16626	-11773.487
-13691	-11774.701
-33981	-11827.221
-38821	-11922.911
-44046	-12044.377
-17321	-12184.332
-14671	-12324.985
-35673	-12458.977
-40832	-12583.275
-45194	-12694.04
-17714	-12802.198
-13889	-12908.772
-35114	-13021.916
-40730	-13147.254
-46219	-13281.725
-17834	-13430.385
-13781	-13582.642
-35262	-13732.469
-40836	-13873.04
-45510	-13993.418
-18054	-14096.874
-14067	-14178.385
-35652	-14243.525
-41347	-14300.244
-46356	-14352.32
-18657	-14414.406
-14722	-14486.906
-37036	-14573.419
-42127	-14673.32
-47421	-14776.569
-19398	-14882.757
-14720	-14978.466
-37773	-15057.85
-44509	-15117.628
-50195	-15153.035
-20172	-15175.864
-14916	-15188.653
-39471	-15201.892
-46599	-15226.225
-51741	-15264.387
-21185	-15327.394
-14811	-15408.125
-40614	-15499.527
-48557	-15590.626
-54550	-15661.946
-22233	-15706.816
-16037	-15707.515
-42801	-15656.639
-49557	-15554.893
-55599	-15403.268
-22853	-15222.461
-15874	-15024.289
-43257	-14827.186
-50991	-14650.842
-55861	-14503.983
-23102	-14401.096
-15679	-14335.886
-43506	-14298.749
-51067	-14277.428
-57082	-14250.082
-23781	-14208.309
-15284	-14134.825
-43274	-14023.696
-51552	-13881.531
-57569	-13718.219
-24202	-13564.291
-15024	-13442.536
-43106	-13379.736
-51146	-13402.552
-56783	-13523.084
-24073	-13754.256
-14967	-14083.942
-43284	-14490.982
-51856	-14948.123
-57850	-15415.9795
-24777	-15866.867
-14899	-16264.309
-43280	-16582.773
-51874	-16811.27
-57771	-16943.979
-24752	-16998.102
-14694	-16985.848
-43854	-16925.889
-52557	-16840.896
-58869	-16743.066
-25534	-16651.605
-14667	-16566.137
-43201	-16482.037
-52364	-16394.676
-57724	-16292.146
-25359	-16176.682
-14485	-16043.296
-42914	-15895.598
-51900	-15748.18
-57532	-15614.288
-25757	-15522.153
-14322	-15487.248
-42642	-15522.456
-51577	-15638.411
-57751	-15829.694
-25492	-16093.516
-12096	-16407.256
-40548	-16743.19
-50064	-17076.246
-56449	-17375.842
-25237	-17627.945
-9035	-17815.367
-36109	-17929.668
-48416	-17975.234
-55125	-17958.53
-24812	-17902.762
-8921	-17823.22
-35132	-17735.336
-47488	-17655.168
-54801	-17588.828
-24794	-17549.5
-9049	-17534.883
-35346	-17539.7
-46934	-17560.379
-53206	-17587.863
-24354	-17625.906
-7337	-17671.178
-32627	-17723.633
-44541	-17788.914
-51687	-17868.438
-24101	-17974.994
-4260	-18111.416
-27103	-18277.518
-42534	-18471.525
-49907	-18684.104
-23772	-18914.367
-4623	-19152.205
-27127	-19388.0
-41846	-19616.105
-49412	-19829.717
-23646	-20037.184
-5144	-20242.055
-27069	-20450.732
-40451	-20671.873
-47270	-20907.914
-22516	-21168.719
-6364	-21450.986
-28037	-21747.379
-39192	-22048.125
-45887	-22334.826
-22436	-22599.393
-7471	-22827.115
-28399	-23009.121
-36934	-23144.53
-41963	-23232.318
-20755	-23286.914
-7579	-23318.562
-25261	-23341.223
-32477	-23369.074
-39556	-23405.688
-20009	-23459.857
-7699	-23527.285
-25098	-23601.592
-32000	-23675.193
-38820	-23733.055
-19815	-23772.045
-7487	-23785.215
-24331	-23772.842
-30357	-23741.871
-37257	-23695.586
-19718	-23648.654
-7216	-23608.604
-23153	-23583.566
-30226	-23579.645
-37214	-23592.494
-19504	-23624.26
-7192	-23668.074
-23397	-23719.084
-30089	-23775.46
-36912	-23830.156
-19465	-23887.639
-6987	-23947.215
-22744	-24012.37
-28755	-24087.354
-35737	-24166.295
-19196	-24250.525
-6791	-24331.809
-22407	-24403.52
-28255	-24460.084
-35451	-24489.111
-19274	-24491.277
-6449	-24465.066
-21227	-24417.336
-27372	-24360.078
-34212	-24299.074
-18977	-24249.43
-6159	-24217.33
-20203	-24207.89
-26311	-24221.285
-33293	-24242.984
-18308	-24262.52
-6166	-24259.47
-19942	-24216.752
-25225	-24120.922
-32034	-23954.758
-17991	-23717.023
-5912	-23408.479
-19491	-23041.736
-25743	-22637.443
-32683	-22213.006
-18140	-21798.258
-5724	-21416.916
-19022	-21093.92
-25137	-20849.67
-31905	-20688.393
-17904	-20614.668
-5551	-20617.637
-18622	-20681.016
-24311	-20781.451
-31463	-20880.979
-17731	-20949.12
-5330	-20951.486
-18028	-20864.607
-24226	-20675.777
-30862	-20376.129
-17867	-19979.648
-5284	-19507.938
-17349	-18996.578
-23147	-18487.162
-30112	-18011.867
-17308	-17606.078
-5122	-17289.178
-17042	-17071.447
-23187	-16949.857
-29886	-16900.26
-17477	-16900.197
-5190	-16919.375
-16959	-16935.326
-22636	-16934.418
-29737	-16904.014
-17636	-16851.494
-4946	-16787.375
-17104	-16731.27
-22575	-16702.46
-29031	-16703.666
-17358	-16736.598
-4783	-16786.69
-15909	-16834.545
-22078	-16855.527
-29225	-16813.982
-17474	-16689.465
-4722	-16467.541
-16090	-16154.206
-21704	-15771.152
-27715	-15341.619
-16937	-14905.743
-4636	-14499.385
-15486	-14158.536
-20871	-13908.411
-27883	-13747.802
-17176	-13669.8955
-4606	-13650.858
-15027	-13665.09
-20447	-13686.58
-27307	-13682.443
-16964	-13639.144
-4614	-13550.405
-15154	-13428.17
-20403	-13294.718
-27101	-13165.015
-16925	-13062.689
-4422	-13001.167
-14417	-12990.968
-19737	-13033.365
-26880	-13107.961
-17228	-13197.26
-4394	-13277.312
-14578	-13331.966
-19924	-13352.536
-26616	-13326.424
-16574	-13259.167
-4371	-13158.999
-14600	-13044.742
-19891	-12937.747
-26917	-12844.267
-16961	-12774.721
-4328	-12728.461
-14343	-12704.098
-20017	-12696.763
-27176	-12686.079
-16899	-12661.38
-4170	-12609.874
-13972	-12529.151
-19757	-12423.693
-26617	-12290.534
-17104	-12139.676
-4209	-11979.777
-14157	-11825.398
-19717	-11692.037
-26616	-11580.314
-17396	-11496.706
-4400	-11440.723
-14471	-11413.739
-19851	-11417.02
-26438	-11437.197
-16862	-11468.759
-4284	-11501.593
-14122	-11531.13
-19462	-11556.583
-26489	-11565.426
-17362	-11556.1
-4196	-11525.767
-13712	-11478.537
-18639	-11424.713
-26132	-11362.714
-17156	-11299.383
-4072	-11238.067
-13150	-11185.06
-18249	-11148.103
-25179	-11119.422
-16917	-11095.919
-3940	-11069.844
-12397	-11037.538
-16581	-11000.101
-22266	-10947.985
-15425	-10881.428
-3483	-10801.799
-10877	-10717.707
-16044	-10643.333
-22906	-10580.59
-15872	-10536.742
-3384	-10513.86
-10806	-10513.855
-15596	-10539.627
-22700	-10578.507
-15686	-10620.876
-3401	-10655.39
-10841	-10675.434
-16201	-10682.183
-22729	-10668.719
-15480	-10636.829
-3332	-10589.504
-10491	-10534.82
-15039	-10485.739
-21996	-10441.927
-15337	-10405.934
-3372	-10375.774
-10459	-10350.023
-15045	-10329.607
-21662	-10303.576
-15603	-10267.559
-3316	-10217.425
-10154	-10154.41
-14903	-10086.363
-21864	-10012.269
-15250	-9938.8545
-3246	-9871.042
-10604	-9814.404
-15456	-9776.129
-21574	-9751.542
-15610	-9739.51
-3256	-9734.876
-9919	-9733.396
-14800	-9734.463
-21804	-9729.194
-15737	-9716.586
-3245	-9695.172
-10075	-9666.637
-15287	-9637.521
-21731	-9605.944
-15657	-9576.174
-3170	-9549.539
-9332	-9527.653
-14636	-9514.97
-22255	-9506.535
-16089	-9503.167
-3216	-9503.592
-9481	-9507.982
-14450	-9520.665
-21039	-9537.533
-15670	-9560.022
-3308	-9587.214
-9779	-9618.322
-14488	-9655.527
-21196	-9691.223
-15681	-9723.183
-3277	-9747.05
-9464	-9759.965
-14567	-9764.4
-21560	-9756.046
-15334	-9738.928
-3327	-9716.402
-10064	-9693.891
-14857	-9681.522
-20565	-9680.414
-15406	-9695.162
-3254	-9726.103
-9705	-9770.901
-14346	-9828.871
-20628	-9888.961
-15764	-9944.263
-3234	-9986.559
-9645	-10009.425
-14412	-10013.45
-20614	-9994.653
-15846	-9957.795
-3383	-9908.794
-9778	-9854.979
-14351	-9808.192
-21156	-9770.661
-16509	-9746.697
-3447	-9735.245
-9899	-9730.701
-14685	-9728.162
-21608	-9712.256
-16409	-9672.169
-3507	-9596.933
-10210	-9478.471
-15407	-9318.046
-21292	-9115.05
-16244	-8879.43
-3451	-8624.199
-10138	-8365.012
-15632	-8122.794
-21977	-7909.7363
-17039	-7739.265
-3574	-7618.8213
-10431	-7549.032
-15558	-7529.7817
-21713	-7548.831
-16851	-7595.352
-3635	-7655.8286
-10409	-7716.21
-14859	-7769.2993
-21285	-7803.6
-16974	-7815.802
-3586	-7805.37
-10509	-7773.5137
-15662	-7728.4473
-21735	-7672.3315
-17305	-7611.959
-3622	-7552.455
-9963	-7496.5205
-15276	-7450.4424
-22250	-7411.794
-16927	-7382.3267
-3505	-7361.957
-10019	-7348.836
-15078	-7346.0034
-21939	-7349.3154
-17232	-7359.0933
-3686	-7374.4307
-10432	-7392.727
-15322	-7416.1963
-21651	-7439.4697
-17179	-7461.4863
-3683	-7480.621
-10613	-7493.633
-14871	-7503.3125
-21333	-7506.0264
-17517	-7503.4624
-3602	-7497.502
-9751	-7488.7
-14837	-7482.882
-21613	-7478.7305
-17367	-7478.737
-3641	-7483.654
-10043	-7491.187
-15410	-7503.0576
-21754	-7513.428
-17616	-7520.368
-3643	-7521.4155
-10062	-7512.5737
-15655	-7496.066
-21096	-7469.2354
-16897	-7434.8193
-3612	-7396.1006
-10429	-7355.1855
-15877	-7320.0225
-21450	-7291.687
-17500	-7274.148
-3681	-7269.4316
-10316	-7275.5674
-15509	-7294.026
-21284	-7318.3164
-17203	-7345.1
-3654	-7370.15
-9898	-7387.762
-14912	-7398.627
-21056	-7398.329
-17212	-7388.0044
-3571	-7369.565
-9890	-7343.946
-15122	-7317.601
-21691	-7290.194
-17532	-7264.8213
-3560	-7243.275
-9684	-7224.2734
-15142	-7211.405
-21119	-7201.7065
-17112	-7196.4883
-3645	-7197.1416
-9440	-7203.563
-14799	-7221.3594
-20861	-7249.4966
-17546	-7290.002
-3562	-7343.4263
-9709	-7406.109
-15149	-7477.7583
-20634	-7550.365
-18169	-7618.5913
-3767	-7677.655
-9928	-7721.484
-15818	-7751.8003
-21436	-7767.0767
-17847	-7772.425
-3649	-7774.7017
-9952	-7779.201
-15112	-7796.2803
-21423	-7827.7837
-18425	-7875.9585
-3836	-7939.2456
-10407	-8009.2046
-15808	-8080.418
-21527	-8140.249
-18385	-8180.45
-3724	-8195.954
-9502	-8182.215
-15409	-8144.795
-21362	-8088.67
-17919	-8025.3438
-3721	-7967.7554
-9649	-7924.7407
-15132	-7907.5586
-20718	-7917.3276
-18482	-7952.6816
-3896	-8007.555
-9871	-8068.81
-15796	-8127.161
-21612	-8169.01
-18474	-8186.968
-3930	-8178.8574
-10036	-8144.66
-15487	-8094.785
-20569	-8037.9146
-18216	-7986.776
-3870	-7953.1553
-9639	-7941.853
-15126	-7957.913
-20711	-7995.5815
-18037	-8047.1904
-3783	-8102.2363
-9177	-8145.8013
-15252	-8170.01
-21756	-8165.795
-18771	-8132.7188
-3757	-8076.2783
-8792	-8003.4727
-14987	-7929.3945
-20381	-7864.8354
-17966	-7821.3164
-3760	-7806.9956
-9180	-7820.883
-15123	-7861.729
-19894	-7918.914
-17439	-7981.406
-3708	-8038.1426
-9112	-8076.728
-14747	-8094.1807
-20199	-8087.5693
-18158	-8061.545
-3771	-8025.6743
-9263	-7987.927
-14961	-7961.47
-20482	-7952.193
-18659	-7964.064
-3966	-7996.587
-9221	-8040.8247
-14989	-8089.711
-20667	-8129.6147
-18945	-8150.1396
-3934	-8145.0825
-8881	-8108.983
-14623	-8047.414
-20166	-7966.2817
-18301	-7877.8345
-3969	-7796.696
-9139	-7732.7925
-14524	-7698.252
-20236	-7695.169
-18632	-7722.127
-3950	-7772.8755
-9062	-7833.3296
-14886	-7892.448
-21056	-7934.672
-18537	-7950.2695
-3758	-7935.363
-8788	-7887.888
-15134	-7816.9727
-20741	-7731.835
-19399	-7646.8154
-4054	-7577.874
-9062	-7534.217
-15026	-7526.38
-20339	-7554.48
-18553	-7615.111
-3892	-7700.976
-8377	-7797.292
-14048	-7893.7197
-20291	-7976.1577
-18526	-8036.8154
-3915	-8073.476
-8884	-8085.005
-14654	-8080.7734
-20436	-8068.228
-18849	-8058.4097
-3989	-8062.0396
-8697	-8082.524
-14329	-8124.2256
-19899	-8181.241
-19101	-8245.195
-4041	-8306.374
-8526	-8349.837
-14487	-8367.79
-19737	-8351.578
-18367	-8300.146
-3890	-8219.965
-8732	-8118.946
-14261	-8015.042
-20252	-7922.353
-19721	-7856.102
-4280	-7829.3574
-9176	-7844.4937
-14868	-7902.7363
-19887	-7993.2686
-19241	-8101.9023
-4163	-8212.848
-8398	-8305.56
-14335	-8368.151
-20332	-8388.788
-19104	-8364.885
-4179	-8302.574
-8248	-8209.701
-14061	-8104.1665
-19481	-8000.4062
-18822	-7913.474
-4144	-7855.8667
-8631	-7830.5234
-14141	-7839.853
-19212	-7875.4644
-18657	-7926.6797
-4023	-7982.1475
-8396	-8026.502
-13789	-8052.702
-19437	-8052.198
-19010	-8023.256
-4112	-7970.188
-8622	-7896.246
-14379	-7812.7427
-18897	-7726.4517
-18579	-7645.3584
-4176	-7577.202
-8471	-7522.946
-14405	-7487.4604
-19248	-7469.152
-18391	-7467.2524
-4047	-7481.964
-8102	-7509.2163
-14398	-7550.674
-19251	-7603.0757
-18686	-7664.2236
-4252	-7732.653
-8299	-7801.346
-13949	-7868.221
-18797	-7925.7188
-19319	-7967.807
-4339	-7992.186
-8222	-7993.788
-14034	-7975.865
-18943	-7939.5127
-18908	-7889.7983
-4240	-7835.552
-7704	-7781.368
-12972	-7737.0083
-17874	-7705.3823
-19042	-7688.406
-4409	-7688.1387
-8142	-7699.8555
-14295	-7723.2837
-19629	-7753.079
-18921	-7786.394
-4167	-7823.156
-7970	-7859.913
-13602	-7899.8667
-18470	-7941.458
-18870	-7983.877
-4324	-8026.868
-7901	-8064.011
-13905	-8093.1157
-18546	-8106.5996
-18612	-8098.6577
-4306	-8067.5
-7594	-8010.083
-13566	-7932.709
-18661	-7841.1055
-19109	-7745.4395
-4314	-7659.8286
-7611	-7593.1187
-13322	-7557.4956
-18399	-7555.907
-18709	-7587.12
-4257	-7646.7505
-7656	-7720.5054
-13560	-7797.501
-17574	-7861.921
-18706	-7900.804
-4492	-7908.455
-7379	-7880.4307
-13032	-7824.329
-18059	-7748.3164
-19201	-7665.6133
-4463	-7593.1943
-7185	-7541.818
-13189	-7524.5137
-18131	-7544.08
-18967	-7598.5996
-4386	-7683.1543
-7649	-7783.57
-13537	-7889.529
-18086	-7986.0615
-18727	-8061.1455
-4309	-8108.9326
-7316	-8123.3687
-13247	-8108.6694
-18331	-8068.14
-19076	-8008.7827
-4405	-7941.3813
-6960	-7871.119
-13014	-7807.6387
-18101	-7753.6235
-18927	-7710.217
-4464	-7678.918
-7209	-7654.7085
-12761	-7637.656
-17889	-7622.7715
-19394	-7606.6934
-4747	-7590.3
-7232	-7570.478
-12829	-7551.378
-17764	-7533.4395
-18820	-7518.635
-4390	-7511.5806
-7117	-7511.298
-12569	-7521.6113
-17683	-7540.3223
-18736	-7564.63
-4429	-7592.884
-6636	-7617.9424
-12111	-7638.3257
-17042	-7648.5557
-18009	-7645.096
-4219	-7629.2847
-6359	-7600.092
-12331	-7564.501
-17392	-7527.045
-18612	-7493.911
-4339	-7474.17
-6164	-7470.355
-11820	-7487.603
-16508	-7523.2437
-18161	-7571.4326
-4420	-7626.059
-5745	-7674.2656
-11143	-7708.569
-16907	-7718.448
-18669	-7697.8784
-4477	-7648.6167
-5917	-7572.661
-11736	-7482.506
-17029	-7389.502
-18692	-7306.9946
-4713	-7250.032
-6599	-7225.041
-12408	-7239.104
-16487	-7288.9614
-18654	-7365.5547
-4877	-7458.5146
-6891	-7550.0586
-12913	-7628.347
-17445	-7680.1143
-19154	-7697.4873
-4829	-7681.4736
-6284	-7633.8477
-11672	-7567.055
-16857	-7491.8306
-19109	-7420.012
-4852	-7364.5293
-6507	-7329.86
-12291	-7321.3613
-16762	-7335.344
-18251	-7364.3716
-4805	-7401.5903
-6640	-7434.51
-12266	-7458.084
-16656	-7465.572
-19394	-7453.712
-5173	-7426.414
-6437	-7385.227
-13168	-7338.7896
-17956	-7292.3315
-19604	-7250.6133
-4892	-7219.5986
-6642	-7198.063
-12468	-7188.6167
-17082	-7188.164
-19789	-7193.062
-5201	-7203.189
-6878	-7213.66
-13016	-7226.299
-17711	-7239.661
-19783	-7253.1494
-5080	-7269.6836
-6619	-7286.2466
-12766	-7305.2144
-17816	-7324.2227
-19864	-7340.576
-5197	-7354.9253
-6637	-7362.7544
-12937	-7365.823
-17504	-7362.7354
-19952	-7353.219
-5371	-7341.0737
-6626	-7324.8228
-12959	-7309.139
-17024	-7294.3135
-19469	-7280.092
-5181	-7269.4824
-6281	-7259.5503
-12713	-7253.076
-17254	-7249.213
-19644	-7247.301
-5207	-7250.23
-6551	-7255.4966
-12743	-7265.8584
-16773	-7279.5146
-19526	-7293.122
-4999	-7305.9395
-6496	-7310.583
-12432	-7305.3374
-17259	-7284.9043
-20086	-7245.497
-5481	-7189.312
-6584	-7115.4224
-12694	-7031.313
-17022	-6942.681
-19728	-6856.2935
-5449	-6782.1924
-6191	-6723.362
-12809	-6685.687
-17539	-6667.8765
-20131	-6665.0654
-5518	-6673.5713
-6349	-6682.1865
-12267	-6685.2676
-16814	-6674.8857
-19359	-6645.7554
-5368	-6599.9785
-6409	-6538.06
-13059	-6469.116
-16854	-6401.1025
-19259	-6341.914
-5387	-6302.2163
-6470	-6284.732
-12821	-6294.397
-17054	-6329.0312
-19536	-6383.1025
-5431	-6452.803
-6439	-6527.575
-13029	-6603.312
-16641	-6674.263
-19258	-6736.3286
-5477	-6791.6606
-6109	-6838.7017
-12137	-6882.446
-16457	-6924.236
-19827	-6963.845
-5772	-7003.371
-6365	-7036.8403
-12898	-7062.607
-17189	-7075.1104
-19673	-7068.88
-5571	-7043.8745
-6427	-6997.3857
-12793	-6935.4116
-16618	-6863.61
-19845	-6789.3184
-5692	-6725.1426
-6097	-6677.4707
-12738	-6656.2676
-16728	-6665.283
-19874	-6703.6216
-5876	-6770.628
-6187	-6856.616
-12479	-6954.9224
-16740	-7054.8765
-19921	-7145.7246
-5879	-7222.7417
-6149	-7278.3438
-12736	-7313.725
-16871	-7330.0557
-20113	-7330.274
-5797	-7322.9087
-5733	-7311.201
-12596	-7302.918
-16559	-7301.4536
-19022	-7307.493
-5805	-7323.781
-6072	-7345.5283
-12326	-7372.189
-16461	-7399.757
-19631	-7423.643
-5692	-7444.0176
-6042	-7456.124
-12240	-7461.9766
-16417	-7461.4775
-19761	-7454.214
-6153	-7444.15
-5753	-7429.539
-11775	-7413.669
-15472	-7396.238
-18583	-7375.5986
-5613	-7353.8477
-5700	-7327.603
-11962	-7299.071
-15616	-7268.1123
-18701	-7234.3037
-6032	-7201.64
-5267	-7169.489
-11300	-7142.4473
-15456	-7121.967
-18841	-7107.943
-5819	-7103.384
-5387	-7105.0566
-11185	-7114.1626
-15015	-7128.311
-18311	-7144.0977
-5656	-7162.126
-4967	-7178.212
-10393	-7194.4053
-15290	-7210.199
-19457	-7224.967
-6189	-7242.379
-4972	-7260.423
-10846	-7281.359
-14618	-7303.488
-19294	-7322.7695
-6114	-7338.645
-5051	-7344.7817
-10581	-7340.3335
-14187	-7322.911
-18319	-7290.775
-5820	-7248.5093
-4834	-7197.831
-10723	-7146.969
-14632	-7102.489
-18198	-7069.482
-5854	-7055.3745
-4397	-7060.026
-10388	-7084.7866
-14633	-7125.1187
-18391	-7172.559
-6041	-7221.0146
-4377	-7259.0493
-10161	-7281.178
-13791	-7282.495
-17969	-7260.4004
-6063	-7219.94
-4873	-7164.729
-10647	-7105.772
-13526	-7052.8667
-18372	-7013.158
-6162	-6995.884
-4686	-7001.8203
-10315	-7032.716
-13616	-7084.2935
-18651	-7147.5713
-6492	-7216.778
-4251	-7280.612
-10090	-7333.573
-14091	-7370.1143
-18264	-7386.1714
-6034	-7384.977
-4656	-7366.9614
-10477	-7339.244
-13977	-7307.418
-18075	-7275.564
-6414	-7250.8286
-4432	-7234.0337
-10040	-7229.292
-13612	-7236.809
-18287	-7253.776
-6364	-7280.6587
-4350	-7312.0996
-9924	-7346.503
-13266	-7379.6475
-17937	-7405.496
-6264	-7422.646
-3868	-7425.0537
-9212	-7412.5977
-12841	-7384.644
-17363	-7340.686
-6089	-7286.781
-4046	-7226.226
-9187	-7168.6216
-12829	-7121.2896
-17320	-7089.169
-6183	-7079.243
-3952	-7090.131
-9179	-7121.5547
-12666	-7166.927
-17530	-7214.809
-6347	-7256.546
-4134	-7278.763
-9148	-7275.315
-12615	-7241.4463
-17372	-7175.6626
-6442	-7085.814
-3722	-6979.5586
-8615	-6871.992
-12290	-6776.172
-17239	-6701.3403
-6357	-6657.1226
-3636	-6642.809
-8656	-6656.637
-12240	-6689.412
-16412	-6726.775
-6087	-6757.6826
-3526	-6768.0605
-8463	-6752.5024
-11956	-6708.9053
-16941	-6639.17
-6336	-6554.9277
-3274	-6466.7354
-7942	-6390.89
-11465	-6339.613
-16730	-6319.1177
-6012	-6334.6587
-3405	-6380.168
-8043	-6448.943
-11358	-6527.7725
-17042	-6599.982
-6502	-6654.4644
-3114	-6678.8896
-7812	-6670.724
-12012	-6630.734
-16217	-6563.565
-6356	-6481.75
-2781	-6395.4
-7940	-6318.3853
-11668	-6260.0513
-16345	-6223.6045
-6180	-6211.7056
-2877	-6218.14
-7501	-6237.944
-11441	-6262.0986
-16284	-6280.094
-6364	-6287.4565
-2691	-6278.608
-6913	-6255.9326
-10409	-6222.946
-15480	-6183.403
-6107	-6146.5796
-2862	-6117.004
-7525	-6101.7393
-11072	-6103.115
-16173	-6118.571
-6369	-6147.342
-2629	-6182.581
-6739	-6220.999
-9857	-6257.429
-15874	-6285.3647
-6356	-6305.015
-2236	-6314.1606
-6485	-6316.3047
-9850	-6314.0728
-14729	-6308.5317
-6151	-6304.5464
-2222	-6302.169
-5635	-6304.932
-8460	-6313.077
-14587	-6323.35
-5938	-6336.3877
-1911	-6348.605
-5341	-6360.643
-9022	-6370.7676
-14961	-6375.237
-6227	-6375.0757
-1867	-6367.198
-6210	-6352.687
-9348	-6330.883
-14786	-6298.781
-6348	-6258.1675
-1715	-6207.4946
-5845	-6149.86
-9373	-6087.1963
-14947	-6019.8853
-6252	-5953.176
-1766	-5888.596
-5579	-5831.7627
-9167	-5785.796
-14922	-5750.684
-6303	-5729.9717
-1733	-5722.0645
-5260	-5728.5356
-9386	-5747.737
-14853	-5774.813
-6303	-5808.5396
-1842	-5843.561
-5792	-5877.907
-8859	-5907.9717
-14445	-5928.093
-5982	-5937.6694
-1819	-5933.1147
-5797	-5916.2427
-9495	-5888.1387
-15126	-5848.9985
-6306	-5804.3994
-2001	-5756.3643
-6081	-5710.831
-9514	-5671.381
-14516	-5638.0327
-6261	-5613.3374
-1967	-5594.383
-6197	-5580.5444
-9872	-5568.7207
-15277	-5553.4595
-6597	-5534.4263
-1989	-5508.706
-6050	-5478.434
-8713	-5446.2583
-14665	-5413.1143
-6776	-5384.748
-2344	-5362.7705
-6751	-5351.2173
-9625	-5351.1436
-14233	-5359.4087
-6306	-5375.0986
-1916	-5392.6265
-5788	-5409.6865
-9347	-5423.0957
-14879	-5428.865
-6604	-5428.5083
-1919	-5421.226
-6107	-5411.029
-9362	-5401.0396
-14827	-5391.1235
-6516	-5384.2944
-2135	-5377.478
-6185	-5369.987
-9086	-5358.789
-14495	-5338.0293
-6422	-5306.931
-2044	-5262.3496
-6283	-5207.041
-9138	-5145.2183
-14853	-5080.3164
-6677	-5021.1904
-1978	-4972.7534
-5986	-4941.728
-9292	-4931.38
-14592	-4939.2026
-6814	-4963.479
-1952	-4996.261
-5842	-5031.145
-9273	-5060.3335
-14838	-5074.1553
-6736	-5069.1265
-2209	-5040.196
-6727	-4988.165
-10036	-4915.405
-15448	-4823.302
-7258	-4718.9233
-2217	-4605.3057
-6392	-4488.682
-9661	-4374.08
-14861	-4263.5005
-7056	-4163.0537
-2199	-4074.5784
-6445	-4003.1997
-9971	-3953.2493
-15411	-3925.5889
-7067	-3924.0962
-2209	-3946.814
-6304	-3992.7717
-9353	-4057.67
-15244	-4132.11
-7219	-4209.762
-2062	-4280.066
-6362	-4336.2603
-9626	-4373.281
-15169	-4386.3203
-7289	-4378.3965
-2125	-4351.8325
-6118	-4314.568
-9091	-4275.188
-14943	-4238.995
-7173	-4214.12
-2172	-4201.8877
-6131	-4203.527
-9366	-4216.7344
-15253	-4234.115
-7327	-4251.6753
-2247	-4261.9604
-6444	-4262.158
-9784	-4251.695
-14732	-4230.4844
-6752	-4205.09
-1951	-4179.915
-5931	-4162.759
-8608	-4160.155
-14531	-4173.439
-6936	-4205.4185
-1839	-4251.854
-5215	-4308.966
-9496	-4370.435
-15028	-4427.3984
-7096	-4476.1226
-1724	-4511.079
-5684	-4532.149
-9031	-4541.711
-14952	-4541.5137
-7235	-4538.694
-2037	-4536.403
-5974	-4539.3677
-8514	-4550.2373
-14592	-4566.098
-7260	-4586.0786
-1884	-4604.375
-6031	-4617.044
-9088	-4620.902
-14877	-4611.6577
-7318	-4591.604
-1804	-4561.6353
-5374	-4527.181
-8279	-4494.574
-13749	-4467.1655
-6999	-4450.8823
-1675	-4445.8706
-5683	-4452.4336
-9401	-4468.261
-14474	-4487.0747
-7277	-4505.932
-1781	-4518.6084
-5360	-4523.1265
-8204	-4519.749
-14540	-4507.8965
-7590	-4492.6406
-1870	-4476.8955
-5652	-4465.298
-8447	-4461.7607
-13855	-4465.1304
-7001	-4475.9385
-1815	-4489.4507
-5915	-4502.0947
-9161	-4510.4746
-14089	-4509.749
-7531	-4500.563
-2162	-4482.9966
-6456	-4461.652
-9119	-4443.5503
-14569	-4433.4746
-7792	-4439.407
-1841	-4464.1895
-5236	-4509.8457
-8366	-4575.411
-14576	-4653.9053
-7702	-4740.1055
-1937	-4824.1514
-5696	-4898.4043
-8374	-4957.1255
-15181	-4993.696
-8119	-5008.9775
-1970	-5002.8975
-5518	-4980.0396
-8651	-4947.2554
-14866	-4909.072
-7702	-4873.878
-1814	-4845.5513
-5653	-4827.793
-9337	-4822.8286
-14817	-4828.3584
-7899	-4844.0933
-1958	-4864.585
-5771	-4885.351
-8421	-4902.5425
-14222	-4909.969
-7858	-4906.1553
-1897	-4887.9907
-5338	-4856.244
-8207	-4814.7876
-14437	-4766.335
-7698	-4719.3716
-1636	-4679.655
-5314	-4654.0244
-8157	-4648.737
-14349	-4664.0034
-7964	-4700.395
-1666	-4751.465
-5351	-4808.935
-8369	-4863.2397
-13941	-4901.4023
-7745	-4915.4614
-1755	-4897.5503
-5446	-4846.1504
-8671	-4765.9673
-13934	-4664.1436
-7647	-4554.7363
-1745	-4450.479
-5473	-4364.8994
-8696	-4309.2524
-13869	-4287.023
-7586	-4299.466
-1611	-4339.0156
-4831	-4395.558
-8413	-4457.4873
-14286	-4511.041
-7701	-4549.037
-1464	-4565.616
-4997	-4561.8203
-7558	-4544.2744
-13581	-4519.491
-7929	-4498.4575
-1720	-4487.7573
-5286	-4491.5596
-7711	-4510.329
-13561	-4536.579
-8204	-4562.862
-1665	-4577.668
-4804	-4572.1313
-8047	-4541.798
-13584	-4484.6045
-7768	-4408.181
-1693	-4321.9634
-4897	-4239.9194
-7162	-4177.4463
-13827	-4143.576
-8014	-4146.225
-1575	-4183.702
-5128	-4248.342
-7991	-4328.0146
-13717	-4404.669
-8053	-4464.063
-1443	-4492.7866
-4306	-4484.996
-7130	-4443.3677
-12781	-4374.8726
-7614	-4295.7485
-1479	-4222.2886
-4689	-4171.6006
-7805	-4157.6455
-13655	-4184.863
-8317	-4253.615
-1557	-4353.986
-4847	-4471.3877
-7677	-4589.3237
-13156	-4688.5547
-7839	-4757.065
-1559	-4785.789
-4860	-4774.0854
-7447	-4729.2974
-12927	-4661.028
-7489	-4585.304
-1221	-4515.6123
-3922	-4464.158
-6850	-4439.6636
-13350	-4442.2515
-7997	-4470.5757
-1458	-4516.419
-4317	-4570.6943
-7454	-4625.0645
-12654	-4669.994
-7601	-4702.3354
-1355	-4719.822
-4230	-4724.6675
-6891	-4722.341
-12341	-4715.8623
-7684	-4710.929
-1457	-4709.0405
-4375	-4710.4233
-6644	-4714.2227
-12471	-4714.5557
-7807	-4708.3643
-1313	-4690.7207
-4264	-4659.641
-6742	-4616.6016
-12807	-4562.282
-8254	-4503.2017
-1494	-4444.5806
-4391	-4392.9673
-7437	-4355.04
-13304	-4332.2505
-8067	-4327.069
-1509	-4336.5894
-4169	-4356.8247
-6512	-4383.585
-13175	-4408.774
-8203	-4429.056
-1224	-4440.0566
-3707	-4440.8237
-6664	-4433.7886
-12784	-4420.219
-8133	-4406.091
-1386	-4394.8823
-4035	-4390.3535
-6764	-4395.559
-13002	-4407.8965
-8563	-4425.905
-1573	-4444.1
-4303	-4456.9355
-6616	-4460.201
-12881	-4447.6924
-8182	-4419.449
-1573	-4375.7227
-4326	-4320.854
-6519	-4262.8687
-12774	-4207.9043
-8148	-4165.0654
-1520	-4139.529
-4172	-4134.626
-6811	-4151.2275
-12817	-4183.1353
-8376	-4224.537
-1304	-4265.5063
-4096	-4297.0864
-6725	-4313.4775
-12870	-4308.8516
-8397	-4285.398
-1413	-4246.9404
-3871	-4201.621
-6369	-4160.726
-12524	-4131.709
-8532	-4123.0728
-1482	-4136.834
-4367	-4170.655
-6987	-4218.694
-13025	-4268.0635
-8239	-4307.7847
-1473	-4325.353
-4401	-4312.371
-7254	-4267.444
-12504	-4192.5957
-8396	-4098.866
-1337	-4000.1
-3717	-3912.76
-6622	-3853.5232
-12555	-3831.8728
-8292	-3854.378
-1269	-3917.5474
-3902	-4011.3657
-6142	-4121.8647
-11779	-4228.6816
-8266	-4314.9683
-1244	-4365.4795
-3541	-4371.564
-6596	-4333.2573
-12514	-4254.9165
-8067	-4150.278
-1261	-4034.7085
-3617	-3924.709
-6431	-3835.9775
-11582	-3776.379
-7701	-3751.0442
-1268	-3756.7837
-3364	-3786.0059
-5716	-3829.3298
-12212	-3872.931
-8124	-3907.7803
-1255	-3925.4648
-3271	-3922.5012
-6068	-3900.9304
-12038	-3862.9446
-8099	-3816.453
-1312	-3767.331
-3000	-3721.907
-5789	-3686.1274
-11143	-3660.7878
-7836	-3647.6487
-1146	-3645.0168
-2822	-3651.6838
-5988	-3667.7417
-11596	-3690.961
-8132	-3722.6062
-1177	-3762.5579
-3102	-3811.0159
-5192	-3868.67
-11111	-3930.9841
-7929	-3994.8525
-1071	-4053.5522
-2652	-4100.0874
-5327	-4129.143
-10851	-4133.9126
-8176	-4113.2227
-1077	-4067.6243
-2413	-4002.1418
-5064	-3926.3867
-10614	-3848.8733
-7819	-3781.6357
-957	-3733.5525
-2175	-3711.3604
-4876	-3719.2358
-10576	-3753.6553
-8221	-3809.7634
-1011	-3878.1753
-1966	-3948.3958
-3968	-4011.6572
-10314	-4057.6206
-7946	-4082.189
-870	-4083.8198
-2019	-4065.2256
-4258	-4033.6863
-10484	-3994.94
-7709	-3958.107
-736	-3929.6748
-1692	-3914.2896
-3861	-3914.9387
-9594	-3928.4414
-7666	-3951.553
-752	-3978.1106
-1781	-4002.1887
-4372	-4019.984
-10521	-4026.066
-7971	-4020.4797
-757	-4003.942
-1600	-3979.6104
-4217	-3953.519
-9202	-3929.167
-7159	-3912.392
-613	-3906.4143
-1055	-3913.352
-3184	-3935.1062
-9389	-3968.548
-7587	-4011.771
-729	-4060.5317
-1757	-4110.27
-3859	-4157.689
-9329	-4196.3784
-7599	-4223.234
-709	-4234.1504
-1053	-4226.7983
-3301	-4201.683
-9354	-4157.6104
-7594	-4098.0815
-569	-4027.1372
-996	-3950.734
-3346	-3877.2842
-9068	-3812.2415
-7053	-3762.7903
-357	-3732.8337
-346	-3723.9658
-3130	-3735.7346
-9035	-3761.635
-7161	-3795.2375
-597	-3827.378
-747	-3849.5288
-2836	-3856.4475
-7873	-3842.7705
-6567	-3809.308
-451	-3759.6833
-211	-3701.4185
-2671	-3645.0876
-8427	-3598.2952
-7274	-3569.429
-480	-3562.4072
-555	-3577.158
-2387	-3610.5469
-8125	-3652.765
-7186	-3694.406
-416	-3724.8228
-609	-3735.967
-3111	-3724.9485
-8092	-3690.7507
-6892	-3638.9106
-409	-3577.6719
-141	-3517.3516
-2321	-3469.0742
-7976	-3438.4866
-7173	-3429.5442
-408	-3440.693
-347	-3466.1455
-2921	-3498.4392
-8284	-3526.1738
-7281	-3541.414
-459	-3538.0293
-224	-3514.1646
-2747	-3473.7043
-8397	-3421.1643
-7321	-3365.679
-361	-3315.364
-114	-3276.6921
-2397	-3254.4353
-8334	-3246.3079
-6874	-3248.8838
-412	-3254.945
31	-3257.1301
-2471	-3250.3547
-7518	-3229.498
-6810	-3195.328
-445	-3150.8447
-144	-3102.342
-2651	-3058.5713
-8528	-3024.509
-7032	-3004.9746
-426	-2999.7766
-167	-3005.1548
-2536	-3015.642
-8710	-3021.1099
-7291	-3014.6262
-578	-2990.51
-62	-2947.5898
-2543	-2891.0146
-8202	-2827.2456
-6801	-2768.1611
-509	-2724.581
-246	-2705.7676
-2858	-2717.9126
-8921	-2758.3264
-7800	-2820.9126
-592	-2893.171
-57	-2959.8574
-2734	-3006.9424
-7947	-3020.5918
-6871	-2994.628
-432	-2928.7134
-109	-2829.9814
-2750	-2713.118
-8332	-2593.4917
-7557	-2489.4001
-456	-2415.5574
355	-2381.5828
-2208	-2391.4878
-7890	-2439.0781
-7039	-2514.132
-401	-2601.1018
369	-2683.235
-1842	-2746.9941
-7478	-2779.866
-7294	-2777.4016
-407	-2740.6433
254	-2676.5261
-1930	-2597.3494
-7596	-2513.9795
-7416	-2438.5696
-624	-2379.8528
-61	-2341.9824
-2260	-2325.8545
-7896	-2325.0144
-7454	-2331.9954
-489	-2337.3333
383	-2332.356
-2722	-2312.1475
-8216	-2272.7039
-7886	-2216.2288
-648	-2148.0334
88	-2075.6797
-2028	-2009.6293
-7939	-1956.83
-7799	-1924.2184
-586	-1915.0197
201	-1928.8451
-2252	-1963.206
-8310	-2009.9972
-7742	-2061.7266
-658	-2110.202
132	-2148.1365
-1962	-2171.8264
-8688	-2177.2983
-7878	-2166.1865
-608	-2141.392
30	-2107.6257
-2490	-2071.8716
-7565	-2038.4133
-7697	-2012.2178
-689	-1996.2916
-182	-1991.8057
-2609	-1999.871
-7984	-2017.8741
-7549	-2044.1844
-681	-2076.355
-414	-2111.4077
-2588	-2148.1743
-7905	-2182.9783
-7629	-2213.709
-701	-2237.6912
-81	-2251.7793
-2764	-2254.4924
-8352	-2242.1582
-8000	-2214.2952
-811	-2171.3193
-89	-2115.2915
-3056	-2051.9707
-8268	-1986.7614
-7569	-1927.9845
-872	-1883.4602
-499	-1859.2383
-2866	-1860.8159
-8223	-1887.7869
-8322	-1937.5629
-927	-2003.8625
-429	-2077.0427
-3201	-2148.1218
-8397	-2206.5955
-7950	-2245.9644
-911	-2262.9675
-673	-2257.7798
-3594	-2236.545
-9377	-2205.9707
-8596	-2176.256
-1057	-2156.1538
-864	-2151.2998
-3232	-2165.8064
-9131	-2197.0002
-8305	-2240.5886
-963	-2288.7166
-792	-2331.9238
-3471	-2363.4648
-9227	-2376.6191
-8769	-2370.0947
-1111	-2345.8901
-854	-2308.0142
-3804	-2264.3767
-9248	-2220.9612
-8477	-2184.209
-1138	-2157.273
-1261	-2139.3115
-4401	-2128.4365
-10061	-2118.3772
-8917	-2103.8716
-1267	-2080.128
-1447	-2043.2106
-4092	-1994.1772
-10151	-1934.9645
-9484	-1872.1686
-1389	-1813.3053
-1083	-1764.7971
-3802	-1733.8346
-9484	-1722.7732
-8791	-1732.93
-1273	-1762.2065
-1449	-1804.8932
-4212	-1856.157
-9586	-1908.9827
-9139	-1958.989
-1334	-2003.0402
-1449	-2038.636
-3976	-2067.2258
-9057	-2089.18
-8893	-2106.6716
-1354	-2121.2651
-1567	-2132.5408
-4390	-2141.1863
-9936	-2145.3887
-9420	-2144.6672
-1384	-2138.8027
-1664	-2127.208
-4407	-2112.5605
-9842	-2096.5732
-9624	-2083.019
-1470	-2075.6042
-1449	-2075.4363
-4137	-2084.0574
-9702	-2099.492
-9467	-2119.5112
-1491	-2140.6455
-2072	-2157.3867
-4883	-2167.2551
-10803	-2167.0203
-9672	-2157.4182
-1386	-2140.6846
-1252	-2119.0273
-4371	-2097.688
-10174	-2079.8936
-9961	-2069.3347
-1501	-2068.3062
-1807	-2075.2202
-4636	-2088.9683
-9665	-2105.601
-10057	-2122.0205
-1587	-2136.0132
-1851	-2144.6318
-4367	-2149.092
-10041	-2150.116
-10361	-2150.811
-1531	-2155.0312
-1009	-2164.098
-4062	-2180.0957
-9801	-2201.6213
-9759	-2226.954
-1597	-2253.213
-1494	-2275.4329
-4634	-2291.3735
-10251	-2298.428
-10049	-2297.4158
-1601	-2291.1348
-1558	-2282.5461
-4696	-2277.4634
-9682	-2280.1626
-9440	-2294.828
-1455	-2323.9646
-1282	-2365.934
-4603	-2418.8025
-10483	-2477.3223
-10184	-2536.8687
-1584	-2592.8484
-1391	-2640.0967
-4117	-2677.038
-9721	-2702.012
-9827	-2716.3208
-1560	-2722.2312
-1724	-2720.925
-5065	-2715.5208
-9485	-2707.4087
-10179	-2698.113
-1729	-2689.3213
-1901	-2681.024
-4811	-2675.7212
-10465	-2674.9016
-10027	-2682.1597
-1610	-2701.2056
-1552	-2733.6255
-4944	-2781.9033
-9726	-2845.0608
-10203	-2920.3103
-1787	-3003.0103
-1816	-3084.7097
-4941	-3158.2075
-10591	-3215.2275
-10692	-3250.6155
-1682	-3262.6145
-1469	-3250.8186
-4822	-3220.3474
-10216	-3177.2756
-10029	-3129.8293
-1732	-3085.8481
-1773	-3049.4841
-5007	-3024.151
-10369	-3008.741
-10461	-3000.7283
-1751	-2996.4521
-1762	-2990.016
-5446	-2979.2263
-11412	-2962.7673
-11022	-2943.5596
-1793	-2927.0408
-2082	-2917.4329
-5684	-2921.0415
-10854	-2940.801
-11404	-2977.5078
-1966	-3028.9653
-1891	-3087.3022
-5276	-3144.9717
-11326	-3192.67
-11367	-3223.84
-1945	-3235.9438
-2202	-3228.182
-5710	-3206.5735
-10976	-3178.792
-10902	-3155.1108
-1982	-3145.1973
-2045	-3153.5679
-6077	-3182.7666
-11561	-3229.208
-11189	-3286.2986
-1995	-3344.96
-2567	-3393.4111
-6019	-3424.2617
-11982	-3432.1123
-11251	-3417.9834
-1997	-3387.1372
-2462	-3346.3003
-5794	-3306.2717
-11868	-3275.2324
-11566	-3259.8506
-2107	-3263.1235
-2787	-3280.5637
-6545	-3306.5068
-12013	-3331.4785
-11425	-3347.1528
-2091	-3347.5464
-2676	-3327.8428
-6235	-3290.1907
-11901	-3239.151
-11755	-3183.5889
-2248	-3133.881
-2639	-3096.7317
-6261	-3078.5276
-11948	-3080.1985
-11343	-3099.8467
-2185	-3132.471
-3171	-3168.5974
-6640	-3201.3713
-11759	-3223.9387
-12106	-3232.834
-2308	-3228.7104
-2966	-3212.3477
-6694	-3188.8838
-11333	-3162.749
-11494	-3138.5789
-2251	-3120.1624
-3348	-3106.442
-7274	-3097.6172
-12035	-3091.509
-11971	-3086.6604
-2324	-3083.273
-3306	-3080.0437
-6897	-3079.769
-11667	-3084.5176
-12018	-3097.009
-2335	-3119.6458
-2686	-3150.4148
-6830	-3187.6199
-12025	-3226.0818
-11792	-3260.7742
-2201	-3287.1926
-2596	-3300.0159
-6134	-3299.1106
-11399	-3285.7031
-11521	-3264.919
-2083	-3244.272
-2351	-3229.0784
-5836	-3226.0344
-11295	-3237.239
-11807	-3262.058
-2182	-3297.0564
-2382	-3333.4968
-6302	-3363.937
-11156	-3380.1897
-11076	-3377.5457
-2088	-3355.7666
-2287	-3316.9512
-5514	-3269.779
-10801	-3223.5378
-11265	-3189.335
-2134	-3177.257
-2478	-3191.7097
-6102	-3235.399
-11822	-3304.3633
-11311	-3391.9233
-2126	-3489.0508
-2432	-3583.6848
-6086	-3667.5713
-11459	-3733.253
-11580	-3777.8938
-2233	-3802.8752
-2125	-3809.925
-5251	-3805.2778
-10781	-3793.465
-11081	-3779.4683
-2077	-3767.4917
-2012	-3757.4888
-5302	-3750.7253
-11395	-3745.6316
-11581	-3742.0562
-2219	-3741.0322
-2382	-3741.9465
-5690	-3747.8296
-10840	-3759.8826
-11181	-3779.8948
-2151	-3809.225
-1733	-3845.223
-5596	-3886.2856
-11272	-3927.7927
-11083	-3966.0388
-2213	-3998.2678
-1922	-4020.8628
-5027	-4035.0598
-9664	-4042.1213
-10910	-4045.7087
-2194	-4050.9565
-2038	-4060.5398
-5356	-4078.329
-10239	-4104.204
-11216	-4136.2876
-2181	-4171.622
-1989	-4203.5967
-5113	-4228.6553
-10186	-4242.311
-10784	-4243.1484
-2176	-4233.25
-1661	-4214.4707
-5034	-4193.3086
-11173	-4174.4834
-11317	-4163.5713
-2159	-4164.8457
-2132	-4177.3486
-5250	-4200.817
-10289	-4230.9214
-11194	-4262.762
-2204	-4292.3003
-1932	-4314.0913
-4709	-4327.579
-9349	-4332.5283
-10941	-4331.1787
-2277	-4328.3066
-2052	-4326.6523
-5172	-4331.368
-9613	-4344.403
-10491	-4366.2866
-2197	-4396.6704
-1729	-4431.275
-4545	-4467.5444
-9402	-4500.798
-11067	-4527.1313
-2284	-4544.5635
-1834	-4549.715
-5321	-4542.947
-10350	-4523.4873
-10651	-4491.9946
-2199	-4450.0146
-1934	-4397.086
-4837	-4336.2275
-9791	-4269.0903
-10864	-4198.634
-2281	-4130.0776
-1534	-4066.2039
-4407	-4012.785
-9232	-3972.6719
-10374	-3947.8123
-2186	-3938.625
-1861	-3940.847
-5450	-3950.5955
-9835	-3960.821
-11249	-3964.2747
-2332	-3956.346
-1614	-3931.9653
-4874	-3892.3748
-10161	-3840.5737
-10577	-3783.8325
-2200	-3732.258
-1551	-3694.1755
-4898	-3679.4731
-9586	-3693.017
-10407	-3735.6086
-2167	-3803.918
-1344	-3887.849
-4247	-3976.634
-8984	-4056.1765
-10452	-4113.617
-2205	-4140.2007
-1294	-4129.4053
-4694	-4083.0063
-9809	-4006.3772
-11147	-3909.8545
-2278	-3807.6355
-1641	-3712.23
-4701	-3637.7205
-9056	-3592.713
-10690	-3581.252
-2273	-3603.6504
-1511	-3652.5747
-4092	-3720.2278
-8837	-3794.311
-10261	-3862.5798
-2242	-3915.0405
-1552	-3942.3484
-4675	-3942.1653
-9528	-3914.1438
-10894	-3862.2346
-2195	-3794.6562
-961	-3718.9001
-3676	-3645.5579
-9054	-3581.8516
-10643	-3533.0444
-2221	-3502.6008
-1301	-3488.5388
-3901	-3489.2031
-8567	-3498.701
-10362	-3510.9177
-2150	-3521.2896
-451	-3525.0315
-3424	-3522.311
-8589	-3513.5132
-9806	-3501.9656
-2135	-3492.9067
-1141	-3489.9033
-3621	-3498.6687
-8819	-3520.3174
-10760	-3553.8826
-2239	-3597.076
-1371	-3643.1025
-3942	-3687.0898
-8361	-3721.7988
-9987	-3741.596
-2139	-3744.0686
-1303	-3727.3062
-3658	-3695.2593
-8410	-3651.4475
-10626	-3600.766
-2257	-3549.4175
-949	-3500.4695
-3477	-3458.2825
-8617	-3422.7803
-10321	-3393.063
-2189	-3368.7217
-772	-3346.9185
-3392	-3328.9421
-8409	-3314.8496
-10616	-3306.3125
-2308	-3307.5884
-974	-3320.2822
-3327	-3348.1042
-8477	-3390.0403
-10709	-3442.8064
-2303	-3502.135
-1066	-3558.99
-3969	-3606.5042
-8568	-3635.8413
-10016	-3640.639
-2239	-3619.2268
-850	-3571.5889
-3268	-3505.0632
-7796	-3428.0667
-9900	-3351.084
-2255	-3286.379
-639	-3242.6492
-3726	-3228.3179
-8359	-3245.5542
-9964	-3292.332
-2270	-3363.594
-608	-3448.9197
-3391	-3538.8455
-7799	-3621.4263
-9582	-3686.0266
-2239	-3725.4517
-791	-3733.483
-2922	-3710.6846
-7517	-3658.7288
-9674	-3582.4321
-2206	-3490.4985
-602	-3391.0657
-2918	-3295.5786
-8201	-3212.625
-9992	-3149.9746
-2337	-3114.2053
-726	-3106.7437
-2948	-3128.733
-7702	-3175.653
-9631	-3240.4268
-2207	-3314.7834
-669	-3387.67
-3246	-3450.977
-7541	-3496.06
-9678	-3517.038
-2277	-3512.7556
-747	-3483.66
-3085	-3436.4429
-7457	-3378.0747
-9654	-3316.9077
-2241	-3262.2217
-221	-3219.8323
-2241	-3195.7922
-7545	-3190.7258
-9381	-3202.8296
-2217	-3228.375
-496	-3260.1162
-2484	-3293.0325
-7633	-3319.8013
-10012	-3334.566
-2327	-3334.428
-284	-3316.1729
-1859	-3281.3013
-7015	-3230.651
-9484	-3166.6143
-2264	-3093.8562
-209	-3016.22
-1811	-2940.7917
-6529	-2872.6475
-10080	-2816.6296
-2441	-2778.9177
-218	-2761.759
-2199	-2768.3625
-6764	-2797.4636
-9424	-2845.1765
-2363	-2906.6733
-358	-2972.996
-2244	-3037.2974
-6536	-3091.05
-8773	-3127.6047
-2176	-3144.283
-226	-3139.971
-2485	-3119.4758
-6377	-3088.58
-8976	-3054.2705
-2302	-3024.3235
-65	-3003.2878
-1707	-2995.567
-6112	-2999.8594
-8923	-3011.8403
-2355	-3026.4854
138	-3036.3196
-1120	-3037.9143
-6069	-3028.0413
-9207	-3007.2158
-2292	-2981.0764
-87	-2955.3914
-1556	-2939.8813
-6570	-2940.8857
-9227	-2962.0022
-2244	-3004.0244
110	-3060.7773
-1256	-3124.5562
-5424	-3183.0896
-8981	-3223.6929
-2357	-3237.7163
128	-3218.6687
-1763	-3168.687
-5937	-3094.0286
-8947	-3005.5127
-2357	-2918.1106
161	-2844.9585
-1609	-2798.559
-5789	-2784.1667
-8704	-2800.4968
-2346	-2841.2368
6	-2893.2332
-1832	-2943.5046
-6032	-2977.89
-8783	-2985.625
-2371	-2962.9353
214	-2910.7427
-884	-2838.6929
-5497	-2758.6797
-8441	-2684.1653
-2277	-2629.01
76	-2600.965
-1299	-2604.9287
-6050	-2637.4326
-9329	-2689.5422
-2475	-2750.3484
-46	-2806.359
-1338	-2848.498
-5434	-2869.8694
-8763	-2868.4192
-2422	-2848.9204
209	-2818.1992
-1009	-2787.29
-5540	-2764.5696
-8264	-2755.5195
-2254	-2762.507
78	-2781.206
-931	-2806.074
-5402	-2827.4744
-8444	-2835.7856
-2246	-2825.3186
836	-2792.834
-187	-2742.7424
-5440	-2681.6204
-8601	-2619.1423
-2364	-2567.2761
389	-2534.0276
-928	-2526.0652
-6028	-2542.65
-8824	-2577.9836
-2362	-2623.2285
359	-2665.3135
-291	-2694.1487
-4986	-2700.3306
-8799	-2679.0598
-2459	-2632.8962
326	-2567.6338
-517	-2495.597
-5592	-2428.4219
-8383	-2376.9534
-2399	-2349.639
96	-2348.2292
-788	-2371.883
-4582	-2413.1382
-8219	-2461.1538
-2455	-2505.8672
394	-2536.7085
-81	-2549.05
-4500	-2540.7449
-8535	-2513.5625
-2562	-2474.266
90	-2429.6775
-1101	-2388.7773
-5514	-2356.8796
-8915	-2336.1497
-2534	-2326.6187
382	-2323.1301
-26	-2321.5283
-4399	-2315.0564
-7831	-2298.2075
-2310	-2269.5264
437	-2228.984
-109	-2182.2808
-3782	-2135.5325
-7338	-2095.5847
-2253	-2069.953
443	-2062.0693
-452	-2074.806
-4541	-2105.5176
-7674	-2148.082
-2399	-2195.0928
576	-2236.689
153	-2266.2688
-4601	-2277.41
-8251	-2266.939
-2488	-2236.9033
218	-2190.8777
-222	-2138.078
-4484	-2087.08
-8260	-2046.1903
-2516	-2023.4175
501	-2021.8335
-227	-2043.5406
-4726	-2084.825
-8223	-2138.389
-2659	-2196.1426
234	-2247.4714
-296	-2284.939
-4456	-2301.5637
-7558	-2293.632
-2438	-2262.591
181	-2211.8855
-211	-2150.5686
-5231	-2087.5613
-8486	-2031.8643
-2558	-1992.544
307	-1974.0566
366	-1979.7983
-4267	-2007.3843
-8324	-2050.774
-2608	-2103.4363
163	-2156.0156
147	-2202.2961
-3701	-2236.09
-7738	-2253.5125
-2546	-2254.9802
417	-2241.4026
344	-2217.653
-4194	-2187.0715
-8334	-2152.2627
-2608	-2115.9243
185	-2077.4836
-319	-2037.7014
-4425	-1995.207
-7721	-1949.0242
-2451	-1900.711
260	-1851.9109
205	-1808.4714
-3689	-1775.4928
-7744	-1757.4537
-2486	-1759.1182
193	-1780.6152
-276	-1821.1882
-3837	-1875.1471
-8258	-1933.554
-2677	-1988.2358
120	-2029.5812
-574	-2052.788
-5047	-2055.2612
-8824	-2038.5526
-2720	-2009.3448
241	-1974.973
349	-1945.6918
-3923	-1928.208
-8194	-1925.5533
-2596	-1937.6599
69	-1957.9418
-208	-1979.21
-4327	-1991.3195
-7772	-1985.461
-2622	-1957.5076
166	-1906.9406
288	-1841.5874
-3473	-1772.5331
-7451	-1713.3666
-2614	-1678.8871
86	-1678.3011
-339	-1717.5745
-4482	-1793.5042
-7934	-1894.9792
-2689	-2006.0792
46	-2105.635
-113	-2175.3484
-4209	-2199.3882
-8173	-2168.7007
-2819	-2084.5525
-222	-1955.0554
-826	-1797.7014
-5332	-1632.8339
-8976	-1481.1041
-3049	-1361.8969
-184	-1286.2357
-1259	-1259.5038
-5612	-1277.9471
-9392	-1330.9355
-3087	-1405.317
-341	-1484.3563
-1324	-1555.3519
-5472	-1608.6433
-9212	-1639.8575
-3007	-1651.5284
-511	-1648.16
-1725	-1639.2642
-5396	-1633.5437
-9118	-1637.5587
-3021	-1655.9396
-392	-1687.0936
-751	-1728.1833
-4851	-1772.2324
-8839	-1810.9187
-3037	-1838.3628
-389	-1848.3435
-786	-1840.5066
-4861	-1816.8948
-8922	-1782.2668
-2987	-1745.3856
-458	-1713.1528
-765	-1693.9746
-4766	-1692.5526
-9093	-1709.6042
-3116	-1743.9291
-616	-1788.2794
-1107	-1835.1384
-5086	-1874.588
-8311	-1896.8887
-2871	-1895.8323
-616	-1866.4956
-1932	-1810.418
-5647	-1732.7314
-9089	-1642.178
-3172	-1551.4198
-574	-1471.6663
-1468	-1415.0269
-4941	-1389.5039
-9654	-1397.7727
-3066	-1439.0991
-386	-1504.6959
-884	-1584.153
-4807	-1663.3276
-8997	-1727.5907
-3102	-1766.4794
-586	-1771.3157
-1306	-1741.5603
-5187	-1681.7411
-8742	-1601.5449
-2891	-1515.7247
-434	-1438.1812
-933	-1383.7317
-4633	-1362.415
-8656	-1378.6638
-3145	-1432.2981
-365	-1515.22
-507	-1617.1289
-4546	-1724.2485
-8454	-1822.5765
-3134	-1901.3142
-446	-1951.4451
-841	-1970.7559
-5553	-1960.2797
-9414	-1924.7205
-3342	-1872.3329
-453	-1809.9384
-1093	-1745.7554
-5154	-1685.0577
-9662	-1630.6392
-3352	-1584.8794
-457	-1545.9011
-1031	-1513.4825
-5155	-1486.3081
-9716	-1463.3798
-3509	-1445.9672
-562	-1433.7826
-1171	-1428.7952
-5076	-1431.6602
-9497	-1441.9908
-3441	-1460.5519
-532	-1484.7092
-1172	-1513.6597
-4879	-1545.9946
-9627	-1580.6594
-3503	-1619.5249
-461	-1662.7648
-435	-1713.6475
-4429	-1774.2301
-9151	-1845.3184
-3344	-1928.0127
-464	-2018.9502
-686	-2115.1494
-4486	-2210.9836
-8481	-2300.069
-3146	-2377.8186
-391	-2438.9656
-542	-2482.602
-4351	-2509.3223
-8627	-2521.6548
-3324	-2525.2017
-382	-2523.4504
-664	-2520.8196
-5081	-2518.866
-9163	-2516.7205
-3269	-2512.9675
-386	-2502.4546
-307	-2481.7778
-4495	-2447.5454
-8704	-2398.5706
-3285	-2337.8062
-441	-2268.812
-707	-2199.478
-4169	-2137.5593
-8221	-2089.8374
-3203	-2062.2317
-344	-2055.075
-421	-2067.1655
-4564	-2092.9407
-8660	-2124.5535
-3289	-2155.0552
-248	-2176.6543
-11	-2186.4922
-3831	-2184.3215
-8682	-2173.2764
-3357	-2161.076
-341	-2154.6687
-317	-2162.303
-3506	-2188.9133
-8149	-2235.2722
-3272	-2298.926
-173	-2371.4238
-58	-2443.505
-3689	-2503.7593
-7979	-2541.9414
-3239	-2552.1914
-271	-2531.1418
-296	-2482.8025
-3096	-2414.9392
-7689	-2338.0088
-3321	-2265.1008
-106	-2205.9429
179	-2168.9111
-3761	-2156.5977
-8350	-2166.3215
-3217	-2192.1182
-42	-2222.488
671	-2247.1882
-2388	-2256.0156
-7684	-2241.3323
-3191	-2201.8782
169	-2139.6726
1195	-2063.4343
-2463	-1983.9242
-7604	-1913.0825
-3220	-1863.6511
363	-1843.401
1568	-1857.8536
-1166	-1906.3455
-6238	-1982.6279
-2861	-2078.3044
814	-2180.7825
2453	-2279.5151
-1165	-2364.1438
-6170	-2427.16
-2729	-2466.3606
684	-2481.9932
2976	-2480.3135
-921	-2467.8542
-6106	-2451.8604
-2762	-2439.9612
700	-2435.9119
3238	-2443.222
-173	-2460.6091
-5468	-2484.059
-2710	-2509.1711
784	-2529.799
3162	-2542.5742
183	-2544.154
-5156	-2532.924
-2749	-2510.5684
777	-2478.927
3506	-2442.7737
356	-2405.1748
-5020	-2367.935
-2697	-2332.6362
796	-2298.2144
3206	-2264.5364
-209	-2229.3376
-4730	-2190.721
-2530	-2148.79
869	-2104.1047
3233	-2061.2805
-537	-2024.5441
-4977	-1998.7686
-2553	-1989.0742
1048	-1997.7994
3638	-2027.0464
78	-2074.0388
-4246	-2132.817
-2429	-2195.9302
911	-2253.7913
3974	-2299.9077
681	-2327.5908
-4597	-2332.7046
-2630	-2315.9229
888	-2280.1956
4373	-2233.933
1228	-2184.8157
-4221	-2139.8699
-2442	-2106.033
656	-2086.1829
3731	-2082.697
1099	-2092.8835
-4549	-2111.1729
-2636	-2132.1182
899	-2149.1147
3967	-2159.421
552	-2160.367
-4676	-2151.4543
-2694	-2135.309
841	-2114.457
4025	-2094.2588
1100	-2077.2168
-4172	-2064.0093
-2517	-2054.6477
911	-2046.2618
4326	-2037.9218
589	-2026.4551
-5005	-2009.5659
-2773	-1987.8367
836	-1962.576
4388	-1938.9735
665	-1920.6987
-4719	-1910.73
-2715	-1911.9935
660	-1923.8772
3842	-1945.6772
961	-1972.3816
-4397	-1996.859
-2712	-2013.2384
856	-2015.0305
4193	-2000.9429
706	-1970.208
-5259	-1924.5364
-2947	-1869.3582
725	-1809.5627
3833	-1752.2542
621	-1700.7319
-4713	-1655.2013
-2855	-1614.0696
590	-1571.9812
3854	-1524.6167
1378	-1465.7095
-3862	-1390.0575
-2710	-1296.4692
756	-1186.2
3699	-1066.2809
727	-944.52264
-4733	-829.48535
-2763	-730.24036
651	-652.27734
3858	-599.9696
854	-571.78705
-4436	-562.20844
-2795	-563.87396
597	-567.24146
3740	-565.9144
793	-553.6095
-5091	-526.41455
-2969	-485.26813
399	-432.326
3078	-374.45514
546	-317.41693
-4715	-265.64832
-2792	-223.21074
551	-190.47076
3368	-168.50636
700	-155.14139
-4754	-146.89778
-2969	-141.99036
683	-138.24231
3798	-137.47768
1095	-140.89236
-5501	-149.3145
-2943	-165.38696
521	-188.59778
2933	-219.40868
126	-254.64833
-5059	-289.03494
-2946	-317.53485
386	-333.5711
3215	-334.50244
96	-317.95892
-5199	-283.80692
-2898	-235.71637
499	-177.81435
3692	-117.604065
875	-60.480354
-5226	-9.920437
-3212	31.12825
578	63.407654
3710	87.210434
869	105.58138
-4894	122.08843
-3086	138.13504
369	154.676
3169	168.24849
571	175.61949
-4292	173.23486
-2796	157.33516
509	127.12283
3436	82.10748
409	26.647255
-4874	-31.757805
-2873	-85.27302
628	-124.53896
3494	-144.03381
659	-139.8181
-4371	-111.86061
-2923	-65.41189
578	-8.3887005
3904	46.684383
1008	88.940544
-3746	109.66101
-2690	103.241196
593	70.41405
4164	14.496714
1411	-54.93862
-4806	-125.039345
-3152	-184.33842
373	-221.8628
3461	-233.11284
1491	-217.6223
-4082	-179.69827
-2927	-129.4139
489	-78.30545
3168	-40.134876
263	-24.83958
-4928	-37.394936
-2905	-78.63001
416	-141.85426
3609	-217.8629
632	-293.17676
-4597	-353.86005
-2817	-389.3757
382	-392.19543
3479	-362.9833
837	-306.51498
-4549	-231.95312
-2902	-152.62886
390	-80.447784
3666	-27.702343
494	-1.0221384
-5037	-1.8743614
-3075	-27.696877
464	-70.09498
3649	-120.52403
1194	-168.84793
-4192	-206.39096
-2809	-229.20447
391	-235.9865
3905	-231.58778
1000	-222.57883
-5240	-216.73819
-3309	-222.46722
443	-244.18309
4228	-284.53223
1609	-340.35034
-4598	-404.63348
-3129	-468.56885
169	-520.9919
3029	-553.7848
957	-560.7539
-4572	-539.9889
-3072	-495.22693
359	-433.14536
3408	-365.3261
759	-303.62543
-4343	-259.37747
-2891	-242.037
210	-255.29689
3219	-299.58554
1091	-369.51767
-4355	-455.78342
-2987	-547.4573
262	-631.58636
3664	-698.3463
1528	-739.9399
-4747	-752.46375
-3131	-737.4412
299	-699.0402
3545	-645.65186
1136	-585.9817
-4344	-528.5793
-2874	-480.8403
395	-446.32126
3570	-426.85123
1156	-420.2827
-3936	-422.50702
-2762	-428.73044
343	-433.4148
3566	-433.57822
1372	-427.26328
-3879	-415.05978
-2938	-399.95135
229	-384.81613
3883	-374.2695
2020	-370.93533
-3774	-375.86194
-2906	-388.51898
268	-404.843
3840	-420.76886
1156	-430.27197
-4685	-428.1293
-3359	-411.5749
344	-378.45767
3784	-330.65137
1979	-271.54144
-3771	-206.29774
-2942	-141.51547
346	-82.37593
3761	-34.4381
1073	-0.40948537
-4353	18.508505
-3131	22.204996
253	13.185498
3753	-6.881775
1371	-35.2978
-3971	-70.35883
-2811	-111.290695
313	-156.35849
3883	-205.6467
1082	-257.48688
-4556	-310.02075
-3027	-360.8828
406	-405.5971
3792	-441.03958
2093	-463.6686
-3591	-471.26917
-3069	-464.22476
237	-443.8773
3608	-414.96536
1773	-382.8068
-3536	-353.42453
-2949	-332.54855
274	-322.8249
3836	-326.24567
1761	-341.04303
-3924	-363.1929
-3162	-387.70404
286	-407.9211
3766	-419.37332
1749	-418.38336
-3219	-403.9736
-2755	-378.1671
333	-343.88843
4281	-306.71075
1913	-271.42657
-3639	-242.38669
-2829	-223.1623
357	-214.10918
3909	-215.44669
1324	-224.8733
-3718	-239.97371
-2982	-258.74002
278	-278.55807
3908	-299.1058
1698	-319.79984
-3469	-340.88647
-3079	-363.08615
323	-385.34973
4266	-407.64383
2429	-428.04297
-3634	-443.95404
-3129	-453.7799
383	-455.1478
3861	-448.10236
1572	-432.95584
-3197	-411.64777
-2633	-387.5674
298	-363.14844
4094	-342.1783
2749	-326.67474
-2709	-317.2782
-2991	-313.9427
206	-313.9875
3594	-316.05884
2336	-317.9458
-3281	-317.58173
-3086	-314.59637
301	-308.4142
4097	-300.63477
1893	-291.85593
-3819	-282.53217
-2971	-273.13037
457	-261.94095
4082	-248.1796
2174	-229.6929
-3633	-204.83861
-3146	-173.87422
271	-137.12843
4071	-98.35406
2226	-61.76689
-3091	-32.375664
-2824	-15.431868
116	-13.455887
4401	-28.567848
2733	-59.03065
-3031	-100.4181
-2836	-147.10258
69	-191.46362
3869	-227.72855
2268	-250.85501
-3206	-258.46506
-2799	-251.76428
183	-233.4517
4404	-209.89264
3259	-187.1142
-2311	-170.3759
-2929	-163.72372
71	-168.05847
4003	-183.12994
2214	-205.64467
-2959	-231.39511
-3049	-256.2335
11	-276.0227
4247	-289.27887
2591	-295.02682
-3362	-293.82816
-3141	-287.75293
72	-277.4048
4026	-264.53268
2530	-249.06203
-3122	-229.97038
-2729	-206.89908
99	-178.2857
3961	-145.17062
2787	-109.44509
-2043	-74.597626
-2576	-45.58042
39	-26.64307
3752	-22.695452
2228	-35.32747
-3069	-63.17989
-3096	-101.92962
41	-143.41461
3669	-179.32872
3116	-200.7714
-2494	-200.58463
-2769	-176.0167
35	-127.86398
3756	-63.233963
2094	8.004442
-2504	73.57481
-2702	121.518486
90	143.61401
4224	134.47285
3267	95.32881
-2563	33.18272
-2867	-41.45845
139	-114.81559
4238	-175.02882
2559	-211.96974
-2989	-220.52922
-2774	-201.7142
-26	-160.15932
4073	-106.28623
2433	-51.010227
-2968	-4.6999025
-2806	24.70596
95	35.193157
4278	27.741428
2254	8.6813345
-2914	-13.228882
-2856	-29.418205
146	-31.559553
4115	-16.168737
2408	17.023905
-3097	64.022484
-3184	117.01941
46	167.53647
4353	205.89848
2494	225.69878
-2785	223.6101
-3028	199.47966
-18	157.86755
4053	104.37559
2956	46.703384
-2254	-7.8303146
-2805	-54.082146
10	-87.7537
4489	-108.861244
3359	-118.295334
-2685	-117.956825
-2791	-110.87414
18	-98.23366
3923	-81.87287
3006	-61.8306
-2288	-37.507668
-2750	-8.913737
-87	24.203161
3991	59.472424
2168	94.45316
-3290	125.63113
-2982	148.65016
-169	161.33485
3819	161.84895
2732	151.6095
-2541	134.38326
-2759	115.19023
-81	101.391945
4009	98.36144
2738	110.568375
-2716	139.27899
-3195	181.73267
-74	232.79527
3751	283.3359
2453	323.8685
-2986	345.73047
-3019	341.91873
-104	310.75803
4010	253.70822
2890	177.50394
-2939	92.354256
-3190	9.646286
-176	-58.34535
3813	-102.91673
2425	-118.16134
-3554	-102.74985
-3528	-60.77489
-146	0.9544634
3954	71.852806
2416	141.69408
-3525	201.14304
-3440	242.7403
-191	263.65442
4003	263.07578
3163	244.22041
-1980	212.61542
-2724	174.11562
-183	135.56737
3562	101.33076
2615	74.621666
-2597	56.908947
-2724	47.421795
-190	45.790733
3599	50.13021
2754	59.57151
-2490	73.88579
-2991	92.83392
-174	117.58784
4101	147.60925
3034	182.35661
-2209	220.07376
-2872	257.27368
-65	290.3718
4024	314.33328
3322	325.39844
-2186	321.07483
-3170	300.56494
-150	266.33298
4159	221.77466
2884	172.90689
-2544	126.224144
-3361	87.4831
-256	61.55334
4299	49.739338
3222	51.61152
-2430	64.16676
-2924	82.029564
-215	100.085495
4010	112.48109
3674	115.51446
-1909	107.945
-2826	90.3942
-164	67.01114
3828	42.087803
2760	21.0328
-2097	8.544247
-2736	7.6068215
-167	19.989796
4208	44.17187
2799	78.14406
-2904	118.77856
-3077	161.9165
-300	205.3285
3949	246.70111
2469	285.463
-3137	321.6828
-3236	354.44757
-307	383.7267
3676	407.31583
2189	422.60617
-2579	425.8044
-3272	412.89618
-248	381.8734
3753	331.49823
3260	263.98373
-2502	184.94923
-3217	101.91102
-271	25.18693
4309	-36.24609
3457	-74.33589
-2126	-84.39687
-2894	-66.79363
-319	-25.535044
4276	29.97651
3552	88.82452
-1511	139.31413
-2802	171.27509
-271	179.32658
4081	161.71388
3832	122.59108
-1211	70.40619
-2570	15.68308
-196	-29.886234
4658	-58.324265
3794	-64.654335
-1611	-49.390858
-2604	-18.887306
-193	17.65393
4441	47.931973
3493	61.04955
-1664	48.91324
-2766	8.122907
-217	-57.915768
4667	-141.29735
3906	-228.82587
-763	-305.7451
-2559	-358.11484
-295	-374.4593
4198	-350.20392
3984	-286.56973
-1794	-190.94519
-2795	-76.59668
-262	41.571568
4314	146.9781
3513	226.53145
-1887	271.61987
-2880	278.8756
-284	251.93051
4260	198.77599
3593	131.84767
-1796	64.90162
-2948	10.241154
-403	-21.732168
3784	-25.965786
3391	-1.6996722
-1932	47.474846
-2940	113.2818
-316	186.55756
4274	256.41708
3354	313.9579
-2127	352.4975
-2746	367.9452
-221	360.5301
4046	332.68356
3456	290.1069
-1335	239.77863
-2909	188.68852
-327	144.3017
4216	111.53264
3383	94.18934
-1612	93.588585
-3075	108.70175
-361	137.54501
4149	175.55235
3736	218.33359
-1382	261.15665
-2902	299.3837
-367	330.0512
4291	350.0273
4039	358.30792
-1644	355.02267
-3008	340.9225
-288	318.18243
4308	288.20105
3740	253.20306
-1241	214.89615
-2707	174.1914
-293	132.27473
3995	88.680504
3673	43.282795
-1812	-4.0526023
-2652	-53.55711
-432	-103.724236
4168	-153.43402
4256	-199.97205
-1141	-239.69334
-2952	-269.10507
-424	-284.07428
4498	-282.23773
4132	-261.6609
-843	-222.49188
-2519	-167.21638
-319	-99.015236
4453	-24.013615
4370	51.75954
-1083	122.53949
-2656	182.90814
-378	230.32771
4073	263.55792
3909	284.6073
-835	297.42157
-2707	307.30783
-367	320.66614
4609	341.63992
4158	373.62436
-1018	417.27475
-2417	469.83163
-349	527.0345
4334	581.5703
4521	626.4514
-674	655.6479
-2592	664.93933
-314	654.0998
4523	625.2967
4138	584.6324
-1061	540.4556
-2557	501.3622
-356	476.0742
4599	469.4497
4668	483.64923
-126	516.71466
-2429	562.6637
-361	613.6625
4697	659.28375
4376	690.63513
-249	700.8987
-2067	686.5578
-402	649.34814
4314	593.2668
4831	525.8128
-84	456.0967
-2362	392.65524
-304	342.96252
4909	309.812
4823	293.3407
-469	290.40308
-2809	295.03433
-354	300.85785
4849	300.9857
4816	291.2759
-126	270.33307
-2424	239.45619
-387	203.40674
4739	167.31706
4921	137.76039
486	120.286766
-1701	118.0807
-396	132.47803
5241	160.32117
5663	197.11388
605	236.8738
-1983	273.1436
-405	301.13785
5280	316.55984
6205	318.4473
1488	308.51074
-1293	290.22464
-308	269.2337
5471	249.86671
6075	236.64275
1225	232.57336
-1584	238.71494
-321	254.89894
5333	277.91193
6198	304.3834
1169	330.77655
-1931	353.8599
-344	372.00098
5568	383.097
6138	387.26636
469	385.6985
-2021	379.2917
-290	370.0909
5751	358.43622
6034	345.4154
234	331.92154
-1825	318.10568
-311	305.14584
5655	293.11542
6535	283.76016
1272	279.3639
-1622	282.2999
-353	295.59946
5702	319.66525
6733	354.77127
1471	399.66495
-2054	451.26947
-307	505.3874
5563	555.2046
5823	594.87317
1121	619.2259
-1842	624.9936
-325	611.7058
5368	580.5019
5992	536.12256
766	485.72525
-1844	436.92935
-361	398.21835
5704	374.8957
6583	370.6702
2214	385.8654
-1197	417.62558
-277	460.98785
5643	507.5293
6907	549.47595
2072	580.14886
-1321	595.11755
-285	593.558
5977	576.48035
7004	548.79175
1707	517.4181
-1481	489.38248
-325	471.5841
5899	467.5012
6959	478.98257
2090	504.7624
-1548	541.1912
-357	583.5468
5651	625.17194
6426	661.29645
1347	688.6301
-1377	705.84155
-416	714.4899
5699	716.14795
6809	714.2661
1938	712.0062
-1190	711.571
-377	714.1366
5954	717.9628
6962	721.156
1380	721.36554
-1680	715.8878
-390	704.1663
5818	685.6211
7408	662.4523
2638	638.50146
-656	618.4234
-298	607.7585
6223	609.2585
7568	625.30035
2173	656.45337
-1384	701.04987
-379	756.55194
6209	817.9367
7259	881.3492
2343	943.76624
-1482	1003.24744
-414	1059.8513
5975	1113.2921
7185	1165.1091
1789	1216.974
-1121	1269.588
-326	1323.4949
5799	1376.035
6994	1424.5345
2210	1465.7228
-1240	1496.2137
-406	1513.781
5626	1516.2266
7133	1503.8226
2284	1478.6086
-1320	1443.958
-496	1404.3925
5574	1363.0948
6954	1323.3988
2367	1287.5846
-1056	1256.4988
-415	1230.464
5905	1207.5459
7443	1186.6746
2994	1167.347
-1091	1150.106
-406	1137.3837
5709	1131.1016
6793	1134.6681
1576	1151.2897
-1534	1182.6951
-450	1229.2317
5728	1287.3462
7139	1351.8063
2045	1415.4819
-1401	1469.6488
-447	1506.5457
5581	1518.2526
6704	1500.9293
1527	1454.6196
-1291	1382.9585
-457	1294.5349
5568	1199.4285
7172	1109.9329
2761	1037.9465
-1046	993.39667
-451	983.10205
5809	1007.9892
7329	1065.3934
2551	1148.5668
-1125	1247.699
-481	1352.5062
5909	1451.5647
7800	1536.405
2520	1601.9846
-1246	1646.432
-515	1671.6653
5606	1680.8875
7244	1679.478
2220	1672.8424
-1389	1665.1204
-470	1659.1306
5796	1654.0352
7667	1648.186
2711	1639.0491
-1396	1623.7388
-464	1600.8107
5744	1569.2416
7311	1530.8727
2591	1489.2894
-1157	1449.1984
-504	1416.0823
5903	1392.9896
7369	1382.3961
2238	1384.535
-1653	1397.2145
-564	1416.8895
5817	1438.1885
7432	1457.0084
2294	1470.6135
-1078	1478.3107
-498	1482.4545
5821	1486.1187
7234	1494.8848
2812	1514.1733
-1089	1547.9153
-523	1598.1202
5651	1662.3667
7056	1735.9136
2039	1811.1306
-1356	1878.6672
-512	1929.9648
5972	1956.9402
7719	1955.5233
2163	1925.8657
-1036	1871.8938
-498	1801.961
5801	1725.4033
7406	1653.1105
2923	1594.517
-1344	1556.3481
-507	1541.5488
6055	1547.6333
7776	1569.6476
1856	1599.8319
-1514	1628.8041
-523	1648.7565
5333	1653.2231
7016	1640.1119
2109	1611.0238
-1734	1570.895
-599	1527.7404
5510	1489.7455
7123	1465.611
2557	1461.2308
-1284	1479.1199
-557	1518.409
5446	1573.4897
7546	1636.794
3033	1698.9244
-1240	1750.4576
-559	1784.0153
5519	1794.1041
7340	1779.5607
2442	1742.407
-1242	1687.4192
-580	1622.2725
5508	1554.0222
7502	1490.088
2713	1435.9172
-1211	1394.6383
-534	1367.776
5695	1353.1754
7398	1348.4677
2992	1350.2208
-591	1355.2435
-534	1362.3737
5641	1370.5115
6994	1381.242
2665	1396.4617
-1237	1418.4406
-566	1449.695
5732	1490.7223
8272	1540.975
3273	1598.0106
-1068	1657.7755
-454	1715.3633
5926	1764.5402
7778	1800.5775
2576	1819.8495
-1172	1820.328
-530	1803.0521
5504	1770.1179
7996	1726.3679
3220	1677.7378
-1095	1630.598
-622	1591.1932
5415	1563.7999
7124	1551.91
2809	1556.2053
-930	1574.9802
-540	1605.2255
5368	1641.5073
7368	1678.5259
2923	1710.3977
-549	1731.8585
-549	1740.166
5419	1733.2712
8120	1712.1682
2762	1679.8853
-1024	1640.698
-521	1600.6268
5664	1565.0123
7512	1539.3954
2518	1527.3511
-1097	1530.0725
-626	1547.2137
5413	1574.9243
7749	1608.6766
2924	1642.6473
-931	1670.7683
-646	1688.6997
5144	1692.8229
7457	1682.7737
2736	1660.0928
-1378	1628.2521
-645	1592.9615
5563	1559.4286
7819	1533.5116
4004	1519.434
-372	1519.8088
-559	1535.8586
5579	1565.5154
7372	1606.2722
2886	1653.2977
-1282	1700.8433
-667	1743.5947
5431	1775.5782
7651	1792.5718
2763	1791.0634
-905	1768.9714
-642	1726.8601
5286	1666.4691
7419	1592.3909
3039	1510.4825
-939	1427.9135
-711	1353.453
5339	1294.3232
7506	1257.6421
2442	1247.8816
-1081	1266.0101
-699	1310.3309
5366	1374.7449
7148	1451.4591
2772	1530.4468
-914	1601.2924
-686	1655.8381
5486	1687.7374
7551	1695.4309
3518	1680.7595
-778	1649.2548
-672	1609.4723
5609	1569.9326
8174	1539.5476
3549	1524.5623
-549	1527.7568
-669	1548.853
5053	1583.5045
7242	1625.7856
2410	1668.3127
-1167	1703.845
-671	1727.882
5294	1737.5487
7469	1733.9609
2945	1720.5293
-1050	1702.3232
-651	1685.869
5384	1676.1663
7633	1677.5275
3829	1691.4032
-690	1716.9902
-659	1751.9441
5563	1791.0358
7934	1829.5479
3084	1862.6626
-931	1886.1083
-723	1897.6287
5454	1895.7107
8136	1881.2607
3319	1856.0784
-1026	1822.5497
-659	1784.1367
5539	1743.5834
7815	1704.5906
2853	1670.1376
-1234	1642.2725
-726	1623.3485
5606	1613.995
8521	1614.7947
3211	1625.3066
-975	1643.5332
-681	1667.489
5140	1693.7706
7273	1719.6825
3755	1742.1196
-634	1758.7697
-721	1768.9038
5170	1771.9917
7934	1769.0088
3866	1761.0868
-1085	1749.5721
-770	1735.7998
5342	1719.7689
7797	1701.8279
3685	1681.3032
-302	1657.491
-696	1631.1461
5094	1603.0181
7953	1575.7806
3420	1553.1003
-831	1539.1394
-732	1538.8613
5278	1555.0732
7622	1589.6791
3514	1641.2242
-542	1705.3076
-741	1775.4248
5191	1842.3701
7838	1897.323
3541	1932.0406
-316	1940.5829
-749	1921.613
5126	1876.676
8418	1812.0303
3823	1736.7932
-924	1661.3224
-730	1596.5253
5331	1550.0293
7961	1527.0795
3820	1528.1488
-531	1549.4453
-857	1584.1989
4856	1622.7751
7564	1655.7488
3459	1674.5358
-527	1673.1619
-766	1650.7578
4806	1609.3102
7673	1555.2384
3671	1497.5669
-587	1446.4198
-776	1412.2739
4795	1402.781
7581	1422.8268
3602	1472.9332
-871	1549.3109
-789	1644.725
5055	1748.2548
8068	1848.0796
3859	1932.2529
-503	1990.1503
-806	2014.8407
5249	2002.6287
8209	1955.006
4004	1877.5514
-160	1779.2144
-667	1672.3141
5088	1568.9938
7475	1481.5928
3405	1419.7235
-914	1389.3365
-877	1392.8949
5054	1427.7665
7865	1488.3284
4126	1565.7523
-237	1649.926
-759	1731.4856
5133	1801.4264
8271	1854.2433
4204	1886.9495
-232	1899.5989
-714	1895.2335
5056	1877.7496
8574	1852.402
4824	1824.1149
-5	1796.6913
-739	1773.4625
5202	1755.3854
7999	1742.986
3975	1735.4564
-664	1731.5148
-812	1730.5962
5101	1731.3232
8027	1733.3844
3994	1736.4637
-347	1739.9124
-750	1743.879
5335	1747.4537
8218	1750.3947
3322	1752.2872
-813	1752.4857
-881	1751.4095
4937	1749.1573
8108	1747.0927
4096	1746.6979
-552	1749.3022
-783	1756.4717
5136	1768.0591
8477	1783.9822
4428	1803.0006
-582	1822.6342
-789	1840.8447
5400	1854.4683
8942	1861.5826
4543	1860.987
-145	1852.2667
-766	1836.9319
5091	1816.2224
8549	1792.7651
4021	1769.4464
-686	1748.5431
-857	1732.7129
5233	1723.0706
8553	1720.9253
4408	1726.8555
-355	1740.4828
-841	1761.5809
4931	1788.523
8234	1819.6503
4479	1852.485
246	1883.8744
-673	1910.9469
4943	1930.026
8363	1938.6392
4706	1934.757
482	1917.6147
-684	1888.8539
5232	1850.6417
8657	1807.1575
3982	1763.3538
-251	1723.5116
-799	1692.0712
4868	1670.713
8164	1659.8619
4674	1657.5791
-112	1660.2997
-807	1664.2035
5224	1664.7081
8765	1659.3008
4290	1647.4307
-419	1630.469
-829	1612.8857
5026	1599.4573
8971	1596.014
4997	1607.4087
332	1636.2368
-692	1682.7781
5075	1742.8843
8830	1810.2601
4230	1876.6185
-932	1932.819
-817	1970.8069
4761	1984.5166
8049	1971.896
5129	1934.2263
236	1876.6206
-827	1807.8086
5264	1737.01
9417	1674.3854
4812	1629.0222
305	1606.8807
-641	1611.804
5093	1642.9974
8685	1697.2926
4983	1768.9703
-349	1850.77
-753	1935.2338
5150	2014.4332
9302	2082.035
5207	2133.4011
-131	2165.6313
-826	2177.937
5236	2170.7085
8978	2146.6199
5525	2109.2268
231	2062.9146
-771	2013.0759
5239	1963.7853
8977	1919.2424
4866	1882.4307
267	1854.3871
-737	1835.5652
4991	1823.9203
8833	1816.8058
5213	1810.8447
799	1802.529
-677	1790.2892
5386	1772.6067
9451	1750.4177
5322	1726.5236
497	1704.5822
-714	1690.2382
5296	1687.7053
9025	1700.8491
5345	1731.5511
167	1779.3661
-748	1841.4862
5487	1912.149
9341	1984.8693
5316	2052.505
213	2107.9905
-783	2146.1924
5114	2163.5288
8948	2159.4204
5773	2135.589
843	2096.0034
-660	2046.8306
5241	1993.753
9578	1943.1498
5183	1900.6904
341	1869.8511
-734	1853.2717
5061	1850.7869
9058	1861.2897
4575	1882.6044
-118	1911.3997
-824	1944.7931
4881	1979.2667
8130	2012.701
4370	2043.2866
153	2069.4116
-788	2090.8762
4857	2106.5745
8723	2116.2778
5400	2119.4326
76	2114.9897
-904	2102.5576
5138	2081.1592
9379	2050.9224
5655	2013.0173
595	1969.6925
-715	1925.2694
5354	1884.2323
9964	1852.4299
5290	1835.9268
419	1838.845
-702	1863.9058
5215	1909.715
9113	1972.2627
5592	2044.2115
1478	2115.2168
-664	2175.0403
4820	2212.903
9383	2221.1616
6259	2196.511
810	2140.7268
-783	2061.429
5238	1969.8115
9612	1880.4797
5087	1808.8245
738	1767.1853
-718	1764.5194
5059	1802.5139
9698	1876.7457
5184	1976.9731
323	2087.893
-741	2193.331
5117	2277.2896
9731	2328.4302
6444	2341.3623
1025	2317.543
-756	2265.404
5061	2197.1516
9476	2127.9033
6152	2072.2
1118	2041.0762
-688	2040.8683
5099	2070.5784
9903	2123.9468
7070	2190.203
1527	2256.341
-666	2310.53
5132	2342.6548
9734	2347.9836
5977	2327.4065
1359	2286.1675
-637	2234.2915
5295	2182.4956
10664	2141.6284
6381	2120.4329
1063	2123.1946
-776	2150.4297
4897	2197.4792
9663	2256.9656
6178	2320.0342
1189	2377.5283
-653	2422.643
5181	2450.0186
9954	2458.0376
6480	2448.048
1317	2423.363
-654	2389.802
4973	2352.2607
9676	2315.7903
6669	2284.6172
1618	2261.4565
-674	2248.6626
5292	2246.2847
10263	2254.0715
6858	2271.263
1565	2296.061
-734	2326.8677
4885	2360.4077
9469	2393.1816
5834	2421.1848
513	2439.596
-794	2444.5427
5048	2431.882
10032	2399.2817
6978	2346.2693
1706	2274.043
-636	2186.9844
5047	2090.083
9782	1990.1737
6171	1894.8528
1683	1810.9099
-597	1745.4147
5158	1702.6671
10041	1685.6156
6445	1695.3442
1377	1730.368
-771	1788.2585
5036	1863.795
10186	1951.413
6719	2045.1106
1600	2138.1155
-696	2224.828
5086	2299.0977
10507	2356.8696
6785	2396.031
1674	2415.7607
-574	2418.6353
5034	2407.7944
10089	2388.555
6928	2367.3145
1505	2350.1252
-641	2342.566
5131	2347.328
9916	2365.1965
6372	2394.204
1703	2429.168
-609	2464.4243
5431	2492.2646
10403	2506.2937
6916	2502.32
1766	2478.3735
-597	2436.9348
4994	2382.4753
9724	2322.6348
6302	2266.272
1423	2221.1682
-669	2194.5315
5330	2189.5842
10724	2206.2798
7299	2241.7852
2001	2290.278
-573	2345.0898
5324	2398.582
10496	2445.253
7439	2481.9602
1831	2507.7847
-742	2525.582
5017	2538.5527
10566	2551.197
7033	2567.8438
1986	2590.554
-577	2620.1199
5033	2654.1482
10764	2688.638
7499	2719.2495
1511	2741.3198
-690	2752.224
4976	2750.4749
10079	2737.2112
7024	2715.5378
2144	2689.2625
-654	2663.2908
4761	2640.673
10009	2623.316
7029	2611.2507
1829	2602.3333
-684	2594.4448
4528	2584.2117
9703	2569.793
7062	2551.254
2047	2530.4185
-722	2512.123
4776	2500.993
10500	2502.4143
6860	2520.6453
1897	2556.4153
-700	2608.334
4676	2670.208
10345	2733.4504
6834	2788.161
1908	2823.8818
-652	2833.1885
4936	2811.264
10189	2758.5266
6575	2680.5203
1494	2586.4307
-809	2489.4102
4697	2402.4795
10372	2337.77
7199	2304.4502
2115	2306.4111
-730	2343.0264
4781	2407.3743
10958	2488.986
7446	2575.5483
1743	2653.6438
-767	2712.8877
4751	2745.2861
10019	2748.1338
6822	2723.9492
1724	2678.9854
-787	2624.0247
4676	2569.9932
10079	2527.7578
7358	2506.0256
2332	2509.473
-634	2539.2864
4674	2590.7144
10452	2655.8103
8264	2724.4976
2445	2785.9985
-651	2831.3906
4763	2853.6882
10538	2850.266
7371	2823.2354
2610	2777.9617
-475	2724.0906
4964	2671.336
10688	2629.4565
7299	2606.235
1999	2604.8105
-595	2625.409
4622	2662.7068
10720	2708.3357
7856	2752.569
1662	2785.6233
-864	2800.5015
4603	2792.6255
10727	2762.8982
7542	2717.204
2091	2664.239
-701	2615.5579
4186	2581.886
10139	2571.9973
7863	2590.7996
1804	2637.8875
-691	2708.8372
4639	2793.7285
10408	2880.842
6995	2958.6104
2067	3016.221
-720	3048.1433
4696	3052.1382
10576	3031.194
7264	2992.7654
2283	2945.7593
-658	2900.6418
4310	2865.3953
10817	2845.1328
7908	2841.5007
2465	2851.549
-647	2870.2415
4383	2889.8074
10897	2902.894
8041	2904.249
2589	2890.557
-614	2862.539
4369	2822.926
10634	2776.8757
7796	2730.5525
2308	2688.7998
-623	2656.021
4664	2633.114
11114	2619.52
8113	2613.5803
2401	2611.9165
-609	2612.8604
4298	2614.6328
10366	2617.1785
8142	2621.886
2583	2630.1853
-728	2644.3242
4143	2664.222
10763	2688.3625
7651	2713.8674
2025	2735.4678
-774	2748.2974
4466	2747.1646
10780	2729.3486
8007	2695.549
2964	2649.116
-602	2597.762
4284	2550.1191
10858	2515.8525
8062	2503.5637
2698	2517.8064
-690	2559.858
4118	2624.9275
10839	2704.0952
8386	2785.7307
2495	2856.5273
-698	2905.3262
4233	2923.3962
10408	2907.171
8110	2859.1206
2890	2786.4246
-594	2701.4546
4488	2617.5356
11004	2548.315
8292	2505.331
2499	2495.2139
-669	2520.5303
4274	2577.2998
10593	2657.8667
8143	2751.9448
3198	2847.3936
-551	2934.408
4208	3004.189
10683	3051.7815
7671	3076.3865
2683	3079.411
-595	3066.1235
4143	3041.914
10691	3012.691
8378	2983.8013
2922	2958.1113
-641	2938.0586
4303	2923.0364
10766	2911.6758
8001	2902.3823
2858	2892.5173
-661	2881.1257
4433	2866.8591
10858	2849.6726
8151	2830.566
2806	2810.1765
-659	2790.5786
4109	2772.3057
10664	2756.1196
8144	2742.5908
2219	2731.2405
-766	2722.1672
4026	2714.3013
10439	2707.0037
7700	2700.1667
2483	2693.111
-580	2686.7065
4188	2681.0864
11194	2677.0996
8686	2676.4258
3234	2679.9917
-457	2690.0
4014	2707.1685
10356	2732.0994
7891	2764.7527
2717	2803.294
-624	2846.0054
4024	2889.4268
10903	2929.901
7696	2964.4192
3218	2989.037
-426	3002.783
3843	3004.8982
10932	2996.6006
8583	2981.3232
3086	2962.6016
-631	2945.69
3949	2934.599
10624	2932.2312
8082	2940.101
2799	2956.634
-622	2979.322
4011	3002.8386
10456	3021.7046
8168	3031.0247
2778	3026.3818
-659	3006.6106
3898	2972.157
11044	2926.3135
8576	2875.216
2676	2825.4094
-733	2784.37
3922	2757.5642
11169	2748.8325
8656	2760.0613
3365	2789.0786
-471	2832.8328
3966	2885.0442
10981	2938.8774
8828	2988.2043
2909	3026.9756
-632	3052.1257
3895	3061.4924
11519	3055.3152
9089	3036.5186
3504	3008.4707
-430	2976.7783
4122	2945.876
11716	2919.9016
9021	2902.9946
3046	2896.8655
-537	2902.8706
3906	2919.7036
10751	2945.0544
7844	2976.125
2522	3007.9204
-667	3036.7441
3858	3058.4258
11023	3069.8508
8315	3070.053
3221	3058.6086
-496	3038.1997
4153	3011.63
11366	2982.8423
8584	2956.6274
2768	2936.0981
-521	2923.9792
3880	2920.3691
11544	2923.8738
8798	2932.6665
3051	2943.0864
-611	2952.5286
3956	2958.6355
11652	2960.75
9080	2960.645
3093	2960.3071
-612	2963.5457
3854	2972.4668
10994	2988.269
8979	3010.393
3211	3034.8496
-629	3056.782
3923	3068.9949
11446	3064.7148
9203	3039.944
3584	2992.7708
-471	2926.6875
3630	2848.68
10521	2769.0557
8637	2700.363
3386	2653.5447
-552	2638.2573
3516	2658.4146
10492	2712.2878
8855	2792.9675
2764	2888.0215
-755	2983.0032
3624	3062.9749
11004	3115.527
9098	3133.8057
3594	3116.0493
-507	3068.2441
3785	3000.1648
11175	2925.058
9123	2857.4246
3475	2808.6768
-427	2787.502
3448	2796.0298
11008	2830.9453
9185	2885.196
2841	2947.6528
-665	3007.3694
3491	3053.8562
11047	3079.6602
8927	3082.1125
3411	3061.206
-521	3021.8472
3516	2970.314
10635	2914.1526
8608	2861.3381
3164	2817.3223
-529	2787.0222
3851	2772.431
11588	2773.84
9289	2791.013
3189	2821.3525
-592	2862.64
3616	2911.1458
11736	2962.4878
8669	3013.198
3921	3057.9304
-336	3093.2627
3461	3115.8684
11133	3124.2341
9049	3120.1274
3745	3106.3315
-342	3089.5293
3418	3076.9058
10371	3075.8447
8036	3093.0051
3324	3130.5503
-464	3188.115
3591	3259.5527
11357	3334.9297
8998	3402.6062
3781	3448.794
-322	3463.2073
3331	3438.7546
11301	3374.1655
9036	3275.7605
3226	3154.1736
-562	3025.2686
3413	2905.7358
11044	2810.7676
8871	2752.3406
3669	2735.0842
-438	2758.2375
3571	2813.842
10893	2889.8953
8814	2973.1365
3344	3049.7422
-507	3110.333
3637	3149.3672
11094	3166.5159
8492	3166.8604
3583	3156.752
-502	3144.953
3392	3137.8022
11191	3139.209
9248	3150.4773
3279	3168.3096
-551	3188.5012
3509	3205.0808
10576	3213.4624
8211	3212.2368
3674	3201.2825
-410	3184.9106
3284	3168.2698
10807	3156.9744
8807	3156.0728
3154	3166.5483
-441	3187.1494
3446	3212.3118
10946	3234.2854
8823	3245.2734
3562	3237.1895
-497	3206.31
3231	3152.049
10469	3078.61
8246	2995.107
3263	2911.8174
-491	2841.2031
3230	2793.7861
11241	2776.5583
9459	2793.1003
3947	2840.6667
-322	2913.347
3248	3000.8025
11159	3090.9004
9098	3172.9119
3668	3236.4216
-423	3275.7446
3376	3288.1416
11146	3274.88
9216	3241.4224
4100	3193.8955
-378	3140.795
3027	3089.14
10319	3044.6094
8587	3011.6445
3669	2990.6733
-449	2981.8835
3241	2982.3064
11110	2988.3267
9013	2997.458
3119	3006.1912
-483	3013.4058
3251	3018.8208
10839	3023.7327
8329	3031.632
3643	3044.6614
-344	3066.43
3273	3098.4863
11268	3140.6104
9154	3191.5251
4025	3246.166
-324	3299.0732
3133	3342.8042
10946	3369.957
9039	3375.6084
3424	3355.736
-373	3310.9695
3174	3245.0544
11073	3164.8948
9477	3080.8938
3695	3002.9775
-456	2941.7961
3291	2904.6726
11622	2895.369
9717	2914.5615
4073	2957.0981
-299	3015.7349
3320	3080.5256
11407	3141.142
9910	3189.8599
4469	3220.0735
-325	3230.457
3258	3222.1802
10922	3199.5278
9181	3169.4565
3897	3137.398
-457	3109.481
3048	3089.0103
10819	3076.7861
8866	3072.5361
3415	3072.8337
-469	3075.2754
3010	3077.0486
10740	3076.4163
8788	3074.3528
3907	3071.276
-405	3070.1538
3044	3072.5754
10824	3079.2205
8760	3090.2185
3653	3102.1116
-384	3111.7764
2959	3114.8503
10539	3107.3467
8929	3088.1392
3976	3056.6616
-341	3016.9292
3051	2974.3013
10978	2935.303
9099	2907.4824
4498	2894.6802
-261	2899.8896
2821	2921.6008
10538	2954.626
9036	2992.1082
3598	3024.5286
-354	3044.235
3001	3045.4407
10957	3026.0417
8971	2989.502
3359	2941.6304
-360	2892.5537
2753	2853.0002
10357	2832.6868
8859	2839.3716
4013	2874.8484
-347	2937.4001
2827	3019.7903
10506	3111.407
9208	3201.0508
3921	3276.5767
-419	3329.456
2798	3354.5935
10375	3351.2083
8486	3323.9421
3991	3278.774
-316	3225.104
2743	3171.4253
10634	3124.514
9217	3089.3428
3708	3065.9998
-451	3052.8892
2760	3045.633
10792	3038.8552
8851	3029.1436
3613	3012.8245
-392	2989.9734
2906	2962.8872
11333	2935.3884
9724	2913.8398
4024	2902.7207
-287	2906.5789
2743	2926.981
10601	2962.6018
9396	3010.4846
4159	3064.0273
-201	3116.9124
2740	3162.206
11128	3193.9773
9608	3209.8657
4087	3208.4495
-326	3192.5789
3012	3166.767
11268	3136.7473
9240	3110.251
3896	3092.2168
-419	3088.3484
2819	3101.0286
11309	3130.484
9773	3176.202
4258	3233.9465
-361	3299.772
2796	3368.0942
11016	3433.1243
9307	3490.7139
3264	3535.7466
-509	3565.1506
2945	3575.9714
11155	3566.4592
9154	3537.5872
4464	3489.425
-167	3425.4844
2969	3349.461
11548	3266.0435
9319	3182.4146
3656	3103.652
-432	3035.905
3040	2983.452
11406	2948.5083
9748	2932.4836
4418	2932.5122
-176	2945.3577
2874	2965.3616
10804	2986.3699
9078	3003.9204
3854	3013.1658
-386	3012.9062
3014	3003.5774
10704	2987.9875
9154	2971.7166
4666	2959.096
-86	2956.17
3014	2966.1257
11025	2989.9192
9279	3027.1194
3845	3072.7292
-306	3121.188
3058	3165.4172
11311	3198.33
9853	3215.5095
4303	3213.2444
-86	3192.1829
2908	3154.606
10723	3105.2146
9343	3051.3242
4701	2998.541
-30	2953.4612
3091	2920.1387
11164	2900.193
9570	2894.3857
3839	2899.7395
-264	2913.2742
2767	2930.6912
10869	2947.7363
9384	2962.264
3730	2971.5825
-334	2975.6084
2801	2974.496
10651	2969.0667
8707	2961.9568
4014	2953.4119
-48	2945.0571
2852	2937.3909
11117	2930.2664
9328	2924.8452
4039	2920.0728
-446	2916.7832
2977	2915.192
10958	2915.9058
9514	2920.9937
4623	2930.533
-37	2946.1345
3047	2967.8184
11066	2995.0298
9301	3027.7861
4321	3063.3638
-240	3100.096
2817	3135.064
10925	3165.4827
9368	3190.4033
4439	3207.449
-84	3216.886
2850	3219.237
11000	3215.4395
9804	3208.4968
4273	3199.9531
-62	3193.0166
2836	3189.47
11108	3190.3545
9911	3197.2935
4809	3208.8865
-193	3224.6746
2761	3242.2263
11063	3258.5764
9514	3272.0518
3801	3279.2114
-364	3278.5295
2927	3268.7468
10976	3249.4905
9514	3223.0022
3979	3190.667
-237	3155.992
2790	3122.4697
10968	3093.4102
9389	3073.2017
4321	3063.2292
-194	3065.594
2499	3080.4373
10561	3106.416
9099	3142.3694
4777	3183.893
-102	3227.8584
2637	3269.926
10884	3305.8884
9384	3333.338
4358	3348.6724
-149	3350.9841
2689	3339.7861
10778	3315.8362
9970	3282.3408
4948	3241.6956
-154	3198.747
2750	3157.621
11366	3121.9172
9538	3096.3022
3913	3082.2266
-293	3081.2031
2503	3092.3635
10756	3113.3105
9339	3141.9695
4157	3173.5366
-342	3204.8206
2404	3232.262
10826	3253.0552
10088	3267.2021
4478	3274.488
-19	3277.2375
2464	3277.835
11304	3278.5474
9682	3282.985
3974	3291.5974
-431	3304.9534
2500	3321.0168
10598	3336.6064
9436	3349.0051
4310	3353.321
-136	3346.6504
2348	3326.798
10794	3292.8074
10236	3247.1511
4841	3192.2356
-127	3133.3699
2463	3075.708
10799	3023.7039
9526	2982.6372
4613	2954.3171
-19	2940.4902
2467	2940.4202
11136	2951.8572
9569	2973.54
4449	3001.8418
-237	3034.8438
2161	3070.4956
10741	3106.957
9888	3144.3506
4926	3180.9995
-64	3216.838
2418	3250.1711
11319	3278.5886
10278	3301.1033
4825	3314.7385
19	3318.396
2333	3311.4048
11226	3293.883
10281	3269.2612
4690	3240.3516
21	3212.46
2384	3190.417
11158	3177.9502
10111	3179.2454
4917	3194.3506
-132	3222.8396
2419	3261.4214
11138	3304.706
9919	3348.1187
5094	3384.854
69	3410.5825
2502	3421.69
11385	3416.1133
10164	3395.739
4876	3361.9568
140	3319.1274
2353	3271.746
11007	3223.9197
9939	3180.8909
4744	3144.789
-30	3118.3713
2476	3102.2607
11348	3095.4683
10278	3097.7551
5066	3105.8318
178	3117.5793
2353	3129.973
11225	3139.5962
10072	3145.217
4648	3144.2034
-32	3136.5605
2151	3123.3098
10478	3106.1772
9697	3089.739
5258	3077.2568
398	3074.2817
2187	3084.6438
11198	3110.1382
10346	3151.994
4825	3206.3345
-29	3268.2178
2128	3329.7185
11248	3380.9429
10238	3414.0935
4803	3421.121
6	3398.949
2192	3348.1284
10765	3273.487
10032	3185.5063
4896	3095.4556
191	3017.0469
2201	2961.9424
11144	2937.7502
9891	2948.8054
4252	2991.7676
-51	3059.1746
1916	3138.66
10080	3215.662
9859	3277.3198
4995	3311.8186
-59	3313.923
2091	3283.5344
10733	3225.9167
9996	3152.7327
5338	3076.3027
164	3011.084
2041	2968.6636
10537	2955.852
9785	2975.646
4953	3023.4207
133	3091.4727
2050	3168.1628
11326	3240.5845
10401	3298.9868
5256	3334.636
354	3344.6558
2078	3330.2317
10564	3295.6877
9988	3249.6702
4704	3199.9475
-101	3155.1946
2088	3121.7556
11057	3102.6826
10432	3100.0796
5338	3111.7788
186	3135.9229
2171	3168.9792
10514	3207.1626
9436	3249.0596
4228	3291.703
-172	3334.1887
2004	3375.0242
10543	3411.9663
9803	3443.677
5018	3466.452
96	3478.361
1751	3477.426
10364	3462.7375
9989	3436.9019
4710	3402.8274
7	3366.8093
1914	3335.3396
10653	3314.197
9859	3309.2214
3808	3321.6357
-496	3350.435
1943	3390.593
10300	3434.2388
9011	3473.9849
4009	3500.774
-61	3509.2598
1769	3497.566
9595	3467.509
8905	3426.3088
3568	3381.9329
-451	3344.479
1766	3322.3179
9441	3320.6045
8418	3341.3113
3151	3379.5073
-244	3427.3633
1762	3474.5815
9789	3509.8909
9193	3525.4324
3808	3515.4744
-217	3480.5396
1616	3425.9915
9528	3360.6084
8522	3296.833
3094	3244.8845
-577	3213.8025
1394	3208.1516
8806	3227.261
7498	3267.2415
2405	3318.5547
-588	3371.3923
1385	3416.1477
8633	3445.6907
7511	3457.8955
2699	3452.431
-661	3433.8303
1561	3408.3687
9209	3382.4414
8441	3362.4731
2997	3350.4849
-623	3346.3508
1605	3346.8599
8713	3347.056
7861	3342.6116
2653	3328.1064
-648	3301.7605
1375	3264.6145
8383	3220.0574
7882	3174.7283
2366	3134.2893
-744	3104.8647
1353	3090.7373
9042	3093.2695
8007	3112.6482
2679	3144.6946
-674	3184.797
1356	3228.1663
8567	3270.275
7574	3309.4224
3366	3342.8887
-520	3371.2
1389	3395.4292
8746	3416.3958
7994	3435.768
2838	3452.592
-541	3466.3186
1279	3475.9722
8871	3480.3315
7933	3480.4973
2299	3476.6208
-671	3470.5952
1343	3465.1885
9019	3462.6975
8386	3465.802
3437	3473.3918
-143	3483.6848
1373	3492.8464
8831	3495.532
7728	3488.0293
2838	3465.5227
-511	3427.2236
1469	3375.2927
8343	3314.9556
7643	3255.1675
3021	3203.7468
-524	3169.1648
1274	3157.1775
8455	3169.5364
7532	3204.8413
2310	3255.1318
-720	3310.4797
1401	3359.7795
8694	3392.4949
7821	3402.3928
3224	3385.034
-367	3342.1707
1353	3279.8398
8438	3206.5618
8081	3133.0999
3494	3066.83
-395	3013.6887
1367	2975.3054
8651	2949.011
7534	2930.2424
2764	2910.31
-697	2882.3577
1250	2841.4524
8432	2786.3535
8439	2721.309
3654	2652.4468
-189	2590.0227
1327	2544.7336
8983	2525.1072
8534	2537.453
3271	2580.664
-476	2649.0735
1271	2731.628
8713	2813.3179
8689	2879.0784
3281	2913.239
-428	2905.162
1348	2849.8472
9113	2748.679
8072	2611.4438
3114	2450.8655
-406	2284.5054
1213	2130.7502
9260	2005.494
8408	1922.2592
3401	1886.5037
-467	1898.5162
1132	1952.0411
8307	2035.723
7731	2136.7334
3153	2238.877
-323	2328.672
1401	2395.7854
9036	2433.6677
8218	2442.1091
3169	2422.699
-318	2381.6875
1360	2327.2788
9339	2267.5417
8179	2211.4976
2716	2164.0188
-534	2128.6702
1199	2106.8618
9061	2097.5989
8804	2100.3892
3614	2111.9358
-282	2130.37
1152	2154.22
8749	2181.6196
8337	2212.5725
3424	2244.9202
-464	2277.083
1151	2306.7869
8791	2331.0715
8892	2348.2974
3936	2355.3198
-206	2351.4797
1271	2337.3513
8706	2315.2012
8131	2290.4832
3231	2267.4749
-531	2251.9307
1149	2248.5537
8394	2260.0042
8161	2287.994
3231	2329.126
-334	2378.964
1094	2431.3264
8414	2478.9448
7763	2516.671
3561	2538.4329
-103	2541.7727
1074	2526.7468
8390	2495.1187
8392	2451.6716
3496	2399.8667
-377	2344.4463
1242	2289.3533
8684	2237.3713
8773	2191.7058
4427	2152.8696
-85	2122.8408
1476	2103.3616
10477	2095.5974
10389	2102.7793
5609	2125.384
438	2164.2656
1605	2217.6794
10656	2280.7874
10391	2348.5706
5504	2411.9243
380	2462.6697
1678	2493.3118
11146	2498.0437
10822	2477.2627
5523	2433.5225
423	2375.0728
1593	2313.286
10926	2259.6272
11329	2226.5942
6881	2221.4207
858	2248.5344
1606	2305.8672
11215	2384.738
11399	2474.7576
5811	2561.7747
533	2633.3635
1563	2679.9148
11029	2695.4453
11441	2681.7324
6643	2644.0364
863	2593.0618
1613	2540.7654
11193	2496.8345
11694	2470.386
6637	2464.166
788	2477.3074
1638	2504.0823
11351	2534.4717
11614	2559.9573
7159	2571.1558
1029	2563.5925
1413	2536.481
10808	2491.814
11293	2437.3315
6041	2381.0337
507	2332.3782
1539	2298.6465
11221	2282.556
11676	2285.6746
5946	2304.6482
616	2334.7114
1454	2369.519
11284	2401.5352
11211	2427.2349
6224	2443.3777
796	2450.4077
1543	2450.462
11230	2445.2446
11735	2438.791
7110	2432.773
1046	2429.1387
1528	2428.0903
11244	2427.3108
12216	2426.4578
7288	2424.1904
1346	2421.1455
1621	2418.8276
11563	2417.5708
11992	2420.4158
7429	2427.7163
1371	2440.057
1903	2455.598
12544	2468.7712
12589	2475.5337
7478	2469.6812
1323	2447.628
2014	2407.0984
12823	2347.5908
13464	2274.6606
7858	2195.152
1130	2118.9836
1894	2055.4673
12438	2010.5068
13317	1989.3702
8142	1991.3276
1346	2012.8838
1928	2046.5677
12693	2081.143
13231	2108.6296
7759	2121.8396
1194	2119.2883
1934	2104.006
13052	2082.32
13248	2067.4094
8530	2071.8652
1647	2109.197
1911	2188.4365
12838	2311.1682
12715	2475.203
7169	2670.021
911	2881.0825
1728	3090.2107
12862	3277.588
13368	3429.2334
7854	3534.8438
1019	3592.418
1551	3606.4795
12199	3585.9302
13509	3546.4475
7679	3503.9905
1314	3474.428
1688	3469.1826
12301	3492.5334
12852	3545.303
7481	3620.9216
1299	3709.615
1615	3798.8174
12090	3874.5647
12814	3927.857
7988	3951.936
1303	3946.736
1527	3916.281
12068	3866.9443
12736	3810.3088
7524	3757.0574
1024	3717.7935
1432	3699.7834
11571	3705.0046
12388	3733.84
7137	3781.1238
1038	3840.055
1374	3901.9785
11327	3956.5315
12046	3997.0674
6994	4017.5923
1027	4016.0537
1351	3993.2385
11189	3950.87
11731	3895.0417
6641	3830.8865
974	3765.0337
1368	3702.873
11046	3646.8638
11549	3600.4414
7089	3563.3584
764	3536.0
1401	3517.2415
11047	3504.3997
11014	3497.5012
5764	3495.267
882	3498.088
1337	3506.7827
10852	3521.0159
10887	3543.0552
6237	3572.7615
560	3610.8896
1197	3656.9036
10713	3707.8508
11214	3762.491
7004	3816.8975
943	3868.9705
1309	3916.5176
10869	3956.439
11143	3989.3823
6333	4015.3809
641	4037.121
1324	4058.0593
10638	4080.9143
10983	4110.775
5959	4150.1553
663	4201.369
1216	4264.623
11094	4336.548
11778	4414.198
5597	4491.6064
484	4562.5083
1158	4620.8164
10597	4660.3633
11221	4679.3784
6333	4677.118
473	4657.227
1173	4625.583
11073	4588.586
12165	4555.6978
7258	4534.1685
1105	4530.3496
1258	4547.0244
11094	4581.4736
11405	4629.8774
6459	4683.485
883	4733.2324
1261	4769.497
11234	4782.9995
12036	4770.4507
7337	4731.0386
1375	4669.5786
1288	4594.4375
11511	4514.6104
12849	4442.071
8687	4385.6226
1898	4352.4614
1923	4344.626
14624	4357.7114
17211	4386.402
12705	4420.8013
3219	4452.774
2513	4473.919
17563	4476.405
20636	4460.0693
17093	4426.367
5059	4383.574
3646	4339.624
22601	4299.289
27141	4270.5117
23095	4255.81
7899	4257.9233
6357	4272.7173
33605	4288.11
40994	4297.7905
35990	4294.058
12513	4276.6484
8469	4242.9224
41424	4187.5483
49685	4117.072
42713	4037.8853
14956	3962.4202
9539	3895.9778
46288	3833.9958
56608	3779.0469
50264	3729.4329
17679	3688.6355
10674	3652.0337
51548	3607.4485
63161	3555.568
55545	3497.7388
19474	3444.411
11873	3398.6914
55496	3354.582
67663	3316.4985
58724	3284.988
20495	3265.0776
12629	3250.025
59249	3222.3252
72168	3177.427
61922	3111.5205
21654	3031.168
13338	2937.632
62598	2825.836
77613	2706.835
66634	2592.546
23018	2501.6553
15750	2439.7017
68964	2397.3938
85534	2374.9856
73450	2368.315
25366	2378.6345
18174	2393.6787
75924	2390.7502
95376	2364.5332
79976	2314.48
27139	2251.7385
20843	2176.8079
86398	2080.1575
117995	1967.398
98221	1849.2407
32811	1743.0284
93868	1630.3889
1292461	1520.3275
5859483	1413.1339
7892014	1305.6356
3961230	1197.0127
299864	1038.258
1407157	855.96405
6076674	657.87494
8163944	453.07062
4132211	254.95631
314694	73.43053
1429493	-79.544395
6141446	-200.42026
8254961	-296.31757
4187844	-379.35492
308354	-463.85706
1411048	-567.56537
6139693	-706.75183
8269908	-895.76495
4192903	-1139.011
321092	-1433.3003
1442901	-1761.1561
6181095	-2101.0767
8322425	-2433.0493
4239161	-2738.0464
324312	-3003.7942
1432949	-3225.8098
6146830	-3410.3943
8289342	-3574.322
4223053	-3733.938
318995	-3899.2493
1416549	-4071.6267
6128585	-4240.4546
8281913	-4387.6133
4227069	-4486.235
319622	-4509.4966
1415736	-4439.398
6137048	-4275.6816
8292873	-4042.0056
4234446	-3777.876
321290	-3531.333
1412582	-3345.0957
6122887	-3244.0718
8266616	-3225.173
4214223	-3245.9817
319549	-3227.3083
1403661	-3068.3462
6084378	-2668.8196
8197622	-1957.8779
4175084	-912.6475
321398	425.2658
1421072	1948.2308
6113060	3494.5818
8249631	4874.5835
4215646	5913.8843
320428	6492.327
1404390	6574.347
6123861	6221.997
8281229	5584.461
4235267	4873.6904
323600	4316.3745
1412210	4101.9395
6151618	4331.6074
8331918	4985.981
4273456	5926.7954
314979	6924.885
1379488	7706.2153
6109105	8020.635
8288453	7703.536
4255541	6728.837
327891	5222.5474
1407849	3449.8354
6151242	1752.2701
8354699	467.2146
4313966	-152.79305
330266	-11.204961
1397709	797.4335
6156504	1995.6022
8387237	3178.242
4330121	3912.4226
331522	3846.926
1408380	2813.1135
6178465	886.0031
8388607	-1611.2601
4327888	-4158.831
330561	-6152.6494
1402547	-7051.1
6185700	-6520.3306
8388607	-4546.2397
4362748	-1471.2068
333587	2047.9866
1394591	5170.6055
6181125	7062.9336
8388607	7117.3926
4366734	5158.503
337916	1574.3527
1416923	-2652.3755
6237842	-6042.448
8388607	-6832.506
4414265	-3264.4885
338817	6086.661
1423891	22016.148
6321376	44479.69
8388607	72518.09
4460861	104344.305
343378	137571.1
1432569	169553.33
6370136	197774.9
8388607	220220.2
4514168	235667.23
342481	243840.66
1434916	245403.7
6386115	241796.44
8388607	234950.64
4523308	226948.27
336614	219675.34
1404029	214533.64
6383908	212269.06
8388607	212927.2
4580116	215948.62
341712	220358.98
1411509	225019.7
6424880	228874.52
8388607	231151.25
4667751	231487.83
359383	229950.73
1456202	226975.97
6472649	223223.44
8388607	219408.17
4742898	216145.42
366784	213829.97
1414336	212584.77
6288570	212269.06
8388607	212546.7
4537971	212996.55
346785	213229.11
1412993	212967.16
6397749	212106.84
8388607	210716.33
4686175	209002.45
366728	207237.03
1445811	205689.53
6448606	204546.94
8388607	203869.95
4742702	203593.02
372029	203548.77
1443357	203525.34
6446581	203322.06
8388607	202799.25
4752200	201920.89
364679	200760.75
1416731	199478.3
6422417	198272.2
8388607	197318.45
4754960	196732.84
369183	196534.88
1429019	196648.08
6449003	196909.33
8388607	197098.8
4773324	197007.2
363224	196484.88
1410555	195480.36
6417808	194052.27
8388607	192349.38
4764133	190597.9
359116	189054.6
1397193	187960.86
6410790	187490.64
8388607	187706.33
4779151	188569.44
371245	189943.2
1419060	191635.42
6422611	193419.61
8388607	195062.4
4791861	196380.19
366073	197259.19
1401250	197669.33
6395346	197649.62
8388607	197276.81
4799428	196665.78
369855	195941.31
1396902	195227.14
6383729	194618.44
8388607	194160.05
4816927	193870.47
375810	193743.0
1395048	193766.16
6376653	193915.39
8388607	194147.14
4816931	194428.03
378635	194734.12
1396658	195062.08
6373481	195411.33
8388607	195766.33
4837724	196120.81
386557	196472.36
1400854	196834.4
6364591	197214.52
8388607	197598.61
4828641	197975.2
386228	198339.03
1401474	198708.62
6361638	199064.39
8388607	199401.7
4848998	199715.2
387996	199997.4
1392481	200262.19
6350116	200448.73
8388607	200542.0
4848318	200519.62
385778	200351.9
1388931	200004.94
6350717	199442.2
8388607	198644.97
4876961	197622.58
389749	196424.89
1377696	195153.83
6335576	193965.83
8388607	193059.52
4873687	192655.58
399031	192963.27
1393903	194148.2
6338404	196284.14
8388607	199329.67
4889231	203109.48
398188	207318.77
1388123	211552.36
6328713	215353.86
8388607	218284.0
4890973	219991.39
397564	220276.52
1382493	219135.4
6319813	216776.1
8388607	213594.62
4894148	210121.53
399749	206940.25
1379283	204594.6
6315642	203497.14
8388607	203859.67
4891253	205656.27
398513	208628.61
1376938	212331.4
6307707	216211.31
8388607	219705.77
4890660	222341.14
399591	223812.36
1376673	224030.7
6303998	223128.7
8388607	221422.7
4903181	219341.89
402979	217337.84
1376904	215794.84
6298217	214954.64
8388607	214876.14
4922249	215432.81
407889	216348.56
1369711	217267.3
6285621	217833.6
8388607	217772.88
4912930	216952.33
408186	215409.92
1374258	213347.6
6280333	211086.9
8388607	209003.67
4914308	207449.84
403817	206683.12
1362463	206813.06
6270301	207787.23
8388607	209400.56
4916052	211341.98
409481	213257.52
1362488	214825.45
6259056	215809.1
8388607	216105.81
4909823	215755.27
414922	214921.03
1396583	213852.16
6312443	212824.97
8388607	212087.25
4993062	211811.47
415734	212066.64
1348159	212816.22
6226331	213935.31
8388607	215248.02
4930381	216570.23
409099	217752.42
1341378	218704.56
6247139	219412.47
8388607	219929.75
4976978	220357.4
408240	220812.56
1318708	221396.33
6232500	222167.06
8388607	223128.48
5054220	224229.05
412052	225375.48
1276087	226458.08
6150388	227373.36
8388607	228048.86
4985659	228455.69
408957	228611.5
1297796	228569.48
6176485	228402.03
8388607	228181.31
4989893	227960.73
413350	227763.66
1280585	227585.72
6100837	227399.23
8388607	227172.55
4850914	226886.81
403852	226553.34
1303448	226216.19
6122033	225954.12
8388607	225866.55
4968529	226053.16
414970	226588.3
1284520	227505.17
6096113	228779.66
8388607	230326.14
4958843	232008.31
426124	233657.19
1331127	235106.39
6173823	236213.48
8388607	236888.64
5111683	237107.81
451850	236908.89
1397056	236398.33
6252179	235711.19
8388607	234997.6
5119468	234391.62
438403	233991.69
1300456	233840.16
6073608	233923.78
8388607	234184.55
4965663	234535.06
425156	234881.67
1285557	235135.0
6040807	235240.61
8388607	235174.45
4934648	234948.61
422794	234606.03
1286877	234210.3
6045768	233824.77
8388607	233512.47
4940004	233321.98
420783	233283.95
1271819	233410.47
6030896	233696.95
8388607	234130.11
4926804	234691.73
419272	235361.84
1256228	236118.05
5993258	236938.27
8388607	237793.48
4901421	238646.95
418509	239454.06
1238421	240163.42
5942401	240719.8
8388607	241073.34
4859507	241186.53
415964	241042.73
1259116	240649.56
6002656	240045.66
8388607	239296.03
4952323	238487.95
422620	237721.03
1259371	237099.75
6014518	236719.64
8388607	236654.83
4967472	236949.05
430506	237607.47
1268348	238600.69
6035479	239857.9
8388607	241280.95
5011693	242751.36
435565	244141.11
1267028	245328.56
6037029	246211.31
8388607	246715.38
5022153	246803.95
437626	246480.78
1259504	245790.11
6016004	244808.5
8388607	243636.28
5005993	242384.73
435845	241162.17
1252172	240062.12
5999883	239151.31
8388607	238468.9
5001322	238023.89
431969	237800.47
1244854	237763.02
5993602	237864.77
8388607	238058.23
5006921	238300.48
430439	238557.48
1232503	238805.53
5980167	239026.6
8388607	239209.7
4957518	239345.6
407048	239430.05
1174194	239448.52
5873966	239387.52
8388607	239233.9
4858342	238978.36
393483	238621.73
1150873	238169.3
5847269	237637.39
8388607	237053.19
4830904	236453.48
380521	235887.78
1124733	235410.11
5854958	235086.48
8388607	234992.42
4891654	235213.14
389687	235839.39
1154205	236965.86
5917804	238675.56
8388607	241028.75
4986586	244044.86
410605	247680.9
1170325	251833.36
5956033	256319.44
8388607	260891.03
5079973	265250.8
421355	269077.62
1164468	272069.9
5928847	273981.1
8388607	274655.62
5077502	274055.28
434526	272266.66
1179579	269501.06
5927493	266063.34
8388607	262312.0
5066430	258611.39
433464	255281.83
1160504	252558.25
5865729	250563.17
8388607	249300.44
5001099	248667.6
428513	248486.14
1176166	248539.55
5922140	248619.23
8388607	248561.72
5118340	248274.19
446031	247739.72
1202338	247019.5
5990866	246221.66
8388607	245472.03
5226059	244880.33
460981	244509.28
1213783	244368.3
5997370	244404.28
8388607	244519.86
5229646	244597.44
463929	244528.72
1196796	244245.62
5941619	243736.94
8388607	243058.17
5180813	242323.4
459425	241684.92
1174442	241301.2
5870391	241307.08
8388607	241786.28
5110861	242754.17
449306	244157.94
1147226	245881.08
5824217	247773.19
8388607	249675.92
5098040	251453.72
457480	253014.94
1177976	254329.66
5885876	255421.75
8388607	256358.47
5184309	257225.9
467114	258099.31
1172680	259025.47
5864346	260001.52
8388607	260976.2
5173252	261858.95
467976	262541.12
1163296	262923.8
5830703	262943.47
8388607	262591.0
5092854	261920.36
451428	261044.44
1128883	260104.12
5758013	259248.56
8388607	258596.62
5084598	258209.4
455908	258071.23
1118044	258088.98
5665088	258103.92
8388607	257918.48
4897054	257332.19
429158	256184.98
889854	254259.69
4113073	251587.83
5286386	248243.08
2556756	244379.3
204106	240200.02
539753	236003.36
2120843	231934.94
2296399	228114.58
889983	224498.28
79321	221097.62
358721	217849.84
1215730	214615.97
1167905	211428.19
392823	208342.58
46501	205507.53
263050	203141.86
803404	201590.5
720878	201065.77
229964	201826.28
33864	203877.05
211653	207000.36
601754	210806.73
509016	214947.14
155317	219064.4
27829	222787.72
172475	225845.78
458428	228141.06
369123	229874.14
109114	231396.84
21673	233067.88
140301	235174.3
356614	237845.69
278341	241086.17
81271	244670.16
17141	248145.38
118479	250946.4
290947	252557.61
222395	252706.52
65259	251399.22
14472	248925.58
104395	245825.11
247894	242801.05
188427	240603.1
56564	239802.58
11934	240631.89
92649	242927.31
213265	246187.38
160842	249740.1
49013	252883.44
9884	255069.62
83246	256070.14
186460	256075.45
140066	255688.36
43449	255729.34
8107	256986.47
75436	259962.12
167533	264691.88
126963	270684.8
40500	276946.88
7876	282173.12
72793	285062.1
156278	284685.97
120391	280804.88
39456	273981.38
6799	265516.34
69318	257192.84
147923	250893.72
114521	248154.31
38331	249720.47
6132	255289.42
66632	263509.78
140887	272273.0
109820	279232.53
37509	282379.97
4768	280600.97
61760	274051.06
133706	264250.44
104866	253832.5
36049	245926.83
3950	243366.23
58124	247895.05
127022	259595.95
99173	276684.94
34453	295715.25
3214	312243.94
55026	321825.1
122249	321136.16
95519	308953.44
32719	286685.4
1988	258356.05
45034	229982.02
103839	208456.19
74674	200139.42
21566	209423.45
194	237654.81
23624	282675.22
57637	339123.84
24892	399472.06
-1025	455557.88
-928	500363.72
14563	529614.44
43066	542821.44
14642	543528.06
-4960	538604.44
-1142	536766.0
11102	546575.56
33916	574358.2
6827	622473.1
-8084	688329.25
-1264	764429.25
9218	839458.75
26519	900237.75
-3274	934165.44
-13181	931642.1
-1676	888026.3
1446	804696.06
8069	688989.44
-21017	553033.25
-21200	411675.62
-2226	279961.16
-6536	170636.66
-10677	92128.766
-41008	47426.71
-31234	33983.41
-2834	44669.9
-16335	69513.67
-36944	97794.82
-67340	120136.15
-42265	130099.99
-3203	125080.58
-18597	106334.08
-40817	78185.89
-69036	46713.832
-42697	18177.12
-3156	-2396.2725
-17204	-12202.163
-39534	-11089.29
-67632	-1319.0815
-42471	13168.155
-3077	27825.709
-15490	38608.37
-38223	42838.152
-66431	39691.586
-41495	30197.209
-2931	16828.715
-13647	2796.072
-38821	-8790.564
-67787	-15647.691
-41989	-16797.252
-2666	-12669.582
-9140	-4865.026
-34331	4313.7935
-64828	12483.656
-40237	17740.775
-2598	19087.008
-8781	16598.744
-35591	11298.384
-68290	4831.605
-42449	-1002.2915
-2656	-4687.3193
-9908	-5326.21
-40241	-2817.2815
-72327	2187.6414
-43682	8490.425
-2684	14695.585
-10697	19570.72
-44290	22320.736
-76816	22734.648
-46174	21170.611
-2753	18428.99
-10319	15522.807
-44892	13404.628
-78462	12731.646
-46952	13722.55
-2811	16161.168
-10907	19502.758
-49136	23030.04
-83826	26050.873
-50294	28056.156
-3040	28846.043
-11847	28560.877
-52304	27597.988
-86954	26482.498
-52056	25699.553
-3134	25576.584
-11643	26206.8
-52742	27415.895
-87452	28804.654
-53207	29838.559
-3325	29994.17
-12220	28891.773
-55064	26378.164
-89799	22546.357
-54187	17709.414
-3337	12352.534
-13289	7049.0957
-58198	2340.0488
-92538	-1362.4834
-57004	-3846.6953
-3592	-5103.1245
-16110	-5293.7407
-66261	-4649.374
-100656	-3634.5522
-61482	-2604.4983
-4031	-1841.3032
-22352	-1500.9359
-76941	-1663.2112
-109277	-2196.9243
-66179	-3007.067
-4622	-3926.4858
-30359	-4891.248
-85549	-5787.2314
-115273	-6525.3135
-68912	-7209.58
-5024	-7896.6694
-36490	-8666.357
-92168	-9615.378
-119725	-10880.573
-71563	-12468.729
-5601	-14460.194
-43279	-16737.305
-99337	-19177.986
-124140	-21692.605
-74396	-24272.018
-7640	-26795.832
-55246	-29033.092
-105762	-30816.842
-127605	-32074.61
-76747	-32866.15
-9605	-33221.34
-61757	-33124.93
-107008	-32631.305
-127108	-31857.293
-76844	-30990.35
-11246	-30144.158
-66140	-29338.93
-107664	-28599.541
-126966	-27956.195
-76651	-27467.291
-9208	-27116.84
-60900	-26813.145
-109281	-26484.922
-129164	-26097.45
-76514	-25672.941
-7437	-25201.64
-53829	-24633.682
-107181	-23953.227
-127543	-23190.45
-75825	-22425.342
-7390	-21703.84
-53366	-21022.63
-105570	-20392.914
-125649	-19851.754
-75344	-19464.223
-7682	-19252.125
-53801	-19180.09
-104266	-19217.975
-124492	-19354.795
-74379	-19604.248
-8155	-19943.217
-55245	-20300.254
-103113	-20618.994
-122589	-20874.377
-73463	-21078.875
-8181	-21228.148
-54543	-21286.416
-101381	-21244.34
-120787	-21130.756
-73164	-21011.22
-8539	-20929.785
-55034	-20886.465
-99501	-20888.424
-117528	-20958.531
-71519	-21133.275
-9097	-21412.043
-54417	-21741.314
-94290	-22072.705
-112726	-22378.225
-70641	-22658.03
-9422	-22897.277
-53624	-23051.135
-91806	-23099.395
-110147	-23055.836
-70294	-22968.662
-9994	-22871.176
-53961	-22759.01
-88568	-22638.406
-105952	-22531.11
-68336	-22476.932
-10666	-22489.707
-53234	-22540.965
-84766	-22614.092
-102562	-22711.24
-66422	-22862.674
-10415	-23084.434
-50672	-23363.924
-79239	-23708.889
-95642	-24139.469
-62244	-24694.873
-10258	-25392.12
-46987	-26216.021
-72378	-27157.988
-88989	-28200.965
-58935	-29337.656
-9727	-30538.527
-44926	-31747.373
-69841	-32923.89
-86280	-34032.71
-56907	-35064.46
-9327	-36006.926
-43712	-36839.277
-69794	-37568.145
-86919	-38211.8
-57236	-38814.08
-9686	-39410.12
-44210	-40016.848
-69145	-40664.285
-85726	-41372.984
-56459	-42168.523
-9457	-43052.965
-43269	-44000.004
-67771	-44990.086
-84931	-45989.887
-56552	-46975.387
-9742	-47912.438
-43391	-48757.04
-67549	-49491.773
-84134	-50099.453
-55704	-50583.543
-10252	-50949.137
-43095	-51199.973
-65442	-51363.01
-82203	-51452.547
-55324	-51489.934
-10849	-51484.633
-43988	-51431.008
-65502	-51336.316
-80813	-51190.69
-54587	-50991.117
-10421	-50730.03
-42877	-50395.168
-65609	-49999.562
-82006	-49551.812
-55570	-49076.246
-10745	-48596.273
-43989	-48127.99
-65907	-47704.5
-82852	-47342.695
-55915	-47059.074
-11259	-46854.75
-45397	-46712.35
-67214	-46625.086
-83853	-46570.75
-58456	-46532.04
-11514	-46488.227
-45843	-46413.777
-69036	-46308.69
-85966	-46171.508
-61437	-46013.598
-13154	-45845.84
-48924	-45670.992
-72251	-45509.793
-88793	-45369.227
-63384	-45254.742
-14015	-45160.754
-50659	-45065.445
-73809	-44962.35
-89901	-44833.65
-63992	-44667.02
-14423	-44450.8
-51697	-44170.402
-75309	-43838.79
-92236	-43465.895
-66382	-43070.992
-15032	-42672.71
-53886	-42279.586
-79149	-41917.523
-95017	-41597.64
-69838	-41326.312
-16019	-41100.574
-54892	-40900.98
-81058	-40725.01
-96059	-40558.098
-70863	-40387.164
-15693	-40199.56
-52912	-39975.67
-80907	-39719.61
-94504	-39428.91
-67647	-39102.89
-7648	-38740.07
-29396	-38329.34
-53611	-37874.457
-70101	-37367.69
-70511	-36795.688
-11932	-36155.36
-40971	-35436.473
-33678	-34663.09
-26353	-33851.58
-70990	-33004.57
-20541	-32156.459
-54306	-31330.268
-32524	-30583.219
-13446	-29949.697
-59033	-29430.844
-22959	-29040.547
-60667	-28769.475
-35384	-28631.53
-14494	-28608.004
-62795	-28647.064
-23871	-28721.143
-64116	-28792.186
-37418	-28865.566
-15067	-28927.615
-64977	-28947.139
-24055	-28929.17
-63495	-28871.305
-37386	-28812.586
-15018	-28763.447
-63869	-28707.658
-23575	-28654.69
-62742	-28597.594
-36472	-28565.814
-14725	-28555.283
-62811	-28538.021
-22939	-28515.81
-61164	-28478.51
-35331	-28456.553
-14046	-28444.852
-60309	-28419.297
-22169	-28382.805
-59242	-28325.55
-33278	-28277.223
-13644	-28230.41
-58416	-28165.08
-21579	-28090.793
-58047	-28009.09
-32104	-27963.643
-13256	-27960.156
-56532	-27990.729
-20797	-28068.016
-56933	-28186.922
-31503	-28373.824
-13907	-28609.887
-57777	-28855.938
-19904	-29097.705
-55065	-29312.076
-30989	-29520.354
-14852	-29717.22
-57088	-29890.016
-18690	-30061.893
-53517	-30249.893
-29404	-30509.031
-16824	-30852.414
-59189	-31267.23
-18759	-31755.166
-53931	-32292.775
-28909	-32885.05
-20443	-33493.79
-62567	-34067.754
-18951	-34589.18
-54796	-35037.43
-27722	-35443.508
-17214	-35810.855
-56996	-36137.582
-17781	-36448.688
-51992	-36754.016
-25696	-37093.684
-17327	-37460.59
-54022	-37828.76
-16863	-38191.72
-51766	-38533.34
-24456	-38882.957
-28250	-39238.914
-62579	-39605.133
-16392	-40016.168
-51681	-40491.34
-23864	-41079.23
-43104	-41762.734
-68282	-42500.53
-17141	-43238.914
-52805	-43878.812
-24212	-44341.78
-60113	-44494.457
-69514	-44229.01
-17884	-43478.367
-54687	-42202.39
-23135	-40453.67
-59699	-38284.95
-70347	-35806.91
-20767	-33169.48
-60090	-30514.836
-23683	-28017.707
-58632	-25773.285
-74069	-23851.82
-25288	-22291.67
-67243	-21072.781
-24854	-20189.123
-51262	-19566.105
-76917	-19135.572
-27816	-18854.438
-71933	-18675.504
-26925	-18615.814
-41422	-18660.844
-77116	-18808.256
-29858	-19075.5
-75173	-19448.91
-28530	-19946.217
-38817	-20523.24
-77161	-21123.762
-31286	-21705.156
-78119	-22203.088
-30002	-22608.46
-39584	-22882.598
-79627	-23006.512
-32696	-23002.033
-80460	-22882.705
-31020	-22717.326
-31999	-22531.623
-77114	-22342.145
-33806	-22178.166
-81876	-22033.016
-32060	-21934.04
-37473	-21854.271
-80715	-21760.781
-34214	-21643.783
-83071	-21473.68
-32809	-21275.178
-27224	-21038.508
-76387	-20754.9
-36386	-20445.846
-85191	-20113.676
-32771	-19808.041
-18876	-19536.646
-67998	-19295.572
-37151	-19099.875
-87067	-18939.803
-33656	-18846.898
-29814	-18804.053
-79152	-18784.43
-35369	-18782.58
-86969	-18764.795
-37863	-18744.172
-56069	-18689.193
-87447	-18580.736
-30021	-18429.129
-82950	-18227.47
-42240	-18027.014
-64222	-17841.805
-86006	-17700.127
-27460	-17645.182
-80743	-17684.365
-43110	-17856.855
-64416	-18137.496
-83158	-18490.832
-25270	-18879.201
-79008	-19225.445
-44714	-19496.271
-66053	-19621.084
-81857	-19556.025
-23299	-19296.637
-76152	-18838.338
-45561	-18249.951
-66990	-17577.871
-79444	-16892.344
-21098	-16280.224
-72297	-15793.866
-45798	-15514.392
-67553	-15458.251
-78548	-15629.721
-21699	-16025.338
-73683	-16599.248
-44347	-17341.814
-66474	-18195.566
-78051	-19116.205
-20363	-20077.686
-70242	-21033.447
-43969	-21987.115
-66642	-22901.17
-75964	-23751.043
-10517	-24528.45
-25139	-25205.94
-31472	-25786.854
-68916	-26248.404
-69927	-26592.814
-5733	-26846.31
-11651	-27030.066
-25288	-27196.809
-66628	-27372.69
-67326	-27594.64
-6179	-27899.75
-15563	-28290.727
-25302	-28772.98
-64210	-29303.338
-68001	-29832.809
-9589	-30316.955
-26493	-30686.65
-26660	-30921.285
-62847	-30984.746
-68097	-30887.076
-10851	-30682.793
-32860	-30399.332
-27141	-30123.844
-62092	-29903.207
-68151	-29796.51
-14042	-29857.809
-48920	-30059.764
-26804	-30397.02
-60965	-30795.146
-66594	-31194.232
-13292	-31551.174
-45586	-31782.234
-23274	-31879.77
-60365	-31819.002
-66537	-31636.092
-12147	-31410.158
-41282	-31179.795
-21202	-31035.08
-61123	-31003.885
-65557	-31118.35
-10709	-31393.922
-36596	-31759.09
-19021	-32164.006
-61496	-32496.863
-65457	-32677.873
-10579	-32660.652
-35842	-32377.758
-18139	-31851.438
-63897	-31100.693
-64322	-30217.129
-13342	-29334.412
-42918	-28548.453
-19134	-28000.89
-63269	-27763.943
-65741	-27908.172
-15439	-28475.111
-49866	-29411.24
-22719	-30675.188
-60351	-32147.73
-68568	-33722.02
-15569	-35304.367
-49963	-36759.523
-22667	-38024.44
-57984	-39017.043
-69126	-39714.17
-15388	-40140.3
-50045	-40293.785
-23801	-40245.01
-59703	-40030.523
-68691	-39719.57
-15232	-39395.6
-49901	-39082.14
-24151	-38840.633
-59980	-38669.438
-68552	-38577.125
-14519	-38570.566
-49834	-38591.92
-25493	-38626.914
-59436	-38613.258
-68775	-38522.37
-13865	-38352.977
-49316	-38071.805
-26628	-37720.277
-57040	-37314.312
-68567	-36912.508
-13138	-36595.895
-47817	-36391.08
-27226	-36358.223
-55716	-36486.707
-68597	-36755.953
-13746	-37123.164
-48754	-37464.305
-27160	-37681.94
-56069	-37628.67
-69301	-37196.59
-13074	-36319.664
-46381	-34932.85
-26982	-33077.71
-54592	-30808.775
-68976	-28259.61
-6223	-25606.67
-7389	-23008.975
-12502	-20652.293
-54236	-18656.436
-67229	-17129.246
-12865	-16119.211
-44638	-15591.139
-24678	-15507.39
-56718	-15747.358
-67067	-16208.19
-10291	-16783.793
-30402	-17360.617
-23231	-17894.281
-54771	-18332.69
-66842	-18692.682
-7591	-19014.2
-18928	-19326.182
-20751	-19695.445
-55955	-20137.7
-68063	-20686.48
-6480	-21350.488
-15837	-22082.02
-20401	-22851.127
-53504	-23575.646
-70370	-24206.03
-6957	-24706.365
-14475	-25016.834
-20002	-25136.96
-50190	-25049.125
-70822	-24789.168
-7262	-24417.639
-9094	-23963.459
-16561	-23493.074
-46478	-23028.191
-70641	-22610.94
-7562	-22278.24
-9686	-22009.578
-17087	-21808.416
-46701	-21630.521
-71144	-21461.525
-7692	-21305.324
-10990	-21130.865
-21111	-20958.87
-60709	-20785.367
-67465	-20659.355
-16402	-20638.078
-61685	-20729.287
-40575	-20989.729
-60776	-21406.562
-73371	-21978.68
-14494	-22692.229
-55477	-23457.83
-40181	-24229.693
-53223	-24914.873
-84966	-25458.387
-31833	-25847.146
-79874	-26039.412
-36144	-26086.139
-2947	-26020.78
-28397	-25909.188
-36541	-25822.521
-90979	-25782.89
-45862	-25851.975
-51196	-26005.943
-93706	-26221.805
-31890	-26471.242
-86716	-26666.07
-56704	-26792.54
-64071	-26801.625
-88434	-26702.635
-11391	-26545.936
-14281	-26365.395
-44563	-26236.984
-70151	-26194.67
-79217	-26280.203
-8437	-26504.352
-13353	-26806.008
-45531	-27125.664
-70531	-27356.125
-75793	-27428.098
-7931	-27303.156
-13012	-26956.56
-48845	-26446.709
-71091	-25849.646
-71326	-25302.01
-7014	-24945.326
-12335	-24865.432
-46993	-25122.64
-69415	-25674.31
-69571	-26428.871
-6864	-27231.26
-11935	-27862.14
-44094	-28132.455
-67537	-27864.658
-67618	-26989.986
-6559	-25540.527
-11644	-23626.803
-42751	-21477.932
-66704	-19348.143
-65118	-17531.242
-6020	-16281.146
-10812	-15743.401
-38804	-15979.45
-64442	-16911.041
-63174	-18362.545
-5731	-20080.672
-10573	-21759.553
-35524	-23133.084
-62805	-23979.447
-63865	-24178.217
-6014	-23720.148
-10266	-22684.236
-31245	-21258.46
-60478	-19661.432
-65677	-18129.59
-6502	-16871.033
-10301	-16010.54
-30955	-15616.313
-60956	-15649.595
-66287	-16013.446
-6599	-16564.11
-10520	-17118.713
-32229	-17534.002
-61406	-17684.174
-66065	-17519.797
-6561	-17056.812
-10718	-16347.729
-35116	-15511.842
-60922	-14658.531
-66549	-13913.544
-6899	-13369.716
-11121	-13053.093
-36904	-12965.554
-61519	-13042.573
-69751	-13219.941
-7677	-13433.446
-11414	-13623.879
-39074	-13804.573
-62569	-14023.891
-69972	-14406.725
-7627	-15111.817
-11279	-16281.602
-40652	-18047.414
-63479	-20445.432
-67732	-23428.537
-7032	-26828.121
-11155	-30347.582
-41479	-33637.3
-63135	-36303.92
-68573	-38016.12
-7509	-38546.492
-11468	-37813.004
-42261	-35948.11
-62128	-33254.168
-74746	-30208.086
-9535	-27370.613
-12362	-25279.316
-44696	-24395.857
-61363	-24979.395
-79965	-27072.326
-11334	-30467.707
-12901	-34708.055
-47954	-39202.19
-61581	-43278.53
-85371	-46331.164
-14861	-47911.906
-20506	-47769.516
-54209	-45941.21
-62021	-42695.953
-89899	-38514.496
-17229	-33998.656
-20281	-29730.318
-55981	-26225.52
-61987	-23813.588
-93234	-22623.807
-25714	-22581.291
-53281	-23400.338
-68616	-24722.084
-61293	-26132.424
-96862	-27273.494
-31976	-27910.438
-82467	-27912.488
-80799	-27344.875
-61471	-26360.215
-99623	-25184.154
-33204	-24070.623
-84279	-23188.44
-83166	-22676.596
-60357	-22547.639
-102362	-22724.258
-35630	-23085.29
-88235	-23439.008
-82307	-23660.793
-54571	-23643.238
-106300	-23342.27
-43215	-22804.27
-94461	-22085.164
-78492	-21324.588
-29698	-20634.055
-99082	-20083.646
-60794	-19725.607
-105155	-19525.906
-69561	-19462.857
-5385	-19472.393
-45594	-19461.227
-81938	-19352.672
-118816	-19100.092
-64652	-18742.379
-4069	-18317.643
-46640	-17878.42
-87740	-17479.006
-123061	-17161.646
-66092	-16992.395
-4179	-16978.713
-47312	-17085.707
-82546	-17260.283
-120800	-17435.873
-70829	-17597.049
-4842	-17719.19
-46684	-17775.709
-77581	-17763.492
-118647	-17688.234
-72697	-17611.354
-15251	-17569.758
-87228	-17564.875
-65206	-17615.121
-110097	-17695.68
-77472	-17826.025
-25707	-17999.664
-102068	-18180.293
-66121	-18369.828
-109597	-18537.025
-76482	-18709.658
-20506	-18898.504
-95572	-19078.734
-66978	-19254.088
-109576	-19385.848
-80169	-19484.695
-9797	-19547.275
-58418	-19542.033
-71398	-19461.57
-113794	-19290.643
-79809	-19076.879
-6877	-18864.164
-47484	-18671.72
-75180	-18522.174
-117289	-18426.504
-78589	-18428.977
-6350	-18528.414
-47754	-18699.541
-74072	-18912.254
-117270	-19120.861
-88444	-19331.71
-33160	-19530.941
-111852	-19701.375
-66082	-19881.11
-108396	-20070.855
-94860	-20331.135
-48056	-20685.662
-117393	-21136.562
-57817	-21713.621
-104185	-22369.088
-106136	-23069.451
-66086	-23755.25
-118660	-24371.537
-48822	-24909.41
-91820	-25323.754
-104601	-25659.582
-76743	-25964.518
-116471	-26318.967
-35429	-26850.531
-30585	-27640.05
-85044	-28775.707
-82222	-30311.662
-113589	-32231.291
-28201	-34496.51
-14552	-36984.273
-91906	-39544.61
-112066	-42014.793
-110089	-44227.805
-22649	-46064.43
-13033	-47423.188
-95537	-48273.824
-132048	-48655.19
-105532	-48664.555
-19401	-48449.855
-13077	-48149.242
-91819	-47901.105
-121904	-47815.23
-115424	-47944.04
-43470	-48292.477
-92506	-48768.18
-105355	-49274.0
-43026	-49684.293
-109722	-49823.75
-82492	-49577.516
-113319	-48851.824
-100671	-47653.664
-13629	-46057.67
-49185	-44156.4
-127142	-42091.645
-140242	-40049.164
-97737	-38239.902
-11177	-36838.02
-49082	-35925.168
-108783	-35521.543
-129044	-35586.867
-103591	-36042.53
-16935	-36758.58
-62507	-37537.883
-100723	-38200.14
-121617	-38600.047
-109518	-38674.625
-20585	-38432.645
-60124	-37913.223
-102765	-37227.06
-121655	-36531.26
-107316	-36024.836
-21471	-35889.523
-66131	-36217.688
-96837	-37045.316
-114726	-38328.586
-107529	-39974.87
-35665	-41832.168
-99371	-43673.83
-87774	-45303.656
-106026	-46542.72
-106611	-47301.348
-42242	-47563.438
-103687	-47343.406
-77601	-46746.46
-99425	-45886.867
-109742	-44911.5
-52586	-43942.2
-105766	-43014.5
-72099	-42141.387
-94364	-41261.473
-117115	-40315.535
-93078	-39243.16
-114118	-37993.61
-59046	-36595.574
-76264	-35115.562
-112939	-33709.04
-123936	-32567.287
-107575	-31887.486
-30134	-31849.781
-11139	-32545.299
-84305	-33979.957
-116462	-36066.812
-93349	-38635.15
-18377	-41467.62
-9921	-44308.574
-76106	-46942.914
-107703	-49222.977
-81251	-51090.21
-12331	-52580.418
-9151	-53769.613
-70790	-54781.215
-101130	-55726.324
-74899	-56666.234
-10698	-57593.73
-8826	-58389.707
-68526	-58887.72
-98087	-58889.824
-73941	-58215.44
-11043	-56762.434
-8587	-54503.4
-67071	-51556.39
-96636	-48152.633
-71394	-44607.84
-10067	-41283.785
-8360	-38481.434
-65576	-36442.65
-94564	-35283.133
-68931	-34979.617
-9444	-35396.965
-8134	-36277.797
-64251	-37356.31
-93474	-38377.758
-67433	-39173.523
-8877	-39694.91
-8034	-39968.22
-63124	-40142.426
-91619	-40398.082
-65405	-40938.816
-8351	-41932.47
-7765	-43416.37
-61196	-45351.215
-89739	-47572.703
-62416	-49863.86
-7466	-51991.504
-7577	-53697.355
-59821	-54818.227
-87722	-55259.6
-61024	-55053.4
-7207	-54340.938
-7371	-53282.453
-58792	-52099.71
-86592	-50978.62
-61020	-50083.39
-7576	-49535.316
-7548	-49328.848
-60247	-49424.37
-88512	-49721.33
-66150	-50125.535
-9533	-50567.27
-7987	-50954.473
-63247	-51218.49
-91854	-51324.145
-73932	-51292.055
-13576	-51179.117
-8432	-51010.387
-66820	-50807.547
-96339	-50601.465
-81812	-50455.527
-18552	-50455.26
-8856	-50641.2
-70212	-51037.52
-100276	-51655.87
-88307	-52504.906
-30757	-53577.094
-46565	-54773.484
-86989	-55965.83
-104323	-57003.137
-94546	-57763.582
-41046	-58184.277
-66310	-58197.97
-98332	-57853.527
-107424	-57263.92
-97351	-56628.94
-43032	-56212.457
-67372	-56203.336
-100920	-56776.535
-108968	-57987.18
-100444	-59780.36
-49247	-61997.28
-73729	-64300.34
-107319	-66321.37
-110895	-67665.23
-104201	-68003.07
-60677	-67149.125
-80511	-65017.605
-108828	-61706.484
-104469	-57459.83
-107486	-52642.28
-72634	-47702.73
-88312	-43031.168
-106539	-38953.6
-74514	-35678.51
-104996	-33269.777
-87816	-31694.582
-96171	-30772.51
-102656	-30270.957
-42831	-29951.656
-89588	-29594.121
-108120	-29087.12
-112056	-28359.252
-101121	-27463.627
-26405	-26501.73
-51743	-25582.748
-104137	-24834.62
-113129	-24320.244
-94467	-24094.023
-17407	-24133.842
-35881	-24345.434
-101293	-24623.803
-112707	-24840.56
-94697	-24930.488
-23729	-24846.598
-68364	-24558.316
-98189	-24112.732
-104632	-23563.266
-105877	-23013.398
-60423	-22559.877
-100719	-22230.695
-75396	-22064.018
-88635	-22023.914
-108162	-22081.057
-81773	-22190.062
-105346	-22256.285
-68704	-22228.758
-85225	-22055.596
-105309	-21746.44
-72156	-21342.45
-102219	-20859.076
-68572	-20351.605
-84791	-19864.592
-105166	-19456.9
-74647	-19168.97
-101842	-18973.297
-65965	-18852.303
-82752	-18756.531
-105119	-18665.117
-80152	-18541.623
-102477	-18348.648
-61902	-18122.596
-77675	-17860.258
-107336	-17609.863
-102627	-17422.607
-104492	-17347.94
-56219	-17468.984
-73745	-17802.049
-108434	-18323.41
-112008	-19000.766
-103155	-19785.123
-52079	-20643.297
-71706	-21487.613
-106526	-22234.719
-109620	-22839.004
-102220	-23292.078
-51780	-23662.684
-69589	-24002.861
-104059	-24398.012
-109568	-24959.928
-101149	-25799.273
-49801	-27048.186
-70438	-28748.732
-103014	-30895.773
-100739	-33441.918
-99994	-36283.773
-52717	-39318.664
-70305	-42364.08
-102299	-45238.6
-99537	-47788.805
-98357	-49893.098
-48759	-51523.77
-66308	-52648.863
-98572	-53319.168
-104567	-53632.93
-88115	-53721.773
-28589	-53768.82
-67542	-53881.26
-98462	-54178.69
-101722	-54732.438
-89419	-55560.6
-35478	-56667.723
-74397	-57949.453
-100984	-59307.824
-103277	-60618.43
-95427	-61753.293
-46113	-62629.402
-76029	-63153.387
-102864	-63308.754
-104202	-63113.477
-96734	-62618.695
-49336	-61919.035
-77617	-61100.66
-102555	-60274.52
-104124	-59529.82
-95895	-58893.477
-47031	-58362.816
-77226	-57874.312
-102569	-57354.812
-104614	-56704.344
-95250	-55799.848
-44627	-54551.98
-76713	-52899.344
-102181	-50866.473
-103791	-48539.887
-94055	-46052.59
-42924	-43600.355
-76071	-41391.59
-101571	-39658.605
-103114	-38596.03
-94163	-38320.21
-43921	-38878.13
-76973	-40211.312
-101640	-42200.953
-103239	-44654.73
-94432	-47320.92
-45864	-49949.168
-79051	-52297.72
-102681	-54201.29
-104003	-55560.152
-95769	-56335.56
-48705	-56572.445
-80974	-56359.055
-102758	-55842.066
-104638	-55171.336
-96341	-54465.55
-49061	-53821.145
-81383	-53279.22
-102629	-52863.684
-103457	-52560.6
-94726	-52322.156
-49293	-52108.23
-81980	-51878.145
-101174	-51636.938
-101804	-51408.11
-98825	-51219.184
-72041	-51114.91
-91157	-51134.95
-105097	-51322.06
-104801	-51689.324
-101131	-52206.062
-81190	-52820.004
-96596	-53460.566
-107195	-54066.566
-106536	-54576.676
-102307	-54932.22
-85627	-55103.215
-98449	-55088.27
-107859	-54925.234
-106936	-54661.695
-102249	-54335.65
-81866	-53985.05
-97571	-53633.035
-108061	-53304.355
-106959	-53002.023
-101896	-52702.04
-71172	-52385.855
-90929	-52032.074
-106117	-51652.3
-106584	-51267.824
-101712	-50893.43
-68187	-50559.42
-89398	-50281.69
-105581	-50086.055
-105342	-49974.09
-101721	-49901.45
-76852	-49810.78
-95327	-49623.613
-107586	-49285.156
-107574	-48741.727
-105016	-47959.85
-103941	-46948.57
-106769	-45761.105
-109282	-44508.97
-108064	-43312.945
-105583	-42299.477
-104202	-41587.28
-106812	-41262.84
-109016	-41385.277
-108204	-41941.92
-105916	-42862.684
-104593	-44039.39
-107256	-45336.336
-109099	-46631.21
-108104	-47799.953
-105454	-48745.754
-97316	-49422.06
-103445	-49820.953
-109264	-49989.785
-108108	-49988.965
-103620	-49884.29
-78448	-49750.367
-96756	-49625.375
-108662	-49542.7
-107594	-49500.242
-104231	-49468.082
-85816	-49428.08
-98908	-49332.18
-108332	-49161.387
-107896	-48909.22
-106032	-48580.637
-104879	-48223.883
-107004	-47867.047
-109417	-47544.887
-109435	-47287.13
-107045	-47105.453
-105904	-47018.895
-108229	-47008.633
-110636	-47035.914
-109674	-47069.863
-107963	-47086.645
-107144	-47098.695
-109280	-47114.957
-112252	-47141.79
-111177	-47205.418
-108680	-47332.3
-107883	-47562.918
-110377	-47888.855
-112940	-48281.402
-112334	-48697.48
-110505	-49075.758
-109187	-49371.117
-111214	-49517.91
-113402	-49491.438
-113204	-49288.867
-110659	-48935.1
-109440	-48503.113
-110962	-48070.055
-112587	-47744.29
-111692	-47617.957
-109734	-47757.367
-108879	-48217.668
-110346	-48993.625
-100391	-50065.76
-85487	-51370.29
-108446	-52804.516
-108167	-54284.316
-110284	-55704.875
-94857	-57002.105
-70624	-58123.0
-105300	-59019.094
-107025	-59698.03
-109062	-60165.742
-89909	-60468.145
-62819	-60644.418
-102971	-60707.84
-106255	-60689.984
-108047	-60600.88
-94618	-60462.023
-73480	-60271.137
-104344	-59998.5
-105579	-59630.55
-107607	-59149.86
-101571	-58564.234
-91326	-57875.676
-105706	-57085.914
-105961	-56225.062
-107650	-55335.13
-109210	-54490.637
-108631	-53763.133
-106049	-53223.562
-105622	-52945.777
-107544	-52989.926
-109785	-53411.883
-109050	-54220.75
-107585	-55382.51
-107320	-56834.258
-109710	-58473.46
-112444	-60191.855
-111514	-61858.305
-109993	-63342.137
-109340	-64545.74
-111809	-65402.793
-114369	-65911.49
-113966	-66101.484
-111931	-66035.125
-111280	-65803.02
-113223	-65500.953
-115437	-65231.34
-115103	-65041.656
-112731	-64938.07
-111964	-64888.883
-114037	-64825.438
-116641	-64677.973
-114999	-64353.176
-112802	-63779.113
-111811	-62927.53
-113052	-61817.402
-115157	-60537.7
-114008	-59201.89
-112367	-57948.203
-110844	-56924.543
-112882	-56255.02
-114396	-56039.953
-113361	-56305.19
-111666	-57014.0
-110586	-58079.07
-112101	-59369.332
-114228	-60752.004
-113514	-62078.695
-111265	-63225.5
-110171	-64114.227
-111690	-64713.117
-113996	-65056.344
-112667	-65196.203
-109961	-65206.62
-108979	-65171.016
-110851	-65158.48
-111187	-65232.938
-108261	-65407.26
-104852	-65665.02
-101759	-65972.66
-101787	-66283.09
-102888	-66569.6
-101615	-66797.22
-96877	-66951.45
-66003	-67049.766
-80696	-67110.95
-96661	-67184.71
-96159	-67301.61
-85046	-67480.85
-36067	-67734.08
-66298	-68022.27
-87939	-68310.5
-87912	-68529.56
-76776	-68604.35
-29215	-68476.71
-58186	-68080.24
-81081	-67400.46
-82887	-66436.234
-71699	-65218.06
-25089	-63813.234
-52362	-62281.492
-76274	-60713.152
-79034	-59177.05
-66969	-57731.23
-20796	-56426.617
-46754	-55270.95
-71310	-54272.758
-74935	-53421.51
-62019	-52704.17
-16822	-52120.59
-40936	-51657.707
-65875	-51328.203
-69628	-51151.008
-57321	-51154.082
-14901	-51374.875
-37210	-51825.094
-61377	-52515.367
-65686	-53435.164
-53578	-54555.28
-13965	-55834.97
-34561	-57200.074
-58100	-58581.484
-62629	-59905.883
-50004	-61111.723
-12499	-62161.305
-29967	-63020.418
-50567	-63694.18
-54537	-64200.207
-44752	-64574.656
-11513	-64872.12
-26954	-65133.48
-45994	-65411.938
-49763	-65739.78
-40390	-66136.24
-10619	-66613.08
-24263	-67153.586
-41799	-67743.72
-45167	-68355.56
-37042	-68962.625
-9714	-69548.5
-17230	-70094.33
-30484	-70591.65
-33071	-71041.31
-27821	-71450.195
-7816	-71831.04
-13949	-72188.41
-26630	-72524.27
-29339	-72837.75
-25056	-73123.305
-7845	-73375.664
-13347	-73581.984
-24896	-73732.875
-27999	-73825.17
-23770	-73863.65
-7869	-73862.54
-13396	-73835.39
-24449	-73802.76
-26757	-73784.07
-22853	-73795.27
-8463	-73849.65
-13137	-73945.14
-21403	-74082.6
-20228	-74248.18
-15651	-74425.56
-5877	-74602.97
-8182	-74768.05
-15164	-74920.87
-15620	-75061.07
-13048	-75191.67
-5519	-75318.77
-8240	-75440.55
-15387	-75544.71
-17031	-75605.56
-15534	-75580.81
-8410	-75414.734
-14511	-75037.92
-23054	-74378.445
-24290	-73372.195
-22604	-71970.42
-11931	-70152.945
-18985	-67925.91
-28328	-65331.02
-29381	-62443.79
-27806	-59364.9
-17442	-56213.777
-24842	-53108.824
-34919	-50160.453
-36089	-47460.22
-33169	-45070.754
-21659	-43024.156
-28080	-41315.08
-37256	-39911.516
-38124	-38763.004
-36182	-37808.61
-22129	-36990.285
-30212	-36252.402
-40585	-35554.605
-41389	-34874.273
-39171	-34202.71
-26017	-33544.867
-33562	-32904.53
-43842	-32286.129
-44517	-31689.113
-42315	-31107.21
-29102	-30534.922
-37117	-29945.24
-48238	-29320.252
-49034	-28649.45
-47346	-27936.254
-32531	-27209.123
-41738	-26483.969
-54143	-25795.068
-55122	-25178.955
-52077	-24669.105
-29254	-24297.879
-43584	-24045.979
-58285	-23884.988
-59702	-23768.97
-56511	-23641.76
-31023	-23456.875
-45937	-23148.55
-62310	-22681.334
-63947	-22048.902
-58758	-21275.527
-28865	-20420.59
-47544	-19539.01
-64561	-18700.016
-66135	-17967.26
-60315	-17383.385
-26322	-16967.38
-46096	-16689.092
-64410	-16493.057
-67063	-16304.8125
-60204	-16041.856
-22914	-15635.986
-42766	-15023.237
-63901	-14176.651
-66526	-13109.131
-58637	-11868.332
-20943	-10535.936
-39915	-9191.248
-62140	-7918.954
-64701	-6794.736
-56257	-5871.7324
-18730	-5182.0024
-36418	-4714.0596
-58274	-4438.5083
-61772	-4315.813
-53390	-4302.4375
-16448	-4364.7666
-30497	-4463.0005
-49340	-4571.1777
-52095	-4674.406
-44002	-4761.2544
-13237	-4823.6157
-23710	-4834.761
-40432	-4762.6963
-42548	-4573.3574
-35361	-4233.162
-10877	-3721.2065
-18154	-3024.2131
-31874	-2154.7896
-33328	-1155.1993
-27178	-93.80704
-7589	938.7395
-7559	1849.406
-14319	2549.4893
-12104	2965.8184
-6355	3053.719
-471	2801.8188
5983	2231.6548
2898	1395.2074
2447	361.4762
3186	-794.15594
2098	-2002.823
10781	-3214.7144
9225	-4397.6743
7323	-5541.468
7695	-6653.996
3497	-7752.6533
12991	-8860.069
12619	-9988.407
11040	-11137.605
10907	-12293.251
4873	-13427.29
14258	-14506.678
13976	-15505.2295
12604	-16393.5
12479	-17153.412
5387	-17783.79
14956	-18301.79
15276	-18749.824
14011	-19157.262
13548	-19554.525
5898	-19969.824
16044	-20426.38
16465	-20949.748
15382	-21537.42
14763	-22179.959
6101	-22866.65
16056	-23590.928
17384	-24359.934
16451	-25164.973
15876	-25997.818
6493	-26851.447
17139	-27721.967
18664	-28612.85
17160	-29506.133
16234	-30380.143
6635	-31214.98
17961	-32000.383
19420	-32742.469
16251	-33438.074
14456	-34090.34
5643	-34710.008
12988	-35314.88
11586	-35930.23
8678	-36559.855
8173	-37196.43
3311	-37825.016
9053	-38426.066
7068	-38985.168
4782	-39474.46
3984	-39869.406
1744	-40157.227
6131	-40339.406
1971	-40436.387
-1639	-40463.56
-1281	-40437.625
-136	-40375.574
2238	-40289.035
-2669	-40189.867
-5066	-40071.676
-4552	-39921.086
-1174	-39727.195
1518	-39483.664
-4189	-39199.195
-7046	-38882.742
-6058	-38549.062
-1522	-38218.61
514	-37907.777
-4967	-37628.547
-6864	-37370.242
-6068	-37101.29
-1669	-36776.168
419	-36338.82
-5042	-35737.723
-7151	-34929.02
-5109	-33889.684
-1280	-32628.93
1179	-31187.92
-3636	-29639.352
-5175	-28069.055
-4276	-26562.105
-1060	-25189.166
2141	-23989.168
-2349	-22961.156
-4132	-22054.475
-2872	-21175.695
-564	-20205.488
2875	-19017.52
-1814	-17502.73
-3806	-15585.483
-2366	-13241.15
-368	-10506.82
4125	-7477.8813
418	-4295.193
-895	-1124.0405
64	1870.3007
930	4543.833
7873	6792.8994
7361	8568.27
7213	9878.754
9008	10784.426
4431	11381.47
14850	11777.685
16231	12077.885
15288	12368.085
14451	12702.687
5976	13099.892
17921	13539.715
20055	13980.088
18589	14373.791
17138	14679.72
6749	14873.587
18918	14947.9795
21681	14919.696
20043	14827.952
18892	14722.0
7373	14649.885
19649	14640.437
22539	14704.136
20883	14834.186
19624	15006.263
7791	15185.727
19799	15330.35
22903	15406.2
21369	15401.299
20546	15325.156
8670	15207.383
19968	15084.719
23096	14997.455
21885	14983.6455
20828	15065.316
8676	15241.073
20049	15477.049
23326	15716.218
21901	15892.093
21089	15936.318
8684	15790.598
20221	15410.977
23569	14780.341
21836	13917.713
20531	12870.502
8756	11705.42
20294	10491.614
23841	9289.889
22331	8155.5337
20983	7122.428
9243	6199.182
20894	5366.3813
23741	4583.588
21855	3813.4004
20850	3022.6018
9122	2189.3425
20777	1303.3611
23796	366.91592
22667	-589.22815
22076	-1523.1791
9216	-2390.3333
20472	-3156.9573
24256	-3808.8691
22215	-4333.4097
21526	-4733.6294
9224	-5025.8457
21246	-5240.5054
24934	-5418.45
23459	-5582.139
21691	-5743.707
8815	-5905.4136
20803	-6065.4883
24818	-6222.717
23471	-6358.131
22386	-6451.2705
8993	-6486.865
21638	-6463.302
26395	-6393.967
24745	-6284.2915
23122	-6140.9863
9384	-5971.909
22559	-5790.6763
27314	-5614.925
25321	-5446.259
23879	-5282.0938
9511	-5119.087
23171	-4963.3516
28549	-4827.7446
27248	-4716.5947
25499	-4631.629
10256	-4570.8706
24101	-4534.592
29181	-4515.6655
27388	-4487.931
25641	-4412.4536
10542	-4241.621
24361	-3934.3005
29210	-3453.672
27388	-2769.6013
25933	-1867.6111
10661	-753.0603
24736	536.83325
29981	1950.4153
28214	3421.595
26464	4880.272
10484	6262.3003
25036	7505.2266
30710	8571.055
28093	9440.423
26131	10116.756
9751	10625.649
21668	10995.669
22449	11269.241
17614	11483.25
16490	11668.587
6544	11848.773
18612	12028.369
20366	12209.588
17966	12382.615
18973	12535.743
8162	12662.024
23586	12749.784
28518	12801.954
26525	12822.789
25981	12822.146
10065	12816.427
26101	12810.659
31169	12816.18
28146	12834.772
27137	12864.022
10275	12901.833
27373	12932.4375
33010	12949.949
30046	12945.63
28457	12915.211
10623	12863.696
27560	12788.977
33521	12702.545
30905	12612.327
28974	12526.861
11023	12457.697
28355	12401.804
33674	12363.594
30722	12338.921
29259	12322.481
11320	12313.794
28264	12301.35
33143	12284.891
29819	12261.61
29262	12231.054
11774	12199.329
28365	12162.031
33146	12123.511
29742	12084.98
29564	12047.506
12028	12016.669
27816	11987.328
31389	11961.942
28398	11940.745
29934	11924.472
12862	11918.932
28766	11918.1875
30731	11921.959
28533	11926.958
31788	11929.151
14226	11929.598
30343	11919.257
30151	11897.981
30484	11866.072
37391	11828.39
17508	11800.121
32759	11786.674
27713	11801.316
31141	11850.555
47201	11936.475
23788	12065.548
31781	12225.793
19231	12407.279
26726	12589.663
49122	12753.569
25689	12895.879
34034	13007.194
22262	13094.701
26958	13167.115
47361	13238.701
23900	13336.757
34661	13471.375
23028	13652.715
26631	13872.004
49634	14106.802
25161	14337.658
35954	14526.071
19857	14646.384
24208	14674.171
54531	14599.784
29143	14449.781
39097	14254.998
12427	14073.478
15123	13955.062
60128	13936.798
35546	14056.773
47339	14306.716
10526	14660.965
4101	15046.302
67648	15353.192
43733	15490.956
51954	15358.914
6606	14903.856
-3177	14096.292
73443	12943.2
49018	11538.596
51749	10003.107
-6885	8508.901
-18076	7211.1763
88096	6226.6304
63079	5678.7715
44273	5621.033
-65753	6074.774
-84280	6964.5493
135586	8120.685
119778	9428.582
-183264	10812.08
-969202	12112.905
-1652882	13230.132
-1104490	14103.42
-250385	14732.343
-169267	15110.365
-1120947	15300.925
-2246636	15368.716
-1732477	15384.508
-401342	15468.833
-178363	15586.518
-1134697	15786.62
-2205884	16063.175
-1642110	16394.229
-373487	16795.064
-135966	17148.027
-1036072	17446.467
-1978682	17659.43
-1312679	17773.055
-265047	17823.562
-144732	17786.812
-994372	17711.943
-1916524	17634.67
-1277247	17593.387
-270746	17652.207
-106796	17776.045
-868058	17987.139
-1628268	18263.568
-867121	18569.61
-99364	18860.012
-98607	19090.791
-856542	19232.76
-1685672	19269.766
-1011234	19212.646
-166931	19116.06
-101161	19012.865
-922381	18980.031
-1899108	19075.361
-1234730	19339.998
-242949	19821.838
-102521	20449.47
-928632	21191.285
-1887787	21975.254
-1087884	22730.922
-155547	23420.629
-104482	24005.855
-934689	24514.588
-1925437	24995.617
-1250996	25518.688
-245298	26187.047
-103485	26992.893
-930551	27954.115
-1921902	29014.281
-1246309	30074.857
-244294	31049.383
-107306	31772.396
-935202	32184.617
-1929401	32268.709
-1260174	32087.473
-247383	31812.523
-115857	31579.355
-949731	31595.957
-1938864	32007.234
-1258053	32878.47
-233744	34199.46
-36753	35761.887
-869464	37364.758
-1845876	38747.74
-1134895	39685.977
-171309	40082.188
-113221	39910.383
-945661	39330.26
-1948087	38607.754
-1307576	38075.74
-276022	38096.363
-132359	38843.918
-984486	40405.934
-2015091	42653.47
-1433541	45280.65
-337982	47912.47
-114195	50016.574
-600092	51364.836
-819141	51755.004
-210395	51200.41
39635	49985.746
7775	48594.594
-116727	47620.676
-151895	47617.95
22301	48963.773
44431	51730.973
29351	55601.516
-39034	59859.598
-62707	63436.51
28641	65050.285
30926	63384.055
25679	57284.016
-18481	45955.844
-31084	29102.844
20207	7016.7476
19678	-19419.201
21861	-48810.816
-6760	-79391.3
-13674	-109228.734
16228	-136433.77
13786	-159369.89
19605	-176833.78
8	-188168.12
-7072	-193329.86
12231	-192856.58
10233	-187771.62
18448	-179436.28
3826	-169348.39
-2323	-158954.9
12721	-149451.16
10252	-141633.27
21534	-135820.25
11445	-131838.55
7823	-129111.19
20563	-126785.766
12798	-123916.195
23253	-119660.234
18568	-113439.086
15621	-105069.375
26316	-94788.4
13799	-83208.62
23411	-71204.13
18964	-59734.42
13713	-49682.473
21329	-41688.684
11329	-36052.457
21549	-32714.234
17405	-31297.805
11280	-31239.947
17896	-31920.176
9803	-32795.258
20076	-33499.23
15423	-33866.934
9364	-33919.664
16118	-33771.105
9263	-33523.105
20148	-33180.01
15721	-32591.502
10074	-31488.271
16574	-29551.217
9099	-26536.604
20451	-22411.463
16400	-17433.357
10453	-12186.35
16516	-7489.593
8991	-4234.303
20770	-3165.568
16894	-4640.1294
10382	-8477.481
17060	-13884.853
9488	-19548.832
20126	-23868.719
16293	-25265.625
10142	-22567.58
17154	-15301.86
9948	-3879.7502
20527	10413.834
15356	25664.756
9186	39695.645
17700	50563.465
10575	57010.812
21027	58784.63
14858	56755.438
8542	52714.38
18130	48955.08
11498	47650.805
21369	50182.555
10704	56604.406
4670	65302.87
27269	73049.53
21459	75398.086
10308	67405.94
-185126	44593.734
-395812	3761.5923
-176034	-56010.016
24082	-133049.28
-154146	-223013.73
-1077536	-319517.56
-2428717	-414959.84
-2054787	-501657.12
-521868	-572944.44
-168279	-624499.6
-1073458	-654542.2
-2317296	-664216.56
-1849020	-657171.0
-478031	-638729.6
-135334	-615166.06
-974562	-592218.3
-2126442	-574391.06
-1591463	-564268.2
-402301	-562271.44
-119114	-567153.1
-918789	-576197.25
-2002477	-586183.3
-1417895	-594095.5
-335951	-597736.94
-105156	-596374.5
-868610	-590449.2
-1908798	-581382.6
-1292902	-571262.8
-280278	-562168.8
-89886	-555821.6
-835089	-553001.94
-1867951	-553616.2
-1253862	-556727.3
-266980	-560842.94
-80579	-564504.9
-762041	-566365.06
-1642081	-565819.4
-916721	-562912.9
-104677	-558314.56
-41634	-553140.9
-423851	-548381.1
-707658	-544997.4
-132482	-543491.6
73311	-543789.7
4658	-545352.2
-115743	-547290.5
-153252	-548760.1
4033	-549108.9
27685	-548085.8
5634	-545911.44
-52174	-543122.56
-62189	-540531.75
1534	-538858.9
12883	-538548.1
11299	-539628.9
-21551	-541702.44
-30849	-544053.8
2098	-545864.9
8575	-546463.06
11186	-545547.44
-12338	-543265.0
-20064	-540260.5
3506	-537462.1
7749	-535841.2
13354	-536141.4
-4337	-538563.2
-12628	-542795.5
5183	-547943.5
7612	-552769.5
15183	-556020.2
1694	-556750.25
-6474	-554670.06
8384	-550245.4
8233	-544657.94
16774	-539567.6
6209	-536629.1
-2528	-537184.44
10067	-541747.06
8814	-549814.06
17718	-559906.06
8795	-569773.06
668	-577039.5
11779	-579695.5
8916	-576699.25
18074	-568384.3
10463	-556472.5
2714	-543957.56
13096	-534408.2
9021	-531192.06
18314	-536623.75
12679	-551150.94
4264	-573081.5
13416	-598431.1
9070	-621431.9
18263	-635416.8
13501	-633885.8
5882	-611802.0
14583	-566544.7
9188	-498573.1
18284	-411589.72
14773	-312041.84
7315	-208389.98
15179	-109748.61
9040	-24569.418
19191	40575.258
16173	82026.86
8896	99201.82
15628	94878.836
9234	74366.16
19025	44529.41
16953	12691.3545
9594	-14514.649
15724	-32096.031
9048	-37315.34
19116	-29893.064
17089	-11798.086
9427	13305.745
16154	40839.688
9547	66173.3
19314	85426.26
17836	96088.23
10339	97374.18
16525	90277.52
9500	77332.984
19149	62137.844
17329	48712.33
9955	40796.105
16917	41182.484
9721	51185.23
19378	70314.79
18519	96215.164
11288	124879.914
17486	151128.4
9827	169288.72
19183	173997.81
18434	161008.89
12030	127885.68
17913	74470.734
9388	3044.057
19609	-81869.88
19702	-174033.73
11699	-266297.28
17494	-351549.03
9788	-423670.22
19796	-478340.1
19628	-513558.72
11890	-529801.5
17933	-529788.5
10016	-517912.2
19450	-499430.34
19578	-479574.47
12462	-462731.8
18416	-451839.9
10106	-448093.72
20083	-450991.06
20861	-458686.2
13264	-468556.88
19306	-477857.84
10526	-484321.3
20869	-486591.6
21734	-484415.53
13728	-478575.66
19909	-470603.44
10661	-462354.47
21252	-455553.25
22406	-451411.2
14828	-450396.75
20655	-452197.8
10876	-455866.66
21129	-460100.62
22800	-463579.66
15439	-465280.66
21536	-464693.22
11102	-461897.4
21471	-457494.47
23114	-452419.6
14954	-447690.2
20511	-444155.78
10613	-442307.8
21520	-442192.1
23161	-443434.5
15438	-445366.78
21243	-447212.5
10981	-448283.88
22187	-448141.47
24881	-446679.66
16307	-444124.34
22789	-440950.66
11533	-437746.38
23277	-435059.97
25566	-433271.6
17028	-432515.66
25448	-432670.5
12778	-433411.44
25565	-434308.16
26496	-434938.62
17369	-434990.66
33356	-434326.62
17934	-432999.6
29906	-431221.8
22066	-429296.94
7024	-427537.94
45864	-426141.4
28994	-425299.28
28911	-425006.84
-9571	-425166.94
-48689	-425496.1
21801	-425745.44
23685	-425717.44
-622	-425351.88
-111962	-424532.16
-185894	-423450.4
7501	-422270.3
57452	-421166.25
16549	-420317.88
-119486	-419697.66
-240539	-419511.34
44903	-419711.28
99925	-420153.97
47046	-420692.94
-11852	-421070.97
-73260	-421231.1
72279	-421156.62
62959	-420838.22
37954	-420365.44
-5305	-419766.94
-45311	-419223.9
76703	-418888.6
59627	-418825.22
40131	-419078.7
-1415	-419547.16
-45649	-420184.56
90936	-420904.94
72796	-421552.72
43604	-422023.72
-7064	-422173.2
-68838	-422030.25
100018	-421709.3
88749	-421320.2
45827	-421025.03
-14928	-420968.12
-90261	-421323.06
114469	-422147.62
104566	-423326.12
40824	-424733.75
-32939	-426178.25
-116377	-427437.25
108407	-428390.5
102627	-428907.62
46129	-428986.5
-20816	-428752.38
-106005	-428431.5
122088	-428383.0
109599	-428855.75
47120	-430017.38
-22006	-431883.34
-116447	-434285.6
138800	-436988.97
127756	-439566.34
47074	-441607.1
-35254	-442815.12
-144851	-443083.62
131724	-442644.62
134821	-441849.0
40465	-441200.22
-66587	-441230.1
-198469	-442346.0
124528	-444827.94
151424	-448521.2
36718	-452956.06
-91426	-457444.3
-252672	-461216.16
100263	-463747.16
156944	-464678.28
37981	-464045.28
-97827	-462320.16
-279201	-460299.97
85045	-459073.47
159574	-459513.22
42822	-462146.28
-72979	-467008.06
-231617	-473550.7
102155	-480863.25
156933	-487642.34
46436	-492607.84
-56726	-494854.7
-201832	-494090.34
106423	-490894.1
151828	-486437.72
45230	-482349.97
-51589	-480358.38
-175631	-481822.72
115551	-487456.72
149542	-496872.94
52781	-508668.47
-18459	-520686.78
-128631	-530448.2
133591	-535853.56
152195	-535580.8
56878	-529624.06
-4117	-519481.78
-103837	-507947.34
145583	-498692.9
155868	-495298.7
62694	-500450.16
13771	-515135.16
-74236	-538055.3
164198	-565588.56
159038	-591961.3
67143	-610156.8
30741	-613075.94
-47683	-594778.3
177552	-551747.8
162621	-483550.1
70100	-393236.47
31497	-287073.12
-49821	-173651.9
158259	-62716.83
144924	36457.383
60041	116365.81
22576	172332.53
-47204	203103.9
150673	210733.56
138049	200134.31
60867	177962.78
29994	151359.64
-35811	126750.17
149801	108781.6
131596	99892.9
63403	100141.64
42539	107567.32
-16614	118930.734
146298	130515.14
121096	139102.4
61244	142542.52
42093	140091.47
-12945	132426.39
141271	121257.2
112781	108924.69
55161	97731.45
35323	89425.59
-13328	84887.25
126757	83971.65
97531	85762.08
53582	88817.13
34891	91588.12
-13786	92826.14
106889	91806.516
79143	88540.03
49149	83636.38
40298	78100.21
3786	73047.17
104088	69357.77
73149	67532.336
50800	67523.49
49739	68783.984
18435	70436.62
98881	71465.04
67288	71027.72
52039	68598.77
56146	64084.633
28863	57827.438
102373	50456.875
67823	42778.473
53269	35524.87
57511	29206.879
30274	24031.625
118246	19856.621
80447	16343.561
55245	13035.534
49324	9525.62
5670	5602.1294
141651	1263.469
107879	-3172.3677
53498	-7212.606
20367	-10306.155
-60823	-11965.992
154185	-11987.0
149007	-10359.486
26928	-7358.3306
-104792	-3498.0298
-274486	594.6185
44398	4182.643
122263	6784.646
-12618	8189.023
-252996	8477.014
-466420	7978.447
-58398	7058.808
97948	6280.9575
-36216	6201.8706
-351549	7243.2007
-696785	9597.214
-252656	13018.996
45633	17171.922
-43509	21664.242
-435819	26109.336
-993833	30063.934
-538649	33295.67
-112582	35613.727
-77931	37165.75
-576237	38341.117
-1348552	39441.8
-902877	40908.79
-219913	42987.78
-56802	45816.61
-518738	49264.113
-1342221	53167.69
-892248	57290.547
-184216	61204.402
-46095	64527.324
-495131	66849.99
-1342149	68027.0
-921532	68130.45
-204562	67240.23
-40351	65605.72
-487673	63441.32
-1365100	61130.35
-937363	59142.336
-202654	57597.496
-41251	56601.32
-483242	56099.94
-1331758	56144.047
-849116	56770.105
-136266	57883.516
-32932	59354.94
-439659	60994.004
-1208638	62763.152
-677173	64648.8
-25427	66570.41
-15951	68408.7
-401552	69996.87
-1129503	71259.23
-557471	72149.3
47701	72627.31
-12861	72668.53
-408694	72314.3
-1129642	71716.664
-577656	71091.47
12387	70623.82
-9641	70401.75
-278576	70407.22
-656922	70736.71
-141880	71243.766
157146	71809.555
37864	72225.484
-71064	72387.98
-258429	72212.695
82478	71800.66
177289	71464.81
51195	71530.016
3973	72337.87
-92054	74175.83
116723	77078.05
120401	80977.68
39363	85487.516
1778	90097.72
-46616	94263.09
93691	97462.61
81554	99476.72
38974	100255.46
27444	100114.445
-5599	99660.336
73196	99607.08
52106	100725.586
30931	103449.87
22876	107921.21
-2511	113887.9
46834	120677.0
32920	127413.31
25480	132986.42
20118	136481.19
-1829	137350.31
34926	135474.67
24708	131267.06
23947	125314.25
21442	118382.71
246	111142.22
28679	103858.51
19964	96343.13
23154	87696.96
22566	76694.94
2878	62086.31
26157	42906.6
17933	18948.059
22646	-9204.893
23489	-39898.324
5286	-70597.57
24650	-98373.21
16783	-120405.23
21923	-134845.97
23756	-141191.36
6073	-140633.64
23453	-136137.05
15583	-132002.47
21694	-133370.33
25124	-145123.48
7571	-170939.67
21786	-212539.69
14231	-269114.22
21098	-337451.9
25245	-412192.84
8334	-486684.84
22441	-554147.0
14774	-608745.1
21486	-646739.7
25566	-666926.56
8404	-670767.9
24356	-662056.9
16964	-646011.44
23020	-628363.5
24241	-614091.7
3991	-606542.5
39398	-606981.06
38135	-614451.7
-3687	-626344.56
-215713	-638972.6
-670054	-648522.2
-527236	-652171.7
-177014	-648456.8
-103216	-637546.2
-774754	-620994.5
-2213096	-601212.44
-2109999	-580756.1
-721912	-561547.94
-106432	-544479.7
-759229	-529104.7
-2224297	-513888.34
-2109445	-496815.16
-719018	-476104.62
-87472	-451091.94
-645605	-422626.97
-1882231	-393253.22
-1647812	-366913.75
-572916	-348018.03
-65024	-340785.28
-550169	-347800.97
-1707132	-369174.8
-1421346	-402093.8
-461585	-440895.06
-63612	-477922.1
-531642	-504320.66
-1676187	-512031.75
-1354233	-495063.7
-404737	-450740.5
-56672	-380442.9
-531969	-289179.16
-1670556	-185286.0
-1364504	-78869.414
-424442	19784.016
-54861	101739.2
-524531	161130.73
-1665358	195487.11
-1362339	206096.45
-425858	197418.14
-55365	175925.19
-521492	149130.23
-1655729	123758.695
-1353556	104883.46
-421422	95204.12
-54846	94822.125
-486454	101956.54
-1432851	113245.695
-941008	125016.52
-161571	133886.11
-16461	137598.02
-279807	135385.52
-707367	127869.98
-176151	116861.99
160306	104744.74
6276	93838.82
-175526	85954.94
-373844	81947.914
76471	81708.26
213245	84428.41
56506	88776.56
10095	93282.61
-88619	96734.04
208513	98265.91
227832	97720.88
64450	95364.28
51501	91790.22
9325	87772.06
290769	83925.805
264793	80837.23
80013	78712.73
94514	77526.77
46129	77204.945
233690	77591.65
194774	78688.234
54058	80349.68
40051	82413.6
-21186	84714.055
99866	86929.02
96259	88723.52
39178	89471.92
30962	88584.42
-7137	85778.63
76487	81250.875
63753	75621.6
35691	70070.95
39555	65930.88
6473	64621.035
52773	67376.46
41224	74565.836
27774	85641.305
30881	98833.08
3752	111411.516
37679	119852.01
30655	120616.625
27155	110869.375
35602	88896.06
13634	54743.203
37514	10242.835
28004	-40874.68
26785	-93339.3
35563	-141298.66
14528	-179016.98
36075	-201969.11
26713	-207354.28
26293	-194505.58
37907	-165306.08
19499	-123803.89
37587	-75906.29
25703	-28364.902
25771	12135.485
39809	39622.02
21998	49715.438
38302	39939.387
25913	10204.46
25514	-37241.79
40424	-98255.69
24027	-167210.83
37946	-237808.56
24472	-303652.56
25113	-359004.94
40590	-399537.2
24506	-422770.2
36466	-428450.34
23114	-418480.78
24353	-396634.1
40660	-368104.0
25148	-338654.66
36959	-313926.9
23058	-298185.06
24597	-293898.06
41996	-301200.72
26843	-317834.28
36861	-339512.34
22622	-360840.38
24518	-376324.84
42552	-381518.47
27229	-374063.2
37142	-354536.97
22560	-326577.53
24642	-296638.53
43568	-272857.47
28143	-263624.22
37696	-275995.34
22808	-314094.53
24487	-378063.12
42758	-463458.56
27273	-561549.56
36752	-660418.25
23036	-746604.8
24579	-807216.5
41908	-831901.1
25796	-814533.3
36533	-754253.6
23924	-655601.56
24495	-527852.56
41216	-383519.44
25023	-236419.05
35608	-99625.62
23511	16402.193
24521	105076.95
41195	164280.83
24529	196136.7
35879	206070.3
24030	201449.92
24571	189980.06
40498	178294.55
23861	170909.95
35974	169713.77
24298	174092.75
24557	181500.83
41183	188420.55
23578	191395.72
35673	187913.69
24263	177019.95
24285	159456.08
41086	137441.2
23274	114109.55
35563	92756.695
23968	76143.75
23906	65908.32
40058	62313.81
22793	64300.47
35231	69803.62
23504	76310.875
23311	81414.695
39586	83341.51
22836	81279.6
34750	75446.2
23771	66962.38
23599	57481.156
39389	48775.19
22057	42319.965
34058	38963.54
23320	38813.305
23197	41246.11
38676	45132.258
21154	49140.5
34101	52044.55
24008	53024.84
22910	51782.39
37698	48579.48
20690	44121.324
33329	39344.754
23447	35299.047
22101	32672.734
37252	31700.812
20740	32277.719
33334	33954.613
23249	36076.477
22171	37942.906
37511	38977.59
21286	38864.613
33723	37578.723
23757	35380.5
22124	32715.361
37945	30092.664
22694	27962.715
34364	26609.334
23836	26113.094
22337	26285.63
39241	26944.168
23246	27724.312
35308	28264.65
24365	28321.174
22774	27806.934
40665	26807.533
24823	25380.412
36326	23900.74
24337	22631.512
22331	21776.812
40336	21428.537
25309	21433.021
36326	21779.92
24183	22289.297
22652	22775.596
41931	23091.723
26813	23018.701
37050	22663.787
23739	22097.969
22716	21443.34
43105	20842.139
27196	20275.768
38231	19924.893
24901	19805.72
22983	19883.465
44058	20088.127
28122	20197.648
39493	20229.578
26275	20077.777
24488	19819.43
45698	19447.752
28017	18995.803
46684	18530.566
33522	18060.188
28000	17643.047
46277	17318.67
19595	17117.275
63487	17060.693
55431	17110.701
29705	17166.076
29086	17168.867
-40047	17169.908
75923	17137.176
96210	17140.217
38971	17135.057
29554	17108.38
-94084	17138.027
52542	17175.357
113236	17257.098
38704	17328.68
9790	17367.502
-153659	17447.994
11393	17492.025
103609	17515.654
21759	17491.89
-82487	17431.938
-310304	17418.13
-135916	17384.389
24940	17338.898
12905	17270.6
-84889	17197.785
-331640	17187.219
-150641	17169.584
20261	17141.408
8073	17100.363
-110587	17074.23
-411191	17133.365
-199801	17189.758
24483	17218.996
8576	17226.025
-124431	17233.732
-450248	17306.129
-227959	17347.25
18292	17327.68
15396	17262.879
-87133	17183.756
-389009	17168.803
-133971	17136.75
92081	17082.904
26929	17049.852
-92007	17067.738
-514599	17229.865
-252270	17414.777
90984	17555.168
5905	17676.088
-240492	17810.55
-847363	17927.559
-480627	18088.494
6619	18172.646
-797	18253.426
-263590	18425.938
-982522	18693.25
-656800	19164.639
-61173	19799.16
5303	20557.047
-216844	21270.799
-903218	21913.338
-575400	22499.57
-19375	22959.146
9510	23287.979
-213166	23439.865
-893105	23529.266
-560562	23732.627
-4667	24117.535
4429	24751.188
-204006	25566.977
-839681	26558.377
-540567	27700.324
-15199	28827.283
13645	29795.59
-164671	30406.389
-713626	30656.059
-442407	30650.998
-4614	30397.057
14304	30138.137
-133148	30144.4
-583199	30709.85
-318354	31824.234
35523	33410.25
21268	35338.98
-90806	37366.52
-445498	39251.5
-196535	40603.27
78923	41209.7
32967	41100.926
-44926	40487.367
-335943	39801.184
-76866	39407.375
153291	39733.777
44736	41146.17
-25531	43744.285
-272512	47394.332
-10875	51542.703
187397	55528.69
50581	58709.38
-10027	60516.82
-213417	60700.062
50581	59242.367
209476	56598.016
57949	53581.074
22265	51091.195
-159671	49993.312
77607	50716.152
206818	53283.84
53143	57205.945
10924	61432.047
-155785	64618.574
58942	65241.438
161943	62098.805
37293	54548.195
-21524	42628.113
-180446	27162.088
-20491	9507.976
72758	-8548.593
21489	-25189.086
-13270	-38953.05
-142495	-48993.254
-22750	-55332.37
47371	-58708.746
21880	-60417.438
-1294	-61987.117
-98262	-64771.61
-14661	-69679.125
30488	-76846.72
19083	-85634.87
8222	-94772.164
-63414	-102651.77
-51	-107792.09
28050	-109144.9
18277	-106417.77
12844	-100170.6
-48030	-91696.72
2734	-82780.78
22760	-75210.81
17290	-70383.305
14919	-68952.62
-40579	-70668.45
2695	-74506.055
19209	-78907.29
16216	-82281.96
14246	-83507.484
-39757	-82351.484
1661	-79752.81
18117	-77715.5
15343	-79013.47
11392	-86614.75
-41667	-102994.96
1376	-129539.49
19031	-166019.2
14739	-210466.92
6533	-259364.88
-49878	-308172.6
-1944	-352147.22
17751	-387130.8
12244	-410338.2
-2454	-420844.34
-64043	-419708.1
-8192	-409754.25
17016	-394887.47
11526	-379296.53
-7239	-366569.2
-73619	-358962.44
-15631	-357026.2
13522	-359486.44
7983	-363627.34
-16792	-365935.28
-86319	-362916.34
-18078	-351954.84
14420	-331844.22
6901	-303119.03
-23489	-267956.56
-98200	-229743.23
-25899	-192445.34
11546	-159742.05
4551	-134347.44
-37616	-117502.99
-122852	-108803.85
-38509	-106425.336
5242	-107488.41
-1539	-108742.766
-62251	-107232.77
-172089	-100885.734
-71934	-88941.22
-7525	-71917.46
-3257	-51444.656
-68200	-29818.553
-187299	-9470.303
-67402	7485.1743
8438	19779.441
-134	27156.08
-77449	30356.273
-237862	30882.133
-105004	30513.586
1819	31018.953
-2624	33732.465
-96929	39304.74
-295069	47612.324
-134301	57715.344
6159	68254.13
-4157	77707.67
-114389	84720.805
-358205	88371.68
-182251	88159.98
3544	84239.42
-2576	77242.55
-132116	68145.79
-444081	58094.99
-248565	47984.164
7403	38575.867
598	30334.709
-157769	23460.855
-595580	18030.666
-414609	13787.751
-38374	10526.382
-2666	8093.3677
-182367	6428.6387
-719197	5519.551
-534876	5481.236
-70266	6239.8076
513	7738.411
-184714	9838.926
-749796	12288.506
-550501	14898.696
-69934	17310.754
3267	19297.842
-157691	20721.771
-658653	21531.63
-441987	21875.193
-12192	21865.895
11983	21699.297
-123148	21525.268
-512129	21538.162
-291914	21686.719
30427	21981.754
16871	22334.176
-79952	22588.266
-345608	22691.795
-156278	22508.408
47640	22109.127
18002	21541.098
-46152	20858.287
-237499	20228.504
-86684	19682.957
46190	19390.697
17333	19338.857
-25678	19381.104
-165714	19439.596
-45768	19406.957
42824	19126.852
18128	18637.006
-6944	17792.479
-109326	16627.922
-18926	15269.806
36632	13796.539
17516	12436.616
7214	11282.03
-67872	10442.902
-1570	9780.8125
30942	9196.418
16343	8682.205
16378	8116.662
-41532	7450.228
5677	6523.121
25511	5308.9204
15462	3970.975
20573	2628.6326
-25502	1476.2408
8607	544.4259
21956	-129.24834
15127	-480.97473
23517	-646.5635
-15122	-806.0831
11636	-1351.8198
20671	-2608.6768
14635	-4693.324
25237	-7821.105
-8817	-11940.673
12757	-16836.717
19433	-21986.293
14961	-26937.28
27064	-31290.62
-3337	-34637.59
14008	-36763.164
19263	-37556.242
14794	-37296.867
27565	-36520.914
-59	-35807.344
15273	-35789.258
18983	-36885.586
14581	-39446.99
28966	-43584.297
3476	-49023.582
16491	-55298.7
19186	-61703.613
14229	-67653.98
29793	-72718.125
6288	-76603.86
18301	-79377.49
20089	-81327.836
14411	-83116.64
30441	-85549.17
8324	-89314.44
18919	-94995.625
20029	-102805.484
14574	-112713.71
30951	-124338.58
9771	-136907.28
19809	-149517.75
20171	-161150.94
14686	-170993.97
31226	-178454.97
10938	-183161.83
19799	-185096.4
19673	-184460.08
13883	-181747.5
31468	-177573.6
12837	-172526.28
21045	-167167.06
19008	-161904.08
13261	-157095.12
31847	-152991.62
13971	-149718.77
21031	-147351.33
19421	-145863.19
13746	-145211.34
32291	-145273.34
15112	-145797.86
21788	-146433.7
19777	-146686.22
13677	-146021.42
32059	-143892.77
16586	-139800.98
23314	-133421.31
20564	-124632.93
13678	-113625.71
33350	-100872.79
17975	-87062.734
23398	-73041.86
20547	-59649.91
13378	-47647.043
33402	-37577.254
19380	-29677.012
25142	-23885.8
20991	-19839.35
13650	-17006.133
34980	-14777.108
20804	-12566.4
27733	-9945.749
23466	-6670.2495
14338	-2751.1182
37400	1594.9015
23845	6034.8477
30993	10177.193
26313	13703.505
15001	16384.535
39959	18143.135
26824	19079.15
34704	19404.348
29124	19425.525
16254	19415.998
43608	19580.234
30463	20039.557
38858	20786.305
32799	21741.656
18048	22730.281
47723	23554.572
34755	24072.633
44154	24200.979
37222	23972.629
19431	23462.742
51813	22791.633
39480	22120.75
48224	21580.768
39144	21284.236
20014	21238.582
53064	21377.582
39018	21612.049
43145	21825.72
33182	21944.912
13850	21885.375
29679	21607.84
451	21145.23
-8779	20566.422
-6416	19992.334
2116	19485.617
-608	19093.604
-26471	18841.941
-26243	18720.2
-17026	18725.176
-1161	18772.844
-12031	18788.988
-51276	18731.92
-61290	18579.23
-43556	18379.805
-9669	18127.992
-35860	17843.258
-70109	17561.42
-73209	17310.127
-50904	17159.783
-11786	17072.197
-41684	17005.492
-77690	16933.309
-82640	16829.398
-58366	16744.203
-14024	16634.67
-47657	16469.916
-84019	16256.776
-87055	16005.819
-59990	15817.234
-11179	15666.507
-26725	15502.562
-52751	15317.748
-46341	15097.305
-24254	14954.674
440	14875.277
9696	14773.102
1348	14633.976
11669	14513.923
14786	14385.5205
12079	14388.158
36069	14407.095
22901	14404.005
28364	14411.364
25502	14376.252
15044	14428.45
42426	14447.314
30368	14413.245
35263	14383.362
31043	14350.586
16673	14452.667
45766	14592.081
33756	14757.73
39062	14923.089
33798	15175.093
17111	15457.0205
47896	15644.652
36408	15718.821
41357	15673.377
35164	15617.846
17339	15575.602
49148	15544.21
37671	15594.304
42952	15768.746
35883	16156.259
17048	16729.486
49014	17403.773
37586	18125.2
43041	18812.205
36224	19445.3
16844	19964.17
49290	20327.908
37870	20581.186
42120	20786.11
35377	21067.523
16398	21499.87
49153	22120.773
37350	22961.7
41581	23984.393
35369	25137.348
16539	26301.043
48711	27339.562
37364	28170.2
41628	28741.914
35294	29100.127
16413	29331.652
48489	29564.973
37791	29973.25
42214	30689.686
35464	31807.844
16443	33302.39
48199	35021.523
37034	36726.96
41944	38083.434
35790	38749.184
16296	38397.547
48939	36780.863
37791	33810.42
42018	29540.412
35686	24201.62
15992	18133.766
48799	11730.841
38231	5406.063
42329	-511.80783
36328	-5792.8887
15819	-10362.601
47750	-14300.373
37822	-17775.617
41321	-21032.25
35311	-24292.662
15833	-27729.1
47732	-31426.521
38029	-35336.31
42256	-39326.016
35829	-43181.426
15628	-46684.58
47427	-49672.254
38684	-52046.742
42036	-53833.797
35743	-55143.605
15264	-56163.402
47167	-57111.7
39436	-58146.81
42697	-59348.508
35558	-60649.277
14971	-61849.184
46783	-62644.03
38984	-62643.395
41815	-61474.04
35201	-58820.906
14872	-54513.723
45899	-48575.395
38281	-41202.69
40649	-32780.215
34468	-23798.613
14733	-14806.2
45271	-6339.1865
38129	1178.4003
40459	7451.0283
33853	12367.178
14461	15974.293
45042	18442.664
37779	20046.95
39894	21076.549
33917	21814.318
14249	22477.31
44191	23187.336
37322	23998.215
38487	24876.97
32776	25759.674
13732	26563.56
43593	27206.81
37479	27657.15
39334	27906.79
32719	27998.158
13468	27993.754
43568	27951.639
37531	27938.086
38983	27981.076
32603	28094.117
13356	28260.55
43681	28432.877
37969	28574.35
39008	28637.56
32514	28603.13
13221	28468.205
43242	28238.309
38263	27951.44
39139	27636.469
32249	27334.072
13336	27071.496
43448	26850.834
38150	26678.201
39053	26531.133
32258	26395.283
13319	26252.773
44324	26080.281
38841	25883.545
39331	25660.115
32789	25429.764
13340	25212.182
44214	25014.545
38899	24858.643
39915	24738.252
33354	24653.424
12876	24592.967
43242	24530.55
38800	24461.06
39705	24363.596
33801	24240.125
13534	24096.768
43302	23935.637
38761	23784.62
39590	23649.71
33426	23549.121
13498	23489.938
43728	23460.121
39228	23461.156
39506	23465.988
33464	23461.025
13548	23431.238
43637	23355.428
39040	23239.617
39358	23079.793
33836	22894.412
13658	22706.26
43796	22523.838
39281	22365.025
39308	22238.365
33046	22156.17
13445	22120.994
43785	22114.324
39586	22123.416
39924	22132.816
33510	22140.596
13490	22146.486
43778	22136.3
39257	22104.236
39274	22056.715
33196	22008.594
13376	21971.498
43284	21936.84
39739	21894.812
39136	21843.799
32667	21785.805
13405	21719.715
43081	21627.775
39200	21496.354
39722	21330.566
33303	21146.863
13189	20963.36
42775	20782.576
39214	20609.223
39366	20456.184
33035	20340.004
12286	20267.914
41855	20223.65
39381	20196.943
38883	20172.27
33199	20141.482
13241	20096.014
42198	20018.762
38684	19915.357
38789	19782.06
32835	19633.26
12914	19483.83
41750	19337.121
39056	19213.799
38486	19113.844
32239	19046.37
12594	19013.621
41701	19001.424
38693	19012.979
37914	19031.443
32041	19054.357
12533	19078.693
41320	19091.744
38977	19103.785
38171	19106.965
32125	19108.375
12761	19112.756
41709	19111.957
38861	19117.576
37699	19119.436
31725	19120.98
12539	19123.428
41171	19117.318
38784	19115.56
37704	19111.914
31995	19115.453
12279	19133.438
40483	19160.664
38760	19211.025
38033	19275.055
31933	19354.592
12390	19446.877
40625	19535.283
38590	19623.32
37528	19694.33
32379	19747.65
12577	19783.74
40632	19793.82
38769	19792.67
38113	19776.367
32446	19755.984
11556	19740.803
39714	19726.148
39064	19726.012
37768	19732.244
32019	19748.303
12312	19774.629
40492	19799.105
39028	19830.256
38355	19856.781
32566	19882.1
12409	19908.516
40582	19926.355
39457	19947.041
38296	19961.064
33268	19972.396
12473	19983.582
40264	19984.611
39069	19986.93
37707	19982.22
32194	19976.732
12224	19976.236
39846	19974.248
39253	19984.893
37991	20000.816
32920	20025.81
12225	20060.855
40217	20091.88
39278	20124.271
38570	20142.707
33200	20145.982
12491	20133.95
40532	20096.709
39916	20048.66
38451	19987.166
33041	19924.156
12338	19871.701
40243	19827.74
39907	19808.473
38256	19806.455
33106	19822.098
12487	19851.99
39769	19877.621
39964	19900.176
38468	19902.398
33837	19881.816
12446	19840.557
39937	19772.152
40086	19694.738
38939	19609.75
33530	19531.357
12426	19472.738
40118	19430.848
40184	19418.701
38661	19425.578
33929	19447.72
12459	19479.15
39735	19499.584
39974	19509.664
38383	19493.984
33549	19452.387
12591	19390.021
39860	19302.953
39855	19210.67
38384	19115.443
33415	19030.273
12549	18967.25
40260	18921.693
40393	18905.342
38649	18907.832
33497	18926.574
12318	18958.143
40106	18985.38
40681	19011.965
39145	19024.914
34461	19024.107
12524	19013.309
39973	18984.586
40814	18951.285
39446	18909.031
34001	18864.023
12238	18823.398
40049	18779.812
40796	18745.4
38626	18713.664
33946	18687.945
12102	18673.441
39417	18661.906
40917	18664.342
39126	18673.508
34531	18691.264
12398	18720.139
39670	18747.645
41109	18779.643
38427	18803.367
34481	18815.91
12661	18817.654
39407	18797.238
40695	18765.691
38997	18718.846
34721	18665.656
12213	18619.332
39422	18579.906
41708	18566.785
39286	18579.338
34714	18622.896
12160	18700.744
39299	18797.314
41342	18912.98
39756	19027.494
35023	19129.32
12311	19210.193
39589	19250.662
41496	19255.754
39240	19218.068
35188	19145.059
12504	19051.63
39743	18941.463
41932	18839.404
39360	18751.922
35031	18692.11
12477	18671.68
39481	18682.92
42218	18733.244
40123	18808.377
35793	18900.57
12456	19003.752
39716	19097.54
42424	19183.01
40036	19246.51
35559	19286.863
12496	19308.701
39706	19304.945
42451	19290.082
40129	19262.088
35896	19228.438
12513	19199.18
39549	19168.832
42304	19150.64
39787	19139.61
35396	19138.625
12433	19152.936
39811	19172.43
42774	19205.658
39949	19243.467
35801	19284.729
12435	19330.674
39544	19367.762
42696	19402.025
40048	19423.035
35733	19430.127
12507	19427.193
39447	19405.275
42806	19376.78
40139	19338.531
36127	19296.256
12716	19259.592
39775	19222.535
43511	19197.393
41025	19178.441
36529	19167.047
12933	19166.746
40343	19165.807
43579	19172.438
41088	19179.135
37059	19187.77
13029	19205.264
40277	19224.385
43575	19257.492
41023	19299.502
36674	19352.023
13056	19418.111
40123	19483.55
43846	19551.473
41409	19607.705
36894	19646.287
13073	19666.705
40194	19656.215
43978	19624.83
41626	19569.953
38142	19500.13
13604	19430.34
40578	19360.713
44094	19309.602
41291	19276.64
37564	19265.521
13388	19280.459
40319	19306.79
44783	19346.57
41928	19385.242
38214	19416.059
13734	19438.83
40523	19441.227
44614	19433.342
41784	19412.543
38344	19385.604
13722	19364.861
40494	19346.47
45459	19344.125
42388	19353.676
38850	19375.375
14011	19411.74
40721	19448.22
45044	19489.303
42685	19523.998
38758	19549.752
13798	19570.793
40220	19577.854
45174	19582.217
42413	19580.715
38897	19577.541
13912	19581.154
40911	19583.49
45835	19594.707
43066	19608.371
39611	19624.254
14031	19647.201
40821	19666.137
46211	19690.125
43684	19713.36
39948	19737.498
14156	19769.43
40810	19799.848
46303	19837.734
43649	19876.04
40038	19913.188
14136	19952.262
40734	19979.68
46598	20001.46
43949	20009.098
40577	20002.201
14398	19987.232
40608	19956.31
46733	19922.086
43871	19883.012
41033	19844.076
14416	19815.79
40324	19791.262
46706	19781.117
44043	19779.336
41283	19784.53
14349	19800.256
40353	19812.746
47457	19827.01
44542	19834.262
41567	19832.56
14670	19827.879
41071	19811.025
47866	19794.07
44988	19775.658
41946	19761.395
14593	19763.191
40730	19775.855
47937	19811.93
45263	19867.268
42274	19941.28
14773	20037.047
40661	20138.47
48411	20246.691
45615	20347.582
42574	20432.988
14711	20502.549
40473	20541.363
48439	20556.465
45753	20544.129
42728	20509.633
14673	20467.201
40795	20415.518
48968	20372.338
45829	20340.123
43260	20324.654
15033	20335.543
41128	20362.037
50033	20409.336
46809	20466.598
43643	20527.389
14899	20592.182
41783	20644.867
51173	20690.574
47894	20722.676
44834	20741.85
15414	20757.322
41921	20761.816
51095	20767.236
48388	20770.932
45588	20774.795
15724	20787.197
42846	20797.457
52991	20813.877
50269	20831.145
47643	20849.354
16673	20876.988
44205	20904.143
54894	20940.46
52657	20981.295
50037	21025.857
17951	21080.197
46568	21129.05
57604	21175.77
55428	21209.752
53854	21225.613
19370	21228.588
49415	21205.604
60379	21167.818
59247	21115.457
59126	21055.928
21470	21008.861
53583	20971.36
64646	20960.78
63853	20977.031
66743	21019.828
24906	21096.783
60312	21186.422
71408	21287.941
72789	21383.795
81046	21460.527
30811	21523.531
68109	21552.6
76038	21558.12
82246	21536.775
107226	21489.934
41893	21446.447
76791	21399.729
76633	21370.453
86554	21354.848
134043	21342.768
50713	21357.527
24664	21389.8
-53204	21456.598
-10444	21522.45
131811	21544.908
60161	21546.867
47923	21517.012
-28101	21482.803
-7696	21432.047
150998	21338.525
70521	21252.426
43986	21184.332
-38728	21173.346
-23844	21208.295
162166	21243.953
79441	21311.654
43798	21395.217
-56253	21507.29
-42041	21610.623
179372	21637.312
91781	21624.281
44121	21573.457
-78379	21530.746
-84627	21497.104
179736	21425.719
101096	21379.352
24740	21374.78
-153161	21456.025
-180838	21593.361
152559	21678.36
104416	21728.893
22564	21731.365
-158682	21716.53
-205574	21672.762
132936	21528.137
97056	21355.686
-2606	21209.59
-253003	21185.898
-379841	21308.361
-97087	21496.518
4266	21731.38
-21482	21981.75
-319589	22272.203
-433467	22543.383
29409	22635.678
80640	22577.174
-31429	22422.73
-376721	22311.598
-537991	22317.63
-16635	22494.395
88364	22882.223
-41070	23350.664
-437087	24001.834
-667857	24749.646
-113812	25458.47
60035	26022.855
-87838	26366.096
-525759	26443.404
-675294	26350.96
-115909	26187.904
49581	26114.096
-48759	26291.453
-372186	26780.549
-473056	27685.574
31309	28955.998
99044	30465.58
-33308	31914.021
-364251	33228.348
-517661	34232.883
-75939	34719.734
42079	34742.887
-42262	34492.723
-352279	34304.465
-470732	34469.53
-13259	35127.08
76189	36459.32
-58041	38504.184
-527321	41202.195
-727631	44236.234
-267817	47080.973
-52917	49352.56
-102717	50818.12
-458209	51506.31
-566363	51581.973
-128183	51329.535
12678	51310.62
-95991	52142.55
-539896	54404.41
-764756	58335.414
-222704	63818.086
21727	70402.305
-47040	77330.78
-480237	83611.61
-797589	88414.65
-232531	90957.39
33887	90833.805
-47591	88061.35
-412221	83005.8
-591644	76547.18
-65904	69664.18
52710	63365.113
-2358	58472.44
-161576	55387.66
-179834	54262.0
76843	54772.87
60188	56442.836
27261	58670.258
-55409	60945.598
-38985	62916.12
141444	64468.98
84173	65816.99
48768	67293.72
-19197	69264.875
-25792	71917.83
132738	75147.72
74579	78617.86
44809	81706.22
4163	83693.29
25231	83903.99
152104	81918.92
72044	77800.91
74853	72035.91
77343	65527.844
94065	59371.566
181225	54595.164
80218	51945.363
79996	51556.473
75030	52911.05
77677	54845.164
145600	55764.2
59911	54035.508
53723	48291.93
31944	37847.54
32239	22879.967
86569	4485.5967
31137	-15451.468
-13832	-34675.664
-115861	-51001.547
-169947	-62878.53
-152272	-69778.85
-55262	-72417.37
-117152	-72666.42
-311397	-73285.95
-334232	-77531.414
-284211	-88484.21
-96399	-108498.13
-147716	-138657.4
-396001	-178589.05
-461689	-226622.67
-427884	-280010.9
-140596	-335450.0
-160516	-389466.84
-465635	-438952.7
-568716	-481631.88
-516064	-516103.3
-166177	-541783.2
-168974	-558475.7
-495568	-566098.3
-617869	-564549.25
-562413	-553484.56
-180789	-532416.3
-170914	-500787.12
-500246	-458423.1
-634988	-406112.44
-586234	-345861.56
-189424	-281058.28
-175044	-216108.53
-512882	-156027.36
-652381	-105887.74
-600767	-69926.766
-194413	-50829.855
-177307	-48998.508
-511875	-62436.953
-651029	-87151.62
-607054	-117721.08
-199122	-148291.08
-183021	-173447.5
-508760	-189277.95
-639144	-194245.7
-593888	-189414.44
-195124	-178321.61
-176447	-166159.39
-506637	-158874.81
-641576	-162218.45
-600111	-180604.12
-197644	-216349.38
-178687	-269050.4
-525888	-335648.25
-659068	-411035.0
-595618	-488714.12
-196028	-561757.5
-177656	-623539.7
-514271	-668553.4
-636567	-693100.2
-583057	-695411.2
-194787	-675638.5
-175929	-635408.9
-514549	-577456.75
-631354	-505408.22
-560650	-423307.88
-187480	-335383.2
-171737	-245706.28
-488314	-158076.3
-573756	-76102.21
-511979	-2952.7866
-172826	58722.59
-167642	107129.85
-495179	141568.83
-604991	162357.0
-539672	170967.44
-183589	169833.98
-173676	162187.83
-513338	151704.47
-615419	141792.28
-554588	135240.28
-189652	133772.95
-178454	137967.64
-509526	147343.16
-597156	160353.69
-511952	174892.5
-173734	188691.19
-164338	199839.31
-478817	207224.17
-547102	210454.88
-480039	209954.86
-170931	206675.62
-155524	201802.05
-507788	196532.61
-608795	191504.64
-413145	186704.27
-129492	181460.42
-156980	174545.44
-523172	164645.9
-681344	150478.95
-614442	131208.77
-211620	106626.0
-147585	77279.4
-659844	44491.547
-970618	10072.154
-577617	-23838.875
-169770	-55507.96
-137907	-83605.14
-641749	-107461.055
-911774	-127118.164
-577463	-143054.73
-193207	-156405.94
-139847	-168478.58
-547884	-180301.4
-706534	-192661.45
-543663	-205865.8
-187829	-219796.31
-141540	-233895.36
-505144	-247246.62
-666836	-259196.83
-568708	-269046.38
-197056	-276445.8
-139365	-281359.34
-506184	-284025.94
-660676	-285021.88
-526973	-285171.03
-181445	-285227.34
-136688	-285752.5
-540572	-287002.06
-691862	-289035.47
-505155	-291829.44
-177648	-295062.03
-142698	-298250.0
-575257	-300770.72
-728400	-302391.62
-349044	-302928.9
-65647	-302293.62
-51813	-300702.25
-586587	-298474.97
-1492108	-295984.53
-999867	-293540.0
-239109	-291333.44
-60987	-289733.44
-590552	-288817.88
-1493956	-288532.8
-976214	-288614.1
-225791	-288701.0
-58582	-288719.34
-603802	-288538.47
-1542956	-288108.8
-1044868	-287392.4
-252233	-286402.8
-60109	-285483.6
-607180	-284834.53
-1560595	-284585.88
-1078147	-284654.7
-269412	-284809.7
-62404	-284882.94
-614948	-284538.56
-1567293	-283419.6
-1067462	-281367.06
-261486	-278125.66
-58766	-273818.8
-599064	-268666.4
-1552798	-263020.1
-1052362	-257466.66
-254319	-252384.58
-57072	-248228.7
-593323	-245220.97
-1552140	-243386.52
-1071801	-242740.94
-270568	-242994.02
-64220	-244033.58
-621352	-245617.12
-1609912	-247605.0
-1141600	-249924.97
-301673	-252506.8
-61640	-255474.27
-608482	-258687.72
-1598203	-261882.2
-1134796	-264588.84
-300096	-266122.25
-55836	-265945.75
-579454	-263450.0
-1538021	-258329.08
-1052102	-250686.81
-259974	-241087.81
-45967	-230769.34
-501632	-221079.0
-1289821	-213716.34
-767512	-210109.7
-144646	-211297.1
-34148	-217563.05
-372464	-228296.4
-863614	-241697.61
-329441	-255386.73
29836	-266466.3
2256	-272077.7
-195982	-269832.3
-423524	-258455.72
21101	-237946.48
136105	-209683.34
33570	-176411.58
-76859	-141903.75
-215562	-110461.3
147041	-86403.02
167771	-73192.47
44334	-73032.64
-26806	-86549.63
-114821	-112574.2
196284	-148370.28
170651	-189880.73
57093	-232401.67
16294	-271312.34
-47370	-302608.16
231851	-323530.47
177048	-332833.53
64091	-331003.34
40495	-320219.72
-12836	-303802.38
245539	-285716.2
177878	-269860.78
68347	-259535.5
56369	-257006.47
12471	-262950.16
267568	-276392.7
186564	-294792.72
75278	-314531.1
72901	-331565.5
26109	-341851.72
262819	-342030.6
184385	-329906.1
71978	-304888.44
68712	-268203.56
26473	-222506.42
266748	-171543.16
187631	-119562.4
80098	-70806.13
93861	-29043.26
55639	3132.2712
275020	24517.674
185443	35377.64
90019	37161.31
125748	32032.814
103233	22668.43
310961	11741.655
203778	1557.3663
93840	-6317.6924
136221	-11278.6
116952	-13380.595
324249	-13208.567
211864	-11599.639
100963	-9490.181
155748	-7826.2124
144223	-7176.6846
357463	-7736.8647
236032	-9344.69
106811	-11686.054
161953	-14518.458
139326	-17504.615
344223	-20322.346
228497	-22659.773
100343	-24307.53
146693	-25264.764
118523	-25489.68
344081	-24978.49
244234	-23781.404
96624	-22154.143
120028	-20696.467
62716	-20076.062
303046	-20996.037
228835	-23981.664
83114	-29257.725
86418	-36678.31
10793	-45396.363
222766	-53961.742
174709	-60502.41
58498	-63186.883
37649	-60840.65
-54956	-53268.76
150894	-41739.23
140583	-29175.812
57629	-20085.482
44796	-20180.799
-47121	-35334.613
126172	-70561.38
115919	-128905.5
50755	-210531.16
26589	-312219.03
-65371	-427131.8
81258	-545394.0
82893	-655236.06
48999	-744557.7
34661	-802732.9
-52892	-822086.7
71288	-799130.9
72288	-735224.9
45374	-636542.56
30870	-513209.4
-49589	-377741.7
62608	-243256.5
62643	-121656.11
46834	-22083.104
41830	50061.367
-32154	93728.47
73243	111776.2
65583	110074.5
48604	96359.3
48335	78331.8
-24676	62682.316
76489	53966.2
65975	54170.48
48488	62971.64
49478	77850.05
-24394	95228.04
76983	111454.07
66448	123587.12
47373	129905.984
46221	130132.336
-32457	125431.516
75691	117989.38
68051	110365.984
42224	104811.06
23334	102711.79
-77804	104473.41
48985	109516.03
61546	116479.734
18531	123560.68
-73252	128957.11
-229372	131398.8
-33618	130421.47
43462	126439.72
19853	120533.34
-72299	114170.21
-272810	108936.41
-35174	106149.59
64589	106626.33
5612	110371.1
-160234	116737.266
-463894	124687.2
-197351	132821.77
149	139903.72
-14048	145060.31
-229707	148040.2
-590791	149047.81
-257039	148606.17
-5881	147606.31
-6864	147013.84
-221947	147717.36
-618103	150181.05
-263289	154275.0
12668	159550.86
-2399	165291.36
-208429	170749.58
-616634	175151.11
-226397	177772.52
54428	178327.5
9451	176931.14
-162954	174109.88
-518385	170509.98
-136723	166690.19
90574	163231.67
28019	160524.83
-72671	158738.61
-343892	157658.42
-17592	156699.08
121516	155227.28
35812	152591.69
-29584	148307.53
-232391	142027.02
1603	133615.78
84599	123325.84
35316	111667.68
4123	99418.45
-130614	87335.984
43711	76098.59
77857	66298.086
37804	58267.496
23586	52165.08
-72039	47772.383
56968	44664.605
65465	42356.38
41944	40316.67
47525	38198.234
-22895	35690.234
67726	32689.729
57893	29324.719
43004	25831.922
55931	22603.543
-37	19856.773
71345	17883.98
54924	16722.127
43150	16330.276
58914	16468.83
9050	16902.951
68479	17194.844
50671	17301.016
41793	17189.85
57767	16978.047
9841	16921.594
63016	17350.07
46456	18492.066
41329	20426.105
58668	23115.855
14799	26398.64
62288	29906.8
44814	33260.15
40511	35920.086
57533	37537.426
14929	38035.383
55999	37551.855
39739	36535.094
38749	35451.035
57388	34866.01
17620	35268.664
53944	36839.35
37148	39471.6
37738	42566.24
57086	45301.953
19738	46745.12
53516	45953.043
35863	42288.215
36801	35404.48
57919	25531.885
22267	13430.87
53152	191.3987
34536	-12855.348
36149	-24563.127
58606	-34024.645
23899	-40809.465
51548	-45153.41
33070	-47823.066
35360	-50145.69
58638	-53589.203
25991	-59510.508
51488	-68961.57
31904	-82358.445
34827	-99537.15
59000	-119585.734
26862	-141026.39
51399	-162151.31
31993	-181204.02
33510	-196828.95
58656	-208123.05
29239	-214798.25
52228	-217265.3
31986	-216394.08
34115	-213450.86
60559	-209662.89
30845	-206004.62
52588	-203098.39
32395	-200994.36
33791	-199337.27
60493	-197312.38
31100	-193882.14
52728	-188116.5
32343	-179282.98
33618	-167163.6
60542	-151952.36
31706	-134272.05
52073	-115172.51
31831	-95822.61
32922	-77468.01
59692	-61074.06
31823	-47225.637
51599	-36167.35
31844	-27684.393
32907	-21349.494
58879	-16477.242
31898	-12298.667
51559	-8211.571
32221	-3742.916
32538	1223.8693
59001	6635.651
32691	12306.228
51723	17887.652
32214	23090.787
32593	27595.184
59802	31259.578
34702	34127.49
53583	36316.902
32565	38088.848
32397	39621.023
60738	41096.926
35293	42663.227
53122	44324.457
32400	46053.23
32436	47662.324
60678	48973.21
34713	49858.426
51788	50209.0
31724	50047.645
31562	49395.273
59146	48368.047
33505	47149.406
51626	45899.44
31819	44806.72
30958	43936.043
59206	43312.066
33321	42922.61
50918	42679.32
31236	42517.15
30419	42301.207
59076	41937.19
33929	41387.78
50796	40630.773
31651	39732.414
30163	38724.4
59205	37674.39
33919	36669.535
50304	35753.605
31229	34996.438
30236	34378.965
58240	33880.438
32719	33483.566
49261	33134.324
31094	32830.402
29891	32516.025
57539	32170.0
32043	31804.812
49724	31413.717
31554	31048.203
29796	30694.857
56363	30357.998
30609	30056.025
48029	29771.572
31088	29537.857
29472	29309.861
55616	29060.684
29302	28790.7
46222	28491.643
30683	28225.455
28926	27954.846
54246	27662.158
27374	27366.098
44938	27071.164
29379	26863.95
28003	26699.598
52546	26544.281
25696	26404.537
42189	26275.02
28070	26251.176
27408	26275.12
51668	26283.492
24782	26262.69
40780	26213.934
26974	26256.594
26852	26325.799
50141	26351.1
21504	26320.047
34231	26233.701
22008	26223.732
22580	26225.135
39823	26164.654
9924	26038.91
23919	25851.426
17288	25747.246
22399	25661.385
42237	25524.52
14425	25350.879
27771	25147.225
18803	25048.621
21902	24986.797
40225	24899.564
10746	24805.838
21686	24696.373
15178	24672.61
21373	24665.66
39046	24630.465
9543	24595.355
20772	24553.87
14698	24587.996
20056	24653.322
37049	24727.947
9456	24835.959
21065	24966.914
15119	25171.586
18579	25401.043
32525	25626.959
4320	25850.348
14159	26040.604
10617	26218.719
17973	26337.65
32386	26382.498
2716	26368.895
12866	26289.875
10335	26187.44
16754	26053.547
28563	25904.432
-691	25768.924
9135	25642.416
7309	25551.652
15898	25473.297
27063	25402.574
-1501	25345.615
7501	25282.701
7119	25232.104
15229	25178.89
24490	25133.184
-4894	25117.81
2502	25128.762
3751	25189.596
13782	25281.781
20921	25398.428
-9243	25533.938
-2845	25652.87
529	25748.855
11971	25788.266
16994	25766.203
-12344	25696.576
-5608	25580.936
-835	25457.771
11718	25340.566
16878	25258.697
-12210	25239.324
-6237	25273.207
-2012	25362.9
9886	25471.348
11671	25571.64
-17888	25640.936
-11719	25640.986
-5202	25572.396
9403	25427.637
12159	25233.654
-15294	25032.967
-8322	24848.781
-2769	24723.162
9141	24659.744
8669	24659.953
-22304	24708.229
-16377	24749.756
-7309	24747.104
8873	24646.361
10211	24428.691
-22156	24105.566
-18450	23694.133
-7773	23258.53
7938	22857.146
8674	22564.365
-19179	22438.473
-12723	22481.936
-5546	22678.13
9176	22947.072
14741	23190.836
-10642	23299.709
-3537	23147.77
-14	22662.436
10268	21800.637
16066	20593.848
-11521	19138.396
-7879	17555.307
-2994	16013.989
13171	14662.145
28272	13631.714
6061	13009.224
14026	12792.753
10878	12940.011
15519	13334.468
33118	13837.345
10313	14313.801
17401	14627.7
12593	14712.315
16190	14537.203
34973	14137.223
12536	13601.368
19816	13019.583
14164	12507.379
15760	12138.489
35224	11955.184
13946	11962.368
21076	12098.101
15004	12293.742
16396	12449.422
36976	12481.235
15060	12342.162
21806	11999.468
15496	11484.876
16078	10845.319
36938	10154.984
15319	9501.587
21779	8935.541
15026	8504.818
15920	8206.65
36607	8015.612
15139	7895.081
22525	7775.947
16011	7619.6094
16098	7387.218
36998	7071.317
15883	6699.386
21958	6293.304
15597	5906.246
16094	5568.2275
36958	5299.0767
15641	5105.3667
21973	4945.1157
15913	4780.7695
15903	4548.0317
36896	4193.4927
16912	3691.9636
22746	3022.0103
16339	2217.6125
15874	1324.1328
36795	413.25577
16736	-425.86032
22953	-1136.4039
15771	-1660.1531
15514	-1988.6185
36419	-2143.0718
16914	-2165.7285
22402	-2144.3499
16028	-2150.4543
15318	-2263.55
36133	-2534.1482
17047	-2968.5864
22642	-3559.2764
16118	-4241.949
15220	-4946.401
36794	-5589.718
17713	-6087.1885
23128	-6402.25
16114	-6511.1177
15111	-6448.101
36309	-6279.36
17475	-6086.289
23272	-5982.7617
16811	-6049.6177
15327	-6356.098
36850	-6923.813
18419	-7712.7153
23151	-8656.47
16501	-9627.847
15226	-10496.543
37039	-11130.971
18830	-11413.738
23813	-11295.029
16866	-10759.427
14856	-9868.344
36893	-8730.518
19226	-7476.491
23742	-6267.269
16993	-5223.598
2642	-4437.8887
-34462	-3930.6855
-108462	-3652.1301
-154318	-3516.6729
-118933	-3397.7253
-48007	-3166.4082
-184587	-2641.5232
-260083	-1715.3597
-274412	-355.5091
-173296	1398.6085
-59355	3438.89
-216832	5682.4243
-290564	7969.357
-298517	10122.652
-186971	11980.765
-62068	13420.293
-225009	14451.465
-299107	15090.75
-299674	15389.309
-182729	15427.28
-51376	15295.7295
-169886	15151.751
-213703	15088.636
-188571	15152.932
-106409	15364.179
-23206	15700.712
-75149	16152.179
-107804	16671.062
-92544	17186.809
-49419	17646.021
-4003	17996.629
-13696	18222.564
-38059	18324.582
-33572	18307.814
-19087	18210.633
2556	18071.598
4129	17946.393
-17577	17891.951
-14926	17940.23
-7665	18121.58
5631	18431.16
13254	18845.38
-7779	19322.94
-12484	19794.24
-14541	20202.402
-5344	20487.121
-31997	20625.87
-70039	20627.129
-78943	20521.707
-52871	20379.72
-16002	20278.752
-69956	20322.475
-129282	20582.525
-154264	21076.662
-106957	21770.863
-36291	22572.125
-138327	23399.238
-202461	24130.51
-218576	24650.3
-145154	24883.744
-46928	24813.3
-181312	24553.432
-274238	24241.018
-315307	24032.633
-216243	24059.494
-81312	24400.096
-297137	25145.574
-387019	26226.14
-399536	27482.48
-258016	28683.342
-92236	29591.963
-319649	30120.705
-406048	30200.617
-413034	29879.412
-267213	29303.615
-100340	28703.92
-341416	28439.607
-429157	28742.113
-438486	29726.668
-284889	31326.06
-107547	33304.44
-356317	35398.336
-439803	37195.5
-446141	38319.223
-290027	38506.406
-109459	37709.977
-363269	36244.812
-452403	34567.492
-461346	33277.684
-301606	32960.145
-115947	34049.92
-379341	36793.914
-469406	40939.535
-477356	45788.57
-313109	50223.434
-122276	52869.01
-394822	52411.055
-484502	47624.027
-490432	37691.477
-321530	22349.143
-123697	1991.1666
-396760	-22239.736
-487419	-48801.8
-492295	-75880.914
-324268	-101681.14
-126784	-124662.31
-404013	-143630.72
-493921	-158077.5
-500227	-168098.17
-329904	-174321.81
-128897	-177705.66
-408964	-179187.08
-500608	-179675.34
-506485	-179773.58
-334852	-179697.88
-129876	-179243.89
-411588	-177744.14
-501968	-174444.2
-507367	-168602.47
-335747	-159692.88
-130062	-147524.44
-413766	-132186.39
-505711	-114262.77
-511407	-94659.44
-341001	-74481.63
-132215	-54848.734
-418268	-36606.055
-511766	-20429.924
-517657	-6673.4365
-346077	4619.224
-134887	13680.738
-423691	21058.443
-516704	27273.043
-522312	32800.42
-350564	37969.9
-136091	42934.54
-425998	47793.027
-519851	52382.066
-525352	56412.594
-353369	59512.133
-135128	61303.895
-425476	61593.918
-522441	60177.61
-529152	56952.27
-356976	51911.31
-136061	45161.5
-427477	37050.113
-525364	27911.896
-531501	18129.078
-359946	8078.939
-135354	-1892.7234
-425325	-11380.339
-525526	-20197.23
-531942	-28323.031
-361455	-35932.55
-137272	-43367.79
-429791	-50956.844
-527723	-59181.5
-534379	-68501.53
-364018	-79279.93
-135080	-91687.85
-425426	-105511.59
-523899	-120378.38
-526696	-135703.61
-357656	-150779.9
-126272	-164870.84
-398346	-177186.62
-489301	-187220.38
-485082	-194741.12
-325247	-199831.92
-108786	-202860.25
-350517	-204282.05
-441470	-204744.39
-445385	-204900.89
-304839	-205309.12
-98942	-206347.38
-319714	-208052.84
-383732	-210327.23
-352902	-212922.36
-230946	-215508.44
-49766	-217778.5
-136947	-219439.12
-184572	-220378.39
-180244	-220665.33
-120659	-220511.69
-27461	-220238.98
-82097	-220154.84
-122041	-220541.34
-122536	-221594.2
-82974	-223363.39
-18458	-225763.03
-55886	-228554.94
-89751	-231436.53
-91503	-234106.56
-63108	-236299.0
-13097	-237847.48
-39323	-238678.52
-68589	-238842.53
-70067	-238504.45
-47996	-237882.88
-9026	-237222.97
-26453	-236726.75
-52974	-236542.44
-54973	-236745.31
-37637	-237321.67
-5669	-238189.72
-16611	-239224.1
-40825	-240310.58
-42274	-241294.56
-28857	-242063.12
-3515	-242555.73
-9777	-242777.16
-32474	-242808.6
-33495	-242697.52
-22965	-242525.67
-1856	-242381.39
-4146	-242356.84
-25026	-242546.58
-26032	-242938.44
-17571	-243503.3
-357	-244194.3
1058	-244970.84
-18399	-245816.67
-19566	-246665.42
-13272	-247486.25
703	-248287.83
5039	-249113.16
-13286	-250027.62
-14746	-251066.94
-9498	-252249.34
1814	-253571.7
7573	-254997.62
-9680	-256455.36
-10334	-257845.33
-6274	-259060.0
2391	-260022.94
10149	-260707.19
-6267	-261145.34
-7249	-261437.44
-4122	-261722.52
3036	-262165.88
12121	-262915.56
-3632	-264058.12
-4986	-265604.25
-2606	-267459.03
3649	-269450.3
14055	-271357.06
-1087	-272960.8
-1504	-274100.28
139	-274715.44
3893	-274882.75
15613	-274816.75
1805	-274827.84
1044	-275235.38
1841	-276297.97
4596	-278139.9
18097	-280708.88
4588	-283753.1
3579	-286794.9
3574	-289247.6
5016	-290520.16
20031	-290156.56
6676	-287942.66
5821	-283900.2
5644	-278358.5
5389	-271894.66
20018	-265253.4
8423	-259198.81
7494	-254218.75
5673	-250501.58
5698	-247832.11
22078	-245613.33
10023	-242945.95
9723	-238636.58
7844	-231533.0
6034	-220716.4
23102	-205721.1
11595	-186657.84
10543	-164098.22
9166	-139149.5
6124	-113273.2
23561	-88106.28
12982	-65225.09
12138	-45771.883
9483	-30447.26
6484	-19406.56
24642	-12317.802
14066	-8470.271
13793	-6784.4756
11068	-6158.2095
6836	-5621.089
25561	-4512.9663
15369	-2559.0017
14188	295.0872
11256	3791.3096
6873	7503.144
25918	10926.44
16013	13596.858
15548	15345.617
12634	16171.711
6889	16261.081
26533	15889.43
17336	15338.365
16609	14983.825
13182	15060.866
7320	15658.059
27149	16676.834
18021	17860.605
17006	19026.562
13375	19960.902
7446	20511.1
27678	20582.238
18626	20143.834
17441	19391.078
13940	18535.914
7413	17793.877
27378	17297.398
18551	17057.986
18011	17134.05
14860	17465.596
7659	17936.227
28760	18368.422
20218	18556.875
19079	18480.527
15378	18144.053
7859	17612.47
29020	16955.096
20989	16212.962
20096	15555.418
15858	15079.974
8022	14832.758
29188	14766.351
21305	14742.597
20278	14739.307
16041	14694.561
8089	14563.397
30039	14291.814
22017	13813.243
21256	13233.365
16870	12638.78
8300	12116.582
30471	11698.835
22786	11341.384
21306	11110.781
16977	11007.095
8451	11007.347
31088	11037.984
22936	10977.433
21670	10859.56
17026	10699.445
8552	10527.532
31338	10346.729
24059	10112.148
22913	9917.32
18358	9807.293
8753	9806.613
31779	9880.549
24464	9926.083
23307	9974.475
18534	10017.334
8744	10048.4795
32141	10031.0625
24644	9886.292
23148	9690.814
18880	9492.476
8812	9337.538
31956	9229.589
24809	9109.973
23301	9047.138
18783	9062.295
8856	9158.572
32168	9293.642
25572	9372.596
24186	9425.494
19179	9459.316
8798	9482.686
31748	9478.947
25105	9391.478
24289	9286.159
19354	9203.177
8923	9167.746
32144	9177.819
25391	9195.007
24277	9239.682
19844	9321.824
8903	9439.211
32091	9567.814
25959	9670.748
24463	9746.946
19781	9801.095
9005	9838.579
32821	9854.448
26231	9842.972
24630	9821.808
20188	9812.187
8999	9829.426
31935	9871.229
26121	9928.451
25103	10001.669
19966	10092.952
8975	10198.642
32203	10301.94
26229	10388.164
24999	10453.381
20423	10502.24
8894	10538.99
32133	10557.498
26598	10555.801
25491	10537.492
21029	10513.234
9051	10490.881
32347	10466.646
26753	10441.8955
24719	10420.525
20144	10414.228
8789	10431.881
32091	10470.892
27019	10532.9
25826	10616.961
21216	10726.914
8974	10860.722
32484	11002.424
27214	11141.255
25632	11263.684
20408	11365.887
8939	11444.374
32637	11489.605
27261	11504.9795
25966	11494.457
21269	11474.147
8871	11459.936
32465	11456.571
27524	11475.103
25775	11517.455
21595	11588.889
8985	11687.645
32507	11797.329
27819	11908.609
26471	12005.675
21456	12083.546
8843	12138.99
32826	12163.271
27858	12163.123
26091	12142.839
21366	12118.694
8842	12106.493
32544	12110.755
27989	12143.308
26473	12204.123
21969	12297.14
8838	12419.767
32484	12555.144
28616	12695.05
26763	12822.686
21613	12931.527
8841	13016.559
32411	13066.732
28350	13086.722
26591	13076.212
21565	13047.13
8917	13011.591
32696	12971.906
28393	12940.912
26552	12919.216
22448	12913.787
8833	12927.702
32594	12951.045
28864	12984.416
27167	13017.827
22285	13050.296
8689	13080.95
32534	13100.522
29066	13113.312
27012	13114.748
22253	13110.611
8703	13106.016
32516	13096.338
29166	13089.234
27121	13081.13
22722	13077.071
8848	13081.385
33189	13087.597
29536	13102.614
27361	13121.864
22766	13149.317
8844	13187.733
32948	13228.782
29605	13275.923
28077	13319.8125
23126	13359.628
8813	13393.481
32708	13409.886
29517	13412.236
27178	13394.29
23220	13361.259
8810	13321.048
32687	13273.256
29676	13232.084
27276	13199.712
22371	13185.822
8678	13196.675
32848	13224.854
29773	13273.204
27513	13329.047
22686	13386.643
8644	13439.531
32303	13472.562
29723	13487.062
27545	13475.949
22924	13445.189
8658	13404.329
32314	13355.341
29747	13314.738
27076	13285.828
22719	13277.978
8507	13296.932
31935	13334.039
29593	13390.524
27263	13452.536
23070	13513.691
8778	13568.202
32160	13602.168
29533	13619.338
26938	13614.457
22676	13594.71
8582	13570.247
32264	13542.239
29824	13525.964
27696	13521.885
23024	13536.447
8577	13572.669
32159	13619.992
29874	13679.302
26962	13737.05
22919	13787.873
8664	13828.027
32089	13846.052
29899	13847.858
27615	13829.407
23248	13798.49
8579	13765.115
32104	13729.879
30249	13707.271
27758	13696.776
23257	13703.926
8635	13731.681
31887	13769.659
30010	13819.412
27719	13867.538
23628	13909.374
8615	13941.799
32243	13953.383
30368	13950.077
27684	13927.565
23721	13892.983
8586	13856.427
31796	13818.454
30444	13794.0
27273	13783.004
22848	13791.351
8259	13822.333
31406	13865.896
30138	13923.909
27890	13982.786
23909	14037.398
8539	14084.451
31472	14111.947
30314	14125.471
27843	14120.004
23940	14101.837
8509	14080.313
31243	14055.011
29943	14039.939
27834	14034.089
23693	14042.989
8409	14070.774
31460	14108.793
30294	14161.344
28031	14218.013
23953	14276.656
8387	14336.445
31328	14386.996
30964	14433.637
28082	14469.311
23948	14496.027
8621	14517.115
31492	14525.325
30066	14528.365
28001	14519.941
24492	14502.185
8586	14479.145
31262	14444.695
30690	14408.459
27609	14367.197
24118	14326.373
8655	14292.983
31473	14262.6
30468	14244.839
27891	14234.332
24733	14232.09
8709	14239.436
31048	14246.263
30591	14256.756
28194	14261.971
23866	14262.054
8663	14259.26
31254	14246.399
30311	14232.145
27763	14211.943
24158	14189.141
8684	14168.34
31201	14142.887
30294	14120.939
27259	14096.832
23889	14072.635
8632	14052.789
30769	14031.572
30247	14018.476
27808	14009.735
23841	14009.105
8484	14020.907
30426	14037.519
30272	14064.674
28056	14092.932
24654	14119.82
8787	14144.523
30960	14156.422
30948	14161.174
27713	14153.387
23770	14137.6
8708	14121.635
31209	14103.637
30849	14096.624
28116	14098.531
24438	14112.602
8561	14141.393
30769	14173.845
30711	14212.463
27812	14245.732
24356	14270.463
8573	14287.462
31022	14289.497
31346	14287.264
28236	14280.076
24651	14275.637
8578	14283.104
30594	14298.507
31096	14329.541
28533	14366.841
24740	14405.396
8883	14440.287
31841	14455.229
31629	14451.475
28738	14420.0625
24356	14364.017
8359	14293.086
30964	14209.893
31944	14134.198
28657	14072.482
24834	14035.845
8516	14033.372
30805	14057.733
31073	14111.238
28236	14178.235
24696	14247.818
8359	14311.306
30884	14350.565
31805	14367.128
28773	14354.254
24855	14317.51
8585	14269.116
30726	14212.68
31629	14167.516
28362	14137.792
24816	14131.022
8594	14152.878
30468	14193.241
31107	14253.364
27767	14318.732
24520	14380.776
8253	14434.86
30368	14467.364
31689	14483.409
28647	14478.109
25144	14456.634
8431	14428.975
30604	14394.349
31746	14367.052
28186	14346.513
24733	14336.8
8216	14342.209
29709	14353.855
31461	14376.314
28553	14400.075
24926	14422.274
8253	14443.561
29410	14454.05
31352	14460.268
27661	14457.037
24583	14446.348
8891	14433.731
31292	14413.679
32118	14395.76
28404	14375.768
24966	14355.279
8426	14338.146
29906	14316.297
31374	14296.237
28008	14271.422
25284	14241.648
8560	14210.7
29818	14171.776
31469	14134.158
27935	14095.126
24624	14058.865
8455	14033.1
29375	14014.048
31714	14011.947
28354	14023.235
24879	14048.794
8349	14090.99
29807	14139.035
32020	14195.952
28385	14251.445
25039	14301.263
8409	14345.176
29598	14372.762
31487	14390.307
28004	14393.111
25049	14384.21
8448	14371.089
29499	14350.58
31996	14334.223
28511	14320.354
25268	14312.096
8528	14314.824
29400	14320.98
31560	14336.909
28392	14355.663
25066	14376.291
8485	14401.472
29049	14423.228
31537	14449.229
28036	14475.331
24924	14503.626
8417	14539.66
28931	14577.178
31779	14623.57
27978	14672.608
25196	14722.139
8876	14772.282
29889	14810.766
31901	14840.369
28568	14851.557
25199	14842.256
8533	14816.018
28634	14767.48
31530	14708.708
28620	14641.545
25179	14575.002
8338	14522.164
28884	14483.512
31907	14471.827
28079	14484.448
25216	14519.982
8374	14576.838
28746	14638.51
31973	14701.284
28468	14748.886
25934	14771.725
8525	14767.624
28431	14727.182
32058	14660.823
28582	14571.916
25399	14472.927
8283	14381.977
28726	14305.339
32274	14261.511
28856	14252.397
25553	14279.6
8438	14342.393
28409	14423.161
32297	14515.211
28329	14598.601
25322	14659.132
8376	14690.228
27958	14678.97
31515	14632.961
28082	14553.788
25101	14453.345
8314	14350.233
28166	14252.245
31995	14180.384
27781	14140.29
25039	14137.188
8268	14175.136
28221	14241.105
32065	14332.641
27753	14433.084
24895	14529.8955
8223	14615.772
27882	14674.179
32233	14706.7295
28584	14707.342
25474	14678.288
8346	14628.824
27803	14558.957
31860	14483.84
28133	14407.155
25113	14336.645
8350	14282.639
27794	14242.057
32180	14224.158
28428	14224.632
25254	14242.044
8191	14277.467
27494	14318.792
32148	14367.193
28018	14412.461
25229	14449.189
8371	14477.167
27385	14486.592
31989	14483.736
28282	14466.176
25367	14438.16
8356	14409.793
27417	14380.31
31595	14363.049
27904	14358.472
25492	14368.791
8509	14397.758
27624	14434.284
32310	14478.429
28165	14517.554
25074	14543.193
8280	14552.394
27547	14533.486
32212	14492.891
28134	14430.192
25483	14353.137
8362	14276.984
27119	14206.53
31824	14159.998
27988	14141.743
25863	14155.88
8443	14206.33
27289	14279.83
32463	14372.864
28428	14468.273
25625	14552.241
8543	14617.0205
27218	14647.014
31943	14645.658
27599	14610.547
25698	14548.427
8554	14474.448
27073	14394.13
32249	14326.435
28509	14276.925
25943	14251.197
8513	14255.231
26970	14278.733
32509	14321.756
28226	14371.485
25252	14418.834
8258	14460.747
26818	14485.394
32297	14498.488
27919	14498.298
25196	14489.439
8263	14482.616
26826	14476.791
32421	14483.064
27971	14499.199
25092	14523.392
8344	14555.788
26791	14582.855
32491	14604.153
28310	14609.368
25546	14593.875
8371	14560.931
26543	14505.182
32572	14438.086
28139	14362.721
25849	14286.389
8482	14221.083
26819	14165.23
32208	14128.9
27814	14108.506
25896	14101.228
8328	14107.887
26189	14116.512
32348	14129.104
28083	14138.681
25329	14143.236
8323	14147.701
26671	14146.959
33303	14150.406
28843	14157.506
26378	14169.536
8411	14191.977
26793	14216.184
33044	14245.668
28458	14272.506
26528	14291.866
8622	14305.208
26226	14303.419
32620	14292.996
28505	14272.345
26078	14244.764
8627	14219.831
26096	14195.106
32408	14180.751
28467	14174.957
26523	14176.597
8740	14188.025
25816	14198.145
32638	14208.309
28701	14210.808
26204	14202.167
8537	14186.779
26195	14159.752
32746	14131.905
28811	14105.474
26365	14085.728
8654	14082.478
26069	14091.269
33110	14117.981
28426	14155.688
25970	14197.461
8517	14240.495
25547	14270.201
32437	14286.864
28702	14283.977
26453	14261.434
8878	14228.539
25873	14185.742
33047	14148.203
28968	14121.256
26326	14110.885
8895	14124.943
26348	14155.317
33669	14202.899
29317	14256.129
27086	14304.234
8998	14342.887
26010	14358.218
32932	14353.515
28499	14327.331
26476	14284.643
8984	14239.596
25960	14195.581
33455	14168.12
29218	14160.425
26663	14174.061
8798	14211.205
26060	14257.7705
33389	14309.768
29433	14352.948
27469	14376.546
9089	14378.813
26191	14350.634
33720	14300.878
29187	14233.491
27438	14157.075
9171	14087.436
26161	14026.852
34244	13987.718
30009	13969.59
27186	13970.125
9156	13989.673
25848	14014.571
34021	14044.143
29719	14070.243
27275	14088.911
9179	14105.061
26091	14113.9375
34418	14125.105
29740	14139.158
27578	14156.884
9348	14182.844
25940	14206.888
34269	14229.482
30026	14241.361
27868	14235.46
9454	14213.563
25999	14168.93
34316	14111.902
30004	14048.231
27496	13988.128
9284	13948.628
26021	13933.317
34460	13954.931
29694	14012.566
27973	14100.648
9268	14215.134
25737	14335.468
34330	14452.166
29996	14548.065
27666	14610.626
9183	14638.915
25984	14625.415
34859	14580.901
30346	14512.376
28089	14430.527
9488	14352.823
25740	14282.813
34430	14233.193
29779	14204.156
28217	14192.814
9468	14199.837
25423	14212.009
34198	14228.424
29963	14241.447
28005	14246.991
9454	14250.352
25624	14247.037
34963	14246.331
30736	14249.547
28093	14257.887
9407	14276.957
25789	14297.474
35029	14320.247
30336	14336.805
28159	14339.445
9512	14328.568
25051	14295.414
34085	14247.129
30548	14186.574
28428	14121.232
9660	14067.156
25517	14028.231
34694	14019.095
30501	14042.864
28152	14098.932
9529	14188.273
25296	14295.1045
34619	14412.419
29888	14523.954
28084	14614.871
9691	14680.038
25651	14706.4375
35206	14698.647
30741	14658.789
28946	14593.9795
9870	14521.174
25107	14445.689
35348	14383.889
31109	14341.884
28965	14322.56
9966	14331.679
25105	14359.251
34715	14404.68
30160	14458.735
28513	14512.933
9669	14567.583
24918	14612.586
35140	14652.353
31045	14685.967
28540	14714.268
9658	14745.046
24877	14773.193
34601	14804.347
30237	14835.12
28227	14861.169
9649	14884.701
25142	14896.167
35259	14899.044
30303	14891.597
28280	14874.149
9736	14856.036
24835	14835.508
34714	14822.698
30441	14819.501
29114	14826.091
9977	14848.047
24806	14876.433
35109	14912.256
30848	14948.713
29039	14979.345
9894	15006.2295
25060	15020.819
35519	15028.267
30728	15028.471
28914	15021.921
10153	15016.724
24833	15007.985
34928	15001.43
30595	14994.279
28651	14983.124
9894	14971.714
24537	14952.147
35004	14929.994
30268	14905.981
28663	14882.295
9904	14869.824
24515	14867.22
35124	14883.273
30303	14917.286
28618	14964.529
10013	15024.323
24505	15080.881
35530	15128.832
30593	15156.667
28063	15155.505
9762	15128.4
24406	15071.609
35141	14998.592
30474	14920.275
28665	14848.995
10230	14803.657
24548	14787.663
34983	14810.33
30096	14867.671
28788	14948.685
10257	15045.067
24115	15134.194
35488	15205.582
30498	15246.522
28668	15249.361
10251	15220.94
24211	15162.755
35143	15092.402
30968	15022.884
28557	14965.894
10033	14936.333
24032	14931.426
35384	14953.232
30811	14991.966
28309	15033.61
10096	15070.958
23853	15087.248
34866	15081.6455
30313	15053.322
29016	15006.796
10416	14959.103
23763	14917.806
34463	14900.949
30152	14916.734
28666	14966.534
10126	15052.549
23604	15158.585
34733	15274.742
30156	15382.858
28761	15464.882
10204	15514.671
23757	15520.063
34863	15487.1875
30456	15422.264
28637	15335.464
9882	15246.816
23591	15163.525
34911	15100.828
30896	15062.964
28931	15047.8545
10041	15056.191
23795	15073.238
35066	15094.123
30412	15108.674
28909	15108.406
10131	15096.43
23605	15067.699
34970	15031.925
30259	14994.605
28658	14960.414
10253	14940.802
23343	14932.756
34994	14941.663
30432	14964.434
28963	14994.777
10284	15033.751
22940	15071.196
35105	15108.84
30526	15144.59
29044	15176.374
10384	15211.159
23235	15244.168
35149	15280.604
30469	15318.507
28721	15352.648
10304	15384.476
23344	15402.736
35179	15407.492
30743	15394.491
29171	15360.313
10592	15312.378
23406	15248.893
35652	15180.988
31287	15115.196
29274	15056.298
10503	15015.472
22951	14989.756
34959	14983.905
30588	14994.273
28739	15013.517
10234	15041.337
22680	15065.358
35299	15085.098
30958	15096.462
28966	15095.941
10623	15090.107
23016	15075.415
35138	15059.94
30504	15046.166
29178	15034.044
10699	15030.76
22988	15030.3545
35012	15036.508
30236	15046.764
28786	15056.482
10516	15069.728
22670	15079.211
34494	15089.258
29760	15099.416
28434	15107.595
10455	15119.835
22246	15130.219
34751	15142.733
30558	15155.454
29088	15164.034
10751	15172.222
22393	15172.55
34549	15168.585
29947	15159.294
28266	15142.51
10363	15124.975
22359	15102.252
34986	15080.28
29836	15059.827
28494	15038.672
10661	15021.946
22047	15002.9795
34213	14985.211
30011	14966.871
28574	14944.625
10614	14923.977
22185	14899.824
34647	14878.059
29829	14859.91
28147	14844.334
10330	14838.196
22158	14835.978
34803	14841.646
30339	14853.432
29009	14866.727
10469	14885.377
22141	14901.605
34258	14918.904
29401	14936.586
28366	14951.763
10633	14970.498
21919	14987.462
34738	15007.006
29701	15028.106
28480	15045.994
10500	15063.7705
21735	15072.484
34359	15073.787
30281	15065.406
28359	15044.223
10281	15017.152
21899	14981.618
34751	14946.564
29894	14916.938
28494	14894.59
10438	14888.506
21527	14894.158
34139	14914.562
29710	14945.613
28730	14978.591
10718	15012.89
21584	15036.791
34240	15050.149
29848	15050.825
28853	15037.1
10747	15018.913
21545	14996.751
34967	14982.362
29594	14982.914
28781	15000.394
10658	15042.501
21234	15101.669
34196	15176.525
29235	15258.07
28678	15332.14
11038	15393.38
21343	15426.668
34154	15429.867
30162	15400.756
28859	15339.315
10798	15258.553
21379	15163.689
34734	15071.529
30026	14994.699
28803	14940.57
10969	14921.554
21128	14933.774
34485	14977.781
29520	15045.363
28346	15121.427
10887	15197.986
21099	15256.109
34311	15288.787
29910	15289.04
28929	15251.541
10908	15185.28
21079	15092.716
34360	14988.859
29529	14886.385
27949	14794.14
10664	14727.196
21206	14685.6875
34746	14674.69
29969	14690.961
28642	14724.349
10952	14771.204
20903	14815.864
34128	14853.187
29419	14876.86
28695	14879.985
11147	14868.367
21163	14839.631
34258	14802.845
29537	14764.215
28688	14725.999
11031	14697.757
20859	14676.104
34479	14664.558
29571	14661.322
28160	14659.87
10637	14662.3
20294	14660.691
34085	14657.321
29850	14652.614
28708	14644.974
10806	14642.62
20370	14642.613
34220	14650.53
29551	14667.237
28214	14688.327
10854	14716.204
20259	14741.125
33792	14761.809
29044	14774.042
27664	14771.143
10908	14757.05
20202	14727.252
33698	14688.528
29256	14646.037
28119	14602.401
10863	14568.946
20063	14545.237
33178	14538.126
29081	14548.295
28083	14570.3955
10595	14605.452
20117	14641.978
34138	14676.829
29244	14703.974
28132	14714.919
10934	14712.349
19849	14690.9
33762	14656.955
29189	14616.104
28081	14571.8125
10891	14537.006
19687	14513.087
33446	14508.323
28696	14525.14
27799	14558.61
10678	14609.544
19779	14665.246
33760	14720.316
28976	14766.448
28213	14792.254
10952	14798.367
19924	14778.077
33877	14737.509
29032	14683.511
28188	14621.232
10804	14566.168
19624	14522.508
33412	14500.982
28847	14505.987
28094	14533.736
10991	14585.511
19620	14648.6
33230	14717.074
28583	14781.643
27838	14829.889
10794	14860.975
19407	14866.937
33111	14851.936
28493	14820.508
27005	14775.238
10539	14728.382
19388	14681.618
33371	14643.78
28479	14619.037
27431	14604.591
10895	14604.4
19302	14610.477
33432	14622.153
28506	14636.174
26598	14645.573
10278	14653.137
19003	14652.535
33086	14647.302
28656	14639.442
27403	14627.45
10754	14619.117
18883	14611.669
32646	14610.25
27793	14616.73
26774	14627.6455
10718	14647.272
18674	14668.679
32401	14692.141
27647	14715.092
26976	14730.106
10671	14739.087
18641	14734.668
32783	14718.952
28332	14693.489
27229	14657.036
10624	14618.724
18486	14578.36
32193	14543.865
27578	14519.981
26397	14505.208
10366	14504.87
18614	14511.68
32531	14524.354
27916	14538.263
26688	14544.094
10721	14542.068
18408	14524.456
32816	14493.738
27894	14453.138
26675	14403.09
10576	14354.122
18216	14306.694
32489	14267.832
27884	14240.618
26604	14221.209
10593	14212.63
18366	14206.59
32126	14202.8
27538	14199.519
26604	14192.167
10801	14187.092
18243	14182.292
32778	14184.236
27936	14197.517
26214	14220.2295
10423	14256.847
18279	14298.715
32381	14342.524
27331	14381.526
26484	14403.942
10669	14408.487
18234	14387.397
32342	14344.73
27028	14286.94
26419	14218.702
10557	14155.86
18188	14104.022
32403	14074.397
27311	14072.813
26064	14095.462
10367	14142.93
17886	14202.246
31516	14266.538
26858	14327.073
26104	14372.023
10726	14401.584
17593	14409.847
31479	14401.905
26279	14383.596
25565	14356.087
10532	14329.403
17455	14301.866
31184	14277.247
26517	14255.492
25447	14230.036
10249	14203.065
17478	14167.669
31395	14126.284
26672	14081.98
25726	14034.554
10502	13993.463
17419	13958.536
31440	13935.827
26834	13927.684
25477	13928.812
10236	13940.606
17202	13953.435
31011	13964.939
26418	13972.3
25749	13969.109
10556	13960.433
17122	13943.743
31629	13924.756
26763	13908.265
25736	13892.596
10694	13883.037
17237	13873.156
30771	13862.149
26288	13846.84
25612	13819.145
10221	13781.999
17116	13731.586
30584	13674.634
26376	13618.9795
25428	13568.866
10294	13537.26
16948	13525.482
30892	13538.2705
26056	13574.528
25094	13623.168
10239	13678.622
17126	13724.242
30952	13751.705
26048	13754.711
24926	13726.62
10134	13675.441
16733	13605.016
30539	13530.26
25884	13466.262
25122	13421.157
10443	13408.302
16892	13426.09
30896	13473.628
26224	13543.413
25157	13618.516
10170	13689.627
16706	13739.555
30744	13762.2
26252	13755.953
25636	13719.463
10526	13665.784
16715	13602.074
30683	13543.307
26129	13501.993
25063	13481.316
10383	13488.3
17014	13515.523
31360	13557.776
26193	13606.731
25054	13647.814
10386	13676.985
16644	13684.485
30913	13671.599
26149	13643.182
25329	13601.772
10499	13560.392
16572	13522.6
31146	13496.843
26054	13487.844
25555	13490.534
10258	13506.086
16516	13523.768
31033	13538.798
26144	13546.7
25157	13539.022
10311	13519.139
16673	13483.912
31255	13439.158
25762	13391.685
25087	13341.893
10324	13298.188
16363	13257.63
30626	13221.684
25791	13189.543
25079	13153.421
10356	13115.043
16350	13068.154
30606	13015.486
25749	12961.815
24779	12908.067
10160	12865.514
16057	12836.019
30372	12826.473
25276	12840.575
24614	12872.324
10207	12921.243
15826	12974.937
29931	13026.098
25413	13067.289
24178	13087.438
10165	13087.68
15991	13064.459
29923	13025.013
24925	12979.497
24547	12933.607
10040	12901.854
15834	12887.598
29892	12896.608
25127	12929.759
24218	12977.32
10259	13035.002
15821	13087.738
30396	13126.701
25121	13145.395
24580	13134.606
10437	13098.915
15597	13038.995
29968	12964.916
25693	12888.723
24244	12816.857
10047	12762.659
15609	12727.481
29993	12714.661
25464	12723.276
24703	12742.928
10244	12770.208
15592	12792.492
29986	12804.333
25461	12803.103
24196	12783.518
9971	12752.519
15650	12710.84
30231	12666.944
25408	12629.86
25054	12601.17
10831	12589.526
15780	12592.264
30548	12609.864
25333	12641.032
24482	12676.692
10304	12716.277
15541	12751.126
29443	12779.71
25186	12802.088
24646	12814.002
10363	12821.646
15723	12823.367
30443	12823.496
25218	12826.732
25040	12830.2
10827	12839.475
15496	12850.481
30177	12863.746
25095	12879.8955
24294	12892.751
10216	12905.322
15371	12912.412
29694	12915.147
24773	12915.683
24280	12910.433
10540	12905.283
15396	12897.918
30096	12891.55
25133	12889.94
24527	12889.635
10421	12895.706
15241	12903.992
29823	12914.809
24999	12928.333
24261	12937.835
10335	12945.631
14988	12945.798
29645	12938.529
25113	12925.641
24108	12903.678
10388	12879.292
15131	12851.064
29281	12823.435
24396	12800.926
23587	12780.676
9891	12767.62
15089	12756.818
29636	12747.592
24897	12739.12
24653	12724.036
10621	12704.627
14871	12675.75
29157	12638.842
25137	12597.414
24719	12549.637
10699	12503.355
14967	12457.68
29582	12415.987
25088	12381.486
24248	12349.766
10494	12324.217
14679	12299.467
29332	12275.218
25118	12252.6875
24246	12227.898
10361	12206.873
14870	12188.126
30048	12175.435
24981	12173.433
23948	12178.999
10386	12196.221
14608	12219.531
29036	12246.968
24633	12276.749
23806	12300.989
10293	12321.568
14584	12333.74
28821	12339.583
24789	12343.585
24441	12344.255
10504	12349.099
14495	12356.131
29466	12366.256
24761	12379.703
23688	12388.736
10187	12393.648
14643	12387.16
29227	12369.123
24579	12343.211
23338	12309.999
10337	12280.96
14544	12261.033
29366	12259.384
24407	12283.909
23811	12331.554
10446	12403.078
14419	12486.203
29331	12569.575
24417	12641.659
23947	12685.407
10633	12696.646
14303	12669.201
29189	12608.263
24476	12526.862
23767	12436.04
10199	12357.511
14307	12303.162
28923	12284.91
24973	12308.801
24146	12366.481
10188	12451.191
14175	12542.837
29118	12624.071
24746	12680.507
23549	12696.291
10008	12671.418
14058	12605.775
28923	12511.224
24223	12405.992
24099	12303.155
10604	12223.118
13979	12173.746
28946	12160.664
24694	12183.819
23941	12230.342
10719	12292.283
14293	12352.518
29164	12399.813
24563	12428.27
23514	12430.24
10306	12411.927
13881	12375.514
28641	12329.73
24460	12284.692
23758	12241.711
10498	12208.067
14008	12179.51
29026	12153.85
24303	12129.28
23224	12097.736
10360	12062.102
14063	12020.661
28959	11979.317
24273	11947.925
23454	11930.077
10243	11937.317
13969	11969.915
28938	12028.102
24249	12108.927
24038	12198.167
10519	12288.223
13829	12363.041
28546	12413.056
24343	12434.352
23890	12421.591
10664	12383.971
13716	12327.5625
28473	12265.351
23909	12212.323
23477	12174.292
10779	12161.765
13724	12172.194
28736	12201.491
24334	12243.074
23450	12281.062
10449	12308.044
13488	12311.583
28257	12287.299
24386	12237.852
23626	12164.637
10531	12082.158
13528	11999.396
28361	11929.613
24049	11885.544
23624	11868.872
10583	11884.913
13733	11925.912
28767	11983.455
24261	12048.463
23409	12104.008
10746	12143.8
13432	12157.298
28473	12142.461
24038	12104.472
22773	12046.018
10236	11981.229
13449	11918.236
28241	11868.116
24194	11841.065
23104	11836.539
10303	11857.966
13563	11896.98
28712	11946.042
24056	11998.2
23404	12039.659
10626	12067.428
13214	12074.619
28276	12061.957
24179	12035.927
23573	11998.945
10849	11963.748
13193	11935.181
28546	11919.687
23821	11923.031
23341	11939.558
10718	11969.112
13065	12001.355
28068	12028.33
24078	12044.709
23181	12040.786
10348	12018.82
13346	11977.665
28489	11923.977
24013	11869.373
23596	11819.333
10356	11787.917
12857	11778.613
27963	11794.717
24088	11837.184
23152	11895.442
10668	11964.34
13052	12029.736
28318	12081.363
23915	12113.595
23268	12117.466
10509	12097.394
13063	12054.64
28260	11997.36
23831	11938.027
22742	11881.753
10501	11840.446
13143	11815.371
28048	11807.562
23871	11816.603
23116	11832.163
10561	11851.435
12999	11864.691
28258	11867.551
23614	11861.222
23101	11842.697
10768	11820.543
12883	11797.98
28183	11781.595
23988	11779.142
23111	11788.763
10623	11813.963
12850	11847.836
28384	11884.35
24193	11918.898
23463	11940.285
10691	11948.176
12676	11937.796
27957	11911.142
23431	11875.923
22749	11834.503
10442	11798.196
12549	11770.125
28094	11754.317
23797	11754.415
23404	11763.418
10936	11780.514
12778	11796.502
28331	11805.391
23952	11805.732
23478	11791.326
10689	11767.914
12769	11736.943
28813	11704.953
24378	11682.017
23208	11669.683
10661	11675.942
12969	11698.339
28716	11733.868
24065	11779.485
23248	11822.703
10764	11859.181
12637	11878.652
28123	11876.295
23571	11853.542
23597	11807.918
11118	11748.95
12485	11681.312
28046	11613.666
23737	11557.289
22988	11514.188
10978	11492.545
12491	11490.911
28210	11507.705
23969	11542.033
23083	11584.194
10673	11632.459
12411	11678.568
28170	11717.712
23691	11749.682
22497	11768.218
10828	11777.11
12559	11774.505
28095	11762.223
24111	11745.687
23881	11722.875
11084	11700.824
12389	11678.977
27768	11658.992
23899	11644.956
23244	11632.696
10827	11626.117
12314	11621.525
28079	11617.674
23765	11616.283
23303	11611.819
10838	11607.7705
12278	11601.329
27614	11593.259
23273	11587.647
23301	11580.954
11178	11578.29
11971	11577.685
27769	11578.775
23498	11583.662
23280	11586.085
10994	11588.546
11952	11586.616
27573	11579.137
23554	11569.201
22906	11553.264
10926	11537.194
12051	11520.761
27326	11506.22
23189	11498.435
22785	11493.542
11048	11495.112
11748	11499.167
26854	11503.374
23182	11508.462
22639	11508.42
10466	11506.997
12051	11502.624
27429	11497.778
22822	11499.106
22498	11505.218
10644	11522.5205
11922	11548.884
27223	11582.115
23051	11620.901
22746	11654.336
10845	11679.585
11872	11687.767
27220	11674.497
23022	11641.767
22418	11587.642
10706	11522.459
11874	11452.384
27525	11387.479
23317	11340.671
22651	11315.045
10636	11318.751
11884	11349.047
27946	11401.609
23285	11472.754
22819	11549.025
11159	11625.566
11705	11692.448
27611	11744.237
23186	11782.477
23017	11803.408
11123	11814.127
11792	11816.16
27052	11812.973
23001	11810.31
22616	11804.5205
10758	11798.739
11704	11788.587
27309	11771.706
22644	11750.199
22209	11719.551
11032	11685.592
11596	11649.285
27238	11614.699
22874	11589.429
22356	11572.001
10989	11567.465
11603	11572.215
27211	11582.239
23037	11595.802
22358	11602.801
10809	11602.452
11432	11589.849
27662	11564.51
23387	11532.823
22178	11496.01
10972	11464.687
11496	11443.583
27278	11437.815
22856	11453.581
22507	11485.732
11354	11534.384
11399	11590.777
26594	11646.408
22744	11696.345
22451	11729.125
11048	11744.247
11296	11738.153
27043	11712.247
22814	11674.669
22608	11626.877
11172	11579.611
11216	11536.5205
26746	11501.276
23410	11479.204
22553	11465.731
10673	11462.736
11327	11464.661
27106	11467.619
23071	11471.91
22636	11470.8545
10943	11467.698
11271	11460.257
27334	11449.098
23116	11439.009
22157	11426.559
11051	11415.797
11128	11404.166
26873	11389.869
23350	11374.651
22779	11352.32
11194	11325.6875
11229	11292.198
27048	11252.058
22979	11210.581
21779	11166.034
10529	11125.379
11264	11089.527
27033	11060.494
23003	11043.357
22931	11034.044
11259	11035.89
11166	11045.044
26884	11058.471
22850	11076.914
21887	11093.155
10896	11108.817
10889	11120.212
26718	11125.952
22871	11129.714
22943	11127.712
11322	11125.426
10961	11122.645
26849	11120.631
22684	11124.822
22090	11132.098
10949	11147.328
11081	11168.785
26906	11195.688
22981	11230.706
22299	11267.669
11133	11308.274
10942	11347.703
26619	11382.286
23051	11412.474
22564	11430.869
11037	11439.338
11090	11434.357
27261	11414.977
23125	11385.935
22733	11344.601
11096	11298.045
10793	11247.64
27159	11196.385
23408	11151.4375
22448	11111.001
11288	11080.807
10828	11059.79
26812	11047.019
23364	11044.826
23074	11046.684
11488	11054.617
11027	11064.59
27463	11074.13
23161	11085.959
22102	11095.061
10990	11105.477
10768	11115.482
27088	11124.812
23236	11137.761
22596	11149.81
11598	11164.335
10596	11178.505
26583	11189.811
23158	11200.04
22608	11202.659
11384	11199.93
10667	11188.962
26569	11168.909
22999	11144.374
22609	11112.648
11578	11080.442
10829	11049.435
27141	11022.023
23323	11004.966
22515	10995.888
11459	10999.433
10835	11012.8545
27025	11033.243
22946	11061.128
22704	11087.828
11594	11113.043
10798	11131.37
27079	11139.639
23001	11141.137
22230	11132.373
11225	11119.921
10559	11105.538
26872	11092.388
23229	11087.673
22774	11089.007
11591	11100.719
10493	11119.179
26897	11139.904
22803	11162.406
22992	11176.984
11934	11183.561
10391	11177.875
26604	11158.631
23216	11131.714
22738	11096.634
11771	11062.456
10099	11032.991
26598	11011.563
23078	11004.511
22872	11007.313
11844	11021.384
10367	11040.498
27090	11057.758
23018	11071.736
22224	11073.858
11459	11065.821
10339	11046.523
27113	11018.104
23293	10989.401
22526	10961.567
11256	10943.728
10410	10937.227
26966	10941.688
22986	10958.899
22124	10979.932
11688	11002.651
10436	11019.375
26624	11024.382
23058	11019.248
22641	11000.137
11721	10974.536
10413	10946.572
26771	10921.908
22927	10910.745
22650	10912.831
11715	10933.581
10086	10969.598
26603	11015.04
22729	11067.119
22326	11113.621
11578	11151.929
10114	11175.982
26484	11183.18
23031	11179.342
22439	11164.368
11589	11148.333
10018	11135.936
26298	11131.233
22591	11141.061
22071	11160.856
11639	11191.278
10244	11225.375
26724	11255.532
23186	11279.466
22648	11287.831
12067	11282.208
10074	11261.644
26223	11227.88
22693	11189.827
22452	11148.511
11828	11113.022
9897	11085.684
26189	11066.879
22778	11060.034
21699	11058.361
11404	11062.006
9930	11065.852
26430	11065.827
22826	11064.77
22393	11058.469
11961	11052.801
9967	11049.706
26519	11051.097
22997	11063.624
22690	11083.594
12334	11113.847
10006	11149.99
26593	11185.91
22514	11220.451
22007	11243.8955
11596	11255.832
9882	11252.509
26491	11232.653
22858	11202.855
22092	11162.868
11711	11121.831
9833	11083.801
26494	11052.155
22800	11034.466
21871	11027.795
11514	11035.044
9768	11052.454
26388	11075.294
22834	11103.497
21860	11128.658
11560	11151.082
9866	11166.971
26835	11173.808
22691	11175.935
22318	11169.465
11731	11159.646
9611	11146.93
26146	11131.566
23036	11119.174
21964	11106.652
11560	11098.436
9858	11093.575
26724	11090.809
22743	11094.232
22275	11098.534
11639	11106.274
9564	11114.672
26182	11120.459
22873	11125.7
22531	11124.08
11839	11118.293
9561	11106.484
26614	11087.821
22843	11068.315
21856	11046.017
11834	11027.388
9693	11014.128
26123	11006.9795
22853	11011.17
22134	11021.88
11739	11041.0
9671	11063.835
26443	11085.01
22598	11104.871
21906	11115.301
11816	11117.601
9522	11109.732
26484	11090.936
23066	11067.665
22322	11038.522
12060	11010.424
9578	10984.885
26468	10961.911
22656	10946.093
21933	10931.877
11687	10920.833
9096	10909.496
25711	10894.754
22811	10880.224
22020	10862.5
11711	10847.962
9449	10839.038
26507	10838.29
22755	10853.472
21649	10881.524
11629	10924.735
9484	10977.802
26555	11032.21
22401	11083.784
21196	11118.886
11503	11132.809
9264	11118.915
26246	11074.324
22554	11006.79
21893	10919.3
12189	10826.536
9413	10740.452
26277	10672.001
22743	10635.722
21697	10633.091
11831	10668.341
9431	10735.559
26450	10823.501
22533	10924.079
21928	11018.931
11778	11098.824
9283	11152.922
26699	11174.297
23103	11167.29
21867	11132.037
11688	11080.006
9348	11019.675
26975	10958.783
23524	10909.643
22543	10872.412
12050	10851.857
9098	10844.79
25900	10844.919
22503	10851.017
21718	10853.155
11780	10851.162
9042	10842.341
26087	10825.902
22724	10809.262
21919	10791.939
11986	10781.564
9269	10780.082
26373	10786.852
22737	10805.359
21999	10828.045
12058	10854.183
9041	10878.1
26204	10894.04
22731	10904.134
21724	10903.177
11986	10896.084
9193	10884.329
26444	10869.491
22743	10859.652
21569	10852.787
11883	10853.292
9169	10859.594
26343	10868.098
22752	10881.174
22068	10891.69
12085	10901.252
8980	10907.772
25876	10909.418
22662	10911.605
22254	10910.558
12214	10910.644
8976	10910.973
26374	10908.605
23282	10906.449
22423	10897.888
12506	10884.844
9118	10865.929
26148	10840.503
22569	10816.054
21892	10792.241
12055	10777.573
8874	10775.761
26032	10787.689
22633	10818.208
21374	10859.976
12004	10910.224
8903	10959.646
25501	10997.161
22374	11018.796
21652	11013.992
12023	10984.14
8861	10930.665
26009	10858.393
22584	10782.075
21692	10708.565
11953	10652.089
8694	10619.635
25666	10612.743
22139	10634.389
21170	10673.369
11904	10722.555
8754	10768.966
26291	10799.182
22731	10809.584
21979	10791.909
12311	10751.42
8721	10694.311
26128	10629.265
22923	10573.413
22164	10533.832
12541	10522.314
8650	10541.576
25656	10587.174
22372	10656.123
21740	10732.181
11994	10805.355
8508	10862.223
25519	10891.552
22548	10894.021
22124	10867.074
12281	10821.739
8291	10769.276
25356	10721.218
21982	10695.096
21107	10695.752
12167	10730.45
8533	10796.146
25046	10882.425
22137	10980.756
21788	11070.893
12088	11140.96
8502	11177.828
25475	11172.224
22256	11128.322
21655	11047.307
12576	10943.841
8545	10832.098
25774	10725.548
22501	10642.859
21849	10589.311
12283	10572.694
8438	10590.819
25767	10634.579
22144	10698.102
21576	10764.163
12084	10824.145
8224	10867.963
25157	10888.002
22570	10887.872
21711	10866.382
12135	10833.361
8528	10796.316
25669	10761.121
22771	10738.767
21898	10728.023
12633	10732.535
8519	10748.723
25398	10769.368
22531	10793.088
22056	10809.624
12563	10818.151
8472	10816.59
25427	10804.09
22188	10789.152
21647	10772.496
12423	10763.611
8380	10767.191
25868	10784.497
22693	10821.15
21608	10870.33
12239	10930.05
8285	10991.997
25413	11045.232
22266	11085.903
21725	11101.845
12529	11091.519
8159	11053.059
25479	10986.304
22863	10901.722
21523	10803.534
12179	10705.127
8416	10616.296
25653	10543.92
22731	10499.208
21869	10480.273
12605	10489.027
8385	10519.541
25541	10560.901
22212	10607.663
21327	10644.67
12232	10666.328
8180	10666.499
24745	10641.73
21878	10600.093
21636	10544.192
12651	10487.611
8290	10441.252
25904	10413.091
22281	10415.789
21429	10447.981
12478	10510.815
8142	10597.019
25799	10693.454
22713	10792.202
21277	10875.767
12627	10936.399
8094	10966.775
25241	10962.323
22613	10930.5
22018	10873.479
12405	10804.384
8244	10733.275
25849	10666.9795
22578	10617.05
21814	10581.637
12577	10562.983
8034	10556.257
25736	10552.249
22649	10548.874
21779	10535.407
12703	10511.315
8146	10475.68
25686	10428.616
22569	10380.409
21466	10333.361
12614	10297.936
8013	10279.856
25384	10280.642
22586	10306.3
21805	10350.121
12705	10410.644
7988	10481.02
25595	10551.206
22488	10618.692
21868	10672.043
12709	10709.554
8076	10727.972
25344	10724.176
22528	10704.372
22164	10666.858
13042	10619.182
7988	10566.349
25299	10511.581
22569	10465.606
22066	10429.013
13061	10409.333
7881	10409.167
25219	10426.899
22303	10466.205
21481	10518.804
12533	10582.279
7821	10649.199
25098	10709.32
22841	10760.228
22136	10791.476
12808	10802.95
7829	10794.026
25381	10764.792
23108	10725.494
22159	10678.614
12644	10635.035
7849	10601.216
24731	10579.232
22278	10575.497
21818	10583.525
12789	10601.981
7831	10624.01
25138	10639.936
22326	10648.615
21603	10641.54
12999	10621.087
7735	10589.79
24779	10550.914
22619	10517.051
22285	10491.425
13293	10483.759
7847	10497.639
24924	10530.269
22465	10582.279
21259	10641.115
12596	10699.46
7767	10746.037
25084	10768.631
22410	10765.791
22226	10730.624
13241	10669.094
7716	10588.528
25422	10496.689
22811	10410.708
21829	10337.794
13039	10290.215
7723	10273.232
24849	10284.909
22415	10326.333
21773	10385.168
13209	10454.442
7785	10523.453
24834	10580.144
22374	10622.556
21526	10642.721
12811	10644.048
7651	10630.107
25041	10604.109
22453	10578.197
21783	10554.408
12916	10541.31
7643	10541.885
25258	10553.886
22985	10580.473
22098	10613.112
12931	10649.947
7641	10685.595
25086	10712.66
22613	10732.9375
22219	10739.951
13090	10736.821
7626	10724.754
25051	10703.449
22539	10681.023
22326	10655.81
13094	10633.706
7439	10616.464
25058	10602.273
22855	10596.327
21733	10593.263
12958	10594.652
7625	10598.684
25211	10600.645
23084	10604.157
21974	10604.252
12982	10604.163
7488	10604.701
24949	10604.782
22336	10611.43
22353	10621.466
13457	10638.899
7515	10663.304
24858	10689.656
22574	10719.548
22147	10743.46
13262	10759.239
7421	10761.985
25161	10745.36
22753	10713.511
21956	10663.636
13309	10603.805
7548	10541.475
24853	10482.806
22525	10441.915
21529	10421.745
12606	10429.47
7464	10464.985
24963	10520.986
22483	10593.897
21577	10667.553
12901	10732.182
7378	10776.243
24801	10788.397
22402	10770.118
21861	10718.632
13470	10643.971
7426	10557.398
24919	10469.433
22889	10398.43
22123	10350.56
13189	10335.201
7399	10353.062
25227	10396.244
22875	10460.508
22106	10528.809
13602	10591.177
7373	10636.696
24689	10655.035
22505	10648.79
22238	10615.933
13503	10566.748
7461	10511.453
25088	10458.182
22760	10422.311
21776	10406.469
13394	10416.463
7288	10451.145
24791	10502.05
22695	10565.772
22126	10627.821
13649	10681.607
7413	10719.659
24819	10734.234
22646	10729.214
22441	10701.751
13846	10659.445
7368	10608.667
25069	10552.83
22811	10503.002
21971	10459.311
13328	10427.512
7333	10408.572
25089	10398.832
22629	10402.128
21749	10411.68
13553	10428.422
7358	10450.859
24568	10474.56
22774	10503.618
22001	10532.434
13465	10562.863
7368	10594.008
25129	10621.027
23356	10647.289
21956	10666.597
13458	10680.151
7324	10686.955
24915	10683.812
22344	10676.645
21991	10661.989
13734	10644.903
7353	10627.981
24714	10610.529
22861	10599.688
21912	10592.031
13519	10590.749
7274	10595.466
25053	10601.602
22766	10612.577
21978	10621.5
13653	10629.171
7447	10634.288
25522	10632.622
22821	10629.533
21339	10621.212
13349	10611.665
7187	10602.886
24688	10593.594
22743	10590.717
22023	10590.609
13444	10596.528
7100	10608.002
24826	10620.373
23123	10636.514
22018	10649.129
13440	10658.104
7272	10660.669
25178	10651.392
23301	10634.282
22459	10604.57
13863	10566.1455
7253	10521.363
25078	10470.0
23024	10421.214
22172	10374.317
13928	10335.843
7297	10309.235
24849	10293.448
22907	10294.765
22258	10308.398
14048	10335.597
7308	10374.199
24741	10417.842
23254	10468.097
22596	10516.64
13978	10562.778
7166	10603.947
24446	10635.064
22375	10660.247
21604	10674.828
13101	10682.223
7138	10683.776
24781	10677.972
22444	10672.006
21664	10662.821
13527	10654.334
7119	10647.428
24840	10638.688
22861	10632.977
21841	10625.042
13229	10616.787
7093	10607.712
24471	10594.631
22431	10583.702
22298	10571.643
14076	10563.144
7245	10560.876
25084	10563.405
23302	10577.284
22216	10598.16
13619	10627.646
7180	10663.106
25006	10697.189
23308	10730.56
22309	10753.659
13773	10764.921
7198	10761.747
25180	10739.761
22923	10705.78
22183	10658.824
13830	10607.044
7117	10557.261
24617	10512.737
22956	10484.509
22028	10471.985
13749	10479.185
7089	10505.01
25149	10541.975
23109	10589.473
22218	10635.815
14171	10676.638
7001	10706.471
24691	10718.039
22721	10715.432
21744	10695.366
14048	10663.935
7250	10626.787
24737	10586.608
23039	10554.361
22210	10530.0
13595	10519.08
7058	10522.476
24622	10535.703
23104	10561.234
22279	10590.598
13876	10622.219
6999	10652.026
24969	10672.966
23207	10687.728
22178	10689.933
13744	10681.393
7114	10662.698
25141	10631.524
23418	10595.396
22552	10552.744
13923	10510.076
7146	10472.292
25136	10440.787
23047	10425.694
22350	10426.053
14003	10446.857
6806	10488.319
24401	10544.405
23321	10615.348
22471	10689.457
14044	10761.063
6953	10822.188
25097	10862.399
23804	10882.921
22661	10878.502
14108	10854.853
6911	10818.761
25236	10775.11
23532	10738.605
22841	10712.718
14304	10705.4375
7046	10718.629
25084	10745.863
23181	10785.723
22300	10824.0205
13929	10852.977
6878	10863.597
24871	10845.816
23808	10802.552
23148	10731.614
14558	10642.487
6874	10545.587
24529	10448.518
23143	10367.39
22788	10305.774
14971	10270.629
7046	10262.795
24779	10274.932
23358	10305.736
22540	10342.371
14094	10379.616
7043	10411.78
24982	10431.928
23536	10445.47
22111	10450.831
14058	10455.304
6926	10464.702
24670	10480.323
23394	10510.677
22716	10551.705
14385	10603.953
7058	10663.579
24986	10720.983
23699	10775.306
22852	10816.286
14374	10842.382
6958	10851.968
24877	10841.576
23290	10819.099
22462	10783.857
14646	10743.243
7031	10702.722
25065	10663.131
23568	10633.712
22542	10612.178
14323	10602.006
6909	10603.193
25041	10610.346
23559	10626.319
22597	10643.235
14449	10660.218
6871	10674.654
24524	10680.199
22692	10680.731
22161	10671.188
14390	10654.77
6749	10634.094
24642	10608.337
23190	10586.297
22397	10566.528
14548	10553.728
6764	10549.908
24556	10551.162
23178	10561.407
22251	10573.468
14281	10587.036
6693	10599.996
24553	10606.934
23008	10613.2705
22398	10615.778
14305	10619.591
6578	10628.597
24343	10642.062
23276	10667.186
22554	10699.135
14028	10738.076
6653	10779.852
24808	10814.508
23385	10841.145
22121	10849.574
14206	10839.006
6535	10810.179
24110	10762.826
22594	10709.17
21942	10653.628
13931	10608.502
6578	10583.109
24144	10580.077
22834	10607.271
21977	10658.067
14225	10728.52
6548	10809.921
24508	10887.556
23119	10956.244
22040	11002.79
14344	11024.382
6446	11020.775
24393	10991.404
23132	10948.446
22272	10895.829
14486	10844.983
6483	10804.463
24493	10775.849
22841	10767.21
21553	10773.426
13874	10793.573
6614	10823.332
24601	10853.517
23073	10884.938
22251	10909.493
14304	10927.546
6408	10939.187
24359	10941.196
23116	10940.159
22289	10932.484
14098	10921.071
6328	10906.32
24182	10884.04
22959	10859.26
22640	10827.575
14721	10793.042
6515	10759.254
24747	10726.248
23496	10704.183
22440	10692.884
14512	10697.87
6393	10721.013
23774	10757.187
22713	10807.562
21996	10861.3125
14459	10913.41
6369	10957.171
24060	10983.007
22954	10993.409
22056	10984.047
14524	10960.699
6318	10930.427
23848	10897.155
23213	10873.72
22491	10861.301
14595	10865.007
6465	10884.686
24619	10911.948
23603	10945.041
21871	10970.822
14197	10983.337
6404	10977.018
24283	10945.276
22698	10895.118
22166	10827.278
14578	10752.493
6349	10681.63
23949	10620.592
23094	10582.515
22080	10566.909
14399	10576.013
6136	10606.401
24180	10646.462
23163	10692.48
22226	10730.462
14473	10755.014
6234	10762.343
24238	10747.483
23403	10718.836
22219	10677.97
14308	10634.927
6046	10598.449
23838	10571.483
23054	10563.652
22153	10571.536
14863	10595.044
6113	10630.144
23751	10666.178
23128	10701.233
22474	10723.871
14373	10731.328
5995	10721.505
24296	10690.132
23806	10644.819
22741	10585.2295
15129	10519.187
6251	10453.895
24098	10391.701
23231	10343.687
22156	10309.625
14603	10294.68
6165	10300.713
23956	10322.969
23195	10364.367
21956	10416.267
14578	10475.08
6072	10535.359
23987	10586.734
22658	10629.257
21711	10653.996
14430	10660.834
6161	10650.93
24237	10623.133
23081	10588.118
21668	10547.545
14637	10510.14
5987	10482.629
23929	10465.103
23436	10464.685
21746	10475.754
14256	10496.822
5901	10523.427
24048	10545.72
23229	10564.25
22372	10571.3
14369	10568.628
5971	10559.365
23831	10544.365
22772	10535.646
21978	10534.889
14804	10549.03
5943	10581.076
23833	10625.451
23416	10682.928
22596	10741.151
14863	10792.823
6032	10829.376
23914	10839.107
23444	10823.109
22355	10776.751
14916	10706.454
5844	10621.69
23529	10529.386
22884	10446.918
22332	10380.618
14835	10340.866
5851	10332.915
23357	10352.66
23061	10401.202
22344	10466.236
14963	10540.155
5796	10613.873
23354	10674.485
23402	10720.841
22489	10744.904
14386	10748.649
5654	10735.427
23089	10705.601
22914	10670.095
21831	10629.811
14491	10591.377
5811	10559.027
23046	10530.631
22666	10512.146
21854	10498.525
14290	10491.021
5535	10489.66
22561	10489.903
22400	10496.854
21153	10506.022
14101	10519.428
5608	10537.515
22991	10555.267
22641	10576.553
21310	10594.658
13988	10608.996
5421	10617.856
22684	10615.165
21983	10605.5205
21481	10584.658
14333	10556.587
5386	10525.818
22414	10493.034
22035	10468.955
21141	10454.161
14336	10454.854
5459	10474.56
22653	10509.695
22333	10563.785
21535	10628.034
14150	10698.255
5399	10767.945
22774	10825.643
22195	10870.069
20764	10891.641
13526	10889.631
5260	10865.147
22367	10817.196
21676	10756.627
20976	10685.808
13935	10614.279
5308	10549.931
22385	10494.4
22068	10456.478
20766	10432.749
13811	10423.685
5520	10426.92
22975	10434.076
22261	10446.411
20884	10455.861
13813	10462.193
5321	10465.98
22299	10464.36
21921	10465.149
21239	10466.334
14378	10471.974
5366	10484.111
21909	10498.183
21896	10517.457
21204	10534.005
14029	10546.166
5192	10551.92
21977	10545.673
22122	10533.209
21275	10512.897
13804	10491.824
5165	10477.094
21793	10471.069
21514	10484.191
20359	10514.436
13851	10562.744
5286	10625.768
22019	10692.409
21473	10759.084
20563	10811.901
13780	10844.851
5307	10853.757
21839	10833.689
21318	10793.489
20218	10735.509
13209	10671.053
5147	10611.188
21534	10561.284
21007	10533.299
19949	10525.527
13616	10538.201
5079	10567.144
21132	10600.775
20084	10636.1
18466	10660.878
12111	10671.063
4499	10664.913
19027	10639.773
16928	10604.975
14409	10561.714
9222	10516.857
3355	10475.589
14308	10438.393
10529	10411.446
8341	10388.256
4983	10366.06
2141	10341.053
10222	10308.814
6528	10273.406
4996	10231.126
2716	10186.029
1538	10142.371
8426	10104.538
4084	10082.482
2603	10074.129
1186	10079.697
1069	10095.646
7137	10116.118
2718	10140.184
735	10157.034
-375	10162.441
847	10153.702
6240	10132.012
1705	10107.395
271	10081.939
-312	10063.469
893	10058.035
6556	10069.784
1867	10105.22
104	10156.884
-374	10218.497
907	10280.358
6736	10332.151
1967	10370.623
363	10384.887
-554	10372.714
718	10334.923
6284	10277.168
1513	10214.035
-28	10151.417
-811	10100.025
757	10067.744
6582	10059.861
2285	10083.835
858	10133.046
-56	10202.49
853	10283.871
6316	10368.285
1441	10453.179
269	10527.309
-647	10586.772
818	10629.352
6398	10655.845
2081	10674.984
306	10686.785
-194	10696.578
906	10708.2705
6642	10724.857
2056	10753.802
371	10790.586
-536	10834.036
881	10880.637
6681	10926.209
2425	10972.409
657	11011.287
171	11040.373
906	11058.077
6268	11064.525
2217	11067.152
504	11064.757
-440	11061.8545
844	11062.009
6417	11068.911
2266	11090.69
318	11123.836
-644	11167.643
906	11218.263
6854	11270.664
2234	11325.278
841	11372.44
259	11408.379
1011	11430.471
6748	11438.715
2450	11441.459
948	11438.674
274	11435.631
998	11436.008
6903	11441.075
2591	11454.462
1353	11464.746
68	11460.451
674	11424.378
6751	11336.381
2606	11181.499
1230	10936.239
91	10586.073
971	10121.951
7160	9543.234
3054	8864.569
1164	8099.397
9	7272.943
1093	6414.429
7571	5555.5347
2954	4732.846
1431	3968.6077
621	3282.854
1073	2686.5676
7376	2181.5908
3168	1767.5195
1790	1427.0911
579	1143.2233
1199	896.03577
7661	666.8101
3513	446.60547
1757	222.18564
588	-8.865523
1110	-243.32188
7824	-472.98743
3434	-679.87634
1715	-854.9567
865	-986.18024
1207	-1065.8173
7447	-1091.6919
3596	-1061.637
2465	-989.16614
1273	-887.42017
1263	-773.12134
7603	-663.3526
3629	-566.6169
1896	-496.9126
576	-458.13678
1188	-449.19135
7976	-464.0264
3954	-486.35532
2304	-508.13235
1244	-517.4108
1353	-505.77136
7928	-469.26627
3750	-402.548
2349	-315.03775
757	-214.9605
1266	-113.431656
8241	-21.832754
4105	56.602943
2232	112.20333
1188	143.95932
1338	154.05402
8241	147.59518
4480	138.05554
3258	129.54567
1969	129.77167
1410	143.70084
8626	172.62207
4636	221.42787
3206	282.55438
2053	351.5765
1532	422.89493
8541	490.48007
4985	555.70013
3568	611.6854
1899	657.6958
1548	693.2156
8553	717.80286
4544	737.8277
2971	749.79193
1508	754.3459
1523	751.1584
8814	739.65735
4794	726.4471
3569	709.2165
1996	691.30054
1536	676.23474
9088	667.5048
5298	674.92194
3645	697.6895
1964	737.77136
1610	794.23083
9290	862.7622
5678	943.60315
4374	1025.7626
2431	1102.4934
1601	1166.771
9096	1212.3081
5663	1241.7621
4185	1251.0905
2221	1243.6143
1638	1223.9861
9353	1197.3722
5447	1175.6191
4358	1160.0447
2687	1154.9546
1655	1161.8057
9505	1178.5271
6168	1207.9049
4657	1242.1414
3039	1277.692
1847	1311.1488
9296	1339.1117
5672	1365.9757
5060	1388.6064
2864	1409.8706
1886	1432.4379
10282	1456.9135
6911	1488.679
5329	1524.3583
3098	1563.3188
1953	1602.8604
10323	1637.6628
6584	1667.5385
5385	1687.4392
3407	1697.5385
2040	1698.9739
10137	1692.5417
6533	1684.7084
5673	1677.3503
3831	1675.5956
2044	1682.4844
10629	1696.754
7349	1719.5028
5777	1745.8204
3834	1772.8683
2008	1796.9451
10403	1812.4868
7066	1819.2463
5701	1815.1893
3311	1803.63
1918	1788.4952
10468	1772.2139
7428	1761.14
5768	1756.9503
3340	1762.8662
2022	1779.011
10708	1800.8861
7598	1826.4364
6291	1849.0111
4044	1865.7361
2159	1874.1196
10797	1871.1781
7629	1860.2694
6141	1843.2766
3658	1827.1772
2184	1818.6304
11014	1821.5431
7811	1842.3567
6716	1881.4423
4301	1939.9304
2338	2015.3401
11449	2100.2463
8309	2189.9526
6741	2275.4016
4884	2351.2961
2331	2412.9531
11163	2454.9128
8388	2477.8552
7197	2480.9473
4688	2468.3435
2308	2444.62
11604	2411.7114
8909	2375.6423
6947	2338.1611
4202	2303.3625
2283	2273.5283
11523	2247.6094
8479	2228.2847
7136	2214.393
4741	2208.2656
2320	2211.9258
11439	2224.4778
8557	2249.2493
7453	2285.2021
4582	2333.564
2349	2393.3313
11654	2459.1929
8735	2528.5652
7125	2594.2478
5044	2651.7598
2465	2696.8271
11723	2723.6555
8662	2732.7837
7098	2723.5298
5012	2701.1052
2461	2672.1223
11858	2641.2332
8928	2617.5557
8389	2604.813
5508	2608.1326
2473	2628.8909
12135	2662.2175
9151	2705.4202
7713	2750.3203
5219	2792.0254
2421	2826.1458
12053	2847.796
9295	2859.6523
8554	2863.243
5479	2866.1038
2536	2875.85
12194	2896.495
9636	2934.3005
8595	2988.1768
6043	3056.621
2800	3134.1763
12919	3209.6697
10250	3275.8618
8556	3322.7917
5565	3347.1875
2744	3349.209
13147	3330.3164
10156	3300.951
9085	3269.6243
6001	3248.8982
2769	3248.5137
13254	3270.964
10330	3318.4746
8895	3383.5637
5962	3457.7705
2707	3529.3887
13093	3583.1145
10517	3610.8967
9223	3604.873
6536	3566.6157
2941	3503.1785
13587	3422.7886
10647	3341.7522
8909	3272.4753
6124	3228.2856
2953	3217.2883
13643	3238.398
10724	3289.7388
8965	3360.1643
6454	3438.7305
2904	3513.6226
13506	3571.417
10851	3607.552
9343	3618.2551
6271	3608.4407
2990	3586.597
13632	3560.1387
10997	3541.8845
9497	3538.5054
6657	3556.764
3145	3598.509
14013	3657.9978
11154	3731.2625
9638	3808.041
7078	3881.487
3024	3946.0378
13832	3994.7327
11863	4028.7473
10058	4047.8384
6632	4057.0742
2981	4061.49
14006	4061.9917
11965	4063.4314
10307	4064.2715
7169	4064.7927
3096	4063.6877
14373	4055.5625
11772	4041.5132
9844	4019.6685
6869	3993.3618
3059	3967.1545
14025	3942.961
11541	3927.8765
9914	3923.1665
7358	3931.363
3021	3952.1125
14248	3978.6357
12259	4007.7014
10892	4031.0518
7472	4045.0806
3000	4047.6516
14016	4035.8267
12162	4015.2256
11005	3989.4949
7864	3967.5852
3181	3958.1567
14349	3964.34
12493	3991.729
11323	4037.5396
7579	4099.099
3145	4170.0015
14586	4238.361
12947	4297.7534
11488	4338.901
8101	4359.1577
3203	4359.4316
14611	4340.553
12510	4312.0923
11272	4280.5645
7802	4256.6426
3104	4248.9395
14109	4259.528
12557	4292.5557
11681	4343.879
8261	4410.223
3346	4486.1304
14515	4561.447
12816	4632.3257
11331	4691.8423
8013	4738.916
3321	4773.965
14506	4795.6816
12941	4809.474
11713	4816.279
8434	4820.565
3356	4825.82
14566	4830.5586
12996	4837.9434
11838	4845.4297
8507	4854.116
3528	4864.6396
15501	4873.751
13600	4884.575
12029	4895.3936
8600	4908.3735
3233	4925.0117
15197	4942.0537
13920	4961.8257
12258	4980.9907
8323	4999.55
3016	5016.9736
14584	5028.535
13446	5035.7676
12241	5035.721
8795	5029.929
3342	5020.373
15480	5005.4663
13603	4990.2217
11998	4974.8257
8707	4963.117
3386	4958.693
15261	4960.4717
13728	4972.5244
12220	4992.8813
7500	5022.5957
1889	5061.027
6446	5104.1997
-1227	5152.4727
-7817	5200.484
-9020	5244.9463
-2871	5281.4663
-7412	5310.5024
-17619	5335.227
-21350	5354.609
-17786	5371.0635
-5017	5385.5024
-13433	5405.2227
-24672	5436.21
-28557	5476.775
-22691	5524.458
-6080	5572.2207
-16564	5618.738
-27550	5660.51
-30512	5688.62
-23377	5697.327
-5940	5681.74
-15321	5648.576
-25613	5607.101
-27180	5563.536
-20321	5527.5435
-5092	5506.8257
-13519	5513.499
-23685	5554.609
-26031	5626.211
-20756	5721.3984
-5937	5826.9453
-17191	5934.977
-30102	6036.888
-33805	6120.4746
-26438	6179.5684
-6848	6211.0083
-18444	6226.428
-29577	6239.3794
-29601	6258.6973
-21737	6294.513
-5805	6351.586
-15122	6435.9717
-27084	6546.9473
-31961	6672.18
-26419	6797.066
-7833	6903.5435
-24437	6985.888
-41102	7041.2773
-46843	7066.947
-38012	7067.705
-11046	7049.7964
-35009	7037.021
-53789	7047.5947
-58152	7088.86
-45663	7162.5146
-12816	7259.095
-39497	7379.493
-59100	7514.1064
-63538	7645.487
-48928	7758.8125
-13568	7840.4985
-42345	7902.2524
-62902	7955.3965
-67106	8009.113
-51927	8074.3145
-14534	8155.6626
-45781	8271.907
-67364	8426.872
-71653	8609.64
-56026	8803.657
-15462	8985.203
-48856	9153.103
-72686	9303.123
-77999	9431.118
-60898	9540.886
-17232	9637.107
-55998	9750.031
-81937	9897.28
-87886	10081.433
-68642	10293.825
-19296	10509.221
-61831	10719.991
-90047	10904.489
-96313	11037.498
-74361	11103.88
-19883	11099.469
-65062	11066.741
-95258	11052.044
-100322	11101.181
-77396	11255.762
-21096	11534.869
-67745	11957.746
-98761	12493.933
-103170	13064.677
-79102	13556.065
-21964	13826.59
-70825	13760.937
-101409	13248.561
-106166	12209.085
-81701	10615.179
-22500	8495.293
-72376	5968.5566
-103479	3188.1147
-108117	326.46594
-82936	-2442.4502
-22839	-4973.6333
-73857	-7134.847
-106329	-8864.84
-111434	-10171.002
-85552	-11114.021
-23353	-11796.098
-75322	-12300.285
-108077	-12713.087
-113563	-13099.597
-87444	-13484.949
-23944	-13857.525
-77231	-14138.247
-110458	-14245.713
-115571	-14111.837
-89143	-13696.592
-24507	-13010.114
-78807	-12080.899
-112004	-11001.74
-116580	-9910.245
-89636	-8959.419
-24607	-8296.798
-79239	-7998.789
-112489	-8099.7407
-117377	-8575.412
-90319	-9338.076
-24516	-10256.061
-78782	-11137.367
-112912	-11807.4795
-117653	-12133.665
-90774	-12041.944
-23752	-11538.326
-77449	-10670.482
-112914	-9567.126
-117762	-8412.652
-90657	-7411.3735
-24886	-6762.7935
-79433	-6593.259
-113606	-6984.141
-118656	-7955.5127
-91194	-9459.453
-25090	-11396.336
-80399	-13592.801
-114714	-15875.019
-119882	-18086.303
-92685	-20100.059
-25294	-21839.121
-80802	-23240.018
-115807	-24300.871
-120295	-25067.285
-92922	-25610.93
-25714	-26020.994
-81409	-26348.475
-115764	-26645.898
-120829	-26954.873
-93020	-27297.861
-25431	-27686.469
-81207	-28085.48
-115751	-28470.812
-119846	-28830.729
-92900	-29163.531
-25422	-29486.928
-80482	-29796.47
-114737	-30113.424
-119194	-30474.67
-91901	-30919.854
-25122	-31491.656
-79651	-32190.002
-113214	-33018.227
-117774	-33975.492
-90952	-35049.87
-24655	-36225.543
-78307	-37445.15
-112272	-38662.3
-116655	-39840.86
-90317	-40950.39
-24771	-41975.348
-78051	-42876.934
-110668	-43642.227
-115082	-44278.56
-89158	-44804.14
-23695	-45251.25
-75836	-45622.93
-110212	-45936.844
-114741	-46218.527
-88649	-46490.254
-24154	-46775.395
-76147	-47058.297
-109246	-47332.016
-114291	-47595.562
-88858	-47847.562
-24372	-48094.188
-76928	-48311.297
-110112	-48492.31
-115102	-48644.27
-89701	-48779.01
-24423	-48918.266
-76601	-49051.137
-109601	-49181.562
-113826	-49319.78
-88492	-49475.18
-24090	-49661.14
-75555	-49857.117
-108723	-50059.645
-113192	-50266.758
-87735	-50479.004
-23815	-50705.19
-74974	-50923.273
-107671	-51132.332
-112395	-51331.047
-87101	-51521.63
-23610	-51713.977
-74036	-51887.035
-106460	-52040.957
-110519	-52173.55
-85252	-52286.816
-23229	-52390.734
-72842	-52466.22
-104491	-52515.504
-108607	-52538.79
-84194	-52539.793
-22704	-52530.305
-70906	-52492.49
-102554	-52428.176
-106903	-52338.555
-82784	-52229.105
-22397	-52114.95
-68737	-51984.08
-98507	-51846.43
-100826	-51711.652
-76710	-51593.082
-19792	-51510.805
-59872	-51457.54
-87201	-51442.473
-88997	-51467.543
-66503	-51533.59
-14512	-51645.03
-28335	-51785.344
-37308	-51948.48
-34692	-52123.453
-24752	-52299.19
-5364	-52469.043
-9596	-52623.09
-17051	-52762.797
-16852	-52885.83
-12247	-52991.594
-2531	-53083.17
-2493	-53162.664
-8479	-53240.78
-8776	-53315.797
-6380	-53384.48
-1146	-53444.215
1729	-53491.824
-2917	-53532.336
-4188	-53556.94
-3649	-53558.004
-376	-53531.97
3761	-53479.3
-342	-53412.08
-1339	-53329.215
-1150	-53231.34
312	-53121.72
6018	-53006.004
2593	-52897.797
1233	-52792.418
576	-52684.234
729	-52569.156
7362	-52446.438
4298	-52327.03
2956	-52206.277
1653	-52082.54
986	-51959.023
8253	-51844.074
5986	-51756.88
4891	-51693.797
2869	-51648.266
1358	-51612.133
9317	-51578.23
7051	-51551.023
5330	-51513.36
3559	-51454.61
1509	-51374.406
10233	-51286.91
8181	-51228.785
6179	-51217.074
4354	-51270.695
1784	-51406.496
10819	-51636.04
9197	-51970.59
7394	-52379.45
5099	-52819.598
1807	-53243.805
10892	-53610.82
8986	-53902.953
7138	-54092.137
5541	-54173.18
2046	-54165.07
11513	-54109.324
9814	-54070.695
8446	-54083.73
6109	-54172.04
2094	-54342.117
11903	-54583.387
10556	-54880.32
9116	-55176.523
6649	-55416.387
2179	-55559.02
12139	-55591.742
10801	-55544.406
9045	-55442.895
6609	-55332.4
2293	-55265.49
12567	-55290.574
11406	-55448.277
9591	-55717.2
7399	-56045.93
2501	-56362.68
12911	-56594.3
12051	-56695.617
10043	-56620.492
7349	-56367.36
2538	-55983.188
13183	-55557.65
12446	-55213.062
10388	-55028.83
7348	-55045.0
2486	-55238.207
13191	-55510.98
12178	-55703.28
11071	-55563.85
8007	-54816.53
2558	-53206.348
13436	-50548.863
12991	-46780.043
10794	-41933.207
7855	-36176.395
2646	-29797.992
13297	-23172.943
12606	-16722.719
11148	-10812.117
8548	-5731.7725
2851	-1662.2733
14081	1339.1594
13457	3325.1719
11778	4481.913
8246	5056.912
2717	5311.7134
14275	5474.7896
13339	5697.6953
11476	6084.871
8668	6658.624
2876	7371.152
14252	8126.0303
13338	8798.0625
12248	9309.489
9598	9616.859
2978	9719.14
13876	9650.762
13451	9459.532
12395	9237.236
9153	9066.677
2927	9003.353
14136	9063.193
13813	9211.288
12499	9417.648
9202	9636.24
3093	9817.561
14764	9917.879
14093	9898.41
12819	9775.563
9276	9584.555
2973	9369.365
14341	9168.633
14073	8996.085
13071	8880.836
9674	8832.45
3145	8840.427
14834	8876.141
14819	8891.157
13210	8871.997
9693	8813.011
3036	8717.461
14931	8592.541
15127	8436.196
13959	8278.021
10094	8142.709
3139	8043.0103
14876	7974.479
14478	7908.134
13128	7839.5767
10118	7762.386
3274	7671.0933
15178	7560.068
15423	7415.6904
13578	7261.4443
9919	7122.484
3209	7019.513
15174	6960.538
14992	6928.622
13371	6927.408
9932	6950.74
3263	6983.954
15511	7004.6978
14967	6978.738
13449	6908.8228
10227	6805.479
3241	6684.4307
15382	6559.8613
15646	6432.049
13775	6328.481
10341	6268.7544
3270	6260.652
15408	6295.3237
15328	6340.8145
13833	6389.808
10012	6433.1797
3201	6461.332
15124	6463.201
15493	6419.6963
13838	6347.196
10171	6265.464
3223	6192.6885
15501	6138.306
15757	6092.5723
14171	6067.8135
10395	6069.0347
3289	6092.667
15769	6124.541
15853	6135.765
14195	6126.9497
10748	6101.8247
3381	6065.8843
15461	6021.905
15779	5963.2915
14540	5908.9595
10739	5876.2266
3404	5875.4604
15659	5904.541
15597	5947.741
13973	6001.241
10399	6059.35
3282	6114.6904
16026	6155.755
16181	6174.9673
14491	6173.527
11078	6158.5127
3484	6139.285
16185	6120.4126
16403	6108.653
14586	6109.136
10938	6125.784
3601	6158.239
16233	6197.234
16531	6235.8696
14917	6266.1567
11243	6284.4404
3640	6290.2554
16501	6281.164
16751	6262.738
15263	6240.7803
11555	6224.5576
3576	6222.369
16434	6234.0073
16782	6261.0635
15176	6298.6343
11572	6341.9033
3543	6385.2783
16292	6418.0137
16503	6437.4146
15100	6440.7495
11566	6432.305
3619	6420.2593
16612	6409.229
17219	6409.8677
15519	6427.284
12226	6465.8457
3751	6526.282
16569	6599.3335
16846	6678.4863
15064	6751.324
11741	6808.831
3463	6845.548
16264	6854.3696
17265	6839.2964
15959	6804.35
12189	6759.9307
3753	6718.6753
16468	6686.356
17143	6672.3403
16043	6676.9214
12299	6698.9517
3671	6734.281
16603	6770.33
17904	6800.627
16296	6815.557
12101	6812.0034
3811	6791.9995
17566	6755.7207
18769	6713.92
16386	6674.2847
12269	6647.18
3750	6641.4785
17503	6656.24
18426	6693.272
16449	6744.847
12523	6803.1313
3794	6859.8623
16753	6901.468
17814	6923.987
16719	6921.725
12660	6896.6904
3934	6855.8706
18120	6802.8667
19211	6750.159
17859	6704.1846
13388	6672.8438
4009	6662.1206
17978	6668.099
18989	6691.6865
17938	6725.8574
13705	6766.107
4132	6809.6064
17840	6848.384
19168	6883.823
17714	6913.353
13281	6938.861
4018	6963.735
17916	6984.574
19326	7004.3325
17869	7018.9194
13633	7026.6484
4026	7026.5444
18109	7012.1187
19497	6986.453
18171	6949.16
13857	6905.714
4141	6865.195
18275	6831.172
20206	6814.467
18639	6818.409
14144	6846.308
4259	6898.7285
19142	6965.507
22060	7041.48
21339	7114.261
16676	7175.5884
5001	7221.1562
21303	7243.1177
24064	7246.657
22934	7235.1694
17484	7218.8765
5309	7210.496
21833	7213.5527
24733	7237.0825
23442	7279.428
18528	7337.543
5564	7405.608
22635	7466.84
25625	7513.4893
23837	7534.2183
18022	7525.4814
5477	7490.675
22463	7431.104
25418	7361.6255
24126	7293.5283
18882	7241.306
5621	7218.158
22501	7223.983
25564	7261.4346
24496	7320.911
18796	7392.0576
5568	7463.7065
23116	7517.096
26363	7545.926
25044	7543.162
19508	7511.4556
5710	7460.847
23103	7397.0625
26582	7336.753
25238	7289.4136
19244	7264.661
5835	7268.7656
23156	7294.231
26513	7338.194
25224	7388.7026
19680	7436.834
5753	7477.3716
23429	7500.4497
26749	7510.3486
24956	7509.601
19429	7507.4043
5747	7515.8667
23510	7537.132
26755	7579.5757
25037	7640.4756
19789	7715.139
5829	7796.701
23376	7867.115
27019	7917.5464
25436	7935.598
19733	7917.158
5834	7866.215
23037	7784.6226
26868	7688.9233
25546	7592.8545
19898	7514.713
5869	7472.572
23646	7471.148
27361	7518.4917
25989	7609.4023
19985	7735.6846
5892	7886.126
23744	8037.8564
27485	8177.392
26071	8287.191
20414	8357.645
5895	8386.766
23552	8370.018
27522	8317.76
26346	8238.605
20212	8147.1733
6021	8060.437
24093	7984.959
27618	7933.6143
25982	7908.4033
20144	7909.9053
5989	7936.112
24003	7972.804
28011	8013.5435
26204	8045.78
20479	8062.6113
6193	8063.165
23917	8042.793
27594	8011.9683
26089	7979.7285
20154	7962.0703
5943	7978.182
23599	8037.557
27488	8155.593
26276	8335.643
20678	8577.777
5990	8877.102
23665	9213.575
27803	9572.397
26215	9930.656
20551	10269.939
6214	10577.525
24103	10837.095
27699	11048.576
26596	11211.23
21058	11332.865
6053	11426.61
23614	11497.246
27478	11557.821
26681	11611.867
20318	11663.206
5891	11714.004
23858	11755.14
27921	11786.385
26606	11801.636
20798	11800.652
5971	11788.271
23754	11763.43
27550	11737.391
27078	11715.524
20993	11706.725
6043	11719.856
23968	11751.56
27830	11804.833
26658	11872.513
20696	11948.698
6021	12028.302
24228	12097.51
27550	12154.492
26140	12193.02
21214	12213.214
6232	12220.495
23959	12212.823
27411	12199.317
26089	12181.869
20876	12164.848
6103	12153.464
23841	12142.122
27671	12134.095
26839	12125.211
20765	12115.06
6029	12105.951
23668	12092.234
27606	12079.151
26709	12065.7
20808	12054.645
5978	12050.291
23931	12047.103
28030	12048.661
26589	12050.92
20758	12052.635
6066	12054.943
24118	12050.739
27953	12044.186
27075	12033.569
20961	12022.176
6037	12016.573
23929	12014.371
27841	12022.776
26453	12040.774
20961	12069.261
6048	12110.0205
23682	12154.196
28043	12201.934
26524	12246.386
20761	12284.483
6180	12316.252
23798	12334.418
27681	12343.436
26886	12341.823
21279	12333.072
6178	12323.581
23924	12310.853
28088	12302.318
26838	12297.314
21075	12297.997
6014	12307.682
23675	12319.829
27820	12337.48
26708	12355.868
21336	12373.329
6192	12390.525
24484	12399.122
28226	12401.632
26686	12393.822
20872	12375.797
6036	12351.071
24164	12315.281
28321	12275.79
26899	12233.663
21354	12194.153
6111	12165.179
23826	12145.142
28283	12141.713
27289	12153.607
21010	12181.064
6092	12224.537
24109	12273.572
28332	12327.013
26829	12375.723
21215	12414.199
6114	12440.827
23875	12447.048
28040	12438.0
26821	12412.755
21670	12376.04
6269	12336.747
24099	12295.217
28316	12262.652
26864	12240.319
21153	12231.218
6116	12238.933
23877	12255.8545
28262	12284.466
27451	12317.192
21671	12350.149
6201	12382.705
23993	12406.12
28339	12424.246
27206	12433.276
21920	12434.129
6292	12431.354
24196	12420.382
28263	12408.443
27028	12393.277
21718	12375.8955
6223	12359.814
24389	12339.207
29115	12320.1455
27524	12299.953
21493	12280.072
6178	12264.978
23919	12250.109
28098	12242.605
26894	12239.71
21291	12241.554
6064	12250.196
23818	12258.039
28567	12268.544
27247	12276.212
21469	12279.777
6003	12281.806
23771	12276.929
28588	12272.893
27129	12269.152
21085	12269.263
6132	12279.174
24325	12294.553
28299	12321.445
26836	12354.453
21162	12390.128
6133	12426.612
24280	12452.23
28761	12467.96
27610	12466.976
21363	12448.59
6053	12417.563
24331	12371.988
29393	12323.766
27526	12276.887
21943	12238.283
6149	12216.62
24153	12208.855
28618	12221.173
27298	12247.582
21526	12283.528
6090	12326.054
24478	12362.812
28941	12394.556
27308	12414.494
21210	12421.797
6062	12420.751
24336	12408.269
29002	12394.613
27192	12380.91
21065	12371.148
6066	12370.729
24338	12374.502
28951	12387.829
27102	12405.421
21687	12424.902
6273	12446.942
24186	12463.434
28810	12479.041
27624	12489.841
21761	12496.295
6197	12502.5
24017	12503.297
28268	12505.514
27544	12505.982
22155	12504.973
6179	12505.65
24091	12501.758
28821	12499.109
27642	12494.475
21784	12488.549
6158	12485.136
23810	12478.787
28478	12476.02
27446	12473.569
21853	12471.375
6311	12472.295
24433	12469.764
28929	12469.637
27539	12468.657
21602	12467.876
6116	12471.568
24013	12474.866
29023	12484.96
27708	12499.1045
21769	12517.328
6258	12541.386
24100	12563.333
28513	12586.824
27464	12606.072
21635	12619.746
6175	12630.721
24189	12634.049
28729	12638.349
27402	12643.421
21735	12652.773
6169	12671.606
24151	12694.357
29473	12725.247
27938	12756.92
21831	12783.902
6109	12802.86
24513	12801.831
29133	12783.134
27411	12742.52
22290	12682.913
6336	12613.977
24117	12538.043
28826	12470.936
27694	12418.106
22068	12386.25
6179	12381.323
24235	12395.25
29422	12428.245
27873	12468.313
22329	12505.785
6248	12534.894
24343	12543.2705
29105	12534.812
27614	12508.578
21821	12471.277
6088	12435.303
24529	12404.644
29388	12394.492
27634	12407.608
21884	12445.887
6083	12509.753
24151	12586.109
29464	12671.147
27796	12750.812
21851	12815.6455
6234	12861.622
24232	12879.377
28836	12875.845
27479	12851.915
22033	12814.464
6188	12774.477
24328	12732.742
29459	12700.511
27758	12677.216
22033	12662.813
6233	12658.367
24387	12654.175
29466	12652.476
27518	12647.228
21680	12637.299
6181	12626.178
24423	12609.654
29244	12596.899
27051	12587.979
21628	12585.411
6204	12593.661
24516	12606.202
29510	12627.323
27470	12650.974
22069	12673.747
6304	12695.746
24251	12708.3955
29097	12716.778
27286	12717.745
21757	12712.745
6231	12707.07
23983	12696.892
28896	12690.165
27698	12684.647
21905	12680.823
6079	12681.577
23909	12679.73
29055	12680.236
27782	12678.868
21911	12675.375
6125	12673.168
23963	12667.228
29027	12665.068
27539	12664.954
21170	12668.427
6031	12679.3125
23921	12691.264
28906	12709.146
27128	12727.553
21193	12743.723
6058	12757.646
23723	12760.22
28474	12755.549
27341	12739.409
21950	12712.567
6199	12680.765
23671	12641.895
28288	12607.132
27068	12578.629
21754	12561.562
6161	12563.069
24202	12579.037
29111	12615.403
27576	12666.029
21791	12725.835
6081	12791.237
23876	12848.428
29088	12896.56
28025	12926.816
22185	12936.599
6202	12929.571
23854	12902.938
28488	12869.12
27393	12832.333
21955	12800.392
6173	12783.302
23866	12779.229
28576	12795.363
27284	12825.8955
21506	12865.547
6178	12910.147
24443	12945.685
29116	12971.728
27456	12980.805
21829	12971.842
6138	12950.471
24268	12915.689
29488	12880.562
27195	12849.188
21741	12827.137
6109	12820.846
24067	12824.205
29221	12840.106
27628	12859.579
22151	12876.067
6173	12886.869
24467	12881.599
29388	12865.483
27489	12837.732
22194	12803.751
6154	12774.232
24459	12750.684
29553	12745.548
27457	12758.907
21654	12789.968
6073	12837.508
23863	12887.505
29368	12936.538
28330	12971.784
22384	12986.026
6178	12978.807
24078	12944.649
29421	12894.872
27822	12834.815
21725	12775.065
6169	12729.162
24485	12699.048
29479	12695.281
28422	12714.1455
22373	12750.939
6189	12800.767
24169	12847.322
29464	12886.545
28169	12906.984
22670	12904.008
6248	12881.024
24061	12835.815
28929	12782.053
27975	12725.667
22074	12676.196
6473	12644.495
24806	12628.925
29488	12636.609
27892	12661.133
22501	12696.271
6211	12737.118
24012	12768.667
29269	12789.641
27990	12791.541
22560	12772.224
6284	12736.262
23810	12681.627
28848	12620.628
27984	12556.992
22229	12497.573
6203	12451.138
24193	12414.844
29078	12396.101
27799	12390.349
22103	12394.7295
6151	12408.571
24002	12421.552
29495	12436.195
28122	12447.029
22355	12453.396
6184	12459.792
24321	12462.607
29614	12471.548
28183	12486.996
21999	12512.056
6163	12551.34
24162	12598.004
29217	12655.326
27741	12714.942
22154	12770.257
6236	12817.437
24163	12843.641
29444	12850.199
28361	12831.818
22512	12789.688
6287	12732.017
24151	12660.363
29265	12590.592
27939	12529.237
22344	12484.934
6200	12467.186
23930	12471.872
29198	12503.285
28166	12552.405
21875	12610.936
6230	12672.337
24361	12721.194
29318	12756.992
28234	12772.947
22616	12769.491
6288	12754.371
24233	12728.218
29748	12705.462
28686	12690.391
22323	12688.671
6151	12706.008
24595	12734.746
30166	12776.682
29031	12821.729
23040	12862.54
6343	12896.114
24903	12911.605
30846	12913.673
29411	12900.771
23428	12876.929
6536	12851.432
25183	12823.753
30853	12804.958
29794	12794.662
23953	12793.597
6624	12803.94
25512	12816.076
31998	12832.61
30670	12847.474
24915	12858.843
6915	12870.603
26288	12877.374
32478	12887.651
30261	12900.777
24188	12918.103
6682	12943.438
25949	12968.352
32380	12995.606
30831	13017.893
24719	13031.137
6696	13036.472
26433	13025.962
32866	13006.951
31143	12979.682
25077	12948.9795
6757	12924.29
26529	12903.331
33331	12895.232
31699	12897.673
25079	12909.054
6754	12929.574
26415	12947.254
33031	12962.865
31241	12968.971
24556	12962.907
6447	12947.621
25698	12917.55
32830	12881.358
31360	12839.614
24903	12796.076
6422	12757.785
25652	12720.306
32961	12690.969
30865	12667.723
24293	12651.066
6380	12645.15
26154	12643.96
34008	12653.8
31882	12672.233
25408	12698.781
6494	12735.805
26106	12773.152
33361	12811.796
31676	12843.118
25219	12861.581
6398	12866.703
25776	12849.352
33704	12816.204
31597	12768.805
25396	12714.356
6413	12665.734
25707	12624.885
33742	12604.637
32461	12605.765
25520	12628.015
6296	12670.479
25721	12717.605
33960	12764.276
32229	12796.979
25754	12807.247
6384	12794.665
25826	12752.92
33968	12693.38
32506	12622.771
25824	12553.055
6401	12499.757
25816	12464.838
33861	12458.632
32019	12477.923
25599	12517.573
5937	12573.016
25179	12627.204
34393	12676.16
32459	12710.717
26038	12728.939
5877	12737.897
25054	12737.276
34698	12741.286
32686	12756.317
26116	12789.174
5959	12847.494
24813	12922.761
34843	13014.078
33194	13109.647
26322	13199.447
5838	13279.194
24959	13336.639
35150	13376.755
33440	13401.679
26307	13420.757
5760	13450.01
25048	13493.558
35493	13565.005
33538	13665.015
26020	13790.909
5736	13938.159
25086	14086.222
35622	14224.256
33048	14334.884
26327	14406.659
5863	14438.467
25276	14425.034
36138	14380.155
33439	14315.543
25770	14248.144
5592	14198.751
25299	14173.721
36244	14185.945
34343	14233.96
26354	14312.859
5660	14416.288
25191	14523.666
36276	14626.111
33974	14709.239
26955	14765.014
5757	14794.61
25294	14792.015
36760	14767.045
34492	14724.0
26755	14670.051
5599	14614.957
25010	14554.967
36920	14495.797
34619	14434.2705
27363	14369.464
5708	14305.688
24811	14237.25
36704	14172.89
34841	14116.195
27758	14074.441
5476	14059.333
23247	14068.895
36607	14109.037
35294	14174.783
27465	14259.655
5393	14357.868
22033	14450.868
35984	14530.915
35751	14585.825
28296	14610.49
5583	14609.056
22423	14579.043
37003	14532.404
35898	14477.167
28267	14424.135
6039	14386.962
27096	14363.88
39687	14361.82
37404	14376.78
29991	14404.303
6549	14443.25
27564	14479.773
41169	14513.421
39546	14538.869
31580	14555.878
6844	14571.13
29474	14578.743
43822	14585.76
42402	14591.434
34119	14596.287
7588	14604.416
32686	14604.007
50124	14595.988
50218	14575.378
42747	14541.596
10311	14503.078
45866	14451.013
70649	14394.179
79089	14335.324
73348	14281.836
18554	14252.077
71769	14230.879
105962	14222.109
114104	14221.223
100128	14227.459
23265	14253.864
74628	14275.05
108690	14289.826
121084	14291.222
110081	14280.311
23888	14277.667
6470	14280.7295
-779944	14295.682
-1404862	14318.557
-643319	14345.417
-73800	14391.039
-17337	14426.478
-723682	14456.831
-1331407	14471.797
-606561	14466.4795
-68127	14453.671
-11512	14417.981
-681502	14378.458
-1173890	14339.235
-470840	14418.598
-49262	14466.956
14305	14508.313
-592429	14542.251
-987469	14552.2
-263256	14596.28
-8894	14580.425
5586	14531.888
-629096	14468.246
-1108251	14402.646
-424722	14459.296
-43544	14515.956
-28517	14614.971
-850432	14753.824
-1559446	14907.687
-650585	15047.503
-67847	15154.803
-26616	15193.436
-839411	15166.244
-1590461	15078.777
-730578	14957.616
-87831	14859.255
-56429	14813.99
-928380	14867.657
-1647026	15031.458
-850812	15291.769
-96567	15618.644
87573	15902.222
-539656	16102.326
-804340	16161.081
101298	16050.927
161758	15777.044
123007	15414.841
-164772	15126.383
-470154	15047.9375
-410344	15203.059
-87632	15539.602
-92514	16048.463
-915596	16635.074
-1592229	17163.896
-918665	17502.973
-130467	17569.88
-56269	17319.918
-854022	16831.229
-1454398	16244.649
-749545	15756.904
-96607	15583.649
20151	15849.67
-634624	16636.357
-1095438	17878.908
-368456	19489.48
-26099	21074.723
6867	22367.42
-528782	23129.12
-780438	23229.383
-14738	22712.148
39885	21774.273
-9191	20776.56
-484681	20231.033
-581083	20449.422
271950	21609.94
102731	23680.916
-10844	26399.092
-263663	29253.305
-305434	31776.166
23944	33447.645
12863	34087.848
-24362	33797.574
-598265	33010.723
-1003792	32428.54
-292534	32951.125
-11474	35255.33
-19266	39883.547
-575276	46930.03
-909542	55985.832
-211212	66230.51
3414	76405.27
-5002	85247.2
-513029	91623.9
-731080	94767.02
-59536	94435.664
25018	90883.414
2406	84830.125
-502032	77206.125
-795345	68901.88
-157142	60582.715
4092	52405.465
-4081	44163.59
-624556	35313.426
-1166447	25204.033
-558915	13360.907
-68961	-252.3477
-603	-15151.816
-649409	-30269.516
-1195194	-44189.97
-565314	-55442.137
-68492	-62850.695
5319	-65927.26
-690577	-64982.91
-1260721	-61181.48
-607725	-56293.793
-75612	-52272.445
-9485	-50827.3
-740489	-52884.812
-1287314	-58346.47
-595359	-66021.414
-71829	-73846.67
-11424	-79426.99
-779681	-80586.74
-1360417	-76035.48
-661414	-65789.33
-84549	-51288.094
-34241	-35226.92
-835337	-20919.34
-1432390	-11556.252
-701827	-9356.896
-90119	-14888.285
-32201	-26798.74
-843540	-41892.36
-1445968	-55783.914
-695265	-63838.844
-88052	-62266.53
-54275	-49169.664
-920195	-25142.652
-1561185	6568.98
-763977	40562.35
-85567	70291.02
15786	89348.9
-867814	92925.36
-1504350	78844.125
-690717	48165.547
-81277	5116.6426
-60677	-43747.523
-962638	-90770.94
-1602114	-128768.95
-758304	-152450.45
-94294	-159425.02
-79199	-150598.69
-1020898	-129780.88
-1699560	-102709.695
-843956	-75631.875
-111631	-53815.93
-86634	-40389.96
-1051062	-35686.164
-1731451	-37378.715
-844547	-41277.902
-109034	-42632.055
-81599	-37642.906
-1054179	-24728.166
-1734692	-5315.684
-829121	16161.348
-104605	33064.254
-83672	37965.773
-1080019	24458.684
-1782523	-11163.475
-853625	-68651.3
-109332	-143335.64
-96816	-226626.77
-1140550	-307336.28
-1903873	-373674.53
-961976	-415425.97
-132260	-425895.16
-115826	-403246.9
-1221898	-350860.38
-2040103	-276743.9
-1067897	-192022.25
-152532	-108859.7
-136054	-38280.637
-1297254	11772.234
-2143357	37634.18
-1113207	40269.81
-157045	24696.717
-160357	-1370.069
-1386864	-29271.854
-2281899	-51258.1
-1205692	-61952.598
-169263	-59212.832
-103601	-44262.746
-1368536	-21008.588
-2324607	5026.766
-1216407	28130.842
-172854	43725.88
-72759	49237.97
-1546107	44617.156
-3184996	32034.504
-1781415	15245.464
-257879	-1349.0752
-189559	-13874.523
-2048126	-19680.309
-3628362	-17915.025
-2046070	-9541.127
-344112	3090.8137
-627076	16885.344
-2386183	28732.475
-3286617	36250.28
-1865179	38275.207
-308936	34916.934
-353427	27571.28
-1842016	18341.674
-2805822	9474.705
-1593984	2852.0837
-257481	-503.7387
-297944	-278.55844
-1674051	2683.8433
-2556384	7027.0938
-1419563	11207.058
-223140	13825.144
-257963	14144.642
-1489706	11906.35
-2274461	7537.1147
-1218172	1909.8396
-184812	-4001.5388
-248257	-9104.804
-1476426	-12902.951
-2267434	-15228.965
-1261423	-16305.882
-198339	-16622.518
-241867	-16698.049
-1422549	-16910.662
-2153907	-17376.877
-1165727	-17882.518
-178223	-17974.93
-230661	-17071.797
-1355364	-14684.451
-2074569	-10620.269
-1155010	-5075.2676
-176262	1321.0043
-153794	7609.016
-1159643	12697.821
-1819689	15473.898
-948968	15143.009
-131589	11351.662
-220397	4307.272
-1259272	-5326.9326
-1877232	-16489.107
-1028049	-27861.314
-148051	-38123.332
-173456	-46208.54
-1188461	-51540.324
-1813808	-53909.875
-1003082	-53557.4
-152023	-51096.73
-210452	-47358.027
-1206547	-43243.56
-1818794	-39595.203
-1032669	-37017.453
-162777	-35826.695
-209313	-35995.062
-1170929	-37205.555
-1748279	-38989.168
-982301	-40769.89
-151500	-42083.684
-201311	-42432.695
-1147712	-41805.74
-1719820	-40394.715
-971442	-38637.457
-154056	-37157.914
-221981	-36581.047
-1178052	-37494.4
-1796782	-40274.805
-1103157	-44841.574
-188211	-50861.11
-208809	-57703.945
-1130095	-64561.453
-1685135	-70560.34
-960349	-75098.5
-149975	-77773.74
-185751	-78690.35
-1089372	-78302.664
-1658351	-77359.05
-966224	-76729.555
-154415	-77185.414
-186581	-78969.63
-1097301	-81937.766
-1663058	-85248.055
-959796	-87545.33
-156206	-87259.11
-131948	-82871.39
-968166	-73569.72
-1508109	-59469.887
-809936	-41919.426
-113916	-23530.883
-176512	-7879.788
-1052509	871.52924
-1580494	-1241.1656
-884004	-17274.104
-133709	-48718.28
-183372	-94899.93
-1071712	-153049.22
-1602679	-218361.02
-894672	-284635.7
-134525	-345156.47
-181517	-393658.03
-1065280	-425298.5
-1586947	-437446.38
-861773	-430019.28
-123546	-405478.53
-182004	-368329.9
-1070432	-324353.47
-1596432	-279663.47
-874983	-239669.73
-130727	-208299.05
-190485	-187466.44
-1117351	-176990.66
-1703819	-174932.02
-1010912	-178141.78
-170301	-183059.4
-194436	-186485.89
-1105205	-186203.02
-1683557	-181385.62
-962923	-172585.98
-154407	-161478.8
-194751	-150327.02
-1083964	-141372.08
-1626234	-136303.5
-907661	-135809.03
-140542	-139443.47
-152705	-145719.81
-1022387	-152466.08
-1507282	-157378.52
-699912	-158508.9
-72711	-154738.48
-85097	-145984.7
-874962	-133224.61
-1285821	-118302.68
-462250	-103401.22
-14010	-90895.39
53743	-82472.24
-577132	-78974.08
-915820	-80298.96
-98528	-85367.79
85713	-92559.375
-9826	-99919.14
-693117	-105702.67
-1073874	-108743.37
-305065	-108578.08
10349	-105741.17
-47706	-101280.66
-818286	-96657.4
-1306561	-93340.13
-587818	-92443.48
-69368	-94469.48
-163484	-99195.12
-1075699	-105765.484
-1663390	-112898.22
-948975	-119181.27
-154859	-123413.4
-215413	-124864.42
-1195200	-123462.9
-1842569	-119802.49
-1130389	-114985.61
-198958	-110375.266
-243444	-107264.08
-1227544	-106596.945
-1834517	-108758.95
-1080462	-113477.94
-181919	-119908.086
-214424	-126781.67
-1148766	-132722.89
-1719374	-136547.31
-973802	-137506.55
-162406	-135456.19
-278800	-130817.5
-1379917	-124534.75
-2188750	-117818.75
-1386996	-111862.98
-247667	-107584.34
-327367	-105389.86
-1395067	-105136.086
-2179554	-106167.27
-1377297	-107475.47
-241010	-107974.016
-290637	-106708.25
-1315106	-103147.766
-2016574	-97305.48
-1215214	-89758.07
-192347	-81559.75
-50278	-74007.06
-758694	-68320.34
-1149201	-65470.375
-349256	-65850.195
46891	-69476.766
-110461	-75620.81
-880603	-83217.18
-1317104	-91056.3
-561761	-97866.35
-44937	-102830.21
-114903	-105657.89
-922179	-106318.49
-1419849	-105311.08
-687207	-103367.8
-88754	-101278.64
-112179	-99698.016
-907624	-98999.76
-1407284	-99178.24
-716826	-100022.516
-106681	-101162.734
-145436	-102171.57
-1108571	-102884.02
-1820674	-103266.51
-1103372	-103546.23
-192648	-104124.33
-220092	-105453.22
-951127	-107914.51
-1319587	-111587.32
-634852	-116108.83
-116161	-120916.21
-235143	-125248.99
-1331971	-128174.7
-2108122	-128921.97
-1169106	-127069.78
-178114	-122680.58
-129264	-116288.14
-990902	-108831.63
-1589418	-101391.32
-867663	-94972.18
-132264	-90225.28
-94868	-87257.94
-906973	-85565.27
-1442497	-84071.81
-702472	-81378.47
-92618	-76061.97
-65688	-67011.914
-853139	-53743.03
-1381311	-36522.676
-665843	-16432.775
-78842	4796.8027
-2117	25058.572
-832241	42267.68
-1437707	54718.93
-741251	61388.145
-107325	62104.13
-75005	57463.508
-905942	48699.156
-1513415	37412.656
-808816	25178.398
-121038	13264.267
-77675	2386.4387
-866919	-7357.094
-1411886	-16387.246
-688964	-25480.826
-94479	-35500.477
-66306	-47145.074
-838653	-60736.137
-1367901	-76090.12
-642356	-92571.88
-83339	-109200.36
-58260	-124853.72
-818389	-138488.14
-1341359	-149285.12
-618151	-156804.6
-79347	-160998.16
-57564	-162174.03
-807959	-160907.83
-1322379	-157884.95
-607328	-153848.8
-81554	-149529.92
-113017	-145639.97
-1060269	-142928.69
-1871878	-142132.05
-1085001	-144012.53
-165732	-149255.14
-125279	-158369.2
-1015648	-171479.11
-1648957	-188140.17
-863362	-207229.53
-120221	-226924.27
-30152	-244840.16
-698806	-258288.05
-1161011	-264664.6
-525234	-261820.23
-70432	-248893.72
-85822	-226128.02
-851649	-195279.19
-1424568	-159395.5
-803953	-122476.7
-109667	-88896.664
61969	-62786.773
-551891	-47275.93
-930621	-44036.062
-247444	-52880.375
12705	-72005.8
-46688	-97959.33
-698776	-126364.734
-1007461	-152500.42
-280981	-172005.9
2116	-181711.02
-68221	-179796.64
-783115	-166235.0
-1277639	-142634.67
-676682	-112015.36
-104989	-78336.875
-87937	-45975.113
-789220	-19165.54
-1264684	-1467.3246
-673652	4583.0693
-107714	-2268.0715
-92414	-21904.658
-772171	-52898.434
-1288874	-92620.14
-773677	-137548.03
-152993	-183576.5
-247618	-226414.45
-1468394	-262064.4
-2280914	-287144.75
-1224642	-299322.4
-195199	-297590.22
-172880	-282386.6
-1004532	-255592.17
-1473406	-220295.78
-719751	-180422.92
-121135	-140218.53
-205716	-103606.25
-1212616	-73732.1
-2044939	-52449.918
-1203352	-40141.45
-192492	-35735.285
-135772	-36981.85
-947447	-40929.367
-1530030	-44502.484
-833551	-45111.074
-130471	-41130.727
-106664	-32172.457
-903301	-19128.055
-1487446	-3891.6968
-789686	11051.52
-105896	23123.967
8378	30382.824
-702239	31580.812
-1111862	26655.152
-372743	16735.193
-25044	3540.203
-83444	-10547.507
-875679	-23376.951
-1503672	-33196.723
-880087	-39055.92
-144864	-40901.71
-80137	-39361.297
-780120	-35736.72
-1287117	-31399.158
-673195	-27538.762
-99286	-24878.504
-57404	-23577.586
-762394	-23245.734
-1249153	-23127.16
-623847	-22426.1
-101074	-20562.045
-154181	-17401.2
-1049104	-13370.882
-1795061	-9345.896
-1027485	-6491.675
-160282	-5958.5347
-132867	-8586.58
-964072	-14660.005
-1633866	-23778.688
-982486	-34933.08
-162937	-46685.48
-139384	-57492.21
-961595	-66048.08
-1638472	-71542.26
-1004454	-73864.76
-163299	-73603.91
-128624	-71905.78
-736280	-70187.92
-971812	-69713.98
-587827	-71216.42
-115140	-75012.086
-138255	-80412.94
-677519	-86123.44
-875821	-90379.46
-573746	-91275.95
-113702	-87532.125
-122987	-78363.734
-800478	-64016.684
-1200936	-45675.234
-583580	-25248.29
-100574	-5429.754
-152924	11252.453
-598306	22669.508
-759994	27332.645
-565217	24759.238
-114976	15502.664
-166493	1391.8538
-520027	-15254.792
-634225	-31757.285
-517984	-45653.074
-117462	-55138.285
-207927	-58968.094
-556080	-56956.203
-680994	-50132.332
-540233	-40257.926
-121842	-29637.111
-252595	-20541.756
-657226	-15005.65
-766681	-14589.883
-595440	-20129.102
-131161	-31645.37
-226192	-48176.504
-634765	-68087.81
-811434	-89404.0
-639532	-110104.42
-130720	-128274.65
-225009	-142561.19
-884408	-152053.36
-1353971	-156558.06
-1034786	-156522.25
-187059	-152962.45
-249278	-147047.02
-1370251	-140122.58
-2210791	-133529.89
-1217470	-128179.55
-199752	-124535.67
-202239	-122537.11
-1196019	-121685.77
-2041772	-121148.17
-1138686	-119913.69
-176551	-117007.945
-135124	-111672.3
-1126565	-103487.71
-1924294	-92489.8
-1087062	-79149.61
-168443	-64313.527
-33589	-49137.457
-712659	-34833.688
-1297369	-22578.89
-486091	-13217.08
-8250	-7530.9277
108854	-5703.1987
-395654	-7472.6265
-671862	-12197.313
102614	-18865.814
120799	-26242.812
-41863	-32978.43
-700887	-37830.97
-1140589	-39836.06
-465387	-38325.18
-60527	-33392.24
-106382	-25499.523
-671691	-15680.142
-749999	-5401.342
-205424	3682.0852
-35302	9863.458
-157079	11828.36
-588877	8857.858
-633961	813.65393
-460811	-11657.17
-104804	-27200.314
-166911	-43801.246
-504199	-59171.6
-587922	-71251.47
-496639	-78490.02
-114326	-80194.31
-180084	-76507.52
-567742	-68501.39
-733525	-58136.27
-650364	-47863.188
-150589	-40242.54
-238691	-37231.906
-716640	-39946.996
-822377	-48584.266
-598438	-62301.445
-139764	-79353.99
-268679	-97242.86
-496406	-113339.24
-512672	-125442.625
-370557	-132133.83
-74945	-133086.77
-55966	-129064.34
-26042	-121912.59
316428	-114338.266
957039	-109225.516
370791	-109384.41
41706	-116649.74
-252024	-132167.95
-238244	-155817.83
147733	-186312.45
55684	-221160.83
-72186	-257205.81
-697489	-291027.22
-1032836	-319474.5
-342165	-339964.75
-21976	-351165.2
-50839	-352723.44
-785641	-345814.0
-1376075	-332693.44
-729203	-316498.97
-117422	-300816.0
-90851	-289079.84
-872452	-284291.47
-1476347	-288328.88
-808556	-301731.28
-132364	-323534.5
-66991	-351389.12
-750774	-381772.5
-1241067	-410521.4
-563205	-433271.88
-78287	-446498.0
-56241	-447559.62
-778451	-435346.5
-1304066	-410417.03
-582407	-374887.34
-76352	-332092.8
-58672	-286082.7
-769852	-240962.77
-1276732	-200288.28
-562635	-166616.77
-72558	-141199.31
-89448	-123943.805
-674176	-113645.41
-541362	-108238.46
-50477	-105669.914
10624	-103886.164
-53187	-101398.984
-305116	-97431.97
-199783	-91956.73
1054	-85425.34
-4132	-78387.33
-98208	-71214.66
-464831	-63795.688
-400294	-55655.727
-34587	-45917.312
5536	-33436.348
-124417	-17261.195
-996556	2948.7512
-1639707	26705.1
-862534	52587.668
-122846	78353.5
-8300	101228.79
-798826	118450.195
-1397098	127664.43
-707134	127439.82
-106040	117474.06
-64920	98764.43
-815167	73072.734
-1483200	42823.277
-822244	10494.125
-131146	-21823.441
-63890	-52826.555
-772722	-82022.72
-1301781	-109727.36
-617191	-136697.44
-88296	-163725.92
-67445	-191255.16
-788876	-219052.69
-1345229	-246177.61
-673331	-271113.84
-101651	-292148.72
-65271	-307903.5
-777653	-317771.7
-1318656	-322281.25
-643050	-323192.3
-94411	-323244.94
-53717	-325658.03
-745657	-333355.16
-1274432	-348217.78
-606186	-370401.9
-87915	-397964.8
-59978	-426923.25
-760036	-451671.0
-1299123	-465868.78
-648879	-463511.62
-99148	-440060.5
-49417	-393451.22
-640978	-324640.75
-985071	-237782.67
-289115	-139720.72
-4118	-39375.188
-51702	54033.15
-708761	131659.27
-1184403	186746.98
-513718	215549.17
-63040	217376.61
-46782	195278.39
-683843	154777.34
-1147351	103358.33
-484154	49282.637
-47666	-44.55506
52896	-38426.586
-539689	-62299.043
-966610	-70678.57
-313381	-64929.234
-14806	-48729.668
-28086	-26982.178
-613613	-5143.176
-1012935	11918.807
-349853	20751.54
-22537	19407.021
-28096	7983.887
-604356	-11784.7
-981962	-36686.07
-304324	-62578.375
-8316	-85440.54
-21544	-101745.21
-582325	-109268.94
-949132	-107163.3
-279352	-95994.7
-6327	-77935.12
-55240	-56063.94
-693317	-34093.305
-1263590	-15480.814
-718714	-2889.658
-115437	2116.8145
-42774	-856.0249
-686915	-10798.515
-1197811	-25820.988
-617694	-43326.086
-99930	-60613.887
-68900	-75424.41
-748512	-86312.61
-1263134	-92827.414
-619666	-95541.836
-90007	-95806.41
-26969	-95384.48
-609762	-95965.26
-1010220	-98728.53
-336619	-103961.68
-19152	-111199.96
-29132	-118986.79
-624296	-125360.19
-1051321	-128244.11
-423982	-125809.59
-51454	-117228.46
-90974	-102531.75
-860404	-82871.16
-1602880	-60367.625
-952435	-37666.84
-148649	-17536.973
56163	-2199.3281
-242901	6832.005
-359939	9088.998
-142013	5170.6196
-40550	-3345.4539
-141869	-14273.545
-568393	-25267.242
-664249	-34343.95
-517671	-40240.344
-117727	-42618.27
-161889	-41639.555
-617741	-38299.176
-709523	-33938.133
-526645	-29925.078
-119197	-27353.537
-147157	-26617.492
-635919	-27563.861
-608035	-29693.285
-243472	-32145.596
-51158	-34042.105
-118172	-34707.137
-513814	-33867.703
-446804	-31745.168
-46534	-28857.676
-2882	-25844.02
-76386	-23345.854
-440228	-21846.668
-416102	-21548.113
27876	-22273.207
30776	-23480.309
-44084	-24594.879
-556140	-25351.902
-781944	-25678.785
-153055	-25748.02
13052	-26253.371
-15256	-28102.348
-542142	-32343.162
-840956	-39605.29
-192254	-49906.234
8000	-62742.37
-23223	-76861.47
-600324	-90587.04
-1030431	-101930.49
-413319	-108901.336
-48197	-110342.17
-28678	-105629.336
-650027	-95170.89
-1150079	-80199.39
-520055	-62522.32
-58904	-44641.387
24461	-28963.932
-594786	-17362.512
-1025031	-10940.215
-403821	-9815.267
-48839	-13487.459
-10812	-20467.623
-520907	-29077.07
-803961	-37503.367
-200399	-44174.67
-4424	-48156.62
-42540	-49062.48
-506321	-47015.996
-679362	-42754.816
-147757	-37279.027
-1534	-31594.42
-31614	-26529.287
-464202	-22624.242
-645591	-19969.984
-178794	-18523.084
-18559	-17943.951
-67369	-17578.467
-572926	-17146.21
-780411	-16388.273
-224396	-15176.68
-16096	-13648.173
-36911	-11950.311
-502692	-10170.964
-737247	-8486.077
-265786	-7160.227
-37446	-6274.5464
-90497	-5846.0586
-654966	-5942.957
-1032029	-6670.5137
-526560	-8145.1924
-92761	-10573.283
-80510	-14222.665
-593362	-19209.857
-939567	-25455.156
-440819	-32465.264
-66698	-39792.97
-43156	-46678.082
-528044	-52159.316
-840930	-55476.477
-348402	-56228.273
-47063	-54418.254
-26006	-50679.984
-468390	-46089.61
-783291	-42261.855
-331793	-41361.32
-39818	-45520.426
-24555	-56590.324
-595962	-75869.6
-1009657	-103844.83
-559508	-139933.7
-98127	-182442.25
-73694	-228729.56
-634871	-275369.56
-984481	-318634.72
-463579	-354817.4
-75849	-381052.25
-46180	-395343.88
-571826	-397021.1
-934779	-386872.56
-404999	-366882.97
-54806	-340223.84
-37711	-310398.56
-544198	-280843.4
-886298	-254354.8
-361029	-232547.52
-45845	-215894.17
-50798	-203413.12
-584960	-193112.31
-963231	-182473.44
-458539	-168926.86
-72089	-150791.77
-45549	-127325.58
-563114	-99126.734
-919627	-68056.47
-408196	-36753.926
-58979	-8379.205
-38843	14401.911
-542719	29834.72
-888092	37455.15
-376436	38276.066
-50393	34244.824
-32958	28050.186
-521442	22402.102
-858760	19132.092
-356528	18764.094
-46453	20404.643
-32479	22073.518
-511853	20931.451
-836371	14640.908
-337975	1653.8376
-42359	-17750.775
-31831	-41015.15
-512671	-63963.777
-851477	-81357.07
-357812	-88250.266
-38141	-81055.07
25804	-58560.723
-475357	-23179.018
-829957	19295.33
-337766	60400.953
-44236	90018.016
-43927	98753.984
-558304	79393.88
-912456	28918.469
-389308	-50436.754
-52989	-151373.66
-41384	-261878.75
-560601	-367542.72
-915241	-453647.5
-372289	-507735.8
-46392	-522167.28
-30046	-495097.88
-539735	-431354.88
-908605	-341387.34
-365747	-239447.28
-43371	-141378.61
-47492	-61374.766
-642099	-9990.423
-1063181	7852.3647
-499609	-6483.0415
-84989	-46234.01
-146568	-100338.51
-1184440	-155941.86
-2017749	-200904.2
-1076891	-226025.86
-173383	-226672.17
-15133	-203502.56
-669869	-161974.14
-1213636	-111192.08
-334718	-61886.31
19273	-24570.62
-7514	-7238.156
-599820	-14145.801
-1043200	-45150.617
-367756	-95764.555
-30241	-158427.53
-47731	-223404.12
-731406	-280985.12
-1323579	-322751.25
-686883	-342897.8
-111705	-338983.47
-55704	-311898.75
-742339	-265806.06
-1333720	-207011.67
-678343	-143005.44
-95664	-81319.49
24820	-28573.115
-687925	10448.138
-1303906	33046.05
-667425	39027.04
-107871	30418.496
-57692	10866.35
-745287	-14795.923
-1323115	-41321.805
-656097	-63717.812
-102224	-78105.79
-50801	-82281.29
-726597	-76049.44
-1288129	-61105.74
-616091	-40667.477
-92301	-19077.14
-51864	-1010.5728
-728236	9407.798
-1295114	9564.082
-629131	-937.65845
-96194	-20292.664
-52299	-44757.32
-730184	-69149.33
-1302586	-87878.375
-636087	-96031.05
-98043	-90695.8
-52801	-71879.9
-726283	-42618.613
-1289026	-8838.714
-629587	21597.982
-97353	40059.027
-50622	38565.996
-714941	11610.441
-1277572	-42761.117
-628716	-122373.52
-97341	-220997.45
-46597	-329117.66
-589419	-435393.94
-797734	-528253.2
-133407	-597650.25
16071	-636624.25
-58015	-641980.3
-737688	-614877.5
-1332775	-560186.7
-704288	-485582.56
-116072	-400229.4
-5402	-313184.28
-551696	-232420.64
-1045844	-163664.34
-441606	-109917.9
-44580	-71944.46
29797	-48045.812
-378105	-35366.93
-348550	-30577.252
181888	-30432.887
79134	-32510.73
6091	-34920.55
-226779	-36865.51
-130701	-38206.96
208331	-39161.48
65229	-39891.043
2797	-40429.06
-211758	-40722.99
-87316	-40734.285
241695	-40383.973
76526	-39732.566
-8597	-39258.426
-239984	-39663.234
-146478	-41839.78
127213	-46672.895
32807	-54396.996
-47327	-64888.33
-285544	-77243.73
-202985	-89981.66
762	-101238.71
-3494	-109060.6
-89002	-111757.17
-352248	-108402.88
-254189	-99093.26
-59456	-84761.89
-23411	-67119.26
-97031	-48588.42
-337347	-31634.586
-263344	-18407.658
-56404	-10369.806
-12746	-8057.352
-47718	-10836.742
-137342	-17490.137
-58638	-26189.512
-3161	-34890.527
-1310	-41763.027
-34634	-45294.242
-202845	-44827.598
-105267	-40471.445
17617	-32805.527
-4609	-22774.463
-103284	-11738.113
-618099	-1037.456
-862505	8222.732
-424467	15440.355
-76892	20187.186
-48451	22271.65
-609505	21714.594
-923746	18767.166
-450958	13896.407
-84505	7422.127
-117666	-90.03563
-543306	-7921.936
-687574	-15432.823
-469727	-22019.855
-108509	-27185.596
-127534	-30302.238
-419499	-31186.096
-535524	-29947.572
-448599	-27049.672
-107263	-23325.066
-133681	-19498.459
-393022	-16485.852
-506912	-14996.747
-443284	-15423.025
-106446	-17813.477
-142062	-21520.852
-391089	-25739.475
-495782	-29483.06
-434234	-31861.504
-105007	-32375.95
-147600	-30682.533
-387157	-27174.678
-485922	-22663.824
-426868	-18255.24
-104015	-15173.193
-154950	-14111.946
-388252	-15483.327
-479749	-19049.156
-423812	-23970.318
-104689	-29039.854
-166277	-32603.361
-396265	-33376.574
-475130	-30638.281
-413113	-24357.266
-102369	-15488.317
-167773	-5816.3003
-386529	2277.6997
-457175	6236.185
-399424	3672.1504
-99736	-6754.8267
-166042	-25261.12
-382051	-50620.76
-452326	-80281.51
-395524	-110539.75
-99520	-137177.84
-171289	-156220.02
-381429	-164467.77
-447606	-160056.83
-392541	-142818.14
-98627	-114451.15
-169156	-77949.44
-379734	-37590.28
-445135	1941.7566
-389522	36236.92
-98449	61744.152
-171782	76609.6
-380248	80427.36
-442550	74410.26
-387545	61008.37
-98337	43291.03
-175032	24662.113
-380760	7796.813
-439915	-5585.918
-385011	-14986.599
-98068	-21166.637
-175614	-25512.027
-379823	-30028.83
-437922	-36557.23
-383191	-46310.973
-97586	-59607.703
-174006	-75325.445
-377904	-91609.31
-436994	-105882.12
-382469	-115467.32
-97922	-118179.93
-177318	-112675.305
-377262	-98867.31
-433601	-78134.88
-380375	-53001.348
-98486	-26823.746
-183080	-2870.2966
-379760	15820.029
-430202	27237.04
-377639	30668.84
-98384	26701.605
-183029	17376.723
-376476	5258.276
-425809	-6887.649
-374401	-16762.926
-96995	-23080.172
-178594	-25713.104
-370641	-25808.877
-420047	-25632.455
-368714	-28000.842
-95774	-35718.234
-180590	-50803.65
-365931	-74080.35
-413682	-105008.31
-364989	-141579.31
-94313	-180677.23
-172959	-218461.66
-360438	-251066.66
-410363	-275384.62
-362427	-289494.8
-94414	-293013.97
-174710	-286973.5
-357848	-273664.66
-405807	-256254.2
-358848	-238128.3
-92716	-222351.92
-165379	-211043.3
-349527	-205174.08
-399910	-204593.97
-353743	-208142.81
-90326	-214050.3
-155467	-220242.38
-336784	-224866.94
-389848	-226725.23
-346442	-225397.89
-88244	-221297.86
-145997	-215372.02
-318679	-208895.5
-365277	-203223.97
-318848	-199419.22
-79635	-198076.94
-116113	-199121.33
-235046	-201929.05
-228537	-205574.73
-163325	-208993.98
-38035	-211251.8
-60797	-211698.92
-115517	-210108.27
-114518	-206743.14
-92432	-202208.31
-25092	-197322.22
-57184	-192831.78
-105944	-189401.53
-120500	-187353.08
-106552	-186697.03
-29681	-187159.48
-64874	-188241.4
-116526	-189353.53
-119695	-190040.58
-101220	-189992.69
-28179	-189189.47
-55816	-187608.47
-94554	-185637.17
-97845	-183720.33
-87074	-182117.89
-24172	-181109.58
-48271	-180738.23
-89777	-181039.39
-91810	-181818.86
-75151	-182735.4
-20789	-183506.0
-42961	-183995.17
-77627	-184050.89
-78737	-183689.8
-66689	-182965.36
-19046	-182066.55
-39411	-181279.03
-71034	-180729.77
-71896	-180523.8
-60129	-180615.52
-17259	-180948.2
-36500	-181471.52
-66839	-182023.88
-68797	-182486.97
-58983	-182716.55
-17123	-182701.81
-35577	-182524.86
-64802	-182275.83
-67341	-182079.02
-58092	-181980.02
-16907	-182085.47
-35491	-182477.84
-65234	-183159.25
-68464	-184078.84
-58888	-185074.47
-16783	-186031.92
-34353	-186867.1
-64174	-187484.88
-67105	-187821.17
-57206	-187830.05
-16264	-187567.0
-33956	-187113.6
-62181	-186576.05
-64577	-186084.92
-55876	-185699.25
-16011	-185513.11
-33323	-185574.19
-60669	-185849.34
-62678	-186234.39
-53988	-186617.9
-15721	-186929.2
-32544	-186958.97
-58922	-186748.56
-61684	-186333.89
-53578	-185807.06
-15367	-185363.02
-30392	-185020.0
-56236	-185009.52
-59392	-185456.98
-50601	-186279.7
-14579	-187336.0
-29651	-188449.23
-54809	-189455.86
-59233	-190124.53
-51159	-190194.53
-14724	-189545.67
-30451	-188209.81
-56435	-186468.89
-59422	-184662.44
-50728	-183112.56
-14499	-182130.55
-28811	-181890.5
-52376	-182452.7
-54907	-183542.06
-47064	-184545.38
-13604	-184657.28
-26899	-182955.4
-49126	-178648.34
-50866	-171060.83
-42418	-159781.06
-13412	-144848.02
-44979	-126756.766
-93094	-106534.71
-114050	-85467.94
-111195	-64951.66
-33579	-46392.875
-85620	-30948.016
-158822	-19505.807
-171941	-12416.995
-152363	-9475.815
-43487	-10068.883
-101376	-13203.53
-180526	-17820.5
-189704	-22801.262
-165559	-27138.324
-46607	-30153.256
-106819	-31463.906
-187859	-31140.428
-195186	-29483.365
-169814	-26931.162
-48462	-24038.172
-113169	-21263.297
-197522	-19040.268
-204921	-17561.953
-178633	-16784.842
-50702	-16557.13
-119451	-16576.148
-218857	-16622.781
-243168	-16467.488
-218974	-15931.724
-61349	-15008.51
-135915	-13733.719
-234698	-12332.644
-242059	-11010.234
-212722	-9908.539
-60581	-9168.023
-151072	-8781.03
-289311	-8764.532
-313286	-9025.373
-281356	-9393.805
-79118	-9766.939
-154887	-9992.635
-227950	-10094.217
-152352	-10110.629
-98011	-10063.564
-24009	-10035.828
-36504	-10087.582
-77612	-10345.441
-88779	-10825.65
-77328	-11454.062
-21099	-12152.492
-31314	-12803.036
-66684	-13382.116
-78837	-13820.27
-71737	-14046.633
-20397	-14070.406
-35737	-13919.097
-74439	-13734.916
-88571	-13590.235
-82801	-13499.933
-23824	-13485.985
-45890	-13508.824
-91415	-13592.502
-104476	-13677.18
-93721	-13669.513
-26172	-13537.552
-47556	-13254.249
-93317	-12919.969
-105444	-12592.208
-93941	-12297.371
-26565	-12087.107
-50730	-11953.438
-95920	-11940.544
-106830	-11985.384
-96261	-11964.675
-27077	-11793.271
-49614	-11382.56
-86690	-10786.727
-81740	-10056.231
-64196	-9257.541
-17646	-8526.707
-35301	-7985.5986
-62048	-7815.3335
-64370	-8060.7476
-55187	-8640.109
-16091	-9412.329
-33937	-10145.51
-59741	-10663.526
-62419	-10739.747
-53990	-10176.181
-15727	-8918.242
-31897	-7031.07
-55450	-4806.097
-56458	-2584.9612
-48097	-738.889
-14057	316.50598
-28372	221.79808
-50234	-1379.3286
-52632	-4660.7417
-45697	-9622.486
-13624	-16164.768
-28431	-24064.395
-50260	-33088.555
-53377	-42887.68
-46557	-53039.58
-14033	-63131.156
-29337	-72736.7
-51352	-81476.78
-54064	-88982.65
-47791	-94945.64
-14486	-99187.49
-30565	-101665.484
-54393	-102538.41
-57997	-102130.55
-51967	-100917.92
-15632	-99491.18
-33443	-98442.45
-59513	-98312.04
-63828	-99443.836
-56901	-101926.61
-17443	-105593.31
-41114	-110012.86
-71611	-114620.24
-76012	-118798.26
-66839	-122032.62
-19908	-124065.76
-44789	-124945.055
-79293	-125092.58
-83923	-125206.14
-74299	-126127.695
-21956	-128680.1
-47282	-133420.12
-83452	-140504.92
-87672	-149548.55
-76677	-159611.98
-22553	-169320.14
-48872	-177014.75
-85781	-181062.64
-89835	-180111.12
-78911	-173342.27
-23097	-160664.77
-50164	-142728.2
-88162	-120894.12
-92064	-97019.586
-79924	-73183.086
-23454	-51396.63
-51114	-33277.375
-89123	-19878.1
-92345	-11556.106
-80334	-7987.1245
-23509	-8311.73
-51107	-11300.356
-89217	-15642.266
-92690	-20153.043
-81412	-23952.154
-23909	-26580.236
-52124	-27962.11
-92611	-28376.326
-97042	-28300.27
-85006	-28256.283
-24694	-28694.486
-55339	-29852.277
-100301	-31762.264
-107177	-34249.324
-95117	-36995.047
-28078	-39649.316
-64081	-41869.76
-117388	-43439.41
-126692	-44276.516
-113756	-44423.086
-33506	-44028.805
-76797	-43235.41
-147255	-42176.746
-183964	-40918.4
-215584	-39441.97
-73622	-37716.363
-157472	-35615.45
-365992	-33046.65
-418996	-30027.48
-370909	-26677.264
-95727	-23263.03
-43452	-20038.557
-145827	-17265.484
-40776	-15208.02
77903	-14002.021
18913	-13607.109
-127519	-13842.213
-838340	-14475.528
-1481911	-15196.281
-877374	-15704.974
-164482	-15774.5625
-52805	-15337.142
-672672	-14426.069
-1266251	-13190.348
-657524	-11846.0205
-113402	-10613.23
-47829	-9706.915
-659799	-9238.386
-1244361	-9211.419
-637398	-9529.325
-108476	-10021.203
-48232	-10536.155
-660812	-10939.345
-1251917	-11158.773
-645316	-11199.391
-110961	-11128.714
-47970	-11090.445
-658917	-11228.899
-1247949	-11622.083
-642953	-12265.009
-110487	-13072.753
-45909	-13939.397
-650614	-14752.079
-1239331	-15398.614
-637847	-15829.052
-109116	-16088.997
-47099	-16349.054
-659076	-16846.877
-1260155	-17782.441
-656464	-19275.98
-105911	-21328.367
23993	-23844.13
-599052	-26584.375
-1210138	-29197.584
-621541	-31314.709
-106644	-32634.807
-48111	-33073.03
-669929	-32754.178
-1278886	-31955.74
-676117	-31070.908
-119486	-30520.318
-51484	-30677.873
-675917	-31754.494
-1301349	-33666.4
-702580	-36068.273
-126732	-38436.76
-47192	-40231.1
-664926	-41017.848
-1268678	-40543.3
-666472	-38843.863
-117961	-36287.445
-46487	-33530.53
-666931	-31370.848
-1289479	-30460.852
-683427	-31169.006
-120853	-33485.223
-49960	-36998.016
-676534	-40913.42
-1295726	-44240.305
-697417	-46032.703
-127458	-45638.613
-48161	-42958.145
-674864	-38464.914
-1314490	-33162.348
-721224	-28380.035
-131443	-25460.377
-44510	-25480.957
-660779	-28882.535
-1271748	-35311.184
-666020	-43619.703
-117589	-52066.754
-42996	-58747.15
-669406	-62005.094
-1304349	-60898.62
-686837	-55539.75
-120654	-47217.82
-44975	-38319.684
-660389	-31873.105
-1290824	-30953.105
-673741	-38006.617
-110282	-54236.57
46851	-79256.516
-561764	-110879.76
-1183409	-145394.42
-572697	-178123.02
-93493	-204196.84
-37513	-219519.44
-626768	-221474.14
-1232674	-209446.06
-616812	-184989.84
-100591	-151584.72
-26744	-114072.305
-560686	-77740.58
-996497	-47401.016
-331587	-26484.268
-18922	-16743.973
-5739	-17735.695
-388663	-27112.291
-611800	-41294.79
-18296	-56218.023
59114	-68117.836
33234	-74267.67
-181266	-73554.91
-255055	-66297.47
190579	-54373.742
100014	-40357.984
49726	-27117.312
-100809	-17077.354
-142839	-11766.634
207528	-11617.051
92506	-15762.26
50374	-22543.9
-84178	-29887.703
-126093	-35868.8
173303	-39211.297
76742	-39363.676
48612	-36728.14
-79287	-32394.398
-134840	-27826.713
123381	-24487.521
57682	-23276.26
43899	-24429.648
-82607	-27393.021
-144617	-31006.963
84007	-33861.902
44486	-34536.164
45692	-32095.521
-68492	-26293.31
-122739	-17692.889
80294	-7601.6934
41301	2330.8057
77048	10353.212
-21140	15055.651
-64665	15620.836
118668	11938.157
49011	4705.854
55591	-4871.5103
-9656	-15308.711
-16045	-25168.066
147947	-33352.39
54684	-39166.2
69475	-42478.86
51489	-43585.773
66149	-43039.156
156274	-41471.973
47691	-39377.316
62708	-37118.754
53580	-34876.816
62041	-32709.135
117871	-30671.78
37659	-28877.477
71231	-27607.945
76112	-27237.236
73394	-28108.152
102223	-30406.861
31920	-34005.797
69620	-38449.312
80383	-42950.625
79193	-46515.12
97590	-48191.332
30621	-47319.15
69764	-43803.793
83549	-38197.53
81777	-31632.188
93964	-25624.56
29128	-21719.037
68600	-21132.805
84008	-24372.832
80163	-31001.65
88349	-39661.79
27814	-48306.242
66991	-54674.508
81926	-56804.36
77566	-53516.0
83881	-44784.23
26121	-31822.723
64786	-16907.16
80336	-2864.9436
75023	7619.527
78487	12660.68
24666	11695.172
65706	5667.346
79316	-3122.4473
73623	-11521.505
75950	-16367.811
23438	-15405.163
60991	-8088.23
77713	3921.4128
72126	16876.773
72814	25497.406
20949	23923.506
28916	6994.9414
-25122	-28491.75
-113772	-82672.055
-153850	-152116.58
-49935	-230132.31
-108274	-307511.6
-282799	-373937.72
-362575	-419748.16
-345085	-437684.53
-94387	-424233.44
-132748	-380201.28
-350493	-310706.25
-443496	-224478.1
-407251	-132307.23
-109325	-45315.88
-146977	26984.596
-385744	78091.59
-492827	105240.59
-447891	109614.44
-121198	95703.086
-165667	70316.43
-413739	41051.402
-523694	14704.637
-476300	-3823.6758
-130035	-12260.417
-184351	-10870.959
-436909	-2081.6145
-542056	10260.64
-487898	22020.182
-134714	29710.17
-200368	31397.715
-455412	26931.135
-555416	17702.756
-499369	6254.2817
-140177	-4483.262
-217251	-11745.813
-479027	-13649.582
-579469	-9660.913
-519985	-537.5089
-147208	11889.467
-235014	25401.64
-493937	37852.26
-587571	47529.81
-523863	53614.25
-148837	56195.355
-236929	56315.668
-497996	55552.926
-589874	55441.19
-527549	57168.74
-150602	61230.2
-241007	67516.33
-501771	75281.57
-594239	83259.96
-530912	90084.73
-152393	94560.11
-244376	96120.17
-504599	94845.336
-595515	91308.7
-531361	86516.5
-152804	81595.46
-247979	77722.86
-507329	75778.47
-596220	76080.164
-532167	78449.84
-153826	82231.41
-251927	86655.86
-510529	90926.07
-596354	94284.695
-532005	96250.18
-153916	96618.73
-252417	95652.77
-509341	93887.2
-592354	91882.15
-527308	90195.68
-153102	89205.6
-254379	89234.65
-508632	90409.83
-588499	92543.664
-524189	95291.805
-152418	98152.84
-254814	100744.72
-508214	102759.96
-589086	103906.91
-525082	104053.46
-152992	103188.35
-255336	101625.15
-510613	99865.8
-593480	98424.484
-528891	97847.63
-154607	98543.69
-261496	100870.27
-512368	104908.3
-593009	110230.3
-528687	116012.625
-154537	120985.766
-260182	123738.96
-512981	122806.45
-591325	116740.07
-524997	104448.48
-154394	85342.62
-262479	59673.645
-514141	28444.664
-590778	-6777.128
-526371	-43946.504
-155443	-80905.13
-267174	-115293.3
-517972	-145320.55
-593092	-169816.64
-528816	-188242.12
-155744	-200877.94
-264920	-208546.02
-517088	-212518.95
-597639	-214255.95
-533194	-215315.58
-157186	-216845.19
-266804	-219588.48
-521089	-223688.53
-601754	-228932.73
-536644	-234786.77
-159046	-240621.19
-270989	-245822.83
-523907	-249834.42
-604675	-252430.36
-538926	-253649.69
-160322	-253822.28
-275163	-253408.58
-527801	-252833.58
-605145	-252553.17
-539537	-252881.42
-161274	-254008.22
-277060	-255904.86
-530132	-258329.77
-605186	-261031.58
-538802	-263720.6
-161264	-266194.34
-278125	-268272.44
-530452	-269814.16
-604792	-270839.53
-539173	-271416.25
-163007	-271695.34
-287141	-271762.34
-535356	-271634.03
-604837	-271376.5
-538839	-271004.28
-162788	-270565.47
-285419	-270034.1
-536234	-269342.97
-605576	-268523.66
-539399	-267619.0
-163709	-266745.78
-290235	-265936.06
-540264	-265158.53
-605982	-264445.78
-539810	-263808.62
-164790	-263302.4
-294322	-262854.4
-543532	-262351.06
-606744	-261774.97
-540831	-261128.69
-165449	-260497.89
-295092	-259853.39
-544944	-259151.4
-607219	-258429.56
-541134	-257722.89
-166006	-257111.06
-297366	-256522.33
-545519	-255862.31
-607517	-255114.84
-541221	-254275.17
-165822	-253410.53
-296122	-252462.84
-545153	-251382.31
-606826	-250214.64
-541053	-249021.38
-166606	-247926.33
-298286	-246907.11
-546004	-245929.38
-607063	-245031.97
-541227	-244255.11
-167209	-243692.77
-299110	-243292.22
-545905	-242993.83
-606569	-242812.94
-541373	-242765.73
-166977	-242916.9
-298621	-243173.86
-546008	-243427.97
-607527	-243641.1
-541233	-243779.31
-166909	-243873.89
-300664	-243823.02
-545571	-243548.16
-606417	-243075.92
-540526	-242466.12
-165857	-241859.89
-293268	-241264.62
-541526	-240687.48
-606424	-240201.66
-540944	-239868.72
-166623	-239784.05
-295714	-239870.16
-542527	-240031.92
-604945	-240237.83
-539354	-240457.0
-166228	-240721.36
-295441	-240922.6
-541296	-241045.62
-604597	-241119.64
-539851	-241163.3
-166756	-241282.53
-295503	-241425.5
-541517	-241638.05
-603966	-241951.72
-539009	-242340.92
-166466	-242854.34
-297866	-243382.02
-544220	-243931.31
-604273	-244503.1
-539379	-245052.83
-167776	-245627.97
-300119	-246132.1
-545182	-246598.88
-604093	-247043.17
-539402	-247425.23
-167317	-247790.5
-297363	-248035.6
-543436	-248196.58
-603957	-248289.72
-539864	-248291.64
-167907	-248279.83
-298514	-248194.89
-544129	-248120.38
-604255	-248109.22
-539500	-248159.23
-168487	-248345.53
-300100	-248578.72
-545856	-248892.27
-604429	-249269.53
-540000	-249637.02
-169139	-250012.77
-307467	-250273.52
-549587	-250456.89
-604205	-250575.67
-540516	-250612.62
-168906	-250659.06
-302031	-250662.73
-539844	-250718.12
-587312	-250867.62
-525336	-251087.5
-164529	-251433.77
-297644	-251797.66
-538838	-252207.11
-593085	-252640.12
-529219	-253029.3
-165717	-253409.12
-299056	-253676.69
-539317	-253889.02
-592329	-254065.98
-528968	-254185.8
-168259	-254320.34
-306806	-254388.47
-544852	-254453.4
-594667	-254524.12
-531796	-254556.86
-170059	-254602.34
-309656	-254564.1
-551357	-254501.7
-602947	-254433.08
-538646	-254337.69
-172842	-254292.95
-315171	-254223.94
-552512	-254202.03
-599809	-254241.31
-535656	-254298.05
-172091	-254417.7
-317170	-254487.0
-557591	-254544.66
-607850	-254585.52
-545314	-254568.5
-178019	-254561.95
-323264	-254489.0
-568309	-254427.84
-621506	-254406.86
-557526	-254403.55
-185847	-254480.69
-334974	-254529.19
-581843	-254578.03
-635454	-254600.22
-569967	-254524.62
-194704	-254386.9
-350551	-254079.94
-593887	-253674.14
-643714	-253207.92
-579125	-252694.81
-201744	-252253.61
-355321	-251840.48
-602802	-251551.17
-654104	-251409.62
-587567	-251370.83
-205882	-251466.62
-356279	-251552.62
-605281	-251630.2
-660765	-251658.48
-593046	-251573.64
-206286	-251436.6
-354639	-251173.25
-605063	-250881.48
-662285	-250620.53
-595064	-250408.6
-207021	-250353.45
-356347	-250376.72
-608300	-250527.67
-664689	-250781.0
-596923	-251055.06
-209804	-251362.78
-359442	-251561.73
-609476	-251680.05
-663732	-251717.6
-593998	-251654.8
-204991	-251588.17
-352464	-251457.92
-603502	-251353.22
-658405	-251296.89
-591335	-251251.45
-206111	-251260.44
-355945	-251195.25
-605879	-251081.64
-658412	-250905.17
-592444	-250633.83
-207765	-250365.56
-358161	-250061.84
-607838	-249856.28
-659471	-249829.45
-592905	-250000.6
-208271	-250454.55
-356986	-251064.08
-605403	-251805.2
-657227	-252556.4
-591027	-253130.83
-206142	-253443.16
-356541	-253274.53
-603450	-252615.16
-655365	-251467.72
-589067	-249870.17
-205561	-248027.47
-353142	-246024.25
-602304	-244113.66
-654155	-242475.98
-587787	-241207.11
-205498	-240442.23
-356195	-240083.6
-604462	-240126.92
-652262	-240468.06
-586337	-240944.0
-207110	-241504.78
-357789	-241968.36
-603763	-242354.12
-650911	-242672.31
-584416	-242933.03
-204059	-243273.84
-351915	-243669.89
-598464	-244229.89
-646662	-244971.52
-581536	-245829.39
-203821	-246806.05
-352254	-247715.5
-598196	-248521.47
-645342	-249145.12
-580753	-249502.98
-203758	-249662.02
-352372	-249574.6
-595389	-249392.06
-639834	-249235.25
-575118	-249194.67
-200479	-249454.22
-350849	-250006.8
-594297	-250963.11
-640522	-252331.05
-576604	-254039.17
-201204	-256091.19
-350920	-258308.56
-596872	-260663.36
-643697	-263077.94
-579768	-265449.72
-203436	-267802.4
-353485	-270014.94
-600314	-272138.5
-646764	-274177.84
-582627	-276104.8
-205802	-277996.8
-358559	-279764.28
-604078	-281468.94
-649749	-283106.8
-584850	-284629.34
-205202	-286086.53
-351079	-287360.3
-599213	-288484.88
-651516	-289437.7
-587137	-290163.72
-203804	-290723.84
-345940	-291029.44
-597532	-291163.03
-654448	-291168.0
-589828	-291066.97
-204539	-290998.12
-344395	-290935.5
-597102	-290993.84
-655682	-291207.06
-590761	-291544.12
-205004	-292042.6
-347536	-292543.62
-599218	-293016.97
-656748	-293364.16
-592487	-293460.22
-206040	-293310.16
-344107	-292796.25
-597109	-291997.2
-655844	-290982.22
-590293	-289822.8
-203366	-288717.78
-339732	-287701.38
-592528	-286938.2
-653903	-286494.66
-589732	-286356.47
-201689	-286563.62
-337720	-286949.9
-591232	-287470.4
-653766	-288014.1
-589551	-288446.88
-200025	-288767.25
-332849	-288845.6
-588631	-288737.22
-655072	-288472.25
-590791	-288066.53
-200322	-287647.3
-332186	-287170.62
-588907	-286722.16
-656615	-286310.03
-593045	-285892.0
-201207	-285522.8
-339984	-285090.97
-596020	-284645.62
-658169	-284194.03
-594096	-283727.75
-205222	-283360.94
-342503	-283044.9
-598406	-282873.53
-658606	-282864.16
-594754	-282973.5
-206304	-283238.4
-344988	-283502.3
-599839	-283740.53
-659056	-283873.22
-595586	-283801.0
-206441	-283559.56
-344819	-283054.2
-600325	-282374.38
-660037	-281583.75
-596216	-280730.34
-206954	-279971.56
-344812	-279285.4
-600471	-278769.75
-658554	-278432.4
-595274	-278214.3
-207183	-278138.34
-347489	-278042.9
-603447	-277915.38
-660396	-277698.66
-597685	-277326.12
-209491	-276870.62
-349022	-276266.44
-605589	-275621.38
-662442	-274997.78
-599031	-274427.8
-211196	-274043.47
-351516	-273792.7
-604986	-273751.38
-659517	-273915.72
-595241	-274232.4
-208256	-274745.75
-346494	-275328.06
-597778	-276003.0
-653906	-276737.6
-590549	-277470.56
-205264	-278252.28
-340902	-278969.22
-593210	-279658.62
-650826	-280292.8
-588302	-280810.0
-204316	-281257.94
-345140	-281522.2
-597814	-281651.0
-654935	-281638.47
-592690	-281461.72
-206614	-281220.8
-342419	-280859.1
-595665	-280480.62
-655708	-280124.25
-593738	-279793.38
-207741	-279592.9
-341530	-279451.03
-594818	-279437.34
-656025	-279544.56
-592843	-279725.62
-206064	-280033.8
-341213	-280353.0
-600190	-280718.0
-668817	-281094.62
-605973	-281418.34
-212590	-281733.28
-345691	-281916.53
-602732	-282004.2
-668349	-281971.84
-602492	-281772.8
-207939	-281480.7
-337656	-281016.6
-590546	-280469.72
-646675	-279872.28
-580232	-279230.6
-195303	-278656.88
-326156	-278093.88
-577693	-277625.78
-635164	-277255.66
-570494	-276937.38
-190284	-276719.3
-320423	-276481.1
-571007	-276257.16
-625539	-276024.1
-565185	-275738.8
-189274	-275484.28
-321724	-275197.38
-573539	-274981.22
-630372	-274879.75
-569300	-274898.1
-191118	-275138.94
-322839	-275522.6
-576664	-276099.2
-638191	-276831.72
-579037	-277632.5
-196271	-278514.0
-333328	-279321.97
-586571	-280066.5
-641972	-280706.97
-579711	-281189.9
-197668	-281591.6
-331379	-281839.7
-579219	-282028.03
-627586	-282190.84
-565059	-282320.88
-192649	-282510.1
-330131	-282674.8
-574558	-282874.03
-620934	-283091.3
-561036	-283266.5
-190715	-283448.7
-328744	-283530.4
-576354	-283567.72
-624009	-283564.2
-563146	-283499.47
-191365	-283472.34
-329900	-283424.28
-579036	-283449.88
-627247	-283576.47
-567578	-283785.22
-193044	-284155.16
-330352	-284587.06
-581587	-285123.06
-631625	-285730.56
-571261	-286332.72
-194919	-286958.94
-332543	-287471.8
-586075	-287888.28
-635666	-288167.53
-573768	-288240.47
-195872	-288156.1
-333211	-287808.25
-578692	-287256.1
-614351	-286510.8
-550120	-285560.3
-185972	-284514.72
-325484	-283337.47
-566898	-282160.66
-605017	-281060.34
-543484	-280078.2
-182557	-279357.38
-321796	-278866.6
-563048	-278705.53
-603745	-278879.3
-542567	-279321.38
-182656	-280036.84
-328166	-280841.34
-565947	-281689.28
-603169	-282464.94
-544701	-283026.97
-183670	-283371.72
-321309	-283378.56
-566259	-283130.4
-610305	-282700.0
-549498	-282165.47
-182025	-281740.8
-313379	-281487.06
-563997	-281598.3
-615084	-282166.16
-554727	-283182.44
-183773	-284673.38
-311507	-286433.38
-563646	-288345.0
-619495	-290187.28
-559033	-291687.34
-183091	-292696.75
-308131	-292953.06
-570388	-292411.1
-644322	-291046.75
-587517	-288888.94
-186774	-286155.75
-295146	-282955.62
-578755	-279565.4
-664443	-276206.22
-601994	-273039.53
-190142	-270290.84
-294821	-267956.75
-579581	-266111.06
-668304	-264716.47
-602205	-263669.47
-189587	-262957.94
-292043	-262407.8
-571381	-262007.1
-656020	-261720.9
-592020	-261520.97
-185859	-261521.33
-287812	-261693.9
-565532	-262156.1
-648831	-262956.88
-584252	-264084.75
-183026	-265594.66
-283488	-267334.75
-555703	-269249.16
-630214	-271193.12
-568374	-272967.5
-180312	-274478.84
-292106	-275496.66
-554978	-275976.28
-619927	-275868.38
-557508	-275148.94
-177773	-273961.28
-290156	-272344.56
-550619	-270521.72
-613642	-268675.8
-551936	-266946.28
-177886	-265554.8
-295835	-264519.84
-550679	-263952.7
-605166	-263846.94
-544722	-264102.66
-176988	-264684.28
-300338	-265378.03
-550522	-266120.25
-600741	-266809.56
-538811	-267341.4
-176886	-267764.9
-302424	-268021.62
-547676	-268246.12
-597809	-268533.34
-537820	-268939.94
-179068	-269604.47
-309020	-270467.6
-548336	-271568.9
-591831	-272825.62
-532713	-274060.78
-179609	-275167.8
-315316	-275874.4
-553238	-276082.75
-593116	-275678.7
-533116	-274570.75
-183052	-272850.12
-323066	-270528.03
-554804	-267840.7
-589796	-265000.53
-527472	-262191.38
-181316	-259683.83
-323780	-257550.27
-550003	-255961.95
-582288	-254954.47
-522981	-254453.06
-181372	-254430.88
-324782	-254672.45
-550246	-255111.02
-583932	-255626.06
-524656	-256081.02
-183362	-256479.83
-329311	-256711.75
-549260	-256862.27
-576958	-256971.36
-517450	-257042.86
-182929	-257175.45
-328425	-257299.16
-548906	-257485.27
-578970	-257719.92
-519877	-257933.61
-184839	-258155.67
-329971	-258274.73
-547642	-258361.38
-576758	-258446.34
-518018	-258541.36
-183881	-258778.38
-327962	-259148.28
-546560	-259800.2
-577783	-260800.28
-520336	-262140.64
-184947	-263876.34
-329837	-265872.78
-545462	-268125.47
-572141	-270533.66
-514152	-272934.6
-183948	-275260.03
-328487	-277303.5
-543749	-279041.56
-573074	-280410.6
-516327	-281330.94
-184258	-281855.28
-328314	-281912.4
-545696	-281612.53
-576771	-281014.62
-519181	-280139.72
-185857	-279110.0
-327810	-277892.88
-546422	-276603.4
-580469	-275282.0
-522299	-273912.56
-188597	-272568.5
-330862	-271163.88
-550038	-269764.1
-586124	-268369.5
-528870	-266939.53
-192993	-265541.7
-336732	-264098.66
-558676	-262698.84
-595761	-261374.66
-537957	-260116.81
-199177	-259015.6
-348097	-257999.02
-569794	-257146.84
-607367	-256457.72
-549626	-255872.86
-204756	-255427.25
-349811	-254991.97
-574374	-254598.62
-612491	-254219.89
-552970	-253798.72
-208229	-253396.14
-353144	-252932.62
-578491	-252495.17
-616474	-252111.89
-556331	-251768.28
-209820	-251545.06
-356625	-251349.94
-581343	-251234.2
-617901	-251173.03
-557676	-251094.5
-212831	-251034.23
-361779	-250881.95
-585040	-250704.03
-619322	-250523.95
-558979	-250342.2
-215452	-250276.7
-365966	-250287.28
-586982	-250484.52
-619359	-250890.75
-559880	-251454.03
-216188	-252194.23
-367421	-252943.95
-589026	-253677.81
-621217	-254302.16
-561485	-254690.95
-219138	-254851.02
-371269	-254670.33
-592912	-254239.67
-623589	-253623.56
-563969	-252869.98
-220202	-252147.2
-371248	-251459.47
-592551	-250944.98
-624472	-250646.17
-564891	-250525.6
-219895	-250616.52
-369024	-250766.17
-592406	-250963.27
-625128	-251135.92
-565742	-251186.69
-221567	-251149.75
-375048	-250929.08
-595509	-250614.83
-626850	-250251.31
-566935	-249854.98
-221259	-249546.5
-370483	-249273.19
-593444	-249119.44
-628334	-249085.52
-568661	-249110.92
-221101	-249227.62
-368879	-249302.6
-595347	-249360.6
-631444	-249374.77
-572255	-249286.73
-222856	-249156.75
-369437	-248898.08
-597181	-248587.12
-634871	-248244.19
-575670	-247844.38
-223986	-247466.48
-369492	-247028.08
-598537	-246603.2
-637537	-246210.28
-577536	-245824.03
-224547	-245526.05
-369248	-245243.02
-598752	-245065.72
-638528	-245023.78
-578528	-245082.66
-225277	-245297.28
-370002	-245555.9
-598927	-245901.31
-639299	-246311.27
-579461	-246706.47
-224795	-247116.55
-368296	-247433.92
-598437	-247735.94
-639309	-248062.0
-578826	-248414.3
-223170	-248907.67
-366561	-249506.3
-597482	-250328.92
-637707	-251420.89
-577552	-252747.28
-222009	-254347.58
-363142	-256082.75
-594215	-257953.61
-636885	-259894.75
-577483	-261783.72
-220991	-263611.06
-364242	-265227.7
-594824	-266664.16
-637246	-267915.8
-577598	-268947.88
-220844	-269844.06
-361214	-270541.38
-594800	-271133.22
-637665	-271656.06
-578192	-272094.12
-221100	-272529.56
-363051	-272884.9
-595768	-273233.97
-638746	-273593.8
-579152	-273935.7
-222613	-274335.88
-362845	-274711.9
-595629	-275127.6
-638889	-275583.94
-579593	-276029.7
-220957	-276512.12
-359538	-276915.9
-593101	-277273.97
-637322	-277568.25
-577711	-277749.25
-218177	-277888.3
-356022	-277915.1
-591232	-277920.88
-635696	-277950.34
-576342	-278010.16
-217639	-278206.62
-354955	-278470.2
-590316	-278857.5
-636779	-279344.5
-577213	-279849.62
-213899	-280386.16
-350895	-280804.03
-590155	-281106.56
-636927	-281258.84
-577283	-281217.22
-212035	-281075.75
-347606	-280792.78
-589196	-280485.94
-635479	-280222.4
-575432	-280028.22
-206591	-280019.3
-338382	-280121.22
-583172	-280370.3
-630125	-280720.47
-571501	-281074.94
-200019	-281440.78
-331580	-281668.75
-580192	-281769.75
-628612	-281725.38
-570692	-281517.12
-198902	-281264.22
-322762	-280940.9
-573441	-280663.9
-627691	-280489.94
-570723	-280430.66
-199166	-280583.06
-322931	-280855.97
-574496	-281269.4
-628712	-281772.7
-570712	-282280.4
-198178	-282817.75
-323810	-283258.75
-575209	-283628.6
-627802	-283917.78
-569921	-284103.25
-198043	-284281.34
-322689	-284390.22
-572518	-284501.4
-624825	-284625.97
-566689	-284737.22
-196682	-284908.62
-320581	-285044.84
-571061	-285181.03
-622512	-285301.94
-565715	-285365.97
-195989	-285446.94
-318907	-285458.94
-567783	-285454.0
-618855	-285429.56
-561982	-285352.34
-193070	-285291.66
-313594	-285154.06
-562629	-284976.22
-616440	-284746.5
-559917	-284428.2
-190549	-284101.47
-307295	-283697.0
-556387	-283286.6
-612649	-282895.06
-555979	-282519.3
-187236	-282258.72
-300805	-282044.84
-550546	-281929.12
-609991	-281895.3
-553245	-281890.47
-186398	-281960.94
-304116	-281996.22
-551799	-282026.94
-608766	-282039.3
-552769	-282005.4
-185849	-282016.1
-299438	-282013.44
-548519	-282075.44
-608272	-282218.44
-552913	-282418.88
-185949	-282742.97
-295126	-283085.5
-545001	-283458.72
-607306	-283810.4
-551936	-284059.9
-184547	-284241.34
-292891	-284246.7
-543626	-284119.34
-606102	-283865.25
-549958	-283479.72
-182981	-283074.6
-291024	-282609.62
-541241	-282173.47
-603529	-281788.1
-549051	-281435.75
-182267	-281193.66
-287379	-280974.0
-538307	-280813.2
-602232	-280690.16
-547141	-280561.3
-180276	-280495.47
-284574	-280411.47
-537057	-280361.44
-603049	-280338.5
-548963	-280306.3
-180762	-280328.0
-285079	-280301.0
-539787	-280244.8
-607245	-280116.44
-553650	-279849.28
-185137	-279492.44
-295963	-278948.12
-555931	-278265.16
-620549	-277452.34
-566246	-276506.78
-186644	-275545.34
-287852	-274527.3
-552854	-273538.62
-627316	-272601.1
-572427	-271703.44
-188107	-270934.88
-295328	-270215.62
-561837	-269591.56
-635152	-269054.06
-579385	-268573.9
-191078	-268238.78
-295105	-267975.78
-568122	-267840.12
-642665	-267829.44
-586096	-267908.28
-195977	-268140.66
-309409	-268412.47
-582931	-268731.25
-647864	-269047.7
-591052	-269284.97
-201286	-269485.7
-318903	-269539.8
-594143	-269487.2
-655287	-269333.97
-598251	-269070.16
-205187	-268806.72
-325004	-268487.12
-602326	-268184.4
-661113	-267912.75
-602469	-267640.0
-206561	-267437.44
-326383	-267198.47
-604717	-266947.62
-663599	-266663.12
-604625	-266296.5
-205071	-265922.44
-319612	-265454.34
-601226	-264944.03
-665274	-264395.16
-610412	-263778.47
-208082	-263174.56
-323732	-262488.03
-617240	-261752.45
-689252	-260956.14
-631395	-260064.34
-214784	-259171.19
-329312	-258211.19
-626149	-257262.94
-700117	-256370.38
-641601	-255547.95
-219093	-254924.45
-331799	-254437.28
-632926	-254132.66
-705857	-253990.52
-644620	-253938.72
-214426	-254008.84
-317854	-254051.5
-615183	-254051.2
-681552	-253964.84
-613465	-253739.62
-198272	-253459.27
-283378	-253062.64
-571590	-252625.06
-647576	-252180.5
-587781	-251728.66
-188155	-251369.14
-268939	-251026.55
-555009	-250731.14
-634294	-250456.42
-579339	-250143.48
-186105	-249848.89
-269721	-249480.53
-550500	-249081.3
-619869	-248660.25
-559144	-248202.47
-179085	-247800.86
-259569	-247389.0
-525904	-247013.16
-589142	-246658.42
-538372	-246265.45
-169793	-245880.0
-229672	-245409.05
-472153	-244896.25
-486936	-244365.19
-425791	-243815.94
-129418	-243362.92
-159764	-243022.5
-373290	-242924.08
-428094	-243128.4
-396260	-243635.8
-122849	-244506.08
-154777	-245657.6
-368465	-247086.72
-416166	-248708.0
-376871	-250383.62
-115042	-252062.36
-144963	-253603.45
-364056	-254995.81
-427727	-256198.25
-393737	-257162.23
-120411	-257958.66
-141080	-258577.0
-352113	-259130.48
-411701	-259683.02
-376645	-260258.36
-116017	-260963.48
-143317	-261791.44
-353442	-262829.94
-412822	-264087.53
-381866	-265511.2
-117352	-267119.38
-133188	-268814.28
-345387	-270594.2
-407267	-272400.75
-370021	-274142.8
-112641	-275832.22
-124371	-277409.8
-333594	-278946.47
-404771	-280476.9
-380599	-282005.66
-115039	-283628.53
-130074	-285323.1
-368886	-287136.8
-447596	-289027.75
-395389	-290880.94
-118610	-292638.03
-126571	-294131.06
-384724	-295296.94
-501929	-296057.47
-472362	-296361.47
-143599	-296326.1
-145112	-296014.9
-420121	-295632.78
-542061	-295360.84
-495539	-295348.25
-147894	-295806.75
-140513	-296766.44
-399063	-298281.4
-498997	-300291.28
-452642	-302652.6
-135699	-305292.47
-122039	-308032.6
-326479	-310825.2
-374999	-313613.72
-326471	-316338.0
-98786	-319041.1
-112259	-321682.72
-307873	-324298.8
-366823	-326818.6
-323881	-329067.06
-97229	-330886.7
-101952	-332000.12
-261946	-332237.4
-298462	-331409.12
-263343	-329360.5
-81026	-326118.34
-95303	-321765.16
-242018	-316608.75
-276659	-310973.9
-243474	-305177.8
-75621	-299590.75
-78784	-294461.8
-200606	-290057.62
-222462	-286471.03
-175276	-283649.53
-47249	-281521.0
663	-279939.3
-21785	-278865.6
-19778	-278186.2
7076	-277760.94
4944	-277489.75
30055	-277264.1
25990	-277044.34
21688	-276617.94
38454	-275639.5
14115	-273711.88
38936	-270407.16
43178	-265425.75
38778	-258455.02
52546	-249294.69
18505	-237988.97
44211	-224844.9
52764	-210524.58
48866	-195780.78
61350	-181428.97
21444	-168308.67
46960	-157163.92
58848	-148636.55
55285	-142978.83
66690	-140079.75
23113	-139553.2
49648	-140798.95
64476	-143196.44
61059	-146002.72
70268	-148520.55
24102	-150260.44
51911	-150991.11
70171	-150843.28
65709	-150052.67
73610	-148944.52
25073	-147912.95
52838	-147317.62
72484	-147501.98
68233	-148521.08
74024	-150186.42
25192	-152174.06
53015	-154089.22
73483	-155652.0
69698	-156556.23
75173	-156598.02
25303	-155789.42
53254	-154353.11
74864	-152779.42
70553	-151523.73
75897	-150970.23
25685	-151425.55
54063	-153052.27
77278	-155943.88
72803	-159908.81
77148	-164587.31
26106	-169617.61
54350	-174719.03
77771	-179869.84
73754	-185111.97
77173	-190600.94
25963	-196631.11
54543	-203522.12
78315	-211605.36
73960	-220873.42
77361	-230965.67
26376	-241236.67
54858	-250793.5
78886	-258721.02
75262	-264006.1
78228	-265781.8
26398	-263573.4
55391	-257391.56
80013	-247864.67
76024	-235934.05
78632	-222768.03
26707	-209644.48
55452	-197719.2
79946	-187942.19
76185	-180689.6
78263	-175785.44
26558	-172657.03
55330	-170471.66
80259	-168452.81
76279	-165842.62
77763	-162130.3
26364	-157241.14
54937	-151516.92
80194	-145724.97
76183	-140626.31
77562	-136809.64
26159	-134581.55
54587	-133805.1
79799	-133967.98
76152	-133997.72
77988	-132485.8
26183	-128031.0
54309	-119497.44
80022	-106360.96
76086	-88636.375
77275	-66968.12
26063	-42644.09
54234	-17394.594
80037	6777.6943
76445	28119.158
77829	45353.477
26038	57776.77
53344	65340.438
79518	68507.25
76120	68325.71
77810	66167.33
25933	63385.973
53354	61098.97
79062	59933.312
75974	60168.758
77990	61720.418
26020	64154.17
53637	66851.08
79946	69084.35
76787	70370.47
79116	70534.14
26259	69638.164
53247	67965.1
79271	65868.58
75514	63808.945
77598	62229.758
25897	61399.676
52266	61371.652
76812	61931.332
73374	62790.793
75815	63659.496
25273	64251.49
51180	64354.46
75794	63818.52
71678	62694.836
74009	61205.44
24307	59617.285
50310	58176.234
75076	56994.77
70999	56153.344
72879	55685.56
24266	55519.1
49572	55504.652
73631	55407.723
69623	55084.3
71729	54508.402
23756	53712.156
48654	52776.22
71721	51749.953
67253	50750.008
68344	49929.906
22701	49379.285
47913	49105.97
70959	48990.457
66023	48926.367
66714	48850.15
22075	48695.39
46610	48410.414
69333	47911.27
64552	47212.484
65061	46429.93
21266	45680.293
45353	45048.54
67950	44524.65
62704	44117.016
62631	43868.16
20398	43777.793
44718	43801.902
67312	43795.297
62126	43682.707
61083	43486.56
19965	43240.43
43800	42971.965
65564	42626.42
60091	42219.35
60099	41839.37
19748	41547.707
43038	41363.43
64666	41202.508
58951	41028.77
58388	40866.08
19366	40719.72
42758	40578.023
64168	40379.266
59049	40117.934
58169	39849.64
19365	39617.66
43131	39439.668
64769	39268.793
59726	39098.81
59563	38963.082
19899	38875.45
43733	38825.695
65880	38755.95
60432	38652.137
59668	38543.848
19812	38453.47
43235	38385.43
65824	38303.727
60628	38208.44
59423	38132.438
19636	38096.188
43607	38088.285
66568	38074.387
61144	38039.453
60124	37986.688
19914	37930.11
43738	37858.902
67011	37783.336
62059	37713.33
60933	37663.293
20251	37658.82
44259	37691.98
67989	37770.78
63306	37888.5
62167	38032.234
20528	38198.367
44006	38350.12
69415	38474.23
65184	38550.316
63285	38562.094
20991	38515.246
45109	38392.105
70667	38207.324
66542	37970.125
64803	37691.12
21433	37398.664
45728	37089.977
71924	36787.438
67078	36499.832
65819	36230.207
21651	35996.535
45555	35784.113
71816	35603.914
67609	35453.113
66495	35323.254
21861	35222.54
46129	35126.566
72829	35036.9
68490	34941.91
67049	34825.32
22286	34690.715
46628	34514.32
73768	34303.69
69005	34059.125
67264	33780.867
22441	33491.734
47009	33187.008
73699	32890.36
69215	32611.42
67481	32351.375
22682	32125.773
47148	31915.17
73774	31724.2
69529	31542.023
67956	31351.965
22639	31158.24
46950	30938.28
73600	30701.86
69368	30450.56
67600	30184.438
22583	29925.15
46981	29665.455
74131	29424.814
69474	29207.494
67400	29008.744
22390	28839.479
46826	28678.037
73691	28528.604
69261	28382.238
66987	28225.459
22318	28065.664
46729	27883.945
73593	27692.484
69294	27493.387
67267	27285.832
22608	27089.934
46794	26897.928
73998	26730.143
69757	26593.938
67608	26490.209
22551	26437.523
47154	26423.36
74766	26460.336
70036	26545.523
67774	26667.021
22539	26829.11
47076	27004.492
75189	27191.402
70903	27375.354
68524	27537.027
22636	27678.967
46964	27778.44
75063	27844.422
70843	27878.436
68680	27880.352
22894	27872.643
46696	27850.566
75260	27836.508
70981	27839.56
68718	27859.96
22865	27914.174
47254	27986.318
75877	28084.54
70993	28203.236
68685	28329.527
22933	28470.064
46948	28603.701
75153	28738.172
71113	28871.344
69176	28996.693
23162	29129.072
47321	29255.65
76348	29391.4
71888	29539.918
69668	29698.143
23423	29881.342
47446	30074.303
76739	30287.049
72553	30515.984
70311	30748.924
23448	30991.67
47592	31219.184
76380	31433.79
72219	31626.771
70109	31784.895
23508	31917.713
47713	32009.062
76735	32073.812
72520	32118.938
71023	32147.723
23693	32184.057
47973	32221.594
77890	32278.373
73882	32358.346
72278	32454.773
24098	32577.275
48044	32702.436
78581	32831.3
74716	32954.71
73973	33058.133
24522	33150.703
49451	33214.38
80818	33260.094
77232	33291.773
76438	33307.723
25601	33327.29
51408	33337.55
84339	33349.41
81873	33362.49
82946	33368.125
28475	33378.82
57537	33374.516
93735	33361.582
94178	33339.38
100644	33301.53
35344	33269.746
68286	33228.258
108214	33187.453
111323	33148.297
129816	33100.3
46454	33066.09
77505	33022.145
117261	32972.145
124036	32911.67
161996	32824.484
58433	32743.002
84086	32650.027
126513	32557.084
133556	32469.756
184297	32376.723
67144	32319.172
84796	32280.146
123688	32265.143
131741	32269.334
193717	32266.479
70568	32288.424
81813	32309.28
110592	32331.055
115244	32348.852
190269	32337.55
69034	32337.613
75570	32333.57
90411	32337.842
91348	32349.502
191673	32337.371
69711	32340.646
54870	32342.021
30311	32353.332
24873	32364.072
149439	32331.826
48219	32292.277
7163	32239.922
-65852	32203.475
-37271	32168.924
157197	32089.918
66777	32014.137
39602	31938.02
-10583	31886.986
-29001	31858.807
141626	31802.709
54797	31755.72
26297	31706.518
-72638	31684.107
-127585	31683.385
84493	31635.994
47335	31571.469
35026	31484.299
-40256	31409.691
-91698	31359.445
103560	31287.502
52577	31241.451
43265	31224.6
-13555	31268.691
-71248	31377.037
77874	31489.238
40774	31609.977
40281	31702.963
-19851	31766.89
-78484	31783.266
52974	31694.885
26823	31526.191
31219	31289.62
-30156	31050.383
-83611	30858.633
32853	30720.562
20531	30688.395
29168	30770.098
-29573	30984.793
-75732	31299.959
28296	31624.629
17418	31911.691
30787	32096.908
-19109	32174.178
-65942	32146.445
20576	32016.512
13753	31861.99
39216	31753.225
9101	31793.307
-22597	32041.05
64730	32483.973
29177	33115.027
52628	33852.89
43796	34624.54
23824	35341.066
111181	35912.066
45613	36358.51
56466	36728.062
50266	37162.867
23594	37835.617
100166	38897.953
40720	40523.47
53476	42779.3
44895	45668.758
20972	49079.016
90536	52785.594
36004	56567.35
53051	60173.207
48798	63442.562
22997	66301.79
76688	68771.09
29334	71020.74
45010	73257.96
33511	75728.73
6734	78602.45
50856	81906.25
20166	85548.29
40573	89260.86
30037	92699.12
4099	95468.23
41480	97210.46
16697	97742.45
40361	97061.88
34415	95418.055
14703	93229.68
47985	90999.17
18200	89241.555
39557	88304.09
36903	88313.086
19597	89070.95
45534	90062.555
16743	90574.26
38323	89779.96
37894	86963.445
22206	81644.11
41941	73710.336
15346	63520.867
36905	51834.79
38439	39749.973
23632	28479.418
39162	19135.826
13999	12556.015
34774	9097.272
37641	8608.373
23407	10413.044
35261	13436.8955
12544	16440.357
33449	18217.643
37010	17872.434
24436	14951.854
33423	9535.269
11413	2243.9592
32610	-5918.4277
36890	-13718.01
24101	-19966.256
31609	-23741.19
10996	-24530.307
31393	-22353.902
36474	-17708.379
24349	-11500.224
30086	-4866.7266
10268	1059.3035
30684	5314.428
36779	7302.189
24433	6835.327
29564	4137.605
10253	-207.4806
30965	-5426.1987
38339	-10672.314
26450	-15219.86
30943	-18578.426
10485	-20529.246
30524	-21161.482
38074	-20774.297
26596	-19821.33
29936	-18794.98
10100	-18094.545
29910	-17979.924
37828	-18486.832
26724	-19465.521
29203	-20614.133
9840	-21517.303
29531	-21755.72
36920	-20936.672
25822	-18792.92
28824	-15216.257
9836	-10244.742
29418	-4086.4143
37590	2951.8962
26701	10465.806
28677	18003.088
9676	25135.63
29029	31467.627
37574	36713.957
26384	40684.957
28115	43303.758
9487	44633.125
27916	44829.55
36501	44162.07
25499	42936.22
27291	41455.89
9024	40006.215
27516	38780.58
35509	37900.273
24788	37358.91
25876	37037.453
8546	36756.36
26671	36280.137
33814	35418.41
22733	34017.254
23214	32004.51
7480	29434.13
24844	26441.232
29885	23286.285
18164	20248.596
18447	17593.934
5882	15555.748
22253	14250.76
23661	13744.993
7843	13971.216
5264	14762.039
952	15911.073
15026	17162.264
9448	18342.928
-5321	19301.426
-5291	19942.688
-2542	20259.164
6766	20269.965
-9337	20100.059
-28487	19855.088
-30672	19619.16
-11727	19459.12
-2822	19370.96
-26151	19381.63
-44161	19454.182
-44173	19529.1
-15832	19557.174
-6617	19462.61
-36301	19264.627
-59221	18972.645
-59434	18615.117
-21169	18235.97
-13643	17838.828
-48022	17490.572
-67240	17218.33
-65047	17046.51
-22703	16969.73
-15443	16913.988
-51425	16883.84
-70241	16857.215
-68327	16821.258
-23929	16775.29
-16843	16668.3
-53894	16534.555
-72983	16383.019
-70824	16241.604
-24774	16146.637
-17789	16055.609
-55701	15995.556
-75517	15969.703
-76575	15992.773
-27462	16087.247
-23747	16204.354
-69935	16367.102
-93969	16571.164
-93421	16815.979
-32766	17106.8
-28851	17395.275
-81858	17688.734
-106169	17965.664
-104185	18215.207
-36204	18434.836
-32595	18586.285
-90081	18689.014
-114556	18741.768
-111264	18762.459
-38504	18774.727
-35543	18773.295
-98657	18795.693
-126481	18849.049
-125019	18948.23
-43051	19096.498
-42691	19269.924
-113950	19480.553
-141282	19708.555
-137926	19946.645
-47466	20184.066
-47820	20402.148
-126501	20623.143
-156749	20840.033
-153779	21057.512
-52942	21271.256
-53893	21466.93
-139487	21673.834
-169110	21879.049
-164069	22072.11
-55993	22235.197
-56215	22347.828
-144542	22450.338
-173546	22545.365
-168098	22639.438
-57299	22734.016
-56821	22826.709
-145357	22961.314
-174277	23130.408
-168076	23317.508
-57323	23487.344
-56156	23598.637
-143727	23655.938
-172510	23624.195
-165500	23476.004
-56411	23186.162
-54711	22746.963
-139072	22201.598
-166944	21558.203
-160472	20826.31
-54554	19997.65
-51897	19061.816
-132637	18028.354
-159036	16858.365
-148987	15508.9
-49009	13929.326
-39604	12087.547
-105411	9999.119
-127658	7671.0186
-113072	5137.171
-36220	2450.6777
-16229	-320.27457
-48102	-3074.6926
-59574	-5741.858
-51012	-8264.537
-16499	-10603.882
-409	-12755.379
-14511	-14712.861
-24769	-16504.94
-21453	-18167.008
-7300	-19726.93
7421	-21216.629
786	-22632.568
-9568	-23971.266
-7529	-25216.943
-2728	-26338.61
12601	-27319.018
10786	-28126.197
343	-28750.674
616	-29195.387
-93	-29465.766
15696	-29590.139
17273	-29583.602
7348	-29474.264
7913	-29291.654
2386	-29057.342
17883	-28810.676
21661	-28580.31
12144	-28413.969
11554	-28369.943
3658	-28504.26
19845	-28889.158
25660	-29573.156
16176	-30596.021
15671	-31971.812
5011	-33670.62
20811	-35641.473
28118	-37785.957
19124	-39991.918
18295	-42141.676
6005	-44117.277
22128	-45842.652
30246	-47266.39
20822	-48391.504
19407	-49269.484
6419	-49979.223
22864	-50638.402
31612	-51354.75
22033	-52230.574
21319	-53342.312
7024	-54717.758
23329	-56359.652
32218	-58221.2
23243	-60239.414
22468	-62345.39
7479	-64466.38
23990	-66563.52
33636	-68609.87
23981	-70611.83
22895	-72598.875
7719	-74599.1
24158	-76651.62
34203	-78764.89
24521	-80928.37
23549	-83106.53
8041	-85228.46
24514	-87224.055
34386	-89008.47
25274	-90518.25
24714	-91720.414
8284	-92605.87
24550	-93216.55
35084	-93610.35
25953	-93867.555
25134	-94072.45
8464	-94282.21
24749	-94540.59
35534	-94842.42
27058	-95155.03
25749	-95424.266
8694	-95576.02
25168	-95560.19
36113	-95338.84
26886	-94915.734
25906	-94335.48
8619	-93662.17
25162	-92987.16
35887	-92378.625
27407	-91873.79
26391	-91454.08
8731	-91019.23
25240	-90412.33
37168	-89407.914
28254	-87754.03
27079	-85207.03
9133	-81558.63
25559	-76697.66
37137	-70616.52
28774	-63432.53
27332	-55380.05
9191	-46778.45
25439	-38017.43
37551	-29492.664
28728	-21563.506
27506	-14510.89
9091	-8503.602
25336	-3606.3262
38575	225.44986
30014	3130.2239
28538	5309.005
9489	6989.8223
25701	8375.388
38375	9623.48
30188	10840.02
28096	12076.335
9338	13335.617
25749	14572.023
37779	15715.571
29413	16707.465
27471	17515.988
9364	18139.947
25936	18595.355
38636	18912.113
29931	19140.893
28141	19340.3
9331	19560.248
25438	19821.273
38568	20113.969
30134	20420.809
28252	20721.838
9495	20996.418
25746	21217.998
38384	21360.83
30169	21422.035
28489	21419.863
9598	21382.668
25780	21331.523
37913	21272.395
29640	21214.258
27972	21167.264
9484	21134.242
25568	21102.326
37484	21041.717
29354	20938.105
27996	20796.438
9431	20629.562
25485	20447.828
38189	20248.502
29877	20044.355
27993	19859.898
9386	19712.791
25874	19603.578
38562	19506.666
30216	19406.469
27961	19301.252
9378	19189.012
25896	19063.098
38336	18900.236
29924	18700.938
28505	18488.787
9418	18286.842
25370	18109.316
38439	17942.105
29730	17785.654
28407	17654.906
9500	17555.846
25220	17483.46
38546	17402.666
30431	17301.438
28772	17193.549
9619	17090.807
25603	17000.85
39088	16902.475
30894	16797.555
29345	16709.725
9748	16652.27
25529	16626.416
39018	16597.27
30895	16550.225
29093	16493.797
9648	16431.193
25244	16361.542
39493	16257.209
31286	16119.422
29144	15977.892
9648	15858.395
25256	15778.52
39371	15721.997
31441	15690.264
28822	15701.025
9694	15758.319
25323	15852.019
39045	15938.155
31328	15993.967
29344	16021.524
9708	16022.917
25411	15997.867
39349	15927.751
31654	15820.91
28764	15709.976
9454	15626.104
24934	15585.425
38883	15582.097
31224	15616.605
28498	15692.473
9457	15806.79
25167	15938.321
38866	16059.156
31198	16148.848
29361	16195.53
9739	16199.635
25163	16156.732
39022	16071.504
31002	15957.337
28584	15832.058
9565	15720.463
24739	15631.251
38393	15572.32
30901	15545.954
28605	15548.398
9534	15579.325
24859	15622.739
38626	15668.348
30722	15707.315
28314	15732.949
9434	15751.006
24848	15756.946
38183	15755.844
30509	15751.657
28426	15745.249
9441	15744.401
24605	15740.971
37866	15732.848
30683	15714.672
28379	15679.219
9396	15630.775
24648	15562.903
38006	15481.72
30484	15393.886
28456	15305.064
9329	15231.456
24400	15174.479
38139	15142.635
30315	15138.224
27949	15156.657
9291	15200.19
24398	15255.479
38057	15317.947
30913	15380.197
28281	15433.121
9394	15479.726
24401	15511.161
37873	15530.474
30396	15538.328
28434	15532.517
9558	15521.101
24164	15498.457
37638	15469.473
30352	15436.013
27480	15397.475
9296	15364.573
24624	15335.329
37778	15318.874
30422	15320.27
28253	15339.448
9516	15384.704
24353	15447.571
37435	15527.254
30304	15616.621
28146	15703.694
9459	15786.967
24339	15852.478
37688	15900.041
30474	15928.889
28495	15937.693
9631	15938.348
24574	15930.045
38044	15922.774
30343	15921.253
27842	15923.792
9296	15936.281
24269	15948.8
37806	15961.265
30371	15969.818
28279	15967.971
9419	15962.358
24309	15948.226
37869	15934.029
30715	15925.088
28577	15922.385
9640	15935.318
24196	15956.443
37984	15985.946
30666	16017.201
28151	16037.759
9233	16046.178
24084	16029.353
37986	15989.372
30519	15929.126
28099	15852.015
9358	15775.464
24266	15704.684
38710	15655.026
31292	15634.812
28638	15642.814
9469	15682.686
24382	15738.615
38621	15802.239
30675	15860.093
28489	15894.967
9481	15904.6
24206	15878.384
38598	15823.271
31099	15747.853
28999	15659.776
9984	15578.71
24458	15509.375
38853	15463.796
31273	15444.902
28846	15445.695
9538	15465.232
23988	15486.258
38296	15502.1875
31706	15504.487
29223	15484.456
9776	15449.174
24041	15396.694
37958	15339.746
31044	15288.522
28829	15247.683
9630	15229.839
24155	15229.598
38421	15248.032
31263	15278.294
28463	15306.854
9476	15330.576
24074	15334.879
38226	15320.306
31228	15288.137
28367	15240.072
9385	15191.632
23919	15146.166
37776	15117.285
30888	15111.463
28810	15126.401
9710	15165.373
24410	15213.499
38344	15264.385
31528	15307.085
29088	15328.062
9573	15328.27
24149	15299.914
37998	15251.557
31058	15191.686
28479	15126.781
9551	15073.941
24403	15034.594
38359	15017.556
31421	15022.849
28723	15042.0205
9553	15074.206
24226	15103.563
38432	15126.637
31526	15138.868
28884	15134.985
9646	15124.712
24112	15107.109
38527	15093.969
31467	15092.974
29340	15104.394
9922	15135.75
24167	15176.475
38751	15223.488
31798	15267.784
29598	15295.492
9831	15306.08
24055	15289.247
38613	15251.096
31891	15198.965
28645	15139.367
9689	15091.024
23921	15058.2705
38083	15053.326
31598	15079.285
29244	15128.355
9963	15198.32
23828	15269.759
38023	15332.974
30908	15376.227
27961	15386.879
9332	15368.795
23871	15319.175
37999	15252.05
31043	15181.533
28099	15118.228
9678	15081.572
24108	15073.635
38373	15101.895
31282	15163.712
28654	15245.915
9604	15342.135
23875	15431.674
38374	15506.012
31382	15556.77
28909	15575.755
9819	15571.218
24070	15543.382
38874	15506.764
31538	15473.795
28981	15450.945
9894	15452.357
24084	15474.365
39037	15519.383
31828	15581.988
29057	15648.4
9895	15714.248
23871	15762.543
38523	15789.435
31988	15791.429
29498	15764.558
9952	15719.814
23928	15658.274
39029	15593.447
32221	15535.777
29303	15489.051
9623	15464.835
23647	15457.466
39005	15467.876
32231	15490.411
29624	15512.457
9751	15531.672
23889	15533.444
39026	15516.734
32233	15481.07
30041	15425.284
10143	15362.68
23941	15295.897
39048	15239.174
32334	15202.533
29901	15188.436
10059	15206.125
24109	15246.722
39736	15307.772
32777	15380.57
30063	15449.806
10135	15511.584
24178	15550.901
39494	15567.126
32407	15561.13
30008	15532.916
10196	15496.413
24224	15453.937
39107	15418.15
32509	15396.454
29310	15388.269
9795	15399.874
24238	15420.87
39348	15449.503
32078	15480.459
29471	15504.277
9972	15524.209
23999	15533.544
39180	15538.591
32404	15544.572
30168	15552.528
10128	15573.423
23963	15602.7295
39126	15643.478
32236	15692.721
30009	15740.273
10260	15785.52
24276	15815.044
39038	15828.025
32405	15823.346
30093	15798.245
10043	15763.462
23895	15717.967
39064	15671.636
32531	15629.911
29816	15591.027
9876	15561.095
23669	15530.392
38604	15498.071
32513	15459.823
29986	15408.037
10049	15348.327
23721	15276.276
39324	15200.974
32786	15130.783
29751	15070.017
9952	15032.5
23910	15016.286
39228	15026.511
32423	15061.533
29629	15111.32
9947	15174.338
23810	15235.447
38923	15291.171
32426	15337.4795
29449	15368.572
9868	15392.433
23868	15406.358
39409	15419.217
32603	15436.842
29884	15458.302
10001	15491.213
23741	15527.498
39344	15567.455
32417	15607.385
29678	15638.32
10021	15663.48
23534	15674.78
39263	15676.736
32828	15673.099
29771	15663.662
9926	15659.221
23497	15656.51
38841	15661.018
32516	15673.462
29856	15687.489
10026	15706.461
23548	15720.241
39230	15729.764
32044	15734.765
29564	15731.349
9875	15728.03
23462	15721.553
39186	15719.495
32087	15726.245
29566	15739.525
9899	15765.984
23259	15797.448
39002	15834.753
32374	15875.372
29849	15911.673
9959	15947.786
23727	15976.208
39086	16001.296
32430	16025.713
29619	16047.483
9753	16074.8
23351	16101.837
39329	16131.322
32901	16161.435
30256	16183.918
9981	16200.605
23471	16200.375
39404	16183.864
32624	16151.179
29784	16099.916
10079	16040.676
23216	15973.07
39143	15907.916
33003	15852.891
30407	15809.357
10198	15787.029
23489	15779.896
39570	15789.463
33081	15812.465
29761	15839.563
9834	15871.758
23445	15897.982
39449	15919.056
33021	15935.026
30359	15942.594
10284	15950.421
23264	15954.704
39296	15961.275
33163	15972.072
29921	15982.414
10211	15996.463
23393	16004.143
39634	16005.15
33224	15997.155
30516	15973.825
10375	15941.79
23790	15896.805
40146	15847.237
33201	15800.514
30341	15759.069
10296	15735.217
24008	15726.622
40535	15738.102
33455	15769.068
30355	15810.607
10086	15861.961
23534	15908.196
40315	15944.603
34466	15965.722
31454	15963.667
10644	15944.572
24115	15904.967
40901	15854.1045
34487	15800.861
31576	15749.501
10883	15714.067
24290	15693.429
41103	15693.161
34711	15713.334
32251	15745.581
11018	15790.437
24373	15833.87
41243	15872.155
34888	15900.693
32270	15911.786
10916	15911.602
24264	15895.407
41543	15870.412
35401	15842.856
32779	15813.406
11159	15793.136
24580	15777.695
41451	15770.7705
35305	15771.893
32763	15773.415
11174	15778.388
24473	15776.424
41096	15768.078
35007	15753.052
32309	15727.339
10941	15699.411
24199	15665.432
41433	15632.1455
35047	15604.042
31614	15579.297
10866	15565.73
24231	15556.845
41404	15555.028
34841	15559.955
32152	15565.153
11056	15575.599
24118	15583.4795
41313	15591.816
34865	15602.112
31778	15610.699
10851	15625.05
24017	15638.984
40755	15656.126
34604	15677.147
31877	15696.439
10919	15719.04
24074	15736.487
41133	15750.712
34448	15762.045
31628	15765.624
10829	15768.577
23863	15765.443
40880	15761.338
34193	15759.335
31561	15756.459
10849	15760.541
24094	15765.39
41109	15774.297
34545	15787.707
31603	15799.934
10778	15815.785
23967	15826.95
41531	15835.061
34817	15840.023
31639	15836.515
10646	15831.012
23741	15817.296
41068	15799.841
34748	15781.776
31850	15761.212
10827	15747.718
23933	15737.533
41205	15736.895
35042	15749.13
31785	15770.893
10888	15808.372
23939	15852.871
41179	15904.338
35278	15959.388
32096	16008.821
10689	16054.61
23776	16086.242
40927	16105.21
35108	16112.872
31697	16107.574
10757	16100.344
23687	16090.564
40888	16088.113
34219	16100.307
31655	16127.221
10818	16177.476
23663	16244.057
41004	16327.349
34586	16423.656
32028	16522.05
10934	16622.406
23769	16712.186
40748	16790.219
34748	16855.088
32543	16901.682
11288	16938.174
23731	16960.969
40783	16977.088
34603	16991.604
31495	17003.693
10806	17022.482
23608	17043.236
40669	17070.1
34501	17104.314
32233	17140.543
11143	17184.252
23744	17227.195
41165	17270.451
34907	17312.664
31833	17346.203
10896	17374.23
23829	17386.7
40617	17384.055
34403	17365.764
31872	17326.852
10899	17275.484
23454	17208.873
41147	17135.676
35303	17063.816
31876	16995.959
10869	16944.666
23563	16907.64
41446	16889.686
34481	16891.146
32115	16903.133
10894	16926.277
23389	16946.777
40936	16960.83
34311	16964.557
31996	16950.25
11089	16924.65
23512	16884.17
41291	16836.908
35051	16790.455
32340	16746.043
11120	16714.648
23465	16691.793
41073	16679.965
34606	16677.451
31953	16674.947
11051	16673.793
23450	16663.137
41051	16643.682
35081	16616.893
32558	16580.91
11245	16547.346
23555	16515.727
40855	16495.3
34840	16491.8
32190	16502.357
11209	16532.33
23526	16571.078
40950	16615.385
34325	16659.566
31638	16692.168
10943	16714.592
23274	16718.193
40799	16707.232
34456	16687.12
32111	16659.125
11268	16636.45
23463	16619.012
40902	16614.44
34722	16625.98
31961	16648.03
11089	16683.715
23161	16721.633
40751	16759.41
34359	16793.746
31983	16816.367
10893	16831.93
23112	16834.15
40789	16827.232
34710	16814.479
32046	16792.746
10976	16769.455
23188	16738.188
40921	16701.68
34661	16661.12
32148	16612.182
11104	16563.578
23352	16512.787
40668	16468.727
34288	16439.404
31765	16426.045
11156	16439.674
23158	16475.252
40865	16533.234
34871	16608.29
31856	16685.57
10954	16759.355
23023	16811.547
40999	16836.262
34641	16830.477
31977	16790.32
11201	16728.96
23010	16651.438
40608	16575.1
34223	16515.582
32018	16479.098
11026	16478.395
22986	16506.791
41370	16560.992
35168	16631.129
31983	16698.238
11153	16754.742
23079	16783.266
40677	16781.78
34342	16752.953
31862	16699.068
11213	16638.475
23109	16578.742
40755	16536.504
34429	16522.8
31495	16536.43
11139	16580.762
22898	16640.52
41015	16706.246
34914	16765.479
32053	16801.238
11039	16812.158
22561	16790.1
40454	16743.195
34591	16683.201
32102	16618.564
11082	16569.537
22548	16541.127
40781	16542.736
35059	16575.99
31764	16630.043
10997	16700.463
22622	16767.605
40689	16821.87
34614	16855.271
31596	16858.451
11121	16839.285
22793	16798.594
40844	16750.662
34616	16709.676
32125	16682.018
11358	16681.578
22854	16703.992
41184	16748.465
34978	16807.531
32603	16863.652
11421	16910.143
22743	16929.275
41227	16916.898
35114	16873.43
32366	16798.7
11328	16709.447
22741	16612.861
41158	16526.479
34797	16464.81
32304	16431.572
11373	16436.402
22844	16470.04
40689	16527.285
34651	16597.67
31909	16662.451
11212	16715.441
23033	16740.87
40518	16737.457
34218	16707.852
32177	16652.95
11348	16589.234
22991	16522.258
40153	16467.12
34146	16434.652
31847	16425.072
11309	16445.074
22864	16484.06
40039	16537.201
33918	16595.705
31695	16644.031
11259	16679.658
22615	16690.99
40364	16680.316
34186	16652.623
32010	16609.729
11495	16566.893
22643	16527.225
40272	16501.629
34119	16496.246
31662	16506.564
11188	16535.494
22687	16569.965
40626	16604.582
34338	16632.734
31883	16642.883
11326	16638.348
22518	16613.756
40534	16577.172
34939	16538.018
31714	16500.805
11171	16480.393
22374	16476.484
40469	16494.498
34713	16534.084
32133	16584.12
11355	16641.838
22338	16690.875
40786	16724.85
34891	16738.916
32316	16725.652
11303	16693.59
22229	16642.434
40744	16583.979
35273	16529.738
33244	16483.426
11738	16457.775
22486	16449.04
41109	16458.586
35181	16483.13
32523	16510.766
11429	16540.418
22371	16559.412
41155	16566.7
35346	16563.293
32260	16546.486
11397	16526.941
22448	16503.914
41084	16485.312
34897	16476.39
32311	16472.836
11358	16479.799
22299	16487.418
40926	16494.316
35084	16498.318
32324	16491.947
11411	16481.62
22203	16463.48
40608	16445.078
34763	16434.117
32089	16431.348
11070	16447.678
21781	16479.059
39874	16527.768
33384	16592.215
31089	16661.326
11045	16734.445
22084	16798.475
39555	16850.914
33366	16890.049
31199	16909.559
11119	16916.855
21971	16908.486
39712	16891.346
33551	16870.9
31155	16845.004
11096	16821.578
22098	16795.03
39836	16768.176
33762	16742.29
30898	16711.932
11001	16683.578
21872	16652.059
39237	16621.975
33762	16596.785
31322	16572.777
10984	16556.928
21643	16542.424
39212	16530.604
33696	16520.555
31072	16504.445
10969	16486.072
21793	16458.049
39249	16423.81
33483	16387.297
30804	16347.108
10933	16313.905
21583	16285.986
39678	16269.86
32661	16269.487
30286	16279.273
10842	16302.823
21283	16329.937
39304	16358.564
33644	16385.623
31129	16402.246
11016	16412.803
21347	16411.479
39523	16403.676
33621	16395.09
31024	16385.287
10740	16384.645
20991	16389.998
40102	16404.768
33470	16429.957
31178	16457.24
11074	16488.594
21243	16513.584
40689	16531.072
34994	16540.97
31890	16538.25
11167	16531.412
21228	16518.502
41741	16506.834
36023	16503.838
33150	16508.94
11672	16531.674
21621	16566.668
42876	16614.734
37231	16675.025
34317	16738.016
11994	16805.557
21823	16867.043
42918	16920.766
36983	16966.361
34407	16997.322
12061	17020.203
22271	17029.275
43446	17027.611
37286	17018.715
34109	16998.877
12103	16976.068
22018	16945.844
42676	16912.125
36555	16879.596
33731	16845.86
11750	16820.498
21464	16800.193
42391	16789.025
36469	16789.953
33778	16796.664
11801	16812.668
21093	16827.086
42509	16835.688
36619	16834.375
33729	16811.996
11770	16770.604
21207	16702.352
42200	16610.184
36543	16500.248
33952	16373.839
12173	16245.775
21669	16119.206
41963	16004.865
36058	15912.173
33290	15840.856
12011	15799.576
22434	15781.5205
41884	15786.039
35580	15810.493
32948	15843.41
11881	15884.741
21752	15922.237
41225	15953.136
35763	15975.778
33388	15982.592
11996	15979.46
21761	15961.332
42126	15932.779
35786	15899.665
33163	15860.666
11737	15826.572
21294	15795.191
41926	15771.556
36203	15759.485
33369	15753.821
11803	15759.163
21314	15766.172
42663	15772.29
36767	15774.939
33779	15764.75
11805	15745.369
21231	15709.597
41988	15660.772
35991	15604.752
32910	15542.094
11553	15485.755
21005	15436.263
42201	15401.002
36503	15385.767
33581	15386.701
11704	15408.752
20711	15441.938
42003	15482.345
36183	15526.035
33852	15561.844
11936	15591.984
21122	15608.1
42308	15612.187
36579	15609.306
33879	15599.066
11956	15594.244
21331	15595.449
42509	15610.926
37031	15648.29
33884	15706.274
11925	15793.44
21922	15903.52
42136	16036.684
36215	16191.672
33714	16358.399
12171	16537.531
21693	16717.203
41847	16893.682
36438	17064.045
33922	17219.055
12099	17362.568
21453	17487.342
42517	17595.5
36574	17690.742
33121	17769.775
11638	17840.715
20988	17898.75
42586	17945.865
36603	17983.73
34081	18005.045
11807	18014.021
20195	18002.299
43512	17969.797
38128	17919.268
35153	17847.473
12108	17765.104
19229	17672.113
44333	17575.701
39340	17485.033
35653	17400.604
11859	17333.225
-519	17284.025
14820	17253.8
38901	17234.848
38302	17220.951
12927	17216.021
-978	17216.668
12693	17222.916
41230	17227.984
40852	17230.217
13436	17238.465
7	17252.348
19355	17271.318
42133	17288.537
40416	17297.494
13540	17301.076
9711	17291.463
37514	17264.625
43802	17220.316
40371	17157.281
13881	17088.834
21170	17017.012
48384	16950.82
42873	16901.312
39049	16869.182
13829	16863.475
22161	16875.414
47361	16899.14
42076	16928.645
38401	16949.975
13767	16963.355
22388	16959.693
46474	16941.814
40731	16919.068
37459	16896.406
13462	16891.686
21983	16907.88
46213	16950.062
40479	17018.822
37380	17100.602
13249	17188.387
21889	17259.678
46205	17299.963
40416	17301.45
37276	17256.111
13311	17176.668
22175	17071.025
46114	16959.598
40136	16865.984
37291	16802.908
13458	16787.945
22621	16816.094
46757	16879.457
40476	16964.521
37513	17045.848
13586	17111.965
22498	17144.365
45641	17141.027
40196	17112.371
37538	17069.803
13735	17041.586
22869	17042.016
45634	17086.0
40310	17178.682
37296	17304.54
13658	17448.615
22723	17576.088
44711	17659.549
39408	17680.156
37613	17624.049
13866	17507.152
23188	17347.883
45471	17183.475
39775	17055.951
37154	16992.676
13826	17018.46
23234	17124.568
45330	17288.117
39868	17470.238
37179	17614.967
13828	17682.459
23746	17635.623
45386	17470.896
39933	17215.746
37100	16916.227
13757	16649.549
23288	16483.646
45606	16481.44
39443	16677.934
37243	17058.164
13794	17575.734
22058	18131.629
45585	18608.387
39994	18883.838
37527	18842.787
13041	18420.059
20820	17589.146
46669	16387.918
41046	14910.642
38129	13282.528
13342	11661.72
18118	10190.274
45811	8989.99
42132	8144.233
39098	7677.959
13495	7581.2554
9452	7795.8677
34376	8244.468
42493	8846.589
39761	9529.582
13526	10257.029
11137	11009.645
38871	11795.654
43098	12640.388
40550	13564.607
14448	14590.041
22254	15703.263
48483	16871.555
42974	18041.29
39739	19134.115
14883	20081.55
24467	20812.598
46666	21287.658
40599	21499.574
37870	21465.723
13961	21244.951
22383	20901.84
45930	20514.115
40256	20154.146
37868	19867.39
13771	19687.049
22480	19607.031
45816	19606.65
40123	19653.117
37591	19700.596
14083	19721.81
23526	19689.303
44794	19600.344
39056	19469.568
37014	19314.52
14074	19170.852
23884	19059.305
42398	19001.225
37356	19005.988
35776	19061.17
14403	19156.322
23771	19262.27
40191	19358.309
35439	19427.61
34628	19453.15
14536	19440.445
23679	19392.309
38585	19326.955
33873	19263.824
33213	19211.633
14053	19185.725
23136	19182.229
36991	19198.996
32481	19226.74
32877	19244.756
14246	19246.115
22661	19216.727
36208	19158.484
32106	19079.08
32032	18983.879
13785	18894.186
22227	18820.217
36648	18778.012
32045	18776.33
31686	18807.967
13484	18870.443
22329	18944.537
36411	19017.762
32277	19076.762
32183	19104.594
13619	19103.254
22286	19070.78
36707	19021.168
32355	18971.201
31966	18930.387
13551	18916.842
21818	18930.83
36866	18972.965
32276	19034.41
31535	19091.342
13494	19129.469
21951	19125.898
37424	19073.498
32633	18975.32
32122	18838.037
13079	18691.82
21956	18561.94
37736	18482.94
33449	18481.85
32937	18562.025
13293	18720.578
22400	18922.273
38476	19123.045
33104	19268.139
31774	19291.312
12504	19149.752
22079	18810.756
38738	18278.217
33616	17594.9
32081	16825.76
12708	16059.863
22044	15391.861
38943	14920.251
33896	14729.5625
32815	14863.473
13094	15323.981
22191	16066.241
38976	17016.924
34349	18081.877
33166	19144.816
12967	20096.611
21721	20842.656
38533	21329.338
33783	21544.193
32118	21499.35
12363	21247.855
22066	20854.46
39606	20402.102
34766	19969.008
33362	19606.816
12728	19358.69
21992	19230.945
40438	19216.559
35176	19291.438
33768	19411.426
12699	19544.26
21711	19650.963
41478	19711.518
35906	19718.768
33847	19666.768
12690	19571.408
21181	19441.072
41583	19293.094
36176	19143.043
33802	18991.352
12480	18846.307
20764	18699.436
41854	18547.81
36372	18389.42
34276	18213.215
12443	18024.34
19969	17818.87
43165	17603.05
37928	17386.693
35200	17169.68
12528	16964.375
19074	16768.94
43758	16586.303
38308	16420.049
35407	16261.995
12458	16117.119
18901	15978.305
44271	15845.984
25953	15727.593
-17556	15626.612
-16227	15540.859
-15866	15469.499
-65061	15430.5
-100064	15424.803
-109489	15440.564
-44347	15456.086
-22595	15464.911
-91703	15488.023
-136854	15527.659
-140225	15575.512
-54856	15614.6875
-23425	15647.836
-100562	15706.831
-155579	15799.057
-157722	15912.589
-60819	16019.4795
-23154	16109.164
-103016	16200.263
-161724	16289.097
-163706	16358.729
-63257	16385.377
-23136	16373.919
-107981	16368.779
-175215	16396.205
-178687	16465.207
-68877	16566.75
-25714	16708.527
-117151	16921.883
-188476	17202.338
-192117	17516.053
-74203	17807.4
-29644	18047.066
-129065	18247.896
-202532	18408.281
-205411	18520.7
-79196	18573.96
-35891	18596.29
-144077	18656.299
-216343	18789.389
-217310	18999.43
-83413	19256.316
-40483	19545.932
-154495	19878.807
-222926	20229.38
-221221	20555.385
-84911	20807.55
-44396	20987.438
-159494	21150.082
-220169	21333.723
-214530	21563.326
-81520	21836.045
-43783	22168.943
-146979	22589.523
-189240	23071.652
-171373	23555.53
-60459	23964.092
-32391	24258.26
-93169	24444.656
-106969	24536.738
-95640	24573.87
-35316	24619.748
-8145	24757.635
-23697	25075.365
-29661	25615.86
-24951	26368.523
-9667	27277.346
2252	28241.285
789	29146.607
-6266	29877.514
-6162	30343.266
-2920	30519.201
6894	30446.145
12369	30241.008
5372	30060.807
4761	30062.656
919	30381.262
9387	31076.367
19174	32125.23
12939	33408.348
11671	34724.855
3539	35853.035
11160	36587.37
23794	36810.35
17308	36523.992
15181	35860.938
5001	35085.543
12401	34528.16
27215	34527.355
21516	35334.73
19136	37029.36
6208	39477.207
13392	42295.793
29450	44900.207
23681	46569.55
21526	46550.203
7269	44196.24
13809	39069.277
31541	31044.057
25690	20343.828
23011	7519.377
7998	-6605.807
14472	-21067.941
32801	-34883.992
27418	-47194.523
24993	-57383.668
8476	-65133.61
15119	-70459.555
34086	-73656.29
28501	-75221.85
25991	-75759.78
9175	-75851.66
15325	-75982.78
34827	-76463.98
29034	-77415.6
26837	-78794.055
9207	-80427.12
15519	-82101.2
35794	-83613.23
30666	-84829.7
27783	-85723.766
9773	-86360.47
15963	-86892.03
36267	-87499.875
31216	-88352.05
28887	-89571.21
10143	-91193.35
16221	-93184.09
36869	-95437.65
31273	-97810.516
29249	-100166.62
10501	-102391.73
16789	-104436.27
37366	-106302.95
32076	-108041.625
29941	-109735.61
10618	-111456.59
17094	-113260.79
37569	-115154.83
32011	-117096.99
29634	-119015.02
10671	-120806.48
17404	-122382.86
37801	-123670.57
32625	-124626.6
30404	-125244.36
10986	-125521.37
17743	-125457.79
38134	-125013.32
32600	-124092.23
30592	-122543.97
11357	-120152.64
18013	-116684.39
37909	-111908.016
32644	-105646.7
30718	-97830.8
11478	-88512.93
18064	-77904.38
38475	-66349.945
33694	-54302.9
30768	-42284.69
11251	-30808.318
18452	-20339.172
38561	-11225.789
33301	-3670.9836
31063	2272.2974
11331	6709.436
18525	9851.975
38578	11992.782
33729	13450.706
31390	14515.571
11397	15431.062
18568	16350.08
38771	17348.613
33369	18429.264
31462	19532.371
11540	20583.096
18286	21494.748
38923	22208.61
33956	22701.725
31604	22979.953
11685	23092.938
18313	23099.082
39768	23068.158
34873	23062.158
32167	23113.27
11739	23239.598
18554	23422.484
40089	23630.922
35121	23826.81
32558	23963.316
11967	24016.703
18495	23968.82
40556	23826.977
36548	23617.455
33557	23366.83
12185	23117.434
19032	22895.164
41656	22721.734
36620	22607.738
34259	22536.754
12633	22494.082
19179	22460.32
41955	22403.309
36949	22298.771
34173	22140.918
12275	21938.223
19009	21702.412
42005	21430.398
37083	21133.426
34708	20843.652
12804	20591.996
19599	20392.72
42903	20225.004
37224	20072.182
34899	19937.229
12901	19825.066
19679	19729.31
43556	19615.91
37996	19467.088
35353	19296.865
12916	19128.36
20343	18974.73
44689	18818.666
38392	18653.547
22948	18501.459
-5287	18384.42
-34764	18315.705
-119274	18284.527
-169712	18265.219
-194730	18260.719
-82674	18241.367
-55597	18209.367
-197237	18167.576
-278362	18097.777
-285239	18015.012
-113908	17902.604
-68226	17792.762
-233929	17719.54
-336144	17685.26
-347168	17712.723
-138614	17767.129
-81749	17859.152
-269209	17993.865
-388724	18138.098
-393264	18280.986
-154816	18361.24
-88957	18389.725
-286844	18395.143
-419861	18386.748
-424037	18403.676
-167422	18428.016
-98028	18505.795
-308384	18680.834
-449686	18946.951
-452212	19295.53
-177966	19637.846
-107141	19949.385
-325560	20227.834
-469392	20451.057
-470815	20619.88
-185111	20692.08
-111743	20724.914
-333768	20822.623
-478351	21045.53
-477937	21424.037
-187914	21901.162
-113701	22465.57
-340986	23123.51
-494636	23815.088
-499156	24453.795
-197394	24910.598
-122839	25174.357
-358552	25330.125
-514419	25455.562
-515007	25630.865
-203341	25885.727
-129179	26318.496
-368424	27039.76
-519926	28049.646
-517491	29260.475
-204613	30480.193
-128672	31582.771
-367866	32511.668
-518988	33203.52
-517129	33636.723
-204937	33811.0
-132356	33879.418
-371677	34086.227
-523428	34615.508
-522879	35570.207
-207312	36907.87
-132412	38570.18
-377952	40461.82
-531359	42370.273
-529519	44043.492
-210005	45221.49
-131809	45833.93
-376493	46001.504
-530552	45920.234
-527650	45850.438
-207485	46028.215
-117140	46730.31
-353302	48176.62
-469789	50354.766
-365388	53026.03
-123830	55796.04
-39169	58243.273
-120102	60003.355
-148819	60814.812
-137539	60629.246
-53543	59653.25
-12471	58351.67
-57177	57372.91
-92892	57378.37
-86557	58881.64
-33014	62106.656
8071	66878.18
-6014	72589.92
-33684	78220.63
-16628	82449.77
-5696	83882.0
18276	81257.58
7542	73696.984
-40922	60859.4
-28326	43005.523
-13242	21020.979
-2664	-3714.2058
-64071	-29499.86
-133396	-54596.047
-116592	-77490.984
-53498	-97077.01
-36545	-112773.44
-167222	-124534.42
-255651	-132854.02
-241692	-138618.52
-99109	-142904.28
-51531	-146726.27
-196902	-150852.7
-271866	-155774.48
-255449	-161643.19
-102037	-168303.77
-52185	-175332.92
-190692	-182161.81
-254395	-188292.05
-243241	-193380.97
-98013	-197314.5
-56426	-200167.22
-199686	-202162.83
-259532	-203686.89
-249061	-205167.8
-99646	-206995.4
-60446	-209393.8
-196054	-212383.86
-246120	-215861.94
-237392	-219600.45
-94634	-223313.47
-58734	-226666.0
-186682	-229338.88
-232752	-231156.6
-227871	-232087.66
-92609	-232263.78
-61932	-231906.69
-198984	-231292.11
-245331	-230780.62
-234091	-230728.62
-93792	-231444.53
-62684	-233087.14
-194231	-235635.98
-237986	-238960.48
-231908	-242799.22
-94331	-246812.4
-65237	-250580.78
-201424	-253675.7
-245715	-255806.56
-238863	-256844.17
-96404	-256866.39
-64094	-256096.47
-197984	-254866.25
-242156	-253623.33
-235624	-252807.1
-94971	-252768.02
-61407	-253636.55
-194584	-255283.83
-234555	-257415.67
-217194	-259600.2
-86843	-261379.17
-50039	-262345.22
-151934	-262256.4
-171486	-261186.33
-150511	-259508.02
-59666	-257840.0
-40134	-256891.0
-135651	-257278.02
-171587	-259394.23
-169019	-263221.84
-72896	-268234.94
-46244	-273360.62
-152463	-277070.44
-191098	-277651.78
-175084	-273455.12
-70595	-263184.3
-43554	-246120.47
-145724	-222290.55
-180269	-192584.48
-170191	-158647.95
-70119	-122670.305
-51199	-87043.65
-175396	-54009.457
-210553	-25409.764
-185047	-2412.0063
-72481	14619.089
-44546	26142.908
-144264	33299.06
-164649	37590.27
-145949	40607.324
-61466	43730.03
-45721	47908.133
-161761	53527.254
-202844	60310.824
-185965	67430.54
-76335	73689.49
-53207	77794.29
-194690	78610.65
-255222	75292.19
-238573	67444.984
-98754	55182.06
-59232	39144.13
-221748	20397.303
-297611	188.37767
-277269	-20179.195
-110611	-39543.19
-57470	-56922.26
-212070	-71642.74
-282456	-83397.35
-257551	-92151.95
-102519	-98156.24
-55557	-101795.93
-199172	-103572.51
-240896	-104045.984
-188989	-103699.58
-73407	-102963.65
-43455	-102150.375
-200416	-101503.375
-287574	-101190.984
-188927	-101263.62
-53560	-101693.24
-14072	-102364.875
-121991	-103165.305
-168614	-103966.8
53477	-104625.914
51467	-104942.71
52319	-104790.17
89279	-104190.13
96974	-103207.125
270271	-101947.266
127627	-100490.29
65666	-99015.26
144229	-97824.016
166454	-97147.46
275283	-97112.11
127569	-97696.46
98335	-98842.08
192063	-100498.91
193641	-102479.055
273548	-104497.055
120489	-106205.4
93277	-107361.91
184690	-107920.375
193242	-107901.14
263223	-107400.234
117417	-106576.54
92529	-105721.31
187941	-105252.31
194726	-105472.34
252245	-106497.14
112098	-108217.43
89484	-110379.46
182114	-112660.64
188824	-114552.445
242243	-115444.24
107775	-114750.2
89008	-112108.625
182033	-107522.766
189279	-101229.25
239052	-93680.5
106342	-85503.76
90231	-77487.36
184027	-70508.28
191817	-65231.22
245027	-62001.668
108500	-60812.453
87726	-61404.28
180686	-63391.777
190819	-66198.87
250988	-69181.73
111348	-71771.63
89965	-73663.64
190347	-74915.3
206597	-75747.79
272381	-76464.58
119898	-77358.64
95076	-78706.664
198767	-80732.61
223346	-83387.69
298913	-86343.76
130344	-89070.06
105999	-91094.69
233099	-92092.92
263459	-91863.88
345183	-90436.61
151383	-88041.375
122054	-85201.21
266413	-82614.58
296291	-80943.164
375329	-80743.34
167216	-82293.055
129435	-85702.43
272168	-90883.94
296614	-97526.28
394779	-105241.81
182006	-113543.0
132028	-122089.37
294758	-130668.375
321899	-139108.03
403463	-147303.16
178158	-155030.02
97186	-162070.33
210537	-168137.06
206317	-172821.53
254657	-175714.92
109206	-176435.56
71759	-174870.1
144988	-171231.22
131971	-166038.58
165631	-160092.02
69399	-154336.67
59513	-149763.11
113443	-147189.92
99727	-146985.34
132923	-148912.53
56734	-152089.3
52905	-155117.06
101266	-156273.97
86738	-153716.05
112492	-145784.52
47622	-131331.5
48332	-109994.61
91666	-82323.055
75824	-49676.13
97644	-14038.643
41401	22231.97
45061	56713.59
85337	87239.56
69510	112252.164
88788	130985.35
37506	143474.17
43048	150437.6
80564	153060.69
65279	152805.31
83013	151149.58
34931	149327.1
42012	148149.19
78008	147924.39
61920	148561.62
77536	149695.39
32429	150805.1
39503	151357.03
73886	150916.47
57933	149297.69
72569	146596.55
30378	143117.67
38336	139280.1
71644	135492.58
56126	132126.95
69458	129460.625
29016	127602.82
37669	126484.78
70328	125869.09
55054	125475.62
66504	125059.14
27367	124425.4
36427	123456.9
68478	122101.39
53506	120430.016
63351	118627.98
26079	116914.086
35308	115486.08
65743	114467.17
51107	113938.016
60591	113934.336
24829	114412.91
34358	115250.766
63963	116265.06
49704	117286.77
58270	118200.11
23639	118951.67
32993	119556.68
61563	120094.19
47504	120745.09
55893	121780.01
22889	123490.56
32248	126119.03
60070	129796.43
46381	134546.17
54464	140271.22
21889	146727.22
31626	153540.48
59236	160253.02
45733	166444.66
54048	171827.25
21914	176270.97
31628	179820.81
59289	182681.8
45700	185216.9
54331	187869.89
21910	191023.4
31693	194877.1
59183	199356.56
45229	204110.0
54097	208537.4
21811	211834.14
31247	213096.94
58705	211463.08
44789	206308.81
52551	197395.08
21217	184897.72
30958	169392.81
58218	151771.08
44499	133166.33
52169	114826.02
20889	97891.56
30622	83230.76
57837	71314.64
44299	62245.484
50865	55817.043
20514	51548.23
29886	48782.207
56780	46800.234
43724	45000.023
50135	43007.62
20269	40661.113
30064	37974.32
57121	35092.48
43516	32253.49
49104	29736.744
19978	27765.553
29236	26400.316
56172	25567.186
43174	25117.047
48366	24880.314
19410	24708.994
29314	24396.645
55717	23867.12
43073	23142.781
47698	22297.18
18958	21483.059
28760	20772.006
55451	20289.537
42569	20110.133
46852	20193.191
18651	20474.635
28772	20793.56
55828	21056.742
43498	21188.328
46758	21109.812
18781	20840.44
29146	20395.03
56004	19893.809
43753	19462.111
48133	19167.33
19569	19082.996
29384	19188.137
57055	19480.67
44831	19916.559
48514	20385.74
19469	20817.232
29731	21112.1
58174	21261.15
46040	21284.152
50279	21186.03
20477	21030.021
30539	20841.53
60138	20695.309
48171	20643.2
52081	20669.537
20979	20773.945
31356	20896.102
61095	21023.371
49076	21139.598
53262	21194.469
21509	21190.94
30739	21102.803
60931	20973.162
49046	20847.201
52625	20725.86
21378	20642.377
30612	20574.066
61456	20547.086
49524	20574.514
53007	20617.162
21248	20673.47
30694	20696.35
61950	20709.582
50083	20738.148
53574	20765.441
21463	20816.27
31016	20864.19
62474	20952.547
50829	21111.506
54226	21308.836
22058	21547.438
31234	21769.145
63088	21994.236
51797	22232.36
55054	22433.135
22226	22597.676
31630	22677.33
63852	22715.395
52801	22749.504
56098	22756.316
22558	22764.006
31542	22734.871
65065	22717.736
54141	22751.344
57571	22794.69
23486	22854.988
32293	22876.527
66198	22888.752
55496	22918.115
59333	22923.967
24008	22916.182
32798	22860.84
67936	22784.152
57651	22713.684
61361	22634.098
24955	22568.77
33831	22499.031
69836	22441.684
59328	22409.328
62801	22380.244
25532	22364.705
34072	22333.707
70720	22290.645
60496	22242.637
64806	22171.668
26646	22095.42
34856	21998.902
72926	21894.746
63064	21798.73
67121	21700.504
27472	21619.58
35974	21539.355
74539	21463.834
64294	21399.576
68869	21329.451
28264	21268.408
36439	21200.623
75521	21133.137
65391	21079.686
70436	21033.43
29001	21018.316
36968	21025.215
76944	21061.443
67209	21135.516
72177	21230.797
29934	21357.236
37791	21490.934
79033	21624.129
69118	21755.771
74968	21866.4
31074	21971.033
38504	22058.15
79945	22136.623
69531	22225.059
75467	22322.914
31555	22459.037
38900	22628.86
80346	22838.137
70097	23093.129
76122	23373.645
31653	23683.592
38831	23993.084
80636	24284.545
70189	24547.9
75894	24756.18
31525	24916.463
39441	25012.684
81931	25048.037
71609	25038.244
76725	24983.69
32099	24915.027
39133	24834.22
81144	24753.666
71659	24689.33
76468	24635.14
31553	24608.93
39633	24597.22
82159	24596.56
72929	24610.086
78551	24623.123
32811	24650.047
39526	24678.47
82921	24707.963
73501	24746.73
80413	24784.465
33837	24838.379
40321	24896.277
84658	24955.23
75312	25019.773
80403	25076.47
33661	25139.834
39896	25197.543
83931	25249.023
75018	25303.41
80018	25353.25
33274	25418.953
39897	25492.22
84405	25574.05
75338	25672.11
79752	25774.838
33494	25896.693
39799	26023.545
84094	26152.027
75497	26288.18
79686	26422.443
33364	26573.957
39844	26735.37
84383	26909.295
75411	27105.764
80393	27314.963
33539	27551.281
39494	27798.012
83837	28045.252
75130	28289.932
79274	28511.773
32966	28719.285
39893	28897.5
84069	29045.73
75076	29176.912
78938	29291.303
32928	29418.068
39434	29560.125
83730	29727.264
75225	29933.664
79089	30170.666
32853	30449.713
39214	30750.02
83623	31055.076
74951	31355.697
78631	31626.494
32661	31871.393
38908	32073.484
83319	32230.2
75118	32353.732
78578	32444.703
32613	32532.441
38687	32621.486
82395	32723.254
73665	32854.824
77309	33012.24
32353	33212.465
38393	33442.875
81434	33695.176
72718	33967.37
76774	34239.51
31962	34517.06
37581	34781.445
79937	35023.004
71726	35241.62
75067	35422.29
30911	35576.473
36955	35692.35
78780	35767.96
70358	35811.45
73715	35816.58
30377	35804.2
36534	35772.86
77709	35730.99
69078	35695.184
71890	35664.74
29704	35661.69
36093	35680.383
76710	35720.19
68298	35783.617
71788	35852.496
29659	35931.234
35889	35999.066
76334	36045.766
67608	36071.27
71124	36062.88
29518	36038.53
35658	35996.883
74929	35950.625
66457	35921.734
70199	35914.88
29101	35957.28
35314	36048.11
74593	36189.668
65618	36385.164
69321	36613.617
28904	36874.324
35115	37139.957
74125	37391.94
65334	37620.48
68903	37801.43
28423	37940.758
35008	38025.996
73613	38059.652
64724	38055.18
67805	38011.15
28105	37952.176
34706	37879.37
72884	37802.28
64417	37735.18
67533	37672.26
28074	37630.05
34649	37599.934
72965	37581.836
64392	37581.11
67601	37584.574
28241	37603.246
34558	37624.527
73003	37645.54
64647	37669.863
67497	37682.797
28130	37694.652
34461	37693.234
73338	37677.32
65259	37653.65
67643	37612.105
28067	37568.676
35283	37516.613
73891	37460.715
65894	37411.883
68839	37361.926
28353	37326.71
35145	37296.92
74946	37272.94
66783	37260.746
69479	37246.527
29118	37241.81
35358	37234.664
76069	37224.465
68017	37218.168
71187	37203.758
29642	37195.465
36213	37182.906
77011	37166.71
69213	37153.703
72179	37129.953
30088	37107.414
36023	37073.023
77731	37025.34
70234	36970.16
73316	36893.83
30536	36810.42
36572	36709.73
78604	36594.1
70944	36473.13
74294	36336.016
31058	36198.87
37170	36051.75
80478	35896.367
72932	35741.12
75776	35573.285
31603	35407.34
37109	35231.98
79754	35048.47
71580	34865.305
73073	34670.215
29850	34478.184
34614	34279.035
74309	34076.457
65706	33880.645
67069	33681.227
27226	33494.945
32366	33314.363
67475	33146.848
57838	33004.324
58853	32876.95
23754	32778.734
29624	32698.592
61493	32638.094
51078	32600.291
51958	32565.06
20909	32535.428
27806	32492.154
57166	32432.852
46610	32360.062
47988	32258.611
19331	32141.125
27128	32002.436
55371	31856.084
44168	31719.648
45601	31589.498
18394	31483.545
26161	31396.186
53030	31333.953
41911	31301.072
43313	31277.562
17245	31264.281
25809	31241.057
52130	31205.617
41195	31160.121
43229	31089.059
17566	31004.635
26315	30901.486
53562	30794.242
42767	30700.602
44354	30616.008
17898	30557.682
27040	30519.016
55131	30506.582
44738	30525.748
47451	30557.445
19571	30605.373
28302	30651.8
59121	30696.342
50938	30743.137
55853	30776.887
23928	30810.72
32857	30837.082
70644	30864.5
62406	30906.77
64866	30955.197
27069	31026.13
34346	31110.344
74269	31210.875
67300	31334.72
70121	31465.51
29246	31613.703
35848	31764.578
78200	31917.89
71441	32080.826
74817	32239.213
31248	32408.12
36628	32578.102
79990	32753.58
73691	32945.637
76765	33142.836
32325	33360.84
37566	33588.21
82474	33824.477
76290	34074.508
79416	34319.426
33057	34567.418
37986	34800.29
83454	35013.137
77718	35210.184
80480	35375.977
33653	35527.03
38551	35657.35
84826	35776.934
78697	35906.254
81699	36044.47
33989	36218.582
39064	36426.324
85851	36672.69
79441	36963.95
81797	37276.14
34326	37605.78
39034	37916.383
85676	38178.312
79855	38368.12
83050	38441.645
34909	38387.934
39397	38177.15
86105	37800.94
79985	37269.754
82990	36581.844
35048	35771.562
39392	34852.57
86291	33851.758
80045	32803.285
83215	31715.549
34884	30619.914
39709	29516.025
87384	28410.285
81435	27315.457
84252	26223.084
35396	25155.258
40241	24112.133
88013	23108.951
82370	22172.896
85839	21310.611
35991	20554.383
40742	19903.514
88445	19358.92
82767	18919.53
85744	18552.658
35865	18245.9
40638	17956.488
89026	17654.025
82766	17324.617
85847	16945.135
36279	16534.695
40869	16100.26
88473	15670.687
82686	15289.896
86960	14979.919
36496	14783.8
40901	14704.388
88809	14738.274
82749	14874.969
86242	15070.001
36224	15300.65
39969	15519.368
86637	15699.068
79636	15838.479
83240	15936.136
34976	16039.089
39263	16185.337
86011	16432.012
79383	16844.58
83457	17456.846
34911	18310.494
39586	19395.805
86944	20685.748
80405	22138.102
84125	23672.318
35468	25227.36
40324	26718.766
87352	28084.4
80325	29291.07
85121	30307.842
35865	31155.002
40504	31846.055
87826	32417.012
80741	32918.062
85426	33374.812
35754	33832.016
40235	34295.613
87686	34767.94
80701	35249.234
85564	35711.33
35972	36151.766
40436	36544.5
87409	36879.78
80193	37164.914
84601	37393.29
35603	37592.38
40561	37766.492
87244	37929.656
80126	38101.684
84241	38275.016
35317	38464.426
40103	38653.15
86538	38832.0
79799	38999.348
84503	39133.344
35641	39243.863
40098	39319.035
86278	39362.52
79160	39390.184
84224	39397.49
35378	39408.664
39989	39420.004
87074	39436.01
79891	39466.688
84781	39496.15
35824	39534.95
40333	39566.008
87042	39583.668
80324	39592.42
84931	39576.266
35656	39550.8
40066	39507.93
86939	39452.855
79954	39400.992
83685	39345.5
34761	39307.7
39608	39282.17
86798	39272.85
79932	39291.305
83977	39325.832
35223	39391.473
39786	39476.85
86566	39579.023
79809	39703.227
84691	39832.89
35409	39977.75
40050	40120.91
87134	40252.395
80036	40371.67
84383	40459.39
35160	40524.316
40060	40552.938
87288	40542.11
80583	40503.29
84316	40434.47
35164	40363.234
39894	40294.504
87051	40239.395
80530	40216.824
83877	40223.79
34869	40276.117
39893	40357.055
86640	40447.91
79682	40534.555
84103	40582.418
35329	40583.02
39991	40507.496
86414	40340.11
79316	40085.996
83577	39745.156
35096	39353.867
39699	38932.082
86073	38510.07
78904	38128.707
82779	37807.84
34684	37584.426
39568	37460.184
85269	37431.016
78322	37492.125
81847	37613.793
34009	37787.03
39202	37977.098
84822	38158.863
77681	38322.824
81141	38449.082
33866	38550.45
38856	38620.605
84126	38665.84
77458	38703.57
80966	38730.89
33608	38769.035
38916	38810.594
83913	38854.082
76404	38903.82
80021	38941.023
33582	38973.63
38891	38985.49
83544	38973.652
76456	38946.24
79445	38892.566
33107	38831.523
39313	38757.87
83660	38679.086
76619	38609.977
79626	38541.633
33281	38490.523
38489	38445.65
82967	38406.137
76243	38377.734
79116	38342.88
33068	38311.76
38225	38270.508
82551	38219.8
75736	38170.56
78985	38113.055
32912	38067.414
38327	38029.855
82628	38009.66
75788	38022.727
78473	38059.164
32583	38133.176
37778	38229.53
82081	38341.844
75730	38467.67
78519	38579.29
32728	38676.69
38018	38736.723
81859	38753.176
74703	38732.535
77110	38663.94
31918	38569.44
37489	38450.38
81318	38323.887
74668	38214.535
76891	38121.6
32038	38067.785
37244	38045.945
80517	38057.082
73838	38105.047
75830	38167.383
31483	38247.777
37301	38325.52
80321	38395.656
73296	38463.19
75065	38512.805
31159	38559.035
37030	38593.227
79794	38621.047
72415	38654.445
74949	38680.117
31143	38710.76
36801	38732.637
79889	38745.504
73006	38755.965
74959	38748.305
31016	38735.457
36331	38707.72
78944	38670.91
71980	38638.574
73648	38600.87
30384	38574.543
36538	38550.277
78916	38531.324
72466	38525.535
73854	38516.375
30431	38513.363
36196	38500.73
78622	38477.758
71821	38450.957
73467	38404.484
30451	38350.625
36159	38278.02
78221	38190.31
71734	38098.305
73351	37990.312
30058	37882.16
36182	37765.453
77973	37646.234
71326	37537.55
72951	37429.56
30192	37338.99
35921	37256.742
77651	37186.414
71033	37136.367
72417	37090.105
30322	37056.418
35827	37019.02
77287	36975.84
70994	36932.16
72251	36872.508
29994	36811.066
35909	36739.438
77077	36666.066
70437	36606.63
71524	36553.668
29734	36525.18
35524	36511.727
76719	36515.508
70190	36541.598
71343	36569.64
29396	36604.773
35824	36627.184
76868	36633.29
70354	36628.184
71187	36597.055
29154	36555.094
35244	36495.3
76636	36426.676
69833	36364.793
70706	36301.93
29078	36255.42
35019	36216.094
76219	36187.14
69913	36176.293
70748	36167.668
28970	36171.52
35060	36173.406
76169	36173.65
69674	36179.074
70516	36174.137
28937	36169.797
34739	36152.03
75789	36121.438
69753	36084.895
70010	36027.645
28729	35962.664
34664	35880.19
75736	35786.562
69422	35695.812
69395	35600.465
28554	35518.605
34600	35442.645
75788	35377.16
69248	35330.035
69306	35283.785
28330	35244.926
34461	35195.188
75263	35131.43
68388	35059.098
68624	34964.35
28228	34863.63
34221	34753.008
75225	34645.035
68319	34559.016
69030	34490.04
28153	34455.93
34390	34445.26
74989	34456.418
68219	34489.285
68541	34518.324
28140	34543.83
34231	34543.676
74516	34514.434
67884	34463.652
68001	34381.87
27805	34290.188
34186	34188.746
73906	34092.926
67966	34021.89
67894	33969.062
27691	33948.766
33993	33946.97
73754	33960.29
66976	33988.555
67178	34009.082
27492	34026.54
33645	34024.76
73539	34005.72
67188	33980.504
66944	33940.574
27268	33904.2
33629	33865.207
73483	33830.527
66751	33810.285
66900	33790.152
27248	33779.72
33436	33764.14
72801	33743.383
66178	33724.402
65779	33694.176
27080	33666.844
33323	33634.547
72448	33604.027
66455	33586.453
65643	33569.902
26774	33565.27
33285	33557.973
72117	33546.348
65646	33533.6
65708	33502.582
26928	33463.242
33217	33405.5
72121	33336.496
65401	33271.188
64984	33204.516
26286	33156.156
33021	33120.773
72223	33103.79
65373	33112.605
64662	33129.582
26550	33158.91
32936	33180.72
71734	33189.45
65302	33186.805
64791	33157.18
26122	33113.723
32957	33050.695
72071	32979.074
65495	32916.902
64578	32860.688
26360	32829.13
32643	32815.01
71271	32820.3
65325	32848.547
64975	32879.29
26313	32915.164
32886	32936.297
71472	32938.69
64818	32927.1
64139	32889.45
26208	32841.695
32704	32780.516
70977	32717.445
64787	32669.074
64016	32629.363
26095	32612.93
32430	32608.418
71123	32614.084
64657	32630.986
64261	32637.92
25898	32638.65
32445	32616.629
70812	32571.928
64599	32514.252
63944	32436.506
25873	32358.68
32259	32280.113
70546	32212.91
64479	32172.506
63721	32150.428
25799	32157.855
32378	32179.938
70567	32211.643
64635	32251.494
63405	32278.041
25847	32295.13
32700	32288.03
70467	32258.684
64299	32217.912
63421	32159.475
25553	32102.361
32318	32043.408
70129	31990.793
63668	31955.404
62874	31924.664
25509	31906.781
32701	31886.111
70023	31859.541
63224	31830.14
62788	31782.738
25648	31728.922
32328	31661.693
70029	31589.207
63986	31526.37
63141	31468.025
25543	31430.92
32201	31407.318
69919	31398.799
63835	31408.742
63050	31418.084
25656	31429.873
32433	31425.988
70018	31402.674
63579	31364.795
62988	31300.902
25406	31226.588
32501	31138.54
69916	31047.8
63731	30970.54
62869	30901.826
25359	30857.258
32242	30827.752
69514	30813.494
63521	30817.342
62954	30820.883
25402	30828.691
32416	30824.877
70065	30807.668
63988	30783.453
62696	30741.732
25176	30697.027
32043	30644.03
68768	30590.422
62890	30548.404
62249	30509.74
25284	30487.361
32212	30471.44
69828	30462.586
63772	30466.059
62698	30467.338
25114	30475.105
31856	30477.592
69638	30476.186
63405	30478.668
62370	30474.418
25114	30476.129
31664	30475.469
69383	30475.656
63261	30484.504
62571	30489.543
25306	30500.334
31870	30504.965
69859	30502.875
63793	30499.482
62526	30481.598
25143	30459.756
31780	30424.832
69551	30380.83
63280	30338.428
62578	30289.508
25246	30249.281
31621	30211.629
69498	30181.258
63676	30167.441
62404	30158.682
25015	30164.588
31698	30172.758
69508	30181.42
62988	30194.238
62167	30195.627
25124	30193.576
31927	30177.055
69643	30148.191
63672	30116.705
62788	30074.855
25118	30038.703
31745	30004.229
69119	29978.32
63384	29971.984
62774	29974.906
25212	29997.258
31598	30025.83
69085	30056.506
63458	30089.695
62124	30106.547
24913	30112.135
31924	30092.81
69677	30049.766
63661	29993.02
62013	29916.934
24798	29840.445
31953	29762.818
69553	29694.234
63449	29648.67
61841	29618.361
24845	29614.41
31939	29624.285
69254	29644.496
63512	29675.79
61939	29700.914
24573	29726.22
31769	29740.068
69109	29744.898
63418	29750.865
62363	29750.828
25216	29759.992
31644	29771.818
68705	29788.602
62550	29815.752
61367	29837.623
24807	29859.447
31863	29866.37
68796	29856.459
62802	29836.195
61315	29797.082
24523	29756.068
31586	29711.951
68769	29675.338
62896	29660.998
62121	29661.842
24639	29688.652
31388	29727.217
68983	29769.916
62749	29812.846
61198	29833.818
24472	29834.725
31501	29802.293
68643	29739.637
62944	29661.2
61514	29567.824
24436	29484.613
31387	29415.865
68564	29373.645
62719	29370.57
61542	29394.484
24579	29449.271
31376	29514.107
68788	29576.559
62495	29630.865
61013	29656.068
24344	29658.443
31282	29630.441
67939	29580.584
62561	29526.879
61206	29471.033
24260	29435.348
31443	29418.752
68753	29426.25
62663	29463.148
61053	29512.045
24507	29574.225
31611	29630.396
68138	29672.975
62349	29702.863
60516	29706.934
23999	29697.17
31189	29668.969
68049	29630.291
62125	29594.918
60733	29557.572
24280	29532.605
31399	29512.36
67839	29497.967
62162	29494.867
60593	29490.637
23948	29494.842
31267	29498.344
67955	29503.645
62203	29519.441
60654	29536.232
24042	29565.037
31417	29595.297
68038	29625.607
62481	29658.455
60756	29678.117
23944	29690.889
31096	29684.934
67316	29661.81
62016	29631.25
60078	29588.154
23799	29550.205
31360	29515.79
68001	29492.81
62456	29492.11
60732	29503.547
23890	29534.738
31378	29570.744
68152	29605.379
62239	29637.78
60313	29651.031
24094	29652.113
31776	29631.85
68011	29595.459
61722	29556.336
60321	29511.635
24045	29479.75
31129	29457.91
67369	29450.824
61815	29464.744
60374	29485.15
23883	29516.088
31112	29540.15
67369	29550.654
61782	29547.912
60062	29517.9
23616	29471.453
31214	29403.5
67573	29322.95
61727	29246.152
60076	29172.557
23795	29121.615
31043	29090.793
67579	29084.25
62051	29107.648
60138	29145.416
23785	29200.104
31169	29252.846
67603	29295.453
61600	29326.734
60109	29331.066
23722	29317.959
31131	29281.305
67459	29229.375
61806	29177.904
59817	29126.361
23503	29094.004
31231	29077.705
67710	29081.242
61829	29109.31
60058	29145.254
23801	29190.543
31374	29226.078
67786	29244.137
61793	29245.027
59978	29216.014
23857	29169.928
31461	29104.457
67711	29031.145
61953	28968.344
60133	28916.348
23858	28893.602
31646	28894.691
67861	28919.85
62208	28969.828
60458	29024.389
23803	29082.805
31437	29125.07
67581	29144.355
61917	29143.08
59676	29111.016
23506	29063.096
31044	28998.027
66991	28926.64
61868	28864.736
59948	28808.902
23490	28773.732
31153	28750.906
67523	28739.736
61660	28742.984
59772	28745.44
23514	28753.646
31433	28756.283
67540	28754.861
61875	28758.148
59785	28758.607
23567	28769.52
31273	28783.53
67467	28801.752
61845	28828.39
59906	28848.092
23669	28865.75
31383	28866.848
67432	28849.371
61831	28819.408
59669	28769.492
23504	28716.37
31408	28659.648
67241	28610.936
61569	28585.932
59558	28580.758
23491	28608.352
31191	28657.629
67198	28724.006
61719	28805.004
59287	28879.37
23209	28946.656
31396	28989.158
67490	29003.367
61633	28995.164
59833	28957.053
23609	28905.852
31419	28840.97
67276	28772.742
61469	28715.438
59733	28663.844
23444	28630.781
31086	28606.957
66929	28591.217
61298	28586.188
59209	28577.43
23379	28571.754
31205	28558.57
67161	28539.828
61758	28524.166
59768	28504.723
23293	28495.727
30984	28491.611
67358	28495.96
62021	28515.926
59713	28539.723
23259	28574.273
31245	28605.92
67004	28631.11
61307	28651.91
59233	28654.883
23364	28649.06
31169	28626.701
66909	28592.69
61586	28558.678
59323	28520.467
23102	28494.51
30817	28476.662
66973	28471.736
61499	28487.287
59268	28511.346
23373	28550.385
31186	28590.318
66671	28627.162
61053	28662.51
59229	28682.832
23086	28697.416
30868	28698.963
66590	28693.0
61193	28691.486
59148	28689.996
23330	28703.703
31114	28726.58
66839	28760.465
61219	28809.191
59158	28856.781
23336	28906.13
31185	28940.348
66814	28953.848
61622	28948.215
59681	28911.734
23313	28856.732
31013	28779.78
66747	28690.797
60918	28606.127
58820	28525.012
22910	28465.79
31274	28424.969
66883	28406.203
61144	28414.742
58776	28436.441
23123	28475.262
30843	28515.701
66543	28552.895
61135	28588.41
58794	28609.254
22896	28625.06
30924	28628.277
66538	28623.39
60793	28620.5
58793	28613.018
23154	28613.826
31008	28615.64
66253	28620.285
61207	28632.928
58603	28641.445
22644	28653.275
30928	28656.61
66126	28650.736
60916	28640.502
58629	28615.46
22709	28586.656
30648	28547.479
65811	28503.11
60551	28464.21
58334	28425.635
22711	28401.982
30637	28388.37
65988	28388.914
60363	28410.64
58023	28441.992
22574	28489.238
30814	28537.842
65921	28582.809
60324	28623.537
58253	28643.555
22613	28648.639
30652	28628.459
65741	28586.242
60598	28533.06
58233	28466.285
22588	28405.195
30654	28350.076
65763	28310.602
60596	28298.676
58354	28306.506
22576	28342.736
30492	28393.531
65509	28453.021
60064	28518.771
57715	28572.037
22264	28615.506
30434	28635.504
65086	28632.26
59902	28613.406
57455	28573.31
22076	28528.086
30539	28475.637
65271	28424.305
60199	28385.656
57705	28353.188
22260	28338.24
30483	28331.441
65246	28332.46
60284	28344.377
57789	28353.756
22408	28367.389
30788	28373.576
65291	28372.234
60348	28368.492
58249	28352.328
22626	28334.549
30649	28308.016
65166	28276.832
59848	28250.148
57574	28221.19
22288	28203.486
30394	28191.56
65381	28189.805
60221	28206.207
57693	28231.156
22152	28273.404
30478	28321.248
65024	28372.066
59898	28426.785
57001	28470.129
21872	28507.041
30466	28524.998
64957	28524.154
59672	28511.121
57001	28478.562
21992	28440.74
30318	28394.086
64754	28346.158
59643	28307.955
57437	28273.133
22193	28253.38
30189	28239.934
64461	28232.9
59396	28235.492
57414	28234.621
22081	28237.252
30472	28232.537
64588	28221.828
59609	28211.94
56949	28194.89
21996	28183.197
30319	28170.643
64295	28161.332
59229	28162.2
56543	28163.092
21569	28172.072
30168	28177.557
64652	28178.037
59579	28176.451
56506	28160.676
21790	28139.36
30207	28104.365
64634	28059.719
59516	28015.037
56873	27964.879
21650	27923.389
30294	27885.496
64083	27855.61
59206	27840.486
57309	27829.375
21846	27830.191
30431	27831.096
64396	27831.06
59099	27833.72
56654	27828.127
21747	27824.32
30327	27815.307
64514	27805.902
59254	27805.299
56498	27806.555
21734	27821.271
30421	27840.658
64321	27864.941
59256	27896.45
56726	27920.617
21458	27942.156
30239	27947.275
64126	27934.63
58911	27908.896
56396	27861.242
21461	27804.682
30068	27735.396
64085	27661.256
59439	27594.273
56874	27530.225
21631	27483.023
30369	27446.28
64181	27422.94
58583	27418.672
55998	27422.1
21429	27440.982
30136	27464.732
64119	27493.871
59166	27533.068
56529	27571.648
21442	27618.4
30446	27663.111
64318	27705.936
59069	27750.602
56198	27784.914
21424	27816.021
30389	27833.1
63725	27837.357
58569	27834.89
55991	27817.457
21208	27797.348
30461	27768.982
63753	27737.96
58064	27713.332
55740	27687.352
21096	27670.574
30490	27653.473
64276	27636.547
58938	27623.688
55955	27603.09
21047	27582.84
30398	27553.332
64166	27517.152
58929	27481.994
55974	27440.9
21310	27406.715
29961	27373.8
63651	27346.75
58458	27333.305
55988	27324.484
21514	27329.543
30223	27338.38
63740	27351.2
58703	27371.678
55797	27387.75
21311	27406.916
30273	27418.445
63759	27422.963
58387	27425.248
55801	27415.08
20955	27402.148
30057	27378.146
63402	27346.182
58769	27313.678
56234	27273.07
21198	27236.736
30285	27198.621
63599	27163.758
58706	27140.494
55847	27121.314
21055	27117.273
30409	27119.78
63584	27130.344
57834	27153.424
55746	27177.04
21204	27208.023
30249	27234.771
63514	27256.84
58321	27277.81
55130	27286.902
20744	27293.207
30348	27288.342
63553	27276.096
57926	27264.738
55111	27247.514
20853	27236.883
30104	27226.648
63243	27220.861
58231	27226.125
55786	27232.355
21239	27247.49
30251	27260.027
63299	27268.662
57935	27275.74
55148	27269.012
20963	27256.637
30451	27230.076
63683	27193.754
58308	27157.56
55139	27117.291
20770	27088.002
30033	27065.742
63354	27055.844
58160	27064.992
55236	27081.979
20764	27112.088
30291	27140.453
62757	27162.832
57474	27179.172
55346	27175.873
20984	27161.602
30395	27129.904
63493	27088.387
58213	27050.404
55174	27015.182
20942	26999.695
30039	27000.436
62725	27021.012
57694	27064.238
55276	27113.854
20896	27169.7
30167	27212.055
63147	27232.955
58226	27230.705
55552	27192.904
20959	27131.174
30075	27044.002
62870	26944.717
57964	26852.312
55041	26770.89
20739	26721.05
30300	26700.816
63057	26714.176
58227	26763.006
55573	26829.42
20870	26911.488
30603	26987.629
63689	27048.518
58543	27091.562
55426	27103.521
20683	27094.842
30261	27061.904
63329	27015.275
58223	26970.268
55287	26926.697
20883	26900.861
30456	26887.582
62901	26888.945
57599	26906.951
54646	26926.39
20708	26949.875
30559	26962.486
62618	26962.4
57409	26953.727
54583	26928.781
20398	26901.182
30124	26867.814
62707	26837.21
57691	26820.434
55099	26811.834
20783	26822.176
30214	26841.264
62565	26867.984
57439	26903.021
54463	26932.004
20279	26959.457
30258	26973.06
62483	26973.246
57542	26965.395
54501	26941.867
20523	26914.582
30301	26877.918
62726	26837.348
57553	26801.24
54258	26762.586
20595	26732.174
30313	26702.35
62555	26675.848
57601	26658.338
54359	26640.717
20313	26632.31
30204	26624.258
62017	26619.066
56787	26622.064
54549	26624.016
20436	26634.373
30274	26644.19
61940	26656.1
56569	26675.54
54108	26692.992
20296	26717.191
30049	26738.209
62507	26756.521
57535	26775.36
54499	26783.1
20184	26786.928
30198	26776.494
62234	26753.777
57269	26725.295
54033	26684.834
20044	26645.986
29909	26605.041
62433	26569.61
57729	26549.424
54688	26538.244
20559	26546.064
30281	26562.297
62454	26585.434
57256	26615.71
54031	26638.629
20002	26658.848
29966	26664.658
62131	26658.154
57376	26646.744
54050	26625.535
20061	26609.156
30034	26593.98
62142	26586.191
56969	26593.018
54063	26604.662
19981	26627.549
30194	26648.363
62283	26664.758
57416	26677.99
53958	26677.082
20168	26671.832
30175	26656.695
62299	26639.361
57475	26631.375
54284	26629.95
20129	26648.959
30158	26681.52
62060	26728.893
57271	26792.025
54526	26855.45
20145	26921.111
29960	26972.732
61744	27006.59
56714	27024.002
53795	27014.781
19932	26989.787
30139	26943.936
61950	26884.693
56928	26822.564
54395	26753.326
20193	26690.457
30664	26627.965
61928	26570.275
56664	26523.812
53666	26480.215
19954	26449.436
29994	26423.346
61389	26405.092
56653	26400.25
53811	26399.67
19816	26411.596
29966	26425.209
61660	26439.93
56844	26457.385
53611	26465.107
19641	26469.553
30028	26460.271
61122	26440.04
56225	26415.96
53500	26382.75
19853	26354.395
30158	26327.217
61724	26308.549
56629	26306.887
53596	26314.678
19671	26340.168
30276	26371.215
61311	26405.355
56267	26441.342
53038	26463.762
19508	26476.412
30301	26466.363
61613	26434.86
56639	26388.521
53836	26322.71
19561	26253.49
30106	26180.182
61494	26113.85
56589	26067.016
53549	26036.26
19753	26033.547
30362	26049.309
61405	26082.148
56199	26130.566
53696	26177.613
19700	26224.664
30171	26256.29
61333	26271.281
56170	26274.426
52901	26260.033
19516	26243.37
30138	26223.348
61306	26210.322
56359	26215.479
52813	26233.219
19346	26272.053
30088	26318.8
61011	26368.541
55900	26417.232
53302	26446.986
19605	26460.262
30016	26445.113
60839	26405.402
56008	26351.197
53003	26282.258
19449	26217.887
30087	26158.684
61263	26114.676
56008	26094.865
52754	26090.434
19401	26107.025
30013	26130.012
60394	26155.482
55394	26182.738
52503	26199.605
19124	26214.957
29734	26222.316
60504	26228.838
55461	26244.4
52709	26263.814
19183	26297.465
29800	26334.38
60176	26372.178
55157	26408.365
52256	26426.25
19120	26428.355
30151	26402.44
60513	26352.393
54754	26288.828
51442	26212.387
18818	26143.598
29886	26085.086
60341	26049.016
54926	26045.432
51704	26065.34
18736	26112.453
29617	26168.555
60178	26224.836
54991	26274.594
51836	26299.746
18876	26304.016
29890	26278.16
60018	26229.334
54938	26170.135
52077	26101.336
19034	26041.42
29909	25988.91
59698	25950.9
54504	25932.637
51677	25922.803
18885	25925.785
29503	25927.531
59131	25926.494
54713	25924.67
51411	25913.332
18683	25903.547
29834	25890.006
59544	25879.695
54020	25880.71
51343	25885.66
18499	25902.87
29622	25920.686
59520	25937.965
54281	25954.977
50755	25959.71
18354	25959.334
29384	25945.967
59258	25925.785
54053	25908.633
51069	25891.654
18584	25889.219
29066	25896.574
59239	25917.656
53920	25955.709
50691	25997.898
18407	26047.027
28957	26087.846
58903	26117.186
53661	26135.365
50649	26131.955
18378	26116.902
29114	26084.715
58554	26043.562
53461	26003.854
50364	25962.504
18036	25932.502
29155	25907.066
58746	25889.098
53627	25881.484
50888	25872.523
18199	25867.932
29246	25856.34
58725	25839.604
53413	25822.764
50261	25799.336
18125	25781.422
28941	25764.266
58742	25754.32
53619	25758.797
50143	25769.785
17891	25794.623
28799	25821.326
57874	25848.232
53142	25874.365
50347	25885.787
18011	25887.23
28714	25867.88
57876	25830.885
53099	25783.223
49824	25720.996
18057	25658.666
28811	25594.166
58073	25536.379
52959	25494.547
49999	25462.693
17947	25450.02
28963	25446.188
58104	25450.94
53119	25464.414
49450	25473.53
17918	25482.707
29288	25480.29
57811	25467.922
52485	25450.05
49793	25419.227
17868	25386.455
28736	25345.91
57477	25303.871
52378	25267.654
48934	25231.326
17638	25205.447
28796	25182.906
57478	25168.332
52201	25167.193
49214	25171.48
17699	25189.898
28589	25213.094
57144	25242.701
51975	25280.623
49149	25314.807
17596	25349.941
28439	25373.041
57246	25383.605
51947	25383.385
48709	25362.934
17623	25331.818
28734	25284.4
57168	25228.469
51774	25174.252
48923	25119.123
17564	25076.834
28227	25042.389
56984	25020.508
51825	25014.893
48623	25014.346
17516	25023.123
28506	25027.88
57023	25027.543
51794	25023.264
48760	25005.336
17340	24982.996
28107	24950.113
56739	24913.623
51657	24882.16
48091	24851.348
17148	24832.523
28049	24818.314
56300	24811.61
51224	24814.395
48290	24815.004
17240	24818.201
28031	24812.064
56428	24797.314
51593	24777.031
48382	24743.457
17165	24707.283
28113	24663.148
56441	24618.43
51324	24581.611
48204	24547.889
17116	24528.574
27776	24516.775
56503	24516.059
51310	24529.932
47994	24548.336
17054	24577.383
28066	24605.48
56572	24632.887
51359	24661.078
48421	24679.072
17214	24693.447
27976	24694.42
56579	24684.5
51564	24668.242
48041	24638.527
16873	24605.691
27908	24563.836
56256	24519.06
51139	24478.553
47981	24436.732
17081	24404.334
28246	24374.064
56021	24350.012
50831	24336.254
47366	24323.893
16727	24320.266
28088	24315.824
55881	24313.328
51064	24316.75
47632	24318.246
16879	24327.002
28246	24335.322
55739	24347.158
50608	24366.504
47183	24384.205
16774	24406.576
28258	24422.143
55654	24431.105
50396	24434.484
46831	24421.762
16759	24400.15
28394	24361.559
55726	24311.814
50454	24258.887
47129	24199.41
16715	24146.719
28135	24096.639
55631	24055.762
50574	24029.494
47098	24009.28
16663	24001.57
27863	23994.832
55401	23988.92
50442	23984.816
46424	23972.719
16453	23960.48
27829	23940.885
55366	23919.637
50169	23903.709
46501	23887.764
16488	23881.955
27788	23878.283
55023	23879.258
49674	23886.594
46301	23889.295
16324	23892.758
28048	23886.387
55344	23873.158
50083	23858.287
46268	23836.777
16172	23820.69
27752	23805.434
54751	23797.432
49683	23801.875
46571	23809.775
16449	23825.799
27993	23836.299
55144	23838.68
49898	23831.34
46578	23802.545
16216	23759.865
27633	23697.2
54864	23623.693
50231	23551.3
46634	23481.51
16409	23431.35
27706	23399.297
54940	23391.957
49692	23412.66
46168	23448.902
16163	23501.244
27332	23552.004
54457	23595.195
49239	23627.37
45819	23636.035
16251	23628.73
27647	23600.285
54401	23560.346
49243	23521.006
46125	23482.602
16180	23460.564
27486	23451.205
54418	23459.463
49306	23487.742
45828	23524.045
16001	23570.812
27830	23613.3
54457	23649.475
49404	23679.078
45993	23692.225
16151	23697.15
27454	23686.95
53868	23667.77
48612	23646.293
45429	23617.156
16058	23590.375
27701	23558.707
54375	23526.19
48681	23497.27
45457	23464.55
15950	23437.203
27343	23408.484
53801	23383.732
48558	23368.541
45239	23356.387
16008	23355.488
27405	23356.43
54003	23360.37
48995	23368.01
45184	23368.25
15937	23365.9
27301	23350.818
53356	23326.135
48592	23297.207
45305	23259.7
15864	23226.39
27288	23194.012
53492	23170.668
48157	23163.396
44571	23165.695
15469	23184.45
27103	23208.277
53369	23235.896
48584	23265.379
44765	23284.057
15603	23295.99
27309	23290.47
53089	23270.871
47797	23242.725
44615	23201.56
15549	23159.426
27166	23112.332
52699	23067.309
47594	23030.52
44355	22995.557
15466	22970.658
27039	22946.898
53023	22926.738
48204	22912.867
44671	22897.193
15541	22887.69
26888	22876.453
52814	22867.5
47846	22865.025
44383	22861.596
15502	22864.904
26844	22866.092
52473	22867.576
47756	22871.967
44286	22871.148
15389	22873.36
26859	22871.236
52686	22869.863
47834	22875.047
44273	22881.287
15223	22898.088
26873	22917.781
52913	22942.922
47793	22975.057
44249	23003.295
15453	23031.676
26706	23048.018
52514	23052.3
47695	23045.975
44441	23020.781
15410	22985.79
27043	22935.559
52925	22877.281
47957	22819.08
44275	22758.174
15250	22706.691
27036	22659.678
52652	22622.922
47603	22601.342
44254	22587.693
15419	22589.367
26768	22597.1
52574	22612.734
47746	22637.844
44479	22662.578
15233	22692.455
26644	22716.557
52456	22735.502
47734	22750.547
43714	22752.406
15041	22747.975
26806	22729.314
52457	22701.24
47772	22669.83
44073	22630.904
15286	22596.047
26821	22560.332
52250	22529.723
47054	22509.236
43451	22491.252
15261	22482.207
26879	22472.023
51933	22462.082
47270	22454.123
44054	22439.906
15390	22427.943
26604	22412.012
51716	22398.258
47036	22392.836
43739	22390.424
15193	22399.604
26770	22411.127
52217	22425.297
47309	22440.941
43716	22445.568
15116	22442.166
26576	22419.531
51915	22380.432
47186	22330.494
44076	22267.426
15202	22206.334
26579	22147.19
51975	22100.607
46758	22075.16
43454	22065.352
14990	22077.074
26693	22096.932
52025	22120.297
47414	22141.496
43788	22145.303
15236	22134.166
26775	22098.408
51848	22044.244
47016	21981.658
43541	21912.834
15063	21856.05
27014	21812.66
51800	21792.791
47110	21802.133
43785	21831.172
15426	21881.11
27142	21934.574
52203	21984.283
47402	22023.77
43769	22038.74
15154	22033.98
27336	22002.834
51728	21954.295
47174	21899.906
43886	21841.938
15425	21797.16
27318	21764.135
51817	21749.73
47205	21756.73
43937	21774.312
15419	21804.52
27378	21832.703
52194	21856.344
47116	21874.5
44297	21878.193
15550	21876.44
27147	21864.396
52109	21850.129
46926	21841.879
44208	21836.307
15378	21843.969
26775	21857.297
52106	21878.2
47188	21907.11
43537	21933.166
15173	21960.346
26646	21977.775
52069	21987.03
47086	21991.1
43621	21983.607
14936	21974.23
26586	21957.19
52336	21937.746
47944	21921.064
43951	21901.377
15173	21887.268
26368	21871.16
52171	21856.078
47639	21845.266
43854	21831.666
14900	21823.268
26332	21812.098
52006	21801.291
47246	21794.082
43709	21783.086
15163	21775.695
26634	21763.574
52351	21749.6
47757	21736.893
43974	21718.729
15222	21703.523
26738	21684.068
52110	21664.412
47248	21648.525
44076	21629.797
15333	21616.432
26348	21600.66
51608	21585.705
47333	21574.945
44143	21561.895
15185	21555.65
26640	21549.562
52438	21547.89
47803	21554.822
44331	21563.445
15249	21580.959
26523	21597.428
51885	21613.11
47338	21627.854
44139	21631.525
15175	21629.79
26224	21614.326
52054	21589.312
47588	21561.107
44203	21527.406
15192	21501.406
26495	21480.078
52368	21470.066
47596	21476.104
44341	21490.225
15249	21517.11
26650	21543.973
52458	21568.215
47609	21588.201
44521	21593.857
15563	21592.514
26939	21578.744
52503	21560.287
48006	21546.414
44822	21536.516
15603	21543.77
27002	21562.85
52118	21596.45
47401	21644.127
44263	21693.105
15333	21744.197
27063	21782.498
52207	21805.943
47627	21815.254
44621	21804.416
15422	21785.482
27408	21756.773
52251	21728.863
47779	21711.691
43772	21703.547
15125	21714.553
27119	21735.994
51630	21767.797
47541	21807.812
44384	21843.574
15431	21877.865
27309	21899.213
52053	21909.29
47614	21911.523
44394	21900.898
15472	21887.69
27231	21866.092
51923	21840.648
47619	21814.438
44436	21779.871
15541	21744.025
27254	21698.824
51983	21648.75
48090	21600.035
44687	21551.133
15321	21516.469
26998	21494.467
51644	21493.457
46644	21518.754
43609	21561.682
15013	21624.354
26583	21689.645
51521	21749.553
47304	21795.734
43789	21812.637
14941	21803.586
26384	21761.736
51123	21696.977
46364	21623.902
42973	21549.91
14840	21496.842
25749	21468.416
50842	21473.998
46293	21516.441
42702	21582.225
14478	21666.684
25380	21747.244
50775	21811.773
46136	21851.379
43062	21852.82
14595	21824.367
25462	21765.662
50235	21692.389
45695	21622.83
42516	21565.072
14519	21538.371
25168	21541.107
49766	21575.455
46288	21636.982
42734	21707.477
14441	21780.74
25066	21836.068
49699	21866.965
45007	21872.152
41939	21846.432
14348	21804.055
25001	21747.746
49782	21691.957
45054	21650.014
41483	21622.326
14186	21619.268
25233	21631.871
49743	21658.537
44925	21695.852
41400	21730.902
13981	21766.643
24866	21793.775
48847	21816.838
44126	21842.43
40986	21868.186
14116	21905.441
24791	21948.51
48696	21999.525
44189	22057.37
40788	22109.215
13986	22155.38
24593	22182.412
48458	22189.834
44023	22180.209
40533	22150.266
13914	22113.707
24414	22071.24
48158	22034.252
43676	22011.963
40074	22001.441
13859	22009.814
24819	22026.27
48059	22048.469
43239	22072.582
40033	22085.879
13748	22091.568
24761	22080.926
47774	22059.25
41164	22033.727
34297	22004.092
10818	21982.076
17509	21966.11
30216	21964.47
20620	21980.42
15268	22006.03
3799	22041.63
9625	22079.146
12819	22123.316
1556	22174.41
-3008	22224.305
-2306	22272.82
2815	22315.717
-2101	22361.268
-12317	22408.541
-15579	22446.994
-6885	22471.111
-86	22473.523
-7651	22461.69
-16518	22435.78
-17202	22390.352
-7216	22328.854
34	22255.668
-7741	22189.623
-17867	22139.95
-20995	22105.658
-9198	22087.262
-6203	22081.719
-23535	22096.217
-38195	22124.145
-42915	22149.068
-17989	22156.688
-20029	22142.041
-57269	22119.916
-75162	22093.27
-76797	22060.514
-28757	22019.535
-24371	21981.465
-66152	21973.084
-79700	21998.506
-76426	22050.29
-27807	22114.629
-21757	22185.975
-59963	22273.205
-73403	22366.799
-62814	22449.643
-21015	22510.25
-12126	22549.293
-34891	22585.605
-43351	22626.08
-39653	22670.889
-14216	22722.643
-5726	22784.002
-20033	22867.55
-29141	22970.283
-27999	23077.854
-10696	23179.287
-2196	23264.85
-10346	23341.209
-14686	23408.43
-10094	23463.326
-3347	23515.027
7072	23570.854
10944	23649.959
6236	23761.447
6020	23900.8
1331	24066.22
8941	24242.805
12043	24423.578
-911	24595.24
-8306	24737.084
-4810	24840.078
-2793	24901.982
-17698	24944.004
-34729	24985.977
-41088	25043.13
-16634	25131.87
-16834	25269.094
-51371	25477.727
-70007	25752.127
-73898	26065.105
-28771	26376.482
-28876	26654.457
-80071	26888.68
-103075	27059.787
-108422	27158.078
-41907	27185.203
-51488	27183.82
-142964	27231.016
-174826	27374.389
-174401	27642.201
-64183	28021.918
-65206	28502.727
-172762	29061.738
-202771	29604.28
-197711	30004.812
-72109	30109.162
-71026	29811.836
-189872	29062.498
-221071	27812.51
-212072	26058.164
-76651	23825.959
-71406	21226.123
-193994	18423.309
-227927	15546.954
-218562	12707.074
-78846	9963.762
-73512	7382.6973
-199057	5021.16
-233910	2864.9094
-224459	878.61993
-80987	-992.5013
-73957	-2742.3022
-201217	-4308.798
-237820	-5646.0396
-227401	-6697.425
-81657	-7427.377
-73670	-7776.894
-202409	-7699.3423
-240263	-7249.9214
-230951	-6556.834
-83302	-5832.006
-74972	-5286.1245
-206034	-5115.8647
-245827	-5544.9233
-235904	-6755.172
-85136	-8874.069
-76044	-11889.441
-208919	-15660.843
-248221	-20004.988
-237606	-24682.178
-85566	-29442.668
-76611	-33991.094
-209928	-38032.79
-249179	-41372.05
-237830	-43888.74
-85393	-45554.973
-74937	-46358.28
-208140	-46301.43
-249943	-45459.227
-239762	-43926.953
-86357	-41823.65
-75373	-39217.113
-212047	-36139.293
-257192	-32667.719
-247596	-28898.105
-89527	-24965.262
-80427	-20972.205
-220838	-17001.723
-265471	-13182.004
-255021	-9634.382
-91926	-6471.951
-84867	-3708.1948
-234526	-1265.2236
-284751	947.4487
-273524	3058.8013
-98537	5196.979
-88569	7542.1934
-241264	10272.931
-290587	13454.032
-278224	17051.705
-100542	20904.297
-90596	24809.22
-244642	28522.281
-294148	31711.238
-281930	34038.59
-101675	35189.273
-92374	34996.8
-248621	33450.418
-299149	30626.008
-286240	26716.965
-103331	21987.037
-95343	16811.719
-254086	11600.3
-304502	6658.854
-290974	2183.2148
-105276	-1792.2556
-96576	-5317.385
-257931	-8536.845
-311077	-11737.997
-297963	-15260.423
-107876	-19458.559
-98948	-24555.793
-264251	-30625.477
-318972	-37649.7
-305157	-45476.71
-110459	-53863.043
-102164	-62421.523
-269036	-70701.445
-323132	-78328.27
-308554	-85012.984
-111526	-90609.17
-103050	-95036.414
-270363	-98304.7
-323877	-100575.87
-308893	-102086.42
-111821	-103127.37
-102437	-103911.67
-267557	-104570.555
-319674	-105219.74
-304250	-105914.625
-109574	-106682.35
-99222	-107449.54
-259492	-108098.54
-306359	-108570.195
-285927	-108838.9
-101141	-108942.22
-88197	-108894.164
-223127	-108710.305
-247968	-108459.875
-228766	-108205.45
-81340	-108015.984
-73443	-107890.875
-183709	-107793.06
-200277	-107705.26
-184065	-107601.16
-65714	-107481.945
-59158	-107327.72
-145564	-107129.9
-159061	-106924.945
-146611	-106754.33
-52571	-106675.92
-43918	-106707.25
-105904	-106837.94
-100958	-107054.69
-70627	-107314.67
-22525	-107559.06
-8717	-107714.62
-23945	-107718.13
-29321	-107533.33
-25411	-107151.01
-9222	-106597.52
263	-105925.65
-4869	-105214.91
-10876	-104549.336
-9665	-103996.64
-3994	-103609.09
5046	-103411.18
5385	-103414.01
-1236	-103599.12
-1242	-103924.24
-903	-104352.01
8102	-104857.836
11966	-105449.62
5889	-106149.11
5239	-106985.52
1154	-108000.01
10326	-109236.94
16477	-110732.98
10521	-112489.81
9819	-114468.94
3061	-116598.695
11932	-118786.31
20379	-120930.06
14610	-122924.305
12747	-124677.07
3931	-126125.39
13047	-127251.33
23004	-128081.15
17475	-128671.51
15819	-129102.16
5123	-129460.0
14051	-129834.79
25602	-130297.164
20190	-130888.21
17878	-131621.17
5745	-132477.25
14793	-133426.48
27606	-134427.47
22167	-135439.55
19564	-136436.72
6401	-137402.58
15589	-138345.08
29009	-139288.44
23914	-140261.72
21949	-141293.3
7352	-142401.06
16378	-143597.53
30658	-144891.5
25140	-146272.55
23004	-147714.81
7649	-149188.5
16656	-150669.5
31656	-152151.7
26393	-153620.66
24114	-155050.53
7968	-156415.88
17269	-157691.78
32894	-158873.97
28039	-159940.92
25505	-160852.47
8559	-161586.97
17923	-162143.48
34066	-162575.08
28709	-162929.0
26191	-163229.31
8730	-163506.12
18148	-163768.53
34648	-164023.81
29169	-164199.56
26764	-164128.75
9064	-163607.08
18227	-162404.36
35225	-160333.83
30334	-157224.97
27911	-152949.62
9408	-147504.98
18731	-141020.48
36063	-133791.02
30853	-126180.36
28382	-118562.8
9623	-111315.1
18919	-104743.98
36901	-99069.375
31999	-94317.04
28555	-90294.96
9733	-86667.84
19439	-82995.55
37114	-78842.89
32203	-73787.81
29846	-67484.375
10190	-59776.082
19522	-50719.11
37801	-40621.1
33263	-29934.135
30587	-19178.746
10213	-8919.68
19508	324.1145
38293	8110.1025
33452	14195.361
30754	18570.432
10526	21392.182
19894	22953.812
38619	23586.285
33943	23667.898
30879	23577.398
10465	23591.566
19629	23868.434
38796	24404.686
34680	25128.56
31571	25948.016
10778	26735.178
20251	27371.436
39519	27734.668
34804	27787.955
32048	27593.729
10859	27244.242
20402	26846.07
39505	26453.3
35220	26124.238
32593	25923.355
11188	25860.58
20748	25905.781
40151	25957.773
35616	25941.47
33093	25839.266
11336	25642.19
20963	25361.744
40863	24979.521
36742	24524.4
33998	24076.863
11681	23694.457
20979	23411.447
41548	23186.186
36980	22989.867
34279	22827.611
11697	22683.74
21646	22539.363
42028	22330.463
36826	22040.08
34360	21713.078
11871	21388.28
21626	21100.953
42203	20825.68
37222	20561.621
34985	20344.15
12235	20180.803
21639	20063.7
42853	19923.957
38471	19729.363
35722	19504.67
12443	19268.61
22314	19042.54
43637	18795.535
39418	18533.486
36346	18310.145
12550	18155.293
22139	18080.965
43908	18027.6
39242	17963.268
36093	17902.516
12518	17843.31
22259	17781.182
43982	17658.268
39531	17462.463
36703	17241.348
12714	17031.025
22513	16861.738
44057	16700.062
39476	16543.082
36790	16430.986
12936	16379.034
22716	16388.3
44407	16395.486
39993	16372.205
37088	16342.077
12822	16315.818
22611	16299.869
44703	16249.757
40246	16159.894
37323	16070.887
12921	16004.956
22794	15974.9
44956	15946.434
40659	15911.966
38211	15896.117
13239	15906.646
23075	15942.515
45590	15967.713
41380	15973.18
38074	15978.157
13140	15992.705
23133	16019.171
46006	16032.53
41423	16029.212
38593	16026.013
13438	16031.012
23456	16036.893
46759	16029.436
42414	16008.863
39426	15981.467
13594	15958.968
23296	15941.653
47106	15926.524
42844	15918.457
39967	15921.397
13765	15944.682
23486	15983.025
47631	16028.683
43126	16078.968
40318	16128.417
14213	16180.144
24368	16225.179
48663	16257.237
44551	16277.606
41288	16286.866
14358	16296.606
24953	16306.104
49904	16317.46
45488	16337.112
43252	16366.193
15131	16414.643
25381	16476.387
50427	16547.145
46031	16626.016
43175	16706.885
14924	16794.209
25618	16879.002
51182	16956.77
46920	17028.09
43543	17089.078
15221	17147.07
26019	17195.305
51668	17231.527
47119	17257.648
44369	17270.025
15599	17277.086
26546	17274.012
52289	17262.277
47639	17248.717
45091	17235.074
15887	17235.762
26969	17250.643
53290	17283.658
48630	17340.904
46189	17419.1
16303	17524.412
27664	17644.951
54699	17772.316
50311	17900.447
48780	18015.904
17624	18119.43
30337	18197.629
59644	18245.97
55620	18267.299
54928	18259.76
19976	18238.535
33935	18202.613
65743	18158.152
61788	18115.63
63374	18075.71
23231	18053.955
37101	18044.037
70856	18044.332
67650	18056.455
71121	18071.367
26112	18098.01
39159	18123.521
73943	18142.383
70746	18155.146
76961	18153.314
28357	18150.512
41049	18138.555
76153	18117.877
73406	18095.254
81613	18067.371
30134	18053.123
40967	18047.088
75731	18050.201
73009	18067.146
82158	18089.717
30249	18130.654
40454	18177.021
74388	18222.398
70999	18265.203
79469	18293.166
28973	18317.453
39049	18328.17
70706	18325.365
66080	18315.773
73531	18296.807
26988	18287.703
36874	18285.525
63683	18294.959
53741	18322.818
61663	18360.43
22973	18416.031
33218	18476.223
60364	18534.48
57378	18586.582
65179	18619.092
23992	18640.607
35493	18642.35
65136	18627.227
59831	18604.93
64767	18576.602
23569	18563.145
34576	18565.031
64561	18588.902
61808	18641.986
67978	18717.871
24962	18826.273
35698	18953.725
66842	19092.764
62819	19238.996
68438	19377.342
25241	19513.277
36123	19632.904
68214	19731.934
64691	19811.715
69579	19864.564
25273	19903.527
35218	19921.848
65008	19922.06
60051	19911.275
64737	19886.521
23635	19864.383
35360	19841.535
66408	19823.057
64176	19816.412
70296	19817.316
26036	19839.441
36931	19872.965
68784	19914.459
65320	19962.66
70824	20004.498
25963	20047.635
37030	20079.773
69124	20099.98
65359	20114.19
71158	20120.287
26021	20139.605
36584	20173.56
68508	20233.033
64934	20332.662
70128	20475.367
25606	20683.457
35938	20957.047
66796	21304.656
62767	21738.117
67036	22257.7
24362	22881.97
34286	23606.6
63780	24431.998
59708	25355.64
63589	26356.963
23069	27426.654
33536	28529.197
63258	29633.84
58728	30712.428
62184	31729.268
22913	32674.947
33483	33531.426
62904	34301.48
58593	35001.69
61741	35645.457
22558	36267.277
32446	36879.27
62159	37493.77
58119	38113.74
60489	38718.06
22169	39291.91
32096	39794.707
61934	40194.26
57998	40468.35
60225	40597.44
21848	40596.445
32030	40478.047
62250	40276.28
58615	40033.12
60499	39775.94
21793	39536.383
32223	39306.473
62357	39063.57
57989	38766.52
59946	38349.438
21798	37762.047
31601	36946.9
61889	35880.332
58002	34576.637
59253	33078.78
21464	31483.656
31473	29896.38
61646	28441.955
57918	27240.646
58576	26376.342
21411	25909.412
31140	25832.965
61016	26099.85
56786	26624.926
57683	27286.828
20986	27975.428
31078	28576.625
60507	29016.621
55998	29266.52
56403	29331.172
20561	29271.533
30410	29156.59
59721	29072.799
55477	29098.783
55407	29275.68
19959	29624.658
29764	30109.373
58403	30668.371
53675	31220.443
53244	31668.096
19539	31942.527
28883	31985.795
56758	31787.527
52259	31380.205
51558	30822.096
18585	30213.18
28238	29646.02
55187	29215.99
50311	28997.3
49676	29019.627
18094	29290.531
27392	29765.104
54033	30380.55
49914	31059.695
48276	31713.785
17394	32281.684
26604	32708.639
52692	32977.312
48113	33098.62
47044	33095.168
16964	33018.867
25662	32909.105
51781	32808.766
47223	32747.39
45902	32725.5
16504	32740.9
25370	32760.63
51077	32753.752
46281	32689.02
45042	32530.95
16185	32271.725
24573	31903.441
49952	31443.994
45707	30924.488
43140	30373.654
15436	29837.613
24122	29343.67
49228	28922.344
44581	28592.9
42965	28351.443
15543	28199.02
23491	28112.182
47605	28075.307
43170	28069.51
41281	28066.201
14914	28057.137
23113	28022.729
46978	27964.508
43036	27886.322
41109	27784.518
14733	27675.176
22491	27558.133
46289	27450.775
42161	27365.861
40458	27301.816
14338	27272.227
22027	27268.729
45764	27298.916
41511	27362.76
40269	27444.494
14442	27543.807
22012	27639.262
45517	27729.562
41436	27809.89
38984	27864.854
13904	27899.229
21690	27901.525
45075	27884.28
40717	27857.865
38591	27821.047
13732	27789.445
21386	27757.666
44703	27737.56
40841	27733.193
38763	27733.338
13872	27741.193
21409	27739.588
44784	27729.756
40977	27710.191
38173	27670.518
13457	27619.953
21187	27550.44
44370	27471.395
40559	27390.809
38292	27305.953
13666	27228.0
21074	27148.172
44258	27072.416
40219	27001.867
38168	26925.066
13743	26845.908
21007	26750.588
44414	26641.64
40298	26519.701
37966	26375.332
13751	26215.545
21042	26030.988
44190	25830.043
40353	25618.98
37839	25393.295
13346	25165.133
20994	24929.379
43660	24698.018
39638	24479.533
38138	24269.406
13677	24078.05
20863	23896.527
43489	23730.713
39781	23581.125
37949	23435.203
13664	23295.762
20673	23148.508
43376	22996.29
39758	22840.871
37840	22675.166
13722	22509.848
20680	22339.775
43230	22177.621
39778	22031.965
37299	21898.14
13429	21784.93
20782	21681.033
43368	21590.18
39616	21510.826
37124	21429.115
13479	21347.697
20801	21253.125
43305	21151.3
39611	21046.52
37103	20932.766
13345	20820.502
20858	20702.652
43731	20588.234
40196	20481.238
37772	20372.596
13626	20267.746
20361	20154.848
43383	20038.314
40120	19920.812
37259	19795.602
13241	19672.63
20303	19546.543
43609	19427.494
40164	19322.66
37789	19226.71
13508	19147.883
20509	19075.922
43783	19013.607
40136	18960.613
37754	18905.703
13754	18853.748
20903	18795.05
44280	18736.041
40723	18682.637
38570	18630.074
13920	18588.557
20644	18550.994
44376	18522.121
40609	18502.975
38184	18481.395
13831	18459.445
20766	18423.703
44259	18376.15
41031	18319.56
38416	18248.533
13785	18175.684
20805	18099.92
44235	18034.912
40847	17991.527
38593	17967.018
13961	17970.66
20593	17992.07
44101	18030.775
40738	18082.217
38743	18129.09
14219	18169.893
20759	18189.693
44427	18190.006
40656	18174.688
38264	18139.537
13863	18098.08
20933	18050.1
44589	18008.361
41030	17982.979
38664	17970.197
14125	17978.504
20821	17998.166
44558	18029.88
41404	18071.465
39224	18109.078
14463	18144.572
20908	18165.992
44415	18175.54
41336	18176.23
38923	18161.748
14275	18141.938
21108	18112.469
44448	18081.42
41260	18055.273
39041	18028.818
14354	18010.8
21081	17994.332
44698	17983.11
41020	17979.844
38776	17975.945
14108	17977.36
20765	17975.73
44756	17973.996
41414	17974.938
39118	17971.205
14386	17969.994
20752	17964.29
44709	17957.395
41575	17952.447
38976	17942.111
14202	17932.809
20934	17917.084
44578	17897.861
41498	17878.398
39205	17852.445
14445	17828.64
20741	17802.436
44943	17779.564
41789	17766.729
39294	17760.037
14452	17768.975
20704	17787.924
44803	17819.129
41760	17863.611
39432	17910.607
14386	17962.227
20694	18006.104
44929	18039.4
41556	18061.441
38827	18063.312
14151	18051.9
20496	18023.6
44858	17985.371
41663	17946.96
39424	17908.756
14306	17884.662
20595	17873.812
44946	17881.857
42148	17913.377
39247	17960.777
14386	18027.61
20116	18102.762
44343	18182.295
41103	18263.896
38508	18336.307
14126	18402.635
20356	18454.533
44308	18493.229
41146	18522.877
38503	18538.844
13903	18550.117
19963	18552.748
43611	18550.713
40805	18549.121
38433	18543.053
13967	18540.559
20111	18536.219
43635	18532.61
40719	18533.723
38603	18533.84
14181	18540.008
19996	18546.375
43744	18554.043
40711	18565.475
38186	18573.135
14071	18582.38
19864	18585.986
43484	18584.562
39927	18581.395
37954	18570.94
14279	18561.555
20138	18550.027
43252	18541.184
40324	18541.621
38114	18547.883
13926	18568.428
19826	18597.967
43293	18636.93
40252	18686.07
37999	18735.566
13976	18787.777
19841	18832.771
43310	18868.695
40144	18896.824
37877	18910.44
13910	18917.176
19895	18913.36
42926	18903.51
39806	18894.092
38236	18881.307
14299	18873.531
19806	18865.709
43369	18858.707
40155	18854.93
37709	18847.012
14014	18840.592
19786	18829.941
43220	18817.56
40349	18808.584
38298	18799.438
14178	18799.408
19691	18804.459
43272	18816.572
40157	18838.293
37917	18861.258
13926	18888.607
19640	18910.684
43346	18925.506
40283	18934.596
38513	18931.85
14560	18926.111
19946	18915.768
43439	18907.318
40359	18909.432
38243	18920.1
14316	18947.543
19853	18984.992
43638	19029.47
40941	19077.771
38270	19116.234
14252	19143.928
20004	19149.658
44065	19132.094
41251	19096.078
38963	19041.076
14352	18982.307
19986	18924.234
44011	18878.037
41181	18854.959
38800	18853.38
14736	18879.736
19781	18923.9
43639	18978.762
40587	19037.443
38348	19083.11
14343	19112.967
19945	19115.51
43783	19089.967
40823	19042.062
39160	18971.188
14816	18891.867
19833	18806.98
44036	18725.13
41008	18655.133
38358	18593.424
14392	18546.195
19860	18505.53
43872	18469.283
41012	18437.85
38748	18403.287
14396	18372.25
19803	18340.79
43829	18313.264
41008	18296.762
39071	18287.543
14603	18293.29
19729	18307.045
43961	18326.24
41346	18348.973
38548	18363.1
14397	18369.457
19753	18358.645
44233	18330.648
41499	18290.912
39462	18237.857
14719	18184.736
19824	18133.014
43965	18090.277
41031	18064.648
38871	18051.533
14525	18056.227
19260	18069.258
43866	18086.092
41014	18104.566
38901	18113.291
14677	18115.654
19614	18105.242
44151	18084.568
41349	18060.55
39362	18031.21
14769	18007.586
19739	17987.432
43939	17973.8
41023	17970.52
38503	17970.195
14448	17977.244
19884	17983.736
44429	17989.242
41584	17996.934
38974	18001.297
14696	18010.111
19730	18019.357
44160	18031.227
41396	18049.3
39093	18066.205
14641	18085.955
19726	18099.678
44211	18105.363
41479	18104.664
39066	18091.195
14574	18073.752
19603	18051.008
44223	18029.803
41402	18020.12
39354	18020.924
14864	18042.008
19649	18077.922
44263	18126.459
41578	18185.316
39848	18240.32
14893	18290.318
19666	18323.553
44000	18338.172
41114	18338.861
39113	18324.504
14708	18310.05
19549	18299.861
44229	18304.38
41170	18334.223
39134	18385.393
14668	18461.514
19529	18549.129
44337	18637.494
41652	18717.055
39221	18769.166
14565	18791.416
19477	18774.533
44056	18722.361
41556	18647.264
39094	18556.06
14751	18470.441
19593	18399.363
44359	18354.78
41148	18346.258
38929	18366.688
14798	18416.041
19647	18477.742
44330	18539.93
41194	18594.24
38941	18625.092
14762	18634.43
19489	18617.791
44404	18581.887
41533	18539.748
39034	18495.27
14788	18463.873
19428	18446.098
44248	18444.625
41919	18460.86
39489	18483.135
14722	18510.973
19373	18532.3
44230	18543.625
41688	18547.646
39115	18540.873
14725	18535.117
19013	18531.781
43721	18537.97
41350	18561.299
39733	18595.684
15102	18643.816
19325	18692.69
44279	18733.51
41518	18760.645
39253	18760.602
14738	18736.656
19277	18685.346
44541	18614.297
41722	18538.424
39268	18464.463
14944	18411.32
19079	18382.967
43839	18384.488
41691	18418.283
39514	18471.648
15118	18540.248
19026	18606.117
44174	18657.938
41448	18690.725
39615	18694.158
14992	18676.219
18803	18638.094
43666	18590.498
41629	18548.617
39383	18516.943
14959	18509.477
18938	18523.867
44026	18558.68
41718	18611.096
39661	18665.557
15227	18718.195
19034	18754.213
44249	18767.838
41701	18761.035
39346	18730.277
15083	18688.754
18949	18640.662
43638	18596.914
40946	18570.637
39068	18562.158
14819	18580.562
18966	18618.846
43769	18672.164
41489	18735.973
39106	18794.498
14712	18844.93
19051	18874.488
44059	18879.5
41438	18863.27
39603	18822.543
15060	18770.035
19065	18708.33
44301	18646.559
41742	18596.56
39984	18558.023
15135	18540.92
18819	18540.22
43863	18553.938
41475	18581.328
39088	18610.477
15041	18641.645
18910	18664.707
44160	18676.871
41608	18680.973
39296	18671.832
15026	18658.732
18984	18640.318
44235	18621.438
41678	18609.572
39394	18600.672
15240	18601.545
18799	18605.809
43721	18611.424
41281	18619.348
39604	18620.354
15559	18619.225
18962	18610.768
43904	18597.385
41516	18586.398
39386	18576.03
15331	18577.14
18942	18587.697
43758	18609.617
41319	18645.713
39568	18685.668
15008	18730.062
18588	18766.74
43960	18789.332
41604	18796.736
39486	18780.438
15149	18748.143
18406	18699.463
43654	18642.48
41526	18590.271
39389	18545.598
15348	18522.193
18579	18518.977
43606	18536.848
41545	18576.084
39334	18623.654
15038	18677.156
18561	18722.71
43519	18753.62
41154	18769.635
39133	18763.785
15396	18745.514
18561	18715.688
44121	18682.396
41635	18657.219
39718	18639.553
15444	18638.678
18412	18648.893
43693	18666.775
41208	18690.41
39259	18706.395
15206	18714.957
18438	18707.041
43811	18682.436
41709	18648.111
39207	18603.803
15133	18563.865
18558	18531.402
43709	18514.105
41585	18520.416
39423	18544.84
15276	18590.709
18590	18646.506
44002	18704.012
41802	18757.777
39813	18792.941
15464	18809.6
18652	18799.672
43989	18764.033
41852	18710.527
39458	18639.22
15260	18564.285
18686	18488.67
43858	18420.408
41989	18369.387
40009	18333.346
15454	18320.791
18611	18326.861
43978	18350.693
41498	18394.076
39288	18447.273
15377	18512.67
18359	18580.73
43936	18646.97
41604	18710.664
39443	18760.578
15318	18798.957
18209	18817.572
43776	18815.617
41583	18798.043
39691	18761.533
15471	18717.611
18418	18667.73
44051	18619.303
41763	18583.143
39609	18557.867
15537	18552.52
18431	18561.842
43936	18583.262
41886	18615.885
39763	18647.094
15596	18677.129
18513	18696.13
44052	18701.91
41543	18698.719
39884	18682.63
15845	18664.484
18388	18644.754
43901	18628.775
41873	18624.312
39590	18626.312
15571	18640.043
18309	18657.148
43862	18673.045
41994	18686.63
39909	18687.191
15606	18678.805
18254	18656.576
43794	18623.477
41702	18588.412
39611	18550.852
15663	18522.896
18278	18504.238
43886	18497.404
42029	18506.117
40119	18520.908
15579	18543.105
18049	18561.719
43648	18571.463
41600	18572.338
39312	18556.26
15504	18530.477
18243	18493.943
43841	18452.773
41989	18418.004
40046	18389.865
15774	18379.89
18003	18385.773
43878	18407.666
41540	18447.078
39524	18492.324
15518	18543.102
17854	18587.57
43673	18619.848
41794	18639.781
39680	18638.906
15654	18624.104
17859	18593.63
43826	18552.42
42279	18510.707
40008	18468.387
15676	18437.262
18002	18416.6
44071	18408.969
41856	18419.414
39389	18440.209
15414	18474.93
18086	18514.73
43505	18555.836
41457	18598.719
39401	18633.87
15579	18665.338
17984	18687.447
43704	18700.83
41372	18711.508
39671	18715.02
15601	18720.082
17986	18723.861
43743	18728.02
41564	18737.617
39424	18745.666
15702	18757.033
18543	18764.693
44185	18766.627
42176	18765.084
39871	18752.303
15515	18734.219
18067	18706.45
43856	18670.879
42019	18634.516
39996	18594.266
15855	18559.86
17943	18529.713
43819	18506.607
42099	18496.518
40253	18493.713
15989	18504.34
18110	18522.299
43894	18545.912
42043	18577.266
40066	18607.402
15783	18640.334
17739	18668.957
43796	18691.754
42021	18712.154
40315	18723.28
16108	18731.9
17777	18734.424
43944	18732.426
42115	18732.348
39744	18729.727
15919	18732.402
17983	18736.488
43951	18742.047
41950	18752.518
39963	18759.56
16085	18767.098
17954	18768.195
43916	18761.156
41949	18749.99
39885	18729.31
15961	18707.85
18002	18684.371
44082	18663.01
41944	18652.291
40374	18648.365
15933	18658.498
18025	18676.346
44206	18698.18
42637	18723.152
40447	18739.125
16054	18747.322
18024	18739.553
44033	18715.303
42039	18681.793
40294	18637.836
16003	18597.12
17890	18562.617
43671	18540.953
41665	18540.75
39946	18555.8
15983	18588.814
17796	18628.213
44280	18664.922
42246	18694.613
40062	18703.557
16093	18693.998
17821	18661.662
43966	18611.451
42073	18556.51
40589	18500.93
16409	18461.77
17804	18442.924
44060	18448.77
42348	18483.879
40269	18536.734
16056	18604.885
17666	18672.451
43920	18728.027
42325	18766.889
40394	18776.627
16012	18762.215
17676	18721.717
44059	18661.44
42128	18594.697
40082	18524.11
16014	18463.932
17615	18415.291
43682	18380.969
42386	18365.562
40283	18360.693
15997	18369.5
17644	18384.066
44156	18401.66
42831	18425.48
40693	18448.955
16231	18479.076
17692	18511.852
44064	18547.41
42316	18589.596
40328	18629.979
16324	18671.848
17504	18707.373
44088	18733.307
42349	18752.281
40077	18757.658
16226	18756.92
17563	18748.367
44139	18735.746
42291	18727.877
40169	18721.59
16171	18725.2
17771	18734.287
44236	18747.057
42380	18765.441
40366	18779.424
16306	18791.969
17633	18796.072
43999	18790.531
42241	18780.727
40446	18762.16
16147	18744.26
17540	18725.703
44068	18709.275
42314	18701.89
40480	18697.832
16489	18702.938
17536	18711.14
43751	18719.95
42319	18731.559
40454	18737.27
16414	18741.773
17421	18739.914
44124	18731.648
42551	18722.824
40760	18708.697
16511	18697.871
17439	18688.129
44291	18681.363
42139	18684.61
40358	18692.9
16514	18713.41
17582	18741.81
43963	18776.965
42452	18821.639
40329	18866.332
16233	18913.203
17526	18952.96
44256	18980.523
42611	18996.488
40486	18991.37
16459	18970.217
17317	18929.605
43976	18872.57
42431	18809.36
40572	18740.473
16603	18679.63
17531	18629.371
44030	18595.074
42347	18584.975
40454	18593.13
16547	18623.541
17396	18667.162
43928	18717.402
42724	18772.082
40604	18818.447
16680	18857.713
17514	18882.45
44218	18891.746
42989	18892.06
40660	18880.203
16606	18866.576
17498	18850.78
44248	18835.615
43018	18827.764
41048	18820.922
16738	18819.934
17718	18817.734
44591	18810.908
43097	18801.834
40477	18782.604
16354	18759.377
17577	18729.51
44008	18696.287
42528	18669.32
40640	18647.104
16570	18640.48
17513	18648.299
44134	18671.361
42393	18713.236
40606	18763.785
16683	18823.643
17588	18881.547
44063	18930.082
42674	18968.02
40782	18984.488
16569	18984.121
17505	18963.29
44489	18925.096
42798	18880.098
40559	18828.514
16722	18783.38
17496	18746.156
44279	18720.459
42898	18712.824
40486	18716.322
16701	18734.355
17388	18758.492
44379	18783.55
42955	18809.951
40879	18827.686
16926	18840.953
17588	18845.004
44253	18840.541
42819	18834.684
41048	18823.445
16910	18815.459
17404	18807.945
44354	18801.178
43356	18799.742
41376	18796.258
16771	18795.803
17308	18792.875
44252	18786.59
42701	18782.49
41289	18775.193
16984	18773.088
17248	18773.887
44188	18778.85
43154	18793.926
41299	18812.152
16727	18838.098
17610	18864.36
44776	18886.676
43215	18906.324
41434	18913.625
17089	18913.148
17391	18900.545
44895	18876.854
43618	18850.557
41783	18819.527
17117	18794.785
17426	18776.053
45017	18765.357
43334	18768.783
41193	18778.756
16916	18798.977
17431	18821.027
44975	18840.107
43541	18857.465
41076	18863.984
16923	18864.773
17562	18856.104
44799	18839.723
43386	18823.965
41561	18805.88
16879	18795.232
17628	18789.758
44988	18789.97
43922	18800.502
42136	18813.42
17238	18833.129
17472	18852.99
45224	18870.53
43829	18890.158
41647	18905.543
17164	18924.186
17721	18943.416
45068	18964.29
43494	18993.057
41943	19022.965
17517	19059.068
17608	19094.164
45271	19123.678
43966	19148.693
41963	19158.68
17399	19157.074
17613	19138.205
45423	19101.99
44313	19056.25
42277	18998.781
17365	18941.389
17668	18885.363
45631	18835.244
43976	18800.412
41879	18776.709
17398	18770.97
17664	18777.576
45581	18792.988
44278	18818.777
42350	18844.488
17682	18872.693
17653	18896.236
45769	18912.375
44244	18925.713
42036	18929.959
17490	18932.346
17874	18929.969
45668	18923.729
44463	18920.328
42746	18914.213
17734	18912.566
17689	18911.463
45471	18910.121
44106	18913.973
42515	18916.287
17697	18923.582
17728	18931.879
45546	18940.61
44038	18955.396
42368	18969.602
17793	18989.363
17649	19009.797
45672	19028.928
44229	19050.488
42781	19065.984
18116	19079.98
17588	19086.734
45878	19084.133
44417	19077.195
42569	19059.822
17704	19039.914
17876	19015.432
45930	18988.57
44166	18968.184
42443	18950.838
17973	18945.8
17591	18950.895
45700	18966.06
44361	18996.352
42240	19033.693
17743	19081.645
17600	19132.514
45810	19181.598
44550	19230.678
42390	19269.988
17493	19303.604
17607	19325.709
46151	19334.928
44588	19337.293
42744	19327.09
17793	19312.385
17612	19290.537
45813	19262.197
45064	19234.281
43239	19201.824
18083	19172.955
17888	19145.293
46544	19119.893
45038	19104.598
42753	19095.08
17823	19099.86
17428	19116.123
46094	19143.121
44684	19185.398
42817	19233.756
18121	19290.607
17521	19346.861
45994	19395.996
44558	19438.516
42489	19463.846
17832	19476.209
17612	19471.453
45876	19450.934
44860	19424.549
43105	19391.553
18279	19364.578
17604	19345.396
45799	19337.355
44344	19348.242
42916	19371.057
18037	19409.457
17543	19454.768
45768	19500.305
44376	19545.85
42612	19579.828
18172	19605.209
17486	19616.748
45771	19614.492
44181	19606.807
42617	19590.91
18013	19577.408
17553	19566.133
45841	19558.863
44234	19562.299
42357	19569.557
17873	19585.3
17663	19603.021
46120	19619.28
44531	19637.617
42503	19650.281
17790	19663.582
17154	19674.123
45219	19682.178
44150	19694.482
42449	19705.236
17901	19720.701
17271	19735.637
45707	19746.977
44371	19757.766
42032	19758.793
17891	19754.357
17359	19739.727
45426	19714.709
43541	19687.39
41436	19654.875
17436	19627.756
17112	19606.61
44849	19594.348
43731	19598.852
41919	19613.973
17833	19644.414
17158	19682.902
44738	19723.99
43824	19767.879
41909	19803.023
17779	19831.57
16903	19846.84
45138	19846.879
43723	19838.268
41257	19816.775
17638	19791.62
16743	19762.477
44498	19732.037
43261	19708.627
40826	19687.428
17337	19675.197
16962	19667.332
44233	19661.875
42920	19662.936
41194	19662.326
17486	19664.93
16685	19666.379
44329	19666.34
42822	19671.75
41083	19677.752
17209	19692.842
16563	19715.162
43840	19745.49
42440	19790.078
40828	19841.207
17104	19902.65
16560	19966.5
43909	20027.164
42713	20084.768
40779	20127.104
17139	20155.76
16747	20163.752
43649	20149.582
41963	20120.363
40369	20072.875
17299	20018.531
16493	19960.037
43429	19903.355
41894	19859.928
39924	19827.26
17120	19813.408
16335	19814.229
43187	19826.91
42299	19852.988
40473	19881.043
16946	19912.404
16243	19938.904
42978	19957.238
41978	19971.521
40161	19974.748
16931	19973.705
16133	19965.799
43041	19951.754
41349	19938.32
39407	19919.31
16709	19900.996
15686	19879.629
42306	19855.094
41155	19833.945
39278	19811.02
16737	19794.271
15804	19782.209
42300	19776.305
40889	19783.328
38814	19796.238
16564	19818.752
15806	19843.543
42002	19865.762
40479	19886.174
38542	19893.584
16508	19890.998
15994	19873.889
41911	19843.688
40347	19810.03
38572	19771.455
16453	19739.545
15695	19715.55
41571	19702.225
40446	19705.54
38770	19715.975
16397	19734.035
15519	19748.904
41328	19752.732
40011	19744.64
38166	19713.771
16341	19665.15
15434	19598.049
40779	19518.867
39374	19442.217
37808	19371.135
16108	19320.521
15132	19293.3
40814	19292.332
39169	19322.248
37149	19370.883
15874	19435.018
15364	19499.936
40650	19554.125
38871	19593.46
36973	19603.916
15706	19587.822
15141	19542.246
40513	19471.805
39132	19390.234
37652	19300.107
15909	19216.941
15181	19145.363
40316	19091.242
39119	19062.85
37139	19052.482
15687	19061.88
15181	19080.912
40281	19101.844
38723	19123.031
36807	19131.363
15895	19128.148
14753	19108.502
39992	19073.498
38634	19032.658
37010	18984.488
15668	18940.666
14688	18903.24
39799	18876.352
38296	18867.912
36679	18870.385
15799	18886.432
14609	18907.498
39806	18927.285
38441	18945.229
36569	18948.996
15504	18940.291
14721	18914.072
39478	18871.775
37930	18822.979
35991	18766.307
15260	18713.738
14870	18667.977
39279	18634.254
37694	18621.547
35978	18623.31
15297	18642.938
14574	18672.262
38984	18705.127
37581	18740.355
35797	18764.195
15215	18776.38
14370	18769.465
38788	18741.807
37276	18699.863
35518	18639.523
15426	18570.416
14331	18494.252
38849	18416.463
37303	18347.809
35699	18285.082
15441	18236.035
14107	18197.6
38767	18168.74
36879	18153.053
35131	18140.275
15283	18132.035
14428	18121.307
38704	18105.205
37278	18087.809
35926	18061.68
15483	18033.29
14248	18001.236
38572	17968.36
36693	17943.75
34711	17923.277
14793	17914.117
14022	17913.137
37668	17919.355
36451	17935.602
34945	17950.896
14838	17965.963
13964	17972.697
37835	17967.346
36278	17953.188
34325	17922.64
14883	17881.7
14064	17829.29
38076	17768.787
36277	17709.729
34674	17648.33
14972	17592.09
14289	17538.607
38200	17487.725
36374	17444.148
34559	17399.445
14840	17357.549
14175	17314.445
37796	17270.545
36316	17233.004
34416	17197.498
14851	17171.883
13986	17155.197
38039	17148.988
36326	17159.34
34011	17178.357
14300	17208.285
13873	17241.62
37133	17273.953
35625	17306.633
34138	17328.895
14680	17343.26
13906	17345.162
37506	17334.555
35883	17318.408
34582	17291.71
14773	17261.885
13656	17227.89
37591	17191.568
35856	17160.215
34268	17128.367
14717	17102.22
13680	17079.121
37482	17059.428
35863	17049.082
34078	17041.045
14608	17039.664
13581	17040.09
37231	17040.178
35473	17043.19
33808	17039.87
14481	17033.15
13409	17018.146
37057	16994.285
35134	16967.98
33555	16934.12
14716	16899.947
13372	16864.658
37017	16830.127
35502	16803.133
33851	16777.02
14718	16755.945
13448	16734.771
37241	16711.064
35595	16688.766
34295	16660.252
14986	16630.99
13676	16599.297
37233	16567.254
35423	16543.396
33784	16523.469
14763	16513.723
13304	16510.69
36904	16512.285
35537	16520.863
33667	16525.945
14598	16528.725
13218	16523.28
36409	16508.605
34800	16491.754
33639	16469.225
14462	16450.967
13356	16438.777
36668	16436.434
34931	16451.719
33325	16477.266
14430	16514.125
13349	16552.416
36940	16583.312
35328	16603.71
33594	16599.516
14576	16570.795
13346	16513.19
36840	16429.062
35308	16330.532
33407	16220.513
14554	16114.658
13219	16020.1875
36490	15945.079
35146	15899.99
34189	15879.863
14962	15887.653
13248	15914.972
36325	15954.0205
35029	16002.295
33669	16046.119
14525	16085.039
13301	16112.765
36568	16128.366
35457	16138.985
33658	16141.439
14468	16144.34
13339	16147.603
36641	16152.526
34899	16164.607
33758	16175.617
14843	16187.209
13121	16192.042
36623	16185.152
34995	16168.673
33239	16134.412
14629	16087.592
12999	16027.872
36653	15959.076
34975	15892.731
33511	15829.145
14748	15779.703
13066	15746.449
36565	15731.565
35366	15740.807
33729	15765.7
14632	15806.816
13131	15854.889
36575	15902.545
35081	15948.684
34030	15981.725
14939	16003.313
13248	16009.304
36906	15999.965
35169	15983.4
33744	15956.933
14513	15929.334
13238	15900.578
36704	15871.493
35498	15847.6455
33798	15821.601
14488	15796.301
13138	15766.334
36264	15729.398
34941	15690.618
33502	15645.19
14599	15601.338
13171	15560.623
36676	15527.324
34624	15512.001
32753	15511.961
14607	15533.404
13177	15572.389
36987	15624.52
36083	15689.573
34233	15754.803
14843	15818.484
13276	15871.616
36775	15908.956
35273	15933.463
33873	15938.735
14813	15931.364
13228	15910.919
36418	15879.553
34962	15845.271
33421	15803.923
14938	15761.487
13236	15715.474
36590	15665.047
35242	15615.906
33956	15562.912
14929	15513.078
13176	15466.381
36719	15425.153
35231	15398.22
33470	15382.238
14798	15383.466
12969	15398.622
36371	15424.312
34949	15462.129
33803	15500.845
14791	15540.525
13117	15573.79
36629	15596.431
35141	15612.473
33782	15616.408
14858	15615.362
13087	15609.411
36811	15600.694
35238	15597.447
33534	15595.151
14747	15599.062
12936	15605.314
36406	15610.795
35211	15618.351
33880	15620.008
14776	15619.596
13084	15613.997
36717	15603.171
35289	15594.341
34509	15583.6045
15167	15578.214
13036	15576.775
36756	15578.184
35608	15586.743
33662	15594.505
14705	15603.8545
12994	15609.127
36553	15606.829
34954	15600.849
33509	15584.96
14786	15565.1875
12909	15540.818
36416	15513.441
34789	15491.31
33604	15471.196
14740	15460.254
12855	15457.093
36351	15460.885
34914	15476.51
33600	15496.662
15165	15524.427
12660	15555.174
36352	15585.315
35206	15617.617
33233	15644.321
14659	15668.568
12782	15686.452
36338	15696.273
35036	15703.679
33682	15703.835
14711	15703.521
12602	15701.738
36163	15698.931
34950	15701.308
33618	15702.612
14988	15706.239
12726	15706.604
36179	15698.653
35122	15683.798
33468	15653.105
14715	15610.325
12626	15554.13
36096	15487.547
34958	15423.024
33737	15363.671
14991	15324.35
12542	15311.169
35863	15328.789
34353	15384.246
33047	15468.178
14882	15577.062
12584	15695.755
35806	15807.831
34071	15903.74
33023	15964.8125
14933	15987.899
12582	15968.4
36020	15909.466
34566	15826.798
32944	15728.873
14798	15636.512
12523	15561.825
35585	15514.598
34192	15505.632
33326	15527.842
14819	15579.173
12553	15645.245
35449	15710.652
33663	15767.085
32551	15797.596
14426	15800.848
12369	15773.899
35440	15720.718
33784	15656.448
31872	15587.622
14083	15531.2705
12347	15494.607
35166	15482.464
33393	15501.051
31913	15540.304
14240	15596.615
12141	15656.66
34941	15708.001
33798	15746.421
32168	15760.024
14244	15751.934
12133	15722.511
34910	15677.267
33431	15630.879
31677	15587.597
14082	15561.216
11926	15555.7295
34652	15572.808
33288	15616.549
31998	15676.295
14446	15749.011
11931	15822.782
34553	15886.894
33017	15938.498
31449	15965.878
13766	15970.675
11950	15950.232
34538	15906.381
33189	15849.533
31359	15780.621
13812	15711.16
11757	15645.182
34414	15586.932
32886	15545.366
31285	15516.441
13991	15504.721
11928	15505.782
34198	15515.39
32759	15535.107
30878	15555.127
13969	15576.224
11708	15592.944
33894	15601.994
32816	15607.754
31356	15604.576
14076	15598.351
11745	15588.416
34090	15575.653
32253	15567.537
30873	15559.699
14041	15557.342
11681	15558.063
33281	15560.118
31822	15567.525
30757	15572.974
13634	15579.889
11854	15584.825
33617	15586.728
32269	15591.494
30775	15594.18
13724	15600.45
11731	15608.354
33574	15616.821
32203	15629.939
30407	15639.807
13591	15647.912
11511	15648.483
33424	15637.634
31809	15618.722
30338	15585.579
13753	15544.095
11420	15495.059
32917	15442.159
31526	15396.029
30291	15355.889
13771	15330.364
11574	15319.437
32643	15322.019
30809	15341.2
30166	15366.783
13723	15397.907
11443	15426.758
32789	15447.8125
31288	15463.011
29706	15464.895
13354	15457.966
11236	15441.095
32586	15415.37
31139	15387.976
29456	15354.546
13124	15319.742
11167	15280.57
32220	15234.953
30436	15187.18
29226	15131.045
12984	15071.934
11175	15009.738
32332	14947.467
30440	14895.175
29258	14851.501
13126	14824.281
10859	14812.893
31746	14815.58
29979	14834.419
28384	14858.331
12899	14885.146
10759	14906.149
31566	14915.558
30006	14915.901
28597	14901.234
12852	14878.297
10695	14849.036
31603	14817.722
30014	14794.405
28636	14776.312
12834	14768.582
10661	14767.365
31414	14768.199
29592	14771.782
28119	14767.665
12715	14756.611
10640	14734.944
31108	14703.185
29725	14669.97
28103	14634.271
12636	14605.372
10399	14584.683
30836	14573.446
29416	14576.29
27648	14584.26
12502	14596.304
10637	14604.534
30956	14603.469
29031	14595.624
27626	14575.015
12454	14548.68
10628	14519.33
30989	14492.404
28678	14479.108
27290	14477.199
12334	14491.417
10291	14516.387
30480	14545.199
28686	14574.869
27220	14590.843
12264	14589.981
10336	14565.886
30011	14517.975
28063	14456.284
26668	14383.138
12031	14312.756
10274	14253.432
29961	14213.08
28238	14201.845
27274	14214.006
12344	14249.249
10244	14297.088
29678	14346.723
27524	14393.157
26556	14421.911
11924	14431.824
10171	14419.537
29581	14387.459
27608	14346.949
26590	14299.56
12153	14256.319
10048	14220.326
29244	14193.537
27664	14180.487
26403	14172.0
11937	14167.099
10254	14158.358
29636	14141.462
27703	14120.295
26129	14090.123
11610	14058.268
9871	14027.045
28957	14000.514
27226	13987.24
26128	13982.251
11909	13987.603
9778	13996.461
29019	14001.83
27298	14002.436
26311	13986.917
11910	13956.322
9726	13908.936
29158	13847.786
27571	13784.584
25939	13721.453
11433	13669.861
9870	13632.845
29104	13612.177
27154	13611.669
25741	13620.472
11876	13634.752
9748	13643.557
28965	13638.181
26618	13618.39
25291	13576.348
11567	13517.852
9653	13446.621
28330	13370.414
26866	13303.487
25560	13248.588
11691	13215.602
9659	13204.909
28531	13214.395
26786	13244.174
24925	13281.121
11144	13320.156
9650	13350.823
28516	13366.201
26539	13367.976
25532	13350.072
11534	13318.987
9528	13277.475
28320	13230.704
26511	13189.461
24968	13152.455
11436	13125.762
9408	13107.384
27659	13094.87
25859	13090.195
25269	13083.791
11732	13076.099
9519	13062.866
28282	13042.774
26221	13021.895
24699	12996.836
11384	12974.051
9378	12954.364
28168	12938.981
26111	12933.614
24848	12931.3125
11429	12932.924
9400	12932.439
27911	12924.704
25648	12910.816
24606	12882.224
11260	12841.578
9240	12788.235
27472	12724.873
25550	12661.749
24412	12599.359
11318	12547.201
9191	12508.195
27406	12484.57
25636	12481.694
24233	12491.479
11141	12512.668
9244	12536.666
27621	12555.46
25720	12567.561
24633	12562.595
11189	12542.071
8881	12504.686
27273	12453.385
25361	12399.081
24076	12343.481
10922	12297.278
8989	12264.334
27047	12247.544
25246	12252.446
23748	12271.138
11042	12301.91
8812	12336.111
26901	12365.559
25512	12388.339
23948	12394.021
10948	12383.643
9020	12355.541
27154	12311.919
25284	12262.822
24366	12208.942
11339	12160.209
9034	12120.237
26931	12092.152
24789	12082.829
23715	12086.531
11018	12104.698
8645	12131.615
26616	12161.93
24693	12195.919
23317	12223.914
10701	12245.914
8721	12257.709
26603	12257.4
25008	12249.872
23835	12230.757
11096	12205.277
8771	12173.85
26984	12137.894
24956	12104.556
23654	12070.294
10929	12039.986
8804	12012.339
27029	11986.541
25092	11967.011
23717	11947.604
10871	11931.088
8749	11914.861
26838	11897.689
25303	11884.62
24456	11870.888
10896	11861.23
8970	11854.711
27148	11850.929
25219	11854.835
24341	11860.243
11121	11869.102
8879	11877.094
26968	11880.363
25139	11881.064
23898	11871.8125
11221	11855.121
8759	11829.711
26491	11796.552
24768	11763.618
23915	11729.38
11224	11701.363
8844	11681.127
26764	11669.684
24820	11672.365
23393	11682.824
11056	11701.702
8841	11723.618
26734	11743.461
24836	11762.249
23850	11771.733
11086	11773.456
8713	11765.12
26718	11746.002
24997	11722.11
23521	11689.938
11055	11654.742
8731	11616.345
26672	11574.985
25350	11536.414
24232	11496.529
11428	11460.246
8841	11427.379
26477	11398.481
24751	11379.955
23834	11368.022
10913	11367.034
8448	11375.077
26478	11389.521
24569	11412.491
23158	11435.361
10825	11457.392
8439	11472.768
26689	11476.575
25216	11470.926
23932	11449.828
10956	11417.456
8421	11374.049
26468	11321.536
24810	11268.434
23461	11213.83
10830	11165.197
8303	11124.099
26124	11091.939
24399	11075.187
23032	11069.985
10904	11080.052
8411	11103.128
26649	11136.209
24745	11181.339
23547	11229.71
10964	11279.753
8396	11323.951
26324	11354.79
24380	11371.089
23476	11363.247
11039	11332.377
8465	11277.363
26342	11200.499
24768	11112.895
23739	11018.576
11034	10931.166
8413	10858.901
26236	10808.536
24011	10789.923
23537	10799.125
10971	10836.748
8368	10894.52
26724	10961.764
24771	11033.083
23392	11093.969
11093	11140.367
8369	11166.726
26399	11171.464
24577	11162.503
23553	11140.972
11034	11118.029
8246	11099.841
26260	11091.158
24415	11100.602
23266	11124.142
10909	11163.452
8460	11212.806
26769	11265.043
25176	11318.846
23841	11364.238
11036	11400.755
8444	11424.531
26537	11433.403
24391	11432.706
23681	11418.888
11318	11397.149
8329	11368.022
26673	11331.644
25001	11294.255
23816	11252.883
10943	11213.393
8316	11176.659
26663	11143.872
24818	11122.216
23830	11108.599
11293	11106.989
8428	11114.853
26636	11127.711
24731	11145.995
23809	11160.136
11114	11169.313
8348	11168.901
26580	11156.597
25198	11139.136
23973	11116.469
11397	11098.625
8384	11091.209
26693	11098.197
25049	11127.209
23853	11172.497
11250	11232.466
8358	11296.748
26771	11352.325
25111	11392.2295
24238	11401.954
11596	11379.598
8264	11323.686
26739	11238.188
25164	11138.669
23894	11034.732
11438	10944.979
8319	10881.192
26598	10850.224
25236	10859.185
24358	10899.275
11689	10964.098
8358	11038.447
27078	11105.111
25844	11154.854
24507	11173.236
11684	11159.752
8367	11115.068
27050	11044.874
25981	10965.083
25222	10883.719
12090	10816.281
8401	10770.205
27221	10747.882
25524	10753.521
24739	10777.863
11965	10817.176
8350	10862.006
27069	10902.657
25542	10938.128
24748	10960.8125
11936	10973.865
8408	10977.887
27565	10973.615
26091	10968.535
24733	10960.147
12009	10953.016
8229	10945.737
27203	10935.57
26192	10926.404
25176	10913.689
11896	10902.268
8430	10892.839
27549	10885.795
26155	10888.134
24836	10896.51
12054	10913.989
8348	10936.916
27692	10958.839
26125	10979.194
25414	10988.259
12403	10985.998
8523	10969.983
27474	10939.804
25934	10904.753
25240	10866.742
12272	10836.998
8548	10821.126
27653	10821.611
26134	10844.5
24878	10882.902
11972	10934.893
8611	10991.466
28052	11041.976
26660	11083.581
25530	11106.571
12164	11112.837
8651	11102.612
27672	11078.6875
26392	11052.116
25546	11025.01
12348	11006.891
8435	10999.913
27711	11002.664
26347	11017.725
25246	11036.311
12159	11056.973
8284	11073.708
27698	11080.782
26851	11081.407
25471	11072.062
12406	11059.209
8349	11045.5625
27906	11032.883
27145	11028.99
26000	11031.056
12646	11042.651
8543	11060.848
28118	11080.223
26836	11101.975
25913	11118.44
12804	11131.321
8503	11138.839
27933	11139.437
27038	11139.406
26039	11136.312
12343	11135.804
8536	11137.843
28061	11140.192
27104	11146.494
25857	11150.631
12618	11154.336
8653	11154.996
27973	11149.941
26773	11144.611
26108	11136.503
12829	11132.43
8649	11134.706
28274	11144.367
27469	11168.489
26573	11203.503
12880	11252.529
8523	11312.105
28244	11375.799
27254	11443.317
26124	11504.744
12851	11558.656
8695	11599.774
28436	11623.052
27389	11632.108
26466	11622.991
12941	11601.695
8711	11570.71
28363	11532.1045
27416	11495.362
26636	11460.557
12969	11435.444
8788	11421.808
28733	11418.501
27381	11430.158
26811	11450.237
12938	11479.607
8636	11513.163
28581	11544.1045
27861	11573.043
26793	11592.288
13222	11603.868
8741	11606.543
28599	11599.343
27706	11589.866
26743	11577.397
13296	11569.635
8691	11568.961
28948	11575.072
27823	11593.33
26883	11617.843
13257	11649.614
8613	11683.234
28579	11711.463
28128	11734.458
27258	11744.15
13530	11742.663
8866	11729.332
29068	11703.849
28119	11675.07
26881	11643.605
13398	11618.692
8758	11604.172
29158	11600.928
28256	11615.349
27029	11642.219
13282	11682.443
8844	11730.18
28973	11776.864
28057	11820.834
27257	11851.533
13523	11868.215
8764	11867.376
29129	11846.307
27826	11812.19
26809	11764.799
13298	11714.084
8722	11665.696
29300	11623.529
28648	11598.03
27536	11588.41
13584	11600.055
8884	11630.999
29588	11675.463
28633	11733.425
27278	11794.391
13631	11856.117
8590	11912.278
29463	11956.042
28370	11990.076
27811	12009.202
13611	12018.652
8628	12019.704
29417	12012.5
28378	12004.698
27879	11993.636
14036	11984.298
8817	11975.961
29594	11965.202
28829	11955.962
27947	11942.802
13861	11929.437
8624	11915.735
29407	11900.673
28721	11891.69
27983	11886.949
13933	11892.95
8740	11910.338
29808	11936.3955
28891	11974.603
28304	12016.912
14083	12062.69
8686	12105.939
29623	12138.845
29191	12162.5
27834	12170.442
13969	12166.648
8956	12152.518
29949	12129.382
28980	12107.551
28181	12087.5625
14158	12077.589
8821	12079.477
29805	12090.944
29526	12115.234
28574	12144.245
14243	12177.251
8961	12208.405
30269	12230.859
29529	12247.329
28584	12252.526
14493	12251.85
8894	12247.3545
30268	12239.851
29764	12238.214
28384	12240.63
14376	12252.158
9038	12271.161
30336	12292.264
29398	12317.037
28288	12336.63
14394	12351.244
8941	12357.852
30372	12353.084
29978	12343.742
28789	12328.602
14552	12315.862
8701	12309.19
30252	12309.328
29543	12323.382
28567	12346.323
14416	12379.52
8887	12417.941
30285	12453.454
29934	12486.156
29091	12507.263
14780	12518.731
8884	12519.873
30359	12509.958
30176	12497.907
29654	12483.18
15163	12473.617
8983	12470.644
30580	12471.419
29706	12479.316
28684	12485.858
14549	12490.424
8987	12488.022
30540	12473.021
30018	12450.255
29281	12417.363
14763	12383.419
8880	12354.353
30154	12334.542
29384	12335.225
29314	12354.945
14752	12397.749
9028	12458.817
30807	12527.888
30241	12600.789
29243	12662.641
15052	12708.517
8871	12731.787
30447	12727.529
30300	12703.452
29628	12661.211
15178	12613.733
8903	12570.463
30713	12537.353
30355	12526.152
29471	12534.619
15426	12564.836
9077	12610.77
30916	12661.427
30418	12713.318
29759	12753.491
15182	12780.263
8901	12790.441
30933	12782.005
30746	12764.519
30025	12739.398
15243	12717.412
8966	12703.692
30622	12699.285
30035	12710.735
29792	12731.516
15201	12761.756
9001	12795.5625
30894	12824.512
30998	12849.259
29709	12862.316
15043	12866.867
8886	12863.196
30803	12850.977
30806	12839.109
29978	12826.533
15154	12820.434
8949	12822.226
31006	12830.064
30784	12849.493
30133	12874.889
15364	12908.934
8998	12949.268
31179	12990.821
30993	13036.848
29874	13080.153
15300	13121.95
9024	13158.531
31271	13183.899
31669	13200.886
30491	13203.272
15463	13194.939
8951	13176.563
31155	13148.248
31084	13119.871
30101	13091.651
15304	13072.493
8973	13065.0
31403	13067.583
30899	13084.713
30169	13107.883
15796	13135.479
9088	13160.534
31406	13173.982
31314	13177.092
30237	13163.605
15742	13139.156
9028	13107.898
31451	13073.659
31526	13049.939
30556	13039.171
15827	13050.524
9062	13085.173
31411	13137.944
31239	13208.698
30004	13284.237
15612	13358.482
9103	13421.172
31919	13461.398
31545	13480.272
30308	13471.99
15763	13443.094
9107	13398.5
31593	13342.165
31971	13287.065
30890	13234.89
15840	13194.315
9065	13167.014
31663	13149.846
31983	13146.478
30749	13149.36
15643	13159.546
9052	13173.806
31597	13187.392
31283	13205.452
30765	13223.017
15994	13244.665
9193	13270.003
32040	13295.323
32122	13325.114
31096	13352.62
15981	13379.699
9191	13403.68
32127	13419.945
32115	13433.836
31336	13440.991
16214	13447.201
9101	13454.241
31689	13461.09
31624	13475.218
30479	13492.166
16119	13515.169
9025	13541.459
32168	13564.694
32429	13587.072
31444	13600.27
16293	13605.938
9288	13602.102
32173	13585.695
32125	13564.235
30956	13535.57
16124	13507.025
9081	13481.398
32003	13458.278
31813	13445.531
30894	13438.9375
16133	13442.102
9065	13453.024
31816	13466.378
31662	13485.597
30779	13503.065
16134	13520.606
9182	13535.804
32162	13544.345
32277	13551.774
31744	13553.373
16579	13554.182
9038	13555.357
32226	13555.397
32245	13562.062
31353	13571.982
16167	13590.434
9117	13616.926
32313	13647.196
32619	13684.966
31664	13722.063
16488	13758.508
9026	13789.534
32241	13807.973
32542	13816.878
31187	13809.921
16304	13791.606
9171	13763.75
32141	13727.045
32349	13692.437
31151	13660.151
16267	13638.736
9381	13630.966
32516	13634.995
32398	13656.185
31667	13686.772
16299	13726.863
9160	13770.943
32135	13810.603
32484	13847.216
31539	13872.309
16309	13887.864
9128	13892.796
32352	13884.484
32631	13870.744
32223	13848.686
16766	13825.241
9272	13802.665
32770	13780.215
33166	13766.361
31678	13758.362
16353	13761.947
9326	13777.493
32725	13801.753
32865	13839.75
31691	13883.952
16404	13934.423
9330	13985.256
32821	14027.222
32998	14060.689
31997	14075.613
16550	14073.1875
9269	14052.427
32721	14012.505
32578	13965.05
32082	13912.505
16759	13867.973
9222	13839.545
32882	13830.725
33388	13851.347
32621	13896.173
16981	13965.123
9336	14049.224
33011	14134.151
33162	14214.11
32415	14272.728
16966	14305.605
9383	14307.761
32974	14275.996
32892	14221.746
31940	14149.0625
16949	14073.719
9387	14007.61
32922	13958.475
33518	13940.45
32319	13951.982
17091	13995.477
9507	14063.887
33083	14143.168
33698	14226.592
32508	14295.82
17101	14343.318
9483	14360.253
33213	14339.581
33530	14289.105
32118	14210.175
16866	14116.971
9181	14021.331
32879	13932.467
33679	13867.399
32667	13828.604
17324	13823.422
9438	13849.694
33331	13898.17
33548	13966.252
32171	14038.65
16869	14109.23
9328	14169.434
33302	14210.768
33662	14238.035
32524	14248.086
17024	14249.416
9326	14247.13
33187	14243.254
33742	14247.799
33004	14256.897
17205	14273.322
9217	14292.744
33458	14306.387
34126	14315.246
32718	14310.239
17191	14293.652
9244	14266.208
33741	14228.1
34045	14191.473
32938	14157.676
17247	14136.3
9306	14130.41
33757	14136.92
34184	14159.432
33058	14187.261
17831	14217.228
9236	14241.942
33491	14252.191
34444	14251.559
33867	14235.572
17749	14212.954
9343	14190.151
33939	14171.262
34211	14169.969
33219	14185.704
17564	14223.597
9293	14280.212
33454	14345.118
34033	14415.499
33291	14476.146
17531	14522.479
9294	14548.289
33826	14547.997
34539	14530.307
33724	14495.757
17971	14456.379
9352	14420.209
33846	14390.272
34428	14377.014
33377	14375.592
17625	14387.311
9424	14406.559
33665	14423.449
34426	14438.837
33649	14444.187
17703	14443.303
9441	14438.644
33730	14432.001
34725	14436.026
33745	14451.181
17909	14484.645
9313	14535.741
33821	14596.383
34909	14664.851
34138	14725.623
17892	14772.556
9426	14796.468
34113	14788.669
34924	14755.627
33824	14697.219
17855	14627.127
9446	14557.185
34196	14496.38
35086	14461.874
34243	14455.024
18254	14481.425
9650	14536.488
34255	14607.504
34738	14688.916
34025	14762.3
18398	14820.023
9423	14853.738
34198	14855.913
35267	14834.644
34342	14790.631
18354	14737.098
9339	14684.051
34274	14637.075
35150	14609.506
34528	14599.041
18504	14608.8545
9398	14634.277
34364	14664.464
35371	14698.077
34424	14722.615
18461	14737.059
9426	14738.781
34431	14724.4375
35463	14703.685
34511	14676.114
18417	14651.406
9255	14634.26
34365	14624.185
35326	14629.262
34136	14643.723
18370	14669.417
9348	14702.592
34554	14735.441
35941	14770.869
34534	14800.611
18318	14826.702
9517	14847.668
34367	14859.424
35176	14868.886
34273	14871.415
18383	14872.135
9445	14872.095
34340	14869.0625
35278	14871.556
34674	14876.199
18506	14889.136
9413	14911.855
34576	14941.167
35617	14983.082
34173	15030.137
18357	15082.285
9494	15133.766
34323	15174.302
35253	15204.007
34726	15212.136
18784	15199.959
9583	15167.202
34577	15113.458
35318	15051.799
34409	14985.581
18504	14928.383
9490	14888.71
34725	14869.061
35986	14878.8545
34987	14911.343
18768	14965.226
9443	15031.4
34802	15095.373
35903	15153.315
35296	15190.98
18946	15207.027
9515	15200.045
34481	15169.105
35637	15127.127
34751	15077.303
18481	15032.942
9606	15001.657
34746	14984.993
35531	14991.535
34404	15014.243
18520	15052.518
9476	15099.502
34529	15144.191
35779	15186.761
35102	15217.141
19076	15237.55
9386	15248.229
34518	15247.762
35546	15246.695
34541	15243.617
18737	15245.848
9405	15255.093
34543	15267.753
35623	15289.288
34612	15311.815
18873	15336.456
9396	15360.231
34375	15377.169
35172	15392.934
34702	15401.708
18977	15408.229
9295	15413.423
34634	15414.187
35828	15417.897
34736	15419.5205
18829	15422.853
9448	15427.54
34528	15429.417
35629	15435.253
35081	15439.969
18883	15448.333
9315	15460.9375
34884	15474.137
36263	15494.306
34986	15514.815
18955	15537.44
9437	15559.174
34301	15572.807
35506	15582.082
34956	15579.457
18897	15568.381
9318	15549.847
34898	15522.478
35989	15497.034
34902	15472.306
18458	15456.249
9163	15451.304
34340	15454.208
35608	15470.27
34613	15490.672
18891	15514.764
9361	15537.323
34729	15549.855
35476	15555.923
34656	15548.668
19068	15532.769
9209	15510.778
34549	15482.5625
35768	15459.287
34729	15439.207
18829	15428.7705
9287	15428.792
34578	15434.376
35804	15449.9375
34592	15466.464
18658	15484.35
9278	15500.203
34871	15507.822
35953	15513.223
34865	15511.092
19001	15506.721
9213	15501.982
34581	15494.6875
35998	15493.445
35316	15493.813
19045	15500.376
9184	15512.949
34417	15527.493
35434	15550.851
34282	15577.155
18934	15610.093
9033	15649.121
34381	15689.208
35729	15735.336
34381	15779.108
18558	15820.55
9156	15854.807
34805	15873.164
36478	15878.598
35016	15863.15
19354	15830.488
9331	15782.829
34794	15720.83
35855	15658.2
34611	15596.916
19260	15547.985
9119	15517.18
34538	15503.651
36488	15514.123
34969	15540.083
19233	15579.428
9143	15624.476
34259	15663.22
35460	15695.431
34686	15710.312
19346	15709.302
9188	15692.991
34499	15660.577
35617	15624.176
34758	15583.909
19146	15548.953
9105	15523.199
34463	15504.725
35805	15500.426
34951	15502.669
19161	15512.172
8975	15525.415
34341	15535.277
35578	15546.758
34293	15553.607
18876	15560.267
9130	15568.272
34123	15575.782
35382	15591.532
34437	15610.702
19464	15636.707
9198	15667.898
34266	15697.36
35736	15728.725
35229	15752.806
19194	15770.663
9288	15780.318
34594	15777.245
35761	15769.428
34940	15752.851
19266	15733.806
8994	15714.57
34071	15693.069
35296	15677.537
34408	15662.303
19228	15650.209
9011	15639.728
34150	15625.112
35672	15612.019
34779	15593.93
19081	15574.808
8983	15555.762
34002	15534.772
35559	15521.312
34838	15511.841
19401	15511.671
8988	15521.378
34226	15535.827
35863	15559.683
34604	15583.69
19008	15607.183
8911	15626.005
34138	15632.773
35633	15632.629
35044	15619.873
19434	15600.562
8996	15578.779
34082	15555.796
35366	15544.291
34418	15543.311
19247	15559.513
8881	15593.073
34029	15637.14
35554	15693.031
34396	15746.96
19167	15793.343
9068	15823.414
34346	15826.086
35594	15804.599
34367	15753.496
19106	15680.901
8819	15594.956
34014	15502.395
35309	15422.226
34405	15359.584
19246	15326.567
8787	15327.646
33777	15358.55
35451	15421.521
34579	15502.3125
19132	15593.802
8834	15684.632
33845	15760.701
35633	15821.639
34387	15857.819
19025	15872.772
8937	15869.427
34231	15849.044
35359	15825.084
34426	15797.39
19516	15773.595
8746	15755.602
33889	15738.942
35501	15728.404
34924	15715.067
19219	15699.89
8669	15681.187
33730	15654.895
35643	15629.842
34838	15603.655
19652	15583.999
8732	15574.62
33788	15573.551
35205	15587.95
34136	15609.393
19253	15636.339
8830	15662.202
34083	15675.688
35559	15677.82
34704	15658.898
19555	15621.861
8821	15569.743
33902	15504.551
35279	15442.038
34588	15385.99
19429	15349.193
8627	15338.529
33762	15353.187
35790	15399.627
35014	15467.229
19713	15551.251
8819	15641.224
33976	15721.539
35819	15788.73
35128	15828.875
19502	15841.125
8734	15824.868
33659	15779.323
35258	15718.286
34671	15644.554
19571	15571.059
8604	15506.8125
33712	15454.428
35722	15424.96
34824	15413.633
19653	15421.904
8614	15445.349
33699	15473.809
35374	15508.099
34498	15536.686
19366	15559.014
8627	15573.068
33938	15574.795
35650	15573.16
34571	15565.516
19619	15558.831
8525	15556.438
33702	15555.973
35598	15564.837
34476	15575.887
19357	15589.937
8361	15603.455
33598	15608.257
35373	15608.407
35219	15596.118
19659	15575.16
8394	15547.642
33545	15512.797
35537	15482.131
34591	15454.379
19822	15436.683
8530	15431.475
33476	15434.608
35624	15450.864
35174	15470.262
19700	15491.299
8409	15508.756
33633	15513.66
35624	15510.177
34759	15491.791
19688	15463.707
8453	15429.825
33701	15391.135
35597	15360.303
34573	15336.373
19723	15325.938
8485	15330.202
33821	15343.021
35944	15367.827
35298	15393.724
20312	15418.842
8386	15439.111
33696	15447.352
35630	15450.031
34695	15442.99
19623	15433.092
8264	15425.138
33657	15418.964
35718	15424.796
34530	15437.849
19550	15460.219
8414	15488.679
33873	15513.595
35868	15536.639
34751	15547.314
19739	15545.865
8330	15532.202
33375	15504.078
35286	15473.067
34477	15439.014
20171	15411.118
8443	15394.501
33621	15387.24
35293	15396.579
34508	15413.991
19638	15438.307
8527	15464.162
33475	15481.885
35793	15494.752
35067	15495.457
20192	15488.68
8547	15478.306
33863	15464.997
35869	15461.439
35097	15466.251
20068	15485.272
8278	15518.61
33719	15558.414
36145	15606.026
35051	15648.775
19950	15683.05
8405	15703.447
33846	15701.852
36230	15684.91
35688	15649.403
20209	15603.967
8006	15555.435
33342	15506.141
36008	15468.882
34957	15441.825
19933	15429.866
8373	15432.144
33808	15440.866
35876	15458.672
34839	15474.863
19911	15488.482
8434	15496.759
33869	15493.636
35938	15486.629
35488	15471.637
20549	15454.722
8484	15439.202
33839	15422.942
35752	15414.7295
35234	15409.118
20609	15408.814
8184	15412.764
33766	15414.217
36132	15418.402
35142	15418.047
20444	15415.675
8315	15412.018
33971	15403.514
36097	15399.128
34852	15395.181
20325	15396.932
8207	15406.151
33999	15418.517
36154	15440.555
35266	15464.477
20338	15490.745
8204	15516.198
33610	15532.375
35988	15543.1875
35781	15540.682
20568	15527.943
8136	15507.063
33808	15476.637
36398	15448.61
35498	15422.828
21046	15408.07
8103	15409.5
33634	15424.597
36324	15460.058
35505	15506.825
20611	15562.455
8211	15619.73
33614	15665.466
36179	15699.009
35103	15708.944
20427	15695.78
8204	15660.919
33833	15604.054
36441	15539.644
35837	15471.005
20803	15410.76
8154	15367.403
33794	15341.312
36473	15340.982
35416	15358.234
20944	15390.532
8183	15430.36
33679	15463.711
36041	15489.477
35346	15495.811
20890	15483.309
8134	15453.61
33494	15406.755
35748	15357.384
35264	15308.548
20909	15272.035
8100	15255.508
33699	15258.086
35963	15287.55
35081	15335.028
21129	15397.477
8086	15467.732
33579	15532.262
36649	15590.411
35576	15631.01
20878	15654.828
8141	15663.1455
33861	15654.568
36408	15641.842
35640	15625.5625
21140	15614.973
7899	15615.089
33696	15622.776
36866	15644.135
35840	15670.039
20840	15698.278
8116	15723.088
33796	15733.682
36811	15732.806
36051	15712.748
21257	15677.718
8100	15632.091
33865	15576.968
36641	15526.757
35763	15483.085
21044	15455.418
8026	15448.451
33627	15458.42
36354	15490.829
35935	15535.571
20909	15589.752
8157	15646.977
33859	15695.515
36667	15737.036
35899	15762.287
21078	15773.332
7878	15771.928
33704	15755.976
36683	15736.622
36173	15712.465
21579	15690.745
7837	15675.403
33549	15662.913
36849	15660.469
36092	15661.184
21526	15666.041
7868	15673.386
33836	15675.63
37289	15677.954
36073	15673.754
21478	15666.391
7943	15657.608
33937	15644.436
37200	15636.624
36208	15631.281
21504	15633.91
7894	15647.06
33518	15666.042
36689	15697.153
36460	15732.379
21843	15771.383
7905	15810.546
33558	15840.105
36658	15862.772
35776	15869.439
21627	15861.259
7928	15839.343
33796	15800.91
37344	15757.407
36385	15709.02
21502	15665.436
7748	15633.751
33779	15613.636
37006	15615.06
36568	15632.464
22104	15666.5205
7893	15713.453
33977	15761.511
37044	15811.153
35965	15850.15
21634	15876.463
7926	15887.879
34008	15878.554
37286	15857.329
36393	15821.86
21549	15779.7705
7845	15736.65
33854	15691.42
37348	15654.265
36009	15621.315
21464	15596.138
7812	15579.319
33913	15564.841
37312	15559.161
35943	15556.462
21515	15559.954
7756	15571.243
33739	15585.517
37244	15610.316
36334	15639.47
22101	15674.564
7854	15714.07
33955	15749.335
37330	15783.869
36790	15808.799
22039	15825.138
7718	15833.313
33774	15829.211
37305	15822.92
36713	15812.719
22193	15806.182
7753	15808.28
34016	15816.228
37644	15837.931
36656	15866.278
22053	15900.68
7627	15937.276
33676	15965.19
37611	15986.412
37039	15991.489
22578	15981.806
7819	15959.187
34019	15921.36
37965	15880.442
36936	15836.665
21959	15798.7705
7672	15772.407
33746	15755.181
37975	15754.891
36918	15764.525
22406	15783.971
7648	15810.201
33738	15833.406
37493	15856.883
36712	15872.365
22374	15881.938
7721	15887.301
34122	15884.984
37899	15885.064
36986	15884.834
22671	15889.822
7939	15902.606
33876	15917.92
37644	15942.096
37287	15967.287
22588	15993.9795
7868	16020.635
34079	16039.385
37962	16055.896
37311	16063.574
22838	16065.486
7871	16063.562
34373	16053.105
38200	16042.436
37526	16026.57
23149	16009.12
7771	15991.793
34318	15969.236
38508	15949.253
37617	15927.105
22993	15907.218
7765	15892.571
34252	15879.691
38328	15877.951
37308	15883.204
23013	15898.861
7731	15925.617
34334	15955.634
38523	15993.214
37523	16028.82
23037	16061.235
7976	16088.045
34826	16100.953
38834	16106.316
38143	16099.156
23337	16084.701
7899	16067.704
34654	16046.27
38723	16031.2295
38042	16019.48
23506	16015.039
7831	16018.593
34734	16022.164
38788	16029.939
37946	16032.518
23253	16029.573
7711	16020.312
34183	15998.388
38564	15972.396
37794	15939.633
23064	15907.237
7724	15881.135
34469	15859.737
38443	15853.71
37562	15859.022
23359	15878.418
7725	15911.242
34660	15948.139
39106	15992.298
37816	16033.838
23510	16071.838
7771	16104.975
34500	16125.632
38935	16140.842
38489	16145.717
23390	16144.763
7727	16141.256
34849	16131.275
39378	16124.008
38511	16115.329
23837	16109.467
7700	16108.882
34683	16108.384
39208	16116.053
38522	16126.68
24099	16143.035
7779	16166.246
35019	16189.288
39944	16217.565
39081	16243.06
24342	16265.717
7904	16284.132
35077	16289.652
39773	16288.02
38739	16273.141
24037	16248.825
7907	16218.957
35218	16181.095
39834	16146.903
39357	16115.148
24489	16092.776
7923	16084.04
35014	16084.319
39625	16100.62
39023	16125.244
24709	16157.776
8001	16195.846
35154	16229.163
39769	16261.525
39260	16284.455
24383	16299.607
8133	16308.583
35463	16306.873
40284	16304.859
39413	16300.548
24673	16300.444
7966	16309.506
35244	16323.862
39885	16352.188
38867	16388.232
24466	16432.406
7991	16482.787
35613	16528.525
40151	16572.309
39154	16603.9
24440	16622.479
7935	16627.684
35443	16613.271
39886	16588.89
38995	16552.805
24573	16512.965
8058	16476.676
35566	16443.326
40065	16425.35
39147	16420.312
24648	16432.184
7880	16461.938
35241	16500.656
40048	16552.14
39131	16606.32
24721	16661.396
7950	16715.09
35409	16758.213
40033	16796.451
39101	16823.145
24368	16840.86
7863	16851.293
34981	16848.531
39613	16840.674
38799	16822.21
24415	16796.176
7761	16764.76
34806	16722.645
39666	16678.895
39005	16629.957
24483	16581.217
7791	16537.338
34699	16495.166
39391	16464.81
38116	16442.518
23996	16431.666
7636	16433.906
34470	16442.262
38999	16462.775
38081	16487.996
24271	16518.47
7546	16554.336
34114	16587.93
38779	16625.484
38073	16660.041
23851	16693.023
7634	16724.928
34534	16748.465
38957	16770.67
37854	16785.672
23718	16796.54
7522	16806.105
33888	16810.518
38093	16820.277
37841	16832.44
23914	16852.11
7402	16882.518
33616	16917.938
38161	16964.89
37536	17014.918
23429	17066.9
7366	17118.135
33553	17158.805
37946	17193.771
36894	17216.078
22986	17228.504
7328	17234.389
33310	17230.914
38011	17229.299
36955	17227.098
23301	17228.803
7280	17236.762
33035	17244.57
37785	17258.08
36479	17269.55
23018	17279.092
7241	17287.143
32783	17288.008
37048	17290.973
36124	17292.947
22731	17299.25
7214	17313.994
32772	17332.79
37129	17363.113
36046	17397.13
22948	17433.156
7292	17467.906
32693	17490.564
36958	17504.91
36282	17503.102
22942	17487.807
7141	17463.115
32339	17428.047
36441	17396.28
35221	17368.018
22753	17350.055
7023	17346.67
31954	17352.281
35939	17372.459
34849	17397.205
22368	17423.363
6939	17447.365
31504	17459.682
35491	17466.412
34941	17462.24
22256	17451.87
6885	17440.994
31474	17428.686
35740	17426.785
34274	17432.133
21841	17446.799
6855	17470.072
31322	17492.045
35290	17515.127
34161	17527.994
21778	17528.027
6719	17514.188
30873	17481.066
34816	17439.387
33591	17388.465
21186	17336.727
6710	17292.006
30936	17254.412
34384	17235.328
33131	17229.408
20988	17236.096
6685	17251.516
30504	17263.533
34089	17273.01
33279	17267.7
21063	17245.379
6581	17206.025
30317	17146.225
33693	17078.848
32573	17005.088
20748	16934.578
6512	16876.012
29768	16829.965
33425	16807.361
32479	16802.266
20454	16813.396
6378	16836.494
29382	16859.377
32813	16883.006
32088	16895.578
20218	16894.994
6334	16881.486
29042	16851.361
32795	16816.104
32051	16774.68
20474	16733.785
6380	16698.488
29302	16666.033
32518	16644.582
31721	16626.307
20140	16609.531
6276	16591.576
29098	16563.957
32263	16532.848
31301	16492.393
19913	16446.414
6263	16400.023
28616	16353.233
31960	16319.184
30544	16295.929
19639	16286.553
5731	16291.453
27908	16302.083
31624	16320.811
30551	16334.831
19324	16338.865
6080	16328.609
28200	16296.262
31056	16250.294
30577	16188.139
19646	16117.706
6084	16048.248
27798	15983.574
31005	15939.493
30348	15915.376
19229	15915.005
5932	15938.086
27515	15975.005
30708	16026.635
29357	16078.375
18848	16122.648
5974	16152.677
27652	16158.184
30469	16144.713
28984	16106.716
18406	16048.589
5846	15976.427
26833	15891.881
29663	15809.554
29184	15728.964
18759	15655.796
5784	15593.817
26768	15539.334
29789	15500.051
28512	15468.637
18179	15444.545
5851	15426.857
26903	15409.407
29591	15399.139
28456	15389.094
18106	15379.868
5739	15371.666
26668	15358.905
29367	15348.551
28404	15333.088
18505	15312.21
5652	15285.81
26514	15248.427
29149	15208.261
27707	15160.172
18011	15106.836
5583	15051.539
26199	14992.353
28936	14940.152
27772	14891.243
17787	14848.538
5474	14813.948
25828	14783.098
28776	14763.327
28113	14747.285
17981	14734.565
5325	14724.325
25741	14710.161
28726	14698.425
27526	14681.818
17469	14660.284
5183	14633.836
25767	14597.364
28960	14558.707
27495	14512.408
17678	14460.397
5229	14405.242
25375	14344.435
28109	14288.467
27491	14233.947
17807	14184.72
5099	14144.245
25169	14109.501
28153	14089.317
27116	14077.705
17498	14074.773
4781	14079.872
24872	14086.329
28124	14099.695
26526	14112.032
17055	14122.423
4415	14130.435
23945	14130.32
28504	14128.199
27188	14117.283
17488	14097.559
4276	14068.929
23621	14025.994
28101	13975.804
27395	13913.161
17064	13840.997
4251	13763.257
23800	13679.675
28210	13602.642
26805	13531.98
17584	13473.586
4521	13432.574
24178	13406.51
27847	13402.748
26852	13413.348
17063	13435.155
4595	13463.738
24326	13488.516
27589	13511.435
26538	13522.369
17164	13519.406
4606	13502.885
24244	13469.211
27573	13428.258
26271	13377.737
16556	13322.255
4461	13265.984
24147	13206.892
27892	13153.907
26816	13102.34
16755	13053.647
4574	13008.902
24236	12963.535
27664	12925.131
26041	12888.659
16975	12855.551
4703	12827.302
24322	12799.5205
27339	12779.547
26201	12761.257
16997	12744.843
4629	12730.723
24156	12713.538
27616	12700.486
26404	12686.591
16714	12673.934
4801	12664.81
24328	12655.75
27191	12654.81
26433	12656.313
17046	12660.302
4799	12665.636
24337	12664.842
27564	12662.171
26514	12649.655
16855	12626.725
4806	12594.461
24433	12549.705
27244	12502.845
26026	12452.678
16984	12404.896
4921	12365.059
24525	12331.793
27232	12314.174
26194	12306.713
17101	12308.555
4944	12317.651
24328	12325.37
26788	12334.928
25720	12337.557
16965	12332.318
4949	12320.007
24196	12297.199
26799	12273.406
25691	12246.544
16880	12221.078
5072	12201.015
24409	12183.679
26614	12176.916
25929	12174.46
16968	12175.371
5104	12177.824
24120	12173.715
26403	12166.725
25816	12148.773
16534	12119.379
5236	12079.164
24203	12024.856
26374	11966.029
25874	11901.039
16724	11835.5
5149	11774.912
24266	11718.806
26085	11677.334
25188	11647.115
16718	11629.327
5175	11623.754
24441	11623.201
26567	11631.439
25268	11639.926
16913	11646.768
5082	11651.243
24098	11648.209
26726	11645.39
25781	11639.712
16840	11635.1455
4626	11635.77
23451	11639.12
26399	11652.753
25535	11671.053
16924	11692.824
5306	11715.961
24120	11731.757
26406	11743.231
26071	11742.448
16717	11729.427
5299	11706.01
23877	11670.394
26163	11633.408
25376	11594.982
16829	11561.276
5408	11537.411
24036	11521.341
26081	11520.572
25794	11528.923
17132	11545.079
5333	11566.811
23468	11586.109
25576	11606.51
25235	11620.873
17166	11629.181
5446	11633.008
23244	11628.898
25007	11624.956
25102	11617.604
17094	11609.425
5718	11602.935
23112	11594.693
24824	11591.764
25136	11589.628
16933	11590.239
5492	11595.4795
22461	11601.82
24073	11616.235
24270	11633.679
16650	11654.41
5566	11678.292
22528	11699.121
24340	11720.89
24376	11736.494
16934	11745.5625
5818	11749.088
22484	11743.878
24167	11738.3125
24169	11730.158
16675	11723.419
6191	11721.597
22617	11721.787
24008	11730.195
24609	11739.854
16841	11748.967
6003	11755.366
22473	11751.695
24196	11742.112
24336	11721.211
16971	11691.48
6219	11657.321
22104	11619.049
24094	11587.3125
24568	11561.14
17104	11544.23
5864	11538.63
22446	11539.156
24199	11549.628
25034	11561.696
16847	11573.273
5401	11583.058
22969	11585.221
24553	11585.992
24775	11581.419
16923	11574.089
5513	11567.079
23084	11556.971
25084	11550.237
25089	11541.48
17234	11530.759
5699	11518.34
22938	11499.364
24332	11481.039
24691	11460.53
17402	11441.919
5999	11430.232
22697	11424.36
24278	11432.627
24536	11450.268
16758	11476.089
5788	11507.389
22643	11534.417
24164	11557.954
25188	11568.8
17351	11565.458
5701	11549.978
22544	11521.312
24798	11491.33
24615	11462.429
17019	11441.758
5748	11435.345
22794	11441.156
24369	11464.63
24425	11497.525
17387	11534.699
5828	11571.488
22728	11597.869
24318	11616.68
24446	11622.394
16721	11617.636
5401	11607.486
22333	11592.283
24554	11582.411
24730	11575.978
17176	11574.398
5548	11577.272
22115	11576.5625
24113	11573.951
24496	11560.76
16955	11535.652
5480	11500.237
22267	11453.017
24033	11404.931
24463	11357.126
16911	11315.881
5622	11286.193
22715	11264.709
24188	11255.449
23841	11248.927
16434	11239.305
5684	11221.278
22100	11185.289
23595	11135.029
23951	11066.858
16898	10986.381
5669	10902.6045
21484	10820.362
23936	10754.329
24020	10706.907
16579	10682.785
5871	10683.426
21998	10701.478
23618	10736.988
23916	10777.904
16691	10818.011
6276	10852.663
22424	10874.295
23323	10888.412
24215	10891.742
16919	10888.552
6434	10884.017
22244	10877.859
23474	10878.826
23439	10883.259
16254	10891.697
6410	10903.755
21752	10913.466
22934	10925.001
23633	10932.255
16516	10936.007
6221	10938.155
21208	10936.308
22763	10938.193
23598	10940.659
16564	10946.08
5838	10956.554
21474	10968.16
23114	10986.759
23259	11007.572
16836	11031.402
5988	11059.894
21376	11089.291
22913	11125.724
23623	11164.058
16122	11204.529
4921	11246.436
23006	11282.112
25085	11314.059
25023	11334.159
16898	11340.782
5826	11333.421
22366	11307.979
24448	11272.331
24382	11225.984
17249	11175.514
6144	11128.351
22446	11086.213
23844	11059.915
24198	11047.717
16818	11051.698
5764	11071.766
22223	11100.085
24128	11137.75
23924	11174.891
16093	11207.712
5155	11233.653
22292	11245.588
24292	11248.67
24047	11239.349
16550	11220.933
4882	11198.064
22821	11169.41
24844	11144.285
23731	11121.044
15813	11102.199
4313	11089.64
22699	11077.904
25336	11071.503
24499	11064.477
15972	11056.453
4036	11047.425
22499	11031.99
25752	11016.084
23899	10996.959
15848	10977.605
4004	10961.787
22425	10946.761
25628	10939.85
23928	10937.872
15891	10941.593
3956	10950.762
22001	10957.781
25273	10964.959
23914	10965.04
16182	10956.412
4247	10939.023
22392	10907.898
25039	10870.483
23717	10826.046
15833	10780.028
4833	10737.993
22670	10699.095
24414	10672.053
23329	10654.327
15915	10647.162
5242	10650.293
22138	10657.199
23139	10671.653
22974	10687.885
15994	10706.452
5349	10728.762
21954	10751.183
23286	10780.485
23128	10813.031
15739	10849.423
5323	10888.382
22097	10921.252
23266	10948.485
22946	10960.45
15686	10953.603
5124	10926.189
21899	10873.619
23507	10804.567
22708	10721.545
15154	10634.639
5064	10554.261
22510	10484.534
24246	10437.5205
23191	10412.395
15521	10409.295
5138	10424.229
22254	10444.606
23757	10466.809
22868	10478.833
15608	10476.106
5204	10457.909
22027	10422.518
23156	10383.008
23210	10345.782
16324	10324.055
5590	10329.915
21091	10367.324
22211	10445.687
22214	10558.78
16023	10700.5
5734	10860.357
20795	11019.984
21828	11170.379
22128	11294.067
15745	11382.534
5850	11431.836
20894	11437.891
21804	11411.032
21695	11354.937
15334	11280.702
5748	11199.412
20941	11115.847
22067	11042.497
22064	10979.447
15600	10929.551
5894	10893.289
20778	10864.921
21598	10847.788
22170	10835.455
15573	10827.821
5764	10824.914
20089	10822.686
21509	10826.872
22406	10833.266
15654	10842.735
6307	10855.446
20609	10866.367
21797	10879.686
22118	10889.902
16084	10897.338
7113	10902.749
20890	10902.762
21639	10903.981
22348	10903.116
17609	10901.819
7964	10901.467
20643	10898.033
21606	10895.761
21993	10888.825
17514	10876.285
8028	10858.438
20855	10832.009
21358	10804.395
22059	10774.542
17749	10747.319
8055	10728.457
20661	10718.387
21399	10725.123
21973	10744.661
16147	10775.741
7205	10814.316
20966	10850.006
21493	10881.023
21657	10896.124
15988	10891.152
6475	10864.981
20731	10814.844
21648	10750.632
22078	10675.355
16079	10598.861
6284	10530.909
20903	10474.614
21958	10439.984
21962	10424.298
15783	10426.03
6219	10440.8955
20318	10458.001
21981	10475.204
21794	10482.532
15415	10477.447
7073	10460.066
21035	10429.408
21885	10396.108
21909	10362.974
15499	10338.452
5603	10329.24
21376	10334.486
22375	10360.101
22062	10399.703
15664	10449.539
5181	10504.515
21664	10553.536
22980	10596.189
22443	10625.012
15346	10639.982
4993	10642.876
21795	10631.596
23396	10614.794
22831	10592.274
15700	10567.877
4938	10543.735
22077	10514.603
23784	10484.292
22887	10446.952
15823	10401.739
4321	10349.017
21807	10284.013
24446	10213.969
23636	10138.937
15989	10064.878
4084	9997.896
21663	9937.341
24549	9891.983
23683	9859.464
16301	9841.0205
4425	9836.712
21992	9839.331
25068	9851.243
23676	9865.927
16007	9881.879
4703	9898.299
22439	9908.554
25013	9916.8955
23541	9918.903
15992	9915.329
4546	9907.187
22344	9889.738
24944	9869.433
24092	9844.7
16395	9820.097
4931	9801.422
22682	9788.938
25065	9793.427
24146	9815.508
16020	9859.418
5327	9926.886
22718	10010.962
24154	10112.868
23392	10221.635
16731	10330.313
5713	10432.724
22562	10517.847
23518	10587.72
23286	10636.8545
16239	10667.992
4730	10686.74
22239	10693.659
24848	10699.763
23193	10705.125
16220	10711.895
4010	10721.076
21524	10724.321
25548	10722.004
24053	10704.9795
16179	10669.674
634	10616.72
2188	10545.717
18127	10461.553
24549	10366.571
16390	10270.642
663	10184.985
663	10116.103
16846	10069.781
24886	10043.106
16925	10036.31
737	10047.531
706	10069.343
17206	10094.861
25194	10112.752
17005	10120.262
754	10117.74
1513	10104.462
18044	10083.625
25424	10055.41
17428	10027.399
835	10007.192
4189	9996.596
20705	9998.081
25260	10007.911
16727	10026.1045
1955	10051.3545
10656	10076.652
24194	10099.945
25275	10115.229
16946	10122.914
3844	10125.309
22064	10119.576
26839	10114.492
25016	10111.466
16776	10116.589
4174	10135.549
22603	10165.51
26417	10211.705
25314	10268.22
17263	10332.182
4185	10400.008
22564	10460.674
26191	10514.116
25358	10553.095
17033	10578.073
3414	10592.857
20404	10596.668
26262	10599.727
24949	10604.809
16541	10618.796
1692	10647.102
8119	10687.613
22501	10739.084
24721	10793.717
16711	10847.47
1450	10897.307
6754	10937.311
22245	10967.562
25306	10987.492
16778	11004.097
2555	11025.415
15143	11052.997
25683	11092.724
25358	11141.673
17417	11197.4
3654	11254.8
21124	11300.256
27112	11330.5
25860	11338.607
17538	11327.423
4356	11305.799
23180	11280.082
27247	11269.128
25824	11282.839
17658	11331.041
4566	11415.681
23447	11522.269
27053	11637.925
25156	11736.43
17214	11795.005
4653	11795.774
23281	11724.394
26512	11590.418
25291	11410.399
17501	11217.764
5481	11052.73
23688	10947.581
26085	10934.753
25299	11021.225
17995	11196.403
5753	11426.763
23808	11652.301
26042	11812.321
25559	11838.069
17767	11676.95
5695	11298.522
24005	10694.112
25936	9896.886
25206	8960.051
17638	7961.3374
5696	6986.6514
23966	6109.9814
26196	5399.6133
25554	4891.184
17228	4596.3228
5566	4498.6445
23985	4553.355
26598	4712.7983
25523	4918.82
17593	5124.7334
5663	5297.413
24208	5413.7847
26417	5478.1157
25440	5499.9546
17863	5501.945
5621	5509.469
23919	5538.8247
26366	5611.589
25825	5734.928
17983	5915.9565
5733	6158.839
24228	6459.758
26901	6825.347
26360	7254.0986
18040	7747.548
5866	8303.026
24406	8904.174
27206	9535.818
26624	10166.629
18437	10764.212
5701	11294.781
24559	11721.674
27559	12028.998
26315	12207.0205
17822	12267.728
5525	12238.459
24774	12149.928
27618	12047.289
26137	11961.811
18241	11917.017
5521	11918.773
24306	11945.875
27277	11970.253
25911	11943.786
18024	11821.289
5379	11566.317
24774	11152.478
28131	10587.963
26518	9897.681
18089	9134.558
5044	8368.258
24331	7667.0146
27770	7105.379
26261	6733.5166
18196	6583.6113
4549	6662.633
23531	6944.5605
27676	7393.7886
26171	7952.7495
18473	8564.428
4581	9177.741
23489	9745.183
28588	10245.113
26999	10662.955
18484	11001.818
4474	11275.205
23376	11492.873
27958	11674.471
26921	11826.436
18300	11954.287
4100	12059.227
22943	12131.138
28447	12169.767
27058	12168.425
18532	12129.372
4309	12061.112
23276	11969.213
28428	11872.987
27136	11783.597
18652	11715.031
4548	11677.985
23522	11670.327
28197	11694.644
26888	11740.136
18469	11798.169
4969	11859.989
24158	11910.358
28104	11947.911
27036	11965.882
18951	11966.371
5754	11954.553
24593	11929.772
27353	11902.872
26281	11874.253
19027	11847.376
5917	11825.478
24648	11802.592
27388	11783.62
26621	11764.072
18778	11744.684
5949	11728.654
24688	11712.367
26992	11703.12
26138	11703.926
18423	11713.799
5743	11731.81
24443	11749.863
27425	11768.937
26776	11786.361
18741	11796.994
5830	11798.283
24425	11784.735
27213	11763.951
26673	11742.479
19004	11725.055
5963	11717.919
24641	11720.941
27584	11742.412
26030	11784.41
18233	11842.557
5906	11911.385
24584	11978.729
27164	12043.361
26675	12100.631
18596	12145.409
5741	12177.41
23956	12193.113
26734	12201.396
25702	12205.625
18112	12207.531
5756	12210.04
24083	12207.683
27008	12204.426
25953	12193.416
18281	12172.085
5788	12140.9375
24329	12095.689
27126	12046.256
26086	11995.207
17989	11951.427
5686	11924.711
24369	11915.862
27356	11933.576
26174	11971.9375
18237	12025.038
5698	12084.083
24148	12131.285
26820	12160.714
26073	12159.758
18252	12124.546
5751	12058.996
23801	11965.997
26722	11863.646
25738	11767.318
18127	11690.333
5859	11645.434
24052	11633.562
26323	11659.692
25306	11717.259
18009	11792.245
5649	11870.612
23695	11932.659
26088	11972.699
24814	11982.624
17831	11961.213
5617	11916.028
23600	11852.31
26108	11789.117
25124	11735.514
18165	11701.322
5641	11693.959
23439	11708.69
26538	11747.223
25571	11797.835
17996	11851.867
5763	11902.603
23808	11938.692
26263	11963.678
25179	11974.55
17853	11976.108
5699	11976.518
23696	11977.208
25799	11989.74
24865	12013.169
18058	12048.507
5756	12095.372
23581	12144.388
25762	12196.211
25106	12241.524
18104	12277.175
5826	12302.568
23653	12311.852
25983	12311.913
24968	12300.74
17815	12281.781
5651	12259.116
23435	12229.679
26261	12200.876
25550	12169.884
18101	12139.226
5654	12112.326
23548	12086.037
25910	12068.59
25071	12058.105
18251	12057.329
5304	12068.965
23363	12087.491
26491	12116.727
25649	12149.533
18065	12183.061
5305	12215.317
23417	12237.764
26189	12254.031
24996	12259.201
17906	12254.74
4808	12244.289
22819	12224.662
26867	12203.435
25522	12178.161
17948	12150.386
3939	12121.872
22239	12086.372
27531	12048.341
25819	12003.849
18062	11954.673
4364	11904.956
22568	11852.951
27261	11808.411
25958	11772.024
18241	11748.636
4441	11742.832
23063	11749.924
27687	11774.27
26493	11808.817
18467	11850.047
4878	11894.958
23240	11933.508
27187	11967.491
25550	11990.359
18288	12001.84
5543	12004.435
23496	11994.524
26450	11980.373
25763	11960.284
18558	11937.333
5625	11915.457
23731	11890.729
26239	11870.159
25232	11849.919
18234	11830.627
5554	11814.065
23481	11794.459
26357	11776.947
25491	11755.951
18054	11730.572
5421	11701.21
23123	11661.457
25632	11617.196
25465	11564.92
18369	11507.348
5589	11450.31
23451	11393.391
26723	11348.354
25619	11316.751
18068	11303.17
5601	11311.877
23582	11337.521
26193	11383.622
25557	11440.704
18835	11502.031
5746	11561.852
23707	11607.759
26433	11640.586
25406	11653.358
18134	11645.967
5520	11622.859
23538	11583.483
26391	11540.202
25469	11495.243
18614	11454.202
5803	11423.089
24208	11398.729
26924	11387.909
25854	11385.498
18481	11389.77
5627	11400.299
23804	11409.711
26698	11422.676
25596	11434.261
18429	11444.705
5589	11456.128
23451	11463.574
26583	11473.243
25494	11480.961
18366	11487.269
5568	11493.95
23448	11495.553
26593	11498.47
25799	11499.315
18212	11500.188
5591	11504.089
23819	11506.673
27038	11514.287
25983	11522.342
18379	11530.525
5621	11538.603
23901	11538.825
26656	11534.946
25845	11521.211
18806	11497.937
5611	11467.933
23336	11428.162
26322	11387.785
26026	11346.213
18913	11307.957
5716	11277.979
23625	11253.026
26692	11240.137
26034	11235.252
18628	11238.647
5603	11251.678
23624	11268.523
26634	11294.903
25858	11326.8955
19009	11365.867
5664	11414.132
23509	11466.191
26787	11526.722
25988	11589.322
18622	11651.398
5527	11710.833
23480	11758.163
26578	11795.713
25658	11817.366
18477	11823.607
5654	11818.122
23878	11799.025
26653	11776.948
25636	11752.727
18645	11731.545
5703	11718.402
23806	11709.287
26813	11709.267
25797	11711.718
19044	11713.599
5689	11713.082
23784	11701.476
26783	11682.537
25873	11651.8
18391	11611.71
5509	11567.277
23759	11517.517
26862	11473.139
26287	11434.76
19151	11407.113
5583	11395.027
23322	11394.524
26713	11411.179
26150	11439.466
18858	11477.926
5584	11525.458
23640	11572.976
27088	11622.364
26151	11665.923
19228	11701.057
5701	11727.345
23698	11737.564
26867	11736.953
26009	11722.584
18838	11697.927
5543	11669.184
23509	11636.053
26847	11609.973
26269	11592.5625
19141	11589.085
5644	11604.438
23737	11633.7705
26833	11680.887
26484	11737.332
19239	11797.948
5721	11857.812
24016	11904.399
27029	11937.516
25930	11949.134
18979	11938.5625
5608	11909.184
23712	11859.138
26796	11799.917
26363	11734.388
19313	11670.843
5759	11618.123
23811	11576.112
27139	11554.072
26088	11549.505
18882	11562.622
5616	11592.975
23753	11631.13
27124	11677.957
26375	11724.552
19244	11767.143
5706	11804.158
23635	11827.811
26769	11842.943
26274	11846.012
19401	11839.644
5787	11828.768
23851	11810.914
27413	11795.063
26524	11780.089
19162	11768.735
5704	11764.141
24212	11760.912
27269	11764.399
26059	11769.638
18996	11776.193
5719	11785.3
23720	11790.903
27093	11798.762
26601	11805.223
19539	11811.1045
5638	11818.88
23955	11822.646
27440	11827.703
26269	11829.059
19453	11825.17
5816	11817.061
24148	11798.494
27354	11775.939
26552	11747.21
19671	11715.436
5637	11686.792
23805	11659.876
27449	11644.611
26431	11639.9
19448	11647.2
5684	11668.026
23992	11694.426
27424	11728.67
26384	11762.448
19459	11791.902
5639	11816.196
23692	11828.103
27678	11833.318
27089	11829.61
19798	11820.6
5637	11811.788
23971	11800.542
27754	11794.805
27009	11791.594
19441	11791.665
5696	11796.172
24213	11798.052
27979	11801.928
26698	11803.655
19354	11804.597
5686	11808.356
23888	11811.359
27531	11821.12
27028	11834.688
19504	11852.866
5741	11875.915
24159	11895.177
27243	11912.833
26680	11921.322
19516	11918.773
5703	11906.6875
24204	11881.114
27528	11851.711
26599	11820.161
19196	11793.779
5734	11780.646
24479	11779.286
28454	11797.235
27426	11829.363
19953	11872.253
5686	11921.779
23765	11964.913
27459	12000.293
26968	12018.637
20219	12018.235
5761	12002.438
24091	11969.572
28059	11931.897
27517	11893.018
20249	11861.133
5811	11844.294
24210	11839.731
27754	11853.018
27044	11876.78
19902	11906.179
5816	11936.865
24424	11956.831
28306	11967.209
27536	11962.186
20281	11943.593
5711	11917.868
24321	11885.353
28466	11858.77
27294	11840.991
20069	11837.629
5763	11853.219
24317	11881.366
28219	11924.075
27707	11971.419
20276	12017.144
5814	12056.778
24343	12079.296
28022	12087.54
27071	12077.431
19696	12052.576
5761	12020.247
24389	11981.099
28639	11947.476
27699	11921.387
19550	11907.821
5721	11910.468
24433	11922.889
28041	11948.396
27337	11979.195
19921	12011.843
5874	12044.671
24519	12069.221
28065	12090.009
27521	12102.996
19882	12110.088
5771	12114.966
24244	12113.252
27880	12111.779
27325	12106.814
20453	12098.6455
5890	12089.033
24443	12071.882
28284	12053.4375
27716	12031.338
20351	12009.131
5886	11992.897
24385	11980.976
28492	11982.703
27494	11996.527
20277	12023.693
5879	12064.792
24719	12110.068
28757	12159.8955
27526	12204.474
20019	12239.126
5786	12262.362
24558	12266.709
28521	12259.172
27817	12239.248
20991	12212.665
5856	12187.549
24469	12163.056
28594	12148.159
27511	12139.93
20554	12137.631
5797	12140.413
24392	12138.241
28817	12133.04
27936	12118.641
20629	12095.612
5788	12068.713
24207	12036.832
28406	12011.857
27866	11996.112
20461	11995.375
5835	12014.806
24262	12048.287
28839	12098.227
27533	12155.122
20422	12212.425
5952	12265.351
24441	12302.361
28670	12326.0205
27828	12332.344
20353	12324.913
5834	12311.148
24638	12291.413
28524	12277.759
27826	12270.956
20457	12274.325
5954	12290.015
24973	12309.755
28705	12335.735
27696	12359.666
20849	12378.481
5921	12392.561
24625	12395.777
28588	12395.793
27138	12392.142
20144	12389.459
5863	12393.652
24582	12401.392
28652	12419.36
27560	12442.682
20366	12469.234
5835	12497.651
24607	12518.099
28760	12533.038
27916	12536.517
20523	12528.84
5895	12513.624
24261	12487.694
28913	12460.158
27741	12430.914
20539	12403.794
5857	12383.483
24213	12365.423
28878	12355.66
28163	12349.997
20571	12348.322
5825	12352.047
24809	12354.367
29040	12360.455
28534	12365.63
21062	12370.06
5893	12375.674
24362	12375.828
28541	12375.557
27583	12370.472
20870	12361.043
5909	12350.377
24516	12333.996
28549	12320.27
27761	12308.22
21132	12301.396
5987	12305.228
24421	12315.54
28703	12338.631
28313	12369.342
20899	12405.91
6024	12447.121
25049	12482.851
28918	12515.435
28093	12538.246
20529	12550.713
5857	12555.74
24636	12549.439
28761	12541.037
27563	12530.491
20728	12521.873
6011	12520.507
24818	12521.9
28769	12532.2295
27968	12546.59
20613	12563.656
5880	12583.553
24855	12598.299
29028	12612.582
27954	12622.004
21391	12627.155
5986	12631.402
24497	12629.884
29080	12629.311
27909	12626.396
20726	12621.6455
5843	12617.316
24268	12607.198
28311	12597.024
27513	12583.234
20561	12567.375
5841	12553.379
24245	12537.493
28693	12527.567
27594	12521.293
20604	12520.04
5884	12525.849
24370	12531.532
28412	12541.09
27801	12548.3545
21022	12552.2
5749	12554.539
24250	12550.224
28674	12547.145
27781	12544.47
20958	12546.081
5783	12557.554
24150	12574.714
28672	12603.138
27479	12636.525
20719	12670.629
5782	12701.911
24218	12718.06
28686	12719.923
28006	12700.712
20912	12661.222
5801	12607.666
24459	12540.987
29061	12476.271
28533	12419.345
21460	12379.569
5911	12365.692
24494	12374.037
29122	12408.591
28382	12459.435
21458	12518.137
5912	12577.061
24549	12620.572
29124	12647.626
28463	12651.054
21650	12632.494
5956	12600.379
24540	12557.697
29044	12521.067
28012	12496.924
21257	12493.572
5996	12517.535
24752	12562.135
29490	12628.088
28617	12702.552
21183	12775.057
5920	12837.005
24854	12873.188
29498	12883.875
28341	12864.179
21166	12818.057
5914	12755.613
24958	12681.34
29068	12612.557
27881	12555.711
21638	12519.075
6016	12509.74
24656	12522.226
29588	12559.214
28572	12610.805
21541	12669.934
5944	12731.151
24599	12781.41
29288	12821.284
28578	12843.7295
21478	12848.511
5879	12839.48
24581	12813.239
29643	12779.49
29117	12738.502
21731	12695.144
6015	12656.015
24570	12618.784
29263	12592.71
28564	12576.606
21457	12572.919
5966	12585.352
24690	12607.762
29707	12644.572
28782	12688.935
21332	12736.983
5997	12785.947
25123	12823.996
30004	12851.627
28745	12860.691
21711	12849.13
5928	12819.416
24882	12767.443
29906	12703.72
29097	12630.381
22019	12554.587
6004	12485.837
24570	12423.698
29653	12378.317
28534	12348.246
21604	12334.12
5980	12337.3
25051	12349.103
29998	12372.405
28892	12400.104
21832	12429.4375
5869	12460.315
24399	12484.484
29334	12506.1455
28894	12520.17
22179	12525.844
6067	12525.725
25117	12513.734
29797	12496.873
29089	12473.0625
21897	12445.446
6056	12420.129
25039	12394.906
29971	12379.735
28953	12374.181
21967	12381.175
6173	12404.527
24871	12437.856
30146	12485.344
29473	12540.161
21946	12599.391
6038	12662.116
24555	12718.785
29849	12772.648
28983	12817.974
22132	12853.995
6099	12883.25
24930	12899.62
30149	12909.39
29011	12909.441
22286	12901.022
6102	12888.368
24958	12867.152
30315	12845.774
29104	12823.516
21643	12804.189
6044	12793.565
24783	12788.176
29530	12795.424
29197	12811.257
21993	12834.174
6151	12863.629
25228	12889.154
29896	12912.425
28457	12926.125
21664	12928.212
6146	12921.065
25233	12900.537
29737	12876.562
28826	12850.059
22145	12826.404
6124	12812.506
25162	12804.796
29956	12810.04
28917	12823.014
21809	12841.026
6009	12863.072
24641	12879.316
30263	12893.164
29344	12900.006
22018	12901.352
6051	12902.454
25016	12900.229
29956	12904.01
28770	12912.259
22053	12925.771
6115	12945.804
25271	12963.147
30684	12979.929
29115	12988.585
22097	12986.864
6068	12976.783
25029	12953.926
30616	12928.157
29442	12901.39
22491	12880.164
6247	12873.094
25377	12877.721
30316	12901.502
29181	12939.064
21928	12986.758
6077	13041.237
25099	13089.613
30358	13131.655
29164	13158.925
22127	13169.487
6089	13166.582
24958	13146.542
30144	13119.923
29485	13088.152
21963	13056.62
6111	13032.041
25130	13010.605
30548	12998.989
29667	12992.691
22531	12990.432
6083	12993.061
24992	12992.538
30369	12993.81
29504	12993.142
22563	12991.754
6178	12994.17
25214	12995.949
30812	13004.719
29876	13017.934
23098	13036.3955
6305	13062.673
24959	13089.266
30128	13120.503
29284	13150.561
22452	13177.591
6204	13202.515
25609	13217.316
31266	13227.008
30061	13227.674
22908	13220.01
6265	13208.223
25221	13187.833
30801	13167.28
29971	13145.783
22838	13126.726
6251	13115.771
25727	13108.614
30979	13112.574
30003	13123.857
22981	13141.439
6289	13165.704
25831	13186.813
31373	13207.313
30266	13220.207
22979	13223.299
6324	13218.29
25568	13198.992
31471	13173.267
30325	13140.491
22802	13104.814
6261	13073.003
25803	13041.952
31391	13020.459
30751	13006.135
23237	12999.581
6326	13002.91
25841	13007.845
31583	13018.437
30223	13029.09
23181	13038.425
6344	13048.383
26053	13052.181
31776	13056.126
30506	13057.221
22878	13056.698
6304	13058.42
25794	13056.743
31271	13058.423
30486	13059.834
23508	13061.456
6426	13066.434
26109	13067.815
31973	13071.63
31463	13074.15
23853	13076.053
6409	13081.091
26314	13083.538
32215	13090.829
30936	13100.848
23164	13115.498
6334	13138.819
26125	13164.802
31975	13199.264
30920	13237.139
23619	13276.128
6571	13315.6455
26378	13345.141
31932	13366.848
31443	13373.739
24049	13364.422
6562	13342.036
26138	13302.213
31896	13255.274
31338	13203.087
23812	13152.265
6502	13111.775
26301	13079.729
32183	13064.875
31075	13063.732
23698	13074.541
6476	13096.761
26398	13119.143
32378	13143.533
31400	13163.03
23633	13176.599
6463	13187.901
26327	13192.656
32249	13200.55
31505	13211.517
23939	13228.51
6514	13255.665
26319	13285.201
32448	13320.157
31324	13352.429
24396	13377.377
6661	13394.257
26383	13394.186
32349	13383.638
31639	13361.893
24277	13334.49
6611	13311.051
26389	13291.387
32666	13287.107
31521	13297.676
24255	13323.585
6670	13365.226
26634	13410.7295
32613	13459.861
31497	13502.461
23890	13533.649
6396	13553.771
26346	13556.135
32861	13549.672
31644	13535.98
24188	13521.502
6526	13515.423
26551	13515.854
32584	13531.391
31058	13558.339
24197	13593.726
6641	13635.862
26588	13672.112
32644	13703.109
31388	13721.197
23864	13724.763
6468	13717.954
26461	13697.512
32818	13675.184
31109	13654.094
23486	13640.64
6489	13642.698
26317	13656.131
32426	13686.492
31211	13726.636
24036	13770.92
6506	13815.023
26268	13844.865
32706	13860.429
31389	13854.533
23444	13827.454
6333	13785.928
25793	13730.399
32128	13676.364
30866	13630.699
23939	13603.539
6543	13605.686
26043	13634.363
31948	13695.2
31123	13779.225
24211	13877.4795
6574	13981.498
25875	14072.277
31976	14144.721
30754	14187.334
23367	14196.642
6284	14177.208
25749	14128.94
31637	14068.171
30853	14003.336
23660	13946.763
6302	13911.785
25381	13898.242
31219	13914.158
30113	13952.964
23544	14007.702
6404	14072.288
25748	14130.03
31256	14178.293
29948	14207.221
23113	14214.196
6278	14203.709
25414	14174.063
31192	14138.677
30358	14101.721
23244	14070.6455
6329	14053.799
25453	14047.277
31326	14056.816
30216	14075.794
23113	14099.701
6305	14126.5625
25459	14145.527
31476	14159.99
30084	14165.753
22939	14164.411
6224	14161.941
25293	14156.075
30964	14156.99
29685	14164.147
22663	14179.147
6110	14204.737
24946	14232.664
30710	14266.239
29924	14298.295
22819	14325.805
6076	14349.533
24871	14362.149
30667	14370.475
29813	14372.517
22772	14370.752
6219	14370.699
25136	14367.822
30579	14369.71
29386	14372.768
22346	14376.115
6033	14381.014
24839	14379.276
30254	14376.011
28789	14367.24
21498	14353.829
5849	14340.622
24867	14324.1045
30664	14313.779
28548	14308.944
22473	14310.941
5979	14322.818
24518	14336.567
30463	14355.348
29071	14371.31
21875	14380.277
5940	14381.563
24401	14366.921
30074	14343.035
28655	14308.755
21972	14268.566
5839	14231.203
24333	14196.442
29518	14175.821
28532	14168.644
22229	14175.053
5931	14195.516
24379	14218.917
29469	14245.263
28226	14263.994
21259	14269.481
5724	14260.965
23872	14232.078
29141	14192.347
28293	14143.738
21819	14093.689
5741	14053.166
24063	14022.685
29551	14013.079
28161	14021.579
21267	14045.516
5782	14081.957
23730	14117.217
28923	14149.477
27988	14167.548
21518	14166.405
5721	14147.098
23411	14105.137
28985	14051.734
27985	13989.819
21499	13926.744
5794	13871.95
23490	13824.317
28643	13792.793
27442	13773.024
21434	13761.767
5695	13757.506
23248	13749.599
28323	13740.63
27315	13724.451
21007	13700.758
5677	13674.39
23394	13643.089
28551	13618.014
27748	13599.622
20735	13591.369
5550	13597.335
23168	13611.05
28116	13636.886
27268	13667.232
20774	13697.696
5519	13726.739
22998	13745.179
27940	13757.789
26548	13760.278
20564	13752.991
5598	13740.048
22757	13717.239
27178	13692.739
26613	13663.355
20615	13629.279
5436	13593.384
22364	13550.401
27501	13508.008
26408	13464.552
20382	13423.035
5449	13390.206
22311	13364.644
27338	13356.597
26201	13364.277
19903	13386.977
5359	13424.041
22470	13463.551
27004	13504.285
26125	13533.447
20033	13542.617
5438	13528.413
21988	13482.866
26112	13414.902
25093	13327.065
19490	13228.895
5309	13134.985
22153	13051.697
26404	12996.005
25030	12970.33
19497	12975.622
5236	13010.6455
21576	13061.579
26174	13123.928
25206	13181.716
19331	13223.811
5155	13245.394
21678	13238.022
26219	13210.599
24947	13165.589
19513	13111.592
5128	13061.247
21371	13017.401
26079	12992.215
24704	12983.24
18844	12987.2
5079	13000.298
21224	13008.933
25475	13011.894
24331	12999.28
18899	12967.987
5053	12922.279
20925	12862.325
25301	12802.981
23883	12749.714
18343	12710.32
4921	12692.755
21211	12693.035
25284	12715.305
23908	12749.402
18394	12786.028
4893	12818.465
21214	12833.705
25431	12833.835
23894	12814.607
18432	12778.885
4954	12735.815
20623	12688.321
25106	12651.204
24024	12626.914
18356	12618.132
4798	12626.369
20521	12641.734
25004	12663.918
23419	12681.432
17463	12686.793
4604	12677.628
20422	12647.482
24751	12605.556
23702	12553.86
17912	12500.034
4688	12454.678
20386	12419.536
24653	12405.609
23453	12410.063
17871	12429.704
4651	12461.024
20313	12490.82
23989	12517.735
23351	12530.894
17681	12525.6
4479	12502.96
20069	12459.505
24313	12406.288
23193	12345.821
17676	12284.388
4493	12230.0625
19749	12181.653
24415	12147.269
23347	12122.648
17924	12104.998
4487	12093.331
19619	12079.012
23945	12065.783
22568	12048.693
17563	12027.467
4482	12006.264
19726	11982.531
24134	11965.415
22913	11953.393
17406	11946.997
4327	11947.911
19426	11948.697
23527	11952.158
22821	11950.371
17639	11938.974
4315	11917.308
19362	11878.785
24206	11830.15
22659	11770.375
17138	11703.051
4443	11635.34
19626	11567.295
24122	11509.807
22836	11462.674
17296	11427.406
4466	11406.433
19541	11393.344
23735	11392.003
22579	11395.827
17527	11401.513
4566	11409.107
19739	11412.077
23985	11415.881
22159	11417.0205
17069	11415.267
4366	11413.661
19136	11407.061
23052	11401.348
21966	11391.898
17196	11376.689
4520	11356.564
19453	11325.3955
23299	11288.961
22328	11244.186
17553	11192.141
4573	11137.895
19360	11079.574
23411	11026.758
22349	10978.868
16868	10937.982
4371	10907.654
19015	10883.032
22979	10869.741
22266	10862.885
16969	10860.886
4478	10864.854
19457	10869.109
23054	10879.534
21868	10892.544
16881	10907.689
4390	10926.591
18934	10942.818
22716	10960.202
22142	10971.828
17299	10973.63
4452	10964.677
19115	10937.709
23554	10898.082
22294	10844.057
17128	10779.353
4317	10712.266
18831	10644.943
23243	10590.497
21984	10551.603
17126	10531.424
4132	10532.996
18747	10548.63
23663	10578.615
22244	10612.292
17305	10641.24
3779	10660.983
17951	10661.478
23666	10646.421
22367	10614.131
17108	10568.815
1699	10520.064
233	10473.864
13360	10438.828
22273	10414.606
17202	10403.69
3483	10407.491
17978	10417.868
24284	10435.565
22704	10452.644
17644	10464.619
3665	10471.365
17678	10466.935
23197	10457.402
22311	10441.124
17509	10419.831
3759	10398.142
17838	10372.29
23007	10348.34
21628	10323.241
17702	10296.7705
3931	10272.204
17544	10246.073
22735	10226.087
22188	10211.613
18024	10204.52
4029	10208.875
17475	10219.359
22531	10239.038
21929	10260.654
18228	10278.861
4308	10292.123
17245	10293.188
21729	10287.645
21671	10275.132
18594	10260.934
4436	10255.026
17194	10259.294
22099	10283.032
21091	10322.958
19433	10373.254
5031	10427.818
16951	10470.186
22249	10493.471
21519	10485.396
20353	10441.287
6284	10367.638
16621	10270.351
21451	10169.594
20754	10079.503
20177	10014.456
7324	9987.658
16413	9998.166
20652	10045.265
20866	10112.704
20541	10182.358
8372	10240.172
16543	10269.948
20242	10271.355
20594	10244.238
20445	10198.215
8388	10151.559
16722	10116.585
20203	10109.495
20713	10130.018
20130	10170.926
7941	10220.44
16485	10255.926
19917	10263.925
20518	10228.95
20271	10148.641
8040	10037.305
16742	9914.181
19748	9813.571
19976	9760.723
19635	9775.091
7919	9865.299
16536	10015.821
19697	10202.598
20397	10381.444
20083	10508.179
8357	10550.622
16979	10488.234
19704	10333.077
19711	10113.864
19602	9881.201
8338	9698.542
16519	9618.407
19427	9681.837
19801	9890.182
19402	10209.995
8361	10576.84
16608	10896.179
19384	11073.942
19772	11020.459
19430	10680.712
8851	10050.008
16464	9171.529
18456	8145.923
19589	7100.624
19527	6179.9165
8194	5520.8916
15967	5220.087
19027	5329.123
19784	5829.6133
19020	6646.8276
7292	7663.2188
16201	8730.547
19259	9709.334
19868	10476.435
18578	10954.764
6468	11124.102
16151	11010.889
19421	10693.114
19849	10266.306
17958	9833.494
4823	9486.658
16123	9280.918
21341	9242.7295
20512	9354.04
17521	9569.591
2189	9831.723
-436	10076.528
11098	10254.438
21031	10330.616
17193	10300.546
1902	10185.28
-434	10018.139
11056	9842.098
20875	9690.928
17801	9592.892
2429	9563.559
-402	9598.639
10998	9683.851
20738	9791.583
18768	9898.152
2740	9988.478
-472	10051.729
10699	10089.083
20348	10103.517
19036	10107.243
3709	10116.39
-474	10139.96
10327	10183.386
20230	10239.477
20121	10300.426
5646	10359.369
-479	10406.406
9619	10436.39
19377	10442.517
20097	10427.3
6257	10401.39
-333	10374.303
10049	10356.787
19516	10351.287
19906	10360.789
6327	10387.577
1	10427.045
10568	10473.489
18859	10514.639
20304	10542.611
8732	10554.978
13512	10546.785
18073	10522.647
18304	10482.765
21199	10430.323
13751	10373.222
15439	10316.454
19275	10269.446
18068	10234.184
20397	10212.011
13705	10205.829
15211	10213.865
19751	10237.121
18300	10268.77
21170	10301.64
13467	10332.283
14862	10354.613
18424	10369.25
18219	10372.472
20531	10364.377
15107	10350.141
15199	10334.062
17996	10325.011
17446	10323.638
20119	10328.841
15202	10339.815
15578	10351.064
19034	10360.237
17922	10359.126
19590	10342.665
10530	10313.625
2768	10277.339
12085	10243.292
18130	10217.194
19289	10206.246
7306	10217.889
807	10250.911
11503	10298.757
18219	10344.32
19688	10369.894
7603	10363.237
1331	10314.641
11924	10223.566
18228	10100.988
19517	9964.816
7445	9842.459
210	9762.7
10374	9750.265
18271	9812.347
18656	9941.936
6117	10117.195
-523	10296.143
9089	10426.765
18284	10447.722
19124	10307.866
6144	9976.376
-168	9443.175
9688	8727.577
18433	7869.596
19399	6933.746
6578	6000.744
806	5148.5454
11129	4446.6533
18087	3939.3022
19424	3646.9854
7125	3566.1895
686	3664.973
11033	3894.1804
17906	4189.5713
18673	4489.389
6594	4744.6626
678	4919.1074
11140	4997.98
18363	4981.4707
19558	4889.6235
7241	4758.0557
2186	4623.9136
11913	4525.2026
17739	4486.977
19849	4523.7246
10039	4639.4717
13685	4818.0947
18103	5038.5654
17973	5266.093
19364	5463.8096
9389	5602.982
2369	5660.641
12053	5629.0093
17781	5512.229
19233	5332.0635
7564	5128.77
2895	4947.989
12151	4841.626
17851	4854.4326
19402	5022.137
9411	5367.7744
12538	5889.021
17084	6568.987
18086	7367.84
19682	8232.618
10680	9107.433
13624	9932.378
18187	10661.892
17810	11260.19
19694	11708.441
11995	12008.426
14305	12172.122
18842	12227.284
17519	12202.469
19782	12125.589
12779	12023.87
14734	11914.174
18773	11812.7
17621	11726.619
19716	11660.337
13693	11620.773
14761	11611.432
18186	11640.5
17674	11709.347
19518	11813.937
14519	11944.2
14761	12076.427
17378	12181.2705
16828	12217.006
19221	12139.664
14526	11913.096
14943	11510.723
17945	10930.333
17436	10189.41
19728	9329.674
14062	8415.95
14592	7521.751
17820	6726.3
17394	6093.81
19663	5667.165
14040	5463.304
14621	5464.5005
17955	5628.934
17019	5890.281
19590	6172.9404
13569	6407.512
14642	6536.3584
18575	6530.674
17720	6385.923
19666	6123.936
12148	5790.0312
13317	5436.0503
17205	5118.2236
17681	4877.1924
19162	4735.963
10504	4699.418
12553	4748.375
16955	4855.239
17978	4981.9077
19200	5094.666
10121	5173.901
12371	5210.6704
16600	5217.4395
17556	5212.651
19047	5220.0303
9074	5264.287
3171	5356.296
12088	5492.2837
17364	5652.7593
18923	5802.6924
8475	5903.9985
2960	5923.395
12123	5843.3345
18026	5668.8667
19272	5427.598
8879	5171.7847
8542	4967.0684
14073	4885.8057
17414	4988.431
18653	5307.3228
8263	5842.377
2758	6554.044
12123	7368.837
17494	8188.632
19210	8902.275
9359	9409.051
11915	9631.497
16011	9537.539
17447	9141.744
18711	8501.136
9758	7712.2896
12498	6891.2666
16534	6162.7
17229	5635.666
19193	5382.478
10344	5435.1987
12997	5777.4805
17097	6357.694
16921	7096.1904
19056	7894.5024
11231	8659.276
13886	9311.714
18518	9805.188
17250	10126.19
19373	10285.312
12331	10318.852
14248	10273.215
18314	10202.079
17243	10148.679
19155	10140.079
12921	10189.791
14495	10290.511
18499	10426.503
17283	10575.212
19583	10711.366
13346	10818.683
14517	10884.043
18172	10906.046
17375	10890.163
19833	10844.038
13173	10781.937
14584	10712.455
18509	10645.853
16938	10589.19
19677	10544.56
13066	10516.246
14389	10503.0
18844	10505.119
17527	10522.295
19268	10550.09
12133	10585.757
13568	10619.836
17377	10644.342
17254	10651.838
19152	10635.185
10971	10595.919
13605	10535.72
17897	10465.253
17631	10401.765
20120	10357.844
11896	10346.501
13976	10370.177
18282	10425.909
17424	10502.247
19628	10573.394
11735	10612.871
13560	10592.568
17653	10496.898
17750	10325.211
19767	10087.539
10961	9812.802
12878	9536.579
17179	9301.422
17684	9144.952
19401	9084.217
10958	9117.2705
13476	9215.322
17907	9333.477
17793	9415.788
19787	9400.448
11373	9239.776
13291	8906.352
17638	8407.697
18324	7784.301
19662	7099.0103
10954	6433.1206
13016	5866.449
17289	5469.584
18012	5286.95
19932	5322.758
11106	5547.743
13410	5897.9224
17794	6294.789
18035	6657.8867
20304	6914.3276
11615	7021.04
13923	6965.955
18291	6776.9414
17848	6512.7847
19891	6244.3296
11780	6047.7705
13476	5982.76
17734	6087.706
18007	6369.3413
19534	6796.9785
10340	7317.1675
11779	7857.6177
16281	8349.888
18383	8735.834
19961	8979.588
8983	9078.044
2687	9051.586
12816	8941.229
18066	8802.888
19778	8687.799
8746	8639.688
2216	8681.065
12537	8812.993
18691	9018.899
19919	9264.9375
8556	9514.57
1818	9731.637
11968	9890.743
18623	9980.495
19823	10005.045
8072	9984.851
1576	9943.838
12376	9906.819
18569	9893.394
19949	9913.384
8691	9969.8125
3839	10051.523
13216	10141.631
18558	10221.836
20159	10276.248
9946	10300.218
11743	10291.508
17040	10259.187
18936	10216.489
20373	10176.565
10566	10154.109
12883	10151.989
17439	10168.754
18886	10195.026
20714	10214.962
11195	10215.372
13659	10180.223
18593	10102.44
18598	9983.56
20826	9831.905
12424	9667.152
14293	9508.224
19181	9377.059
19016	9292.515
20863	9264.482
12936	9297.848
15103	9383.244
20474	9506.171
19256	9647.369
21453	9783.017
13284	9895.038
15224	9964.841
20375	9983.384
18859	9949.941
20681	9868.526
13264	9753.444
15044	9618.061
20223	9480.387
19215	9358.013
20986	9263.172
13601	9207.768
15321	9193.406
20508	9219.356
19183	9279.808
21379	9362.308
13651	9455.902
15119	9544.406
19969	9616.719
19184	9664.063
21309	9679.941
12567	9666.909
14115	9627.705
19006	9573.088
19292	9515.101
21010	9464.616
11893	9434.689
13858	9429.748
18554	9453.141
19227	9504.9
21014	9576.092
11778	9658.54
13848	9739.115
19011	9809.762
19786	9866.903
21309	9906.256
11699	9930.497
13551	9940.753
18313	9942.991
19487	9940.525
21183	9930.655
11256	9908.929
13439	9860.923
18463	9772.181
19682	9628.491
21532	9413.33
11176	9119.976
13139	8746.156
18352	8304.909
19951	7818.124
21743	7315.0977
10904	6833.729
12864	6406.0796
18133	6062.743
19878	5822.319
21502	5688.9507
11124	5656.417
13307	5699.8433
18098	5789.635
20182	5890.4873
22198	5968.2075
11621	6000.9565
13723	5973.0527
19049	5887.2163
19985	5759.188
21506	5614.3433
11692	5489.5977
14284	5416.8687
19525	5427.123
19994	5541.0796
21502	5764.831
12149	6095.1016
14298	6510.446
19180	6983.172
19798	7479.953
21946	7965.15
12422	8412.076
14125	8795.986
19286	9104.939
19840	9336.84
21464	9496.687
12278	9600.4795
14894	9662.288
20573	9700.668
20296	9732.62
21986	9769.548
12694	9823.493
14972	9896.175
20058	9989.161
20020	10100.941
22219	10225.666
13071	10361.293
15069	10499.767
20329	10636.372
20210	10766.211
21996	10882.584
12675	10983.409
14808	11061.696
19946	11115.499
20116	11143.387
21947	11144.127
12270	11123.419
14403	11083.439
19943	11032.521
20479	10979.525
22008	10931.796
12978	10900.208
14849	10887.965
19873	10898.963
20379	10932.567
22247	10982.546
11983	11043.724
14109	11102.594
19096	11148.96
20358	11171.8545
21891	11161.017
11400	11113.812
13673	11026.241
19108	10903.134
20364	10752.442
21821	10584.134
11407	10414.627
13813	10254.684
19206	10117.736
20722	10013.056
22421	9944.183
11706	9914.073
14315	9915.174
19623	9940.312
20721	9978.594
22008	10016.92
11812	10047.247
14223	10058.485
19598	10047.703
20843	10014.961
22331	9962.923
11888	9901.676
14039	9836.986
19508	9778.829
20708	9734.264
22624	9705.768
11964	9696.954
14073	9701.789
19604	9715.49
20843	9730.938
22512	9739.562
11733	9738.807
14063	9722.96
19378	9694.011
21011	9655.998
22834	9614.058
12118	9578.425
14811	9553.386
19350	9546.01
21268	9561.939
22368	9599.14
11629	9656.432
13868	9725.571
19369	9801.08
21124	9879.106
22508	9951.917
11639	10017.194
13913	10070.051
19206	10111.475
20868	10145.372
22494	10171.379
11747	10192.625
13758	10207.365
19153	10217.282
21064	10225.045
22608	10228.234
10969	10228.83
10836	10225.375
18089	10220.458
21107	10219.118
22731	10222.894
11574	10237.1045
13884	10261.509
19634	10299.31
21319	10350.719
22496	10412.711
11933	10484.562
14539	10559.05
20198	10633.17
21101	10702.765
22286	10763.002
12467	10813.764
14891	10850.536
20515	10874.182
20951	10884.948
22994	10881.404
12794	10867.134
14736	10840.055
20341	10802.546
21229	10756.919
22851	10704.504
12557	10652.242
14581	10602.179
20160	10560.53
21306	10532.379
22842	10519.538
12521	10526.822
14754	10550.077
20259	10586.209
21210	10628.631
23438	10666.494
12797	10693.625
15054	10698.253
20889	10674.471
21324	10619.531
23295	10532.51
12895	10422.043
14809	10294.766
20571	10163.514
21301	10041.972
23216	9940.739
12599	9873.269
14558	9842.816
20188	9851.623
21806	9896.37
23438	9967.581
12300	10057.704
14354	10151.412
19889	10238.124
21522	10308.594
22969	10355.517
12073	10380.359
14224	10382.944
19934	10370.711
21623	10351.956
23568	10333.679
12419	10325.935
14374	10329.9
20168	10347.365
21589	10375.353
23337	10406.28
12021	10435.745
14073	10453.742
19598	10456.869
21334	10443.847
23151	10415.9795
11758	10382.682
14179	10349.804
19976	10328.465
21523	10326.748
23153	10347.595
12521	10393.167
14916	10454.444
21059	10522.6
22183	10584.999
23419	10627.33
12836	10642.029
15190	10620.958
20968	10567.299
21607	10489.506
23589	10399.104
13169	10314.446
15340	10247.5205
21116	10210.892
21603	10209.14
23344	10237.036
13089	10285.633
15432	10334.723
21099	10366.694
21404	10364.524
22937	10314.839
13009	10217.204
15351	10075.635
21228	9907.964
21959	9737.574
23548	9588.782
13396	9488.501
15658	9451.664
21836	9487.762
22111	9594.359
23421	9756.484
13706	9955.3955
15680	10162.704
21834	10354.857
22419	10512.555
24054	10622.505
13653	10685.567
15813	10705.959
22450	10698.773
22239	10681.834
23831	10669.688
14039	10677.428
16291	10707.584
22586	10759.234
21937	10824.31
23682	10887.967
13980	10939.162
15912	10963.573
22069	10956.208
22121	10918.395
24093	10855.863
13491	10784.682
15339	10717.539
21415	10670.659
22115	10655.66
23461	10676.109
12746	10733.123
15024	10815.145
21182	10910.22
22421	11003.303
23922	11078.48
13103	11128.197
15084	11144.769
21221	11130.7295
22147	11093.294
23657	11041.338
12934	10989.215
15602	10943.484
21836	10911.714
22272	10895.467
24095	10889.435
14012	10888.85
15860	10881.903
22051	10862.038
22356	10824.789
24512	10768.022
13349	10699.342
15236	10624.751
21309	10557.173
22608	10508.166
24824	10484.747
13428	10493.783
15299	10530.144
21518	10587.48
22374	10653.42
24054	10711.417
13485	10749.797
16037	10754.565
22296	10721.97
22421	10654.208
24390	10558.042
14542	10450.049
16606	10344.432
22762	10259.848
22288	10211.279
24205	10205.95
14371	10248.892
15954	10332.844
21617	10449.373
20571	10585.518
22720	10724.292
13488	10854.465
15486	10962.707
20959	11044.981
21014	11100.672
22338	11131.338
12592	11145.165
14268	11146.059
19909	11141.875
21126	11136.868
22779	11131.519
12201	11127.806
14206	11120.691
19524	11109.461
20168	11092.624
22008	11068.445
12133	11041.443
14813	11012.691
20283	10989.641
19559	10978.794
20812	10983.562
13009	11008.85
14869	11052.271
20616	11112.953
18859	11186.911
20844	11265.741
13399	11344.357
14648	11414.07
19663	11472.33
18888	11518.684
21316	11551.614
12692	11575.928
14077	11593.28
19082	11610.348
19089	11631.77
20758	11658.546
12577	11693.391
14692	11732.277
19992	11773.831
18794	11814.437
21232	11847.202
13392	11869.886
15015	11876.635
20380	11867.072
19674	11841.549
21512	11799.395
13280	11745.491
15284	11680.251
21181	11608.71
21401	11534.9
23615	11460.015
13979	11389.28
15911	11321.86
21720	11260.8955
21331	11208.303
22113	11163.566
12609	11129.97
14289	11105.535
19168	11092.65
19129	11092.203
20724	11102.631
12058	11126.16
14196	11159.308
19173	11203.156
18532	11257.21
20577	11318.004
12275	11386.199
13860	11456.881
18764	11529.125
18628	11600.396
20305	11665.262
11244	11722.335
13168	11764.803
17916	11791.029
18539	11798.852
20282	11785.659
11172	11754.912
12746	11707.398
17736	11651.058
18681	11594.232
20270	11544.752
10795	11514.529
12489	11509.172
17195	11536.636
18554	11599.394
20131	11693.904
10563	11816.094
12399	11952.424
17178	12091.334
18456	12218.0625
20083	12316.299
10519	12375.968
12507	12385.211
17217	12342.015
18390	12247.628
19633	12106.634
10773	11931.306
12463	11731.598
17239	11523.58
17948	11320.946
19958	11133.357
10721	10971.496
12681	10837.0205
17261	10732.522
17827	10655.372
19736	10598.023
10804	10555.467
12561	10517.247
17404	10478.242
18461	10433.556
20110	10379.027
11011	10317.824
12734	10250.619
17564	10185.054
17524	10128.743
19351	10086.81
10819	10067.145
12383	10069.749
17154	10095.331
17809	10139.148
19362	10190.909
10709	10242.191
12601	10278.883
17175	10292.808
17176	10277.928
19004	10230.804
11141	10157.683
13110	10065.105
17693	9967.879
17601	9880.996
19093	9815.887
11616	9784.349
13437	9788.067
18023	9826.585
17473	9892.794
19339	9973.116
11231	10057.29
13156	10132.191
17749	10194.241
17618	10245.277
19308	10291.317
11061	10348.47
12458	10430.2705
17253	10552.889
18152	10725.544
19264	10946.289
10850	11206.827
12787	11482.988
17744	11746.779
17659	11965.521
19188	12105.725
11339	12145.595
12841	12070.203
17466	11883.912
16714	11604.8
18309	11260.738
11476	10891.244
13121	10533.209
17685	10223.464
17244	9987.62
19070	9835.414
11232	9766.26
12128	9762.232
15981	9800.891
16286	9854.285
17979	9893.842
9807	9901.484
10953	9863.976
14743	9783.419
15763	9669.396
17639	9536.202
8950	9405.213
10370	9291.142
14261	9208.253
14854	9162.138
16302	9148.521
8792	9160.701
10335	9182.954
13903	9203.644
14456	9211.347
16244	9197.036
9126	9161.2
10626	9105.273
14259	9040.107
14894	8976.829
16736	8924.093
9163	8892.018
10495	8881.9795
14003	8895.316
14512	8927.104
16528	8967.139
9000	9008.339
10548	9039.47
13954	9056.357
13861	9056.891
16031	9040.234
9001	9013.611
10284	8981.73
13682	8954.566
14236	8939.827
15800	8940.871
8498	8962.456
9910	9000.971
13231	9054.136
13628	9115.904
15562	9177.073
8578	9232.552
10077	9274.028
13501	9299.532
13413	9308.081
14949	9298.879
8821	9276.298
10402	9241.781
13969	9201.683
13319	9160.396
14987	9119.21
9229	9081.941
10764	9047.521
14134	9018.976
13731	8997.753
15660	8983.543
9501	8980.858
10774	8990.649
14161	9017.34
13318	9063.825
14582	9128.692
8651	9212.451
9982	9308.411
13129	9410.693
13117	9510.636
14439	9596.765
8596	9662.294
9924	9698.483
13017	9704.467
13019	9682.619
14894	9637.51
8958	9580.703
10087	9521.424
13281	9472.204
13404	9441.84
14652	9432.99
8736	9447.481
10068	9478.018
13172	9517.631
12481	9557.024
14301	9585.1
8879	9597.541
10394	9590.16
13419	9567.343
12825	9536.468
14426	9504.877
8744	9483.799
10293	9477.848
13639	9491.6875
12519	9523.261
14471	9562.299
9034	9598.214
10228	9614.608
13518	9599.564
12671	9543.259
14608	9438.747
8874	9289.101
9830	9099.493
12756	8883.561
11720	8656.122
13659	8429.415
8463	8217.109
9566	8024.717
12288	7856.9585
11505	7713.3003
13318	7588.146
8563	7478.446
9577	7378.427
12355	7288.572
11182	7210.9365
12958	7147.885
7993	7106.2974
9056	7089.0776
11193	7101.057
10080	7142.1665
11789	7205.9927
7629	7285.292
9605	7366.911
10225	7441.853
8948	7500.3447
10984	7533.742
6210	7540.6465
7369	7520.725
8896	7481.8267
8496	7432.077
10466	7378.253
6198	7328.6865
7234	7285.841
8761	7253.343
8218	7229.7266
9839	7209.627
6143	7189.4023
7375	7163.109
9049	7130.471
8661	7091.716
10479	7047.3853
6464	7002.54
7650	6959.4395
9559	6924.1396
8804	6899.666
10399	6885.5337
6429	6882.6924
7548	6887.982
8904	6902.506
8241	6926.3237
10214	6958.769
6250	7003.1187
7215	7059.9194
8793	7133.0996
8094	7222.7817
10077	7323.8633
6390	7430.854
7296	7531.6895
8641	7616.183
7009	7672.542
9320	7688.6074
6326	7659.385
7219	7582.94
8741	7467.6562
7277	7326.3594
9203	7173.885
6138	7029.86
7053	6909.743
8404	6828.7373
6949	6794.6006
8823	6805.8384
5855	6857.156
6468	6935.178
7714	7026.8613
6676	7117.4443
8371	7192.276
5626	7243.9
6229	7267.088
6957	7265.5664
5926	7245.483
7680	7213.534
4596	7180.015
5478	7151.153
5907	7134.775
5524	7133.9155
7355	7147.0034
4178	7172.884
5428	7206.595
5821	7247.028
4916	7291.559
7344	7336.158
4582	7380.589
5371	7422.0273
5992	7460.9243
5351	7495.209
7210	7519.72
4134	7531.6855
5156	7525.1934
5579	7498.625
5175	7450.484
7121	7379.914
4163	7291.9307
5076	7191.163
5680	7087.7773
5484	6990.822
7044	6906.8716
4189	6842.578
4993	6798.5264
5146	6775.3833
5182	6768.1123
7448	6767.417
4144	6765.0034
4889	6749.72
5371	6715.986
4851	6658.7285
6654	6574.3374
4026	6464.544
4910	6331.021
5479	6180.4805
4719	6018.319
6170	5847.9307
3719	5673.7715
4923	5496.466
4944	5319.4517
4346	5143.9565
6020	4970.262
3638	4802.0234
4574	4641.9194
4679	4497.948
3625	4377.3027
5928	4285.4766
3632	4229.3477
4328	4210.922
3970	4232.8916
3658	4292.1177
5635	4380.5566
3273	4489.7896
4153	4606.9204
3922	4722.522
2894	4826.6187
5277	4909.9775
3216	4968.9297
4116	5000.9214
4104	5010.143
3627	5001.2085
5068	4978.7095
2931	4949.383
4113	4916.546
3687	4885.728
2734	4858.7075
4655	4834.0396
3102	4811.39
3999	4787.8213
3770	4763.8467
2451	4739.2197
4282	4712.8823
3085	4687.078
3886	4662.3467
3449	4642.2627
2535	4628.1284
4459	4618.612
2988	4613.485
3938	4609.0073
3674	4604.0005
2164	4595.6904
4567	4579.7188
3239	4555.284
3766	4520.6016
3280	4477.919
2544	4428.555
4294	4372.6196
3186	4311.7124
3795	4244.6973
3193	4172.3213
2175	4092.7483
4321	4002.1824
3078	3899.372
3913	3782.1687
3859	3653.5112
3344	3517.2937
4792	3378.4607
2961	3245.7024
3763	3126.4243
3308	3030.4766
2688	2963.98
4175	2928.5315
2460	2924.1655
3508	2944.6892
3583	2983.8147
2524	3032.0417
4378	3078.0823
2732	3114.426
3439	3134.0823
3195	3136.6792
2582	3123.9644
4543	3099.2454
2857	3070.421
3551	3043.329
3203	3025.7532
2788	3021.717
4873	3030.7468
2596	3052.1218
3664	3079.9792
3458	3110.3865
2706	3137.9143
4406	3156.6992
2756	3165.2646
3536	3161.9797
3356	3150.1958
2405	3133.3596
4378	3113.8218
2721	3095.7761
3426	3079.8015
3029	3067.4827
2410	3057.4639
4499	3045.6995
2831	3030.28
3267	3007.3914
2929	2977.0562
2006	2939.5154
4253	2895.0583
2454	2847.5347
3329	2798.7693
2876	2752.9058
2138	2711.2976
3884	2673.3115
2341	2638.7415
3214	2603.7656
2721	2566.9856
1916	2525.8784
3679	2478.071
2601	2424.5505
3229	2366.0706
2543	2307.434
1442	2252.967
3273	2205.8704
2144	2170.2432
3104	2146.6716
2269	2136.2612
847	2136.981
3310	2143.938
2451	2153.373
3204	2159.5435
2421	2159.9119
1375	2151.904
3293	2133.2634
2458	2105.156
3138	2068.1404
2743	2025.9076
1498	1981.4017
3487	1936.4061
2260	1894.3994
3275	1856.3263
2650	1825.3992
1301	1803.34
3454	1790.2036
2618	1787.5425
3426	1794.244
2603	1810.719
1314	1835.1218
3601	1863.079
2768	1891.5605
3449	1914.8066
2824	1929.5089
1688	1932.5771
3539	1921.5803
2663	1898.6558
3316	1866.5161
2753	1832.2372
2107	1803.2338
3344	1786.1697
2511	1788.152
3444	1811.6566
3298	1857.5962
2073	1922.3271
3560	1997.5338
2514	2074.2605
3496	2140.7932
3255	2188.3462
2342	2209.9905
4121	2201.741
2567	2165.8818
3470	2106.7148
2932	2033.9523
1718	1957.9619
3931	1888.1229
2949	1833.6794
3543	1799.0951
3296	1787.3358
2028	1796.8655
3663	1822.6201
2651	1859.552
3604	1900.1252
3056	1939.8698
2045	1975.0201
4098	2002.889
2743	2024.3376
3540	2039.4316
3017	2050.9175
2018	2060.1887
4212	2067.0894
2668	2072.23
3658	2073.3198
3470	2069.9124
2754	2060.846
4474	2045.0938
2639	2024.2744
3611	1999.1497
3338	1973.317
2643	1949.5277
4399	1929.5153
2591	1915.3041
3604	1905.2335
3494	1898.525
2629	1892.3259
4723	1882.4989
2763	1867.1178
3832	1843.2087
3761	1811.5555
2624	1774.0176
4299	1733.112
2800	1693.8608
3939	1659.2495
3809	1633.151
2736	1616.6877
4193	1608.2495
2778	1605.4454
4039	1602.3204
3502	1594.3016
2259	1576.3398
4439	1544.0768
2835	1497.4563
3691	1436.8687
3235	1367.3883
2343	1295.2368
4649	1227.0983
3179	1171.0177
3977	1131.7534
3492	1113.8206
2325	1118.0898
4339	1141.9242
2815	1182.0166
3597	1231.1302
3236	1283.2805
1983	1332.0911
3918	1371.7238
2742	1399.6522
3380	1413.913
2889	1416.4009
1791	1409.8573
3766	1397.732
2491	1385.5259
3495	1376.5233
3081	1374.862
1927	1382.6619
3716	1399.815
2572	1426.2463
3510	1458.5824
3102	1494.003
1951	1528.6997
3978	1558.4398
2913	1581.2844
3575	1594.7175
3218	1599.2996
2019	1596.5404
3788	1588.6412
2609	1580.4604
3321	1574.9987
2723	1576.4791
1296	1587.553
3268	1608.5963
2318	1639.5885
3160	1677.1451
2424	1718.0627
906	1757.9792
3151	1791.8972
2550	1817.2454
2892	1831.2699
1928	1834.5198
762	1828.6454
2744	1816.0746
1869	1801.3354
2765	1787.3506
2019	1777.9419
1180	1774.6597
3054	1777.0575
2126	1784.4275
2506	1793.5079
1603	1802.1797
604	1807.7914
2506	1808.0952
1776	1803.8394
2209	1795.6826
1041	1787.2434
-286	1782.104
1650	1783.2461
1278	1794.1769
2059	1815.4856
487	1847.8889
-824	1889.3408
1166	1935.8042
1027	1983.5237
1888	2027.0557
256	2063.738
-997	2090.8523
1073	2106.7708
945	2112.8435
1421	2110.5562
-373	2104.1743
-1580	2097.3713
-136	2093.2424
276	2095.2263
1108	2104.361
-787	2122.2588
-2376	2148.173
-466	2179.598
39	2214.152
855	2247.6023
-1243	2277.4663
-2637	2300.4666
-946	2313.429
-201	2315.2007
424	2304.617
-2204	2284.0117
-4029	2255.8103
-1828	2223.0164
-482	2190.372
216	2161.9248
-2253	2143.0789
-3566	2136.7932
-1927	2144.025
-489	2164.3572
234	2194.4536
-2363	2230.7861
-4027	2267.4976
-2279	2297.8757
-682	2316.5386
159	2318.6519
-2417	2303.1929
-4194	2270.3115
-2578	2222.0757
-819	2163.2222
-114	2098.4893
-3168	2034.6256
-4781	1976.4569
-3017	1927.2041
-897	1889.1199
-499	1862.326
-3756	1847.339
-5691	1842.8628
-3764	1846.8705
-1463	1858.5052
-607	1876.6829
-3664	1902.6488
-5540	1936.3988
-3894	1977.1329
-1594	2023.8927
-683	2073.6687
-4001	2123.9607
-5724	2169.8254
-3736	2205.4597
-1664	2226.218
-654	2227.6868
-3947	2209.2947
-6601	2171.7515
-4416	2117.2712
-1884	2050.8137
-1074	1977.8387
-4486	1905.6283
-6359	1839.2812
-4627	1781.7871
-2306	1734.4636
-1484	1696.303
-5297	1666.4686
-7440	1642.0063
-5602	1619.5338
-2361	1597.2789
-1989	1574.8805
-5954	1555.1626
-8004	1540.5828
-6067	1533.3352
-2619	1535.3044
-2222	1546.447
-6516	1566.1691
-8741	1589.4929
-7101	1608.7188
-3231	1615.2411
-2319	1600.3859
-6764	1559.2777
-9025	1488.7765
-6943	1389.2311
-3246	1266.0062
-2585	1128.2073
-7049	989.2662
-9127	861.5108
-7115	755.3058
-3454	677.9541
-2624	631.6014
-7207	615.0967
-9675	620.6018
-7547	635.99677
-3404	647.9367
-2903	643.67975
-7575	615.51984
-9733	558.515
-7699	472.5941
-3515	363.09137
-2689	239.30063
-7276	114.645836
-9092	0.19235891
-6758	-96.01367
-3243	-169.6902
-2801	-221.7306
-7201	-255.76984
-9365	-280.8612
-7372	-308.33032
-3586	-348.48254
-2698	-409.23105
-7104	-491.89713
-9719	-594.6441
-7710	-711.7625
-3380	-833.7089
-2717	-949.3647
-7456	-1046.2539
-9811	-1116.4197
-8062	-1156.5161
-3667	-1167.6342
-2802	-1155.03
-7672	-1125.0853
-9907	-1087.6871
-7822	-1052.7489
-3582	-1027.774
-3079	-1017.3498
-7925	-1020.5802
-10455	-1035.4979
-8525	-1058.9183
-4012	-1087.0323
-3432	-1116.989
-8645	-1145.6842
-10682	-1174.357
-9315	-1206.5239
-4811	-1246.7916
-3819	-1299.6168
-8984	-1365.6926
-11103	-1445.1914
-9308	-1535.7004
-4816	-1631.7429
-3972	-1725.8761
-9096	-1808.036
-11736	-1870.9126
-9692	-1910.3262
-4796	-1925.3247
-3902	-1918.5662
-9216	-1893.8373
-11513	-1859.1781
-9146	-1823.9243
-4397	-1796.2684
-3981	-1782.0706
-9336	-1782.3818
-11502	-1797.2206
-9838	-1824.4904
-4926	-1860.6003
-4119	-1901.5787
-9499	-1942.3884
-11931	-1981.6409
-9772	-2020.7053
-5128	-2062.4487
-4446	-2110.6665
-10287	-2167.0598
-12798	-2234.376
-10826	-2314.1252
-5592	-2405.5854
-4791	-2505.941
-10792	-2609.0486
-13416	-2710.6074
-11181	-2807.6272
-5815	-2898.434
-5172	-2983.068
-11624	-3061.276
-13573	-3136.0847
-11331	-3210.96
-5863	-3288.5557
-5315	-3369.3928
-11782	-3449.7336
-14396	-3526.0564
-13022	-3593.7305
-6625	-3648.5488
-5755	-3686.5857
-12494	-3704.091
-15179	-3702.5237
-13056	-3686.9631
-6750	-3665.3564
-5786	-3646.3564
-12269	-3636.3667
-15306	-3641.986
-13486	-3667.0706
-6505	-3711.9644
-5678	-3772.014
-12369	-3837.3123
-15730	-3898.007
-13769	-3944.362
-6802	-3968.683
-5992	-3965.414
-13174	-3931.0278
-16679	-3868.3887
-14313	-3784.4814
-6946	-3689.345
-6312	-3593.0771
-12790	-3503.6409
-15412	-3429.165
-13413	-3375.1396
-7018	-3344.475
-6049	-3336.151
-12821	-3345.11
-15346	-3366.9666
-12998	-3396.8328
-6601	-3430.394
-5757	-3463.487
-12252	-3491.4612
-14775	-3512.9053
-12851	-3527.3435
-6511	-3535.6865
-5801	-3538.5383
-12391	-3535.5117
-15025	-3528.6238
-12954	-3520.215
-6807	-3513.4658
-6276	-3511.2883
-13301	-3515.3381
-15543	-3529.2222
-13599	-3555.674
-7192	-3597.2676
-6236	-3654.3274
-13041	-3724.412
-15548	-3805.6663
-13427	-3894.925
-7195	-3988.8984
-6281	-4083.3716
-13207	-4173.182
-15552	-4255.9595
-13786	-4329.932
-7439	-4394.875
-6543	-4450.326
-13862	-4494.805
-16193	-4529.0
-14153	-4552.8867
-7691	-4566.947
-6421	-4570.6924
-13662	-4562.518
-16689	-4543.2056
-13969	-4514.3716
-7049	-4479.1675
-6484	-4440.6924
-13623	-4401.651
-16394	-4366.7197
-14056	-4339.8506
-6967	-4324.731
-6281	-4322.585
-13558	-4332.2744
-16419	-4353.536
-14132	-4385.1284
-7307	-4426.5137
-6323	-4476.7417
-13383	-4534.378
-16345	-4600.703
-14575	-4677.055
-7234	-4765.1763
-6207	-4864.93
-13366	-4973.4043
-16449	-5087.475
-14154	-5201.8696
-6970	-5310.9033
-6102	-5407.6304
-12824	-5485.436
-15687	-5542.0894
-13683	-5578.451
-6769	-5600.176
-5812	-5615.3706
-12691	-5633.733
-15849	-5666.8154
-13816	-5724.106
-6897	-5812.1924
-6029	-5931.3257
-13120	-6075.2114
-15922	-6233.7183
-13495	-6392.3945
-6592	-6536.1465
-6256	-6649.9355
-13130	-6722.465
-16656	-6749.8174
-14617	-6734.6924
-7398	-6687.515
-6780	-6622.829
-13829	-6557.37
-17159	-6508.973
-15648	-6491.4043
-7867	-6513.957
-6571	-6577.369
-13893	-6674.2886
-17447	-6792.884
-15450	-6916.972
-7621	-7030.4976
-6719	-7118.0894
-14170	-7168.27
-17213	-7176.919
-15079	-7145.35
-7627	-7081.205
-6699	-6994.274
-14220	-6894.872
-16771	-6793.9033
-14522	-6698.3564
-7419	-6612.425
-6558	-6535.4365
-14004	-6463.107
-16809	-6391.7246
-14644	-6317.713
-7557	-6240.8887
-6678	-6163.345
-13907	-6089.9688
-16732	-6029.86
-14516	-5992.282
-7592	-5985.9805
-6838	-6015.3647
-14233	-6079.5625
-16980	-6173.856
-14803	-6287.767
-7858	-6408.3647
-6892	-6520.429
-14377	-6609.6997
-16692	-6667.56
-14669	-6689.837
-7648	-6679.736
-6820	-6645.0845
-14415	-6597.31
-17125	-6551.331
-15076	-6520.379
-7866	-6515.5063
-6916	-6541.601
-14504	-6597.355
-17257	-6677.6777
-14896	-6772.4155
-8129	-6870.4478
-7565	-6959.378
-15202	-7028.674
-17104	-7073.3257
-15222	-7091.05
-8461	-7084.7944
-7310	-7059.3545
-15021	-7020.4736
-18027	-6975.7456
-15579	-6930.818
-8126	-6890.4473
-6981	-6856.2607
-14479	-6827.8457
-18079	-6805.2627
-15356	-6787.748
-7651	-6775.9556
-6764	-6769.9834
-13977	-6770.0884
-17310	-6777.691
-15097	-6792.61
-7515	-6814.4663
-6662	-6839.444
-13939	-6861.8145
-17030	-6876.0596
-15263	-6875.456
-7413	-6855.7925
-6354	-6813.769
-13512	-6748.902
-16967	-6665.4697
-14856	-6569.8105
-7109	-6471.5044
-6213	-6379.1675
-13086	-6300.2505
-16579	-6240.8374
-14112	-6202.7314
-6744	-6185.2607
-5838	-6183.6665
-12583	-6191.5024
-15726	-6203.369
-13829	-6214.0225
-6975	-6222.4346
-6018	-6229.618
-12789	-6239.605
-15757	-6259.707
-13849	-6296.54
-6858	-6357.074
-6009	-6444.0625
-13098	-6556.863
-16052	-6691.864
-14218	-6840.2036
-6972	-6991.959
-6209	-7134.964
-13095	-7258.2744
-16069	-7354.64
-14046	-7419.149
-7182	-7452.23
-6314	-7456.804
-13458	-7439.1177
-16816	-7407.768
-14390	-7370.101
-7272	-7333.0034
-6437	-7299.8
-13814	-7271.5425
-16546	-7248.035
-14622	-7225.756
-7199	-7201.871
-6300	-7172.824
-13377	-7136.967
-16387	-7095.3486
-14191	-7049.6987
-7111	-7004.613
-6210	-6964.2383
-13168	-6932.9375
-16046	-6915.3184
-13816	-6912.836
-6614	-6926.291
-6059	-6953.1265
-12831	-6989.455
-16148	-7031.241
-14396	-7072.8677
-6937	-7110.7637
-5983	-7141.001
-12774	-7161.558
-15901	-7173.0396
-13883	-7176.256
-6814	-7174.457
-6013	-7170.2383
-12887	-7166.511
-15764	-7166.8623
-14225	-7172.464
-7001	-7185.41
-5946	-7205.3955
-12624	-7231.7183
-16095	-7264.137
-14157	-7300.941
-6863	-7341.9956
-6007	-7386.076
-12987	-7432.5
-15992	-7482.025
-13711	-7533.946
-6722	-7588.783
-6116	-7645.079
-12722	-7701.1416
-15720	-7755.533
-13811	-7804.385
-6744	-7845.0195
-6063	-7873.19
-13022	-7885.339
-15816	-7880.041
-14132	-7855.3364
-7099	-7812.2305
-6219	-7752.334
-13308	-7679.0347
-16219	-7597.8374
-14116	-7513.347
-7095	-7431.5894
-6107	-7356.763
-12888	-7292.389
-15918	-7241.309
-14008	-7203.057
-6924	-7176.9443
-5944	-7159.609
-12749	-7146.9155
-16043	-7135.086
-13729	-7118.862
-6676	-7094.6465
-5905	-7058.275
-12459	-7007.539
-15549	-6942.434
-13858	-6862.857
-6736	-6771.621
-5881	-6671.6523
-12566	-6567.494
-15692	-6465.168
-13995	-6369.4985
-6912	-6286.43
-6157	-6219.7183
-13053	-6172.3374
-16057	-6146.5967
-14143	-6141.494
-7016	-6155.5435
-6013	-6184.4873
-12657	-6223.498
-15663	-6268.2515
-13957	-6313.0566
-6779	-6354.675
-5928	-6390.041
-12876	-6418.2354
-15987	-6440.881
-13420	-6459.9736
-6562	-6479.355
-5844	-6502.1055
-12612	-6531.529
-15601	-6570.674
-13506	-6619.631
-6698	-6677.981
-5826	-6742.26
-12511	-6808.491
-15749	-6872.661
-14089	-6928.873
-6719	-6973.0625
-5928	-7000.7334
-12627	-7009.679
-15356	-7000.1123
-13567	-6972.075
-6661	-6928.556
-5921	-6872.4272
-12674	-6808.0176
-15684	-6740.848
-13343	-6674.729
-6824	-6614.3335
-6141	-6562.398
-12901	-6521.114
-15703	-6492.447
-13553	-6475.414
-7195	-6469.135
-6414	-6470.663
-13382	-6476.762
-16029	-6484.969
-14327	-6491.19
-7560	-6493.455
-6415	-6489.7773
-13449	-6479.7573
-16739	-6465.4077
-14431	-6448.499
-7269	-6433.031
-6295	-6421.9717
-13259	-6418.16
-16227	-6424.3975
-14726	-6439.855
-7552	-6463.711
-6315	-6491.8804
-13111	-6519.4004
-16681	-6541.6484
-14641	-6552.9697
-7206	-6550.736
-6464	-6533.018
-13681	-6501.093
-16946	-6459.8633
-14946	-6414.655
-7521	-6373.547
-6811	-6343.2334
-13997	-6329.5293
-16614	-6337.095
-14989	-6365.545
-7669	-6413.456
-6211	-6475.0503
-12996	-6542.8706
-16468	-6609.781
-14601	-6667.51
-7459	-6710.8853
-6172	-6736.054
-13102	-6742.23
-16467	-6732.0747
-14477	-6708.514
-7267	-6676.5723
-6372	-6640.1445
-13714	-6602.6104
-16769	-6566.8545
-14531	-6532.6226
-7684	-6499.539
-6631	-6465.545
-13768	-6429.24
-16748	-6391.076
-14731	-6351.271
-7800	-6312.9497
-6634	-6279.1865
-13912	-6254.253
-16292	-6243.3184
-14374	-6248.5347
-7501	-6271.409
-6485	-6310.0215
-13739	-6360.6875
-16612	-6418.844
-14557	-6477.358
-7496	-6530.145
-6528	-6571.0107
-13536	-6595.907
-16747	-6603.8047
-14745	-6594.543
-7288	-6571.194
-6266	-6536.7563
-13427	-6495.1714
-16722	-6451.2383
-14809	-6407.6353
-7356	-6367.398
-6346	-6331.0825
-13339	-6298.909
-16537	-6271.61
-14779	-6248.3022
-7459	-6229.841
-6540	-6215.9297
-13616	-6207.094
-16459	-6204.774
-14845	-6208.3726
-7596	-6218.1025
-5852	-6232.058
-12626	-6247.642
-16901	-6262.3496
-14922	-6272.4653
-7506	-6275.8804
-6472	-6270.4004
-13552	-6255.706
-16596	-6234.2075
-15296	-6208.1143
-7848	-6182.7295
-6666	-6162.394
-13802	-6151.8247
-17304	-6155.7393
-15156	-6176.008
-7692	-6214.0557
-6749	-6268.1343
-14210	-6335.2603
-17168	-6412.46
-15033	-6494.6235
-7812	-6577.9663
-6950	-6657.8022
-13972	-6730.69
-17337	-6794.714
-15417	-6847.517
-7779	-6888.766
-7260	-6916.996
-14820	-6931.984
-17969	-6934.9927
-15698	-6926.5073
-8011	-6909.0713
-7297	-6884.648
-14791	-6856.5854
-17317	-6830.1895
-15737	-6809.362
-8175	-6799.5747
-7174	-6803.8228
-14828	-6824.1465
-17820	-6861.8135
-16133	-6914.2847
-8302	-6978.212
-7342	-7046.8774
-14949	-7112.88
-17851	-7169.7046
-15586	-7209.9536
-7973	-7229.186
-7329	-7223.8076
-14820	-7193.31
-17564	-7140.9116
-15944	-7070.605
-8603	-6989.5996
-7932	-6904.5425
-15388	-6822.7104
-17712	-6751.9204
-16002	-6696.8677
-8563	-6662.2207
-7367	-6649.159
-14953	-6657.2427
-18172	-6685.441
-15919	-6729.7095
-7947	-6786.3506
-7171	-6849.335
-14857	-6912.703
-18340	-6971.7407
-16406	-7020.9136
-8384	-7057.1997
-7453	-7077.289
-15205	-7079.9316
-18342	-7066.814
-16242	-7039.8335
-8774	-7003.469
-7850	-6961.887
-15666	-6919.7817
-18861	-6882.5854
-17072	-6853.2876
-9149	-6834.859
-7908	-6826.8496
-15742	-6827.383
-18707	-6834.3755
-16716	-6843.317
-8496	-6851.0884
-7449	-6853.381
-15187	-6847.5767
-18566	-6833.79
-16784	-6812.452
-8054	-6787.322
-7256	-6761.267
-14938	-6738.0054
-18324	-6721.866
-16692	-6714.4404
-8687	-6717.1943
-7526	-6727.8867
-15800	-6742.788
-18991	-6758.2534
-16830	-6768.6733
-8451	-6770.4297
-7601	-6759.8945
-15257	-6735.9087
-18411	-6701.0825
-16827	-6659.0664
-8537	-6617.3203
-7577	-6582.776
-15543	-6562.554
-19239	-6563.588
-17317	-6589.008
-8966	-6640.09
-7619	-6712.712
-15177	-6799.909
-18237	-6893.2715
-16459	-6981.7383
-8546	-7056.4204
-7702	-7108.8496
-15802	-7134.3867
-19338	-7133.8975
-16992	-7111.3613
-8341	-7075.9336
-7549	-7037.394
-15421	-7006.2783
-19078	-6992.809
-16859	-7002.869
-8584	-7039.558
-7669	-7099.774
-15704	-7176.3867
-19404	-7260.765
-17531	-7341.8486
-8961	-7411.424
-8247	-7461.9917
-16494	-7490.3296
-20261	-7498.8506
-18259	-7492.2524
-9719	-7479.177
-8582	-7467.275
-17052	-7463.0444
-20019	-7471.6235
-17992	-7492.6567
-9575	-7523.757
-8240	-7557.77
-16613	-7586.5054
-20188	-7603.754
-18049	-7604.3325
-9296	-7588.1685
-8231	-7557.639
-16501	-7519.2134
-19853	-7482.843
-17804	-7457.2715
-9228	-7451.1035
-8196	-7467.6274
-16822	-7505.873
-20264	-7561.5083
-17967	-7624.95
-9417	-7686.4424
-8287	-7734.493
-16778	-7760.2744
-20315	-7760.483
-18487	-7734.9966
-9639	-7689.919
-8433	-7632.9775
-16569	-7573.8506
-20032	-7523.2544
-18097	-7488.1953
-9617	-7473.9272
-8254	-7480.471
-16469	-7504.9834
-19906	-7544.041
-17921	-7592.1777
-9524	-7646.4927
-8216	-7704.339
-16577	-7764.9434
-19918	-7830.332
-17561	-7901.138
-9260	-7978.242
-8192	-8058.5273
-16770	-8135.957
-19749	-8203.578
-17514	-8251.02
-9395	-8270.092
-8355	-8253.293
-16882	-8197.597
-19582	-8107.2495
-17170	-7990.384
-9501	-7861.271
-8122	-7735.4272
-16184	-7628.285
-19184	-7553.732
-16857	-7518.776
-9022	-7525.154
-8081	-7566.433
-15832	-7631.285
-19316	-7706.424
-16706	-7777.034
-8686	-7832.167
-7698	-7864.0815
-15421	-7871.2686
-18552	-7858.8447
-16772	-7834.297
-8687	-7808.5234
-7541	-7790.032
-15341	-7784.8247
-18233	-7795.889
-16346	-7819.9185
-8952	-7851.4976
-7672	-7881.7417
-15547	-7902.1533
-18079	-7908.1465
-16301	-7896.944
-9116	-7870.95
-7475	-7835.2666
-14547	-7797.479
-17906	-7766.339
-15985	-7747.32
-8209	-7744.2383
-7199	-7755.242
-15046	-7775.5566
-17528	-7799.6904
-15908	-7819.9146
-8811	-7831.7026
-7410	-7832.871
-15022	-7825.826
-18476	-7818.189
-16682	-7818.819
-8827	-7839.1426
-7717	-7887.571
-15645	-7969.189
-18009	-8085.2646
-15887	-8229.611
-8973	-8392.187
-7607	-8558.394
-15214	-8712.905
-18010	-8842.868
-15697	-8937.304
-8677	-8991.601
-7532	-9005.534
-15278	-8984.234
-18352	-8937.489
-16165	-8875.1455
-8854	-8808.518
-7516	-8745.5205
-15217	-8691.718
-18074	-8650.888
-16131	-8622.232
-8808	-8604.882
-7701	-8595.81
-15575	-8592.887
-18899	-8596.087
-17021	-8604.717
-8565	-8620.705
-7373	-8644.405
-14831	-8676.021
-18264	-8715.406
-16814	-8759.124
-8610	-8804.367
-7112	-8845.674
-14984	-8877.958
-18796	-8898.07
-16742	-8903.041
-8655	-8893.794
-7377	-8871.411
-15141	-8839.003
-18227	-8801.848
-16184	-8763.353
-8246	-8727.728
-7052	-8696.402
-14471	-8670.039
-17852	-8648.98
-15786	-8631.337
-7897	-8616.676
-4985	-8603.989
-13423	-8592.881
-17967	-8584.829
-15981	-8580.27
-7889	-8581.011
-6856	-8586.489
-14526	-8595.365
-18175	-8605.942
-16019	-8613.721
-8378	-8615.144
-7193	-8605.356
-15011	-8581.182
-18460	-8542.501
-16226	-8489.613
-8719	-8426.512
-7624	-8357.211
-15350	-8286.979
-18212	-8221.67
-16052	-8163.7695
-8485	-8115.063
-7289	-8073.462
-15084	-8035.8
-18434	-7998.735
-16212	-7957.498
-8431	-7910.2354
-7451	-7855.7666
-15363	-7796.3433
-18222	-7737.951
-16078	-7685.9814
-8907	-7647.45
-7809	-7626.5615
-15729	-7625.173
-18727	-7642.3477
-16277	-7671.458
-9082	-7704.0166
-7740	-7728.4175
-15693	-7733.9424
-18504	-7713.607
-16429	-7662.794
-8624	-7583.9077
-7627	-7483.4844
-15438	-7373.527
-18354	-7270.0537
-16536	-7187.475
-8946	-7139.6104
-7401	-7134.1484
-15475	-7172.999
-18693	-7252.6787
-16898	-7361.826
-9368	-7486.4487
-7929	-7609.568
-15852	-7715.7646
-18496	-7794.1465
-16172	-7837.1704
-8729	-7844.538
-7721	-7820.297
-15472	-7773.368
-18621	-7715.95
-16542	-7658.4385
-8598	-7610.784
-7184	-7578.047
-15146	-7562.067
-18642	-7562.0103
-16580	-7572.7915
-8725	-7589.8916
-7471	-7607.938
-15441	-7624.0493
-18429	-7639.015
-16061	-7653.7754
-8682	-7672.3906
-7714	-7697.608
-15552	-7731.6294
-18939	-7775.47
-17147	-7825.204
-9056	-7876.024
-7820	-7919.844
-15598	-7949.1753
-18889	-7959.0806
-16962	-7945.737
-8611	-7911.283
-7572	-7860.324
-15487	-7801.724
-19121	-7747.1753
-16920	-7706.1343
-8929	-7687.106
-7597	-7692.6855
-15836	-7720.392
-19649	-7763.23
-17330	-7807.857
-9578	-7840.02
-8009	-7844.2144
-16261	-7808.5776
-19240	-7727.883
-17269	-7601.685
-9416	-7438.4507
-7974	-7251.512
-16325	-7059.032
-19650	-6882.186
-17311	-6738.8174
-9094	-6644.3516
-7901	-6606.496
-15891	-6626.534
-19192	-6700.0664
-17082	-6814.953
-9088	-6957.085
-8061	-7109.618
-16386	-7257.3354
-18816	-7389.607
-17403	-7497.4663
-9487	-7578.7617
-7979	-7633.9463
-16202	-7666.8354
-19364	-7684.1636
-17182	-7690.6094
-9050	-7691.747
-7837	-7689.7847
-15996	-7685.304
-19213	-7678.9263
-17256	-7668.596
-9178	-7654.4556
-7975	-7636.316
-16111	-7616.069
-18823	-7598.7207
-16886	-7588.4717
-9097	-7591.309
-8230	-7610.937
-16480	-7649.3516
-18880	-7706.9834
-17144	-7778.724
-9742	-7858.1533
-8237	-7935.311
-16322	-7999.968
-19504	-8044.2456
-17538	-8061.006
-9399	-8048.9775
-7453	-8009.967
-15199	-7950.3486
-19303	-7881.1616
-17232	-7813.5557
-8901	-7760.364
-7781	-7730.284
-15834	-7728.355
-18428	-7756.4062
-16871	-7809.161
-9276	-7878.692
-7862	-7953.012
-15839	-8019.8506
-18949	-8069.7275
-17262	-8094.3
-9467	-8091.655
-8090	-8062.7754
-16062	-8012.7866
-18987	-7951.118
-17497	-7885.9766
-9299	-7826.51
-7752	-7777.821
-15896	-7742.168
-19013	-7719.885
-16867	-7706.628
-9019	-7698.6167
-7749	-7690.6143
-15708	-7678.986
-18826	-7664.16
-16651	-7647.4727
-8976	-7634.1997
-7835	-7629.521
-15890	-7638.471
-18558	-7665.9907
-16570	-7711.996
-9231	-7774.47
-7931	-7846.7573
-16024	-7919.809
-18212	-7985.408
-16347	-8033.841
-9333	-8059.6494
-8118	-8059.9546
-16141	-8036.523
-18457	-7996.9517
-16643	-7949.7793
-9506	-7906.7256
-8221	-7877.749
-16391	-7871.1245
-19119	-7892.7886
-17061	-7942.3545
-9550	-8016.619
-7630	-8107.3804
-15497	-8204.638
-18783	-8299.105
-16920	-8380.576
-9127	-8442.645
-7642	-8480.753
-15366	-8494.159
-18544	-8486.334
-16761	-8461.028
-8988	-8424.922
-7424	-8383.411
-15269	-8341.499
-18689	-8304.065
-16734	-8272.79
-8736	-8249.442
-7466	-8233.204
-15264	-8222.908
-18291	-8219.072
-16016	-8219.962
-8337	-8225.3
-7380	-8233.783
-15194	-8244.829
-18747	-8258.583
-16719	-8273.138
-8541	-8287.534
-7217	-8298.936
-14876	-8304.68
-18567	-8303.373
-16882	-8292.517
-8466	-8272.404
-7334	-8243.164
-15136	-8206.875
-18624	-8168.28
-16567	-8131.379
-8366	-8102.426
-7276	-8085.681
-15104	-8084.729
-18619	-8102.5835
-16465	-8138.241
-8532	-8189.7285
-7477	-8251.319
-15506	-8315.907
-18900	-8376.652
-17192	-8424.767
-9057	-8454.47
-7540	-8460.464
-15496	-8440.207
-18487	-8395.666
-16882	-8329.58
-8839	-8248.998
-7135	-8161.2256
-15211	-8074.126
-18994	-7996.638
-16949	-7934.606
-9025	-7893.6714
-7721	-7875.639
-16043	-7880.2754
-19489	-7906.543
-17341	-7949.9404
-9125	-8006.578
-7817	-8070.219
-16051	-8134.7983
-19101	-8196.11
-17300	-8248.246
-9512	-8287.945
-8116	-8311.415
-15891	-8316.431
-18676	-8303.739
-16832	-8273.377
-9447	-8228.811
-8063	-8173.6553
-16138	-8112.727
-19641	-8052.7764
-17504	-7998.682
-9041	-7956.129
-7702	-7927.4497
-15749	-7913.2373
-19197	-7913.0728
-17079	-7922.5435
-8931	-7937.426
-7539	-7951.599
-15611	-7959.9937
-19094	-7960.6113
-17126	-7952.008
-8652	-7937.3506
-7442	-7920.6157
-15386	-7907.6445
-19146	-7905.768
-16652	-7919.734
-8588	-7953.3594
-7605	-8005.5557
-15417	-8072.3696
-18932	-8147.764
-17490	-8221.582
-9111	-8284.95
-7724	-8328.129
-15887	-8344.502
-18981	-8332.266
-17251	-8291.716
-9162	-8228.655
-7446	-8150.4546
-15221	-8066.3457
-19626	-7986.533
-17315	-7918.1206
-8699	-7866.9287
-7474	-7833.926
-15229	-7817.1416
-18970	-7813.1045
-16902	-7814.659
-8444	-7816.078
-7560	-7810.514
-15691	-7793.528
-19327	-7764.437
-17240	-7723.223
-9062	-7673.969
-8054	-7620.9097
-16271	-7569.69
-19256	-7527.204
-17477	-7497.272
-9254	-7483.89
-7834	-7487.3667
-16049	-7506.129
-19304	-7537.838
-17268	-7576.344
-9258	-7616.6265
-8101	-7651.471
-16166	-7674.9385
-19826	-7683.9937
-17676	-7675.92
-8886	-7652.6104
-7609	-7616.9478
-15497	-7574.8525
-19224	-7535.005
-17476	-7504.7314
-8825	-7492.5425
-8044	-7502.854
-16403	-7537.525
-19345	-7595.9795
-17632	-7671.4404
-8941	-7756.1704
-8018	-7838.454
-16142	-7907.007
-19599	-7953.5176
-17290	-7971.2285
-9034	-7960.1367
-7864	-7923.4824
-16128	-7869.4585
-19632	-7811.156
-17606	-7761.007
-9247	-7732.3013
-7666	-7733.527
-15911	-7768.6353
-19473	-7837.44
-17364	-7932.3477
-9268	-8042.7573
-8249	-8154.2036
-16512	-8252.84
-19290	-8328.482
-17464	-8372.868
-9711	-8385.144
-8282	-8368.046
-16595	-8329.176
-19772	-8280.545
-17562	-8232.92
-9222	-8197.434
-8071	-8180.2236
-16510	-8183.4976
-19449	-8206.533
-17303	-8242.498
-9347	-8283.846
-8157	-8320.333
-16276	-8343.272
-19284	-8347.898
-17652	-8330.552
-9334	-8293.148
-8211	-8239.079
-16647	-8174.179
-19706	-8106.577
-17767	-8041.7427
-9382	-7985.404
-8196	-7939.3525
-16319	-7903.4404
-19266	-7877.178
-17039	-7856.9917
-9207	-7841.174
-8068	-7827.3564
-16121	-7814.9673
-19442	-7806.57
-17006	-7804.042
-8840	-7811.823
-7920	-7831.9937
-16187	-7865.4194
-19376	-7912.293
-17399	-7968.0786
-9342	-8027.927
-7999	-8083.5166
-16158	-8126.188
-19637	-8149.739
-17604	-8148.2007
-9197	-8120.907
-7534	-8069.4106
-15367	-7999.145
-19054	-7920.0073
-17479	-7841.5522
-8964	-7775.316
-7682	-7729.502
-15729	-7709.875
-19193	-7719.808
-17310	-7756.8213
-8825	-7816.7563
-7821	-7891.1216
-15864	-7970.882
-19436	-8048.734
-17152	-8117.2563
-8836	-8173.124
-8040	-8214.098
-16664	-8241.056
-19927	-8258.129
-17982	-8268.248
-9578	-8275.897
-8246	-8282.771
-16280	-8289.304
-19227	-8295.532
-17381	-8298.347
-9242	-8295.829
-7986	-8284.892
-16259	-8264.191
-19157	-8235.567
-17071	-8200.837
-8834	-8164.982
-7989	-8132.1006
-16190	-8107.084
-19187	-8095.0234
-17258	-8097.228
-9378	-8114.349
-8159	-8143.2705
-16529	-8179.4473
-19537	-8218.587
-17682	-8254.207
-9659	-8282.268
-8344	-8298.7705
-16759	-8302.038
-19401	-8293.961
-17583	-8275.987
-10011	-8252.509
-8514	-8227.001
-16842	-8203.174
-19498	-8185.701
-17525	-8176.0044
-9653	-8176.2773
-8139	-8186.082
-16340	-8204.578
-19718	-8231.916
-17612	-8265.876
-9574	-8305.493
-7751	-8348.263
-15773	-8391.535
-19417	-8433.601
-17486	-8470.42
-8841	-8499.614
-7889	-8517.206
-15586	-8520.625
-19407	-8509.494
-17104	-8483.378
-8431	-8445.634
-7731	-8399.594
-15702	-8350.89
-19469	-8307.188
-17495	-8274.271
-8779	-8258.685
-7966	-8262.8
-16010	-8286.552
-19616	-8328.058
-17768	-8380.521
-9143	-8436.68
-7886	-8486.428
-16074	-8520.601
-19612	-8532.97
-17769	-8518.368
-9184	-8477.218
-7851	-8412.236
-15755	-8330.256
-19056	-8241.904
-17601	-8156.814
-9034	-8086.059
-7837	-8036.799
-15756	-8013.6675
-18984	-8018.451
-17269	-8047.0195
-8939	-8093.5127
-7905	-8148.3877
-15885	-8201.882
-19455	-8246.05
-18038	-8273.189
-9361	-8280.575
-8216	-8266.726
-16259	-8234.041
-18827	-8188.64
-17402	-8135.3657
-9640	-8081.164
-8308	-8030.328
-16650	-7985.9307
-19527	-7950.865
-17235	-7924.4985
-9636	-7906.382
-8622	-7894.7812
-17189	-7889.1006
-19774	-7891.2666
-17477	-7902.341
-9791	-7925.5376
-8291	-7962.8726
-16378	-8015.934
-19477	-8085.603
-17493	-8168.3374
-9051	-8259.558
-8039	-8350.672
-16216	-8432.254
-19687	-8495.964
-17118	-8533.023
-8998	-8539.203
-8032	-8512.282
-16048	-8454.9795
-19407	-8375.208
-17569	-8281.782
-9104	-8187.0137
-7996	-8101.329
-16227	-8033.997
-20249	-7992.484
-18069	-7979.056
-8916	-7994.0273
-7601	-8032.743
-15639	-8089.1924
-19523	-8157.318
-17263	-8229.681
-8602	-8301.453
-7857	-8367.553
-16060	-8425.668
-19814	-8475.921
-17654	-8517.667
-9023	-8552.735
-8094	-8580.812
-16372	-8602.183
-19571	-8617.7705
-17944	-8626.105
-9221	-8627.591
-8229	-8620.983
-16069	-8606.14
-18952	-8584.5625
-17703	-8555.809
-9499	-8521.697
-8090	-8482.334
-16486	-8438.062
-19498	-8390.476
-17251	-8338.767
-9370	-8283.694
-8428	-8224.77
-16652	-8162.6396
-19429	-8100.033
-17561	-8038.2334
-9445	-7981.261
-8337	-7931.679
-16446	-7892.4424
-19801	-7867.4155
-17742	-7857.5024
-9091	-7864.382
-8154	-7886.6245
-16139	-7922.379
-19350	-7970.025
-17721	-8025.0303
-9382	-8084.6416
-8312	-8144.1836
-16660	-8199.49
-19641	-8248.081
-17646	-8285.65
-9322	-8310.351
-8269	-8319.111
-16447	-8310.497
-19386	-8285.681
-17622	-8245.032
-9194	-8192.67
-8101	-8132.3667
-16266	-8069.7695
-19064	-8012.5376
-17181	-7965.8936
-8742	-7936.1157
-7796	-7925.854
-15916	-7935.906
-19086	-7965.7915
-17216	-8010.668
-8885	-8065.6963
-7862	-8123.619
-15994	-8177.921
-19450	-8224.504
-17257	-8259.485
-8925	-8283.274
-7979	-8297.016
-16061	-8304.455
-19624	-8311.737
-17551	-8323.246
-9398	-8344.068
-8039	-8375.968
-16363	-8418.755
-19758	-8471.16
-17447	-8527.797
-9277	-8583.141
-8264	-8629.295
-16340	-8659.466
-19075	-8669.488
-17205	-8655.078
-8997	-8616.426
-8152	-8554.704
-16136	-8474.653
-19375	-8384.279
-17693	-8291.069
-8987	-8204.954
-7982	-8133.5576
-16118	-8083.686
-19472	-8060.7734
-17613	-8065.0947
-8747	-8095.6157
-7993	-8145.973
-16016	-8207.916
-19567	-8272.561
-16920	-8328.822
-8879	-8368.235
-8119	-8383.0
-16107	-8369.606
-19540	-8329.966
-16998	-8268.288
-8961	-8194.043
-8216	-8117.271
-16386	-8049.337
-19296	-8001.6143
-17211	-7980.5435
-9180	-7990.3657
-8309	-8028.9775
-16479	-8090.4243
-19418	-8166.8105
-17744	-8246.04
-8979	-8318.246
-8019	-8373.264
-16234	-8404.77
-19245	-8411.98
-17426	-8395.925
-8969	-8363.473
-8022	-8321.916
-16019	-8279.943
-19046	-8247.118
-17076	-8228.674
-8740	-8229.07
-7957	-8247.569
-16262	-8280.963
-19191	-8325.344
-17107	-8373.374
-8974	-8419.316
-8086	-8456.692
-15732	-8481.248
-19229	-8492.061
-17453	-8488.218
-8665	-8472.571
-8061	-8447.329
-16407	-8416.544
-19591	-8385.672
-17267	-8358.262
-8903	-8338.647
-8197	-8328.604
-16275	-8329.526
-19137	-8342.451
-17352	-8364.996
-8665	-8395.177
-8000	-8427.903
-15835	-8458.369
-18671	-8482.408
-16873	-8494.262
-8621	-8490.971
-7969	-8469.395
-16277	-8429.349
-19440	-8374.038
-17206	-8306.622
-8609	-8233.483
-7914	-8159.686
-16147	-8090.9517
-19256	-8033.1597
-17011	-7988.549
-8999	-7959.128
-8299	-7943.1953
-16207	-7938.7554
-19011	-7944.342
-17425	-7956.4375
-9019	-7974.2695
-8281	-7996.1084
-16359	-8022.155
-19357	-8054.428
-17207	-8093.0586
-8915	-8139.225
-7962	-8190.909
-15849	-8245.538
-18982	-8300.069
-17217	-8348.348
-8795	-8386.267
-7970	-8408.384
-15937	-8411.769
-19217	-8397.322
-17160	-8366.493
-8640	-8325.156
-7970	-8278.933
-15954	-8234.487
-19362	-8199.018
-17100	-8175.849
-8744	-8167.791
-8389	-8173.003
-16347	-8187.771
-19101	-8208.2295
-17286	-8227.649
-9383	-8241.756
-8297	-8246.074
-16313	-8238.952
-18832	-8222.29
-17374	-8197.553
-8961	-8169.433
-8151	-8141.4043
-16085	-8117.121
-19168	-8100.37
-17061	-8091.707
-8733	-8092.2075
-8134	-8100.0645
-16007	-8113.999
-18994	-8133.804
-17205	-8157.497
-8853	-8185.1387
-8304	-8215.234
-16200	-8247.242
-19052	-8281.134
-16904	-8314.058
-8596	-8343.912
-7969	-8366.357
-15797	-8378.031
-18512	-8377.202
-16814	-8361.43
-8611	-8331.908
-7756	-8290.247
-15086	-8240.854
-19146	-8189.8457
-17179	-8141.9116
-8407	-8102.8887
-7906	-8074.6704
-15830	-8058.1865
-18936	-8053.0283
-16867	-8055.1016
-8869	-8061.334
-8063	-8066.811
-15786	-8068.784
-18726	-8067.779
-16841	-8064.222
-9044	-8062.227
-8334	-8065.251
-16319	-8077.0435
-18439	-8101.303
-16673	-8136.7935
-8816	-8181.4375
-8097	-8228.584
-15961	-8270.51
-18684	-8300.336
-16872	-8310.23
-8475	-8296.979
-8048	-8259.148
-15758	-8200.517
-18595	-8129.361
-16424	-8054.3804
-8423	-7986.6997
-7825	-7934.382
-15405	-7903.7397
-18455	-7898.2354
-16441	-7915.171
-8280	-7950.2417
-7682	-7994.933
-15386	-8040.995
-18315	-8082.3066
-16043	-8113.113
-8156	-8132.6836
-7602	-8141.5776
-15283	-8143.9307
-18316	-8146.106
-16711	-8152.1323
-8256	-8166.6265
-7707	-8189.5347
-15394	-8218.997
-18361	-8251.653
-16435	-8280.604
-8364	-8300.615
-7492	-8305.873
-15083	-8293.755
-18184	-8265.57
-16057	-8223.653
-7989	-8174.2627
-7343	-8123.1978
-14629	-8077.1196
-18142	-8042.108
-16160	-8020.3896
-7854	-8013.3643
-7462	-8018.364
-14857	-8032.1533
-18178	-8051.947
-15908	-8073.4517
-8019	-8095.2046
-7295	-8115.8115
-14923	-8136.1406
-17785	-8159.052
-15536	-8185.494
-7959	-8217.391
-7431	-8253.355
-14621	-8291.219
-17498	-8327.933
-15498	-8357.577
-7706	-8375.95
-7327	-8378.064
-14827	-8362.283
-17602	-8330.668
-15612	-8286.08
-7815	-8235.523
-7620	-8185.437
-15428	-8143.5654
-18154	-8117.0635
-16084	-8108.57
-8314	-8118.8403
-7737	-8143.8257
-15479	-8177.176
-17647	-8211.877
-15206	-8238.473
-7924	-8249.995
-7342	-8240.703
-14854	-8208.8955
-17380	-8157.616
-15519	-8091.0303
-7856	-8017.6533
-7397	-7945.353
-14772	-7882.6143
-17652	-7837.242
-15504	-7812.4536
-7892	-7810.184
-7412	-7827.425
-14618	-7860.0205
-17279	-7903.086
-15132	-7949.281
-7822	-7993.6367
-7267	-8031.053
-14267	-8059.582
-17263	-8080.043
-15282	-8093.11
-7579	-8102.304
-6874	-8109.7056
-13756	-8118.0054
-17166	-8129.366
-14937	-8142.812
-7354	-8157.6533
-7013	-8170.5083
-14195	-8178.5083
-17007	-8179.8936
-14955	-8171.9893
-7316	-8154.9585
-6944	-8128.6704
-13704	-8095.773
-16914	-8060.175
-14812	-8024.2056
-7321	-7991.3647
-6902	-7962.515
-13896	-7938.155
-16894	-7917.9707
-14676	-7898.683
-7447	-7878.141
-7024	-7852.713
-14088	-7821.0596
-16914	-7784.0454
-15029	-7742.5547
-7387	-7701.0493
-7128	-7663.2666
-14350	-7634.474
-16891	-7620.126
-14818	-7621.971
-7347	-7641.139
-6914	-7674.495
-13921	-7717.561
-16438	-7764.7837
-14713	-7807.662
-7656	-7839.818
-7224	-7854.95
-13913	-7850.1616
-16239	-7826.201
-14514	-7784.529
-7537	-7730.7065
-7134	-7669.9365
-13993	-7609.009
-16399	-7554.817
-14799	-7510.631
-7672	-7479.602
-6925	-7461.4155
-14234	-7454.8525
-16556	-7458.549
-14482	-7468.3867
-7267	-7481.8193
-6682	-7494.9546
-13694	-7505.4756
-16096	-7512.3574
-14380	-7512.8115
-7139	-7506.012
-6714	-7489.84
-13956	-7463.7373
-16477	-7428.786
-14175	-7385.395
-7147	-7336.923
-6714	-7287.1123
-13635	-7242.286
-16097	-7210.285
-13938	-7196.978
-6905	-7208.6626
-6660	-7247.5044
-13692	-7313.2524
-16061	-7402.81
-14028	-7507.1577
-7059	-7616.259
-6478	-7716.8354
-13365	-7797.1953
-15995	-7848.6133
-13969	-7864.2617
-7063	-7843.6284
-6414	-7789.84
-13012	-7711.4546
-15880	-7620.6035
-13651	-7528.857
-6476	-7448.4995
-6489	-7387.456
-13271	-7351.1797
-15840	-7341.275
-13371	-7353.425
-6642	-7381.4907
-6553	-7416.0073
-13578	-7448.405
-16159	-7471.9937
-14026	-7480.4966
-7244	-7472.1006
-7134	-7446.168
-14001	-7405.682
-16092	-7356.0054
-14292	-7301.2676
-7227	-7246.6104
-7111	-7194.85
-14000	-7148.976
-16371	-7111.2666
-13966	-7081.05
-7197	-7058.2275
-6964	-7040.8633
-13911	-7027.8027
-15848	-7018.848
-13869	-7011.7188
-7042	-7005.8027
-6726	-6999.089
-13403	-6990.7153
-15766	-6980.9097
-13932	-6968.1675
-7197	-6953.5234
-6990	-6936.931
-13959	-6920.09
-16259	-6906.1772
-14146	-6896.627
-7488	-6894.3726
-7077	-6900.25
-13876	-6915.3667
-15797	-6940.3706
-14080	-6972.572
-7284	-7009.905
-7137	-7048.0684
-14039	-7083.5283
-15848	-7113.8804
-13787	-7135.361
-7089	-7146.6978
-6982	-7146.2925
-14197	-7134.763
-16647	-7114.5205
-14311	-7086.928
-7051	-7055.361
-6754	-7021.965
-14012	-6989.783
-16476	-6962.634
-13977	-6942.205
-6797	-6931.1704
-6563	-6929.749
-13316	-6938.6143
-16029	-6957.825
-14090	-6984.4473
-6747	-7016.0073
-6678	-7047.3096
-13580	-7073.8467
-16434	-7091.8833
-14132	-7096.792
-6918	-7086.8184
-6665	-7060.6724
-13669	-7020.289
-16231	-6970.3975
-14017	-6915.652
-7097	-6862.6226
-6685	-6816.1953
-13542	-6781.1455
-16321	-6760.6396
-13970	-6753.858
-6882	-6758.6885
-7009	-6769.603
-13984	-6781.0557
-16709	-6788.269
-14781	-6785.784
-7256	-6771.8945
-7080	-6745.748
-14378	-6709.8804
-16432	-6669.7876
-14044	-6630.2407
-7381	-6597.159
-7316	-6573.7456
-14099	-6562.101
-16366	-6562.3916
-14587	-6570.3413
-7622	-6581.378
-7517	-6588.3467
-14754	-6585.3955
-16745	-6569.064
-14530	-6536.3774
-7593	-6489.025
-7354	-6430.1157
-14549	-6366.1206
-16748	-6305.9263
-14629	-6256.5967
-7241	-6226.0674
-7072	-6218.4995
-14272	-6236.0146
-16622	-6278.781
-14939	-6342.277
-7515	-6421.88
-7192	-6510.0664
-13955	-6600.284
-16431	-6687.4746
-14627	-6766.2
-7577	-6834.243
-7711	-6889.3086
-14932	-6931.2505
-16891	-6961.5195
-14593	-6979.8364
-7724	-6987.1035
-7590	-6982.329
-14892	-6964.982
-17104	-6935.681
-14754	-6893.9966
-7256	-6842.1216
-7421	-6782.0283
-14784	-6718.371
-17000	-6658.1196
-15086	-6607.222
-7746	-6572.7593
-7491	-6559.0806
-14606	-6569.1396
-17091	-6603.6523
-15006	-6658.383
-7533	-6727.574
-7394	-6801.486
-14869	-6870.2437
-17662	-6925.2437
-15271	-6958.5796
-7659	-6966.9155
-7396	-6949.423
-14689	-6910.343
-17406	-6858.3115
-15215	-6802.793
-7559	-6755.2886
-7483	-6724.356
-14657	-6716.362
-17376	-6734.223
-15281	-6774.5337
-7414	-6831.0244
-7721	-6892.1016
-15214	-6945.778
-17577	-6981.4653
-15501	-6989.4897
-8042	-6966.1846
-8173	-6911.287
-15541	-6830.732
-17724	-6735.716
-15550	-6638.283
-8377	-6552.484
-8512	-6488.668
-16126	-6454.1772
-17878	-6452.457
-15727	-6479.67
-8591	-6528.842
-8385	-6587.9727
-15889	-6644.621
-18012	-6688.6274
-16331	-6711.2007
-8167	-6710.2124
-8079	-6686.485
-15268	-6646.5073
-18395	-6601.0356
-16341	-6560.603
-7816	-6536.92
-7875	-6536.688
-15701	-6563.181
-18866	-6615.7812
-16178	-6687.943
-7901	-6771.3745
-8132	-6854.014
-15714	-6925.255
-18230	-6977.8604
-16391	-7006.5264
-7949	-7012.3677
-7745	-6998.7363
-15037	-6973.0396
-17972	-6945.275
-15822	-6923.9575
-7535	-6917.598
-7952	-6929.58
-15534	-6960.5083
-17889	-7008.2715
-15969	-7066.0103
-7731	-7126.9707
-7998	-7181.8193
-15539	-7223.052
-17838	-7246.3516
-15927	-7248.425
-7720	-7230.7275
-7901	-7195.362
-15207	-7147.2417
-18119	-7093.2695
-15794	-7039.193
-7457	-6991.5757
-8030	-6953.7246
-15397	-6928.5127
-18463	-6917.8223
-16576	-6920.8145
-7981	-6937.3306
-8361	-6964.3545
-15997	-6999.144
-18372	-7039.753
-16468	-7082.5044
-8584	-7125.5796
-8702	-7165.4937
-16284	-7199.8027
-18320	-7227.591
-16259	-7246.742
-8414	-7257.7256
-8727	-7259.577
-16601	-7252.9883
-18529	-7240.498
-16651	-7223.375
-8454	-7205.1816
-8671	-7187.612
-16257	-7172.9414
-18453	-7164.159
-16512	-7161.846
-8521	-7167.878
-8446	-7181.227
-16387	-7200.63
-18781	-7225.247
-16522	-7252.0166
-8334	-7279.1978
-8572	-7302.7637
-16625	-7319.616
-19179	-7328.3784
-16791	-7327.0127
-8279	-7316.5063
-8820	-7297.011
-16341	-7270.9014
-19062	-7242.6885
-16943	-7216.06
-8101	-7197.019
-8503	-7188.5825
-16224	-7193.724
-18859	-7214.9307
-16344	-7251.453
-7741	-7302.8296
-8349	-7364.827
-15951	-7433.3555
-18782	-7505.068
-16369	-7575.618
-7792	-7643.4404
-8304	-7706.028
-15810	-7763.0317
-18768	-7815.7373
-16569	-7864.1304
-7912	-7909.817
-8328	-7951.4683
-16002	-7987.653
-18667	-8016.8916
-16531	-8035.707
-8002	-8042.523
-8775	-8034.39
-16672	-8011.2007
-19314	-7975.822
-17231	-7931.781
-8182	-7886.1978
-8967	-7844.695
-16869	-7813.68
-19410	-7798.939
-17134	-7802.0327
-8352	-7823.0615
-8942	-7856.471
-16768	-7894.777
-19659	-7929.7886
-17221	-7951.773
-8506	-7954.112
-8996	-7931.0522
-16931	-7881.715
-19569	-7810.366
-17454	-7723.613
-8458	-7632.623
-8997	-7547.074
-17106	-7476.958
-19778	-7430.5913
-17427	-7410.723
-8680	-7417.697
-9221	-7445.351
-17188	-7485.052
-19464	-7527.595
-17418	-7562.2666
-8605	-7582.375
-9209	-7582.0415
-17341	-7560.561
-19749	-7522.5615
-17154	-7474.4507
-8377	-7426.843
-8930	-7388.511
-16741	-7367.9473
-19399	-7372.06
-17371	-7402.452
-8489	-7459.042
-9177	-7535.742
-17011	-7625.1
-19828	-7719.2583
-17695	-7808.964
-8108	-7888.702
-9167	-7952.4165
-17041	-7998.374
-19641	-8028.4443
-17781	-8045.091
-8627	-8054.1797
-9282	-8059.253
-17462	-8064.285
-20056	-8072.8477
-17742	-8085.073
-8372	-8101.565
-9122	-8118.842
-17142	-8133.597
-20159	-8143.431
-17976	-8145.066
-8209	-8138.7725
-8630	-8123.797
-16289	-8102.253
-20254	-8078.033
-17986	-8054.758
-8406	-8038.4067
-9490	-8031.5127
-17426	-8036.7456
-19797	-8056.0044
-17736	-8087.361
-8746	-8128.975
-9788	-8174.6685
-17834	-8218.465
-19949	-8255.09
-17933	-8277.859
-9031	-8283.483
-9904	-8268.355
-18147	-8232.365
-20466	-8178.933
-17887	-8111.856
-8781	-8038.2896
-9886	-7963.4443
-17937	-7893.483
-20147	-7834.1904
-18181	-7787.563
-8700	-7755.5327
-9479	-7735.193
-17552	-7723.407
-20032	-7717.017
-17494	-7711.4106
-7909	-7705.304
-9314	-7696.346
-17506	-7685.7627
-20222	-7677.5127
-17561	-7675.3433
-8069	-7685.4688
-9227	-7710.6616
-17263	-7753.2065
-20699	-7813.7095
-18024	-7888.683
-8267	-7974.6055
-9297	-8063.397
-17271	-8147.7417
-20357	-8221.8545
-17933	-8280.114
-8117	-8321.787
-9391	-8345.6045
-17426	-8354.611
-20435	-8354.13
-17877	-8348.872
-8519	-8344.95
-9505	-8344.635
-17256	-8350.211
-20742	-8362.369
-18519	-8378.852
-8383	-8398.582
-9427	-8417.685
-17666	-8434.421
-20455	-8448.736
-18458	-8460.081
-8492	-8471.286
-9702	-8482.424
-17834	-8495.094
-20791	-8510.585
-18181	-8527.445
-8340	-8544.812
-9966	-8557.861
-18215	-8563.345
-20976	-8558.943
-18446	-8542.132
-8936	-8514.409
-10259	-8476.345
-18638	-8431.961
-20711	-8387.246
-18289	-8346.5205
-8795	-8315.705
-10424	-8296.067
-18716	-8288.749
-20692	-8293.605
-18282	-8307.219
-9149	-8327.18
-10421	-8348.597
-18704	-8369.045
-21061	-8388.073
-18597	-8405.235
-9011	-8423.307
-10338	-8442.756
-19042	-8465.548
-21315	-8493.295
-18936	-8524.127
-9109	-8556.734
-10551	-8585.211
-18936	-8604.613
-21010	-8611.223
-18243	-8600.965
-8799	-8574.305
-10536	-8531.601
-19061	-8477.639
-21431	-8420.342
-19071	-8366.863
-9179	-8326.8125
-10739	-8305.029
-19326	-8305.542
-21516	-8330.056
-19037	-8375.189
-9406	-8437.263
-10787	-8507.907
-19086	-8579.986
-21254	-8648.204
-19069	-8707.062
-9515	-8755.873
-10753	-8793.532
-19124	-8822.453
-21262	-8846.956
-18806	-8869.435
-9169	-8893.501
-10592	-8918.187
-19089	-8942.137
-21349	-8962.679
-18722	-8974.259
-9054	-8973.089
-10649	-8953.161
-18954	-8912.285
-21352	-8851.296
-19175	-8772.093
-9246	-8681.562
-10833	-8585.57
-19002	-8492.872
-21477	-8412.363
-18869	-8349.993
-9001	-8311.419
-10573	-8296.418
-18824	-8303.585
-21083	-8329.3125
-19071	-8366.333
-8986	-8408.803
-10401	-8448.042
-18681	-8478.595
-21395	-8497.4795
-18929	-8502.571
-8894	-8496.472
-10711	-8480.647
-19102	-8459.997
-21209	-8440.454
-19099	-8425.786
-9140	-8421.108
-10876	-8426.762
-19219	-8443.439
-21144	-8470.6
-18965	-8504.398
-9110	-8542.658
-10659	-8579.9
-19108	-8612.978
-21864	-8640.019
-19381	-8658.751
-9265	-8670.389
-11061	-8674.338
-19596	-8673.0
-21157	-8670.246
-19323	-8668.0625
-9572	-8671.016
-11495	-8680.043
-20137	-8697.51
-21738	-8725.549
-19545	-8762.977
-10012	-8809.818
-11489	-8862.033
-19348	-8916.581
-21215	-8970.224
-19209	-9017.496
-9432	-9055.991
-11344	-9081.009
-19702	-9091.576
-21566	-9089.307
-19574	-9075.749
-9563	-9056.943
-11162	-9037.134
-19487	-9022.819
-21490	-9020.431
-19127	-9032.838
-9189	-9062.781
-11341	-9106.787
-19581	-9160.852
-21531	-9219.186
-19565	-9272.892
-9701	-9315.795
-11742	-9339.999
-19975	-9342.9795
-21407	-9325.947
-19407	-9291.674
-9645	-9248.537
-11265	-9203.518
-19741	-9166.147
-21381	-9145.31
-19261	-9145.113
-9172	-9168.758
-10749	-9212.496
-19073	-9271.505
-21711	-9338.915
-19551	-9405.36
-8804	-9464.635
-10741	-9508.9795
-19162	-9535.877
-21694	-9545.908
-19138	-9540.723
-8796	-9525.502
-10513	-9503.002
-18629	-9477.982
-21481	-9453.806
-18929	-9430.721
-8236	-9410.009
-10481	-9388.35
-18689	-9364.726
-21636	-9338.825
-18951	-9310.101
-8391	-9282.082
-10725	-9255.882
-18844	-9235.696
-21502	-9225.654
-18739	-9227.0
-8627	-9241.457
-10759	-9265.198
-18844	-9294.6455
-21537	-9324.747
-18706	-9348.483
-8707	-9361.923
-11230	-9359.287
-19478	-9339.936
-21866	-9306.056
-19258	-9260.598
-8871	-9210.656
-11287	-9160.599
-19499	-9117.07
-21903	-9085.296
-19119	-9067.028
-8983	-9064.175
-11421	-9073.457
-19839	-9092.709
-21393	-9119.304
-18945	-9148.716
-9476	-9178.953
-11876	-9205.95
-20294	-9228.994
-22170	-9248.257
-19787	-9262.68
-9811	-9273.796
-11669	-9280.29
-20062	-9283.661
-21779	-9285.94
-19428	-9287.983
-9749	-9293.494
-11961	-9303.668
-20662	-9322.137
-22099	-9352.566
-19980	-9395.586
-9971	-9452.364
-11865	-9518.795
-20167	-9591.2705
-22102	-9664.545
-19286	-9730.676
-9412	-9784.293
-11342	-9818.159
-19334	-9830.259
-21629	-9821.444
-19299	-9794.078
-9072	-9755.335
-11294	-9710.595
-19519	-9667.895
-22104	-9633.605
-19501	-9610.208
-8752	-9599.605
-11086	-9597.395
-19356	-9599.708
-21967	-9601.901
-19170	-9598.404
-8892	-9588.303
-11236	-9570.062
-19768	-9547.736
-21997	-9527.781
-19339	-9516.025
-8744	-9520.417
-10994	-9543.019
-19284	-9584.687
-21779	-9642.137
-19313	-9706.503
-8651	-9768.881
-10996	-9815.966
-19246	-9838.508
-21601	-9830.706
-18992	-9789.843
-8901	-9721.288
-11463	-9631.754
-19824	-9534.071
-21887	-9442.085
-19606	-9366.263
-9404	-9316.101
-11852	-9292.383
-20354	-9292.649
-22161	-9309.512
-19606	-9330.415
-9761	-9344.525
-12358	-9339.379
-20437	-9309.354
-21917	-9254.235
-19461	-9177.451
-9674	-9089.826
-12501	-9001.572
-20440	-8925.94
-22199	-8873.817
-19490	-8849.841
-9303	-8855.738
-11364	-8884.297
-19952	-8926.564
-22181	-8971.676
-19227	-9007.626
-8916	-9027.931
-11203	-9027.486
-19330	-9009.3955
-21969	-8981.615
-19235	-8953.917
-8554	-8939.622
-10809	-8946.752
-19013	-8981.892
-21318	-9045.867
-18659	-9132.03
-8467	-9231.395
-10917	-9328.684
-19144	-9411.48
-21174	-9469.971
-18729	-9497.704
-8221	-9497.018
-10396	-9472.873
-17989	-9437.744
-20599	-9405.85
-18174	-9389.311
-7979	-9399.424
-10356	-9438.487
-18037	-9505.628
-20889	-9593.728
-18516	-9690.313
-8054	-9783.957
-10872	-9861.006
-18942	-9914.756
-21254	-9943.463
-18624	-9949.465
-8805	-9942.368
-11404	-9930.838
-19492	-9926.47
-21078	-9938.017
-18322	-9967.715
-8972	-10014.6455
-11629	-10069.15
-19749	-10120.616
-21031	-10157.164
-18554	-10166.313
-9086	-10141.918
-11606	-10080.337
-19669	-9986.913
-21122	-9872.251
-19039	-9748.34
-9503	-9631.162
-11821	-9531.401
-20057	-9458.582
-21449	-9417.021
-19166	-9403.446
-9774	-9412.959
-12319	-9434.412
-20489	-9458.761
-21295	-9478.758
-19102	-9488.068
-10169	-9486.755
-12407	-9475.102
-20419	-9458.503
-21666	-9443.127
-19685	-9432.103
-10447	-9429.183
-12353	-9431.855
-20545	-9437.487
-21237	-9441.882
-18946	-9438.129
-9742	-9423.26
-11876	-9393.694
-19851	-9352.007
-21502	-9303.911
-18640	-9256.175
-8907	-9219.462
-11160	-9200.528
-19277	-9206.924
-21411	-9242.618
-18754	-9306.036
-8261	-9394.797
-10586	-9499.686
-18396	-9612.772
-21027	-9725.599
-18148	-9829.39
-7804	-9920.286
-10907	-9993.13
-18989	-10048.523
-21094	-10088.6875
-18540	-10115.376
-8167	-10133.114
-10942	-10142.194
-18345	-10145.46
-20675	-10143.736
-18471	-10135.352
-8266	-10120.632
-11079	-10096.182
-18995	-10062.0205
-21222	-10018.231
-18911	-9964.027
-8544	-9901.749
-11436	-9830.686
-19423	-9753.829
-21611	-9673.72
-18892	-9591.702
-8674	-9511.466
-11841	-9433.273
-19903	-9360.607
-21410	-9296.093
-18793	-9240.182
-9017	-9194.723
-12202	-9156.981
-20004	-9125.993
-21291	-9099.009
-18648	-9070.57
-9499	-9036.933
-12630	-8991.634
-20361	-8932.597
-21157	-8859.37
-19392	-8772.14
-9979	-8676.69
-12486	-8578.013
-20794	-8485.855
-21777	-8410.38
-19246	-8359.258
-10161	-8340.573
-12861	-8356.343
-20862	-8407.799
-20956	-8492.25
-18928	-8601.15
-10124	-8726.323
-12849	-8855.002
-20611	-8977.354
-21424	-9084.874
-19153	-9169.619
-9679	-9229.805
-12166	-9263.782
-20048	-9276.038
-21328	-9273.434
-18806	-9262.33
-8904	-9252.232
-11607	-9248.169
-19391	-9256.336
-21329	-9280.1
-18507	-9318.491
-8419	-9371.084
-11290	-9431.7705
-18965	-9496.76
-21435	-9561.666
-18369	-9621.691
-8104	-9676.128
-11202	-9722.551
-18913	-9763.478
-21095	-9802.175
-18721	-9841.075
-8195	-9884.931
-11150	-9933.533
-19150	-9988.157
-21086	-10047.484
-18217	-10106.814
-8019	-10162.403
-11067	-10206.375
-18778	-10234.692
-20879	-10243.693
-18448	-10230.23
-8281	-10195.806
-11711	-10140.438
-19679	-10068.986
-21120	-9986.577
-18229	-9896.539
-8568	-9803.785
-11522	-9708.482
-19276	-9612.636
-20751	-9516.48
-18726	-9417.907
-9251	-9317.578
-12397	-9213.585
-20569	-9108.738
-21369	-9006.949
-18960	-8911.348
-9624	-8828.082
-12472	-8759.616
-20401	-8710.158
-21009	-8681.564
-18675	-8671.26
-9882	-8677.061
-12646	-8691.861
-20334	-8711.084
-21366	-8730.191
-18827	-8744.332
-9404	-8753.674
-12329	-8757.572
-19962	-8760.769
-21047	-8769.057
-18477	-8786.865
-9442	-8820.379
-12196	-8870.454
-19971	-8938.24
-20894	-9021.488
-18688	-9113.64
-9025	-9209.218
-11808	-9298.702
-19402	-9376.4795
-20821	-9438.361
-18811	-9480.879
-8568	-9506.393
-11392	-9516.41
-18849	-9517.688
-20883	-9517.141
-18142	-9520.329
-8181	-9534.008
-11166	-9559.708
-19242	-9600.077
-21390	-9654.912
-18734	-9720.756
-8419	-9795.419
-11417	-9872.447
-19254	-9948.591
-20892	-10020.403
-17846	-10083.688
-8326	-10137.475
-11754	-10178.109
-19396	-10206.245
-20939	-10222.544
-18274	-10226.917
-8387	-10222.077
-11708	-10207.615
-19354	-10186.706
-20632	-10161.849
-18424	-10133.672
-8809	-10104.445
-12140	-10072.023
-19743	-10036.758
-21079	-9997.169
-18580	-9949.6045
-9251	-9892.676
-12600	-9822.17
-20366	-9738.236
-21479	-9642.334
-19101	-9536.132
-10142	-9425.873
-13412	-9315.885
-20869	-9214.058
-21404	-9127.443
-18997	-9059.52
-10077	-9014.1045
-12924	-8988.676
-20496	-8980.771
-20841	-8985.411
-18286	-8994.354
-9391	-9002.083
-12284	-9000.995
-20390	-8988.688
-21080	-8965.649
-18461	-8933.194
-8731	-8897.821
-11995	-8863.456
-19912	-8836.985
-21272	-8823.581
-18709	-8824.359
-8697	-8840.889
-11864	-8868.277
-19457	-8902.906
-21089	-8940.206
-18417	-8974.643
-8382	-9005.302
-11855	-9029.608
-19314	-9050.812
-20843	-9073.812
-18045	-9102.8125
-7920	-9144.901
-11356	-9201.667
-18729	-9275.533
-20776	-9365.456
-18337	-9466.127
-8060	-9572.853
-11419	-9676.092
-18955	-9769.653
-21052	-9847.896
-18541	-9905.912
-8099	-9943.939
-11539	-9960.712
-18939	-9960.413
-20889	-9947.31
-18426	-9924.5
-8037	-9897.015
-11513	-9865.269
-19124	-9832.188
-21029	-9798.831
-18476	-9764.532
-8251	-9731.25
-12080	-9697.229
-19763	-9664.643
-21301	-9634.71
-18229	-9607.121
-8316	-9582.96
-12181	-9558.343
-20428	-9531.795
-20982	-9500.643
-17997	-9460.381
-8746	-9409.635
-12704	-9345.071
-20311	-9269.447
-21146	-9187.282
-18423	-9103.741
-8874	-9027.792
-12499	-8964.947
-20349	-8922.747
-21462	-8905.258
-19121	-8911.32
-8621	-8939.093
-12228	-8979.493
-20245	-9024.857
-21396	-9066.52
-18759	-9095.702
-8545	-9109.337
-12244	-9104.149
-20016	-9083.869
-21303	-9054.622
-19018	-9022.75
-8510	-8997.95
-11924	-8983.964
-19751	-8985.212
-21354	-9002.464
-18565	-9031.913
-8299	-9070.872
-12045	-9112.156
-19721	-9152.885
-21442	-9191.905
-18627	-9229.481
-8212	-9271.95
-11671	-9323.152
-19201	-9390.395
-21447	-9478.827
-18659	-9589.293
-7926	-9721.47
-11677	-9866.23
-19429	-10014.052
-21435	-10152.402
-18186	-10267.178
-8199	-10348.632
-12297	-10386.743
-20173	-10379.954
-21621	-10331.289
-18701	-10247.191
-8346	-10140.039
-12156	-10019.973
-19786	-9900.323
-21559	-9791.378
-18561	-9699.137
-8376	-9628.109
-11969	-9575.844
-19313	-9540.801
-21584	-9518.6
-18672	-9503.599
-8137	-9493.073
-12231	-9481.222
-19828	-9467.316
-21764	-9450.29
-18811	-9428.351
-8312	-9402.183
-12301	-9368.294
-20038	-9326.587
-21397	-9276.155
-18812	-9215.453
-8624	-9146.842
-12489	-9070.481
-20275	-8992.073
-21149	-8917.919
-18986	-8853.313
-8909	-8806.157
-12474	-8778.885
-20197	-8774.571
-21669	-8792.38
-19088	-8826.81
-8906	-8872.725
-12586	-8919.498
-20142	-8960.217
-21329	-8988.94
-18589	-9001.043
-8477	-8998.574
-12471	-8982.944
-20145	-8961.764
-21139	-8943.501
-18574	-8934.707
-8501	-8943.344
-12449	-8970.212
-19989	-9015.826
-21574	-9076.664
-19307	-9145.196
-8566	-9215.803
-12390	-9278.898
-20121	-9330.134
-21986	-9367.098
-19269	-9389.352
-8591	-9402.268
-12400	-9409.037
-20252	-9416.804
-22097	-9431.3955
-19249	-9455.44
-8304	-9492.04
-12053	-9537.029
-19677	-9587.507
-21336	-9638.315
-18588	-9682.768
-7964	-9717.869
-11977	-9737.999
-19462	-9743.692
-21784	-9736.422
-18811	-9718.476
-8172	-9695.345
-12628	-9668.421
-20237	-9642.011
-21421	-9618.254
-18391	-9596.399
-8579	-9577.001
-12919	-9556.167
-20362	-9533.922
-21374	-9509.916
-18687	-9483.243
-8719	-9456.583
-12584	-9429.565
-20195	-9405.206
-21526	-9385.005
-18934	-9368.148
-8364	-9355.263
-12185	-9341.684
-19619	-9325.6875
-21672	-9304.399
-18406	-9275.012
-7886	-9239.143
-11874	-9196.433
-19607	-9152.424
-21699	-9113.33
-18507	-9085.228
-8176	-9076.23
-12483	-9088.474
-20244	-9124.699
-21375	-9183.199
-18316	-9257.332
-8187	-9340.206
-12696	-9419.094
-20011	-9484.834
-21419	-9529.029
-18726	-9545.222
-8258	-9534.228
-12347	-9497.013
-19777	-9441.883
-21627	-9379.067
-18719	-9318.61
-8097	-9272.726
-12109	-9246.719
-19726	-9245.439
-21418	-9268.736
-18572	-9310.999
-8097	-9366.659
-12204	-9424.363
-19740	-9476.683
-21132	-9517.125
-18219	-9540.99
-7986	-9550.032
-12001	-9545.4
-19432	-9534.548
-21339	-9524.926
-18356	-9522.632
-8101	-9534.368
-12327	-9559.863
-19670	-9599.298
-21079	-9648.432
-18396	-9699.583
-8235	-9746.709
-12511	-9780.193
-19951	-9796.009
-21136	-9791.728
-18365	-9766.93
-8471	-9726.516
-12833	-9673.606
-20119	-9616.431
-20824	-9561.989
-18077	-9514.892
-8563	-9480.298
-12424	-9457.728
-19925	-9448.651
-21260	-9452.105
-18690	-9465.457
-8327	-9488.7705
-12221	-9518.5
-19432	-9555.518
-21073	-9599.519
-18246	-9648.755
-8271	-9702.954
-12449	-9756.458
-19864	-9805.975
-20534	-9845.83
-17691	-9868.58
-8210	-9869.933
-12229	-9843.906
-19567	-9791.007
-20769	-9714.137
-17884	-9618.385
-8166	-9514.742
-11686	-9412.181
-18750	-9323.095
-20082	-9256.994
-17360	-9219.239
-7776	-9213.874
-11482	-9236.861
-18491	-9283.94
-20267	-9347.032
-17289	-9416.013
-7565	-9484.087
-11397	-9542.432
-18292	-9589.012
-19601	-9623.362
-17518	-9646.028
-7756	-9662.001
-11540	-9672.471
-18640	-9681.422
-20494	-9689.557
-17683	-9694.511
-7688	-9694.885
-11580	-9684.277
-18912	-9660.553
-19891	-9621.942
-17134	-9567.723
-7832	-9502.524
-11561	-9430.026
-18791	-9359.426
-20331	-9299.089
-17166	-9255.546
-7567	-9235.422
-11604	-9238.458
-18810	-9264.691
-19935	-9309.661
-17429	-9365.318
-7706	-9424.976
-11419	-9478.591
-18698	-9521.572
-19760	-9550.422
-16846	-9563.299
-7659	-9563.146
-11544	-9551.533
-18427	-9534.643
-19479	-9517.114
-16839	-9501.447
-7666	-9491.107
-11435	-9484.235
-18387	-9481.132
-19390	-9479.608
-16949	-9475.814
-7707	-9468.584
-11669	-9454.006
-18677	-9433.013
-19691	-9406.351
-16986	-9374.779
-7856	-9341.91
-11642	-9308.314
-18489	-9278.392
-19336	-9254.6875
-16636	-9238.064
-7646	-9230.982
-11441	-9231.846
-18383	-9242.189
-19447	-9261.449
-16554	-9287.446
-7499	-9320.016
-11247	-9355.086
-18175	-9392.142
-19546	-9429.211
-16789	-9463.351
-7378	-9494.774
-11105	-9520.189
-18011	-9540.744
-19669	-9556.75
-16816	-9567.912
-7410	-9576.685
-11576	-9581.665
-18568	-9585.135
-19477	-9587.618
-16854	-9587.891
-7485	-9586.925
-11439	-9581.667
-18260	-9572.893
-19091	-9560.264
-16591	-9542.564
-7771	-9521.893
-11344	-9497.231
-18414	-9471.553
-19511	-9446.596
-16471	-9422.813
-7667	-9402.377
-11189	-9383.081
-18065	-9365.795
-19221	-9349.017
-16830	-9329.512
-7042	-9306.367
-11041	-9274.926
-17801	-9235.13
-19236	-9186.035
-16119	-9126.704
-6816	-9059.492
-10552	-8984.173
-17481	-8905.328
-19219	-8826.369
-15974	-8750.264
-6809	-8682.12
-11034	-8623.145
-18265	-8577.977
-19723	-8548.858
-16334	-8536.325
-6835	-8541.695
-11089	-8561.501
-17861	-8595.217
-19037	-8639.383
-16222	-8688.791
-7049	-8740.293
-10957	-8787.229
-17707	-8827.205
-19096	-8857.146
-16272	-8874.471
-7172	-8880.626
-10972	-8874.836
-17651	-8861.307
-18987	-8843.553
-16660	-8824.248
-7194	-8808.468
-11017	-8796.623
-17972	-8791.86
-19266	-8794.391
-16558	-8802.104
-7170	-8813.906
-11499	-8824.437
-18630	-8831.932
-19310	-8833.491
-16276	-8825.803
-7582	-8808.655
-11513	-8780.085
-18704	-8743.13
-19698	-8700.595
-16999	-8655.091
-7741	-8612.344
-11768	-8574.47
-18580	-8546.941
-19667	-8532.57
-16562	-8532.069
-7519	-8546.847
-11747	-8572.9795
-18611	-8609.147
-19771	-8651.218
-17174	-8693.474
-7780	-8732.491
-11588	-8761.804
-18841	-8779.857
-19509	-8785.178
-16866	-8776.589
-7667	-8756.943
-11489	-8726.71
-18139	-8691.026
-19387	-8653.513
-17040	-8616.348
-7188	-8583.704
-11457	-8554.718
-18417	-8531.524
-20042	-8513.778
-17072	-8499.962
-7236	-8490.804
-11644	-8483.594
-18899	-8480.106
-19992	-8481.133
-16792	-8486.904
-7323	-8499.902
-11538	-8518.287
-18584	-8543.217
-19940	-8573.069
-16972	-8604.178
-7409	-8634.572
-11592	-8658.141
-18470	-8673.105
-19948	-8677.131
-17227	-8668.731
-7304	-8651.172
-11862	-8625.321
-18712	-8597.257
-20580	-8571.92
-17848	-8552.901
-7699	-8544.922
-12484	-8546.115
-19492	-8556.32
-20241	-8571.359
-17427	-8584.155
-7989	-8589.196
-12042	-8577.774
-18804	-8546.799
-20114	-8494.363
-17528	-8420.907
-8056	-8333.1
-12534	-8236.496
-20050	-8142.0854
-20921	-8060.1465
-17826	-7998.7744
-8038	-7966.051
-12279	-7962.659
-19711	-7988.8423
-20890	-8039.7915
-17866	-8106.541
-7909	-8180.6
-12842	-8248.939
-20140	-8303.567
-20794	-8337.81
-17692	-8347.369
-7991	-8334.01
-12881	-8299.221
-20009	-8251.258
-21667	-8198.375
-18378	-8148.4814
-8064	-8110.7354
-12707	-8087.65
-20042	-8082.8457
-21311	-8095.5356
-18259	-8121.4214
-7862	-8156.829
-12582	-8193.372
-19806	-8227.329
-21022	-8255.197
-18209	-8274.73
-8054	-8288.934
-12845	-8298.7
-20515	-8309.919
-21569	-8327.687
-17926	-8355.265
-7907	-8396.244
-12848	-8447.867
-20246	-8508.69
-21281	-8573.886
-18075	-8636.557
-8059	-8692.317
-12859	-8733.782
-20194	-8759.657
-21596	-8769.935
-18710	-8766.29
-8111	-8755.231
-13075	-8740.081
-20282	-8727.957
-22232	-8723.228
-19251	-8727.522
-8611	-8742.4795
-13573	-8762.773
-21162	-8784.902
-21560	-8803.468
-19201	-8811.821
-9344	-8807.468
-14477	-8785.747
-21721	-8748.569
-22119	-8699.319
-19371	-8642.255
-9396	-8585.606
-14420	-8533.593
-21647	-8493.458
-21849	-8469.771
-19280	-8463.556
-9007	-8476.379
-13527	-8503.324
-20726	-8541.399
-20717	-8585.534
-16901	-8629.131
-7441	-8667.981
-11602	-8695.13
-18065	-8708.439
-18404	-8706.303
-15679	-8687.828
-6887	-8656.489
-10247	-8614.406
-16519	-8568.815
-17647	-8526.725
-14404	-8494.923
-6029	-8481.542
-9386	-8490.27
-14644	-8525.936
-14161	-8588.65
-11221	-8673.626
-4464	-8774.614
-5489	-8880.51
-9352	-8981.831
-6288	-9068.376
-157	-9130.742
825	-9162.882
3743	-9164.535
1514	-9141.701
2198	-9103.3
4051	-9059.842
2292	-9022.945
4924	-9004.823
2833	-9015.315
3038	-9057.7295
4542	-9128.536
2633	-9219.175
5461	-9318.811
3549	-9416.346
3909	-9499.417
5209	-9557.545
2634	-9585.001
5389	-9583.91
3558	-9562.95
3917	-9533.055
5331	-9505.919
3018	-9492.523
5716	-9503.008
3951	-9543.783
3757	-9613.365
5184	-9703.687
3002	-9802.358
5768	-9896.944
4161	-9976.655
4189	-10031.395
5255	-10054.745
2994	-10046.277
5865	-10013.042
4284	-9967.752
4164	-9923.383
5436	-9891.754
3106	-9882.008
6054	-9900.728
4049	-9949.977
3862	-10024.474
5648	-10113.679
2981	-10204.515
6123	-10286.019
4006	-10350.908
3980	-10394.328
5209	-10415.497
2890	-10418.816
5785	-10414.487
3824	-10415.897
3567	-10433.926
5022	-10475.806
2725	-10544.772
5444	-10641.087
3544	-10761.449
3852	-10897.666
5263	-11038.978
2819	-11175.737
5599	-11302.963
3339	-11420.691
3837	-11531.293
5197	-11639.1
2735	-11750.08
5560	-11871.804
3123	-12010.326
3433	-12166.138
4921	-12334.152
2436	-12505.388
5239	-12670.095
3491	-12819.061
3956	-12942.326
5175	-13031.023
2694	-13079.984
5090	-13088.766
3184	-13060.302
3692	-12996.229
5302	-12896.135
2723	-12757.784
5391	-12579.031
3240	-12358.831
3596	-12095.712
4716	-11791.106
2697	-11452.803
5101	-11097.594
3421	-10750.274
4174	-10437.067
5226	-10181.575
2519	-10000.605
5264	-9900.12
3440	-9869.64
3710	-9876.909
4731	-9869.903
2554	-9783.276
5082	-9548.23
2920	-9102.464
3448	-8397.86
4807	-7410.7285
2531	-6149.283
5194	-4657.096
3180	-3009.3008
3479	-1300.42
4756	366.3783
2490	1892.1044
4778	3193.2012
2757	4212.0186
3295	4926.916
4931	5351.7256
2403	5529.906
4661	5524.0586
1938	5404.999
2565	5242.769
4305	5095.915
2126	5003.289
4515	4979.598
2174	5017.2686
2731	5094.9595
4014	5184.617
1816	5257.589
4249	5290.24
1906	5268.934
2412	5194.7783
3853	5081.7075
1928	4950.86
4216	4824.054
1828	4718.6313
2488	4647.0664
3747	4614.034
1695	4614.648
4056	4635.4907
1551	4658.3467
2081	4667.6997
3359	4653.3887
1625	4611.6035
3863	4543.9385
1381	4456.443
1968	4360.916
3535	4270.986
1816	4197.481
4046	4144.89
1672	4110.1353
2231	4086.9583
3713	4066.6238
1969	4038.878
4117	3993.5159
1549	3922.4924
1433	3825.283
2959	3708.0552
1959	3581.056
4133	3455.702
1818	3342.0159
2213	3250.084
3413	3187.1272
2059	3154.6775
4052	3147.744
1645	3155.5134
1920	3167.0747
3795	3172.394
2036	3163.304
3791	3133.8262
1417	3080.4978
2035	3006.8623
3267	2921.4182
1636	2834.8594
3824	2756.7869
1137	2693.6594
1930	2651.2527
2936	2633.1855
1333	2638.0935
3830	2659.9702
1388	2688.7227
2137	2715.5117
3382	2733.6562
1811	2738.0015
3763	2725.6008
1323	2695.431
2215	2652.0928
3719	2604.1228
1755	2560.562
3676	2528.8657
1476	2512.5605
1906	2514.262
3190	2534.2397
1523	2568.5137
3818	2608.8013
1602	2644.297
1821	2666.592
3285	2670.3745
1587	2653.262
3724	2615.4976
917	2560.153
2059	2494.509
3972	2428.8574
1912	2373.466
3969	2334.8232
1326	2315.3884
1808	2315.1108
3381	2331.1604
1858	2357.2861
3906	2384.1914
1278	2402.424
1842	2404.4531
3306	2387.1082
1806	2350.0903
3847	2294.0132
1391	2225.1216
1744	2148.913
2772	2072.6006
1704	2002.1143
3740	1939.593
1085	1887.5935
1291	1843.7661
2754	1805.7681
1704	1771.2104
3642	1736.6295
1462	1702.5934
2018	1668.5049
3256	1636.6428
1903	1610.1702
3813	1590.207
993	1579.6553
1471	1576.386
3187	1577.5555
1670	1579.0786
3815	1574.1295
1440	1559.2578
1783	1529.8645
3438	1485.3153
1899	1428.9298
3549	1365.2145
1065	1303.7015
1605	1251.9032
3137	1217.8009
1602	1207.4572
3812	1221.384
1083	1258.8806
1591	1312.3016
3327	1372.4878
1674	1429.8757
3753	1473.6775
1270	1498.6715
2053	1500.4253
3442	1480.5509
1595	1445.3988
3982	1401.9849
1608	1362.0101
1913	1333.4403
3086	1323.4908
1591	1336.0997
3891	1369.1134
1781	1419.3688
2143	1477.8733
3288	1535.5834
1594	1584.1549
3859	1614.8151
1448	1624.6238
2334	1610.9271
3774	1575.8975
1742	1524.8076
4162	1462.4266
1789	1397.2573
2419	1334.3086
3808	1279.1232
1829	1236.0646
3899	1205.9961
1844	1191.4312
2250	1190.9718
3186	1204.2164
1673	1230.306
4066	1265.907
1797	1310.1746
2208	1358.6233
3466	1407.4982
1880	1452.8472
4254	1488.762
1748	1512.8862
2731	1521.0222
3948	1512.4172
2095	1488.8352
4369	1452.2454
2059	1409.6669
2401	1366.2874
3453	1328.932
2015	1303.5612
4277	1292.4772
1801	1298.2684
2499	1318.1036
3563	1348.461
1973	1384.5702
4162	1419.6531
1759	1450.7266
2268	1473.3647
3644	1486.5946
1820	1491.836
4189	1490.0387
1829	1485.6833
2719	1479.9791
3965	1474.7432
1844	1470.5421
4319	1464.3251
1957	1455.0709
2313	1438.5784
3869	1412.6907
1784	1377.3096
4081	1332.2874
1563	1282.6154
2199	1232.1044
3726	1186.8562
2176	1153.0619
4155	1133.6624
1908	1132.3597
2359	1147.3976
3635	1176.1249
1916	1214.0573
4167	1253.7621
1694	1291.0385
2075	1320.0925
3488	1338.6287
1775	1346.8623
4219	1345.1641
2123	1338.2706
2391	1328.7461
3254	1320.338
1668	1315.6709
4031	1313.9348
1405	1315.6312
2296	1317.1221
3874	1315.9432
1750	1310.2649
4189	1297.3538
1749	1279.0868
2221	1256.2554
3458	1232.7599
1836	1213.4563
4182	1201.408
1901	1201.5463
2101	1214.6002
3443	1240.7094
1643	1278.1332
3919	1321.4252
1578	1366.8479
2110	1407.7595
3513	1439.7185
1634	1460.0109
4094	1465.9343
1948	1459.8206
2238	1443.5074
3374	1421.878
1468	1401.079
3903	1385.2407
1503	1380.3552
2401	1388.379
3366	1411.061
1366	1448.1642
3797	1495.5382
1459	1550.0131
2339	1604.7512
3905	1654.1239
1397	1693.5497
3669	1717.2955
1016	1724.4495
1954	1713.5477
3236	1686.9977
1298	1649.3765
3864	1604.8898
1786	1561.3323
1557	1524.0991
2779	1499.1775
1546	1490.939
3605	1500.2983
1001	1528.5083
1576	1571.8292
2979	1626.3906
1233	1687.2129
3131	1747.1436
487	1801.845
719	1845.3265
1932	1874.4645
978	1887.6881
2893	1883.7325
328	1865.6821
187	1835.5223
1944	1797.2987
1089	1755.8541
2791	1714.6567
-41	1679.381
42	1652.3263
1661	1636.0583
843	1632.1841
2598	1639.4491
-190	1657.9114
133	1683.7903
2006	1714.0603
1133	1745.2057
2908	1772.2086
249	1793.3882
149	1805.4003
1640	1807.4834
1008	1800.236
2666	1784.1216
88	1763.063
809	1738.948
2254	1715.4333
1242	1695.7758
2944	1681.0132
130	1673.6912
778	1672.5958
2356	1677.0513
1204	1685.752
3039	1695.5457
349	1705.5066
709	1712.4625
2573	1715.1178
1280	1713.1426
3549	1705.0974
1013	1692.7402
1010	1676.1417
2968	1656.9635
1666	1637.6298
3887	1619.103
1329	1604.8998
2174	1595.6473
3474	1593.2281
1654	1598.8894
4163	1610.9033
1733	1629.4038
2196	1650.9707
3499	1672.9894
1746	1692.8651
4271	1706.2012
1919	1712.1633
2277	1708.7158
3781	1696.617
1778	1678.4025
4219	1655.7203
1825	1633.6604
2194	1614.5901
3414	1601.7438
1773	1597.1569
4282	1599.2926
1811	1608.0116
2951	1619.2273
4151	1630.2129
1883	1638.6132
4033	1641.0529
1734	1638.346
2543	1629.9697
3776	1618.2573
1969	1606.3816
4336	1595.5741
2403	1588.8698
2664	1585.6348
4079	1585.1019
2031	1585.7455
4325	1583.4447
1988	1576.9196
2564	1563.0746
3546	1541.9617
1749	1515.2843
4273	1484.3597
2001	1454.3652
2316	1427.7311
3469	1407.5052
1631	1395.1437
4406	1387.9141
1980	1383.9629
2456	1377.1039
3991	1361.77
1917	1333.2529
4466	1286.4402
2322	1221.2231
3104	1137.522
4084	1039.4775
1973	933.3355
4351	824.3099
2028	720.1927
2348	624.94104
3967	542.17847
2084	473.58115
4320	417.14804
2421	372.2074
2936	334.97122
4242	303.30026
2113	276.16507
4603	251.64517
2321	231.51509
2591	215.67255
3859	205.72554
1928	203.1069
4691	206.69704
2598	217.32622
3133	232.55495
3816	251.26593
1908	272.4289
4608	293.50174
2409	315.56702
2860	337.69403
3784	361.10922
1669	387.17072
4531	414.90903
2153	445.82208
2630	477.68106
3622	509.21713
1776	539.04913
4448	563.93774
1899	584.6001
2648	600.0845
3969	612.66254
2004	626.16724
4393	643.4
1919	670.1996
2565	709.21704
4038	763.2264
2044	833.50665
4564	917.3213
2278	1012.95374
2893	1114.6884
4024	1217.8721
1977	1318.2722
4259	1410.4894
2279	1493.0945
3103	1563.3555
3835	1621.4164
1841	1668.3933
4414	1704.0077
1978	1730.8088
2552	1748.4478
3933	1758.178
1899	1761.4296
4388	1757.8834
2215	1750.7544
2431	1741.0745
3678	1731.7938
1894	1726.1271
4379	1725.0085
1966	1731.2728
2619	1743.7688
3463	1761.6776
1563	1783.2413
4281	1804.0345
1753	1822.7147
2690	1835.8668
3917	1843.2163
1718	1846.406
4301	1846.4647
2198	1848.262
2981	1853.8787
3933	1866.0281
1674	1885.8047
4471	1909.7924
2284	1935.2241
3087	1954.8069
4013	1962.5624
1789	1953.4277
4364	1922.8519
2214	1872.5817
2598	1805.499
3668	1729.6462
1775	1655.6064
4485	1592.6968
1924	1552.3849
2676	1540.0736
4011	1558.6388
1889	1606.1497
4394	1674.228
2211	1754.1495
2583	1833.018
3801	1899.9978
1828	1947.4164
4661	1969.4756
2324	1967.7512
2949	1945.5547
4128	1911.0657
1917	1874.1766
4521	1842.339
2558	1823.7626
3042	1820.961
4214	1834.2976
1993	1861.1232
4399	1894.5297
2101	1929.2323
2853	1958.1185
4101	1977.4283
2009	1986.3936
4629	1984.5985
2372	1976.3319
3161	1964.6031
4505	1953.9385
2063	1948.1284
4676	1946.8008
2148	1950.1658
2456	1954.2524
3641	1955.547
1936	1950.6577
4695	1935.0848
2598	1908.7344
3098	1871.4025
4066	1826.4679
2053	1779.1547
4655	1733.2946
2344	1694.9247
3052	1666.6506
4067	1650.9847
1826	1648.6119
4501	1656.5203
2389	1673.1428
2981	1694.1246
4178	1716.9738
1936	1740.1464
4581	1761.0791
2257	1780.9735
3407	1799.0973
4444	1816.7114
1932	1834.9962
4531	1852.0723
2207	1868.1235
2834	1879.9811
3954	1885.7874
1902	1884.3489
4669	1872.9641
2629	1853.1155
2858	1825.3252
3808	1793.0509
1923	1760.5829
4885	1730.4044
2544	1707.3964
3090	1692.1938
4330	1685.2573
2043	1685.451
4510	1687.9841
2207	1690.0968
3244	1686.1991
4366	1673.5782
2053	1651.7119
4658	1620.2083
2502	1584.0825
3061	1547.4353
4066	1516.9764
2067	1499.3936
4963	1497.9327
2814	1516.3868
3128	1552.9222
4661	1604.3344
2303	1665.215
4887	1726.7152
3151	1782.7505
2713	1826.0028
3639	1852.5477
2146	1861.2744
4715	1852.2466
2716	1830.6956
3133	1800.8108
4163	1768.568
2069	1739.6337
4791	1715.9053
2646	1700.2795
3259	1690.9235
4348	1686.1882
1875	1684.0734
4680	1680.8523
2471	1676.8934
3305	1671.307
4203	1666.5605
1765	1666.5049
4814	1673.0316
2688	1690.4103
3385	1718.362
4213	1756.2942
1719	1801.597
4657	1847.5564
2692	1889.8059
3539	1921.4872
4322	1939.1255
1749	1941.8784
4788	1929.7233
2789	1908.4319
3430	1882.8689
4148	1860.214
1756	1847.0824
4781	1845.6188
2738	1858.1111
3276	1881.0212
4326	1909.5404
1925	1937.6746
4891	1957.0842
2749	1964.0609
3251	1954.749
4522	1930.2168
1988	1895.3293
4892	1855.1328
2881	1818.902
3753	1792.5092
4105	1781.6816
1802	1788.931
4883	1811.2118
2946	1845.139
3563	1882.2867
4241	1915.322
2045	1938.0682
5078	1944.8173
3344	1936.3083
3711	1914.0573
4603	1884.2272
2255	1854.8573
4838	1831.9904
2943	1822.8085
3464	1828.7695
4472	1849.4642
2206	1881.0983
5031	1915.2167
2766	1945.3732
3226	1962.9934
4497	1963.4266
2248	1945.7719
4963	1910.8638
2730	1866.1694
3083	1818.7682
4711	1777.97
2195	1752.5212
5033	1746.285
2944	1762.4196
3509	1797.3087
4498	1845.278
1946	1898.4769
4837	1946.3336
2968	1982.2474
3818	1999.4205
4264	1996.6605
1833	1976.7744
5027	1943.8542
3044	1907.5817
3714	1875.6327
4620	1856.4237
1926	1856.3948
5029	1876.1604
3054	1915.589
3929	1968.2499
4679	2027.0481
2046	2083.851
4984	2128.8691
2605	2157.2336
3671	2163.8538
4654	2149.0889
2178	2116.624
5037	2070.6648
2898	2020.1466
3773	1971.32
4344	1931.3384
2084	1905.339
5286	1893.853
3180	1897.9203
3679	1913.23
4643	1935.5365
2214	1960.045
5289	1980.1405
3400	1993.4277
4261	1996.3373
4854	1989.0697
2309	1973.903
5313	1952.396
2981	1930.0891
3413	1909.6887
4696	1895.0653
2361	1889.2024
5416	1891.4214
3029	1902.8046
3162	1920.2654
4908	1941.0686
2403	1962.7057
5403	1980.4089
3809	1993.0569
3916	1997.8893
4796	1994.9725
2203	1985.8937
5478	1971.0233
3138	1954.847
3683	1939.2172
4806	1927.4015
2207	1922.5396
5236	1924.5192
3198	1935.235
3894	1952.5146
4809	1974.8246
2070	2000.0825
5418	2023.5105
3244	2043.8298
3731	2057.4885
4702	2063.7024
2122	2063.2393
5369	2055.8848
3371	2045.9979
3932	2035.7428
5087	2029.223
2257	2030.6007
5413	2040.6349
3623	2061.6797
4166	2091.6692
4916	2128.5015
2154	2168.9746
5289	2206.748
3344	2238.4248
4366	2258.2822
5121	2263.8433
2284	2254.6348
5587	2229.9727
3603	2194.4736
4443	2151.3687
5329	2106.5789
2336	2066.4692
5578	2034.1873
3506	2014.7224
3954	2008.1624
5163	2014.1501
2719	2030.5558
5612	2051.8228
3505	2075.004
4238	2094.3538
5561	2106.7966
2833	2111.2
5231	2106.0881
3571	2094.566
4140	2078.3816
5597	2061.4216
2920	2048.158
5611	2040.095
3723	2040.4415
4245	2048.0984
5595	2062.2483
2436	2081.577
5638	2101.6458
3627	2121.3926
3931	2137.4822
5278	2148.9692
2239	2156.2422
5526	2158.0996
3839	2157.0957
4540	2153.036
5315	2147.1812
2316	2140.6763
5621	2131.8494
3863	2122.0142
4318	2109.8367
5154	2096.2085
2296	2083.3972
5506	2072.0369
3473	2066.9304
4195	2070.2063
5314	2084.8984
2287	2113.6377
5409	2154.558
3606	2206.3894
4531	2262.9468
4948	2318.187
2181	2365.5796
5617	2396.8096
3639	2408.6418
4229	2397.7825
5204	2366.0383
2286	2318.9844
5573	2262.4873
3780	2207.2778
4166	2161.167
5153	2132.041
2403	2125.172
5531	2139.961
3461	2175.352
4328	2223.9055
5484	2277.9568
2599	2329.5962
5733	2369.5544
3853	2394.0408
4334	2399.2986
5979	2386.2478
3014	2359.1672
5717	2322.002
3926	2282.579
4674	2245.2659
5590	2214.7925
2911	2194.2332
5861	2182.5186
4066	2180.0322
4519	2183.2097
5531	2189.8823
2752	2198.7393
5956	2207.0103
3926	2216.298
4491	2225.9832
5411	2237.5845
2641	2252.876
5834	2270.5793
3886	2291.9521
4454	2314.3347
5594	2336.1042
2567	2355.8242
5650	2370.3525
4176	2380.439
4862	2385.1406
5118	2386.5422
2419	2387.7004
6005	2389.8457
4423	2397.1106
5104	2409.8254
5486	2428.699
2443	2453.3025
5793	2479.4636
3760	2505.497
4473	2526.593
5227	2540.1946
1866	2545.484
4981	2540.8376
3518	2529.5789
4576	2513.635
5739	2497.6812
2543	2487.0642
5888	2483.845
4241	2492.0112
4704	2510.862
5239	2539.3372
2353	2574.8862
5918	2610.9268
3892	2643.9749
4826	2667.6985
5669	2678.757
2514	2675.9727
5570	2657.858
3863	2628.3274
4776	2590.0476
5793	2548.536
2654	2509.9607
5745	2477.768
4122	2457.2476
4836	2448.843
5663	2452.7305
2799	2467.4448
5973	2487.6614
4189	2510.5408
5243	2529.941
5906	2542.3315
2786	2545.6665
5896	2537.3025
4103	2519.6406
5009	2493.487
6098	2462.6528
2828	2431.6777
6036	2402.5525
3866	2379.9753
4261	2364.49
5851	2356.9055
2728	2357.3472
5769	2362.7617
3939	2372.6924
5293	2383.349
6396	2393.1663
2909	2401.5952
6124	2406.079
4486	2407.9846
5218	2406.184
5838	2401.7324
2719	2396.1907
5953	2389.1267
3943	2383.6692
4834	2379.9956
5841	2380.4194
2544	2387.878
5964	2402.5508
4409	2427.6375
5280	2462.521
5803	2507.3752
2509	2561.4387
6059	2619.5652
4195	2679.1172
5158	2733.68
5841	2778.6294
2631	2810.8906
6106	2826.4553
4524	2826.9468
5431	2813.0713
6058	2789.5156
2734	2762.4492
5869	2735.6252
4400	2715.1506
5124	2702.236
5809	2697.454
2646	2699.2612
6118	2701.8281
4323	2702.1338
5084	2694.473
6511	2676.7612
2946	2650.3818
6204	2617.059
4671	2584.5103
5516	2558.7876
6049	2547.6484
2986	2557.1423
6131	2587.3
4764	2637.0728
5063	2698.039
6211	2759.6865
3104	2810.378
5908	2836.7432
4218	2831.634
5026	2789.79
5947	2713.86
2784	2612.854
5975	2498.348
4525	2387.9692
5373	2296.1375
5864	2236.3337
2663	2217.051
6048	2237.8198
4383	2295.1033
5296	2376.595
6041	2468.5579
2621	2557.1147
5983	2627.8044
4207	2673.8958
5409	2691.0095
6183	2682.2957
2568	2655.8306
6275	2619.495
4798	2585.1377
5509	2560.057
6236	2549.7295
2641	2556.2986
6336	2575.369
4731	2603.6946
5632	2634.142
6069	2662.1548
2596	2685.7065
6243	2702.6519
4139	2717.3186
5081	2732.0876
5938	2751.3628
2548	2778.7288
6304	2812.2817
4706	2850.8796
5611	2887.3867
6269	2914.932
2641	2927.2544
6350	2917.408
4767	2885.6833
6002	2833.4314
6274	2768.3806
2684	2701.889
6334	2644.0366
4594	2607.657
5715	2599.106
6343	2621.9558
2852	2674.5637
6403	2747.3525
4583	2830.6304
5284	2909.7485
6287	2972.508
3039	3010.1055
6569	3016.057
4829	2992.7056
5987	2944.0247
6538	2879.7783
3021	2811.9053
6523	2749.3435
4793	2702.457
5856	2674.7812
6760	2667.6924
3040	2679.6099
6302	2703.6252
4912	2735.1118
6012	2766.6238
6616	2794.1897
2956	2816.287
6383	2830.8652
5036	2841.08
6119	2847.7625
6792	2853.4504
2941	2860.4314
6594	2866.6296
4689	2872.6802
5719	2875.3281
6604	2873.1301
2831	2866.073
6541	2852.8945
5087	2837.6284
5976	2822.7935
6482	2813.5112
2824	2815.2705
6727	2829.521
5321	2859.269
6221	2901.7122
6741	2953.3027
2836	3008.8286
6612	3059.0723
5127	3098.5322
6018	3119.8662
6512	3120.0286
2799	3099.4463
6755	3058.7727
5263	3005.1592
6276	2944.3545
6872	2884.4565
2891	2833.4402
6754	2794.9155
5309	2773.5112
6518	2767.7334
7318	2775.396
3062	2792.9387
6853	2812.928
5288	2831.5815
6613	2842.6597
6976	2843.868
2906	2835.5042
6720	2817.322
5231	2794.8945
6129	2771.8662
7100	2753.9922
3013	2747.207
7196	2753.0168
5650	2774.9478
6715	2810.7102
7085	2857.556
3070	2911.2312
7013	2963.369
5649	3008.8982
6621	3040.0378
7148	3052.6665
3079	3045.3762
7144	3016.617
5906	2971.4204
6956	2914.0251
7657	2852.136
3296	2794.754
7162	2747.4702
5573	2718.3406
6839	2709.8477
7519	2723.5986
3136	2758.9895
7283	2809.806
5655	2871.769
6904	2936.1868
7635	2996.2646
3153	3046.6016
7083	3080.5383
5779	3097.3796
6637	3095.6624
7388	3077.9902
3256	3049.4446
7313	3013.3618
5976	2977.5828
6709	2946.4492
7424	2925.2078
3273	2918.3235
7353	2925.0889
5690	2946.9304
6519	2980.183
7481	3021.511
3056	3067.2263
7404	3110.2317
6030	3148.028
7229	3175.7344
7711	3191.897
3158	3197.4165
7489	3191.8503
6072	3180.13
7374	3164.6633
7819	3150.189
3284	3141.3708
7470	3138.5327
6099	3144.395
7059	3156.4731
7786	3172.4485
3398	3189.4558
7398	3201.2942
6223	3206.03
7401	3199.5845
8197	3181.7876
3676	3155.2236
7864	3121.513
6535	3087.743
7661	3058.2793
7709	3039.1514
3538	3035.2795
7686	3046.46
6271	3073.6587
7419	3111.813
7872	3155.5432
3359	3198.9116
7467	3232.9802
6367	3253.9556
7524	3257.109
7821	3242.8154
3158	3215.27
7506	3177.996
6306	3140.5881
7570	3109.7139
7816	3093.0823
2978	3096.7288
7536	3120.3936
6171	3164.2886
7694	3221.9797
8040	3286.4917
3111	3350.53
7599	3403.534
6235	3440.6812
7691	3456.6057
7865	3451.2778
3204	3428.4897
7743	3391.587
6634	3349.7212
8019	3309.2349
8153	3277.6416
3147	3261.1067
7702	3259.9714
6680	3275.7295
7809	3304.0293
7998	3340.7068
3282	3381.2952
7748	3418.425
6757	3449.9683
8183	3472.2263
8349	3485.769
3446	3493.459
7989	3496.3164
6819	3500.2021
7851	3507.1755
8100	3520.1973
3444	3541.2803
7789	3567.4258
6461	3598.1624
7546	3628.2676
8390	3653.964
3732	3672.4988
8091	3679.0806
6935	3674.5742
7959	3658.1843
8652	3632.9783
3977	3603.9636
8031	3573.7021
7189	3548.6091
7984	3530.9456
8921	3523.2004
3951	3526.818
7813	3538.1023
6611	3555.7112
8019	3573.687
8661	3587.9429
3876	3595.5676
7748	3592.224
6616	3579.4436
7712	3557.498
8514	3530.6118
3668	3505.0586
7923	3484.483
6636	3476.1353
7268	3482.3804
8151	3505.095
3568	3544.3203
7726	3594.261
6790	3651.008
7654	3706.2861
8021	3753.7861
3426	3788.844
7720	3806.0017
6384	3806.7122
7295	3791.9675
7684	3767.351
3131	3740.7195
7680	3717.3284
6316	3706.0474
7549	3710.3904
7703	3733.1277
3048	3774.3672
7489	3828.1328
6356	3890.2139
7912	3951.5088
7658	4004.976
2838	4044.9949
7323	4064.8838
6045	4064.9492
7748	4044.5723
7896	4008.1028
2923	3962.1748
7503	3911.0205
6429	3863.0728
7531	3822.1494
7656	3792.2864
2997	3775.8218
7455	3769.7937
5999	3773.6294
7470	3781.74
7983	3790.26
3183	3796.3792
7547	3795.2378
6264	3787.8625
7742	3773.3472
7890	3754.6506
3263	3736.428
7634	3720.8196
6553	3713.8784
7381	3717.1113
7436	3732.453
3024	3760.2764
7410	3795.9878
6109	3837.6643
7486	3878.718
7993	3914.6577
3229	3942.492
7638	3957.7
6404	3962.4553
7928	3957.3765
7998	3947.3452
3148	3938.67
7348	3934.7664
5962	3942.2075
6824	3961.812
7398	3993.5745
2985	4035.325
7411	4079.2957
6409	4120.7397
7868	4151.064
7740	4165.4478
3072	4161.9585
7603	4139.0034
6407	4102.768
7487	4058.6501
7648	4015.891
3180	3984.4512
7308	3969.9524
6127	3979.4639
7522	4012.6494
8171	4067.3699
3448	4138.812
7666	4216.6675
6248	4294.211
7220	4361.535
7736	4412.6934
3132	4444.9644
7700	4455.419
6274	4448.3843
6931	4426.2114
7432	4394.164
3152	4357.8604
7556	4318.957
6095	4282.3237
6879	4247.667
7694	4215.418
3364	4186.203
7620	4157.446
6101	4131.2524
7059	4106.343
8028	4083.599
3329	4064.8242
7714	4048.1094
6378	4035.2976
7989	4023.4468
8332	4011.3035
3210	3997.9617
7507	3979.2444
6354	3956.257
7561	3927.2349
7680	3893.8218
2698	3859.1438
7454	3823.568
6408	3792.0493
7853	3764.8667
7459	3743.7244
2856	3729.313
7604	3718.2588
6541	3711.1863
7667	3704.8035
7641	3698.526
2763	3693.1436
7388	3687.0142
6193	3683.6538
7972	3682.6516
7828	3685.4182
2708	3692.781
7327	3700.9395
6472	3709.63
7811	3714.2122
7748	3712.6228
2836	3704.4033
7563	3687.9355
6226	3668.206
7216	3648.1895
7573	3633.9702
2968	3631.9153
7592	3643.621
6186	3672.4827
7083	3714.5742
7571	3764.5493
3215	3815.192
7696	3855.3992
6243	3879.6465
7074	3881.2524
7736	3859.6575
3333	3819.5398
7697	3766.741
6526	3714.2878
7950	3671.5837
8358	3648.534
3456	3651.5813
8066	3678.788
7046	3727.4397
7988	3786.2202
8183	3843.348
3686	3887.2065
8071	3905.7283
7021	3895.8232
7523	3856.2744
8188	3793.4072
3358	3718.76
7403	3643.2793
6601	3582.1494
7292	3544.04
8310	3534.7903
4086	3555.4863
8247	3599.0417
6708	3658.818
7308	3722.1992
8323	3778.643
4067	3820.655
8087	3841.764
6525	3844.397
7492	3830.8032
8409	3807.9678
4234	3784.568
8099	3765.64
6684	3758.2092
7439	3762.132
8353	3775.7786
4294	3795.3872
8518	3812.4998
6985	3823.095
7785	3820.3928
9189	3801.6838
4535	3768.189
9190	3720.6099
7950	3666.6536
8724	3611.642
10002	3562.7253
4729	3527.643
9826	3508.6204
8864	3510.71
9859	3532.7405
10981	3573.0718
5155	3629.2373
10114	3693.6267
9515	3762.5754
11355	3828.3245
12053	3885.5269
6083	3930.6987
11799	3957.6077
11068	3966.8445
12598	3956.7722
13675	3929.589
6489	3890.764
13313	3842.0483
13310	3791.2212
15172	3742.0527
15629	3699.509
6956	3668.8042
14339	3648.0256
14786	3638.938
17941	3637.436
17739	3641.1724
5736	3649.4666
10585	3656.2205
14424	3660.4019
20281	3658.6008
24508	3650.9956
9053	3642.791
12126	3632.8853
8423	3625.879
25579	3616.9297
48956	3602.6365
17023	3592.2034
14281	3581.4324
-116	3574.1487
25744	3559.991
67500	3530.9482
23908	3501.4504
7421	3471.2842
-99659	3468.4417
24910	3451.0117
550923	3432.4336
316268	3340.0796
-215203	3206.2979
-2670489	3040.4626
-3473886	2857.844
-1078593	2681.3264
149329	2574.9153
-308635	2649.6697
-3476200	2860.8806
-5477897	3185.9446
-3051146	3576.7524
-262702	3954.954
-269342	4255.6187
-2681505	4421.2705
-3617742	4420.649
-1516316	4262.484
-66330	3946.1306
-323722	3638.5105
-3454256	3413.0725
-5254890	3360.4634
-2623973	3536.6958
-172147	3904.5903
-300934	4449.3228
-3238096	5044.202
-4842414	5545.5522
-2386731	5817.2275
-152027	5730.909
-288369	5321.5356
-3293950	4656.2324
-5022436	3899.9683
-2609844	3270.4683
-186943	2959.5337
-277882	3157.2437
-3349062	3903.5923
-5097682	5108.7134
-2693958	6552.2837
-207454	7906.691
-280201	8869.959
-3294153	9178.565
-5108954	8721.167
-2803111	7581.8394
-231511	6026.845
-270165	4492.294
-2877456	3445.7173
-3557619	3285.1401
-945797	4225.211
84678	6132.2524
-298693	8815.975
-3150489	11698.968
-4481614	14145.991
-1888079	15580.428
-94201	15591.065
-263299	14213.511
-2601286	11779.515
-2948352	8956.931
-572022	6663.4893
-4409	5673.808
-243628	6462.0493
-2320346	9194.941
-2235547	13505.256
-244701	18584.56
81	23291.166
-255799	26617.887
-2473457	27717.436
-2604479	26282.8
-399006	22685.271
-698	17762.62
-263383	12996.97
-2551709	9845.28
-2715052	9522.779
-416474	12670.382
3052	18942.156
-258523	27368.637
-2531114	36191.945
-2796542	43411.406
-535202	47313.055
1816	46781.33
-284746	41711.152
-2932233	33244.773
-3957452	23487.842
-1479514	15109.611
-59986	10666.433
-340041	12138.177
-3561189	20107.059
-5319496	33612.227
-2643618	50186.848
-174558	66260.27
-343886	78052.47
-3890402	82312.914
-5995758	77281.17
-3226884	63291.27
-247310	42947.72
-331686	20901.646
-3999432	2971.6877
-6152199	-4954.1406
-3287775	1797.4583
-235728	25507.947
-288017	65367.33
-4125500	117201.57
-6451407	173951.23
-3570376	226718.23
-279914	266233.2
-300717	284490.34
-4275317	276205.38
-6777658	239846.2
-3846818	178013.89
-297626	97084.09
-290603	6181.1553
-4318335	-84325.17
-6799532	-164535.31
-3752841	-226602.67
-256774	-265921.72
-280279	-281664.72
-4190611	-276670.72
-6366914	-256656.23
-3172286	-228967.38
-152913	-201157.39
-279910	-179503.6
-4058486	-168097.27
-5965248	-168251.44
-2702689	-178564.45
-83868	-195550.38
-321440	-214417.64
-4053641	-230408.3
-5895991	-239705.17
-2646677	-240206.83
-103197	-231918.83
-345042	-216646.67
-4135341	-197721.03
-6126185	-179087.08
-2987611	-164461.2
-178935	-156598.94
-383537	-156619.58
-4234171	-164013.06
-6432127	-176702.83
-3380241	-191538.44
-253734	-204992.94
-409569	-213761.33
-4332856	-215534.84
-6616529	-209341.3
-3512272	-195711.39
-269218	-176584.33
-413529	-154818.72
-4285514	-133811.27
-6374701	-116839.23
-3181877	-106541.734
-217067	-104573.734
-414016	-111233.29
-4249647	-125665.47
-6221648	-145942.2
-2994718	-169409.17
-191067	-193144.83
-412284	-214184.03
-4093017	-230107.39
-5736179	-239186.2
-2591410	-240552.38
-150989	-234291.4
-391918	-221149.38
-3833580	-202633.38
-5360606	-180673.64
-2364086	-157424.69
-124584	-135116.6
-388707	-115640.53
-3752754	-100669.27
-5137954	-91397.95
-2172341	-88496.6
-107567	-92144.36
-377359	-101795.51
-3588791	-116503.53
-4635092	-134851.19
-1670752	-155096.22
-54319	-175406.89
-341965	-193782.03
-3331244	-208562.19
-4413248	-218462.36
-1709203	-222761.38
-66119	-221475.1
-359247	-215143.03
-3534781	-205054.86
-4647011	-192935.8
-1787510	-180739.1
-77720	-170438.84
-362652	-163507.5
-3444734	-160969.06
-4535527	-163092.47
-1728911	-169382.42
-68597	-178738.36
-373871	-189405.31
-3538948	-199563.0
-4803453	-207480.89
-2045734	-211837.55
-101526	-212010.11
-387492	-207944.11
-3709745	-200392.92
-5245126	-190627.17
-2432404	-180207.16
-140589	-170767.47
-398338	-163533.8
-3783581	-159339.69
-5246670	-158412.81
-2379480	-160349.08
-132699	-164406.52
-408777	-169334.11
-3959831	-174043.31
-5579817	-177492.2
-2655989	-178952.52
-160509	-178153.86
-401006	-175093.88
-4022481	-170198.8
-5702486	-163956.73
-2781861	-157040.98
-177278	-150128.6
-396106	-143622.95
-4060137	-137873.69
-5794442	-133037.12
-2797737	-129166.97
-165433	-126329.766
-391380	-124438.87
-4146526	-123643.55
-5854109	-123961.25
-2826012	-125482.03
-161432	-128321.2
-324321	-132385.03
-3897654	-137633.69
-5681266	-143838.17
-2935718	-150745.38
-204319	-158125.67
-474795	-165669.33
-4432730	-173325.19
-6490256	-181028.55
-3544636	-188832.83
-294040	-196873.19
-607019	-205103.69
-4616801	-213559.52
-6538689	-222049.03
-3484958	-230261.78
-291500	-237853.88
-621211	-244236.77
-4880981	-249047.77
-7180578	-251982.23
-4142456	-252967.12
-394771	-252230.81
-693856	-250070.03
-5043701	-247089.9
-7179018	-243891.52
-3893967	-241023.56
-357184	-238946.06
-734085	-237619.97
-5071227	-237069.7
-7233115	-236828.45
-4022987	-236391.75
-379019	-235331.94
-645667	-233121.02
-4845024	-229664.19
-6896598	-224994.16
-3806137	-219450.28
-348344	-213680.44
-689787	-208127.2
-4897517	-203373.78
-6745414	-199895.5
-3437999	-197807.47
-235302	-197017.66
-637703	-196856.7
-4694122	-196760.05
-6397109	-195912.75
-3131131	-193669.77
-161036	-189769.88
-597082	-183924.06
-4553454	-176615.86
-6230161	-168409.94
-2980338	-160147.44
-105337	-152864.56
-646606	-147208.8
-4658696	-143824.1
-6504562	-142793.64
-3469407	-143880.11
-301434	-146507.27
-790192	-149758.06
-4985425	-152875.27
-6984782	-155272.33
-3998562	-156566.84
-440042	-156790.94
-919542	-156026.61
-5344636	-154903.64
-7626246	-153951.42
-4608160	-153728.69
-564821	-154704.78
-1104816	-156938.92
-5695026	-160312.19
-7946415	-164362.86
-4687858	-168541.17
-531233	-172318.72
-944984	-175193.4
-5444846	-177101.61
-7520851	-178160.86
-4309086	-178744.39
-476639	-179459.69
-972179	-180583.05
-5596211	-182469.7
-7764091	-185092.75
-4377161	-188133.14
-455608	-191029.31
-802352	-193156.83
-5030772	-193914.84
-6717416	-192967.8
-3353917	-190366.31
-258074	-186575.38
-785909	-182400.98
-4998477	-178800.22
-6628332	-176644.7
-3293429	-176463.47
-243083	-178250.14
-812071	-181375.84
-5032095	-184693.56
-6569454	-186716.47
-3178011	-185974.12
-215955	-181380.3
-691721	-172577.34
-4740464	-160143.73
-6131701	-145537.42
-2741487	-131008.56
-131178	-119208.336
-680661	-112694.81
-4588623	-113553.58
-5839971	-122776.16
-2605269	-140223.23
-132446	-164569.69
-604467	-193530.55
-4441943	-224361.69
-5773657	-254167.83
-2668179	-280594.1
-162778	-302255.8
-651881	-318517.94
-4525696	-330044.3
-5884082	-338085.72
-2789624	-344314.53
-181368	-350461.94
-622026	-357544.56
-4549565	-366192.62
-5872761	-376214.12
-2738206	-386916.12
-149026	-397452.84
-397314	-406774.88
-4047277	-414333.53
-5186416	-419900.78
-2215588	-423701.3
-110638	-426278.6
-534355	-427939.78
-4357142	-428994.0
-5620835	-429154.72
-2552716	-427748.47
-143738	-423936.84
-508461	-416685.97
-4255562	-405677.44
-5352389	-391200.5
-2228843	-374554.34
-96762	-358008.06
-540574	-344043.2
-4340467	-335351.06
-5507313	-333603.7
-2422685	-339056.47
-135842	-350166.53
-606843	-363164.56
-4488246	-373095.53
-5848499	-374140.75
-2888979	-361064.97
-241115	-330492.2
-885092	-281726.47
-4758471	-217715.31
-5921522	-144738.88
-2784472	-71967.64
-201114	-10106.867
-674116	30513.734
-4378099	41316.69
-5421642	17654.006
-2426326	-40411.75
-150039	-127732.28
-600030	-234634.12
-4196294	-348423.28
-5159624	-455100.06
-2267833	-541819.9
-139769	-599011.75
-628359	-621505.5
-3969492	-609946.6
-4729248	-570048.44
-2037006	-511816.88
-121787	-447710.72
-588984	-390473.84
-3826099	-351149.12
-4410234	-337040.8
-1773805	-350900.7
-93758	-390749.9
-590104	-450045.3
-3819256	-519672.53
-4439777	-589115.44
-1811516	-648598.2
-97621	-690743.8
-580238	-711232.8
-3754390	-709885.7
-4322992	-689853.75
-1737290	-657012.1
-92862	-618731.25
-585896	-582006.44
-3674155	-552831.25
-4119364	-534706.6
-1566875	-528512.94
-72441	-532579.4
-580041	-543272.6
-3579233	-556079.9
-3977735	-566416.9
-1513144	-570785.56
-79931	-567376.7
-623524	-556275.44
-3608974	-539419.44
-4020447	-519775.97
-1574714	-500731.1
-86111	-485187.78
-633383	-474838.44
-3630052	-469902.28
-4096167	-468872.97
-1777979	-469087.88
-110542	-467345.34
-571350	-460702.7
-3478227	-447323.34
-3962893	-426824.53
-1661783	-400596.5
-115632	-371636.47
-622030	-343657.78
-3348737	-320542.06
-3558471	-305203.78
-1542280	-299051.44
-151671	-301513.2
-919719	-310070.06
-3991141	-320835.06
-4773358	-329134.47
-2265139	-330736.7
-232144	-322706.06
-1107112	-304097.12
-4398846	-276358.62
-5074180	-242770.44
-2299714	-208032.38
-193959	-177203.89
-877787	-154579.78
-3858792	-142930.08
-4309774	-142680.31
-1880502	-152096.78
-124426	-167691.22
-561895	-184894.83
-2889561	-199613.2
-2664152	-208664.05
-760772	-210805.55
-13458	-207008.27
-498781	-200089.12
-2895779	-193996.52
-2578949	-192529.03
-384065	-198475.69
4086	-212712.14
-703651	-233579.78
-2997958	-257402.36
-3136247	-278857.88
-1298057	-292422.25
-108148	-293586.4
-745048	-280045.06
-3464401	-252648.75
-3699701	-215089.62
-1446106	-173701.27
-91521	-136225.0
-649839	-110249.48
-3241138	-101948.805
-3268357	-114355.375
-1198804	-147053.75
-65245	-196108.67
-522281	-254614.88
-2893789	-314494.3
-2786597	-367562.3
-872758	-407137.03
-16382	-429404.62
-365002	-433844.0
-2649228	-423107.75
-2469647	-402150.53
-639479	-377317.25
-26392	-354698.8
-585434	-338962.62
-2895272	-332654.5
-2429346	-335504.06
-492247	-345099.28
44089	-357480.2
-296804	-368225.28
-2592756	-373546.56
-2481342	-371016.22
-664774	-360005.22
-37843	-341911.28
-744012	-319556.62
-3550167	-296640.25
-3802118	-276686.34
-1607359	-262589.72
-108419	-256034.39
-769891	-257272.14
-3837852	-265564.66
-4172938	-279059.66
-1801503	-295699.34
-142634	-313559.16
-883704	-331131.88
-4127474	-347489.38
-4745794	-362236.44
-2076882	-375231.53
-146729	-386418.28
-886833	-395684.53
-4336848	-402853.34
-4908986	-407810.78
-1989999	-410696.72
-150839	-412094.78
-1036414	-413062.75
-4918689	-415098.9
-5188074	-419719.3
-2034611	-427985.56
-173824	-439945.53
-1082095	-454185.16
-4588781	-467679.75
-4560854	-476053.2
-1741826	-474155.9
-183292	-457074.1
-1128551	-421260.78
-4373746	-365613.38
-4209170	-292159.38
-1525314	-206095.42
-131043	-115494.08
-803734	-29954.736
-3304527	40980.477
-3350250	89562.39
-1159046	111339.95
-97709	106341.28
-755046	79021.92
-3391904	37540.344
-3144541	-7503.6865
-1040604	-45443.5
-85600	-67798.88
-662742	-70031.31
-3007990	-52699.23
-2819515	-21204.172
-907953	14964.444
-65933	44130.96
-572026	55000.38
-2556410	39107.03
-2441185	-6916.349
-812972	-80417.73
-51726	-172920.7
-499492	-271382.72
-2385145	-360512.34
-2229617	-425377.3
-704527	-454433.72
-15152	-441739.84
-207852	-388081.84
-1242620	-300777.34
-340028	-192072.53
462221	-77113.85
41861	28945.879
-478225	113944.016
-2336440	170367.36
-2130578	196834.84
-675012	197463.3
-64161	180566.84
-602316	156378.44
-2575694	134279.5
-2137322	120917.97
-523682	118385.234
-57417	123496.04
-626454	129075.86
-2554527	125319.12
-2183432	102481.86
-704647	53301.9
-65319	-24954.396
-501107	-129262.53
-1781052	-251230.97
