EEG_CH1_RAW	EEG_CH1_BP_0p5_20
26104	-6.335728
62717	-24.86422
61652	-50.41713
29281	-73.04196
9624	-88.28615
17124	-97.15888
43922	-103.9056
63956	-110.923134
26526	-108.81259
1328	-98.28814
7311	-87.09318
33721	-85.228065
51656	-98.08451
18948	-117.766365
1277	-142.61559
10247	-173.12296
37929	-209.85878
44920	-245.78503
12278	-266.90445
86	-270.27286
11034	-259.75894
50906	-248.07497
72811	-243.88882
28929	-242.95274
2587	-250.97679
14873	-278.0414
71880	-336.91852
76163	-417.80966
16371	-495.92505
29616	-567.7932
106854	-637.9242
125481	-693.4656
89586	-720.1738
21124	-708.1135
13031	-672.5764
59255	-641.89514
96123	-639.4206
73187	-672.56836
17513	-739.3751
13088	-843.116
62432	-984.174
106019	-1147.7694
80416	-1298.6354
19226	-1401.1802
14321	-1444.6975
67328	-1439.7745
115909	-1405.3055
93281	-1356.2515
25510	-1310.8186
15744	-1305.2422
69968	-1377.0137
118278	-1540.9154
91991	-1775.3297
31941	-2039.4307
25883	-2296.026
72423	-2512.3977
110319	-2657.2234
94451	-2705.4724
26913	-2649.1296
12879	-2523.371
62559	-2393.0383
106812	-2323.9968
88099	-2361.214
24258	-2523.8735
13836	-2817.1409
64206	-3221.0305
107123	-3678.703
84089	-4101.9194
18626	-4400.685
5803	-4523.9624
37431	-4464.879
68054	-4259.295
46253	-3974.494
5943	-3707.5168
5176	-3571.9326
41274	-3663.9219
73102	-4027.7012
45885	-4630.209
10059	-5377.2954
5729	-6133.3286
35821	-6748.066
72607	-7088.272
44584	-7061.271
5834	-6664.2686
1449	-6000.813
18919	-5261.884
61419	-4693.312
38653	-4519.9023
2348	-4906.422
3551	-5909.215
32113	-7432.781
62673	-9218.41
31578	-10859.105
4099	-11882.775
8868	-11836.63
59780	-10380.348
105341	-7353.538
72408	-2815.8416
15444	2920.8123
6989	9314.802
35161	15681.739
52170	21311.617
44968	25585.13
10886	28079.338
7133	28626.23
44118	27340.986
70242	24607.336
46984	21005.906
8228	17193.412
3948	13773.991
34408	11196.92
72320	9690.998
47559	9256.176
9154	9674.234
5073	10576.85
34734	11552.626
73809	12260.062
47432	12532.151
5806	12406.304
6073	12115.203
36018	12044.279
44380	12652.406
17734	14360.226
-11	17432.834
-27	21904.277
7748	27547.855
25687	33894.965
17771	40315.133
204	46115.26
8334	50654.43
39559	53460.2
46064	54320.605
51849	53307.26
30519	50765.977
4931	47241.957
36239	43367.895
102783	39763.785
89026	36961.246
27868	35310.06
2279	34927.93
23821	35714.383
91160	37397.453
83950	39633.215
16924	42067.566
9873	44376.78
79141	46321.336
164938	47778.965
141236	48760.016
48736	49354.117
15111	49663.055
59801	49769.098
76563	49735.23
51716	49588.57
20085	49319.953
16116	48900.44
76643	48300.22
138171	47527.574
105992	46652.355
18214	45777.586
14826	44984.26
77969	44316.47
146021	43762.887
145538	43250.46
57044	42644.22
16319	41736.312
71816	40291.535
129836	38129.38
117861	35186.137
38048	31546.906
12709	27428.426
64664	23164.623
118999	19173.645
108721	15890.519
34764	13675.974
10079	12713.162
53053	12964.865
97581	14180.766
82233	15940.57
22267	17719.896
9735	18971.764
59853	19241.45
122505	18274.229
89518	16096.224
13552	13000.807
2206	9484.043
20414	6173.2036
50818	3706.2876
29394	2620.3225
2545	3227.3315
3628	5546.146
30506	9295.861
65680	13947.282
48975	18831.781
7931	23253.285
5342	26603.705
41179	28474.63
83333	28727.254
68706	27512.855
18230	25215.096
7928	22344.83
49753	19433.484
99369	16939.736
86437	15173.211
23234	14244.289
7563	14062.089
47418	14395.587
85300	14956.602
61043	15489.606
9921	15825.937
3896	15906.323
30696	15803.879
55037	15670.895
24823	15672.782
3093	15893.205
-573	16283.878
2386	16663.336
11348	16724.988
4653	16106.834
-790	14480.148
9478	11658.42
60598	7686.06
61487	2887.7542
20938	-2162.5872
5049	-6742.9683
-609	-10095.523
-574	-11558.533
1115	-10725.294
1098	-7545.508
-1077	-2367.646
-456	4129.038
3342	11071.039
7366	17526.396
6301	22679.994
1703	26023.578
3127	27455.16
26968	27298.654
57501	26217.232
37185	25077.295
5551	24753.47
4038	25940.96
34722	29000.57
65898	33857.613
33106	40011.24
775	46614.25
3781	52656.133
31148	57173.938
71807	59431.812
73118	59081.836
22451	56247.438
5058	51503.297
35614	45778.48
68011	40172.64
50564	35753.918
8971	33365.17
3237	33487.18
24234	36172.934
61856	41038.793
56209	47361.535
12878	54225.293
6432	60681.19
35799	65921.54
54563	69384.945
42718	70809.664
10334	70242.12
2939	67989.11
24813	64538.11
58519	60437.062
58958	56202.29
18095	52258.01
5802	48897.082
41419	46279.977
85513	44438.465
87321	43309.83
26463	42772.152
7984	42653.88
49981	42749.703
99312	42826.605
97038	42636.883
33689	41933.293
9141	40487.21
51607	38119.3
102111	34748.523
94918	30436.977
27888	25404.432
7754	20019.863
50321	14762.209
101541	10157.07
92439	6708.9023
26776	4797.7134
9061	4611.0566
62001	6103.312
130798	9001.908
136602	12870.034
52386	17187.797
13162	21437.791
66161	25187.303
131223	28174.146
129718	30335.793
42609	31790.17
8413	32759.182
49323	33481.152
104435	34115.81
98949	34685.195
28555	35049.754
7802	34906.12
50027	33872.41
94768	31595.646
85221	27864.95
22004	22707.76
4756	16425.63
38123	9585.031
87210	2935.846
77199	-2704.9807
17873	-6618.817
3854	-8334.376
33439	-7735.1597
77984	-5109.237
64558	-1101.633
12055	3381.1218
2495	7339.973
25877	9874.026
65063	10340.666
49339	8492.995
5763	4526.345
1471	-962.9714
21123	-7090.3545
61723	-12854.407
47574	-17302.63
5449	-19720.145
1289	-19753.045
21398	-17447.594
61948	-13229.698
45564	-7790.8027
4664	-1943.6333
901	3517.3542
18086	7975.8823
55453	11089.299
39015	12825.627
1859	13412.351
209	13274.739
13670	12931.077
49144	12848.791
34544	13361.336
966	14581.832
-20	16413.709
13531	18605.621
52203	20792.21
38454	22595.49
1740	23697.38
33	23925.47
13508	23293.38
50069	21956.975
35119	20175.73
1000	18259.523
-593	16499.02
7753	15114.536
39700	14212.287
24403	13783.668
-381	13716.122
-1146	13856.205
557	14071.91
9638	14258.904
4544	14377.664
-1149	14467.462
-1195	14650.288
2306	15119.774
26814	16067.159
17868	17632.836
-591	19874.535
-189	22758.28
11588	26169.758
46684	29896.496
32393	33663.164
526	37165.824
-707	40120.035
5245	42318.574
31058	43628.99
19744	44016.625
-574	43547.4
-1197	42393.15
447	40825.645
14032	39163.816
10644	37739.992
-847	36858.164
-87	36782.223
8836	37702.02
37041	39673.082
24201	42625.613
-352	46349.95
-32	50529.47
14263	54772.777
35938	58653.164
19216	61772.582
-388	63799.47
-767	64527.91
4878	63908.926
41571	62032.97
54415	59127.004
13331	55520.52
4911	51587.535
44010	47698.383
101206	44159.06
100266	41182.86
35100	38869.2
8177	37197.723
46148	36058.37
95868	35277.453
88406	34661.2
27040	34034.277
5183	33263.43
36524	32276.635
84751	31053.943
73980	29631.107
14473	28073.875
-152	26454.89
1046	24837.908
7803	23262.523
17340	21745.496
7381	20290.549
-84	18898.824
4941	17577.666
28046	16347.769
13621	15243.295
-214	14313.645
-1175	13616.702
-997	13189.5625
-997	13036.756
-1203	13122.76
-1201	13372.52
-1193	13681.232
-1345	13931.474
-4697	14013.343
-3979	13842.792
-1269	13379.164
-1205	12635.622
-1211	11676.939
-1827	10608.224
-1944	9550.93
-1212	8618.481
-1197	7913.1743
-1213	7503.924
-1289	7408.5845
-1353	7591.8203
-1191	7975.3354
-1196	8474.947
-1071	9004.753
344	9482.228
1183	9840.971
-1131	10031.85
1254	10028.093
22671	9825.581
75668	9412.058
89265	8770.647
34874	7883.4336
14436	6723.018
84638	5259.601
158646	3487.914
184935	1449.9845
104538	-745.0517
32532	-2936.3079
81823	-4930.1133
160150	-6507.0317
193291	-7450.483
114038	-7566.0586
40653	-6749.534
89054	-5031.2812
169427	-2568.2302
195620	372.0919
108393	3447.192
33809	6260.9287
80911	8418.191
156102	9605.217
177150	9645.335
97722	8542.419
30858	6466.2896
78959	3731.9246
158265	756.24097
170990	-2004.591
73863	-4122.3223
17617	-5295.0083
72829	-5388.7153
108961	-4443.567
61238	-2672.7607
38711	-443.69778
22000	1821.4215
24080	3730.3364
2850	4985.08
586	5419.078
-956	5045.3525
-1203	4069.7212
-1202	2865.6985
-1204	1889.8257
-1211	1594.4187
-1199	2354.833
-1202	4418.4297
-1185	7880.812
-1198	12644.192
-1217	18415.768
-1198	24763.176
-1201	31190.992
-1204	37224.4
-1196	42437.28
-1194	46485.977
-1186	49141.97
-1173	50312.324
706	50037.387
11504	48436.06
9449	45673.08
-730	41937.113
-987	37430.16
2397	32370.064
21129	26961.047
18378	21403.512
-210	15893.519
-764	10633.058
6308	5834.4404
33478	1676.3494
28830	-1705.3411
818	-4247.5864
-539	-5969.459
9628	-6966.7573
38497	-7428.7866
31977	-7598.8916
1164	-7748.42
-627	-8124.155
8449	-8894.809
35999	-10138.848
29491	-11809.281
798	-13753.6045
-662	-15731.347
7946	-17451.771
34706	-18653.246
27652	-19143.139
534	-18859.357
-697	-17882.016
7668	-16422.652
35700	-14811.633
30506	-13420.173
953	-12600.43
-642	-12599.15
8328	-13486.395
31566	-15135.788
27405	-17203.057
866	-19173.799
-874	-20420.97
5983	-20289.594
34843	-18216.379
31512	-13800.231
1201	-6887.3804
-765	2405.0833
7101	13706.391
31724	26419.652
26848	39819.117
1918	53129.523
974	65633.73
17719	76757.266
48949	86106.56
43718	93509.22
3899	98984.336
-185	102706.07
14631	104951.76
48641	106028.94
45971	106243.65
4938	105857.9
171	105064.6
16947	104000.86
50973	102762.43
47173	101440.3
4893	100119.07
-150	98876.34
14701	97777.625
47729	96841.38
43615	96026.66
3584	95192.125
-713	94090.375
9753	92390.27
40002	89696.82
38787	85631.71
3007	79892.37
-552	72321.98
11077	62970.85
40190	52109.492
39436	40233.562
3251	28005.098
-369	16161.035
13674	5423.3467
48331	-3610.2927
46739	-10533.113
4522	-15193.988
-103	-17708.86
16014	-18419.07
50927	-17833.947
49684	-16523.057
6012	-15026.688
-25	-13777.826
15923	-13040.937
50232	-12900.401
48561	-13257.75
5194	-13894.296
-257	-14546.728
14354	-14947.914
47894	-14906.491
46781	-14335.289
4432	-13263.684
-378	-11822.242
13971	-10181.4375
47853	-8529.686
47393	-7026.2563
4751	-5765.843
-447	-4768.3916
13348	-3965.2966
46590	-3247.5881
45816	-2492.9578
4132	-1603.0898
-471	-531.9841
12895	719.0729
44935	2074.579
44543	3420.9768
3990	4633.589
-709	5586.369
10313	6198.553
40944	6442.9287
41476	6360.1655
3433	6038.4756
-763	5592.413
8934	5141.6724
38290	4778.918
39452	4567.9136
3071	4534.2627
-847	4651.065
8100	4863.0854
36431	5099.9033
37331	5305.6963
2679	5451.7705
-795	5524.107
8915	5533.0156
38442	5502.1875
40106	5468.291
3174	5466.704
-873	5503.8735
7424	5566.3574
34600	5620.9497
36480	5635.9673
2523	5592.451
-958	5479.426
4846	5314.1353
28874	5139.062
31794	5026.97
1784	5066.98
-956	5332.3403
5004	5875.447
28894	6709.479
32114	7810.7954
1868	9109.728
-1006	10497.975
4209	11872.405
27556	13130.579
31274	14177.851
1721	14957.547
-1046	15446.853
3014	15689.894
24526	15765.43
29399	15744.498
1545	15689.58
-1057	15634.279
2753	15611.0
23518	15625.774
29220	15635.543
1578	15574.911
-1054	15369.686
2796	14989.032
23764	14433.333
28949	13715.074
1528	12875.49
-1069	11977.063
2489	11123.69
22768	10423.57
28789	9950.529
1623	9745.3
-1076	9811.499
2341	10150.183
22546	10730.159
29328	11475.454
1771	12304.206
-1074	13150.729
2159	13956.252
21435	14675.667
28590	15279.6455
1708	15770.108
-1088	16147.296
2059	16419.506
21392	16593.082
28734	16677.475
1758	16686.709
-1078	16623.576
1979	16492.225
21483	16295.778
29265	16046.688
1864	15770.424
-1099	15487.767
1826	15222.905
20171	14995.135
28021	14822.318
1714	14720.909
-1129	14687.579
1353	14709.52
18864	14761.963
26813	14819.312
1543	14858.993
-1139	14855.662
1268	14795.4795
18604	14668.455
26309	14478.982
1551	14240.78
-1144	13967.728
910	13681.839
17049	13395.617
25321	13119.783
1451	12857.194
-1151	12600.7705
676	12347.818
16524	12084.682
25071	11801.725
1436	11493.794
-1159	11161.43
763	10824.151
16581	10500.249
25688	10215.879
1615	9998.159
-1152	9867.839
728	9845.874
16414	9930.955
25840	10108.629
1690	10348.998
-1156	10607.311
858	10840.043
16541	10994.533
26192	11027.842
1791	10910.917
-1139	10630.779
834	10205.66
16787	9664.967
27241	9055.712
2068	8436.193
-1156	7860.7793
818	7384.942
16150	7040.373
26514	6841.546
1919	6781.1646
-1165	6828.856
601	6950.5635
15966	7095.907
25688	7217.6704
1831	7277.9824
-1177	7249.8623
559	7131.8687
15192	6932.3813
25755	6673.4404
1923	6386.999
-1171	6104.2188
503	5865.3647
14955	5691.661
25745	5592.0
1906	5562.828
-1157	5586.26
523	5651.1904
14887	5733.8125
25699	5810.8115
1964	5864.766
-1179	5882.752
389	5874.2515
14390	5845.551
25683	5806.623
2051	5769.4
-1171	5741.1787
311	5738.529
14214	5762.031
25576	5806.7856
2037	5863.7437
-1179	5916.7637
211	5962.16
13636	5989.065
25329	5990.504
2084	5966.14
-1181	5916.213
141	5858.214
13248	5803.1377
24786	5761.8457
1993	5743.234
-1168	5748.762
-127	5789.4595
12146	5860.746
23435	5951.2983
1795	6046.247
-1196	6125.6636
-211	6185.339
11693	6214.023
23098	6202.774
1796	6148.393
-1172	6050.064
-271	5926.8086
11181	5790.955
22585	5654.259
1734	5527.6895
-1181	5415.8535
-425	5333.8467
10158	5281.821
21410	5253.3057
1614	5237.8364
-1161	5219.5796
-511	5197.649
9544	5163.2847
20197	5109.4556
1429	5033.0347
-1194	4932.702
-667	4825.7246
8958	4722.232
19577	4631.354
1380	4560.744
-1191	4512.345
-672	4498.4893
8766	4517.5903
19703	4562.816
1456	4624.211
-1192	4687.052
-728	4750.651
8616	4806.907
19437	4849.913
1389	4877.224
-1203	4886.2383
-777	4890.534
8163	4896.4087
18461	4909.783
1215	4935.132
-1195	4971.339
-811	5027.1084
8035	5099.551
18736	5182.3853
1298	5267.2246
-1187	5341.237
-854	5405.575
7784	5453.6763
18266	5480.379
1233	5483.0903
-1189	5457.939
-854	5416.075
7524	5361.6313
18207	5299.5127
1307	5235.444
-1197	5170.077
-917	5114.688
7319	5071.234
18216	5039.9927
1343	5020.67
-1194	5007.062
-892	5003.9746
7324	5007.8345
18520	5015.0557
1468	5023.5205
-1179	5026.7676
-965	5030.8755
7011	5034.7354
18218	5037.904
1418	5041.733
-1182	5041.9907
-982	5045.619
6730	5051.5747
17824	5058.3003
1344	5065.437
-1206	5066.391
-1011	5066.196
6717	5062.829
18236	5054.9487
1534	5043.8774
-1182	5026.009
-1022	5009.69
6458	4996.0815
18149	4985.836
1554	4980.7725
-1197	4975.1934
-984	4973.324
6690	4970.7188
18656	4961.925
1693	4943.652
-1196	4906.6914
-982	4855.0874
6600	4787.714
18578	4705.604
1739	4614.701
-1218	4515.7397
-1003	4421.7725
6500	4338.306
18602	4269.1694
1822	4218.534
-1197	4180.953
-1002	4159.8877
6474	4149.462
18676	4142.2603
1827	4133.3384
-1198	4111.5117
-1017	4079.1492
6311	4033.555
18531	3973.797
1821	3903.7683
-1182	3821.293
-1028	3736.1025
5701	3650.7332
19655	3565.9714
2363	3485.6514
-1207	3405.1472
-1049	3330.4553
6081	3260.8809
18554	3195.7625
1959	3138.4092
-1207	3085.5378
-1057	3045.085
5983	3018.1096
18858	3004.2605
2065	3005.6584
-1176	3014.9888
-1033	3033.9995
5739	3056.7185
18163	3076.1238
1966	3089.1338
-1192	3086.2275
-1097	3070.5125
5291	3041.1702
17484	2999.1572
1929	2950.9363
-1197	2896.5103
-1116	2847.0774
5023	2806.8704
16725	2778.0598
1787	2764.1562
-1194	2758.9712
-1112	2765.4387
4724	2778.9734
16344	2793.6719
1736	2807.1328
-1201	2810.288
-1121	2806.589
4675	2794.9407
15651	2775.3408
1630	2752.108
-1188	2722.894
-1117	2697.2563
4322	2678.338
15384	2667.7341
1664	2669.0583
-1202	2677.0005
-1106	2696.1145
4611	2723.4795
16243	2754.4248
1871	2787.0647
-1191	2811.9722
-1101	2831.0867
5464	2841.0889
19489	2838.856
2510	2827.8306
-1185	2803.9336
-1112	2775.396
4414	2745.2341
16319	2715.579
2078	2691.9243
-1189	2670.8015
-1119	2658.608
4260	2654.6409
16128	2656.1704
2067	2663.706
-1196	2669.7014
-1115	2677.996
4269	2687.3235
16201	2696.213
2138	2707.93
-1211	2717.9604
-1123	2732.8123
3656	2752.869
14910	2776.6042
2005	2805.1077
-1195	2830.8586
-1107	2856.8616
3608	2880.5747
15119	2898.827
2102	2913.2659
-1209	2918.6282
-1121	2921.542
3468	2923.782
15328	2925.8188
2224	2931.7036
-1195	2936.4797
-1077	2944.7332
3633	2954.5938
15639	2962.2686
2350	2968.32
-1180	2965.8818
-1074	2959.5273
3437	2950.1177
15448	2938.4595
2397	2930.636
-1188	2924.7065
-1062	2928.1006
3498	2941.7268
15201	2963.352
2374	2993.2915
-1186	3022.387
-1098	3050.7717
4136	3073.7075
17756	3086.0781
2878	3090.2983
-1189	3081.8625
-1057	3067.5752
3289	3050.5688
15388	3032.5886
2649	3019.44
-1193	3007.5452
-1040	3000.5095
3488	2995.7742
16053	2988.266
2845	2977.9385
-1207	2957.3337
-1004	2929.038
3141	2892.9656
15393	2848.9504
2838	2802.8728
-1174	2752.808
-1027	2705.0222
2745	2660.4448
14533	2617.1084
2689	2576.8015
-1187	2533.2034
-1037	2488.9915
2706	2443.7522
14509	2396.935
2669	2354.2292
-1196	2314.5334
-1079	2284.7366
2352	2266.331
13743	2256.895
2611	2255.9148
-1197	2253.0286
-1076	2244.9478
2163	2224.8884
13161	2186.9412
2491	2133.8484
-1188	2066.344
-1102	1998.4869
2013	1944.3082
13017	1917.6641
2457	1935.3085
-1206	2001.8333
-1127	2122.547
1931	2290.1648
12967	2487.2283
2479	2694.3694
-1182	2881.7063
-1019	3028.6191
3070	3115.8047
15848	3130.9365
2973	3078.0383
-1198	2963.2595
-1196	2809.684
1739	2641.5557
12717	2481.8716
2498	2354.3909
-1206	2268.0654
-1187	2230.7913
1699	2237.425
12888	2273.504
2628	2324.9412
-1204	2369.5566
-1196	2396.1326
1715	2395.3833
12984	2363.1057
2626	2306.6018
-1200	2230.5166
-1186	2150.2026
1759	2077.1023
13525	2018.1387
2788	1981.5096
-1196	1963.2246
-1171	1963.9584
1459	1978.7887
12266	2000.6066
2554	2028.0858
-1204	2054.258
-1197	2082.4468
1431	2113.5837
12559	2146.6675
2748	2184.3735
-1210	2219.815
-1199	2252.3577
1156	2276.6934
12234	2285.6372
2782	2278.7483
-1198	2251.4976
-1203	2211.88
1343	2168.5457
12573	2130.9534
2844	2114.1472
-1192	2123.503
-1189	2168.1987
1324	2247.7363
12471	2352.859
2833	2473.4883
-1187	2588.3735
-1190	2684.1238
1216	2746.9077
12164	2766.5742
2779	2745.6208
-1189	2685.7202
-1195	2603.4353
1132	2515.3472
12051	2435.7783
2764	2380.5635
-1210	2351.9932
-1187	2353.5342
1031	2378.7559
11783	2414.3147
2725	2449.7239
-1197	2467.8735
-1180	2463.8408
1106	2434.902
11781	2382.0566
2734	2315.96
-1201	2242.387
-1200	2175.2861
1020	2123.069
11733	2087.8918
2783	2072.1177
-1210	2066.4329
-1203	2066.6555
1036	2065.0627
11838	2053.3218
2837	2031.2168
-1196	1994.8964
-1200	1951.1925
984	1905.9557
11717	1862.9574
2887	1829.3208
-1192	1801.9625
-1196	1781.8041
983	1764.3907
11936	1742.0721
3054	1713.3201
-1199	1672.6013
-1182	1625.5095
826	1579.4553
11526	1543.0878
2958	1531.4508
-1202	1551.1824
-1187	1611.4152
678	1712.2852
11046	1844.2601
2940	1995.6407
-1194	2142.7656
-1186	2267.2363
639	2349.9844
11334	2375.2537
3163	2340.4546
-1194	2244.5767
-1191	2103.9604
673	1938.6866
11303	1769.7617
3126	1622.678
-1188	1511.5807
-1200	1450.5682
526	1442.7493
10804	1480.5369
3036	1554.4495
-1188	1643.9985
-1197	1734.7616
548	1812.0449
10936	1863.2915
3152	1886.5815
-1186	1878.7821
-1194	1848.3739
550	1804.3275
10972	1753.9357
3218	1708.3588
-1208	1669.465
-1199	1642.2279
442	1626.4552
10613	1617.299
3194	1613.7651
-1209	1608.299
-1210	1600.8862
456	1591.1228
10619	1577.95
3316	1566.6433
-1209	1556.296
-1199	1552.2124
309	1556.7058
10236	1568.2161
3243	1588.4692
-1209	1611.1783
-1206	1635.771
266	1659.4747
10459	1677.3889
3450	1690.4922
-1193	1694.1528
-1206	1691.1996
278	1683.369
10636	1670.2712
3651	1656.5944
-1200	1640.2372
-1216	1624.773
281	1611.3518
10729	1598.0989
3734	1587.8229
-1174	1575.9288
-1209	1565.0857
228	1555.8494
10735	1546.0559
3848	1538.7474
-1171	1530.3159
-1205	1523.2202
188	1518.1254
10703	1512.848
3943	1510.2789
-1193	1506.5609
-1197	1504.1975
148	1504.028
10479	1504.0525
3841	1507.353
-1197	1510.2284
-1215	1514.7991
158	1521.3333
10585	1526.9762
4008	1533.9391
-1181	1537.9907
-1203	1540.7267
73	1542.68
10394	1541.9924
4074	1542.3914
-1173	1541.6052
-1197	1543.0607
118	1548.5471
10562	1556.4347
4229	1569.5021
-1181	1583.3988
-1201	1598.0399
42	1611.4034
10249	1618.3092
4127	1618.8997
-1173	1608.1139
-1211	1587.0991
34	1557.368
10259	1519.1931
4266	1479.3274
-1179	1439.4506
-1181	1406.234
34	1384.5609
10293	1375.048
4326	1381.4968
-1171	1399.5751
-1196	1427.6731
-7	1461.4696
10326	1493.022
4556	1519.5189
-1166	1532.8239
-1188	1532.583
18	1519.2229
10403	1492.4957
4646	1459.2725
-1149	1421.9062
-1206	1387.6564
43	1362.0847
10566	1346.3052
4811	1344.5853
-1159	1353.1138
-1197	1370.6619
18	1393.6635
10601	1415.0457
5097	1433.3176
-1152	1442.4513
-1201	1442.6315
78	1434.9221
11022	1418.9778
5319	1400.9476
-1149	1381.357
-1206	1365.0059
56	1354.6304
11149	1348.3408
5524	1348.1948
-1144	1349.4957
-1197	1350.9548
27	1350.5442
11021	1343.8512
5551	1333.0754
-1134	1316.2428
-1195	1296.8419
21	1278.5616
10948	1262.2664
5527	1253.94
-1152	1253.0232
-1207	1261.5863
-2	1279.572
10889	1302.4711
5616	1330.2365
-1147	1356.9541
-1214	1381.0828
-44	1401.2377
10673	1414.049
5743	1422.5802
-1133	1425.5558
-1196	1426.2692
29	1427.502
11181	1428.4674
6005	1433.1044
-1130	1439.0925
-1190	1446.9932
76	1456.1426
11421	1462.351
6228	1467.0767
-1120	1466.9253
-1168	1462.8254
99	1455.9165
11462	1444.6814
6391	1433.4996
-1120	1421.6188
-1194	1411.4922
134	1404.6201
11347	1398.758
6339	1396.5736
-1108	1395.2705
-1182	1395.368
122	1396.9792
11254	1397.2804
6344	1399.1304
-1117	1400.5369
-1194	1402.9983
10	1407.4899
10851	1411.5385
6288	1417.4963
-1102	1422.3234
-1196	1426.112
75	1428.4264
11125	1425.8164
6459	1420.5771
-1104	1410.6307
-1188	1397.8538
33	1384.3403
11079	1369.3159
6591	1357.37
-1082	1347.8615
-1190	1342.9021
20	1343.5887
11194	1346.9342
6770	1354.6819
-1091	1363.3427
-1198	1372.3984
4	1381.3325
11041	1386.7975
6717	1391.359
-1070	1393.4996
-1179	1395.0045
-66	1397.7809
11021	1400.3573
6864	1406.2963
-1069	1413.9674
-1176	1424.0343
-61	1436.6451
10933	1448.2733
6928	1460.563
-1064	1470.7318
-1194	1479.2068
-115	1486.9071
10747	1491.9573
6932	1498.0851
-1063	1504.8485
-1204	1514.3615
-146	1528.4832
10850	1545.2214
7080	1567.1486
-1062	1591.7719
-1206	1618.5504
-161	1646.6245
11028	1671.5363
7213	1694.2194
-1047	1711.5359
-1186	1723.3594
-133	1730.3379
10854	1730.3088
7247	1726.8263
-1052	1719.5975
-1197	1710.753
-184	1702.5773
10870	1693.6401
7374	1687.2367
-1034	1682.0212
-1199	1678.3156
-254	1676.3612
10676	1672.6786
7358	1668.8682
-1018	1662.7532
-1194	1654.5753
-300	1645.5173
10426	1633.9337
7262	1623.7675
-1032	1615.2987
-1192	1610.9827
-345	1613.537
10069	1621.7671
7084	1638.6373
-1014	1662.1792
-1206	1691.6603
221	1725.9515
11876	1759.8926
7664	1793.7955
-1011	1823.7637
-1199	1848.5781
-448	1868.4293
9728	1880.9191
7146	1889.1859
-1002	1893.006
-1172	1894.4337
-464	1896.039
9726	1896.4686
7242	1898.5061
-991	1900.3894
-1194	1901.7233
-536	1902.4518
9450	1898.9364
7223	1892.4076
-1002	1880.9089
-1194	1865.0027
-563	1846.6727
9286	1825.0417
7111	1804.1816
-980	1784.5516
-1181	1768.3031
-530	1757.9232
9278	1751.8197
7119	1752.3252
-981	1757.5118
-1206	1766.7367
-600	1779.9236
8902	1793.4603
7016	1808.2069
-992	1821.6355
-1204	1833.2728
-612	1843.8556
8936	1850.914
7208	1856.5939
-980	1859.8093
-1216	1861.1659
-606	1862.2434
9072	1861.125
7318	1860.2656
-965	1858.6393
-1187	1856.6295
-648	1855.575
8528	1853.3171
6975	1851.9017
-962	1849.9996
-1194	1847.914
-266	1846.9213
10128	1844.7252
7859	1843.8104
-937	1843.0322
-1205	1842.3857
-668	1842.897
8593	1841.8589
7329	1840.6359
-939	1837.4016
-1184	1831.9315
-372	1825.5908
9919	1816.6514
8107	1808.6609
-928	1802.2924
-1199	1799.6129
-700	1803.8188
8484	1813.8351
7449	1831.6118
-919	1854.615
-1190	1880.2379
-753	1906.3801
8373	1926.955
7524	1940.3948
-912	1943.1752
-1207	1934.9523
-797	1919.0193
8302	1896.9365
7634	1875.629
-891	1859.1636
-1179	1851.954
-809	1857.9592
8140	1874.5747
7592	1900.1201
-893	1927.2778
-1184	1948.4678
-797	1957.8882
8145	1947.8859
7500	1918.1602
-907	1869.6024
-1199	1808.6177
-816	1746.709
7928	1693.4606
7634	1661.812
-884	1659.0421
-1195	1688.7777
-842	1750.6122
7832	1834.6885
7626	1930.3107
-876	2021.5042
-1204	2093.297
-789	2135.3591
8259	2138.5535
7991	2103.887
-852	2035.6576
-1201	1944.1406
-839	1844.4344
8061	1748.1682
8150	1668.6254
-846	1612.2012
-1201	1581.0635
-842	1574.3824
7932	1583.6093
8246	1601.8762
-840	1619.6881
-1189	1630.1917
-869	1631.7106
7776	1622.1406
7877	1605.9742
-858	1586.6716
-1187	1568.726
-894	1557.4603
7656	1552.1718
8328	1553.2177
-793	1556.5629
-1196	1557.8278
-909	1555.0984
7715	1544.1462
8326	1526.6068
-821	1504.1986
-1199	1480.8569
-966	1463.3666
7409	1453.9948
8199	1456.4684
-798	1469.4569
-1186	1489.3741
-992	1512.7764
7504	1531.5593
8591	1541.8428
-808	1539.8732
-1200	1525.3844
-986	1503.8341
7321	1479.5292
8351	1461.4636
-789	1455.9196
-1182	1467.3014
-984	1498.8832
6953	1546.092
8951	1603.7743
-652	1662.8037
-1204	1713.7238
-896	1751.0299
7649	1768.5564
8756	1767.7363
-744	1751.9802
-1191	1727.8877
-971	1705.8695
7201	1691.677
8559	1691.6537
-766	1706.2208
-1197	1731.5809
-982	1762.8705
7073	1789.2858
8476	1803.1976
-762	1797.1434
-1202	1767.3744
-991	1717.2648
7046	1650.6785
8698	1577.8287
-731	1508.464
-1210	1451.4886
-973	1415.7756
7254	1402.2832
8960	1410.805
-704	1435.4502
-1186	1467.6781
-991	1500.9203
7084	1525.7424
8949	1538.3594
-692	1536.643
-1192	1521.5488
-993	1499.382
6822	1473.8694
8871	1451.5936
-662	1436.082
-1191	1428.3633
-1006	1429.8456
6802	1436.006
8995	1444.1582
-659	1450.1123
-1197	1450.3063
-1021	1445.7904
6763	1435.6741
9044	1423.6622
-648	1413.0242
-1188	1406.5509
-1036	1409.0647
6513	1420.0365
8889	1439.969
-638	1466.5024
-1191	1495.606
-1039	1525.7349
6644	1551.9855
9114	1573.174
-618	1587.7266
-1197	1595.222
-1037	1598.7717
6501	1597.8523
9045	1594.5035
-613	1589.2046
-1192	1581.0068
-1044	1571.5458
6488	1558.6255
9296	1543.1575
-577	1525.8434
-1187	1507.2367
-1046	1491.5808
6509	1479.5353
9472	1474.0715
-557	1476.4786
-1197	1485.4799
-1056	1501.3934
6164	1519.4832
9160	1536.7993
-537	1549.6747
-1203	1554.1768
-1022	1550.9076
6279	1538.643
9229	1520.5211
-545	1500.2928
-1202	1481.068
-1032	1468.5706
6263	1463.5178
9562	1467.1981
-523	1478.4733
-1202	1493.046
-1061	1508.7498
6104	1519.7472
9474	1523.5894
-505	1519.223
-1199	1506.2789
-1064	1489.6588
5982	1472.0767
9431	1459.1355
-514	1455.4938
-1205	1462.8046
-1076	1483.6858
5808	1514.5906
9376	1551.9746
-488	1590.6154
-1189	1623.2577
-1093	1646.4729
5756	1654.9586
9571	1647.8872
-456	1626.4758
-1197	1592.9303
-1102	1554.2207
5541	1514.155
9307	1478.2319
-436	1450.6335
-1164	1432.1897
-1116	1425.2734
5261	1427.2098
9108	1436.3369
-477	1450.1837
-1199	1465.228
-1127	1482.0067
5209	1498.121
9168	1513.7896
-457	1529.6041
-1190	1544.3748
-1064	1559.9287
5503	1573.93
9409	1585.5332
-445	1593.5992
-1199	1595.1506
-1116	1591.2124
5173	1580.1757
9469	1563.4165
-391	1543.6227
-1185	1522.2261
-1093	1504.4606
5161	1491.6284
9476	1485.9172
-386	1488.4268
-1199	1496.6364
-1115	1510.2363
4992	1524.5247
9396	1536.3373
-402	1543.3186
-1210	1542.1697
-1122	1534.5834
4783	1520.3765
9208	1502.3229
-380	1484.3502
-1201	1468.277
-1127	1458.8707
4834	1456.2113
9498	1460.4967
-329	1471.0186
-1202	1483.6511
-1132	1497.3702
4629	1507.9131
9348	1513.3938
-324	1513.658
-1189	1507.8213
-1134	1500.0094
4504	1491.7194
9334	1486.1254
-309	1486.4673
-1183	1492.5148
-1141	1506.4194
4414	1525.2887
9281	1546.3754
-306	1566.819
-1188	1581.2443
-1139	1588.8862
4193	1586.7859
9002	1574.9795
-327	1555.7566
-1203	1530.5045
-1155	1505.195
4191	1482.5768
9192	1466.1718
-282	1459.1497
-1207	1460.5537
-1174	1471.8522
4044	1489.7092
9078	1511.117
-270	1533.4535
-1205	1551.8118
-1184	1566.03
3943	1573.5953
8979	1574.3866
-279	1570.1239
-1191	1560.6162
-1157	1549.9321
3931	1538.6365
9275	1527.9982
-222	1519.6185
-1196	1511.6193
-1153	1505.8209
3834	1500.3757
9169	1494.5886
-240	1489.0958
-1196	1482.1732
-1179	1476.6248
3788	1472.1606
9088	1469.5669
-249	1470.5582
-1199	1473.0161
-1134	1478.5338
4016	1484.4965
9521	1488.78
-180	1490.1045
-1175	1484.463
-1151	1472.7428
3744	1453.4259
9303	1427.201
-179	1397.1906
-1187	1364.4918
-1149	1334.9648
3694	1311.0751
9204	1295.6272
-201	1291.4956
-1208	1297.0654
-1169	1313.3488
3443	1336.7059
8983	1363.434
-216	1390.734
-1187	1413.0554
-1181	1430.0607
3417	1439.3938
9143	1440.9828
-177	1437.359
-1191	1428.8715
-1168	1420.6368
3469	1414.1327
9441	1410.8047
-108	1412.4105
-1193	1416.1313
-1171	1422.4824
3390	1427.9432
9540	1429.5494
-81	1426.5271
-1202	1415.6724
-1192	1399.5521
3222	1378.8022
9184	1355.804
-89	1335.0577
-1192	1317.6086
-1174	1308.2471
3170	1307.2288
8892	1313.9692
-166	1327.838
-1198	1343.7131
-1175	1360.414
3188	1373.5754
9213	1380.2249
-87	1380.3699
-1197	1372.0256
-1179	1359.1099
2980	1343.3503
8969	1327.4382
-91	1315.3807
-1191	1306.8302
-1178	1304.6666
3003	1307.0851
9060	1311.57
-74	1316.5793
-1206	1316.9767
-1184	1312.7867
3048	1301.9723
9326	1284.456
-12	1263.469
-1192	1239.6099
-1180	1218.6461
2971	1202.8229
9223	1193.888
-31	1193.9733
-1185	1199.796
-1166	1211.3572
3091	1224.3389
9598	1234.5153
51	1240.2712
-1197	1237.2612
-1176	1227.44
2316	1211.477
9513	1191.437
216	1172.6044
-1200	1156.5088
-1176	1148.5681
3258	1149.5642
10154	1158.8716
146	1176.4492
-1183	1196.597
-1172	1217.734
3045	1234.992
9917	1244.5681
126	1246.4513
-1208	1238.1943
-1192	1223.9478
2994	1205.9896
9750	1187.6133
101	1174.4419
-1186	1167.1467
-1185	1169.9421
2825	1182.206
9427	1201.9089
79	1227.9906
-1201	1254.4238
-1181	1279.8439
2938	1300.1174
9938	1312.2179
202	1316.8856
-1184	1311.6943
-1176	1300.2439
2852	1283.6521
9783	1263.4448
162	1243.5914
-1192	1223.2217
-1200	1205.6731
2851	1190.4584
9786	1176.6641
172	1165.6991
-1186	1154.4498
-1184	1144.7898
2917	1135.8313
9963	1127.2156
237	1121.7301
-1193	1117.8594
-1200	1118.9578
2821	1125.0522
9948	1135.766
238	1152.7887
-1178	1172.5847
-1182	1195.8296
2921	1219.468
10028	1240.2023
241	1257.587
-1183	1266.7994
-1179	1268.6904
2711	1261.904
9857	1246.0651
256	1224.6329
-1192	1197.2036
-1183	1168.8608
2735	1141.7068
9903	1117.4941
250	1100.2415
-1189	1088.2773
-1187	1083.8859
2764	1085.277
10283	1089.754
356	1097.3822
-1211	1103.307
-1184	1107.9261
2518	1109.3173
9854	1106.1542
347	1100.945
-1195	1091.9908
-1182	1082.98
2728	1074.621
10291	1067.2118
408	1063.9187
-1206	1062.3801
-1182	1064.7485
2634	1069.8352
10359	1075.9869
477	1084.9326
-1195	1093.4355
-1195	1103.4141
2364	1113.9945
9843	1124.0022
413	1135.3892
-1194	1144.9364
-1179	1154.1189
2360	1161.3395
10043	1164.5743
477	1165.4438
-1208	1161.0292
-1203	1153.9202
2233	1144.6818
9815	1134.1827
469	1127.1509
-1176	1123.447
-1197	1127.5627
2173	1140.4407
9994	1161.4225
533	1192.0747
-1192	1227.5804
-1191	1266.9058
2104	1305.5776
9704	1338.4504
519	1364.1699
-1182	1377.279
-1195	1378.4185
2103	1366.966
9880	1343.228
533	1312.3395
-1207	1275.1324
-1191	1237.8217
1965	1203.7999
9610	1175.2875
535	1157.0387
-1189	1147.4923
-1207	1148.7174
1852	1158.8801
9651	1174.5287
626	1195.1467
-1204	1214.9609
-1184	1233.2686
2006	1247.3052
10008	1254.5519
691	1257.1713
-1202	1253.0876
-1177	1246.0494
1933	1237.5471
9919	1228.451
699	1223.0441
-1199	1219.7307
-1200	1221.0712
1849	1226.1464
10123	1232.5707
792	1241.4657
-1190	1248.6462
-1196	1255.1636
1731	1260.0321
9621	1262.1423
691	1264.6666
-1207	1265.9045
-1190	1268.9315
1684	1273.8607
9578	1279.3596
727	1287.0554
-1209	1292.6959
-1204	1296.5691
1581	1296.5123
9349	1290.158
659	1279.7916
-1207	1263.605
-1191	1245.9303
1566	1229.2932
9593	1215.5408
820	1209.9067
-1195	1211.1653
-1184	1221.6149
1546	1239.3258
9866	1259.9141
924	1282.0889
-1201	1299.0212
-1201	1309.4393
1483	1311.0068
9650	1302.2726
896	1287.6274
-1181	1267.8456
-1184	1249.3708
1350	1236.2815
9086	1230.8783
790	1237.514
-1194	1253.312
-1194	1278.1655
1279	1307.8428
9012	1336.1672
862	1360.6171
-1192	1374.3988
-1196	1377.0187
1258	1367.601
9138	1346.2584
889	1318.5433
-1190	1285.8301
-1193	1254.4861
1267	1227.9734
9253	1207.5637
897	1196.921
-1201	1192.874
-1211	1195.8907
1291	1203.2053
9662	1210.6471
1067	1218.3767
-1206	1221.8148
-1199	1222.0865
1319	1218.8351
9838	1211.2986
1154	1203.3562
-1205	1193.5588
-1204	1185.328
1286	1179.3566
9826	1174.6101
1154	1174.0657
-1201	1174.3596
-1185	1176.8335
1223	1180.3558
9630	1182.487
1149	1184.8666
-1175	1183.6737
-1180	1180.509
1183	1174.7949
9687	1165.059
1193	1154.3982
-1172	1140.7086
-1179	1127.3566
1068	1115.5654
9519	1105.3317
1247	1100.5947
-1192	1099.4724
-1191	1104.5245
1821	1115.1322
12021	1128.5918
1609	1146.8765
-1196	1165.3912
-1189	1184.4329
1104	1202.2114
9700	1216.0024
1328	1227.7919
-1199	1234.486
-1189	1238.4786
911	1240.1604
9234	1238.6687
1263	1237.1207
-1193	1232.9763
-1211	1228.4165
856	1223.102
9108	1215.2437
1251	1207.0375
-1189	1195.4061
-1197	1182.4467
846	1168.2231
9158	1151.6796
1309	1135.9268
-1185	1118.7129
-1191	1102.7599
850	1088.4327
9295	1074.5981
1375	1064.1588
-1193	1054.4982
-1194	1048.0251
831	1044.9305
9411	1044.0188
1456	1048.2113
-1199	1054.8456
-1194	1066.0354
778	1081.3251
9244	1098.429
1423	1118.8197
-1197	1138.1511
-1189	1156.7803
752	1172.785
9293	1182.8501
1493	1188.091
-1192	1184.5797
-1189	1173.8733
756	1155.9688
9233	1130.0852
1507	1100.2676
-1197	1065.5922
-1194	1030.663
636	998.1134
9040	968.9638
1550	947.9956
-1176	933.8589
-1186	929.1081
693	933.08923
9412	942.49585
1656	957.4489
-1190	972.0169
-1179	985.3702
594	995.1726
9126	998.6076
1651	998.4841
-1200	993.5157
-1181	988.6244
576	987.2399
9189	990.9953
1674	1004.90204
-1191	1026.9037
-1203	1057.8588
522	1094.7565
8995	1131.5708
1581	1165.9817
-1177	1190.5581
-1188	1204.2548
508	1206.1735
9069	1196.1711
1709	1180.6024
-1198	1161.7306
-1199	1146.867
441	1140.3531
8834	1142.7551
1718	1156.0807
-1183	1174.0237
-1190	1192.9773
476	1206.4833
9229	1207.0099
1843	1193.7493
-1191	1163.8989
-1184	1123.4031
358	1080.0731
9243	1042.3973
1983	1023.95325
-1199	1031.1865
-1194	1071.554
366	1145.3965
9270	1245.3088
2042	1362.9963
-1211	1480.868
-1198	1584.4121
323	1658.5989
8223	1690.6198
1614	1677.541
-1189	1617.8792
-1203	1521.339
328	1400.9662
8550	1270.9258
1763	1149.7175
-1206	1047.9076
-1197	976.2912
294	938.2053
8246	929.61
1630	945.91437
-1175	974.30505
-1179	1006.1151
296	1032.3779
8507	1045.475
1751	1046.0111
-1192	1032.9259
-1189	1013.02435
257	992.92566
8427	977.36694
1784	973.70624
-1189	981.29694
-1182	1001.07184
227	1029.6016
8209	1059.9183
1723	1088.684
-1191	1108.0391
-1204	1116.5609
178	1113.6602
8051	1099.5082
1684	1080.3741
-1199	1058.3815
-1182	1040.1143
138	1029.4913
7783	1026.8975
1586	1034.6001
-1196	1047.6066
-1183	1064.0927
163	1080.0935
8081	1090.2219
1726	1094.4769
-1201	1089.1187
-1207	1076.9042
114	1060.5752
8046	1042.007
1807	1027.4578
-1189	1017.3025
-1203	1015.2691
98	1022.0119
8113	1034.7493
1798	1053.6416
-1202	1072.8956
-1186	1090.8855
91	1105.0559
7993	1111.9962
1834	1113.686
-1205	1108.187
-1196	1098.71
63	1087.6141
7769	1075.4836
1740	1066.5776
-1194	1059.2732
-1188	1055.3796
-84	1054.5642
7276	1054.1649
1693	1055.2122
-1194	1053.8683
-1177	1051.0522
-87	1046.9049
7358	1040.3525
1739	1034.7142
-1199	1028.3177
-1199	1023.83923
-124	1022.2233
7233	1022.0596
1732	1025.3499
-1199	1028.5438
-1197	1032.489
-127	1036.8468
7299	1039.8165
1812	1044.1062
-1197	1047.783
-1182	1053.7426
-137	1063.564
7204	1076.5581
1829	1095.1997
-1203	1115.891
-1214	1138.3573
-213	1160.1647
7117	1176.511
1857	1186.5667
-1192	1185.0723
-1190	1172.3118
-154	1148.7834
7433	1114.5885
2095	1075.2219
-1187	1031.9918
-1191	990.65985
-223	955.3824
6959	927.46967
1948	910.59644
-1193	901.33435
-1198	900.2571
-197	905.4038
7346	912.34393
2152	920.8286
-1176	926.25165
-1189	929.22614
-243	930.25214
7339	928.62524
2222	928.1535
-1190	927.764
-1186	929.99475
-219	935.6264
7553	942.5602
2355	952.0915
-1191	960.1529
-1207	966.48517
-254	970.0593
7605	968.29663
2455	963.4527
-1192	953.5558
-1193	940.99677
-274	927.4025
7577	912.2023
2490	898.67285
-1182	884.7578
-1184	871.9209
-341	860.426
6461	848.5958
1638	838.68976
-1187	828.3319
-1209	819.7345
-347	814.35144
7063	811.6116
2369	814.63983
-1199	821.2769
-1199	832.5228
-372	847.7179
7033	863.4995
2427	880.11725
-1177	893.12286
-1191	902.38824
-378	907.6823
6811	907.6465
2318	905.61285
-1189	900.8284
-1194	896.5709
-397	894.98846
6778	895.4644
2383	900.23016
-1169	905.86426
-1203	911.7875
-401	916.1446
6887	915.0052
2613	908.83234
-1198	894.3873
-1208	873.3696
-376	847.8388
7083	818.5619
2703	790.6889
-1174	764.63434
-1194	743.7971
-396	729.8719
6989	721.2246
2719	719.0778
-1169	719.29193
-1204	721.05695
-405	723.0391
7154	722.304
2924	720.72485
-1172	716.53076
-1192	712.1093
-365	709.4304
7246	708.10974
2972	711.19165
-1194	716.3306
-1214	723.7374
-391	732.2636
7374	738.1339
3159	741.76373
-1175	739.78064
-1207	733.10175
-385	723.2544
6997	710.6403
3037	700.2151
-1157	692.5687
-1185	691.2217
-387	698.0162
6931	711.1022
3074	730.9847
-1172	752.3963
-1194	772.7321
-371	788.89026
7341	796.1977
3417	795.4541
-1181	784.8156
-1191	767.5456
-374	747.95435
7354	728.7484
3519	716.44965
-1146	712.56964
-1184	719.74414
-327	738.0827
7948	763.28
3941	793.64185
-1146	822.5565
-1192	846.46716
-355	862.6193
7759	867.75494
3833	864.9328
-1153	855.25397
-1207	844.0381
-416	836.72723
7445	835.8529
3828	846.27405
-1156	866.4579
-1199	895.0244
-443	927.82666
7311	956.7565
3836	977.1198
-1146	981.10803
-1200	965.6906
-459	930.4187
7360	875.7488
3926	809.10486
-1154	736.357
-1188	667.06323
-437	610.1586
7354	570.55835
4069	554.28674
-1143	560.34454
-1182	586.87396
-501	628.9759
7066	677.6118
4002	726.88336
-1155	768.03723
-1206	796.44403
-467	809.6807
7306	805.7225
4156	788.88074
-1121	761.7009
-1201	730.21185
-466	700.27295
7587	674.54346
4352	658.2357
-1114	651.1722
-1175	653.82324
-500	665.1055
7232	680.64844
4132	699.5972
-1124	717.6447
-1194	733.5949
-461	746.9251
7372	755.61957
4289	762.2703
-1126	766.33856
-1198	769.7336
-597	774.08276
7139	778.18726
4269	784.12335
-1134	790.0766
-1207	796.14594
-596	802.24677
6983	806.0764
4182	809.39557
-1137	811.1275
-1182	812.6372
-572	815.592
7124	819.35236
4338	826.85913
-1124	837.2916
-1206	851.1451
-653	868.16406
6939	884.9875
4311	901.43134
-1126	913.9331
-1191	921.04584
-696	921.98236
6833	914.4652
4348	900.93427
-1105	881.71954
-1194	859.8778
-663	838.99927
6571	820.31146
4019	808.0977
-1117	802.5442
-1181	804.65656
-702	814.4019
6501	828.46515
4171	846.4931
-1101	864.9926
-1191	882.721
-784	899.3753
6089	913.31744
3913	927.1944
-1100	941.14233
-1197	957.4654
-835	978.36383
5874	1002.9428
3834	1032.5159
-1112	1064.3286
-1200	1096.4434
-816	1126.586
6144	1150.0986
4107	1166.2147
-1104	1172.1067
-1190	1167.9913
-808	1155.6093
6024	1135.3638
4137	1111.6145
-1097	1085.899
-1200	1061.2151
-904	1040.2456
5551	1022.5235
3874	1009.9574
-1089	1000.8642
-1189	995.16315
-862	993.0868
5887	992.63025
4205	995.3124
-1081	999.81976
-1204	1006.57935
-901	1016.13336
5886	1026.0631
4149	1036.7228
-1084	1045.0266
-1193	1049.5613
-904	1049.6534
5729	1042.9159
4199	1031.1624
-1086	1014.87555
-1184	997.1175
-879	981.8838
5890	971.02155
4373	969.02893
-1076	976.49036
-1198	993.7966
-913	1020.0905
5712	1050.5396
4333	1082.4772
-1068	1110.3624
-1197	1130.6959
-934	1141.8661
5608	1141.6233
4368	1132.6497
-1056	1116.6866
-1196	1097.7437
-942	1080.5325
6331	1066.5339
6012	1059.042
-998	1057.8738
-1196	1061.8885
-889	1069.4493
5990	1075.8372
4711	1079.651
-1034	1077.7986
-1193	1069.5957
-926	1056.5374
5726	1038.9033
4608	1020.914
-1036	1004.52325
-1184	992.49133
-971	987.38513
5318	988.08624
4391	995.1471
-1046	1005.69116
-1187	1017.48395
-969	1028.9962
5488	1036.6638
4421	1040.7507
-1034	1039.9055
-1196	1034.8333
-971	1027.6163
5443	1018.0113
4544	1008.5936
-1044	999.0604
-1201	989.76764
-989	981.4563
5469	972.03894
4699	962.4101
-1019	951.27954
-1197	938.8923
-982	926.83246
5394	914.37946
4700	903.6986
-1027	894.4184
-1189	886.5541
-1010	880.3932
4986	873.11945
4398	864.25745
-1016	851.1369
-1187	832.56915
-1037	809.28503
5108	780.7352
4688	750.44934
-1002	720.7921
-1195	695.6548
-491	679.7789
6961	674.29645
6179	682.0822
-922	701.9076
-1208	730.9801
-1025	765.97235
5231	799.7624
4957	827.80273
-985	843.999
-1206	844.9596
-1039	830.96954
4834	802.35095
4551	764.5926
-999	722.6822
-1197	683.45984
-1094	654.59
4714	639.52844
4620	641.8425
-989	660.015
-1200	690.48975
-1074	728.762
5024	766.43695
5083	797.915
-975	817.08813
-1193	820.94244
-1017	810.9038
5191	788.7194
5249	761.22766
-964	734.55554
-1195	715.17377
-1068	709.38086
5146	717.9746
5346	741.11804
-945	773.9256
-1186	809.5377
-1088	841.5732
4867	861.46313
5393	865.2731
-956	850.78186
-1191	819.8999
-1079	779.78143
4959	737.53107
5338	703.9481
-954	687.3601
-1182	693.96063
-1071	727.7289
5206	785.3965
5630	862.1362
-952	948.0981
-1196	1032.1111
-1100	1104.8782
5284	1156.1555
5864	1181.6604
-937	1179.4941
-1182	1151.785
-1104	1105.4431
5212	1046.3992
5809	983.60486
-942	923.46106
-1187	870.5997
-1099	828.9962
5046	797.5188
5758	775.88336
-947	761.362
-1180	751.1921
-1106	744.92
4947	740.11414
5756	737.6176
-939	737.29407
-1186	738.98206
-1100	743.8345
4777	749.59827
5813	755.8454
-847	760.5681
-1184	762.09717
-1131	761.3816
4411	757.83484
5731	754.229
-883	752.8664
-1194	755.9663
-1114	766.6513
5071	783.45074
6464	805.10046
-844	827.0944
-1196	843.0091
-1129	847.99786
4873	835.581
6143	804.3101
-842	755.505
-1208	694.48804
-1154	632.16724
4465	579.28906
5729	549.263
-851	552.43536
-1167	594.6751
-1137	677.7849
4561	794.2813
5984	932.80646
-832	1076.6958
-1189	1206.9459
-1152	1307.4172
4213	1363.319
5669	1368.0431
-847	1321.3729
-1201	1229.7916
-1158	1107.3499
4261	969.0648
5824	832.8025
-829	713.5868
-1195	621.82
-1150	564.3106
4268	539.5609
5853	543.276
-816	567.0983
-1194	600.87555
-1155	637.09625
4154	667.9346
5779	690.72534
-816	705.3895
-1185	713.79724
-1162	721.17426
3768	730.4467
5365	745.3843
-827	767.0477
-1187	793.83746
-1161	824.1928
3824	852.8392
5536	876.1942
-819	890.6807
-1197	893.755
-1178	886.74457
3783	870.3602
5636	848.62036
-809	825.65204
-1201	804.81915
-1176	790.6421
3579	783.8063
5528	785.20734
-794	793.6962
-1208	806.5147
-1169	822.5342
3471	838.3428
5503	852.89294
-789	865.5348
-1194	875.8701
-1186	886.2814
3524	896.97
5744	909.63367
-739	924.96783
-1184	941.9392
-1171	960.6747
3448	978.0566
5680	992.27673
-754	1001.08136
-1192	1001.6897
-1175	995.2279
3318	981.27545
5581	962.22394
-754	940.90564
-1189	919.87415
-1172	903.7162
3445	893.69006
5830	891.3429
-754	896.3054
-1200	905.7108
-1191	917.70374
3325	927.32544
5816	931.3079
-721	927.1967
-1188	913.1144
-1176	891.3997
3601	863.9022
6283	835.65814
-697	812.45605
-1199	798.7931
-1206	800.17004
3218	817.5713
5738	850.8121
-706	896.7622
-1192	948.94226
-1177	1001.64307
3207	1046.4171
5866	1077.2131
-680	1089.9138
-1194	1082.1084
-1190	1056.7645
3108	1017.1673
5884	969.9192
-659	922.3855
-1186	880.28674
-1183	850.0576
3098	833.2503
6084	829.93756
-634	837.8523
-1209	851.5263
-1184	866.8986
3141	877.82214
6138	880.7589
-644	874.33954
-1181	858.01874
-1188	835.7004
2904	810.3885
5893	786.8547
-657	769.30914
-1194	759.7348
-1177	761.1509
2860	771.9802
5914	790.0935
-649	812.3141
-1196	833.54144
-1186	851.3858
2879	861.85706
5972	863.34094
-625	855.89667
-1193	839.37396
-1194	816.944
2862	789.995
6133	761.1901
-622	733.4475
-1199	707.65656
-1185	686.65265
2691	670.4684
6023	659.75757
-607	655.1455
-1199	655.2699
-1195	661.00586
2564	670.4414
5873	682.2729
-615	695.146
-1194	705.9237
-1191	714.13794
2418	717.24756
6133	714.22156
-536	705.42114
-1187	690.51263
-1190	672.8363
2691	653.98096
6376	636.8103
-541	624.6567
-1178	618.20197
-1191	619.92206
2582	628.5768
6333	642.6337
-519	660.26996
-1196	677.3335
-1209	692.5463
2530	702.81744
6301	706.98474
-541	705.6243
-1188	698.5357
-1202	689.199
2513	678.92377
6289	669.7873
-522	663.82434
-1210	660.34326
-1201	660.7803
2436	663.361
6350	666.8411
-494	670.6844
-1198	672.8733
-1200	675.0668
2421	677.13245
6366	680.3079
-480	686.71826
-1180	696.2034
-1182	710.9146
2411	729.5285
6331	750.4933
-500	772.1203
-1182	790.16046
-1189	803.4279
2298	808.86865
6313	805.2279
-485	793.4406
-1193	773.5958
-1182	749.89685
2311	724.737
6504	701.1769
-449	682.83875
-1196	669.9509
-1188	664.64325
2291	665.47296
6554	670.7888
-422	679.396
-1192	687.7429
-1198	696.0627
2272	702.7259
6677	707.5009
-414	711.8456
-1197	715.16736
-1199	720.0513
2228	726.2107
6766	733.2545
-381	741.33014
-1194	747.5517
-1189	751.84064
2160	751.87396
6559	746.4081
-413	736.14496
-1194	720.2548
-1194	701.9452
2111	682.6101
6469	664.35803
-431	650.2959
-1197	640.4247
-1190	636.9715
2075	638.9266
6669	644.92725
-363	654.4295
-1197	664.1245
-1182	674.02325
2088	682.2348
6738	687.8623
-329	691.928
-1183	693.21936
-1207	693.82733
1968	693.39954
6625	691.6634
-330	689.3774
-1196	684.3911
-1201	677.5792
2034	667.6588
6946	654.0909
-269	638.645
-1197	621.05316
-1196	604.65344
1931	590.9623
6773	581.7809
-294	580.1087
-1207	585.4202
-1168	599.20636
2082	619.61725
6981	644.14056
-276	671.2897
-1191	696.4699
-1181	718.46515
2069	734.448
7149	742.78503
-259	744.7926
-1199	739.78284
-1190	730.9655
2159	719.7088
7531	707.5683
-189	697.83685
-1199	690.00543
-1187	685.9777
2159	684.7138
7661	684.799
-138	686.69147
-1192	687.5721
-1196	688.1444
2054	687.28815
7274	684.5427
-206	681.88684
-1176	678.3859
-1177	676.40796
2053	675.93164
7400	676.729
-139	680.2693
-1190	684.35065
-1205	689.6194
2059	694.30646
7495	696.789
-139	697.8043
-1209	695.1601
-1200	690.4476
2095	683.45905
7593	674.5051
-122	666.38586
-1186	658.56775
-1188	653.71497
2160	651.8983
7777	652.868
-108	658.121
-1208	665.1678
-1197	674.6836
2144	684.7564
7736	693.53796
-93	701.6745
-1199	706.69525
-1192	709.8913
2153	710.80133
7766	709.4647
-85	708.57245
-1183	707.3585
-1199	708.2963
2097	711.24805
7708	715.6019
-87	722.5545
-1199	729.181
-1207	735.56396
2011	739.4263
7634	738.6611
-62	734.03455
-1184	723.3689
-1186	708.7976
2060	691.0065
8026	671.2317
14	653.6413
-1196	638.5873
-1201	629.4989
1846	626.7987
7616	629.81464
-1	639.3852
-1174	651.8432
-1177	666.3959
1976	679.9417
8051	689.538
71	695.68054
-1191	695.97
-1204	692.4234
1806	685.7317
7736	676.93536
38	669.8218
-1199	664.16895
-1198	662.5786
1771	664.71515
7839	669.221
73	676.82947
-1201	684.1089
-1170	691.17487
1719	696.3533
7898	698.2327
116	698.8976
-1211	697.10913
-1200	695.46735
1682	694.5437
7987	694.34045
178	697.3726
-1206	701.75525
-1197	708.585
1610	716.66077
7881	724.3933
201	733.4171
-1204	741.71735
-1207	751.2563
1504	762.25757
7614	774.64264
185	790.86975
-1196	808.9616
-1185	829.82135
1473	851.5006
7551	871.0726
158	888.14984
-1187	898.571
-1182	902.38605
1388	898.54614
7421	886.7181
143	870.4351
-1203	850.13806
-1194	830.2398
1484	812.935
8478	799.19763
390	792.36664
-1185	790.4573
-1192	794.08844
1301	801.1786
7504	808.8483
222	817.2956
-1211	823.27124
-1216	827.8815
1220	830.9977
7419	832.549
234	835.63153
-1197	839.2765
-1192	845.6955
1197	854.49695
7471	864.0851
271	875.311
-1205	884.85394
-1189	893.0871
1156	898.8337
7519	900.90173
338	901.7331
-1191	900.22925
-1195	899.0552
1129	898.8005
7495	899.0
349	901.62
-1198	903.9373
-1197	906.419
1043	907.42114
7260	904.8545
339	900.0947
-1177	891.24347
-1182	880.8419
1031	870.12335
7274	859.9856
329	854.21
-1187	851.9797
-1183	855.38556
979	863.59125
7253	874.1611
364	887.025
-1195	897.75555
-1184	905.9211
1026	909.7968
7619	907.83594
489	902.71454
-1206	893.84204
-1190	884.84454
1426	877.4538
8910	872.2036
708	872.6042
-1174	876.6015
-1187	884.7888
921	895.0398
7408	903.9433
460	911.22327
-1186	912.84784
-1192	909.3448
848	900.4469
7252	886.1916
464	870.6502
-1189	854.2985
-1176	841.4003
823	833.93604
7289	832.2013
506	838.52313
-1194	849.87213
-1205	865.8306
803	883.44147
7450	898.64197
584	910.92346
-1192	916.25287
-1195	915.48535
767	908.8305
7453	896.6518
599	883.36255
-1207	869.35754
-1199	858.43835
779	851.783
7691	848.43585
729	849.5766
-1184	851.0008
-1201	851.64624
875	848.54083
8101	838.34863
786	822.54724
-1209	799.68286
-1210	773.8214
568	748.5259
6996	727.13855
584	715.97784
-1194	716.05664
-1204	730.6476
541	758.90186
6845	796.7678
544	841.3371
-1192	884.22327
-1198	920.9421
418	945.99805
6591	954.70703
565	947.68005
-1203	923.9413
-1199	888.5815
463	846.404
6798	801.88574
658	762.2306
-1197	729.3177
-1190	707.2269
479	696.37854
6882	694.54987
684	701.42267
-1194	711.89374
-1203	724.8676
444	737.9747
6925	748.617
728	758.10974
-1185	764.1103
-1185	768.535
296	771.4866
6489	771.85724
701	771.2167
-1206	766.8934
-1209	760.3601
344	751.63745
6737	740.2723
728	729.4194
-1205	718.3897
-1204	710.495
381	706.76556
6958	706.3154
804	710.3303
-1191	714.70856
-1191	718.69574
394	719.6406
7224	714.43134
946	704.5851
-1201	689.1179
-1207	672.88525
336	660.4561
7129	655.9581
946	666.4172
-1186	693.05225
-1190	738.4986
307	800.5602
7011	872.79736
913	949.5081
-1194	1019.18506
-1198	1074.4633
239	1107.734
7144	1112.9637
1083	1091.1451
-1178	1042.8126
-1187	975.7646
268	898.4724
7424	819.08154
1203	748.7012
-1190	692.10864
-1189	655.32556
236	639.4662
7388	641.28656
1209	658.6869
-1191	683.7609
-1190	712.1802
218	738.63776
7422	757.86755
1260	769.9552
-1191	772.3384
-1194	767.9291
206	759.0668
7407	747.2359
1291	737.5446
-1194	730.2364
-1206	728.8784
170	734.6535
7314	746.56726
1303	766.42126
-1196	790.7939
-1197	819.5494
229	850.3346
7759	878.8265
1443	904.2206
-1197	921.11816
-1190	928.38385
224	924.0759
7583	905.88635
1387	876.55817
-1215	835.72565
-1201	788.01
146	737.38367
7361	686.65985
1361	641.9797
-1193	604.1867
-1197	576.5772
161	559.46674
7478	550.3051
1399	549.2069
-1195	551.29974
-1189	555.4371
101	559.5835
7361	561.1516
1444	562.3578
-1191	561.59766
-1188	562.02484
136	565.3446
7772	571.26526
1553	582.63257
-1194	596.73346
-1187	613.54767
96	630.8857
7681	644.58655
1565	654.50574
-1201	656.5807
-1199	651.35516
59	639.1538
7381	619.869
1451	598.0642
-1180	574.3105
-1176	552.9176
41	536.45215
7588	525.1097
1540	522.0859
-1196	525.04895
-1193	534.5218
-2	549.1417
7421	565.65955
1548	584.7225
-1186	602.7693
-1192	620.32184
-26	637.0662
7241	651.45245
1539	665.90576
-1186	678.4863
-1191	690.60156
-3	702.1062
7658	710.83704
1786	718.3251
-1202	721.57074
-1218	721.1551
-36	716.7708
7439	706.98975
1688	694.9171
-1179	679.88995
-1190	665.23
-57	653.3033
7507	644.68066
1764	643.41644
-1194	648.2616
-1190	660.55835
-95	679.3999
7170	701.30994
1703	725.9199
-1179	747.9227
-1201	766.43945
-178	779.89166
6872	786.0008
1650	787.2579
-1192	782.8903
-1196	776.3289
-184	770.1184
6871	764.9
1673	764.28186
-1202	766.614
-1199	772.532
-207	780.61945
7015	787.1667
1757	792.18097
-1179	791.87384
-1197	786.81067
-243	777.70105
7006	764.7277
1868	752.7649
-1194	742.80145
-1206	738.9917
-239	743.5541
7001	755.57245
1941	776.2873
-1171	801.1402
-1200	827.8355
-216	852.546
7099	869.9363
1977	879.4828
-1192	877.7974
-1187	866.67224
-243	848.5044
6779	825.1203
1874	802.51154
-1199	781.98505
-1187	767.5424
-276	760.6989
6873	759.56287
1992	764.5921
-1187	771.2625
-1190	777.9568
-303	782.6353
6747	782.5391
2006	779.9044
-1171	774.28125
-1180	769.20575
-321	767.67084
6733	770.51355
2064	781.2107
-1179	797.8513
-1208	819.81085
-322	844.29266
6956	865.86835
2181	882.8422
-1197	890.2851
-1186	887.6061
-332	875.25946
7101	853.6305
2354	828.4092
-1183	802.0979
-1187	780.0443
-356	765.9403
6793	760.06976
2261	764.502
-1171	775.49744
-1182	790.79144
-379	806.62836
7001	817.4224
2427	822.32513
-1186	818.1827
-1201	806.30383
-416	789.0804
6783	768.2736
2384	749.91736
-1196	735.97284
-1177	730.18835
-378	734.1456
6969	745.7897
2511	765.27716
-1183	787.7121
-1194	810.5243
-421	830.6646
6574	844.03705
2369	851.40424
-1182	850.9787
-1203	845.1332
-412	836.38873
6828	825.59717
2563	817.068
-1187	810.45386
-1197	807.2076
-402	807.0642
6986	806.8607
2734	806.697
-1184	802.7665
-1196	794.40204
-434	781.1233
6804	761.4624
2741	738.6787
-1169	712.9824
-1201	687.7866
-460	666.0127
6941	648.1614
2939	637.82336
-1160	633.77576
-1192	636.5946
-472	645.4918
6756	656.9893
2824	671.03937
-1167	683.75446
-1204	694.38715
-472	702.2869
6808	705.4562
3029	706.35583
-1167	704.2563
-1201	701.51776
-451	700.1532
7136	699.83356
3234	703.64496
-1170	710.201
-1191	719.9964
-461	732.4141
7054	744.1328
3286	755.35425
-1166	762.58636
-1190	765.2416
-449	763.0082
7310	754.1826
3501	741.84985
-1170	725.95264
-1201	709.53815
-495	695.36316
7130	683.6199
3525	677.6417
-1159	676.1276
-1199	679.3408
-426	686.314
7573	693.21436
3771	700.0629
-1165	703.4778
-1189	703.1426
-452	699.37616
7387	691.2185
3813	682.4338
-1159	673.63495
-1197	667.8768
-499	667.5001
7267	671.7701
3857	682.78314
-1146	698.05615
-1181	716.55426
-507	736.52954
7223	753.89777
4001	768.7734
-1148	778.36115
-1184	783.1087
-472	784.0086
7539	780.27374
4181	775.3702
-1146	769.1102
-1200	763.3038
-464	759.0637
7635	754.62427
4216	751.84186
-1154	748.8997
-1190	746.25073
-515	744.4048
7249	741.8697
4141	741.2177
-1124	741.54297
-1186	744.00024
-547	749.092
7174	754.38586
4139	760.66095
-1129	764.86566
-1199	766.0505
-594	763.4413
6921	754.6745
4069	742.0272
-1142	725.51697
-1204	708.1098
-630	693.1529
6708	681.70264
3942	677.85815
-1126	681.238
-1188	692.3807
-630	710.4272
6818	731.09766
4066	753.184
-1112	772.1778
-1201	786.3364
-666	794.92444
6806	796.1556
4197	793.1118
-1121	786.47205
-1201	779.364
-777	774.7136
6082	772.454
3891	774.78107
-1116	779.7256
-1193	786.3685
-739	793.2899
6577	796.74963
4153	797.0783
-1116	792.5165
-1204	784.1816
-757	774.2825
6381	763.41144
4076	755.8121
-1124	752.4295
-1204	755.2237
-752	765.2066
6543	779.94836
4256	799.6288
-1096	820.84985
-1186	841.8832
-760	861.4411
6629	876.4843
4395	888.3251
-1081	896.05286
-1192	901.01324
-839	905.0383
6382	907.504
4336	910.9462
-1089	914.58
-1204	918.8739
-827	924.27374
6393	928.7678
4390	933.931
-1083	938.73175
-1192	944.1265
-858	951.56415
6259	960.0874
4348	971.8745
-1091	985.8847
-1191	1001.99365
-834	1019.74567
6123	1035.8499
4303	1050.1234
-1070	1059.7462
-1182	1063.9111
-864	1062.8676
6174	1055.2957
4329	1044.0396
-1096	1029.8342
-1204	1015.21625
-511	1002.988
7551	993.10144
5438	988.71484
-1026	989.66394
-1189	996.2617
-882	1008.7635
6171	1024.5785
4636	1044.1494
-1057	1065.1426
-1206	1086.5724
-914	1107.8927
6027	1126.1055
4461	1141.5499
-1062	1151.9291
-1184	1156.6193
-912	1155.8865
6124	1147.9908
4615	1135.141
-1077	1117.6338
-1201	1097.5935
-909	1077.9958
6018	1059.3164
4543	1044.8853
-1050	1034.5771
-1183	1028.5995
-914	1026.6816
6111	1025.1333
4736	1023.05664
-1033	1017.08093
-1194	1005.6276
-925	988.83307
5933	965.6911
4758	939.7475
-1046	913.13354
-1193	889.6886
-947	873.7342
5993	866.1366
5176	869.3766
-992	882.0014
-1177	901.65375
-957	925.2686
5818	946.53424
4801	962.2938
-1030	967.9241
-1209	961.4424
-976	943.5801
5624	914.6197
4716	879.60504
-1012	842.3112
-1174	807.9065
-423	781.65466
7371	764.8775
5960	760.627
-957	767.69995
-1197	783.7922
-997	806.2425
5499	829.271
4822	850.21747
-1016	865.06635
-1193	872.171
-992	872.49646
5628	866.0493
5013	857.07074
-989	848.3335
-1186	843.366
-1012	845.8202
5624	855.38855
5068	873.01
-994	895.7952
-1196	920.20264
-1019	942.958
5574	958.2332
5090	964.07434
-999	958.00995
-1209	940.4957
-1017	915.2255
5591	885.0105
5171	856.61566
-974	834.6597
-1204	823.32983
-1009	825.7994
5708	839.8034
5328	863.2747
-974	889.71967
-1174	912.14307
-1022	924.975
5639	921.5852
5434	901.26825
-962	865.0822
-1199	818.47125
-1060	771.23444
5548	732.0595
5490	712.2714
-958	718.8742
-1188	755.5799
-1041	822.4257
5696	911.4565
5737	1013.3154
-933	1114.0996
-1195	1199.9518
-1074	1260.3524
5479	1285.8918
5721	1275.1746
-934	1230.5461
-1192	1159.555
-1057	1074.5049
5555	986.0569
5847	906.7081
-926	844.4091
-1203	803.3763
-1076	785.1403
5377	784.72205
5812	797.45374
-906	816.04565
-1198	834.242
-1097	849.21405
5500	857.5927
5901	861.0342
-927	860.9258
-1209	859.5243
-1089	860.2094
5470	862.23486
5905	866.1809
-930	869.84705
-1209	870.78546
-1099	868.7101
5367	861.77356
6063	852.52277
-901	843.59296
-1216	838.57007
-1121	842.4956
5177	856.1109
5773	880.29266
-903	911.44446
-1194	943.34814
-1104	969.8425
5376	981.9286
6121	975.1668
-888	947.38666
-1187	900.93176
-1107	844.5489
5276	787.8732
6304	744.82697
-865	727.26965
-1184	743.3843
-1120	797.4866
5191	884.31494
6265	994.5423
-867	1112.544
-1199	1219.9474
-1113	1300.9017
5154	1340.5647
6291	1332.9127
-869	1278.6542
-1212	1185.5254
-1139	1069.0964
5103	945.53
6499	833.5558
-837	747.89764
-1200	697.33826
-1132	685.70465
5068	707.2123
6456	752.9996
-831	810.0823
-1189	864.5004
-1131	906.30896
4962	926.9013
6398	925.15247
-844	903.9656
-1196	869.6318
-1130	832.4174
5023	799.75037
6496	779.57556
-822	775.6913
-1210	787.6919
-1136	813.76086
4766	846.89276
6278	881.3779
-827	911.046
-1195	930.84515
-1140	940.10547
4600	937.9408
6189	927.79736
-816	913.5315
-1208	898.7666
-1147	888.50214
4615	883.6727
6262	885.81836
-787	894.12555
-1187	906.04376
-1152	920.4924
4261	933.7777
5949	944.8179
-810	952.59326
-1211	956.3802
-1155	958.1529
4253	957.6483
6036	956.7239
-797	956.2468
-1193	956.0773
-1171	957.6338
4102	959.3588
6092	961.43677
-784	963.07446
-1194	963.20685
-1150	963.26196
4146	961.98474
6339	960.1768
-750	958.1941
-1195	955.54
-1168	953.86804
4269	952.04144
6609	950.80585
-729	950.50616
-1196	950.56036
-1191	952.5273
4002	955.26074
6333	959.3292
-729	964.6086
-1180	969.82666
-1161	975.63104
3868	979.8245
6154	981.9407
-742	981.1873
-1196	976.2678
-1174	968.54083
3939	957.31744
6382	944.27594
-749	931.1506
-1211	918.93
-1170	910.7928
3701	906.9655
6179	908.77606
-711	916.5058
-1186	928.70447
-1185	945.5732
3709	964.21387
6273	983.1963
-695	1000.857
-1194	1014.636
-1180	1024.9164
3658	1029.9305
6451	1030.063
-672	1026.1022
-1205	1018.1022
-1191	1008.7764
3668	998.3969
6511	988.80963
-680	981.6984
-1211	977.18555
-1183	977.3114
3697	981.06055
6489	988.4126
-671	998.44415
-1207	1008.902
-1184	1019.8908
3559	1028.6571
6559	1034.1487
-639	1035.904
-1192	1032.7407
-1184	1026.6624
3337	1017.8226
6229	1008.29126
-666	1000.2654
-1202	994.4115
-1207	993.28613
3340	996.00085
6473	1002.10504
-617	1010.3727
-1174	1017.562
-1183	1022.78156
3368	1022.835
6593	1016.6425
-626	1004.3721
-1209	985.86285
-1206	964.5595
3223	942.042
6591	921.36664
-609	905.47656
-1185	894.9117
-1187	891.60486
3087	893.65094
6434	899.25183
-622	906.07104
-1205	910.10187
-1201	910.3913
3111	904.30133
6618	891.64813
-561	873.83185
-1191	851.7065
-1214	829.4869
3266	808.82837
6976	792.15656
-558	781.48236
-1206	775.8817
-1194	776.1507
3164	779.6564
6851	784.60614
-552	789.78314
-1198	792.77466
-1201	794.96204
2943	796.0602
6571	797.67114
-556	802.1897
-1199	810.03784
-1187	823.8739
2838	842.7145
6473	865.43036
-552	890.17065
-1199	912.51715
-1208	930.7758
2880	941.0381
6682	941.43616
-499	932.08234
-1198	912.71967
-1187	887.4732
2898	858.8858
6836	830.9306
-482	807.89386
-1196	791.18866
-1194	783.85974
2998	784.7345
7235	792.15265
-434	804.14636
-1194	816.06964
-1190	826.39813
2869	831.6558
7214	830.3815
-429	823.33325
-1176	810.2867
-1195	795.151
2718	779.7414
6970	766.70294
-442	759.0084
-1192	756.5643
-1209	761.1601
2517	770.9921
6661	784.23694
-457	799.3191
-1174	812.5473
-1195	823.76135
2219	831.01135
6783	833.85675
-394	833.71313
-1192	830.3994
-1193	827.32196
2624	825.22534
7248	825.1937
-376	828.73267
-1211	834.0847
-1198	841.96344
2619	849.87054
7351	855.6957
-351	858.58167
-1199	855.57477
-1206	847.7333
2461	834.3984
7138	816.4358
-314	796.5863
-1198	775.5035
-1208	757.3247
2338	743.33734
6939	734.86597
-366	733.5538
-1206	737.6695
-1187	748.00806
2241	762.17163
6861	777.9315
-347	794.11
-1182	807.2167
-1190	817.52075
2198	823.31335
6873	824.0193
-317	820.7598
-1176	812.5842
-1192	802.1972
2198	789.90875
6991	776.5208
-307	764.0912
-1189	751.98926
-1191	742.80493
2203	736.5567
7079	733.62225
-286	735.6663
-1194	741.4765
-1196	752.8431
2143	768.7256
7144	788.00037
-269	810.5148
-1194	832.9298
-1203	854.9052
2141	873.5366
7278	886.3938
-212	893.12427
-1194	891.21405
-1197	882.1891
2096	866.09186
7218	844.0435
-209	819.39636
-1181	792.9239
-1191	768.6057
2116	747.6598
7382	730.9515
-219	720.41235
-1197	714.20386
-1201	713.2325
2219	715.62415
7823	719.6248
-137	725.67596
-1186	731.32477
-1187	738.06036
2157	745.3734
7619	753.2922
-158	763.8484
-1186	775.72394
-1196	790.87573
2199	808.31866
7791	826.8003
-115	846.7363
-1199	865.0195
-1210	882.0223
2138	895.8779
7666	905.231
-129	911.1885
-1194	911.9711
-1187	909.4985
2120	903.462
7786	893.6714
-71	881.9201
-1195	866.47614
-1189	848.99396
2126	828.7031
7756	805.0983
-92	780.2017
-1197	753.10645
-1215	726.8756
2205	702.62634
8064	681.83594
-32	668.27936
-1197	661.8671
-1189	665.3605
2225	678.24835
8176	699.0741
-5	727.8255
-1217	760.0489
-1212	794.41125
2196	827.0716
8151	854.51965
20	876.27124
-1196	889.03284
-1205	894.10516
1137	891.5294
7314	881.6968
126	867.8239
-1196	849.99695
-1189	831.6808
2211	813.6397
8343	796.17755
64	781.6691
-1186	768.2361
-1199	757.33826
2229	747.81366
8481	738.39355
83	730.58124
-1186	722.22266
-1200	714.947
2096	708.28015
8093	701.88165
26	698.0372
-1182	695.19525
-1201	695.34985
1994	697.9343
8039	702.03406
45	709.01
-1183	716.1368
-1192	724.23596
2079	731.69885
8539	736.8275
153	741.0276
-1191	742.0024
-1197	741.63367
1910	739.8904
8316	736.815
168	735.44977
-1179	734.7772
-1186	737.1647
1844	742.2412
8319	748.77277
225	757.83875
-1201	766.0748
-1204	773.6545
1631	778.66254
8064	779.30365
219	777.26215
-1202	771.0462
-1189	763.80176
1672	756.9392
7983	751.7583
185	752.1121
-1185	757.23785
-1188	769.26074
2002	786.87256
9264	807.31964
373	830.5355
-1194	851.75195
-1204	870.1823
1611	883.50793
8255	889.91864
288	891.70825
-1202	888.0513
-1203	882.41815
1551	876.3363
8084	870.6382
283	868.4702
-1190	868.05383
-1184	870.491
1521	874.0906
8090	876.4011
327	878.09973
-1205	876.2756
-1198	872.5508
1452	867.1666
8101	860.4474
354	855.9789
-1191	852.9452
-1181	853.9377
1454	858.50867
8301	864.7657
421	873.33813
-1197	880.2549
-1194	885.7674
1432	888.6076
8308	887.91705
454	887.1304
-1204	886.2386
-1207	889.4675
1371	898.6023
8395	913.7524
521	936.8002
-1185	963.5148
-1194	991.67554
1204	1015.8185
7988	1029.389
443	1029.8146
-1179	1011.80255
-1192	976.4034
1200	925.57916
8091	863.4328
516	799.58093
-1177	740.4739
-1171	696.4089
1659	673.9461
9776	676.0264
776	706.06195
-1191	758.7095
-1201	829.3059
1108	908.5937
8646	985.1887
739	1051.6832
-1171	1097.9435
-1186	1120.7295
1070	1118.4634
7968	1092.4778
557	1050.6156
-1194	998.54816
-1190	946.59143
1023	902.4747
7894	871.2002
582	858.32684
-1210	861.95483
-1195	880.9919
1023	910.14233
7949	942.0605
632	972.7863
-1189	995.18146
-1197	1007.88684
976	1010.0302
7934	1002.1642
644	989.9524
-1197	975.4715
-1199	964.3569
929	959.0727
7907	959.2548
654	965.79663
-1221	973.3393
-1216	979.2532
893	978.9107
7789	967.8202
651	946.86487
-1192	915.0671
-1205	877.927
848	841.0548
7774	810.1265
693	793.88904
-1201	794.9716
-1193	817.1522
777	858.936
7549	914.5046
653	978.66113
-1195	1040.334
-1194	1092.3516
639	1127.2181
7154	1139.265
613	1129.4637
-1198	1098.0161
-1199	1052.0305
613	998.56866
7350	944.1756
718	897.7488
-1199	861.7212
-1201	840.0299
745	831.9535
7841	833.52124
753	842.9391
-1194	853.53406
-1191	863.3903
662	870.02875
7760	871.5234
820	870.88544
-1184	867.5234
-1196	865.25867
539	865.64343
7345	868.32043
802	875.1955
-1203	882.92017
-1197	891.7017
603	899.94037
7589	905.4989
837	910.5031
-1201	913.3594
-1199	917.0506
476	922.679
7083	929.66656
751	939.5414
-1174	948.20416
-1188	954.57385
482	955.2363
7436	946.06995
906	927.64703
-1172	898.1401
-1184	862.3898
434	825.7029
7409	793.8474
910	776.411
-1196	777.4418
-1187	802.76855
447	852.8606
7313	923.0614
886	1008.3061
-1204	1096.25
-1172	1177.476
448	1241.2687
7509	1277.8904
996	1285.062
-1189	1260.1195
-1192	1208.6031
407	1138.0062
7477	1056.7302
1016	977.0695
-1196	905.5349
-1199	850.3529
393	814.5899
7602	796.6681
1068	795.63196
-1187	803.9841
-1189	817.8554
379	832.0046
7578	841.33386
1121	846.1433
-1194	844.13214
-1192	838.6239
322	831.9907
7401	825.42163
1041	822.96893
-1203	823.1051
-1198	827.2172
313	833.9124
7628	839.88446
1169	845.357
-1190	846.2516
-1192	843.56946
279	837.42786
7849	827.34894
1300	817.2046
-1188	806.3235
-1188	798.0156
239	793.3483
7698	791.2343
1295	793.5615
-1171	796.83606
-1183	801.2712
203	805.2081
7639	805.55536
1326	803.25653
-1187	794.99133
-1197	781.9911
178	764.44434
7720	741.5934
1379	717.0276
-1192	690.1923
-1191	664.9059
171	643.6231
7471	627.3955
1289	620.6525
-1189	622.2567
-1186	634.71423
141	657.55005
7438	687.5078
1359	723.8662
-1184	760.3838
-1212	794.5666
91	822.5857
7201	840.0285
1234	847.4706
-1196	842.5355
-1197	828.52606
91	808.5311
7407	784.90826
1433	763.80695
-1182	746.1247
-1200	735.4706
80	732.35614
7567	734.1042
1526	740.56744
-1194	746.2352
-1182	749.5465
91	748.19305
7753	739.4982
1591	726.2664
-1214	707.9868
-1192	689.2174
24	673.4809
7433	662.3645
1531	660.26044
-1198	665.40204
-1214	678.40643
-139	697.02594
6719	716.5139
1400	735.3603
-1187	747.9843
-1191	753.9288
-110	752.806
6921	744.1822
1482	732.5616
-1186	718.731
-1212	707.43677
-100	701.478
6940	700.9636
1478	708.2485
-1217	719.7639
-1203	734.7382
-161	750.5457
6741	763.1163
1516	772.62354
-1186	775.43335
-1195	773.78326
-161	769.43494
6949	763.13873
1640	759.5546
-1206	758.1776
-1207	761.6439
-174	770.0802
6939	780.69226
1642	793.4268
-1188	803.2907
-1189	809.1735
-192	809.4503
7161	801.90533
1796	789.50775
-1190	772.0371
-1194	753.8739
-238	738.6162
7031	727.85236
1831	726.0712
-1197	732.0482
-1200	746.7131
-292	768.4533
6735	792.8876
1769	818.7439
-1187	840.5018
-1192	856.9385
-235	866.7654
7117	868.17725
1933	864.3881
-1189	855.1058
-1196	844.1053
-280	834.03577
6981	825.262
1981	821.0845
-1183	819.5588
-1200	821.3896
-317	825.5967
6774	829.17065
1943	832.85187
-1191	833.5071
-1179	832.0311
-321	828.862
6725	823.08563
1950	817.6319
-1196	811.1822
-1202	805.4841
-350	800.8604
6636	795.42566
1988	790.5974
-1199	783.6734
-1203	775.27637
-384	765.5055
6454	753.23615
1954	741.40985
-1170	729.2741
-1197	719.45404
-428	713.5353
6309	710.9579
1999	714.06256
-1188	720.4582
-1209	730.67426
-455	743.9463
6204	757.7098
1970	773.0617
-1166	787.35706
-1185	801.73285
-405	816.66144
6544	830.8218
2155	846.24567
-1167	860.4356
-1172	873.3734
-434	883.61743
6469	887.48895
2196	884.8693
-1189	872.0853
-1194	849.6263
-481	818.4481
6196	779.10803
2181	736.8429
-1172	693.9357
-1205	655.8342
-531	626.69495
6100	607.696
2221	601.75073
-1192	606.0552
-1192	619.1704
-481	637.6933
6202	655.8868
2176	671.79175
-1184	680.5218
-1190	681.8007
-495	676.31525
6069	664.4698
2330	651.0799
-1178	637.591
-1201	628.0628
-536	624.8905
6168	627.2641
2410	636.42664
-1191	648.6504
-1198	662.5644
-545	676.0966
6183	685.8622
2473	692.9239
-1179	695.7129
-1188	696.6505
-529	698.13385
6364	700.68494
2717	707.79755
-1152	718.15796
-1202	732.1492
-528	748.3174
6546	762.39014
2867	773.4235
-1176	777.11145
-1206	773.02844
-483	761.5982
6867	742.7395
3109	721.40955
-1176	699.65576
-1204	682.3647
-496	673.2234
6985	672.547
3300	682.7181
-1166	700.58167
-1191	724.20465
-477	750.1671
7104	772.6636
3374	790.2348
-1169	798.66754
-1204	798.05475
-479	789.572
7327	773.5152
3641	754.95795
-1167	735.4381
-1206	718.73315
-461	707.27576
7314	700.0916
3728	698.8595
-1162	700.52985
-1189	703.9844
-469	707.59247
7267	707.842
3714	705.79144
-1158	699.59607
-1191	690.78107
-536	681.0601
6023	670.35754
2584	661.825
-1151	654.32477
-1189	648.87823
-523	645.3428
7243	640.845
3932	636.1763
-1129	628.8103
-1182	619.0956
-478	607.8143
7328	594.27484
4028	582.22925
-1139	572.32855
-1196	567.3646
-513	569.31464
7346	577.0275
4122	592.1368
-1152	611.74945
-1203	634.3119
-469	657.5051
7729	676.5595
4365	691.1051
-1138	697.9847
-1201	697.2542
-576	689.8469
7181	675.27344
4243	657.4791
-1137	637.23865
-1196	617.5281
-571	600.75244
7099	586.3664
4111	576.9122
-1133	570.89246
-1185	568.49475
-593	569.44244
6927	571.0268
4152	574.21045
-1131	577.0071
-1195	579.4509
-632	581.72784
6742	581.9564
4062	581.992
-1134	580.6802
-1193	578.8926
-679	577.5471
6571	575.38885
3935	574.70886
-1107	574.61584
-1189	576.079
-640	579.8031
6796	583.9505
4156	590.04913
-1093	596.3975
-1210	603.0378
-763	610.13184
6284	615.85144
3871	622.15125
-1106	628.2634
-1197	635.62
-816	645.8042
6127	657.9842
3950	674.2967
-1106	693.3319
-1203	714.914
-862	738.387
5674	760.59424
3699	781.6104
-1128	798.8826
-1211	812.53827
-869	823.6315
5748	831.7621
3772	840.2928
-1113	849.71124
-1192	862.00024
-871	878.46564
5803	897.04736
3916	917.8385
-1106	937.3433
-1199	953.54193
-887	965.066
5451	969.46515
3870	968.8727
-1109	964.221
-1194	959.5388
-912	959.62256
5310	966.64087
3605	984.35297
-1096	1011.34204
-1187	1045.2994
-923	1081.5626
5241	1111.4282
3716	1128.596
-1091	1125.044
-1191	1096.9628
-915	1044.5608
5364	970.1221
3739	883.0694
-1104	793.15027
-1216	713.1214
-478	655.2143
7174	626.5244
5164	633.3676
-1051	674.2178
-1197	743.57007
-931	832.2379
5511	926.32355
4041	1014.73584
-1072	1085.7949
-1194	1132.9409
-940	1154.7515
5150	1152.4546
3827	1134.1721
-1094	1107.9962
-1206	1083.8099
-947	1070.4043
5359	1071.2064
3964	1088.6542
-1082	1118.7594
-1192	1155.6389
-942	1192.1355
5421	1218.8633
4018	1231.1798
-1074	1224.8881
-1209	1200.7526
-961	1163.4393
5400	1117.8391
4114	1073.0142
-1072	1035.1324
-1199	1009.75397
-975	1000.09186
5178	1003.79816
3961	1018.4679
-1068	1037.3041
-1186	1053.9501
-987	1063.3541
5055	1060.1405
3901	1044.5199
-1068	1017.2997
-1181	982.8775
-993	947.8357
4959	916.7761
3896	896.10547
-1072	887.8897
-1196	892.7367
-1004	909.1823
4800	931.4262
3838	955.2124
-1056	974.08215
-1181	983.74866
-936	982.5891
5346	969.0044
4986	946.38745
-1006	917.92413
-1190	888.1177
-995	861.9149
4613	840.71497
3610	826.69855
-1074	817.72876
-1185	811.18756
-1044	804.3977
4889	792.53845
4414	774.65674
-1016	749.64905
-1205	719.3627
-1026	688.3729
4840	659.98926
4281	640.2198
-1017	631.7938
-1194	636.2917
-1029	653.65125
5090	678.84937
4708	707.7758
-1007	733.4947
-1198	750.48254
-1044	756.06573
4894	747.725
4615	728.5095
-988	701.8117
-1191	673.2952
-1053	649.7631
4964	634.0606
4683	629.2291
-1004	633.1362
-1206	641.7074
-1055	650.2017
5149	651.0132
4940	640.8263
-987	617.2273
-1197	582.5498
-1054	544.39734
4934	510.83316
4843	493.91293
-970	502.6719
-1202	543.6524
-1066	619.60785
5011	724.5932
4917	849.5716
-961	979.0395
-1192	1096.1392
-1079	1186.0964
4907	1235.0487
4934	1237.4341
-966	1193.008
-1186	1108.8363
-1067	998.4338
4987	876.14514
5151	759.4236
-969	661.5539
-1200	591.92804
-1084	555.8138
4991	550.1232
5219	569.7674
-949	604.90436
-1196	645.3978
-1097	683.81104
4925	712.613
5369	730.1891
-946	736.3513
-1212	733.6844
-1088	727.4938
4940	720.1961
5441	715.6368
-941	714.10583
-1206	714.67883
-1106	716.874
4909	716.99164
5449	714.3162
-934	707.5007
-1167	696.6763
-1081	684.7348
5019	672.2492
5685	662.1217
-899	654.8185
-1206	649.7045
-1139	646.54913
4851	641.55707
5610	633.3776
-911	620.02423
-1203	601.1183
-1126	579.9103
4814	558.6694
5672	543.21533
-887	538.0748
-1187	546.5993
-1120	571.6194
4697	610.3361
5583	659.34186
-901	711.48566
-1196	758.30383
-1129	793.2092
4571	808.72424
5553	802.6813
-877	775.22943
-1178	730.1423
-1126	675.80023
4596	619.47736
5623	570.75684
-881	536.5034
-1202	520.67505
-1141	525.56104
4626	547.49365
5811	582.4677
-831	623.9075
-1192	664.6824
-1140	700.44867
4458	726.1375
5627	741.19836
-889	746.36774
-1199	743.591
-1127	737.4297
4469	729.87744
5666	724.41864
-869	722.4418
-1198	723.62244
-1139	728.3764
4332	733.97626
5721	739.7802
-855	744.6948
-1186	747.7888
-1154	750.6939
4186	752.9973
5553	756.5225
-863	762.1286
-1201	769.4828
-1149	779.4252
3951	789.62317
5334	799.25134
-855	806.6247
-1197	809.8203
-1162	809.2761
4046	803.7945
5698	794.95306
-812	784.4233
-1196	773.47107
-1168	765.15234
4040	759.6411
5723	758.38196
-812	761.4562
-1183	767.52655
-1156	776.5715
3822	785.9725
5412	795.0853
-834	802.5708
-1184	807.34265
-1157	811.04126
3981	812.95337
6051	814.4501
-778	816.5279
-1198	819.1317
-1138	823.8468
3994	829.33844
6180	835.65234
-739	842.34735
-1196	847.8563
-1164	852.64624
3937	854.9693
6098	855.2391
-744	853.96313
-1184	851.09174
-1162	848.8174
3877	846.9467
6063	846.9731
-754	849.794
-1189	854.98444
-1155	863.62695
3606	873.9037
5861	885.25146
-734	896.54675
-1200	905.73254
-1169	912.94415
3713	916.2116
6121	915.71246
-721	912.02997
-1208	905.2029
-1169	897.6244
3819	889.36487
6406	882.0259
-679	876.8734
-1188	873.48773
-1176	872.88904
3633	873.1624
6264	873.5737
-692	873.3031
-1184	870.4695
-1178	865.61957
3323	857.5361
5811	847.0922
-722	835.7028
-1197	824.03986
-1177	814.8745
3554	808.4341
6240	806.04425
-679	808.46857
-1191	814.33307
-1167	824.1936
3503	835.5448
6294	847.0577
-681	857.6648
-1194	865.2462
-1187	870.04456
3439	870.4993
6368	866.98145
-651	860.5359
-1191	851.01544
-1197	840.7861
3264	829.85223
6265	819.48883
-627	811.1135
-1184	804.49756
-1176	801.3848
3284	800.79803
6334	802.70776
-646	806.9018
-1188	811.21735
-1185	815.586
3273	817.2489
6579	814.732
-596	807.3359
-1201	793.3012
-1196	774.1602
3066	750.0286
6323	723.18695
-637	697.0277
-1186	673.704
-1182	657.6694
3286	650.2097
7299	652.55493
-546	665.24725
-1194	685.3209
-1208	711.08923
2554	737.60504
6289	760.5721
-529	776.75244
-1186	782.3992
-1181	777.9101
2793	763.198
6161	741.0297
-569	715.9081
-1207	691.4455
-1198	673.64545
2910	665.19495
6498	668.32385
-537	683.94495
-1182	709.2961
-1198	742.6063
2833	778.6806
6475	813.0903
-528	842.4799
-1212	862.8168
-1206	874.28033
2713	876.25635
6286	870.56995
-519	860.51215
-1186	847.9389
-1187	837.0748
2661	828.8522
6364	823.9568
-522	822.4506
-1187	821.4602
-1199	820.3607
2594	816.10474
6360	807.1637
-509	793.74506
-1191	775.4333
-1197	755.9105
2609	737.3276
6521	723.08875
-486	717.04645
-1187	720.091
-1204	734.5149
2563	758.4295
6569	789.1501
-487	823.47284
-1203	855.4281
-1197	882.0449
2469	898.68134
6435	902.89465
-467	894.7678
-1202	874.1287
-1198	845.2942
2454	811.2149
6549	776.0454
-486	744.5995
-1189	718.7133
-1196	702.0478
2431	694.4992
6616	695.4712
-444	704.39197
-1212	717.9102
-1192	735.45654
2416	754.2019
6721	772.3448
-448	789.5814
-1216	803.635
-1202	815.4325
2369	823.62823
6899	827.5504
-367	827.8063
-1177	822.8193
-1191	814.38574
2219	802.44714
6615	788.1137
-409	774.109
-1201	761.0894
-1187	752.71265
2144	749.79565
6614	752.8014
-364	762.24585
-1191	775.10944
-1180	790.4213
2118	804.3728
6540	813.78503
-385	817.4109
-1212	812.9645
-1214	802.8001
2048	788.54803
6484	773.54254
-392	762.8626
-1201	758.794
-1197	765.4724
2029	782.7917
6624	808.81824
-341	840.8022
-1208	871.9062
-1199	897.62054
2003	911.60895
6664	909.45044
-340	890.58746
-1216	854.7525
-1187	807.3606
1953	753.78845
6659	700.9018
-315	656.9287
-1206	626.12823
-1198	613.53845
1909	619.0759
6646	640.0892
-277	672.99365
-1191	710.0858
-1191	746.4138
904	775.80273
6330	793.57996
-79	799.10315
-1186	791.6283
-1194	775.30695
1953	753.4393
6997	730.042
-222	710.3937
-1179	695.6652
-1179	688.7421
2043	688.51416
7127	692.752
-214	700.17303
-1189	706.3036
-1184	710.5257
2103	710.814
7394	706.55475
-179	700.1705
-1199	691.8101
-1196	685.34076
2071	682.1015
7503	682.9474
-126	689.7245
-1216	700.034
-1209	713.85376
2079	728.1818
7540	739.97876
-128	748.61584
-1202	750.94806
-1200	748.1144
2036	740.05566
7394	727.78815
-168	714.95245
-1216	702.1084
-1207	692.93317
2051	688.1104
7561	687.5388
-131	692.24677
-1206	699.0809
-1191	707.9116
2078	716.1364
7547	721.5956
-137	724.9296
-1212	724.236
-1203	721.97253
2087	718.9044
7686	716.17413
-99	717.0856
-1198	720.96564
-1193	729.6104
1446	741.733
7286	754.9544
24	768.5448
-1182	778.30853
-1183	783.79407
2154	782.99585
8023	775.01306
-22	762.5089
-1196	745.4757
-1191	728.03217
2121	712.00366
7961	698.7622
1	691.196
-1193	687.4005
-1210	687.96295
2043	690.312
7824	691.5291
9	691.32996
-1193	686.4762
-1202	678.30237
1902	666.9907
7635	653.5879
26	642.0178
-1197	632.5363
-1206	628.3467
1862	629.3642
7625	634.27185
3	643.15314
-1207	651.7355
-1196	659.36536
1808	663.64197
7576	663.0488
25	659.7916
-1181	653.50494
-1189	648.1564
1725	645.5775
7681	646.8164
78	654.28656
-1204	664.78705
-1200	677.6197
1668	688.5432
7718	692.60297
119	688.19604
-1191	671.13745
-1187	642.9763
1601	605.5313
7493	562.51117
67	521.7482
-1189	487.78058
-1186	467.9493
1829	465.65125
8106	481.45816
166	515.95074
-1181	563.0819
-1196	618.6267
1509	675.3885
7561	726.1983
158	768.0046
-1192	796.06586
-1195	811.7152
1508	816.40155
7705	812.7886
189	807.08435
-1196	801.4012
-1193	800.38043
1441	805.0799
7799	814.43555
243	828.8834
-1198	843.9911
-1187	858.6659
1544	870.10474
8088	875.86346
297	877.6
-1191	873.86664
-1192	867.5189
1404	859.6449
7721	850.728
284	843.7344
-1189	837.066
-1201	832.3014
1381	828.6757
7849	824.91644
319	823.03186
-1207	821.3212
-1196	822.10724
1408	825.7519
8069	831.8025
378	842.38855
-1186	854.6482
-1199	868.4519
1254	880.9327
7763	888.2775
369	889.95917
-1201	882.1852
-1208	866.19495
1084	842.8738
7331	814.1391
339	786.08215
-1186	761.43036
-1189	746.3885
1378	744.0695
8173	755.1935
438	781.61316
-1201	818.66943
-1195	863.6589
1110	910.7227
7581	953.05975
418	987.6095
-1182	1008.5593
-1182	1015.8968
1119	1009.72906
7702	991.37476
456	966.71533
-1185	938.08105
-1182	911.3347
1069	889.5165
7663	873.51624
498	865.83044
-1189	863.25024
-1201	865.1264
1027	868.3449
7673	869.0812
523	867.3938
-1219	860.2143
-1206	849.315
1031	835.7087
7919	820.3623
621	807.9223
-1210	798.5682
-1213	795.3652
978	798.4562
7575	806.0042
538	818.32825
-1199	830.7846
-1187	842.1349
928	849.57776
7730	850.2141
611	845.6384
-1186	834.451
-1182	820.11523
829	805.1169
7459	791.3726
585	783.8217
-1190	782.3893
-1190	789.45844
788	804.2135
7538	823.576
648	846.7852
-1183	868.3312
-1201	886.40875
721	898.0688
7398	900.3598
629	895.31915
-1195	881.65283
-1194	862.7338
653	841.0743
7413	818.38074
711	799.45197
-1203	784.2248
-1189	775.6009
714	773.83575
7445	777.4789
702	787.81085
-1194	801.46497
-1198	818.72076
638	837.9763
7270	856.6462
673	875.3484
-1186	890.3397
-1184	901.825
613	908.2804
7321	907.5015
763	901.1456
-1163	887.33295
-1192	869.1393
593	848.7635
7268	828.1321
749	812.7284
-1179	803.3924
-1189	804.0177
609	815.1493
7380	834.4637
791	861.1019
-1198	888.37787
-1194	912.72833
590	928.90265
7590	931.6677
886	921.172
-1192	895.58386
-1187	859.56793
578	818.0572
7782	776.0631
1005	742.23096
-1182	719.69055
-1184	713.4364
486	723.969
7359	747.8628
919	782.63086
-1192	819.8944
-1189	854.8818
445	881.81793
7273	895.536
908	896.8215
-1178	884.4529
-1176	863.19916
466	837.55475
7470	811.2153
1015	790.6505
-1196	776.44836
-1196	771.4419
443	774.7484
7507	782.80066
1031	794.6217
-1197	804.7154
-1199	812.3048
406	815.9634
7441	814.4003
1034	810.92316
-1192	805.19037
-1172	801.04047
402	800.18005
7607	802.208
1129	809.20776
-1200	817.82043
-1199	827.8377
329	837.0946
7384	842.3686
1099	844.5108
-1187	840.8606
-1201	833.5515
281	823.77905
7208	811.90247
1122	801.70074
-1185	792.3099
-1195	786.0996
297	783.08075
7351	781.34827
1153	782.076
-1194	781.83813
-1191	781.2085
263	779.4618
7319	774.97864
1167	770.1011
-1212	763.02985
-1216	756.0051
203	749.6377
7387	742.98895
1298	738.4707
-1184	733.90656
-1184	730.7291
214	728.7631
7319	726.543
1264	726.2104
-1204	725.5076
-1186	726.21136
253	728.3547
7702	730.33
1444	734.0457
-1209	736.69305
-1192	739.0412
201	740.3454
7368	738.5968
1341	735.71576
-1198	729.56647
-1179	722.2628
153	714.7681
7188	706.81555
1339	701.694
-1199	697.96765
-1203	697.6128
103	700.5697
7041	704.8403
1289	711.5392
-1181	717.07605
-1200	721.91626
98	725.28827
7116	725.4738
1328	724.93066
-1191	722.2534
-1200	720.26825
42	720.54956
6988	723.1244
1303	731.18066
-1204	742.8207
-1202	759.23364
-27	779.389
6703	800.13043
1247	821.27905
-1194	838.0399
-1192	849.74963
-7	854.79333
6747	850.8822
1255	840.1709
-1189	821.3915
-1184	797.983
-60	772.67755
6618	747.0488
1267	726.05255
-1192	709.9008
-1186	701.58417
-108	701.77924
6351	708.6482
1185	722.6454
-1196	739.05896
-1203	756.7625
-117	773.2424
6682	784.90125
1376	792.4696
-1187	793.3496
-1195	789.6325
-131	782.9917
6788	774.0765
1453	767.24774
-1192	762.18896
-1198	761.6079
-111	766.0332
6749	773.46796
1474	784.6339
-1186	795.3317
-1204	804.8246
-152	811.348
6802	812.0911
1506	808.64624
-1211	799.0926
-1206	785.921
-161	770.985
6644	754.79114
1488	741.32324
-1202	729.77216
-1192	722.47986
-196	719.94305
6482	720.4331
1476	725.1976
-1189	730.9474
-1191	737.882
-207	745.1442
6386	750.5318
1468	755.5994
-1196	757.88885
-1188	758.8187
-224	758.84515
6330	756.9483
1438	755.6465
-1173	753.2653
-1193	751.69257
-257	751.7327
6196	752.6016
1441	756.86145
-1204	762.6959
-1186	771.5638
-292	783.53485
6126	796.7051
1536	812.1714
-1197	826.6038
-1179	839.9039
-289	850.94995
6158	857.1784
1569	859.7996
-1197	856.33575
-1206	848.2097
-314	836.34534
6236	820.37494
1667	803.5846
-1202	785.1971
-1214	767.6955
-339	752.3625
6229	738.52435
1716	728.6457
-1202	720.86725
-1209	716.3706
-394	715.2131
6023	715.63007
1664	719.0672
-1199	722.7645
-1187	727.0539
-389	731.21796
5972	732.811
1685	732.75934
-1189	728.20795
-1193	719.907
-370	708.2221
6426	692.352
1955	675.5997
-1179	657.62885
-1190	641.49677
-397	629.2658
6179	620.7973
1904	618.66064
-1191	620.4474
-1209	626.1354
-422	634.10956
6222	640.5623
1954	645.20325
-1191	644.04456
-1202	637.2704
-467	625.31274
5896	607.94885
1857	589.24066
-1184	569.9006
-1201	553.9303
-511	544.20306
5093	541.2171
1224	547.42615
-1193	560.1523
-1204	578.96173
-472	601.83167
6067	624.62164
2031	646.7543
-1167	664.20996
-1176	676.9109
-446	684.97406
6194	687.51825
2143	687.75995
-1188	685.2422
-1187	682.573
-479	681.3314
6084	680.7229
2153	682.7877
-1178	685.1104
-1191	687.9655
-489	690.7932
6200	691.216
2268	690.6084
-1183	686.7146
-1192	680.7178
-533	673.4646
6086	664.0878
2342	655.2253
-1193	645.6402
-1211	636.90027
-519	629.79395
6181	623.03046
2451	618.6161
-1178	614.67017
-1200	611.9911
-534	610.73224
6111	609.03455
2441	608.37964
-1189	606.4039
-1197	603.5869
-527	599.9424
6256	593.7045
2629	586.8653
-1176	578.0034
-1212	568.7826
-563	560.5876
6301	552.88086
2760	548.5236
-1159	546.31903
-1191	547.3205
-558	551.6071
5676	556.9017
1549	564.05444
-1179	569.7134
-1199	573.9204
-587	576.64764
6214	576.48895
2943	576.1351
-1161	575.0337
-1198	575.4925
-581	579.14404
6316	584.86584
2983	594.11456
-1164	603.78235
-1192	612.58417
-575	618.5212
6467	617.71387
3173	610.64923
-1154	595.61993
-1198	574.91046
-587	551.9631
6259	529.1993
3139	512.78
-1152	504.91992
-1207	508.84048
-631	525.4705
6174	551.49036
3216	584.96826
-1180	619.28876
-1204	649.8223
-640	672.40094
6231	682.48663
3296	681.3038
-1144	669.25037
-1197	651.0805
-642	632.4662
6299	616.9379
3347	610.1895
-1148	612.39307
-1194	623.0494
-651	638.7412
6369	651.96594
3503	657.93964
-1138	649.45306
-1189	623.5826
-677	580.43463
6251	521.6405
3544	455.5241
-1141	389.59018
-1184	334.05035
-665	297.93588
5966	285.59332
3077	300.93326
-1142	340.55002
-1204	399.3234
-721	469.26978
6058	539.2306
3455	602.0059
-1147	649.43677
-1196	678.5426
-753	689.7584
5734	684.59955
3415	669.9516
-1152	650.5533
-1199	632.6985
-773	621.0566
5886	615.9903
3479	618.8894
-1151	626.34534
-1202	635.98663
-800	645.4135
5772	650.9442
3523	653.44165
-1141	652.1643
-1197	649.3887
-826	647.7848
5578	647.58606
3439	651.21454
-1129	656.9603
-1203	663.8943
-831	670.42914
5662	672.9014
3507	671.6115
-1124	665.37933
-1193	656.4198
-835	648.3175
5938	643.12463
3733	645.86084
-1127	657.43054
-1198	678.3278
-854	706.6701
5598	736.18616
3609	762.21906
-1127	777.10614
-1201	775.99774
-869	756.50415
5546	717.40515
3622	664.06067
-1101	602.2252
-1186	541.2217
-577	490.83502
6450	457.44223
4261	448.0841
-1106	463.55505
-1202	502.1334
-874	558.9337
5458	624.6147
3641	692.0028
-1096	752.00397
-1193	799.046
-889	830.5735
5396	844.9483
3638	846.19946
-1102	837.53845
-1192	824.37683
-911	811.92584
5332	801.93555
3647	797.366
-1111	796.82837
-1200	799.06976
-925	802.4426
5240	803.23975
3669	801.42377
-1077	795.6062
-1175	786.9714
-928	777.91815
5190	769.11456
3669	763.9826
-1101	762.8564
-1202	766.4566
-919	774.81995
5319	785.0506
3753	796.8821
-1092	807.55634
-1192	816.3026
-922	823.4807
5197	828.01825
3762	832.29913
-1086	836.4234
-1186	841.56274
-922	848.66034
5151	855.64856
3678	862.5679
-1082	866.42365
-1204	865.5211
-947	859.0151
4993	844.7904
3606	824.74805
-1062	799.63324
-1177	772.4484
-926	747.1353
5309	725.331
4180	710.75116
-1057	703.9942
-1203	705.0735
-959	712.90173
5055	723.32684
3837	734.5409
-1071	742.59314
-1205	745.5419
-976	743.2302
4935	734.77045
3846	723.36444
-1067	710.7814
-1190	700.2161
-988	694.95087
4899	694.9531
3813	701.48096
-1064	711.97266
-1200	723.7647
-1003	734.1269
4756	738.2733
3639	735.11743
-1059	722.8139
-1191	702.7139
-996	678.6877
4762	653.82355
3821	634.53955
-1050	624.6244
-1215	627.4996
-1018	645.0368
4829	674.19586
3894	712.1244
-1041	751.811
-1195	786.43884
-1005	810.3868
4746	817.5418
3905	807.2945
-1049	780.2488
-1194	741.31995
-1024	698.79
4791	659.9944
4059	634.72894
-1019	628.799
-1189	645.7785
-1036	686.12396
4524	743.9796
3983	812.693
-1039	881.452
-1205	940.00006
-1031	980.3902
4724	995.27295
4119	983.8029
-1027	947.3507
-1204	892.0375
-1032	826.8838
4666	759.8722
4188	700.9395
-996	655.9202
-1197	628.3138
-1055	619.259
4477	624.4806
3991	640.0809
-1015	659.13995
-1192	675.919
-1053	687.1507
4600	689.30615
4289	683.72504
-1016	671.7082
-1196	656.4997
-1036	642.7808
4681	632.222
4444	627.82874
-997	629.2473
-1186	635.29144
-1066	644.9985
4502	654.6752
4316	663.43713
-998	669.3752
-1200	672.1238
-1104	673.49066
4563	673.36554
4408	674.22675
-1012	676.2531
-1187	679.26746
-1063	683.44006
4596	685.7378
4566	685.3631
-993	680.0677
-1197	668.9478
-1090	653.71265
4548	634.98535
4653	617.0234
-964	602.9249
-1191	595.97644
-1084	599.8292
4686	613.9157
4855	638.18713
-952	669.035
-1186	701.6554
-1097	732.0755
4588	754.11035
4851	765.26666
-966	763.48114
-1192	749.1842
-1116	726.137
4481	697.1878
5013	668.1767
-934	643.2062
-1179	625.25336
-1101	616.95856
4501	616.4342
4938	622.3897
-957	631.0339
-1194	638.17206
-1097	641.6532
4535	638.0423
4989	627.9522
-962	612.3012
-1205	593.34973
-1112	575.6098
4638	560.9945
5243	553.0469
-919	552.761
-1189	559.43195
-1114	572.53314
4557	587.981
5216	603.66
-937	616.5894
-1212	624.42633
-1120	627.6427
4483	625.50116
5138	620.6464
-927	615.0918
-1191	610.6494
-1125	610.15063
4353	612.9355
5068	619.4924
-937	627.9787
-1215	635.771
-1145	641.77924
4348	642.8068
5251	638.8331
-916	629.99554
-1184	617.32043
-1127	604.4654
4191	593.026
5109	586.5659
-899	586.7682
-1190	593.73346
-1146	607.7526
4246	625.2632
5231	643.8743
-897	659.6479
-1207	668.8238
-1142	670.49536
3983	662.6672
5057	647.08417
-885	626.0997
-1184	602.84595
-1137	582.6374
3969	568.07446
5060	562.8021
-886	567.99567
-1181	582.65546
-1153	605.81067
3783	632.78314
4906	660.20123
-878	683.8245
-1184	699.8085
-1142	707.3624
3837	704.90326
5174	694.3907
-872	678.323
-1207	659.4311
-1165	642.3422
3720	628.8057
5098	621.47266
-871	620.98865
-1194	626.1685
-1152	636.5724
3560	648.8081
5074	661.1837
-852	671.68134
-1187	678.5388
-1164	682.7434
3440	683.8606
4929	683.90045
-847	684.4759
-1199	686.5496
-1171	692.39496
3253	701.24023
4695	713.1929
-864	726.89197
-1199	740.0815
-1157	752.1657
3285	760.5844
4811	765.05695
-844	765.4314
-1197	761.7918
-1173	756.56696
3202	750.26855
4831	745.0356
-831	741.9703
-1194	740.9503
-1176	743.1593
3289	746.7724
5085	751.17834
-802	755.1551
-1196	756.99805
-1174	757.37054
3206	755.29663
4902	752.06085
-821	748.923
-1207	746.6641
-1167	747.8662
3226	752.40735
5046	761.1132
-801	773.60443
-1179	788.02264
-1158	803.89417
3124	818.25934
4931	829.80914
-817	837.21313
-1198	839.03894
-1168	836.40515
3060	828.9289
4880	818.286
-786	806.02844
-1187	792.95197
-1169	781.54486
3073	771.6821
5025	764.28253
-776	759.46155
-1188	756.17084
-1193	755.12427
2923	754.764
4961	755.03894
-776	755.74005
-1181	755.93494
-1157	756.77716
2958	757.2462
5064	757.7376
-777	758.3249
-1201	758.0642
-1190	758.01465
2818	757.00916
5094	755.2515
-757	752.95184
-1197	749.33356
-1183	745.7724
2766	741.48334
4986	736.97644
-778	732.4776
-1188	727.0865
-1167	721.8826
2669	715.69055
4961	708.6163
-754	700.752
-1194	691.3383
-1181	681.9858
2653	672.3437
5041	663.44476
-735	656.3301
-1193	650.84564
-1193	648.66943
2453	649.0301
4767	651.9746
-779	657.0828
-1194	662.59326
-1180	668.83514
2493	673.9887
4968	677.5876
-736	679.4115
-1199	678.39056
-1184	676.00684
2561	671.7033
5164	666.1573
-712	660.0991
-1194	652.8571
-1204	645.8378
2396	638.0966
5041	629.6786
-712	620.6451
-1197	609.8732
-1194	598.66156
2440	586.27527
5219	573.25323
-690	560.4522
-1186	547.4592
-1195	536.26
2224	526.59143
5031	519.07227
-677	514.3331
-1205	511.49973
-1192	511.94327
2293	514.7016
5089	519.73376
-664	527.01654
-1204	535.0653
-1213	544.77814
1563	554.8895
4861	564.7287
-566	573.9437
-1213	580.90765
-1200	586.5777
2308	589.8962
5342	591.05914
-626	590.8992
-1198	588.8438
-1196	587.0837
2198	585.5414
5154	584.9203
-652	585.90814
-1198	587.27496
-1193	589.9948
2120	592.528
5090	594.11053
-654	594.3222
-1201	591.4766
-1196	586.90454
2153	580.18207
5284	572.2438
-628	564.69
-1192	557.5726
-1196	553.4927
2133	552.3544
5488	554.30835
-571	559.37177
-1183	565.2704
-1190	572.1205
2046	577.7282
5371	580.93317
-579	581.5793
-1213	578.465
-1194	573.73267
1947	567.8436
5236	562.2728
-576	558.90674
-1184	557.5162
-1184	559.8786
1934	564.82184
5446	571.1632
-555	577.8873
-1193	581.9685
-1201	583.4075
1828	580.57697
5223	573.3297
-579	562.9919
-1181	549.79456
-1191	537.128
1329	526.38983
5424	518.9505
-432	516.38477
-1189	517.45593
-1190	522.7306
1824	529.8556
5399	536.6285
-533	541.6139
-1202	541.7843
-1205	537.55255
1733	528.1291
5374	514.20996
-521	498.09738
-1196	480.61594
-1200	465.4489
1722	453.9325
5461	447.37256
-501	447.26346
-1186	452.2444
-1185	462.8834
1611	477.13013
5323	493.05328
-510	509.54013
-1192	523.5226
-1199	535.0651
1674	542.57434
5544	545.41925
-485	544.5499
-1203	539.2107
-1199	531.8558
1668	523.139
5723	514.22424
-440	507.44962
-1204	502.57535
-1196	501.73947
1647	504.42133
5827	509.73676
-396	517.4241
-1183	524.29596
-1192	529.60486
1673	530.59326
5911	525.19946
-394	513.5347
-1198	494.35507
-1191	470.25934
1631	442.98438
5963	415.3436
-359	391.97888
-1190	374.9052
-1181	368.11472
1276	372.49805
6409	387.3621
-227	412.3342
-1203	443.03137
-1209	476.89185
1759	509.0236
6614	535.0309
-296	553.1964
-1194	560.33057
-1202	557.6837
1618	545.9701
6066	527.3196
-363	506.18042
-1189	484.65604
-1195	467.3537
1481	456.20343
5803	452.30157
-372	457.08273
-1204	468.36194
-1196	485.8984
1414	506.87466
5639	528.3678
-399	548.9326
-1190	564.9386
-1203	576.0948
1579	580.806
6442	578.32135
-276	570.4992
-1197	557.1172
-1199	541.3104
1729	524.562
6776	508.50406
-244	496.51294
-1204	488.49216
-1194	486.48526
1895	489.57452
7300	495.96558
-153	505.3365
-1184	513.73083
-1182	520.05994
1854	521.59595
7190	516.4148
-165	505.85553
-1206	489.2433
-1202	469.89026
1724	449.79608
6528	431.29218
-274	418.361
-1161	411.18338
-1169	411.85434
1623	419.28082
7294	431.13284
-106	446.76642
-1211	461.98685
-1201	475.76782
1804	485.716
7203	490.30453
-129	491.2998
-1197	487.99908
-1185	483.14343
1797	477.59863
7162	471.92404
-136	468.4869
-1190	465.72797
-1192	464.5467
1756	463.53384
7153	461.1828
-107	458.64728
-1199	454.28055
-1191	449.8647
1612	445.72488
6590	442.38644
-194	442.44455
-1177	444.963
-1189	451.41266
1503	460.73743
6087	471.4118
-315	483.55057
-1195	494.2327
-1199	503.8957
1561	511.52582
6343	516.69574
-251	521.5438
-1193	525.298
-1171	530.1515
1648	536.0312
6558	542.3266
-225	550.02704
-1187	556.3724
-1207	561.5327
1643	563.8416
6701	562.073
-184	558.06665
-1200	551.12146
-1199	544.30066
1321	539.271
6290	537.5596
-204	542.4791
-1186	553.29956
-1198	571.2558
1436	594.59064
6448	620.3734
-187	647.56226
-1185	671.3008
-1189	689.9856
1319	700.8897
5970	702.03345
-231	694.44495
-1185	676.8769
-1194	651.98395
1296	621.09503
6000	585.75305
-241	549.7455
-1214	513.6545
-1220	481.00955
1247	453.3034
5956	431.62085
-230	418.80008
-1186	413.99106
-1199	418.78458
1208	432.282
6004	452.73422
-204	479.9869
-1192	510.24362
-1196	542.76404
1064	575.2648
5564	605.8702
-313	635.496
-1207	662.58746
-1185	689.4252
988	716.7596
5456	744.97797
-256	775.87195
-1191	807.09686
-1181	838.35956
923	866.6567
5396	888.17267
-234	901.1697
-1204	901.4937
-1206	889.4231
844	865.3116
5326	831.1579
-249	792.6707
-1194	753.3694
-1188	720.1594
699	697.50903
4913	688.05566
-298	694.21075
-1187	713.0122
-1186	742.4887
747	777.5278
5324	812.05786
-184	842.76184
-1203	864.0391
-1211	875.36523
765	876.6078
5511	869.06995
-154	857.5513
-1195	844.026
-1182	833.2608
853	827.2397
5799	825.991
-90	830.2665
-1201	835.9687
-1191	841.2565
773	842.40063
5801	835.6957
-41	820.92633
-1200	795.84534
-1197	762.88226
766	724.0803
5813	681.8716
-41	641.50867
-1183	604.58856
-1176	575.2224
715	554.9791
5733	543.9099
-21	543.5276
-1189	551.0562
-1202	566.3653
711	587.29596
5845	610.9982
9	637.1129
-1176	661.7448
-1179	684.4483
721	703.2993
6065	716.0682
88	723.58856
-1179	723.5175
-1185	717.49774
670	706.1542
6091	690.0787
128	672.97186
-1201	654.9949
-1204	639.5436
646	627.88477
5981	619.94147
106	617.43365
-1206	617.50977
-1202	620.031
554	622.8231
5956	622.95636
154	620.73596
-1186	613.02057
-1191	601.17847
518	585.7748
5929	567.37463
190	549.66724
-1177	532.5742
-1193	519.47217
464	511.45438
5755	508.1707
171	511.06195
-1201	517.16907
-1202	526.37946
446	536.6163
5836	545.01105
223	551.5548
-1195	552.98914
-1217	549.8445
319	541.66595
5291	527.86273
83	510.77866
-1186	489.6865
-1192	467.3417
109	445.15338
4289	423.9937
-115	406.59323
-1190	391.99216
-1187	382.3766
284	377.74838
5411	376.81924
186	380.25424
-1197	384.49536
-1192	389.384
351	392.96582
5990	392.62686
382	388.92865
-1180	379.02325
-1201	364.7234
420	346.78366
6078	325.77545
338	305.50674
-1201	285.89136
-1189	270.6008
308	261.15698
5608	257.65695
255	262.02338
-1182	271.74185
-1180	287.2491
266	306.90146
5629	328.06918
321	350.90823
-1193	371.7699
-1184	391.34497
204	409.06546
5438	423.93845
277	437.8199
-1203	448.8629
-1206	459.0854
158	468.69785
5341	476.90872
303	485.23828
-1201	491.25244
-1190	496.2549
153	499.88895
5549	501.04266
366	501.4163
-1182	499.03735
-1186	495.9127
54	492.5268
5360	488.46817
412	485.82086
-1206	482.9367
-1202	481.51593
100	481.56708
5506	482.12027
437	484.78595
-1199	487.70786
-1186	492.3828
96	498.8838
5528	506.41068
482	516.68555
-1178	527.6613
-1196	540.37823
38	554.01733
5419	566.5328
449	578.2389
-1191	585.82513
-1205	589.6592
11	588.9999
5516	582.81134
531	573.39935
-1197	560.1094
-1201	546.29486
-2	533.96277
5371	523.97705
489	519.30444
-1194	518.45703
-1193	522.3341
-46	529.4779
5297	536.823
552	543.634
-1197	545.8587
-1196	543.52875
-37	536.2565
5426	523.84564
598	509.8106
-1185	494.9218
-1186	483.24686
-53	477.00638
5361	476.38184
585	482.70306
-1192	492.23557
-1201	502.98257
-29	510.6376
5694	509.65314
690	497.92334
-1196	471.24283
-1212	430.57443
-47	377.8161
5614	316.0246
739	252.7381
-1201	192.90399
-1206	144.57538
-83	113.48097
5603	102.45455
753	114.773766
-1196	147.76233
-1196	199.33246
-134	264.28156
5261	335.26492
637	407.33682
-1199	472.75732
-1198	527.86554
-169	569.42255
5228	594.9487
678	606.3924
-1198	603.86523
-1205	591.3604
-134	572.24475
5512	548.8622
779	526.05835
-1199	504.6643
-1201	487.48328
-194	475.25464
5329	466.73135
746	462.7168
-1198	460.27252
-1194	458.83066
-211	456.788
5358	451.7473
791	444.67706
-1196	433.86124
-1204	421.06506
-222	407.5442
5301	393.80734
774	383.24512
-1202	375.59344
-1192	372.91336
-287	375.40045
5039	381.31836
747	390.89648
-1193	400.49994
-1193	409.35498
-273	415.81512
4964	417.749
710	416.55865
-1196	411.13168
-1186	404.10336
-321	397.45276
4855	392.07584
687	391.1245
-1192	393.6164
-1185	400.63327
-382	411.23184
4599	422.6581
668	434.36316
-1177	442.60287
-1189	447.09732
-376	447.31165
4612	442.56296
684	435.57053
-1200	426.29416
-1197	417.8418
-387	411.973
4641	408.7062
690	409.82556
-1192	412.82678
-1197	417.61316
-373	422.64224
4906	425.2282
762	425.87265
-1199	422.22534
-1188	415.8006
-359	407.74896
4966	398.44504
795	391.1437
-1166	385.33316
-1210	383.02112
-190	384.42892
6083	387.72894
1089	393.9371
-1189	399.99026
-1187	405.91785
-350	411.09525
4983	414.1436
818	417.0191
-1192	418.52875
-1174	420.65768
-393	424.38138
4818	429.18082
824	436.89697
-1207	445.5198
-1197	455.5607
-392	466.39417
5034	476.08026
958	485.6688
-1196	492.93265
-1191	498.72885
-382	503.13162
5158	504.9003
1033	505.5935
-1196	503.27286
-1209	498.49307
-394	490.91965
5039	479.08063
979	464.69293
-1186	446.96616
-1185	427.8742
-386	409.17752
5062	391.71112
1004	379.20642
-1204	371.64227
-1201	370.94226
-427	377.2729
4970	388.488
1030	404.4578
-1186	420.9535
-1199	436.4881
-424	449.02637
5130	455.86206
1126	458.16672
-1192	454.57236
-1203	447.4775
-447	438.94492
5091	429.76614
1239	423.33505
-1191	419.08582
-1192	418.2806
-339	420.54147
5987	423.3104
1502	427.0167
-1174	428.48062
-1184	427.45596
-475	423.4998
5029	415.37625
1232	405.3203
-1179	392.68008
-1198	379.54498
-492	367.22415
4595	355.48987
631	346.5541
-1186	338.80862
-1191	333.0256
-478	328.98105
5251	324.86124
1306	321.8684
-1212	317.8133
-1204	313.1266
-503	307.60638
5317	299.61404
1431	290.7219
-1181	279.34692
-1174	266.60632
-469	253.36809
5496	239.30528
1483	227.55339
-1176	217.94885
-1196	212.69424
-516	212.94887
5328	217.62466
1446	227.86873
-1164	240.56065
-1190	254.4014
-519	267.19632
5356	275.43488
1476	279.5183
-1186	277.72473
-1197	272.24805
-535	266.1024
5332	261.74704
1451	265.09122
-1197	278.08044
-1181	303.71802
-508	342.38037
5409	390.4485
1508	445.18207
-1176	498.7798
-1179	545.10614
-524	577.9299
5627	590.9717
1969	583.67554
-1174	555.3232
-1192	510.3293
-677	455.10117
4633	395.91483
1598	341.94028
-1179	298.215
-1214	269.92123
-559	259.0631
5328	263.28543
1833	281.00406
-1149	305.99014
-1187	333.77756
-631	360.00082
4980	380.024
1753	393.84793
-1181	399.98367
-1197	400.6048
-596	398.1403
5183	393.44254
1903	389.85028
-1176	386.71283
-1201	384.7348
-592	383.57092
5367	380.93988
2040	377.84976
-1171	372.67975
-1193	366.67975
-612	361.30124
5303	356.54218
2063	355.2527
-1178	356.65485
-1206	361.1276
-624	367.80826
5075	373.5846
1978	378.15433
-1192	378.72348
-1185	375.53308
-661	369.906
5236	362.86777
2189	359.50363
-1190	362.23788
-1198	374.99457
-667	399.96426
5235	435.4702
2298	480.39224
-1171	528.43634
-1201	573.6382
-634	609.2176
5487	627.32825
2429	625.14087
-1162	599.6707
-1188	553.078
-691	490.41513
5047	417.4732
2314	344.2933
-1157	278.14194
-1191	226.93423
-668	196.09268
5156	186.4496
2391	198.81448
-1192	228.6629
-1207	271.3367
-681	321.10886
5275	370.5864
2545	416.24442
-1164	453.35052
-1189	480.516
-743	497.84753
5109	505.0428
2606	505.5954
-1172	500.88226
-1192	493.83554
-719	486.9477
5218	480.43246
2655	476.82327
-1155	475.5306
-1188	476.7961
-752	480.28488
5139	483.53088
2664	486.73434
-1164	487.61783
-1203	485.52194
-752	480.19565
5146	470.32538
2761	458.30377
-1147	444.91745
-1204	432.96967
-766	425.4659
5223	423.40854
2808	429.97763
-1156	444.58554
-1206	466.60944
-764	493.81482
5021	520.9798
2683	545.10205
-1147	560.79504
-1203	565.211
-809	557.1105
5157	535.61487
2889	504.9556
-1146	468.29593
-1194	431.75937
-806	401.32318
4920	380.10376
2789	372.13214
-1149	376.65808
-1175	392.04214
-821	414.71658
4877	438.2853
2792	459.14487
-1142	472.38275
-1199	476.32913
-822	471.567
4849	459.06918
2769	444.19186
-1145	430.55347
-1195	422.90363
-824	424.73856
4958	435.79703
2846	456.4968
-1148	482.8501
-1197	511.06436
-836	537.0078
4818	555.2992
2807	564.6568
-1150	563.2193
-1198	552.451
-855	535.4185
4831	514.3091
2894	494.21967
-1124	477.29092
-1193	465.94986
-870	461.3309
4717	461.49896
2774	466.3677
-1124	473.13553
-1194	480.60797
-886	488.30707
4588	494.79544
2716	502.06042
-1125	510.10287
-1200	520.3497
-892	533.8293
4599	548.9271
2808	565.7622
-1124	581.31964
-1192	593.53705
-920	600.6828
4505	599.89105
2821	592.11957
-1122	577.05743
-1197	557.3722
-916	536.74146
4779	517.1896
3303	503.0896
-1125	495.7682
-1209	496.3536
-922	504.77756
4591	517.849
2924	534.147
-1128	549.84546
-1195	562.7554
-916	571.5158
4482	574.23596
2913	572.8405
-1122	567.88696
-1196	561.8088
-929	557.2569
4469	554.5258
2940	555.7229
-1114	559.67596
-1172	565.7061
-935	572.8723
4227	578.2699
2836	581.84845
-1125	581.87744
-1187	578.88666
-951	574.4452
4298	568.8078
2926	564.96454
-1112	563.3962
-1204	565.3127
-944	571.34344
4494	579.3434
3139	589.0705
-1096	597.6502
-1207	603.5214
-956	605.87683
4197	602.85065
2878	596.03375
-1102	585.64404
-1191	573.9132
-966	563.6249
4216	555.5234
2921	552.289
-1091	553.4331
-1184	558.8075
-976	567.62573
4183	576.5785
2977	584.6474
-1105	588.7594
-1201	587.73175
-970	581.8244
4174	570.34753
3006	555.9971
-1082	540.1745
-1191	525.377
-986	514.4254
4102	507.6617
2987	506.96954
-1097	511.0988
-1203	519.0237
-974	529.56854
4170	539.36725
3051	547.6817
-1094	552.29034
-1208	552.7266
-994	549.9554
4069	543.80896
2940	537.07935
-1077	530.599
-1187	526.00757
-1007	524.9538
4059	526.36487
3126	530.7882
-1077	536.06964
-1211	540.7115
-1037	543.8581
3923	543.06366
3111	538.88855
-1081	530.69275
-1186	519.5302
-1007	507.65344
4068	495.5127
3206	485.75574
-1069	478.61047
-1191	474.41824
-1011	473.44696
3909	473.39633
3063	474.03598
-1088	473.2394
-1211	470.25027
-1041	465.84222
3859	459.66284
3126	454.4584
-1068	451.50385
-1189	452.87546
-1025	460.95172
3994	475.0879
3294	495.7647
-1049	520.2153
-1180	545.4833
-1031	568.91156
3926	585.84094
3299	594.6623
-1047	593.26117
-1194	581.77374
-1046	562.8447
3729	538.444
3253	513.5014
-1049	491.20822
-1182	474.69427
-1054	466.68713
3786	466.19315
3337	472.79288
-1031	482.95306
-1179	493.05252
-1047	500.47037
3829	501.26517
3257	495.1605
-1056	481.76025
-1182	462.87027
-1050	442.6207
3853	423.64737
3419	410.72205
-1036	405.97968
-1204	410.63245
-1082	425.19324
3746	446.36188
3361	471.76288
-1031	496.6185
-1192	516.7376
-1072	529.81464
3874	532.7637
3563	526.4182
-1041	511.5995
-1205	490.82806
-1091	468.52905
3741	447.08127
3621	430.49728
-1018	420.15112
-1197	416.50427
-1100	419.88174
3722	427.40207
3529	437.73083
-1032	447.8625
-1189	455.52283
-1086	460.3182
3803	460.63748
3729	457.9722
-1039	452.9634
-1208	446.88104
-1091	442.21387
3855	438.88672
3901	438.40598
-1001	440.24622
-1199	443.43738
-1091	447.90097
3897	451.2749
3852	453.6107
-1009	453.95114
-1194	451.97095
-1092	449.08557
3906	444.85117
3947	441.11948
-996	438.26627
-1181	436.42838
-1100	436.58746
3741	437.15204
3901	438.3589
-994	439.01465
-1198	438.19815
-1114	436.625
3744	433.30194
3877	429.82382
-996	426.81015
-1177	425.0444
-1094	426.42502
3836	430.2023
4074	437.11258
-984	445.95135
-1194	454.88705
-1116	463.08887
3703	467.55136
4053	467.7064
-989	462.54056
-1202	451.93185
-1129	438.04276
3700	421.7096
3997	406.33337
-982	394.21463
-1205	387.1883
-1121	387.5622
3709	394.43747
4078	407.8065
-987	425.53537
-1190	444.66156
-1116	463.33505
3600	477.80246
4239	486.91663
-956	489.538
-1184	485.33255
-1133	476.35504
3631	463.23898
4251	448.98105
-946	435.5211
-1171	424.09543
-1121	416.92325
3621	413.2136
4271	413.4305
-952	416.54733
-1182	420.99597
-1142	426.65118
3411	431.46228
4023	435.6157
-972	438.7055
-1204	440.3927
-1130	441.9559
3528	442.56512
4186	443.2138
-964	443.8079
-1202	443.775
-1141	443.92334
3541	442.92035
4369	441.44562
-936	439.67026
-1191	437.5328
-1143	436.65393
3453	436.5945
4263	438.66034
-932	443.08072
-1197	449.2336
-1154	457.53152
3241	465.89413
4013	473.78076
-933	479.72083
-1179	482.14847
-1162	481.5261
3184	476.8269
3961	469.45013
-944	460.57468
-1174	451.39
-1148	444.66125
2974	440.92642
3921	441.87057
-922	447.73172
-1191	457.6217
-1144	471.4454
3119	486.5945
4064	501.97385
-939	515.9049
-1203	526.6534
-1161	534.62854
2948	538.8847
4041	540.67
-916	540.99097
-1181	540.5079
-1151	541.28455
3011	542.96295
4063	546.2713
-909	550.7315
-1201	554.8867
-1171	558.5774
2924	559.64545
4037	557.8157
-916	552.7007
-1188	544.05444
-1169	533.85223
2809	522.57404
4016	512.48157
-886	505.21912
-1191	501.57962
-1155	503.2654
2792	509.26306
4009	519.3044
-912	531.9225
-1204	544.64984
-1181	556.5605
2609	565.0005
3816	569.28973
-916	568.9235
-1194	563.5794
-1180	555.29535
2487	544.6813
3840	533.97626
-886	524.8312
-1203	517.9728
-1168	515.2139
2796	515.68994
4186	519.3727
-882	525.3565
-1217	531.774
-1180	538.41614
2592	543.4008
3954	546.69806
-890	548.39124
-1209	548.38165
-1180	548.59796
2672	549.13324
4168	551.37317
-857	555.963
-1197	562.2518
-1187	570.72107
2606	579.29297
4115	586.8874
-862	591.9525
-1194	592.3449
-1173	588.17224
2359	578.33795
3853	563.8568
-862	546.2357
-1199	526.8382
-1184	509.12646
2456	494.59753
4014	485.67032
-852	483.75027
-1187	488.4667
-1167	500.24173
2513	516.6215
4165	535.78485
-837	555.3277
-1184	572.0684
-1165	585.0074
2502	591.8857
4176	592.5918
-842	587.6213
-1183	577.2585
-1182	564.07764
2479	548.799
4193	533.253
-859	518.6974
-1214	504.93372
-1185	493.0937
2468	481.97192
4283	471.44388
-834	461.266
-1182	450.43604
-1188	440.24484
2402	430.32913
4272	421.79422
-836	415.72986
-1187	411.9714
-1186	411.99323
2185	414.8215
4052	420.11032
-809	426.96906
-1181	433.3201
-1193	439.06137
2449	442.39246
4493	443.22952
-786	442.08167
-1191	438.81577
-1185	435.69876
2320	433.04697
4397	432.08353
-790	433.54163
-1207	436.332
-1191	440.85767
2275	445.04257
4413	447.76776
-789	448.10974
-1202	444.5111
-1185	438.22992
2196	429.3036
4237	419.51657
-821	410.91278
-1220	404.2851
-1202	401.9939
2116	403.4966
4256	408.2522
-748	414.78036
-1169	419.7417
-1195	421.76273
2114	417.8881
4294	407.16437
-765	390.02084
-1188	367.12323
-1172	342.49808
2081	318.98163
4257	300.5675
-781	290.6896
-1202	290.30368
-1202	300.90442
1919	320.2405
4181	345.49075
-772	372.97543
-1195	397.50208
-1191	416.64908
1909	427.26044
4331	428.74857
-739	422.47122
-1183	409.9702
-1181	395.90927
1959	383.1978
4359	375.1126
-744	373.95294
-1176	379.11758
-1185	390.65298
2014	405.2794
4534	419.83972
-713	431.41153
-1202	436.1106
-1194	433.5162
1876	422.639
4389	404.80182
-724	382.8081
-1191	358.71957
-1189	337.09824
1804	320.1373
4320	310.02795
-715	308.14792
-1189	313.25385
-1192	325.43484
1771	342.08228
4332	361.02576
-714	380.46103
-1194	397.3951
-1196	411.58398
1736	421.46265
4335	426.82803
-693	428.34692
-1192	425.6095
-1204	420.81134
1654	414.4021
4296	407.6579
-700	402.20822
-1192	397.99005
-1181	397.06882
1634	399.17166
4278	404.24448
-701	412.08862
-1182	420.43842
-1184	428.99954
1599	435.40778
4281	438.10565
-690	436.46353
-1196	429.00912
-1194	417.4071
1550	402.37076
4285	386.00018
-686	371.3236
-1195	359.7872
-1197	354.62427
1134	356.489
4063	365.38565
-627	380.8355
-1190	399.7943
-1187	420.8056
1482	440.4736
4330	456.29907
-657	467.1282
-1199	471.10382
-1198	469.69296
1489	463.39032
4451	453.77823
-637	443.33658
-1199	432.50958
-1202	423.5423
1459	416.19812
4501	410.13055
-637	405.32428
-1202	399.81827
-1193	394.1435
1345	387.46756
4228	379.98907
-667	373.09317
-1186	366.73068
-1205	363.21317
1301	362.78763
4300	365.61816
-625	371.97366
-1195	379.63907
-1192	388.21582
1374	395.34622
4410	399.2721
-612	399.55258
-1196	394.59903
-1204	385.9584
1216	374.16898
4165	360.68683
-657	347.9867
-1211	336.60413
-1213	328.91882
1234	325.0275
4340	324.78024
-602	328.45856
-1203	334.06958
-1214	341.7949
1158	350.25876
4321	358.69012
-602	367.51114
-1192	375.48297
-1191	383.90445
1134	392.31787
4200	400.4282
-604	408.59018
-1198	415.04892
-1192	420.2177
1195	422.8355
4414	422.16412
-564	418.7801
-1207	411.70062
-1197	402.7669
819	392.5041
4151	381.749
-538	372.28354
-1176	363.7474
-1178	357.79828
1119	354.01358
4370	351.88034
-552	351.73358
-1191	351.80487
-1187	352.66995
1091	353.43195
4376	353.6302
-559	354.02985
-1189	353.4412
-1197	353.0397
1059	352.26425
4347	350.70004
-559	348.931
-1185	345.499
-1196	341.51828
1049	336.65247
4457	331.05896
-542	326.28976
-1204	321.925
-1199	319.95132
1055	320.41248
4514	323.11188
-546	328.46207
-1206	334.15265
-1209	339.9151
1079	343.5921
4608	343.33987
-510	338.99326
-1184	328.87122
-1186	314.66626
1092	297.17593
4648	278.0202
-519	260.41995
-1206	245.27892
-1217	235.6362
1060	232.13405
4504	234.76747
-526	243.98611
-1181	257.32556
-1188	274.3603
1154	292.88116
4794	311.0071
-472	328.48834
-1186	343.0734
-1194	355.48236
1140	364.90775
4776	370.786
-479	373.91858
-1182	372.67218
-1182	368.0722
1114	359.6162
4788	347.26562
-455	332.86014
-1197	316.3169
-1205	300.5965
1128	287.1352
4857	277.3515
-456	273.63043
-1199	275.11557
-1194	282.51758
1134	293.8753
4874	306.5525
-464	319.02393
-1199	327.38065
-1211	330.88895
1088	328.14786
4855	319.04834
-439	306.12625
-1202	290.27847
-1197	275.359
1081	263.38464
4661	255.78624
-468	254.36397
-1200	257.3036
-1189	264.31723
1108	272.79028
4888	280.01593
-413	285.25653
-1187	286.02814
-1199	283.44904
1117	277.99283
4924	270.91278
-418	265.35507
-1198	261.56012
-1191	261.69165
1168	265.24393
4957	270.7596
-431	277.60208
-1194	282.13455
-1201	283.57968
1191	280.17758
5241	271.29092
-357	259.2338
-1197	244.5903
-1184	231.29878
1252	221.63046
5470	217.26328
-335	220.704
-1194	230.24165
-1190	245.53648
1251	263.5254
5387	280.63046
-349	295.2704
-1189	303.72876
-1204	306.1219
1223	302.22192
5416	292.98834
-333	282.13528
-1188	270.79193
-1192	262.49686
1248	258.349
5553	258.33173
-294	263.32565
-1194	270.3924
-1197	278.81342
1243	286.24017
5606	290.73102
-279	293.19547
-1189	292.4588
-1206	290.80472
1136	289.3283
5396	289.02255
-301	292.43552
-1181	298.41757
-1189	307.58823
1082	318.1407
5416	327.60733
-266	335.46805
-1199	338.63702
-1182	337.44696
1089	331.63892
5343	321.81677
-282	311.38132
-1215	301.18405
-1191	294.6436
986	293.06573
5202	296.6464
-284	306.65375
-1199	320.31763
-1198	336.7193
1009	353.11313
5314	366.66965
-277	377.1433
-1186	382.08365
-1180	382.63333
974	379.20148
5337	372.56512
-246	365.85797
-1184	359.0835
-1194	354.61734
908	352.7178
5173	352.82712
-246	355.9209
-1183	359.62408
-1200	364.21802
905	368.49658
5339	371.20694
-209	373.54205
-1190	373.92947
-1192	373.6052
858	372.3396
5199	369.58972
-250	366.83057
-1189	362.40714
-1191	357.3261
827	351.19113
5249	343.5048
-198	336.19003
-1192	328.40552
-1200	322.2132
837	318.20782
5307	316.51364
-176	319.12714
-1198	324.52692
-1203	333.2691
763	343.96988
5094	354.60806
-232	365.20416
-1203	372.9117
-1187	377.9885
760	379.83365
5286	378.13516
-157	375.4624
-1211	371.70554
-1202	369.6175
729	370.38986
5213	374.44766
-164	383.87308
-1200	397.00336
-1207	414.1306
922	433.54962
5796	452.8444
-61	472.02124
-1197	487.9749
-1199	500.70673
671	509.28546
5270	512.8102
-95	513.27814
-1192	509.8453
-1199	504.52936
644	498.11142
5118	490.95178
-171	485.58234
-1195	481.26852
-1190	479.7668
653	481.18842
5258	484.90906
-94	492.33044
-1184	501.3686
-1187	512.2978
678	523.6814
5419	533.40765
-56	541.73303
-1192	545.8601
-1181	546.0189
638	541.5741
5466	532.00586
3	519.9057
-1207	505.1628
-1192	490.69235
591	478.04337
5330	467.92865
0	462.8639
-1187	461.35458
-1186	463.8032
554	468.48834
5298	472.70105
-12	476.0537
-1201	475.25342
-1203	470.4574
561	461.31348
5266	447.901
-37	433.4932
-1180	418.59842
-1176	406.5917
557	399.04276
5443	396.18137
34	399.71872
-1186	407.12228
-1191	417.75433
566	429.10825
5502	438.07962
47	444.47995
-1204	445.5652
-1206	442.38605
537	435.5011
5521	425.58862
69	416.20502
-1192	407.52362
-1201	402.10645
548	400.36307
5648	401.24396
92	405.55527
-1192	410.2123
-1187	414.8127
503	417.76767
5453	417.37164
79	415.09235
-1204	409.7463
-1191	403.53186
456	397.51666
5512	392.05225
139	389.70584
-1193	389.18185
-1193	391.44907
513	395.54483
5792	399.48566
204	403.8926
-1204	406.12662
-1212	406.737
469	405.31946
5718	401.15845
215	396.46622
-1187	390.25626
-1196	384.2372
418	378.62936
5629	372.7548
229	368.44064
-1188	364.14694
-1191	361.277
372	360.10312
5332	360.45682
165	364.79895
-1176	372.2778
-1184	384.60257
353	401.5902
5346	421.63953
156	444.84647
-1189	467.33047
-1197	487.6225
403	502.8001
5708	509.5901
283	508.1962
-1177	496.4857
-1196	476.56262
344	450.32556
5546	419.8216
233	390.18137
-1195	362.9912
-1187	342.36688
358	330.03824
5684	325.76923
339	330.77844
-1179	341.79803
-1204	357.8774
309	376.34744
5616	393.86816
308	410.19873
-1187	422.29413
-1196	430.8892
303	435.98297
5630	437.2753
304	437.40588
-1194	435.5147
-1199	433.6653
293	432.2035
5685	430.2988
331	429.51797
-1198	427.64917
-1201	425.5002
328	422.4857
5876	417.3034
394	411.68665
-1211	404.06284
-1184	396.1262
343	388.41153
6211	380.63443
523	375.5485
-1202	372.12854
-1193	372.14078
357	375.68243
6250	381.48645
544	390.88312
-1184	401.16623
-1185	412.33252
366	422.94763
6347	430.6843
569	436.6261
-1192	438.66257
-1207	438.1744
333	435.7956
6336	431.59454
619	428.9163
-1197	427.32593
-1184	428.9375
318	433.9291
6353	440.706
652	450.08273
-1190	458.6456
-1179	465.71857
353	469.50363
6558	467.68805
717	461.99667
-1178	451.377
-1187	438.50568
339	425.4062
6764	413.2002
858	406.09467
-1189	403.8463
-1192	408.16788
327	418.46494
6746	432.05624
813	448.93942
-1218	465.07764
-1210	479.47617
309	490.4599
6697	496.02274
818	498.33423
-1201	496.45294
-1186	492.69537
322	488.18253
6757	482.5643
818	478.2972
-1207	473.36572
-1192	468.1168
333	461.40826
7058	450.94812
969	438.38855
-1209	422.23825
-1201	404.5687
319	386.95972
6946	370.20197
966	358.59122
-1207	352.13208
-1194	352.87668
303	360.67148
7073	373.02985
1007	390.13943
-1192	407.76453
-1187	424.40735
260	437.8005
6896	445.2135
982	448.34155
-1191	445.8913
-1189	440.4243
206	433.72528
6715	426.35654
937	421.96844
-1205	419.7352
-1181	420.86975
190	424.73123
6693	428.85922
981	433.94492
-1191	436.9804
-1189	438.05093
189	436.6488
6814	431.5686
1077	425.59418
-1206	418.0342
-1204	411.06738
181	405.6482
6881	401.14056
1097	400.06744
-1213	400.7224
-1201	403.96854
129	409.44006
6511	415.50043
999	423.99097
-1186	433.0638
-1192	443.83014
120	456.33768
6515	469.24777
1012	484.4265
-1207	499.7307
-1202	515.5668
104	531.13666
6647	544.2715
1098	556.3704
-1204	565.2616
-1202	571.8284
117	576.2335
6836	577.53754
1178	578.49664
-1208	578.0747
-1206	577.85297
126	578.15344
7011	577.64764
1269	578.42926
-1198	578.5247
-1207	578.7083
28	578.8159
6701	577.45575
1226	576.9638
-1189	576.04785
-1196	576.3509
24	578.53
6598	581.7687
1177	588.5257
-1203	597.1466
-1196	608.4684
13	622.0093
6553	635.6542
1183	650.5844
-1201	664.0536
-1185	676.2093
-17	686.29694
6384	692.36536
1104	696.09344
-1204	695.6447
-1214	692.2403
-13	686.38153
6528	677.4174
1186	668.3964
-1197	658.66626
-1189	650.39667
-22	644.7226
6399	641.1738
1147	642.3872
-1195	646.6911
-1186	654.8636
-72	666.2809
6199	678.5819
1154	692.5483
-1189	705.155
-1192	716.3916
-70	725.60565
6323	731.1272
1178	735.1314
-1200	736.32776
-1193	736.456
-104	736.40137
6181	735.5085
1122	736.2155
-1202	736.9132
-1211	738.3098
-134	739.92474
6027	739.71857
1073	738.9194
-1193	735.18774
-1212	729.128
-147	720.7596
5901	709.08716
1025	696.6691
-1194	682.5101
-1192	668.5881
-176	655.9936
5854	644.35236
1046	636.3881
-1192	630.9199
-1184	629.30835
-149	631.76733
6289	636.73834
1241	645.82965
-1198	656.50946
-1204	668.7301
-159	681.35767
6252	691.6272
1231	700.22406
-1191	704.18896
-1172	703.6665
-142	698.463
6161	687.4957
1209	673.67694
-1196	656.6113
-1196	638.9813
-190	622.692
6058	607.9822
1204	598.03644
-1193	591.6679
-1200	589.8502
-215	592.175
6095	596.36816
1218	603.4441
-1186	610.67993
-1196	618.5326
-229	627.0463
5924	635.1643
1126	645.4616
-1201	656.5624
-1194	669.8556
-232	685.4155
5886	701.2104
1189	717.96375
-1178	732.06177
-1193	742.7646
-216	748.7014
6151	747.51025
1336	741.1085
-1189	728.345
-1189	711.9058
-231	694.2011
6098	676.2424
1293	662.20795
-1187	651.6043
-1183	645.98145
-226	645.06354
6059	646.09924
1296	649.2166
-1192	650.4267
-1196	649.07275
-261	644.4405
6108	635.1546
1430	624.26355
-1182	611.5616
-1199	600.2322
-286	592.55707
5590	588.7303
981	591.31714
-1191	597.68317
-1189	607.4204
-243	618.611
6281	627.38635
1489	633.69476
-1204	634.05115
-1204	629.0419
-279	619.57874
6091	605.83844
1448	592.0711
-1194	578.6113
-1202	568.5113
-272	563.3392
6204	562.00464
1558	565.95496
-1184	571.7572
-1196	578.55505
-326	584.6849
5921	587.1512
1474	587.01105
-1185	581.9682
-1186	573.6083
-337	563.3104
5986	550.9537
1458	539.79333
-1205	528.6344
-1205	518.89886
-347	510.81302
5964	502.52048
1588	495.48254
-1187	487.20004
-1189	478.63245
-348	470.5003
6135	462.1986
1733	456.95926
-1190	454.08115
-1187	455.6695
-369	462.75183
6135	473.95688
1747	490.77118
-1194	510.09988
-1189	531.315
-396	552.9711
5938	571.90875
1681	588.684
-1176	600.3455
-1185	607.32745
-440	609.9585
5778	607.23553
1702	601.8471
-1184	592.8046
-1179	582.1215
-384	571.29114
6093	559.95734
1828	551.1755
-1191	543.844
-1196	539.47156
-373	538.6209
6101	539.55286
1790	543.52795
-1204	547.4847
-1210	550.81354
-426	552.32404
5969	549.2888
1796	542.9836
-1183	531.6445
-1182	517.1432
-445	501.6796
5856	486.2395
1796	475.38995
-1181	469.53778
-1199	471.06085
-424	480.68274
6058	495.98413
1856	516.87714
-1174	538.4779
-1191	558.45795
-469	574.353
5804	582.7879
1813	585.1237
-1180	580.2287
-1176	571.1182
-467	561.1361
5777	551.9142
1795	547.93726
-1184	548.6825
-1206	554.8873
-513	565.34766
5624	575.8466
1923	584.87775
-1196	587.4249
-1211	582.0332
-489	568.3479
5920	545.9254
1995	519.4711
-1178	491.1775
-1196	466.37585
-498	449.69385
5827	442.76566
1965	448.933
-1187	465.89252
-1207	492.06882
-522	524.13153
5799	556.2516
2020	586.1336
-1182	608.6665
-1196	622.70886
-547	628.359
5538	625.36285
1928	617.8137
-1202	606.7214
-1217	595.50934
-537	586.59625
5823	579.5576
2120	576.3149
-1186	574.3812
-1192	573.1226
-536	571.5455
5863	567.106
2193	561.3093
-1186	552.8605
-1197	543.55536
-552	535.34796
5908	528.36835
2291	525.9145
-1186	527.26416
-1202	533.3224
-559	544.0223
5789	556.85394
2234	572.3108
-1174	587.38446
-1189	601.4844
-539	614.0389
5860	622.95276
2312	629.7949
-1184	632.9868
-1205	633.242
-563	631.0187
5999	624.8458
2430	616.71375
-1172	605.38293
-1194	591.98364
-577	577.75305
5798	562.3926
2333	549.27264
-1174	538.3931
-1187	531.93976
-662	531.5099
5538	536.1522
2409	547.3801
-1164	562.5835
-1187	580.7035
-687	600.04675
5711	616.81274
2569	630.738
-1179	638.8346
-1200	640.99695
-602	637.77747
5720	628.5882
2621	616.7053
-1161	602.53937
-1196	588.6102
-621	577.0506
5643	567.6312
2666	562.78784
-1162	561.20154
-1191	563.10364
-637	568.1999
5551	574.0643
2650	581.3686
-1179	587.74994
-1195	592.9728
-627	596.8369
5567	597.4536
2703	596.2965
-1159	591.9935
-1184	585.28723
-638	576.99664
5498	566.2243
2640	555.3853
-1162	543.86176
-1197	533.1169
-654	524.4937
5528	517.2687
2736	513.6842
-1169	512.63477
-1198	514.7111
-657	520.14636
5398	527.03973
2656	536.4383
-1157	546.2472
-1190	556.348
-684	566.5943
5182	575.03937
2546	582.8518
-1161	588.2121
-1197	591.35065
-701	592.5352
5298	590.1813
2594	585.8661
-1187	578.42584
-1210	568.7805
-671	557.9442
5544	545.30963
2781	533.66956
-1156	522.77625
-1187	514.3442
-682	509.90912
5622	508.65265
2973	512.5317
-1159	520.04297
-1192	531.0804
-673	545.2343
5541	559.8928
2896	575.56433
-1166	589.8116
-1192	602.2841
-676	612.9793
5658	620.13324
3007	625.4357
-1149	627.81604
-1216	628.0411
-705	627.01276
5400	623.66785
2773	620.0896
-1164	615.38416
-1193	610.5617
-710	606.7843
5520	603.26074
2894	602.3945
-1154	603.53357
-1194	607.54663
-686	615.10504
5736	624.344
3077	636.19495
-1144	648.12396
-1194	659.00934
-721	667.8376
5448	671.65674
3008	671.05963
-1144	664.2974
-1203	652.0787
-727	636.0761
5391	616.52985
2913	597.2295
-1134	579.1762
-1168	564.8518
-733	556.47534
5289	553.5079
2961	557.65137
-1134	567.0008
-1191	580.53033
-742	597.0431
5636	613.04803
3206	628.407
-1149	640.44867
-1204	648.62463
-743	653.2843
5588	653.19073
3104	650.7636
-1126	645.7467
-1191	639.6235
-821	634.064
5370	628.3583
3000	624.63196
-1137	621.8037
-1183	620.1235
-781	619.94684
5368	619.4093
3041	619.7656
-1142	619.5197
-1214	618.81696
-866	618.259
4966	616.5026
2821	615.2495
-1136	613.38947
-1200	611.48706
-875	610.38367
5157	608.74805
2951	608.24176
-1151	607.6769
-1196	607.27185
-820	607.49084
5563	606.47284
3418	605.40704
-1127	602.7199
-1192	598.14923
-854	591.8879
5336	582.14355
3157	570.5013
-1132	556.2705
-1191	540.4984
-854	525.15466
5162	510.396
3124	499.5515
-1127	493.14066
-1198	492.7515
-862	499.80472
5222	512.7501
3101	532.2465
-1139	555.4515
-1206	580.3716
-884	605.2498
4983	626.37146
3106	643.48987
-1119	654.57416
-1204	659.9104
-902	661.20703
4999	658.7216
3108	655.98315
-1129	653.89
-1184	654.05493
-894	657.7878
5021	663.2873
3167	670.81256
-1123	677.39923
-1211	681.1824
-908	681.1384
5092	674.7582
3206	663.56537
-1122	647.5829
-1197	629.10156
-929	611.6623
4759	596.7875
3094	588.45776
-1111	587.2179
-1182	593.7086
-918	607.9444
4970	626.58325
3640	648.34143
-1081	669.3536
-1184	687.00696
-918	700.02747
4910	705.86115
3294	705.83
-1106	699.6449
-1176	688.7873
-937	675.70386
4571	660.6263
3028	646.2684
-1108	632.40186
-1179	619.7344
-924	609.4692
4726	600.5782
3258	594.95026
-1102	592.2418
-1167	593.34216
-941	599.7778
4689	610.5122
3324	626.6622
-1100	646.2702
-1186	667.5088
-942	688.7662
4709	705.95935
3239	718.0681
-1099	722.3741
-1186	718.28455
-966	707.39996
4698	690.2932
3329	671.19867
-1092	652.3729
-1189	636.6755
-957	626.9227
4471	622.3323
3242	623.2329
-1093	626.3711
-1180	628.5305
-975	627.3244
4471	618.7941
3258	602.9853
-1103	579.5264
-1187	550.71576
-975	521.3465
4455	494.8395
3306	477.23447
-1094	471.49612
-1184	479.6917
-968	502.7333
4866	536.9718
3749	579.63586
-1091	624.6901
-1204	666.4115
-977	700.69586
4563	722.5764
3406	731.64545
-1091	727.39716
-1200	711.88416
-987	689.5145
4594	663.03937
3858	637.67914
-1068	616.07684
-1198	600.2079
-1001	591.758
4359	588.91705
3344	591.4274
-1101	596.4672
-1208	601.68427
-1018	605.9798
4245	606.62506
3308	604.1049
-1095	597.63043
-1196	587.72577
-1044	576.4327
4184	563.9098
3202	552.9649
-1098	544.2281
-1199	538.84863
-1037	538.6154
4228	542.53845
3432	551.51514
-1077	563.76245
-1186	577.5325
-1012	591.7878
4324	603.0055
3510	610.34766
-1070	611.5227
-1199	605.7174
-1024	594.3565
4119	577.79047
3333	559.8442
-1059	542.94385
-1194	530.3174
-1027	525.8381
4156	530.0523
3384	544.45844
-1066	566.9324
-1187	594.4208
-1036	623.8236
3812	649.4044
3218	668.0164
-1071	675.58105
-1208	670.2934
-1055	653.3552
4074	625.62067
3387	591.93475
-1064	556.0413
-1199	522.5288
-1040	496.5581
3991	479.804
3426	474.6736
-1053	479.9775
-1206	493.52194
-1035	513.22205
3969	534.28625
3346	554.4164
-1076	570.1094
-1208	579.47345
-1056	582.98645
3746	580.1128
3281	573.4701
-1062	564.4042
-1201	554.8415
-1071	547.6206
3765	542.81024
3368	542.0211
-1052	544.2134
-1206	548.2337
-1086	553.7425
3874	557.9246
3541	560.35565
-1051	559.13837
-1208	553.4262
-1059	544.26764
3853	531.1764
3551	516.5889
-1043	501.65738
-1207	488.2177
-1066	479.29938
3878	475.38565
3591	478.65735
-1038	488.791
-1201	504.98346
-1080	526.85785
3688	551.17676
3466	576.5065
-1034	599.78265
-1189	618.59143
-1080	632.39905
3730	639.388
3555	640.90784
-1021	637.4942
-1197	630.6157
-1092	623.24133
3731	616.0031
3636	611.2835
-1032	609.04126
-1200	608.72736
-1082	610.4761
3752	611.5763
3700	611.3132
-1024	607.49066
-1189	598.662
-1084	585.42883
3753	566.943
3713	545.304
-1014	521.65125
-1194	497.63452
-1109	476.29102
3481	458.21387
3638	445.58603
-1017	438.49753
-1201	436.67282
-1087	440.62793
3774	448.241
3826	459.31927
-1044	472.18307
-1199	485.25284
-1104	498.52203
3770	509.9491
3903	519.87305
-1006	527.4621
-1199	532.1299
-1106	534.89307
3821	534.66595
4003	532.67126
-1007	528.8716
-1192	523.26117
-1085	517.28125
3853	510.0469
3942	502.77005
-1010	495.10754
-1207	486.6563
-1113	478.41544
3833	469.12198
4049	459.77887
-987	450.3323
-1175	440.82324
-1105	432.99988
3762	426.50803
4073	423.13718
-990	423.29532
-1195	426.78577
-1117	434.69177
3593	445.23645
3874	458.18906
-1002	471.63486
-1193	483.3641
-1114	492.7707
3567	497.31693
4009	497.00327
-999	491.42706
-1199	480.66296
-1136	466.90198
3623	450.571
4117	434.31305
-985	419.60614
-1204	407.3252
-1131	399.43732
3626	395.0831
4128	394.89474
-988	398.02567
-1200	403.06238
-1150	410.19943
3599	417.49393
4266	425.22937
-981	432.98154
-1191	440.2183
-1142	448.14453
3718	455.6845
4327	463.68048
-966	471.7594
-1199	478.92892
-1129	485.66562
3668	490.10254
4430	492.38736
-949	492.0563
-1196	488.43808
-1124	482.8995
3646	474.90936
4391	466.14407
-948	457.53238
-1194	449.41953
-1137	443.60696
3610	439.31952
4415	437.35498
-950	437.39078
-1185	438.32956
-1132	440.72308
3608	442.9454
4341	445.5568
-943	448.38132
-1202	450.98016
-1159	454.88895
3506	459.27478
4326	465.02338
-939	471.86838
-1190	478.67996
-1138	485.73517
3756	490.80234
4642	493.6206
-944	493.40622
-1199	488.98846
-1154	481.76138
3613	471.31302
4463	459.64236
-937	448.31555
-1187	438.3164
-1143	432.1859
3721	429.7215
4703	432.03653
-929	438.98514
-1179	449.06625
-1130	462.16824
3546	475.7596
4463	489.2482
-936	501.6269
-1192	511.5969
-1152	520.0001
3508	525.8204
4484	530.1354
-928	533.4706
-1187	535.5343
-1147	537.73926
3441	539.08905
4430	540.29004
-950	541.34033
-1206	541.5333
-1154	542.11884
3485	542.1985
4528	542.7561
-941	544.19904
-1206	545.9839
-1154	549.1195
3517	552.07935
4546	554.85565
-938	556.6521
-1189	555.78973
-1156	552.57117
3510	545.3832
4552	534.89307
-946	521.88385
-1197	506.6936
-1160	491.85617
3474	477.85645
4740	466.82474
-939	460.11975
-1191	457.5956
-1166	460.34442
2684	466.77884
4512	476.12558
-882	487.1386
-1187	497.5199
-1158	507.0154
3244	513.5706
4152	517.36224
-954	518.4965
-1189	516.7823
-1158	514.2194
3093	510.86734
4328	508.3964
-882	507.9545
-1199	509.47662
-1168	514.3423
2934	521.44867
4268	530.83105
-873	541.8657
-1196	552.7921
-1163	563.6425
2865	572.47064
4227	579.0603
-895	583.1584
-1193	583.95917
-1157	582.9856
2831	579.99036
4269	576.3863
-852	573.31055
-1173	570.77795
-1159	570.4337
2789	571.40796
4163	573.8345
-865	577.08356
-1202	579.33264
-1161	580.64746
2718	579.20605
4156	574.9938
-870	568.26776
-1206	558.8829
-1192	549.1266
2770	539.5446
4258	532.1966
-868	528.67535
-1199	529.0483
-1165	534.6855
2753	544.1676
4297	556.8361
-846	571.3678
-1208	585.1827
-1175	597.8412
2712	607.22784
4367	613.1866
-837	616.0616
-1190	615.6469
-1170	614.18756
2539	612.0114
4206	610.61786
-839	610.9572
-1206	612.3697
-1193	615.6646
2631	619.08856
4299	621.9181
-824	623.31036
-1197	621.39087
-1182	616.7549
2528	608.49945
4211	597.5769
-846	585.24854
-1192	571.93317
-1189	560.2395
2632	550.4783
4444	543.92377
-821	541.2824
-1195	541.4858
-1181	545.1407
2533	550.39923
4380	556.5106
-827	562.66974
-1206	567.04205
-1192	570.34503
2605	571.57684
4554	571.43146
-824	570.9219
-1192	569.98706
-1175	570.75635
2415	573.10236
4308	577.76056
-824	584.91956
-1182	593.01105
-1172	602.1999
2383	610.19415
4367	615.72235
-824	617.6017
-1188	613.65607
-1179	604.5109
2555	589.3457
4706	569.2652
-792	546.2289
-1191	521.2468
-1171	497.76175
2444	477.0603
4561	461.16995
-795	451.6219
-1206	447.65778
-1182	449.9281
2409	456.24854
4596	465.03925
-792	474.678
-1194	482.15372
-1176	487.1757
2364	487.98047
4536	484.63165
-778	478.05005
-1199	468.23523
-1187	457.8214
2249	447.4265
4468	438.54666
-766	432.4877
-1191	428.54752
-1185	427.91907
2187	429.2802
4422	432.08194
-763	435.79895
-1207	438.48483
-1193	440.72592
2152	441.25485
4453	440.06125
-765	437.5872
-1187	432.89502
-1187	427.63348
2101	421.4363
4328	414.98584
-766	409.16736
-1208	403.37427
-1207	399.40515
1948	396.96036
4177	396.5986
-766	398.88773
-1183	402.6935
-1179	409.06772
1989	416.7447
4276	425.19754
-766	433.97446
-1174	441.11023
-1172	447.1491
2038	450.80255
4378	452.01297
-766	451.30573
-1187	447.89398
-1191	443.5971
1956	438.26978
4476	432.62207
-711	427.51755
-1200	422.04385
-1191	417.64825
1801	413.59744
4217	409.9715
-746	407.13693
-1204	404.04022
-1196	402.18243
1795	401.1239
4284	401.28027
-737	403.2504
-1184	405.86203
-1193	410.29312
1832	415.41083
4457	420.73947
-727	426.1828
-1200	430.0885
-1193	433.5153
1659	435.84323
4309	437.49313
-701	439.51065
-1199	441.38232
-1190	444.93707
1864	449.66125
4478	455.40564
-722	461.9892
-1206	467.13013
-1178	470.82562
1730	471.1576
4391	467.31567
-682	459.54315
-1200	447.1828
-1192	432.87
1643	417.89392
4346	404.60675
-690	395.76434
-1203	392.0247
-1199	395.76166
1011	406.48553
3929	423.0824
-625	443.95926
-1181	465.38382
-1180	485.8773
1725	502.21896
4530	512.592
-687	516.70074
-1199	513.49066
-1198	505.56006
1556	494.20795
4364	481.65097
-675	470.85968
-1201	462.18115
-1191	457.86298
1499	457.34915
4389	459.8279
-666	464.45065
-1194	468.38995
-1185	471.21176
1507	470.9957
4351	467.03806
-657	460.01562
-1208	449.48788
-1201	437.96692
1468	426.35583
4404	416.03452
-647	408.82477
-1191	404.14334
-1199	403.26172
1485	405.0329
4566	408.35675
-629	412.75952
-1194	415.76367
-1192	417.53052
1511	416.69498
4626	412.77686
-634	406.62247
-1202	397.37845
-1199	386.92007
1429	375.42502
4553	363.5489
-621	352.8107
-1196	342.6471
-1199	334.81085
1411	329.15536
4559	325.8488
-607	325.90298
-1211	328.17404
-1197	333.77582
1381	341.8425
4497	351.71417
-601	363.40955
-1201	374.75363
-1196	385.92218
1396	395.26868
4614	401.65387
-587	405.15195
-1206	404.0804
-1191	399.6236
1200	391.6106
4512	380.5212
-573	368.15155
-1194	354.37015
-1196	341.62592
1305	330.50082
4608	321.72247
-561	316.84915
-1192	314.94717
-1187	317.18854
1253	322.62842
4556	330.28467
-562	339.9386
-1214	349.06973
-1211	357.6041
1169	363.85214
4472	366.7035
-556	366.592
-1204	362.42255
-1208	356.19492
1155	348.73785
4438	341.56522
-574	337.33755
-1197	336.32574
-1200	340.7824
1172	350.2974
4617	363.64532
-554	379.7413
-1194	394.42493
-1193	405.69708
1139	409.93692
4608	404.46518
-524	389.00662
-1195	362.61115
-1182	328.66354
1161	290.25165
4753	251.65385
-503	218.76921
-1190	194.7025
-1176	183.89471
1184	187.27197
4796	203.8878
-479	232.15611
-1181	266.5665
-1209	303.35403
1131	336.97656
4838	362.86365
-477	379.24274
-1202	383.7369
-1202	378.5733
1133	365.7313
4841	348.31055
-482	331.05307
-1196	315.80368
-1194	306.07672
1141	302.28833
4896	303.62253
-459	309.59192
-1191	316.59088
-1191	323.66302
1098	328.54865
4738	329.95892
-476	328.96597
-1195	325.11914
-1188	321.25684
1130	318.67535
4796	318.54828
-465	322.85532
-1201	330.2665
-1194	341.2596
1086	353.9307
4758	366.1192
-489	377.1286
-1216	384.13565
-1194	387.57224
1095	386.9057
4763	382.36743
-466	376.12894
-1188	368.05316
-1175	360.60974
1121	354.26978
4742	349.1999
-487	346.58054
-1188	344.74237
-1169	344.42447
1188	344.6443
5046	344.5802
-419	345.21768
-1188	345.11493
-1197	345.5135
1148	346.00916
5068	346.15598
-399	347.01514
-1187	346.8646
-1207	346.5152
1138	345.11942
5105	342.02872
-414	338.5323
-1190	333.54797
-1202	328.94208
1139	325.03778
5074	322.18823
-399	322.24
-1172	323.92383
-1181	328.21606
1180	333.91202
5199	339.40588
-369	344.67654
-1191	346.98865
-1192	346.50516
1198	342.22934
5395	333.7293
-322	323.07974
-1187	310.016
-1189	297.22943
1196	285.7935
5311	276.55548
-349	271.78217
-1192	270.29947
-1187	273.07733
1206	278.86978
5191	286.06088
-399	294.74265
-1214	302.20813
-1196	308.7141
1263	313.27115
5494	315.32483
-329	316.6706
-1188	316.49036
-1194	316.87958
1229	318.1981
5329	320.57886
-367	325.73248
-1194	332.06506
-1178	340.32224
1226	349.29895
5373	357.5615
-319	365.6097
-1199	371.14435
-1207	374.83405
1218	376.0416
5306	374.38565
-364	371.9512
-1199	367.92856
-1198	364.1905
1218	361.04483
5555	358.52866
-276	358.4462
-1202	359.25504
-1191	361.89218
1212	365.3657
5574	368.41394
-276	371.83914
-1194	373.46234
-1192	374.012
1213	372.8184
5721	369.3024
-238	365.32507
-1197	359.7672
-1201	354.35416
1140	349.1879
5747	344.0729
-192	340.90152
-1178	338.24783
-1188	337.20532
1072	337.10468
5619	336.90634
-181	337.70316
-1183	337.4683
-1199	336.97693
1026	335.54816
5574	332.44727
-197	329.36453
-1201	325.03873
-1202	321.20306
988	318.11212
5526	315.8007
-178	316.43372
-1178	318.84988
-1196	324.4691
943	332.7854
5481	342.68158
-184	354.9691
-1192	367.10242
-1196	379.26105
923	390.1142
5513	398.22424
-166	404.7032
-1202	407.84134
-1199	409.05472
871	408.48007
5376	406.0817
-167	404.04175
-1192	401.33057
-1202	399.47897
861	398.2708
5392	396.98346
-149	397.0093
-1208	396.6033
-1217	396.9283
809	397.78888
5279	398.82657
-181	402.07477
-1197	406.39337
-1206	413.2988
816	422.5163
5400	433.02243
-124	445.64383
-1208	457.65018
-1217	468.88177
791	477.64456
5456	482.07098
-125	483.07858
-1198	478.96298
-1190	471.46094
751	461.4291
5348	449.72433
-115	439.68265
-1196	431.33374
-1194	427.05298
762	427.16412
5374	430.88968
-110	439.116
-1192	449.02182
-1194	460.21786
688	470.82483
5274	478.74133
-128	484.58267
-1194	486.24115
-1192	484.95532
670	480.93768
5308	474.2578
-98	467.49036
-1196	459.9533
-1182	453.6203
680	448.79575
5540	445.01297
-34	444.0666
-1212	444.21524
-1199	446.46255
614	450.2963
5314	454.6742
-65	460.93158
-1196	467.11566
-1184	474.14056
609	481.4668
5351	488.05154
-31	495.2922
-1201	501.31067
-1197	507.19403
543	512.6693
5196	517.00916
-36	521.88776
-1184	525.7055
-1185	529.7105
548	533.62305
5319	536.5094
16	539.7646
-1172	541.3998
-1189	542.3195
489	542.0416
5085	539.64246
-44	536.6577
-1195	531.5575
-1189	525.7558
495	519.3513
5307	511.8909
36	505.33374
-1206	498.31433
-1205	492.21185
469	486.92307
5174	481.69977
18	478.1244
-1200	474.51627
-1205	471.99808
404	470.2878
4929	468.5174
-45	468.05157
-1199	467.04095
-1206	466.4075
380	465.6735
5094	463.78754
38	462.13205
-1185	459.0344
-1191	455.75046
424	452.2746
5335	448.0524
99	445.0148
-1201	441.6882
-1200	439.36465
398	437.7261
5289	435.6198
103	434.2222
-1191	431.3438
-1172	427.81946
416	423.30185
5424	417.06702
164	411.2372
-1189	404.81775
-1207	399.90234
345	397.1312
5328	396.2378
164	399.07297
-1184	403.69672
-1186	410.63754
424	418.67108
5472	425.7412
137	432.41962
-1197	436.12576
-1191	437.70514
339	437.10355
5322	434.0155
163	430.9508
-1202	427.07907
-1204	424.47537
304	423.4622
5355	423.16806
193	424.79535
-1210	425.8009
-1211	426.48853
241	425.85715
5181	422.4883
182	417.87045
-1186	410.73233
-1184	403.20175
258	396.32303
5368	390.4405
265	388.24533
-1199	388.61658
-1206	392.94904
258	400.64328
5383	409.8424
265	420.90125
-1186	430.70383
-1200	439.24255
209	445.41696
5199	447.78476
218	447.81567
-1207	444.03998
-1209	438.26584
165	431.10815
5129	422.47217
244	414.6465
-1221	406.5646
-1192	399.9709
190	395.12036
5328	391.33496
306	390.34305
-1187	390.2814
-1199	392.14923
149	395.36148
5229	398.31146
329	401.771
-1200	403.10474
-1206	402.84616
119	400.44537
5148	394.95578
318	388.41745
-1204	379.9231
-1191	372.01324
101	365.98132
5042	362.14407
305	362.85696
-1189	366.3916
-1201	373.3826
76	382.38385
5001	390.59204
277	397.49127
-1203	399.3474
-1203	396.06653
59	387.11914
4988	372.15503
327	354.29593
-1209	334.04114
-1197	315.2959
64	300.6048
4968	291.1506
316	289.7454
-1182	294.7699
-1191	306.57684
22	323.38687
4883	342.04913
294	361.77792
-1216	378.71167
-1206	392.5751
-39	402.62622
4779	408.04263
314	411.11127
-1196	411.189
-1197	410.7409
-42	410.84137
4978	411.2714
428	413.9161
-1185	416.8971
-1191	420.91397
-4	425.3122
5082	428.53192
422	431.78998
-1208	433.17615
-1188	433.93738
-14	434.3358
5154	433.74194
482	434.1365
-1195	434.00558
-1195	434.50162
-43	435.42224
5064	435.4691
483	435.89862
-1189	434.62326
-1199	432.54434
-76	429.54944
4853	424.73633
423	419.86462
-1202	413.4321
-1191	406.90958
-92	400.6253
4971	393.92563
496	388.78595
-1214	383.87152
-1207	380.71954
-118	379.75217
4880	380.36774
487	384.40384
-1214	390.16736
-1199	398.50623
-135	408.79257
4829	419.0642
483	429.6562
-1214	437.48746
-1201	442.36545
-149	443.28882
4875	438.74017
547	430.4203
-1196	417.38242
-1197	402.07437
-147	386.2688
4998	370.85733
556	359.3105
-1189	351.25778
-1199	348.65503
-95	351.6228
5315	358.45047
671	369.65778
-1194	381.91168
-1204	394.5421
-192	405.94235
4943	413.7723
598	418.86707
-1195	419.2623
-1207	416.33206
-194	410.8347
4953	402.71173
653	394.6752
-1199	386.0559
-1192	378.66583
-206	373.00613
4894	368.15744
638	365.55722
-1179	363.06818
-1201	361.18927
-222	359.3929
5176	356.09198
744	352.71448
-1187	347.61197
-1185	342.0558
-211	336.5976
4926	330.84796
676	327.1683
-1198	324.48178
-1196	324.21857
-242	326.50864
4768	329.9865
634	335.52435
-1194	340.43097
-1188	344.53165
-276	346.75296
4713	345.16116
624	340.86575
-1198	332.3549
-1202	321.2764
-312	308.88535
4671	295.69147
651	284.94345
-1199	276.51538
-1204	272.5075
-320	273.54248
4579	278.50156
614	288.25635
-1185	299.93814
-1187	313.18985
-338	326.7698
4549	338.57193
611	349.50623
-1192	357.69162
-1200	364.38464
-354	370.21536
4466	374.77234
585	380.09238
-1186	384.61975
-1208	389.2021
-339	393.42496
4630	395.50775
618	396.2996
-1193	393.49142
-1195	387.86093
-334	379.76898
4707	368.8764
663	357.898
-1195	346.35858
-1195	336.52905
-386	329.5022
4378	324.8038
571	323.99966
-1192	324.90012
-1189	327.66022
-407	331.3928
4340	334.0912
587	336.5087
-1171	336.45276
-1191	334.8331
-440	332.0453
4215	327.57343
504	323.5207
-1197	318.74207
-1198	314.64294
-422	311.66776
4284	309.00916
560	308.3744
-1199	308.2096
-1186	309.74457
-441	313.50055
4386	318.83353
629	327.64435
-1209	338.34476
-1188	351.72427
-436	367.382
4263	383.34174
617	399.83856
-1187	413.73404
-1192	424.55457
-462	431.3237
4089	432.39465
584	429.17795
-1207	420.56705
-1196	408.5551
-491	394.7862
4148	379.8704
611	366.87592
-1196	355.38016
-1183	347.2078
-482	342.98825
4091	341.76434
669	344.72815
-1196	349.7285
-1194	357.0728
-514	366.35153
3964	375.9994
616	386.88034
-1188	396.7297
-1188	405.75348
-531	413.41336
3900	417.97723
588	420.19333
-1183	417.94592
-1193	411.92938
-556	402.58472
3934	389.62796
650	375.60117
-1186	360.27905
-1192	345.95865
-551	334.10434
3984	324.60864
704	319.2809
-1196	316.3324
-1189	315.86664
-561	317.03107
3922	317.66336
685	318.16962
-1199	316.3249
-1202	312.7991
-580	308.1363
3931	302.0777
793	296.97412
-1197	292.1999
-1197	289.17096
-608	288.2735
3793	288.1996
679	289.60388
-1192	289.986
-1182	289.16934
-597	286.7026
4003	281.39377
913	275.13873
-1189	267.46112
-1207	260.59235
-631	256.36227
3985	255.12408
948	259.17786
-1195	267.1265
-1207	279.0718
-634	293.8173
3808	308.38934
820	322.0313
-1200	331.19254
-1202	335.2435
-617	333.79926
3865	326.10345
848	314.64987
-1191	299.56863
-1179	283.60092
-628	268.89706
3791	255.9392
832	246.94724
-1196	240.5372
-1197	236.9001
-642	235.26917
3755	233.45268
798	231.7874
-1206	228.07062
-1204	222.94179
-651	217.1561
3923	210.64352
934	206.07317
-1183	203.20357
-1191	203.71846
-680	208.35216
3588	215.94836
829	227.02605
-1174	238.78352
-1172	250.33109
-684	260.3442
3766	266.46036
957	269.20566
-1193	266.88544
-1184	260.5839
-670	251.51768
3800	239.94592
1009	228.67213
-1178	217.53955
-1205	208.34158
-719	202.06363
3779	197.96008
1059	197.32376
-1191	198.22162
-1196	200.84685
-691	204.89253
4017	208.65433
1196	212.99579
-1183	215.99673
-1216	217.9264
-714	218.74707
3978	217.11305
1236	214.26561
-1179	208.77296
-1193	201.47382
-714	193.12169
3818	183.3379
1186	174.3572
-1186	165.76074
-1215	159.15138
-760	155.61363
3784	154.5312
1177	157.3009
-1185	161.98763
-1201	168.44196
-761	175.94754
3828	182.32419
1321	187.98311
-1169	190.98985
-1182	191.88297
-750	191.39993
3704	189.27518
1308	187.75464
-1166	186.41399
-1188	186.45815
-777	188.36365
3661	190.71109
1324	193.96603
-1177	195.7703
-1195	195.69144
-794	193.38322
3661	187.70207
1338	180.55179
-1176	171.94939
-1198	164.25027
-794	159.7338
3823	158.99535
1476	164.3725
-1169	174.74165
-1200	189.71501
-807	207.7454
3878	225.20198
1593	240.67442
-1165	250.59116
-1210	253.90541
-791	250.49158
4076	239.98613
1684	225.61562
-1184	208.8601
-1204	193.0926
-809	181.17847
4069	173.69066
1812	172.5332
-1170	175.92393
-1186	182.73143
-789	191.00438
4154	197.16757
1913	200.57529
-1171	198.96878
-1186	192.87154
-817	183.75322
4089	172.39966
1938	162.44937
-1148	155.07045
-1187	152.32071
-825	155.1261
4029	161.77809
1938	171.97055
-1165	182.41017
-1199	191.10449
-829	196.28952
4031	195.52997
1955	189.91777
-1164	179.4394
-1192	166.49641
-856	153.93721
3981	143.17215
1981	137.53395
-1165	137.21706
-1198	142.73914
-868	153.41527
3932	166.19496
2030	179.9729
-1154	191.44997
-1171	199.30988
-854	203.06021
4016	201.71013
2043	197.67213
-1175	191.8681
-1191	186.9179
-870	185.25462
3844	187.26227
1991	194.78787
-1171	206.596
-1202	221.85524
-861	239.04765
3980	254.8328
2094	268.34937
-1143	277.01932
-1202	280.275
-887	278.3234
3861	270.63257
2038	259.61752
-1152	245.96172
-1193	231.71367
-887	218.80402
3884	207.30836
2118	199.2035
-1159	193.99393
-1182	191.9681
-886	193.15224
3771	195.88089
2006	200.67636
-1157	206.00119
-1190	211.53566
-897	217.02982
3688	220.83514
1963	223.66003
-1139	224.2878
-1207	222.88268
-908	219.83626
3673	214.2879
1996	207.85599
-1132	200.3129
-1203	192.76514
-932	186.41267
3665	180.86842
2019	177.83429
-1146	176.77689
-1188	178.0654
-926	181.92032
3626	186.89261
2021	193.69128
-1144	201.06145
-1195	208.96007
-927	217.62007
3589	225.8865
2036	234.90533
-1126	243.9231
-1184	253.24092
-928	263.18222
3421	272.51132
1942	282.0749
-1139	290.73126
-1184	298.526
-961	305.837
3408	311.7055
1932	317.5296
-1136	322.8729
-1197	328.4647
-966	335.1784
3341	342.18567
1993	350.48004
-1132	358.90622
-1194	367.08386
-969	374.67993
3351	379.87567
2009	383.1326
-1146	383.37817
-1199	380.98386
-975	376.9309
3294	371.02744
1981	365.3309
-1133	360.03522
-1208	356.1273
-987	354.41943
3454	353.75873
2090	354.7395
-1134	355.84915
-1187	356.46924
-972	356.32446
3375	353.95303
2099	350.44916
-1127	345.5074
-1199	340.2033
-982	336.03296
3326	332.92273
2108	332.58868
-1128	334.5887
-1191	338.81396
-993	344.93103
3350	350.7535
2119	356.09958
-1127	359.15393
-1192	359.3907
-986	357.12698
3359	351.71335
2171	345.10358
-1124	337.81216
-1196	331.3036
-996	327.16837
3428	325.01913
2214	326.07248
-1109	329.2309
-1182	333.81927
-1009	339.30035
3373	343.55157
2318	346.7899
-1113	347.85904
-1194	346.9336
-996	344.99274
3339	341.69736
2303	338.85904
-1101	336.40848
-1195	334.82562
-1007	334.62238
3316	334.32315
2293	334.24243
-1112	332.91785
-1203	329.76886
-1020	324.94525
3328	317.4086
2349	308.6353
-1100	298.81277
-1189	289.10025
-1035	281.13034
3168	274.76276
2298	271.50586
-1115	270.78745
-1196	272.2917
-1026	275.86206
3284	279.50803
2403	283.27103
-1105	285.81314
-1196	286.72894
-1028	286.5462
3221	284.537
2385	282.24057
-1095	279.76477
-1200	277.7484
-1044	277.188
3139	277.15778
2376	278.36154
-1110	279.69363
-1208	280.43768
-1049	280.4186
3145	277.9658
2431	273.64688
-1099	266.8336
-1196	257.8631
-1050	248.02939
3366	237.15273
3040	227.1185
-1043	218.44447
-1189	211.80318
-1049	208.28445
3074	206.95126
2403	208.45229
-1083	211.50053
-1202	215.25545
-1052	219.48009
3099	222.30641
2423	224.05733
-1087	223.74963
-1201	221.3563
-1071	217.97131
3041	213.26152
2475	209.04036
-1066	205.5934
-1187	203.68137
-1074	204.63553
2997	207.69624
2499	213.64398
-1077	221.35591
-1203	229.92555
-1069	239.10132
3081	246.86061
2587	253.26686
-1079	257.16824
-1194	258.2175
-1081	257.31436
3041	253.93567
2617	249.71686
-1079	244.94836
-1209	240.314
-1097	237.2145
2843	235.0822
2579	234.89767
-1087	236.00749
-1200	237.94969
-1090	241.07596
2988	243.97739
2645	247.22601
-1074	250.15123
-1194	252.56186
-1081	255.34592
2968	257.692
2674	260.68332
-1063	263.95444
-1190	267.39532
-1091	271.72165
2816	275.78467
2644	280.13577
-1026	284.00027
-1186	286.9075
-1101	289.3846
2836	290.30737
2599	290.48117
-1047	289.46393
-1199	287.2665
-1105	284.94263
2788	281.86963
2543	279.24652
-1052	276.91556
-1199	274.9766
-1104	274.3671
2835	274.1278
2701	274.91592
-1046	275.94092
-1181	276.50815
-1108	276.8859
2885	275.59317
2829	273.10782
-1047	269.00528
-1185	263.37915
-1107	257.68375
2877	251.90685
2817	247.95613
-1054	246.50905
-1187	248.06725
-1106	253.58092
2879	261.59506
2909	271.7063
-1039	281.8468
-1201	289.738
-1122	294.1776
2790	292.73026
2804	285.55658
-1031	272.79782
-1206	255.89308
-1124	238.29802
2862	222.34164
2968	212.17448
-1036	210.35864
-1201	218.36685
-1122	237.17548
2894	264.2936
3081	297.38156
-1032	331.97433
-1182	363.06384
-1128	386.996
2866	399.37665
3116	399.1114
-1022	386.14505
-1193	362.20358
-1142	331.61713
2852	297.87436
3106	266.29587
-1028	240.64761
-1204	223.29039
-1144	215.96558
2846	216.95424
3246	224.74017
-1009	236.11798
-1192	247.4224
-1141	256.56793
2683	260.7647
3082	260.13538
-1025	255.32484
-1190	247.84233
-1137	240.88235
2779	235.86154
3154	235.22632
-1013	239.6166
-1199	248.25133
-1139	260.3467
2771	272.61877
3241	283.1306
-1010	289.43842
-1210	289.6803
-1166	284.25983
2633	273.0535
3098	258.56668
-1014	243.1966
-1203	229.29309
-1152	219.99867
2499	215.95686
2977	218.2441
-1019	226.03598
-1191	237.34125
-1148	250.7426
2563	262.9654
3155	272.5751
-997	278.10385
-1194	278.7089
-1146	275.61865
2377	269.10956
2899	261.32996
-987	253.6787
-1192	247.05792
-1126	242.97331
2407	240.59172
2941	239.9512
-993	239.88516
-1182	238.92877
-1152	236.98962
2259	232.74149
2861	226.85956
-990	219.84406
-1194	212.4168
-1177	206.7725
2263	203.3393
2889	203.61844
-995	207.84969
-1193	215.38365
-1162	226.23723
2238	238.3287
2896	250.78026
-988	262.0982
-1210	270.84567
-1157	277.31476
2410	280.6343
3479	281.76584
-949	281.55734
-1207	280.47195
-1182	280.18765
2068	280.43335
2801	281.8461
-969	284.00787
-1187	285.8595
-1149	287.46994
2004	287.35477
2970	285.52744
-979	281.87808
-1180	276.37714
-1157	270.76324
1706	265.49252
3076	262.12747
-947	261.75156
-1197	264.59027
-1167	271.66168
1719	281.82422
2633	294.51898
-1009	308.2339
-1205	320.9279
-1186	331.98102
1762	339.53647
2780	343.41714
-985	343.59854
-1199	340.25665
-1169	335.41443
1819	329.7629
2868	325.16687
-988	322.73883
-1207	322.5206
-1169	325.5983
1787	330.7281
2762	337.28207
-974	343.8334
-1175	348.46732
-1184	350.8592
1749	349.56256
2776	344.87265
-963	337.26883
-1202	327.38083
-1185	317.58368
1622	308.83588
2620	303.03055
-956	301.1526
-1184	303.14362
-1172	309.6137
1636	318.92535
2646	329.9782
-970	340.893
-1198	349.27335
-1169	354.3783
1626	354.4117
2699	349.31668
-941	339.3312
-1188	324.91562
-1176	308.5251
1655	291.34445
2774	275.68613
-942	263.22815
-1179	254.63028
-1179	251.38704
1517	252.69383
2608	258.0544
-944	266.03964
-1182	274.28207
-1171	281.8288
1600	286.35822
2709	287.0761
-961	283.46445
-1185	275.18207
-1178	264.11197
1513	251.11337
2671	238.34285
-950	227.56068
-1196	219.57777
-1186	216.07375
1409	216.36348
2496	219.90573
-972	225.11751
-1200	229.42593
-1187	231.77113
1411	230.0035
2473	223.76785
-959	213.36455
-1182	199.63777
-1179	185.83356
1488	174.19725
2724	167.94855
-961	169.48071
-1200	179.44426
-1176	198.52933
1421	224.37285
2953	254.11177
-906	283.8556
-1186	308.6624
-1173	325.62415
1304	331.4505
2633	325.3779
-941	308.2348
-1186	281.87936
-1198	251.0856
1317	219.67627
2723	192.1922
-921	172.046
-1192	160.43242
-1196	158.38316
1149	163.67584
2436	173.58916
-956	184.38733
-1186	191.67993
-1193	193.46994
1194	187.51726
2526	174.02164
-936	154.51706
-1182	131.08005
-1197	108.08334
1253	88.38799
2753	75.061646
-912	69.904434
-1193	72.52301
-1186	82.85013
1268	98.146065
2742	115.866
-923	133.2083
-1185	146.95027
-1179	156.4549
1149	160.53664
2618	159.83107
-935	155.61311
-1198	148.78148
-1189	142.06442
1324	136.25986
2887	132.43317
-919	130.8694
-1192	130.28008
-1189	130.71756
1158	130.47333
2786	128.71564
-922	124.92783
-1196	118.15641
-1183	109.88631
1148	100.49979
2794	91.42697
-904	84.1756
-1187	79.08618
-1207	77.93131
1147	80.38417
3043	86.2636
-871	95.00366
-1194	104.62462
-1202	114.81849
1146	123.73493
3001	130.44571
-882	134.48946
-1188	134.75539
-1193	132.46834
1125	127.6491
3105	121.2409
-859	114.52885
-1191	107.65547
-1187	102.4649
1188	98.989136
3148	97.60056
-849	98.58766
-1184	100.750145
-1192	104.44025
1048	108.320335
2893	111.625206
-878	113.778694
-1195	113.204025
-1204	110.409836
1014	104.6423
2953	96.05054
-857	85.36719
-1195	72.485855
-1198	59.312428
993	46.473595
2869	35.261974
-869	27.155605
-1191	22.342564
-1192	22.494024
993	27.403397
3073	36.92818
-823	50.80443
-1201	67.073555
-1198	85.170975
961	102.881226
3009	118.518105
-836	130.94785
-1192	138.22894
-1204	140.77072
828	138.20091
2946	131.2401
-829	121.49424
-1185	109.63578
-1207	98.15008
811	87.867836
2952	79.61824
-834	74.017784
-1190	69.663994
-1196	66.700676
904	63.41463
3175	58.50959
-797	51.53379
-1194	41.261337
-1207	28.976381
837	15.3328705
3217	1.9719925
-776	-8.487528
-1181	-14.972921
-1192	-14.978904
866	-8.249826
3280	4.7862277
-764	23.44803
-1192	44.422653
-1213	65.84646
834	84.31949
3337	97.15731
-782	103.341095
-1199	101.461555
-1201	93.17003
812	79.92479
3305	64.32877
-764	50.09779
-1184	39.146088
-1194	34.488083
751	36.65403
3263	45.16827
-738	59.101025
-1176	75.03633
-1183	90.975876
743	103.656364
3246	110.73173
-731	111.66982
-1180	105.66901
-1186	94.9435
680	81.31697
3141	67.40091
-771	56.522697
-1218	49.948555
-1203	49.803307
701	55.742695
3321	66.52449
-725	80.90225
-1207	95.58193
-1205	109.031044
720	118.91124
3419	123.9462
-697	124.79558
-1206	121.48888
-1199	116.55627
645	111.60967
3298	108.36546
-709	108.933914
-1194	113.016716
-1203	121.1614
623	131.76736
3264	142.80867
-707	152.88046
-1200	159.13272
-1191	161.0491
628	157.59904
3405	148.77672
-698	136.36955
-1192	121.065025
-1213	105.56395
633	91.19608
3479	79.04436
-692	70.617516
-1211	65.08923
-1196	62.87898
581	62.766354
3394	63.5385
-664	65.1221
-1199	66.07566
-1210	67.13565
548	68.14599
3177	69.33071
-701	71.88255
-1196	75.239136
-1216	80.22213
500	86.02998
3098	91.62992
-706	96.6413
-1206	99.087616
-1218	98.858665
531	95.02753
3243	87.3584
-699	77.17842
-1200	64.66775
-1206	52.19325
606	40.963688
3441	32.17257
-674	27.762314
-1179	27.26213
-1195	31.574863
660	39.701763
3615	50.27466
-669	62.868355
-1192	75.13321
-1189	86.72063
649	96.345245
3810	103.18468
-588	108.14936
-1194	110.58414
-1186	111.96344
602	112.63637
3464	112.99211
-657	114.43495
-1215	116.32
-1206	119.45795
649	123.18178
3664	126.702515
-624	130.38394
-1218	132.71768
-1219	134.08612
661	133.83263
3736	131.61896
-602	128.64017
-1198	124.33778
-1207	120.18477
596	116.43005
3523	113.30586
-634	112.04605
-1192	111.724945
-1204	112.995995
-39	115.1148
2970	116.932884
-543	118.37175
-1173	117.72114
-1195	115.22739
676	110.23311
3814	102.564896
-582	93.80609
-1194	83.91038
-1192	75.03442
724	68.070366
3885	63.7866
-582	63.980198
-1202	67.8429
-1189	75.920105
688	86.912056
3859	99.08246
-593	111.842896
-1191	122.48636
-1191	130.48688
708	134.46948
3832	133.68407
-597	129.39703
-1177	121.24563
-1184	111.37927
703	100.83788
3869	90.67044
-568	83.11967
-1200	77.87695
-1211	76.22815
742	77.659164
4069	81.26705
-534	87.41297
-1202	94.045296
-1190	101.2539
728	107.94088
4010	113.20651
-553	117.8545
-1191	120.60379
-1209	122.42793
689	123.003746
4044	121.95135
-512	120.372314
-1189	117.06267
-1191	112.776276
648	106.988205
4003	99.158905
-524	90.407036
-1194	79.724915
-1192	68.31505
587	56.292885
4283	43.745586
-432	32.597157
-1201	22.489809
-1185	15.023699
539	10.4753895
3883	8.828857
-516	11.385117
-1206	16.873224
-1197	25.810303
422	37.235775
3814	49.829308
-481	63.765236
-1197	77.032684
-1213	89.85006
490	101.48736
3981	111.388725
-471	121.00816
-1202	129.68146
-1214	138.8624
482	148.65639
3989	158.671
-454	169.7418
-1217	179.84576
-1187	188.57156
503	194.09479
4068	194.49927
-452	190.04805
-1216	179.35567
-1220	164.1719
416	146.0375
3850	127.14213
-463	111.784645
-1186	101.75711
-1189	100.311325
434	108.201614
3870	124.34594
-457	147.58524
-1189	172.81584
-1187	196.13962
358	212.2349
3780	216.23895
-444	206.46962
-1191	180.9742
-1202	142.46896
336	94.74675
3762	43.14086
-449	-4.4401374
-1219	-42.654392
-1203	-65.17736
308	-68.967995
3661	-53.824474
-432	-20.59962
-1186	25.127434
-1187	78.339554
268	132.21654
3681	180.0757
-401	218.23492
-1188	242.60147
-1193	253.4621
256	252.04723
3618	240.94151
-420	225.30278
-1199	208.0498
-1205	193.5965
187	184.08105
3501	179.96007
-423	181.96552
-1196	187.40346
-1204	195.17773
243	202.97205
3742	208.5803
-374	212.27841
-1200	212.73781
-1202	211.63751
209	210.02531
3961	208.71513
-246	210.19527
-1196	213.95483
-1203	220.94592
231	230.2787
3841	240.13495
-349	250.18834
-1195	257.60452
-1197	262.0109
214	262.4561
3768	258.32114
-362	251.49797
-1191	241.93152
-1188	232.17899
181	223.7435
3793	217.56416
-321	215.95604
-1196	218.06096
-1182	224.5766
206	234.37486
3942	245.35938
-296	257.0202
-1194	266.17792
-1181	272.0591
203	273.20053
3897	268.33136
-324	258.75717
-1190	243.95856
-1187	226.12715
173	206.77242
3953	187.1429
-310	170.3395
-1197	156.62608
-1189	147.861
136	144.25514
3839	144.99028
-325	150.60977
-1196	158.7439
-1196	168.98674
153	179.83441
3923	189.52376
-309	198.50175
-1209	204.9566
-1196	209.6483
188	212.45518
4164	212.95726
-250	212.82579
-1177	210.97853
-1186	208.60023
119	205.61983
3948	201.4312
-297	197.38844
-1203	192.13701
-1189	186.81038
129	181.47672
3651	175.85797
-398	171.50331
-1186	167.36177
-1184	164.53401
24	162.86113
4048	161.44246
-126	161.23106
-1193	160.42868
-1181	159.47617
-119	157.81038
2711	154.67635
-540	150.89302
-1189	145.1851
-1181	138.8388
-9	132.18327
3531	125.203384
-249	119.67358
-1207	114.86019
-1200	112.0847
-32	111.37446
3576	111.9497
-223	114.76624
-1216	117.966034
-1196	121.494644
-36	124.34286
3575	125.06937
-212	124.193504
-1204	119.998116
-1196	113.4676
-51	104.89855
3686	94.46968
-185	84.519684
-1204	74.9964
-1199	68.2025
-81	65.1414
3523	65.9545
-197	72.08363
-1198	81.923645
-1194	95.71469
-106	112.19454
3541	129.35474
-179	146.91753
-1210	162.23611
-1198	175.23589
-84	185.06989
3669	190.72604
-164	193.3693
-1195	191.86848
-1204	187.62204
-138	181.06993
3561	172.22182
-192	162.9899
-1204	152.78937
-1199	143.54173
-117	136.08931
3598	130.67836
-152	129.2176
-1202	130.74034
-1181	136.23329
-111	145.06563
3673	155.55287
-97	167.50018
-1181	177.94788
-1183	186.44865
-122	191.86131
3711	193.0775
-81	191.63557
-1204	187.1391
-1191	182.03581
-155	177.83382
3554	175.20377
-116	176.10872
-1194	178.95049
-1214	183.78954
-174	188.91522
3720	191.67735
-52	191.6183
-1201	186.38033
-1197	177.01956
-194	164.80716
3593	151.46596
-54	141.31277
-1199	136.05927
-1199	138.96095
-211	150.91171
3488	170.43558
-99	196.14372
-1216	222.61472
-1189	246.07121
-214	261.9509
3531	266.24542
-29	258.79684
-1195	239.19815
-1205	211.63881
-259	180.99371
3379	152.21329
-93	131.64745
-1191	121.4577
-1188	123.77322
-256	136.93658
3306	156.13266
-114	176.60342
-1194	190.4936
-1194	193.02089
-274	180.4504
3349	151.30992
-91	109.160034
-1207	57.862133
-1204	5.473018
-289	-40.33185
3445	-73.40452
-28	-87.82029
-1183	-83.21676
-1178	-60.27687
-293	-23.522348
3507	19.842934
8	63.85646
-1184	100.639404
-1198	126.3494
-304	138.7863
3447	137.81613
-10	127.63265
-1206	111.489296
-1201	95.27859
-300	83.38162
3556	77.95571
16	81.16542
-1202	90.56588
-1199	104.26504
-306	118.630775
3614	129.31349
70	134.84906
-1186	132.65956
-1204	123.97191
-321	110.66478
3513	94.92407
54	81.27639
-1182	71.356
-1189	67.87695
-349	71.36711
3441	80.217415
30	93.6291
-1189	107.55405
-1192	120.028564
-346	128.70808
3426	131.42735
46	129.16655
-1200	121.3843
-1191	110.67287
-348	99.29463
3435	88.79457
56	82.33607
-1190	79.821724
-1188	82.54839
-379	90.13947
3451	100.77278
81	114.186455
-1207	127.38367
-1220	139.62436
-409	149.6083
3383	155.69287
90	158.70366
-1191	157.37611
-1189	153.03076
-407	146.5053
3317	138.0915
66	130.15372
-1181	122.42916
-1203	116.75059
-426	113.825775
3313	113.20974
96	115.98924
-1185	120.25221
-1202	125.944855
-422	131.93164
3451	136.22769
160	139.0514
-1204	138.34303
-1191	134.75467
-429	128.64247
3361	120.04135
149	111.32474
-1187	102.418304
-1189	95.30926
-444	90.8306
3310	88.53414
139	89.405556
-1197	91.36669
-1192	94.217575
-449	96.82528
3350	97.36659
168	96.351776
-1203	92.0832
-1204	85.65716
-461	77.72819
3238	68.42556
119	59.928272
-1200	51.731518
-1191	45.329422
-458	41.10252
3387	38.307552
171	37.989445
-1184	38.58159
-1176	40.61397
-448	43.894104
3410	47.528038
184	52.82397
-1195	58.40491
-1204	65.061584
-476	72.695786
3288	80.13105
173	87.96135
-1206	94.4731
-1195	99.60193
-494	102.7959
3214	103.03439
159	101.64829
-1221	97.924446
-1201	93.436424
-506	89.288216
3214	85.75373
167	84.91634
-1194	86.06028
-1196	90.02918
-506	96.55647
3238	104.12766
196	112.97371
-1192	120.78119
-1194	127.30788
-511	131.89653
3200	133.3696
174	132.91096
-1191	129.51578
-1201	124.4644
-531	118.4986
3126	111.525314
165	105.33726
-1189	99.16301
-1192	94.03497
-546	90.21467
2973	87.023735
108	85.60689
-1196	84.63309
-1201	84.69871
-551	85.73799
3008	86.804596
99	88.849434
-1200	90.313805
-1186	91.6743
-544	92.79524
3099	92.748924
153	92.69159
-1200	91.41864
-1204	89.81493
-581	88.19773
2940	86.046555
100	84.69108
-1189	82.90539
-1199	81.33122
-564	79.87607
3089	77.513824
143	75.25175
-1199	71.71322
-1187	67.72903
-592	63.765366
2967	59.619034
108	57.164646
-1191	55.773705
-1200	56.70014
-600	60.31246
2998	65.70051
108	73.52526
-1176	81.638664
-1199	89.66917
-607	96.63949
3056	100.86724
160	103.039345
-1194	101.77581
-1189	98.19951
-621	93.2653
2917	87.25502
145	82.411674
-1199	78.341225
-1209	76.227135
-646	76.25285
2720	77.29013
68	79.71402
-1186	81.36818
-1199	82.07678
-667	81.39298
2586	78.436
24	74.60215
-1194	69.36442
-1202	64.40942
-694	61.005074
2513	59.442486
14	61.44423
-1204	65.97679
-1186	73.3465
-667	82.887924
2532	92.76956
53	102.76806
-1191	110.47599
-1182	115.54679
-679	117.524475
2495	115.57764
31	111.0696
-1204	103.46216
-1201	94.29282
-689	84.70694
2516	74.972755
68	66.98433
-1190	60.11174
-1200	55.3296
-703	52.873463
2590	51.877274
110	53.139095
-1203	55.010784
-1194	57.665108
-651	60.813076
2661	63.36013
-90	66.205894
-1187	67.91152
-1196	69.113655
-706	70.07585
2765	70.19833
282	70.79493
-1184	70.79013
-1194	70.84352
-701	71.01077
2744	70.25745
261	69.326744
-1193	66.55317
-1205	62.19463
-715	56.23889
2701	48.01648
243	39.058193
-1190	28.896187
-1197	19.12484
-719	11.013251
2739	4.79765
256	2.3431914
-1189	2.7570407
-1209	6.4154315
-708	12.748336
2736	19.84663
261	27.48579
-1186	33.17628
-1194	36.49291
-732	37.10867
2651	34.355244
274	30.00923
-1197	24.03406
-1202	18.363205
-724	14.465609
2629	12.5362215
286	14.074588
-1183	17.671175
-1196	23.083916
-736	29.278921
2559	34.151806
247	37.57758
-1194	37.62868
-1196	34.723076
-747	29.592821
2527	22.610186
205	16.315668
-1198	11.06234
-1192	8.635373
-738	9.912601
2402	14.188788
-105	21.85997
-1191	30.379787
-1206	38.705868
-832	45.417385
2756	48.36708
525	47.88091
-1192	42.74187
-1196	34.01398
-749	22.960249
2595	10.111639
276	-2.1751785
-1181	-14.074162
-1197	-24.518509
-794	-33.24503
2498	-41.375404
298	-48.453674
-1185	-56.21161
-1191	-64.52289
-766	-73.183815
2510	-82.52487
294	-90.700386
-1172	-97.887596
-1192	-102.65426
-769	-104.16034
2617	-103.04324
354	-98.64992
-1200	-93.01395
-1199	-86.916824
-788	-81.49353
2590	-78.652725
366	-77.96154
-1204	-80.57056
-1188	-85.33191
-799	-90.847
2653	-96.468765
456	-99.698906
-1189	-100.59715
-1195	-98.19256
-787	-92.49503
2629	-85.1819
458	-76.53253
-1193	-69.11955
-1201	-63.75621
-817	-60.987747
2521	-61.661987
434	-64.06132
-1186	-67.94151
-1192	-71.17994
-825	-71.876595
2526	-69.518456
449	-62.421524
-1200	-51.803944
-1201	-38.163486
-818	-22.83866
2539	-8.480074
493	4.1430483
-1176	12.588603
-1182	16.590559
-812	16.450447
2566	12.175667
526	6.1317477
-1197	-1.1324444
-1204	-7.665289
-841	-12.078154
2465	-14.516341
513	-13.934541
-1171	-11.800803
-1198	-8.457317
-845	-4.551145
2531	-1.6370047
586	0.78894204
-1173	1.6136256
-1192	1.3783447
-829	0.6177249
2593	-1.1105764
576	-2.5146067
-1195	-4.463081
-1204	-6.6107936
-857	-8.907782
2629	-12.331822
683	-15.863392
-1179	-20.231544
-1204	-24.537388
-854	-27.898327
2678	-30.495287
731	-30.86236
-1167	-29.866564
-1179	-27.593126
-879	-24.810604
2617	-23.729643
744	-24.840677
-1193	-30.34668
-1203	-40.510983
-856	-54.891773
2733	-73.13456
810	-92.074066
-1171	-109.8344
-1181	-123.06284
-846	-128.91847
2617	-126.484856
803	-114.31245
-1175	-94.31014
-1187	-68.46341
-856	-39.956078
2660	-13.495559
846	8.23513
-1169	21.459995
-1203	25.02686
-891	19.216469
2629	4.768359
863	-14.515655
-1178	-35.974133
-1187	-55.669956
-880	-70.33031
2640	-78.817474
876	-79.510765
-1186	-73.89269
-1196	-63.40867
-885	-50.269264
2607	-37.873093
908	-27.467188
-1156	-21.23695
-1191	-19.325697
-877	-21.014946
2690	-25.882608
963	-31.260843
-1175	-36.128937
-1184	-38.780914
-894	-38.155308
2609	-34.951897
956	-28.74438
-1187	-21.231678
-1184	-13.360373
-902	-6.083058
2771	-1.2096599
1066	1.7019873
-1183	1.8790574
-1192	-0.1333068
-906	-3.5829756
2708	-8.722524
1086	-14.03851
-1176	-19.761627
-1204	-25.335848
-928	-30.346895
2649	-35.51421
1062	-39.722164
-1181	-43.41238
-1202	-45.974594
-917	-46.77957
2719	-46.374035
1138	-43.66272
-1155	-39.47317
-1201	-33.867527
-906	-27.362177
2696	-21.716452
1144	-16.90362
-1166	-14.4274845
-1192	-14.505527
-914	-16.879383
2641	-21.960924
1114	-27.957584
-1183	-34.473564
-1198	-40.093147
-933	-43.520576
2601	-44.947857
1108	-43.256744
-1180	-39.451096
-1195	-33.99111
-938	-27.531872
2598	-21.891285
1102	-16.910206
-1175	-13.737651
-1196	-12.119574
-948	-11.350172
2623	-11.567596
1159	-11.007566
-1164	-9.620063
-1198	-6.675352
-938	-1.7907636
2550	3.8740234
1153	10.561035
-1162	16.74536
-1188	21.802214
-947	25.398796
2496	26.439528
1070	25.997921
-1169	23.976637
-1189	21.467892
-942	19.746584
2479	18.855364
1069	20.247854
-1164	23.388016
-1193	28.15579
-949	34.116375
2541	39.46983
1134	44.141056
-1165	46.708855
-1196	46.98339
-957	45.308804
2396	41.387894
1030	36.935112
-1161	32.29985
-1191	28.719538
-950	27.062109
2580	26.727974
1213	28.47532
-1149	31.038736
-1190	33.760223
-962	36.150394
2499	36.69371
1098	35.96247
-1167	33.39714
-1232	29.759151
-982	26.20019
2488	22.877224
1138	21.593155
-1166	22.326458
-1179	25.410582
-956	30.821743
2509	36.95158
1203	43.63399
-1165	49.16442
-1198	52.80674
-974	54.344337
2365	52.972454
1084	50.102596
-1166	46.05257
-1206	42.245678
-989	40.241173
2336	40.211037
1076	43.544273
-1176	49.528496
-1195	57.695564
-982	67.262505
2379	76.01804
1153	83.4456
-1170	87.76343
-1201	88.472206
-1001	85.87738
2346	79.742294
1148	72.03611
-1174	63.57409
-1200	56.042732
-992	51.15652
2293	49.06801
1094	51.017902
-1152	56.155304
-1184	63.833202
-975	73.19922
2350	82.04982
1168	89.898476
-1159	95.06954
-1192	97.05772
-982	96.10484
2231	91.82201
1098	85.83735
-1140	78.56587
-1187	71.208595
-995	65.041534
2263	59.88092
1071	56.813595
-1164	55.06682
-1202	54.32847
-997	54.38675
2197	53.89493
1054	53.286194
-1176	51.843067
-1212	49.86706
-1021	48.191586
2213	46.653805
1149	46.69289
-1154	48.150894
-1194	51.218822
-1022	55.982483
2178	60.96287
1159	65.98561
-1146	69.355316
-1194	70.207016
-1001	68.29979
2191	62.737785
1165	54.818996
-1157	44.956738
-1209	34.637314
-1036	25.815905
2190	19.08964
1151	16.241953
-1142	16.95789
-1191	20.910143
-1017	27.463036
2250	34.29991
1193	40.613823
-1167	44.348854
-1204	44.606575
-1025	41.608982
2154	35.170826
1156	27.422926
-1146	19.500004
-1205	13.338836
-1034	10.968124
2215	12.542863
1235	18.979042
-1150	28.898859
-1198	40.746883
-1034	52.911938
2261	62.458054
1289	68.4501
-1148	69.28928
-1189	64.91709
-1039	56.705593
2221	45.591373
1301	34.612247
-1135	25.479635
-1192	20.061401
-1017	19.893457
2101	24.275116
1128	33.058475
-1155	43.83301
-1197	54.310192
-1048	62.616173
2034	66.063324
1168	64.3056
-1140	56.66609
-1189	44.07821
-1050	28.813948
1876	12.480875
1106	-1.7545958
-1135	-12.419199
-1192	-18.148283
-1046	-18.020014
1818	-13.274254
1013	-4.5071616
-1143	5.8123994
-1204	15.65816
-1047	23.72768
1821	28.064867
1031	28.937832
-1140	25.992205
-1191	20.175758
-1073	13.40268
1849	6.4727182
1063	1.5126204
-1134	-1.1363798
-1197	-1.1135279
-1084	1.90407
1841	6.4870367
1063	12.370623
-1147	17.843147
-1196	21.877556
-1084	24.316765
1833	24.163773
1084	22.318718
-1153	18.667503
-1209	13.845329
-1066	9.092194
1959	4.264003
1227	0.48964864
-1116	-2.6838462
-1179	-5.457349
-1071	-7.586701
1913	-10.150325
1156	-12.647536
-1136	-15.717338
-1196	-19.278791
-1085	-22.434889
1914	-25.427145
1204	-26.96136
-1121	-27.115341
-1192	-25.701223
-1065	-22.20289
1946	-17.67934
1273	-11.950388
-1126	-6.2531567
-1195	-1.4161867
-1077	2.4518552
1949	4.1899395
1370	4.4294724
-1139	2.9223332
-1181	0.08474818
-1076	-2.81846
1936	-5.7586007
1278	-7.311576
-1136	-7.485256
-1190	-6.205985
-1081	-3.0684776
1906	0.75219554
1274	5.341452
-1116	9.489804
-1196	12.433695
-1092	14.198437
1889	13.81133
1288	12.06962
-1124	8.893251
-1191	4.816422
-1082	1.1370468
1926	-2.0919085
1313	-3.438778
-1112	-2.8789206
-1201	-0.2728132
-1094	4.860049
2110	11.386021
1848	19.384613
-1094	27.855446
-1201	35.87336
-1092	43.204773
1911	48.467117
1374	51.90144
-1143	52.781475
-1190	50.916565
-1089	47.015617
1884	40.669502
1346	33.050266
-1114	24.254221
-1182	14.7637005
-1081	5.6760993
1880	-3.2409217
1347	-10.914701
-1119	-17.580301
-1182	-23.321186
-1106	-27.719858
1778	-31.788807
1345	-35.251007
-1125	-38.981033
-1208	-43.525528
-1094	-48.630512
1910	-55.167736
1483	-62.378773
-1121	-70.31983
-1202	-78.62971
-1092	-86.14377
1909	-92.93072
1481	-97.71634
-1125	-100.43269
-1202	-101.05386
-1109	-99.16128
1841	-95.89685
1414	-91.22989
-1111	-86.32755
-1191	-82.148
-1090	-78.83425
1898	-77.60137
1472	-77.94651
-1116	-80.07685
-1207	-83.694046
-1107	-87.539986
1908	-91.51906
1524	-94.11313
-1099	-94.91391
-1199	-93.55769
-1108	-89.28106
1892	-82.92635
1648	-74.281364
-1091	-64.33251
-1204	-54.134624
-1130	-44.08406
1857	-35.840374
1504	-29.529718
-1106	-25.981438
-1181	-25.566177
-1107	-27.56542
1837	-32.156647
1510	-37.827396
-1112	-43.809788
-1189	-49.10122
-1109	-52.081676
1829	-52.646717
1533	-49.73869
-1094	-43.713116
-1207	-35.311596
-1127	-25.021635
1894	-14.908721
1641	-5.7430177
-1110	0.9731556
-1203	4.175693
-1121	4.123774
1840	0.4150691
1618	-5.4289756
-1117	-12.352324
-1209	-19.13169
-1129	-23.928503
1852	-26.632526
1692	-26.435692
-1107	-24.050259
-1206	-20.788614
-1142	-17.52949
1872	-16.466148
1728	-18.071663
-1102	-22.9587
-1199	-30.85001
-1126	-39.794724
1869	-48.435566
1742	-53.747402
-1090	-53.70983
-1210	-46.95545
-1127	-32.406544
1887	-11.600835
1753	13.983268
-1096	41.055984
-1197	65.77955
-1129	85.209694
1744	95.86611
1669	96.79069
-1084	87.736465
-1202	69.992165
-1125	46.912224
1818	21.297562
1692	-2.6162126
-1091	-21.989735
-1224	-35.05347
-1139	-40.585785
1836	-40.078674
1737	-34.82135
-1105	-27.580631
-1192	-21.260397
-1126	-17.41111
1863	-17.983202
1823	-22.481138
-1072	-30.040524
-1188	-39.04931
-1149	-46.720253
1819	-51.707626
1753	-51.967342
-1070	-47.134243
-1184	-37.989456
-1157	-25.413603
1880	-12.229054
1868	-0.13374531
-1079	8.811819
-1190	12.996897
-1136	12.546696
1871	7.2368617
1847	-1.0844162
-1084	-10.708172
-1206	-20.014772
-1142	-26.854584
1817	-30.87409
1878	-31.175087
-1071	-28.131453
-1212	-22.870651
-1144	-16.015238
1881	-9.471744
1950	-3.6262352
-1086	0.94006854
-1201	3.8500905
-1157	5.938724
1799	7.000014
1904	8.116444
-1071	9.630942
-1199	11.383722
-1146	13.720222
1799	15.445242
1962	16.454895
-1080	16.120815
-1206	13.732328
-1156	9.743956
1850	3.6933558
2085	-3.2962437
-1054	-10.390627
-1207	-16.964201
-1152	-21.589134
1769	-24.371262
2013	-24.550798
-1062	-22.280357
-1210	-18.325148
-1156	-12.828251
1671	-7.2922077
1832	-1.9771225
-1074	2.427281
-1202	5.248297
-1156	6.958028
1634	7.02117
1828	6.259946
-1066	5.01653
-1192	3.3973775
-1150	2.3551276
1638	1.4608843
1824	1.347743
-1071	1.968394
-1209	2.9200473
-1157	4.730898
1648	6.6127725
1917	8.969694
-1066	11.693165
-1208	14.401648
-1159	17.632263
1553	20.637701
1792	23.77954
-1081	26.833761
-1199	29.285685
-1154	31.528503
1544	32.72297
1763	33.20629
-1068	32.809208
-1203	31.168077
-1171	28.907614
1474	25.464798
1709	21.448994
-1074	16.942028
-1212	11.832234
-1191	6.9674706
1386	2.0052247
1682	-2.2592704
-1069	-5.583342
-1204	-8.082704
-1176	-8.7322855
1355	-7.9341273
1675	-5.1821713
-1068	-0.6804158
-1180	4.895978
-1168	11.671787
1324	18.386545
1559	24.800129
-1069	30.145527
-1202	33.59156
-1177	35.492546
1238	35.30498
1603	33.803932
-1061	31.516422
-1196	28.87455
-1169	27.273813
1308	26.755451
1634	28.137108
-1061	31.397743
-1182	35.831627
-1163	41.39755
1269	46.655094
1565	51.16513
-1070	54.100945
-1186	54.663452
-1144	53.476173
1193	50.376034
1494	46.546017
-1062	42.828228
-1179	39.823917
-1156	38.95673
1107	40.087227
1408	43.58205
-1053	48.786522
-1187	54.446995
-1171	60.07972
1232	64.01346
1587	65.8398
-1055	65.078354
-1208	61.50863
-1167	56.445103
1319	50.388348
1674	45.093216
-1064	41.782597
-1202	41.06822
-1164	44.115303
1370	50.23457
1778	59.175686
-1038	69.75076
-1182	80.05611
-1179	89.26978
1453	95.450325
1889	98.12614
-1026	96.90941
-1176	91.54561
-1184	83.32295
1634	72.5052
2209	60.604225
-1016	48.776974
-1200	37.448677
-1181	27.86852
1726	19.631569
2335	13.207173
-1014	8.627911
-1194	5.255264
-1169	3.577767
1798	2.7700028
2483	3.1795583
-991	4.918792
-1197	7.393819
-1172	11.076744
2034	14.831967
2799	18.56747
-979	21.96138
-1187	23.904861
-1169	24.613764
1994	23.060408
2746	19.66252
-987	14.966122
-1204	8.956541
-1166	2.988769
2743	-3.2258403
3893	-8.768474
-913	-12.804728
-1179	-15.994061
-1143	-17.936852
3814	-20.367645
5530	-23.550108
-804	-27.051079
-1195	-31.991686
-1154	-37.721474
4514	-45.350513
6679	-54.026413
-744	-61.74272
-1197	-68.62138
-1137	-73.34212
5682	-77.23274
8295	-80.012825
-657	-80.31979
-1188	-79.83614
-952	-78.76111
8519	-80.23732
12926	-84.80162
-231	-89.85601
-1011	-96.68138
4921	-105.51762
22224	-119.11117
36513	-137.75336
7309	-152.08162
-179	-161.95389
12211	-169.02464
46788	-179.78302
57353	-192.94508
15774	-198.30316
1167	-197.31602
13643	-194.51868
49143	-198.70837
60050	-210.3748
18744	-220.46329
2364	-230.14275
17510	-243.9529
54221	-268.88742
66521	-303.11615
24308	-334.3711
3778	-360.24954
19502	-383.87854
58718	-412.01297
74036	-443.9212
30553	-468.58215
5438	-485.32968
21333	-500.80225
58726	-523.8804
72275	-555.2405
30450	-584.686
5241	-610.1452
18983	-635.2965
57639	-666.50476
73980	-702.18536
32061	-730.1578
6517	-748.3507
23450	-763.25726
62806	-784.7838
77584	-815.4563
31658	-846.5059
4982	-878.73315
20453	-918.65674
59522	-973.6284
75010	-1041.1093
31683	-1105.956
8846	-1162.5979
30024	-1213.0569
61789	-1259.9393
76444	-1302.9893
33313	-1333.0671
6394	-1352.7695
21626	-1373.676
59922	-1410.2377
77455	-1468.462
35069	-1540.0431
7169	-1622.0929
23575	-1715.949
63325	-1822.2448
87539	-1934.1459
39256	-2029.9758
7446	-2101.375
23578	-2152.826
64744	-2196.092
83016	-2239.5571
37740	-2282.2136
7901	-2333.1448
25253	-2407.7524
67241	-2518.889
85983	-2664.9302
40069	-2824.9226
8549	-2981.9521
26026	-3125.6543
68504	-3248.833
87795	-3340.9053
41868	-3385.9148
9116	-3385.77
25899	-3359.6663
68780	-3334.4902
88284	-3330.0957
41886	-3349.825
9013	-3398.6577
25810	-3480.8933
68515	-3593.1199
88349	-3716.5813
42062	-3817.0447
8925	-3873.1853
25277	-3882.4434
67277	-3857.6797
86221	-3817.298
40446	-3777.0251
7653	-3764.3174
23044	-3808.4592
65383	-3923.5962
85411	-4089.3672
39687	-4241.425
8366	-4295.7407
24119	-4156.1694
65867	-3722.901
85499	-2900.605
40559	-1612.7805
8521	159.94662
24296	2370.063
66988	4908.7305
87152	7625.9346
41826	10354.178
8968	12911.551
25816	15128.773
72029	16880.49
91315	18115.5
44971	18867.06
9803	19226.402
25876	19324.758
69893	19315.762
91577	19357.07
45660	19588.434
10041	20088.463
26101	20862.65
70069	21852.615
92170	22959.576
49273	24070.955
11016	25065.908
26234	25835.533
71489	26309.703
93824	26477.502
47690	26391.08
10968	26131.943
28426	25790.666
71613	25455.348
89483	25203.115
42261	25091.146
8340	25129.852
22314	25286.604
67963	25501.824
91181	25716.12
45075	25891.043
10118	25997.865
28678	26022.3
74263	25971.926
80721	25883.31
21618	25809.838
548	25782.912
13347	25814.35
42198	25892.885
56823	25992.125
26794	26081.662
2575	26124.04
13319	26085.809
54368	25949.404
72074	25731.775
31423	25485.227
6886	25269.19
21249	25140.53
60611	25142.531
75866	25303.7
27900	25633.805
3821	26098.703
17144	26633.197
53570	27155.352
63315	27593.803
16402	27904.78
-364	28060.725
833	28068.68
10062	27966.053
8582	27815.875
-849	27688.824
-1194	27644.967
-282	27725.006
12158	27936.37
6196	28261.518
-1190	28655.25
-1209	29056.98
-1204	29408.857
903	29665.344
2314	29804.727
-1134	29831.908
-1127	29773.822
-726	29673.041
-1438	29573.336
-1758	29508.191
-1231	29490.307
-1185	29509.854
-897	29538.914
1584	29536.63
1280	29463.951
-1064	29292.926
-802	29016.004
14041	28649.46
50713	28225.969
53409	27802.625
7142	27444.625
-1194	27191.299
-931	27065.398
6678	27060.424
19799	27145.846
2348	27282.281
-1113	27421.893
727	27532.71
12504	27601.297
21505	27643.807
2083	27704.639
-874	27834.479
10608	28086.43
42683	28489.756
57228	29049.15
14652	29742.28
753	30496.621
11176	31227.457
41889	31840.227
54792	32261.758
13381	32459.7
366	32438.123
10121	32262.9
39564	32030.832
49971	31858.158
9017	31855.277
-889	32085.705
8979	32572.24
39993	33268.285
52771	34071.812
11216	34848.586
-272	35444.875
10349	35746.098
40892	35687.812
50463	35279.406
8668	34609.133
-961	33813.68
7432	33076.03
35420	32567.164
47443	32407.086
7925	32638.271
-971	33192.098
8523	33917.535
40600	34586.21
53845	34937.37
10095	34732.652
-855	33788.1
8408	32042.719
39281	29561.979
52025	26538.45
9629	23272.709
-608	20111.59
11371	17420.64
42853	15509.06
54323	14584.321
11611	14726.64
-512	15863.609
10258	17810.447
43051	20283.254
56857	22943.52
12077	25456.264
-167	27507.184
13252	28860.902
49129	29360.533
64778	28932.016
18188	27582.314
1538	25364.307
16756	22386.605
56864	18787.084
74108	14727.318
24613	10397.61
3201	5991.127
19353	1729.8231
61606	-2161.2085
80521	-5469.804
30590	-8013.254
5095	-9686.01
22676	-10462.462
68786	-10424.371
90017	-9759.286
37614	-8733.55
7044	-7675.6304
23203	-6902.904
68769	-6673.9077
87808	-7134.1367
34727	-8271.798
5886	-9927.251
20767	-11788.909
62015	-13451.508
80314	-14486.995
30118	-14517.236
4381	-13310.019
18628	-10812.292
58918	-7187.469
78939	-2803.8215
30004	1824.836
3326	6099.5435
15321	9456.467
54234	11450.964
72146	11835.467
28793	10612.292
7197	8021.5977
11768	4528.876
31450	738.00433
40496	-2710.6162
8999	-5236.995
-1023	-6423.131
-600	-6049.0273
11710	-4137.265
19764	-943.9198
1178	3097.5059
-1182	7447.935
-1057	11577.367
3897	15031.547
7796	17489.486
-413	18803.65
-1209	19005.848
-1188	18302.26
-716	17006.719
-414	15466.928
-1164	14000.938
-1186	12853.362
-193	12178.937
5475	12016.362
4648	12291.975
-984	12849.064
-1201	13492.729
-473	14051.38
9555	14393.45
18782	14440.703
1621	14181.918
-1156	13660.321
949	12978.79
24507	12257.801
51623	11603.187
12693	11102.622
-947	10792.344
1753	10684.88
20715	10758.557
30108	10962.112
3413	11235.463
-1201	11514.469
-791	11768.112
6371	11984.663
8568	12164.225
-502	12313.281
-1196	12440.088
-1199	12570.184
-1502	12724.476
-1771	12903.722
-1237	13089.436
-1201	13260.955
-1185	13417.531
-1573	13558.187
-1914	13685.731
-1238	13810.594
-1192	13954.769
-1189	14160.109
-548	14473.008
228	14930.579
-1066	15550.755
-1171	16335.352
2346	17282.95
20239	18370.756
31391	19557.896
5352	20795.465
-1182	22024.611
-42	23211.152
4588	24331.328
4861	25373.686
-1007	26339.1
-1199	27244.432
-1205	28135.512
1101	29054.562
4476	30032.693
-747	31082.951
-1184	32193.297
-157	33326.105
16236	34410.75
40268	35357.36
10738	36077.59
-13	36485.227
20255	36513.758
60269	36131.285
68972	35363.53
14661	34297.81
-1113	33048.55
-137	31759.83
6375	30580.975
13268	29642.666
364	29038.807
-1178	28798.691
-957	28883.416
8670	29185.191
21793	29542.975
2621	29772.174
-1137	29678.748
5629	29095.15
35888	27902.064
62358	26052.582
25401	23583.252
3702	20594.87
19412	17251.252
67313	13733.848
100158	10233.524
53697	6937.743
13864	3980.9182
29216	1444.0134
82691	-650.7057
112677	-2317.381
61170	-3588.271
15756	-4526.022
27124	-5202.7715
75709	-5691.9453
99664	-6047.8423
44989	-6301.6226
7688	-6486.5337
18518	-6620.0015
60367	-6720.6704
81129	-6796.1226
28996	-6834.8545
2266	-6826.072
6689	-6730.316
24360	-6495.731
22221	-6054.302
693	-5337.0723
-1194	-4291.372
-1199	-2872.6548
-2149	-1083.2294
-3517	1019.3174
-1426	3313.6672
-1195	5628.1714
-1176	7773.434
1242	9544.649
3697	10753.653
-851	11255.765
-1199	10975.852
-561	9939.063
15798	8244.976
40891	6061.9443
13635	3613.7183
1738	1129.6683
21736	-1168.6556
74368	-3117.78
110869	-4617.2534
66763	-5632.2954
19399	-6209.4297
32359	-6450.186
90410	-6500.8247
126357	-6505.1177
77839	-6570.979
24444	-6767.225
36721	-7101.1064
96598	-7527.7764
133917	-7942.1826
84122	-8192.773
26550	-8128.771
35869	-7624.5376
91514	-6619.005
123149	-5121.6772
69138	-3219.465
17279	-1096.205
23896	998.958
69136	2769.952
92548	3930.886
40793	4258.42
5787	3615.7585
14296	2010.567
51619	-404.2027
73083	-3326.7031
26101	-6329.971
1480	-8935.307
7299	-10654.013
33071	-11082.93
46578	-9970.482
9745	-7263.628
-1115	-3146.4895
5878	2000.8105
34141	7624.3164
52164	13073.272
17055	17698.31
1879	20931.66
21513	22393.865
73403	21929.604
110744	19631.277
66888	15831.641
20212	11033.374
33848	5844.783
92061	879.5929
128430	-3317.2244
80229	-6324.3076
26253	-7898.219
35858	-7967.4004
92354	-6620.9346
125279	-4055.906
75224	-519.4793
23509	3719.4941
34463	8419.671
90471	13374.837
125959	18424.299
78991	23448.62
26543	28334.203
38787	32965.883
98404	37209.06
136529	40925.62
89856	43997.43
34141	46325.184
43218	47851.547
107602	48566.168
151038	48526.48
102664	47852.617
42171	46677.33
50918	45113.2
113664	43222.82
154110	41020.65
105964	38479.008
45861	35519.37
55328	32036.254
122317	27941.488
165304	23221.75
114816	17973.973
46685	12386.794
43062	6712.44
90687	1239.934
129465	-3741.2944
76437	-7979.904
22335	-11330.321
32026	-13777.88
86640	-15424.146
118219	-16437.113
65678	-16993.41
17358	-17247.197
20528	-17271.012
62723	-17029.527
91141	-16362.821
44702	-15012.182
8306	-12706.467
20689	-9207.357
67241	-4395.2803
94134	1693.2817
46091	8851.441
9669	16695.254
23052	24727.104
69803	32403.455
94383	39237.414
43895	44882.93
9170	49162.863
21953	52090.92
70008	53848.867
99878	54743.766
49254	55140.93
9421	55354.52
18689	55579.766
60108	55861.64
84975	56102.53
35044	56105.37
4279	55605.598
14866	54347.934
54973	52159.05
80849	49004.78
32678	45016.23
3666	40442.52
13889	35607.71
51795	30847.4
75203	26449.191
25693	22602.98
1369	19343.691
10328	16576.557
44494	14100.201
69784	11676.721
23179	9115.103
789	6307.9756
10240	3285.7314
45034	228.2725
70871	-2546.3662
23598	-4621.1904
729	-5582.974
9924	-5088.3193
44046	-2934.5303
68534	903.9494
21851	6268.007
486	12796.788
9469	20005.52
42956	27337.17
67209	34241.477
20574	40255.008
-84	45034.24
8539	48413.69
40803	50384.52
65679	51087.61
19866	50792.348
-238	49819.695
8573	48511.08
41529	47177.207
67931	46075.566
21641	45401.83
199	45250.22
8448	45640.43
40793	46520.242
65488	47794.07
19542	49351.59
-286	51058.914
8004	52808.85
39660	54518.94
64479	56142.25
18898	57680.742
-449	59155.91
8215	60632.28
40856	62185.36
66749	63876.42
20594	65744.49
-85	67767.5
9102	69883.43
43330	71972.61
70070	73860.73
23126	75350.14
499	76225.85
9844	76316.42
45699	75502.93
73046	73739.99
25327	71078.555
1106	67638.61
10731	63623.234
46943	59269.09
74242	54818.703
26011	50502.246
1304	46488.42
10846	42880.59
47563	39704.707
75162	36931.957
26669	34513.04
1488	32372.969
10454	30442.195
47800	28678.775
76067	27086.254
27584	25723.928
1711	24663.01
11628	23976.506
49691	23715.535
78548	23899.764
29590	24513.393
2331	25465.371
12671	26624.598
51356	27824.791
79798	28892.518
30686	29680.762
2804	30065.172
12748	29988.326
52266	29455.74
81465	28524.291
32316	27300.248
3203	25899.525
12847	24454.975
52801	23086.76
80941	21877.812
33780	20875.342
4357	20071.13
13298	19435.111
53251	18917.396
82955	18451.295
33675	17979.264
3540	17444.191
13314	16825.701
53546	16130.203
83391	15382.35
34218	14631.565
3706	13921.832
13188	13309.131
53116	12836.132
82657	12526.674
33364	12394.639
3286	12417.849
12486	12567.817
52029	12796.404
82236	13048.496
33138	13282.637
3259	13450.541
12521	13524.865
52189	13486.069
82857	13334.583
34071	13099.304
3436	12806.102
12821	12495.105
53125	12202.239
83993	11959.3
35406	11799.823
3996	11729.785
13057	11754.201
53703	11868.09
84577	12051.052
35473	12281.639
3976	12519.878
13273	12738.045
54463	12915.0625
85321	13030.293
36096	13076.393
4058	13040.533
12641	12930.96
52361	12766.44
82706	12566.49
33748	12361.332
3296	12168.096
11163	12015.76
47718	11933.663
78303	11938.118
32208	12042.8125
2984	12238.245
10920	12518.998
49318	12876.405
80924	13290.662
32663	13743.684
3022	14202.072
11260	14649.918
50202	15081.752
81721	15490.626
33101	15878.934
3065	16237.107
11161	16570.33
49853	16888.338
80352	17191.678
30938	17480.686
2113	17736.709
9175	17954.016
44773	18133.338
74942	18270.33
27776	18370.12
1306	18423.492
7699	18443.43
41055	18450.14
71003	18458.96
24521	18491.477
404	18551.883
7026	18656.22
39304	18814.89
69631	19025.51
24553	19287.36
513	19578.158
7233	19886.785
39632	20199.875
69368	20499.684
24071	20780.062
379	21023.756
6974	21232.732
39460	21411.457
69890	21561.852
25180	21696.58
930	21814.719
8386	21929.295
43981	22047.947
77441	22170.648
32044	22303.844
2909	22436.123
10715	22567.797
50511	22695.447
84360	22811.102
38396	22917.71
4528	23005.762
10430	23079.816
47869	23141.117
79158	23188.824
30601	23232.709
1662	23264.65
7833	23288.201
41837	23299.678
73648	23289.395
27773	23257.9
1232	23190.377
7891	23089.293
42088	22954.72
73619	22789.584
26925	22614.822
821	22438.102
6948	22284.098
40016	22170.225
72671	22107.41
27131	22112.932
1003	22178.332
8712	22301.404
45712	22465.51
80525	22647.365
35481	22835.555
3763	23005.564
12487	23150.656
54839	23264.008
89578	23346.625
45958	23418.191
7663	23487.988
14536	23574.488
57916	23682.895
90197	23811.186
44785	23959.045
6458	24101.535
12059	24216.283
51603	24269.273
82789	24228.445
35536	24080.951
2869	23808.691
8504	23421.018
44105	22935.473
76434	22381.826
29756	21812.64
1074	21267.465
6993	20797.842
41100	20439.947
74188	20215.455
29027	20143.658
1259	20209.979
5606	20399.004
36236	20675.89
68511	20995.746
24388	21324.268
-74	21611.646
3956	21830.275
32663	21954.729
63273	21966.81
20627	21870.193
-681	21658.99
3125	21350.271
26561	20958.828
54991	20495.633
16706	19980.982
-1035	19416.4
1392	18820.238
18390	18205.79
43711	17580.695
11604	16962.988
-1096	16357.9
540	15793.362
15054	15294.295
41326	14877.494
10938	14563.838
-1150	14351.088
467	14246.246
14500	14239.758
40825	14302.924
11091	14406.254
-1167	14501.481
468	14563.5625
14621	14574.156
41326	14524.399
11343	14434.971
-1150	14333.189
488	14284.509
14363	14361.07
40718	14625.637
11088	15135.051
-1163	15905.159
345	16936.564
13815	18187.143
40850	19568.988
11593	20973.217
-1131	22261.43
669	23317.672
15780	24043.492
43561	24368.426
12428	24276.438
-1139	23786.334
774	22980.434
16448	21971.11
45207	20878.443
13605	19827.707
-1108	18907.752
1339	18192.229
19498	17710.234
48559	17442.393
15341	17345.36
-1049	17341.1
798	17367.195
15432	17371.494
41770	17318.184
12434	17210.416
-1111	17068.963
381	16960.691
13231	16965.662
39373	17157.312
11752	17604.342
-1127	18337.555
356	19376.312
13260	20703.107
38774	22259.6
11826	23967.729
-1121	25717.77
455	27412.293
13895	28954.293
40387	30249.416
13138	31228.514
-1084	31831.154
1012	32041.236
16177	31866.361
42292	31330.629
13822	30486.785
-1083	29391.441
831	28132.66
15330	26802.273
42048	25481.758
13618	24249.72
-1103	23153.879
858	22238.617
15946	21520.951
43339	20983.938
13663	20596.691
-1108	20298.355
728	20040.818
14777	19776.182
42037	19458.617
13249	19066.91
-1112	18583.383
509	18025.969
13354	17423.021
40204	16799.674
12359	16186.111
-1131	15588.074
150	15017.412
11187	14469.178
36538	13917.298
10813	13335.215
-1154	12681.885
-35	11943.682
9880	11118.253
33245	10210.991
9577	9249.433
-1169	8260.964
-125	7301.513
9471	6425.2427
33296	5671.5195
9996	5073.9814
-1162	4636.545
92	4365.9805
10746	4250.588
35961	4258.861
10964	4359.9873
-1127	4506.4087
113	4672.763
10699	4836.081
35454	4973.844
10728	5079.9673
-1150	5141.1226
185	5169.416
10791	5177.957
35122	5174.604
10556	5175.131
-1172	5179.156
78	5202.764
10758	5254.9336
36038	5333.1562
11052	5439.2964
-1136	5557.1543
146	5687.812
10678	5829.3154
35958	5973.884
11336	6124.698
-1150	6274.143
133	6438.094
11134	6633.7007
37619	6869.7876
11984	7159.1494
-1131	7493.6646
417	7874.8745
12521	8293.011
40981	8718.009
13735	9119.371
-1101	9447.586
725	9673.881
14878	9773.767
46650	9726.122
17208	9536.052
-998	9209.166
1045	8783.224
13389	8303.91
39428	7813.0903
12886	7358.245
-1118	6963.2227
1136	6658.5513
18493	6456.5854
52323	6348.868
19984	6329.1924
-902	6368.823
-1198	6455.914
761	6581.202
9794	6733.269
1768	6904.107
-1214	7079.4487
-1186	7267.5073
1396	7475.6987
12624	7700.105
2805	7930.659
-1208	8144.5737
-1202	8336.651
3953	8504.353
47243	8632.1045
42622	8716.1
7275	8756.465
8202	8766.664
49156	8759.644
78134	8748.017
48581	8746.154
7818	8754.708
8165	8777.732
45791	8807.915
73439	8832.7295
39807	8844.568
3334	8824.55
2039	8769.825
20551	8679.546
50716	8550.519
18664	8393.126
-952	8202.629
515	7991.4375
13228	7767.904
43388	7528.9688
15273	7279.7207
-1080	7007.5127
173	6718.602
11094	6418.962
38030	6110.6567
12533	5809.0625
-1104	5516.7324
138	5255.6284
12218	5042.502
45897	4882.221
18388	4788.39
-949	4753.0913
1387	4777.7017
20060	4854.4175
58023	4965.997
25418	5111.2036
-598	5272.2456
2346	5441.784
25252	5607.0137
62807	5750.6353
28844	5872.5415
-310	5955.922
2336	5994.5176
24376	5980.6763
60225	5908.5513
27015	5796.8477
-455	5655.4272
2087	5510.278
22856	5386.3076
59048	5302.6377
26488	5288.699
-492	5345.221
2179	5467.7354
23858	5632.21
60153	5798.959
27496	5940.72
-363	6017.309
2453	6010.159
25296	5915.138
62128	5746.656
29529	5557.267
-88	5396.887
3109	5326.852
29109	5393.7456
66058	5619.5806
33237	6013.2783
876	6535.4233
3793	7126.8706
32131	7705.7314
68921	8186.191
37126	8514.066
2178	8650.232
4309	8602.8125
34513	8414.733
70945	8159.8843
39770	7943.8853
3184	7853.6636
4849	7956.768
36604	8268.486
72838	8744.644
42403	9297.677
4232	9779.045
5755	10018.91
40615	9842.804
76297	9109.963
48131	7756.789
6528	5791.8936
5866	3321.1467
40009	533.0719
75005	-2311.4304
43389	-4892.9634
3580	-6897.621
2864	-8037.9404
27086	-8097.0127
63338	-6955.2056
30108	-4586.5576
-231	-1095.9646
1909	3313.2876
23041	8349.175
62453	13657.196
31079	18877.48
-90	23646.928
2398	27653.988
25986	30654.764
66302	32490.14
33658	33118.594
151	32581.71
2063	31016.312
24156	28625.97
64354	25654.287
32368	22381.04
-37	19060.506
1884	15920.151
22999	13130.326
62877	10790.329
31428	8950.181
-151	7582.779
1391	6621.3027
20358	5967.401
59463	5508.7695
28398	5163.7183
-453	4861.7656
595	4577.3164
15424	4319.885
53047	4123.101
25291	4057.7803
-602	4182.9336
581	4553.6504
15276	5197.0376
53287	6099.6514
25779	7230.7773
-601	8514.015
726	9858.872
16659	11164.482
55981	12329.985
27871	13292.556
-427	14002.432
1363	14447.594
20734	14642.989
61394	14621.533
31577	14450.114
-98	14184.968
1880	13883.258
23691	13586.832
64629	13316.634
33704	13097.305
188	12926.098
2074	12797.729
24644	12701.215
66107	12622.581
34681	12572.402
281	12552.377
2175	12573.395
25266	12644.397
66770	12767.365
35889	12958.717
548	13213.623
2331	13525.448
26136	13879.096
67220	14252.69
36270	14644.893
590	15044.162
2100	15449.418
24964	15862.179
65186	16282.648
35973	16729.744
988	17204.266
3286	17704.814
32641	18216.514
76675	18712.178
49412	19178.068
6315	19587.762
5888	19924.83
42684	20179.162
83209	20356.95
56416	20498.434
9340	20646.756
6439	20856.621
44130	21173.516
83790	21627.34
57276	22237.666
9633	22980.512
5904	23797.469
41844	24590.885
81868	25241.46
54331	25639.486
8076	25675.898
5498	25278.9
40784	24417.94
81385	23114.93
55628	21464.174
9107	19601.996
6042	17687.412
42653	15881.471
82395	14331.995
57188	13166.362
9767	12454.087
5686	12198.085
40906	12337.074
80744	12765.105
54751	13367.649
8497	14008.442
5103	14562.692
38989	14943.942
79243	15105.212
53297	15050.294
7479	14817.144
4673	14470.371
37956	14085.9375
78879	13727.325
52023	13444.629
6664	13253.104
4211	13139.997
35346	13066.726
77261	12972.451
50917	12808.14
5758	12524.251
3552	12097.0
32793	11525.26
73691	10830.789
45119	10075.013
3449	9318.356
2682	8627.286
27968	8054.8813
68564	7630.6636
39512	7379.3022
1347	7288.907
1624	7333.8066
21755	7475.5845
60206	7669.161
31538	7895.1978
-73	8130.236
-388	8374.649
1388	8644.847
1968	8961.425
-747	9344.32
-1192	9793.449
-392	10313.32
9090	10891.396
43014	11490.002
22174	12074.883
-712	12593.916
48	13013.757
11651	13316.575
46623	13492.679
24361	13566.367
-577	13563.865
91	13533.236
12009	13524.891
47329	13569.995
25146	13697.017
-537	13897.189
12	14150.768
11706	14421.442
47001	14652.99
24916	14804.221
-550	14830.962
-116	14721.846
10469	14494.806
44374	14185.58
23389	13867.44
-630	13614.871
1034	13518.398
14097	13663.083
47509	14104.421
25340	14881.023
-430	15982.948
-63	17375.629
10853	18995.697
45213	20743.918
24256	22517.799
-576	24199.025
-69	25688.934
10374	26913.193
46118	27813.82
25324	28376.258
-486	28607.035
44	28552.111
11634	28285.332
46669	27882.404
25539	27430.955
-476	26997.908
-20	26641.45
11447	26401.89
46763	26283.105
25636	26275.547
-486	26343.467
-61	26451.889
11138	26575.238
46272	26685.74
25601	26777.469
-441	26846.908
13	26908.37
11531	26983.418
46631	27074.771
25764	27183.512
-446	27280.506
-154	27333.203
10399	27304.666
45097	27150.678
24953	26856.896
-507	26419.61
-182	25877.082
9997	25299.387
44004	24763.143
24328	24359.012
-562	24143.809
-288	24149.19
9123	24361.963
42459	24706.201
23626	25077.88
-423	25337.258
656	25363.45
11480	25075.492
43601	24441.193
24838	23512.486
-469	22394.15
-212	21249.436
10150	20258.688
45287	19563.195
26208	19252.125
-384	19304.441
281	19604.371
13678	19944.896
51269	20048.182
30775	19643.227
-15	18491.57
766	16464.014
17798	13571.7
57904	9968.65
35579	5964.261
507	1949.2201
1226	-1644.1875
20709	-4417.7686
61374	-6084.159
38658	-6489.762
1126	-5669.7603
1434	-3819.2363
21743	-1261.2517
62821	1599.8513
39444	4372.0034
1134	6709.2188
1276	8383.152
20811	9305.713
61291	9515.637
38043	9178.308
816	8511.973
1019	7757.8354
18884	7127.435
58430	6752.261
36117	6691.8423
512	6907.466
590	7305.514
16380	7765.477
55546	8159.3496
34246	8407.228
316	8466.276
386	8356.703
15106	8147.3096
53624	7918.2217
33281	7761.371
241	7730.0703
266	7846.3877
14450	8093.817
53429	8407.9795
33502	8719.282
260	8945.789
273	9033.77
14448	8968.648
52943	8763.284
33128	8476.441
234	8174.19
180	7932.001
13827	7817.809
51763	7858.6245
32391	8054.357
169	8361.707
125	8719.43
13538	9066.23
51782	9335.591
32793	9488.432
225	9504.588
128	9398.15
13529	9215.939
52098	9005.615
33436	8822.964
311	8702.861
212	8666.269
14835	8720.114
54328	8839.089
35178	8992.895
489	9136.801
363	9234.738
15719	9270.492
55481	9230.672
36119	9124.284
590	8962.375
179	8765.485
14658	8563.578
54712	8370.049
35840	8199.737
521	8051.1396
-26	7921.82
12378	7816.321
50779	7727.08
33229	7657.1465
274	7602.481
103	7565.752
14314	7558.071
56369	7575.3633
38687	7619.832
964	7680.536
460	7748.1953
17804	7821.756
60674	7891.23
42076	7963.713
1615	8043.8755
1011	8146.9155
20998	8300.702
63526	8522.7705
44346	8838.647
2263	9256.061
1114	9775.69
21559	10392.142
64114	11077.522
45413	11808.761
2451	12548.341
947	13263.797
20389	13932.973
62156	14530.34
43979	15054.085
2108	15499.761
923	15873.573
20606	16187.776
63054	16442.746
45292	16652.176
2404	16825.553
962	16956.861
21119	17035.426
63918	17046.45
46696	16994.312
3062	16875.865
1623	16693.033
25675	16452.94
69448	16158.711
54056	15832.04
6851	15485.567
2638	15130.991
31004	14776.959
74101	14422.7705
60393	14080.167
11194	13750.557
3965	13434.738
37669	13131.357
78792	12836.406
66637	12561.016
16517	12310.385
5316	12091.136
42549	11904.973
81153	11750.482
70404	11635.843
21154	11559.48
6823	11517.434
47108	11495.989
83004	11479.98
73398	11463.329
25594	11435.118
7773	11389.015
48331	11314.161
82761	11205.306
73936	11071.462
27426	10919.771
8335	10763.591
48913	10609.527
82608	10465.867
74689	10348.646
29613	10263.879
10148	10217.014
54586	10199.803
84392	10204.526
78199	10228.378
37634	10262.349
14255	10305.383
61166	10348.281
84393	10393.174
80923	10449.912
48213	10524.139
20028	10631.048
67408	10768.289
83761	10936.846
82193	11130.463
56888	11327.162
25409	11509.975
69523	11642.105
81334	11696.569
81227	11650.744
62761	11484.583
32068	11206.67
70026	10827.301
77914	10380.585
78441	9911.201
61609	9462.986
30314	9094.659
67764	8843.566
76749	8742.761
76001	8808.281
53180	9031.973
20018	9402.484
61077	9880.256
77058	10426.506
69775	11004.398
33325	11575.093
9052	12114.207
45728	12597.151
74539	13011.495
63770	13361.546
20701	13650.698
6257	13886.158
43824	14068.577
75758	14196.888
69929	14275.978
29864	14302.298
10741	14276.301
54336	14191.408
78314	14049.677
73844	13861.817
40103	13635.804
14023	13391.561
56120	13140.061
77851	12897.188
71538	12679.899
35098	12495.148
13184	12354.214
57101	12257.635
77744	12209.628
72610	12216.199
39230	12278.191
14613	12407.882
58936	12610.571
77453	12897.841
75754	13279.712
51606	13755.643
21061	14334.045
63313	15006.076
76976	15763.022
74869	16588.768
51609	17455.723
20493	18348.678
62364	19241.389
76004	20117.11
74774	20962.455
54633	21761.91
24573	22520.389
63704	23236.5
73774	23919.104
73885	24576.74
61716	25208.396
34598	25827.176
65423	26433.209
70098	27027.338
69608	27602.857
71197	28136.371
68648	28615.88
64413	29034.467
57053	29380.059
55134	29642.121
58686	29803.66
57864	29870.668
48483	29866.96
41424	29817.625
41318	29754.363
42924	29703.38
41625	29706.764
34836	29811.424
30406	30049.146
31498	30439.1
33701	30975.574
32953	31651.992
26032	32456.266
23096	33358.184
25229	34321.098
27673	35297.117
26527	36256.74
20510	37185.89
17416	38072.465
19512	38912.47
22909	39697.37
22541	40435.305
15969	41141.188
12461	41816.883
14751	42455.457
18324	43030.94
18965	43525.375
13636	43926.848
10868	44217.24
13716	44382.375
16858	44405.496
16542	44292.348
11237	44063.51
7792	43733.223
10134	43310.156
13818	42781.62
13288	42135.33
7876	41352.477
4550	40394.492
6688	39217.24
9799	37771.438
9375	36039.457
4307	34041.25
1075	31827.459
2953	29488.375
5669	27139.11
5159	24933.953
-877	23045.387
-4626	21624.734
-3692	20787.26
-720	20583.855
-1379	21015.14
-7423	22024.81
-10670	23487.008
-9145	25228.26
-6514	27042.164
-7716	28740.498
-14348	30174.92
-18761	31237.63
-17292	31878.928
-15220	32102.662
-16009	31982.602
-21393	31644.51
-24254	31225.3
-20206	30856.436
-16300	30637.748
-16961	30647.129
-20094	30930.258
-19903	31482.29
-13846	32260.959
-6521	33190.29
-3562	34198.16
-7349	35225.785
-9417	36215.723
-5606	37121.8
-83	37902.023
1061	38540.71
-3276	39043.145
-5252	39412.48
-2367	39653.273
871	39767.67
-379	39780.78
-6536	39744.336
-10169	39716.984
-8141	39764.086
-5331	39950.32
-6148	40348.91
-11326	41029.973
-14831	42025.83
-12714	43315.562
-9111	44821.508
-9242	46426.12
-13527	47984.16
-16033	49319.99
-13155	50243.492
-9061	50582.62
-8982	50220.703
-13204	49117.676
-15059	47301.383
-11236	44855.03
-6156	41917.547
-5054	38674.17
-8876	35336.133
-9819	32099.455
-5540	29110.197
-102	26462.654
1673	24202.693
-1964	22334.969
-3428	20818.6
736	19568.062
7566	18484.686
16624	17481.027
10551	16502.648
-474	15519.799
-1215	14509.579
-1203	13473.564
-1196	12435.115
-1198	11435.181
-1187	10517.455
-1194	9699.718
-1217	8992.99
-1212	8400.348
-1187	7921.1353
-1186	7552.603
-1203	7264.53
-1211	7029.876
-1193	6823.082
-1196	6624.3687
-1194	6425.682
-1209	6200.657
-1199	5934.519
-1191	5619.0337
-1214	5254.513
-1191	4856.792
-1190	4426.202
-1207	3972.448
-1206	3505.0967
-1191	3032.677
-1196	2568.2593
-1206	2097.5083
-1194	1604.7892
-1202	1069.0381
-1198	470.86807
-1196	-196.56314
-1197	-953.8121
-1194	-1807.0709
-1187	-2748.5623
-1175	-3753.0928
-1173	-4787.134
-1192	-5833.455
-1207	-6883.7144
-1209	-7935.646
-1194	-8991.389
-1184	-10068.259
-1196	-11204.111
-1197	-12437.037
-1201	-13786.582
-1191	-15238.999
-1183	-16748.621
-1182	-18253.693
-1187	-19660.436
-1216	-20851.361
-1206	-21697.08
-1196	-22076.576
-1201	-21918.23
-1210	-21192.678
-1202	-19919.176
-1190	-18161.365
-1194	-16024.728
-1204	-13663.974
-1203	-11242.972
-1206	-8915.949
-1197	-6807.335
-1196	-5002.9575
-1194	-3569.4553
-1206	-2531.7886
-1192	-1882.069
-1193	-1588.049
-1207	-1598.9321
-1212	-1883.4644
-1225	-2408.0447
-1199	-3141.049
-1207	-4047.6416
-1192	-5079.3003
-1201	-6199.226
-1195	-7353.5615
-1207	-8476.894
-1202	-9496.805
-1206	-10336.623
-1196	-10955.299
-1200	-11330.064
-1204	-11466.573
-1217	-11398.606
-1200	-11172.659
-1192	-10862.095
-1199	-10528.543
-1189	-10210.72
-1174	-9915.305
-1176	-9610.406
-1183	-9230.319
-1192	-8686.766
-1192	-7889.989
-1206	-6771.749
-1204	-5304.0415
-1193	-3511.6323
-1192	-1479.2911
-1210	652.88635
-1207	2707.6123
-1194	4496.7725
-1202	5852.1494
-1214	6651.5713
-1188	6838.637
-1186	6433.4834
-1197	5530.538
-1197	4284.983
-1188	2885.4414
-1198	1523.2438
-1187	363.67853
-1199	-477.0385
-1205	-944.725
-1189	-1051.0647
-1192	-865.06836
-1172	-494.10397
2995	-60.452595
12918	323.97662
21431	577.0643
36506	654.5998
55008	555.33923
18429	329.35434
-51	42.160725
-1188	-236.20444
-1184	-445.70255
-1211	-549.50305
-1204	-539.52795
-1193	-434.39728
-1210	-273.39252
-1199	-106.41355
-1201	19.216896
-1197	70.80546
-1190	37.75528
-1211	-68.59127
-1204	-220.38147
-1205	-380.7757
-1201	-513.0557
-1194	-589.09564
-1198	-597.0051
-1199	-544.3214
-1186	-454.60663
-1189	-360.13617
-1209	-291.91312
-1206	-272.87488
-1196	-312.5487
-1202	-404.70596
-1227	-528.38855
-1206	-652.7126
-1183	-746.9015
-1202	-789.37445
-1189	-773.4872
-1181	-708.84955
-1191	-618.03815
-1211	-531.9041
-1212	-482.32373
-1204	-492.35864
-1196	-568.9642
-1201	-699.30005
-1196	-854.37244
-1179	-997.686
-1189	-1093.731
-1187	-1116.9215
-1191	-1059.3708
-1197	-935.2365
-1204	-779.1602
-1209	-637.67633
-1204	-556.52606
-1197	-566.9547
-1197	-677.5973
-1192	-871.44434
-1200	-1107.896
-1200	-1330.6909
-1185	-1480.949
-1201	-1514.3099
-1212	-1414.8633
-1199	-1201.1897
-1199	-923.4528
-1199	-652.1181
-1201	-462.34622
-1201	-415.45514
-1196	-540.70874
-1204	-824.0045
-1203	-1207.1803
-1191	-1600.3627
-1211	-1903.8019
-1202	-2032.5721
-1199	-1939.0941
-1192	-1628.4828
-1204	-1163.0868
-1209	-652.6937
-1204	-229.9542
-1196	-17.169127
-1208	-93.072876
-1197	-469.38208
-1194	-1082.0045
-1182	-1799.1703
-1190	-2447.2666
-1205	-2850.1165
-1196	-2875.353
-1196	-2473.82
-1206	-1701.0989
-1212	-715.0779
-1195	252.31554
-1197	942.5595
-1189	1130.8387
-1197	687.57764
-1196	-377.57364
-1189	-1891.8497
-1189	-3535.5693
-1191	-4895.9556
-1187	-5540.1553
-1188	-5102.649
-1196	-3367.743
-1189	-329.33884
-1186	3785.8384
-1192	8538.624
-1184	13339.684
-1179	17543.494
-1191	20557.047
-1199	21942.615
-1191	21495.02
-1187	19278.244
-1199	15614.248
-1206	11026.144
-1201	6146.749
-1204	1610.3258
-1192	-2051.9895
-1182	-4493.5283
-1186	-5596.0254
-1205	-5469.533
-1206	-4410.89
-1207	-2831.1548
-1212	-1168.015
-1186	198.62749
-1179	1011.69763
-1189	1171.2114
-1183	733.6242
-1186	-120.49709
-1191	-1140.8866
-1193	-2070.625
-1201	-2703.6726
-1194	-2925.1147
-1191	-2727.045
-1182	-2198.9958
-1184	-1497.4181
-1203	-803.0522
-1201	-276.89926
-1205	-24.893341
-1209	-78.55345
-1192	-394.61786
-1222	-872.052
-1218	-1381.0066
-1201	-1795.901
-1184	-2024.6005
-1175	-2027.1846
-1191	-1820.8135
-1208	-1470.6951
-1203	-1070.5005
-1202	-717.6814
-1198	-489.99966
-1209	-428.72156
-1190	-531.9382
-1207	-758.69666
-1204	-1042.1204
-1203	-1307.5825
-1206	-1491.2029
-1184	-1554.1937
-1186	-1489.9617
-1199	-1322.892
-1196	-1099.8221
-1199	-876.83545
-1193	-705.02124
-1186	-618.6522
-1191	-628.46027
-1181	-721.18964
-1157	-864.9488
23669	-1024.6107
43014	-1162.315
1011	-1236.2125
-1206	-1236.9271
-1214	-1169.3528
-1202	-1053.8303
-1207	-920.1188
-1208	-799.4999
-1191	-717.3107
-1178	-687.5988
-1187	-710.9593
-1186	-775.71136
-1193	-861.78796
-1192	-946.13654
-1199	-1008.2306
-1174	-1034.4711
-1184	-1020.548
-1202	-971.5354
-1212	-899.93207
-1187	-822.30676
-1202	-755.3982
-1179	-712.57434
-1180	-701.27594
-1192	-721.8876
-1194	-768.08
-1197	-828.4206
-1191	-888.8994
-1196	-935.80945
-1197	-958.49646
-1212	-951.48395
-1199	-915.659
-1195	-858.19135
-1183	-791.2546
-1189	-729.6611
-1204	-687.819
-1196	-676.5369
-1189	-700.36475
-1192	-756.0683
-1188	-832.75684
-1189	-913.79346
-1194	-980.2471
-1196	-1014.7751
-1204	-1006.62164
-1206	-955.79395
-1191	-871.3884
-561	-772.38477
-534	-689.4342
-1187	-638.078
-1188	-631.5469
-1179	-677.05493
1519	-769.7494
2353	-891.16754
-999	-1012.73083
-1203	-1104.1387
-1178	-1139.647
2890	-1106.6016
4345	-1008.1002
-907	-863.43427
-1193	-707.5796
-1034	-581.161
6573	-522.70886
9791	-555.03455
-536	-676.95355
-1201	-867.48096
-936	-1084.8024
7909	-1278.2499
11423	-1396.724
-431	-1401.0239
-1188	-1282.0222
-930	-1060.5386
7571	-787.89215
10843	-531.762
-461	-359.52112
-1188	-327.40817
-1100	-459.79297
5031	-742.26843
7528	-1118.6869
-662	-1500.5991
-1204	-1791.2949
-1194	-1905.8298
3334	-1795.8859
5926	-1464.3063
-727	-969.34155
-1194	-420.89944
-1156	43.74238
4353	288.61084
7015	215.25879
-669	-207.18251
-1185	-929.68835
-1130	-1819.4066
3572	-2679.5024
5329	-3281.1306
-817	-3407.4612
-1200	-2903.535
-591	-1711.6255
14899	103.329994
24038	2361.019
1173	4793.485
-1168	7072.6914
-30	8874.921
16191	9931.932
23236	10085.113
850	9316.347
-1199	7738.0864
-551	5582.2
12134	3154.0405
18374	783.95935
373	-1226.3135
-1188	-2663.0557
-456	-3423.366
12741	-3527.7007
18708	-3099.6555
363	-2330.9526
-1196	-1449.4934
-773	-666.1476
10658	-140.8536
16293	46.173203
108	-97.41012
-1186	-498.1391
-802	-1034.6234
10169	-1573.2091
15976	-1994.5245
124	-2215.332
-1185	-2211.7876
-812	-2012.1614
10049	-1688.4166
16433	-1331.5239
199	-1025.8016
-1184	-839.9449
-676	-806.9277
11430	-924.1541
17656	-1153.3472
349	-1430.2151
-1194	-1691.5507
-650	-1883.0668
12648	-1974.9861
19603	-1961.2793
593	-1855.1145
-1179	-1694.1273
-439	-1521.7518
14567	-1380.8043
22826	-1298.0044
1061	-1275.3414
-1185	-1304.2762
-136	-1360.6915
16391	-1416.8755
25405	-1442.4009
1369	-1407.003
-1179	-1300.8909
-52	-1125.9823
16655	-899.2364
25759	-641.4601
1427	-368.0391
-1175	-100.03154
-161	149.6296
15958	372.7278
24867	572.1571
1336	763.85046
-1189	958.0546
-292	1165.6704
14864	1390.282
23442	1632.2527
1178	1891.5585
-1177	2153.1165
-345	2397.445
15223	2598.0017
24276	2730.729
1296	2781.674
-1173	2735.1238
-87	2586.2646
16638	2338.172
26372	2009.3258
1589	1636.7784
-1181	1256.1378
83	906.5375
17502	618.9317
27774	416.7462
1809	315.5636
-1153	303.1856
343	351.3238
18739	415.05167
29748	448.3928
2137	419.82095
-1154	303.95108
691	100.76249
20434	-166.22472
32445	-443.96896
2593	-651.583
-1133	-712.6759
1098	-558.38043
22391	-147.9521
35650	527.8023
3194	1447.3523
-1111	2538.1404
1592	3698.3625
24248	4806.017
38069	5745.8047
3690	6434.3403
-1134	6812.0435
1708	6865.093
24799	6620.217
38818	6149.1094
3876	5553.0293
-1119	4923.3486
1693	4361.5933
23940	3930.0408
37745	3659.8455
3706	3556.6687
-1138	3583.0205
1515	3682.1309
23326	3785.8574
36779	3836.4365
3504	3804.2832
-1129	3672.0784
1429	3448.6975
21649	3159.4841
36267	2845.0151
3763	2559.138
-1146	2337.0986
913	2201.3838
20809	2153.054
34026	2179.7263
3036	2266.6895
-1158	2382.1917
941	2496.8848
21293	2584.3042
35178	2632.1323
3318	2650.5186
-1132	2648.5608
1575	2643.1416
24101	2648.4954
39346	2679.8018
4244	2757.7917
-1116	2883.266
2104	3050.8616
25664	3245.2651
40803	3452.385
4510	3670.0625
-1113	3886.0115
3304	4092.6528
31047	4281.1997
49003	4450.391
6736	4614.1074
-1087	4771.427
3704	4920.3975
30545	5052.094
46738	5159.9395
5991	5248.5776
-1095	5308.69
3153	5333.4536
29016	5313.7964
45144	5248.523
5622	5151.616
-1130	5026.479
2133	4881.1826
25811	4719.772
42260	4550.5215
5013	4392.389
-1141	4250.2744
1839	4131.1685
24449	4035.17
41327	3964.867
4912	3931.7515
-1127	3932.6897
2673	3968.1987
26351	4030.4788
42839	4114.343
5519	4223.131
-1128	4346.0405
2158	4477.752
25733	4606.217
43114	4724.43
5454	4837.5337
-1117	4939.5264
2371	5032.4146
26544	5113.4365
44643	5185.4907
5941	5264.2876
-1111	5352.426
2669	5456.497
27411	5575.7134
45309	5711.517
6050	5875.3086
-1132	6062.21
2650	6269.0493
27539	6485.0947
46269	6702.6685
6360	6926.337
-1127	7147.4087
2691	7362.853
27348	7565.366
45848	7753.032
6328	7937.179
-1122	8115.41
2476	8287.646
26754	8445.977
45471	8584.578
6232	8704.919
-1136	8791.635
2259	8840.271
26091	8839.237
45037	8784.637
6106	8687.301
-1141	8549.682
2187	8389.6875
25689	8219.364
44412	8054.6826
6005	7918.76
-1146	7814.4253
2159	7745.0327
25768	7697.194
45005	7654.0527
6269	7604.885
-1072	7524.9497
3163	7402.6094
27863	7226.62
47018	7000.6377
6970	6750.3877
-1146	6496.0684
2431	6270.2593
26903	6096.9316
46526	5997.6255
6631	5994.377
-1134	6081.4087
2532	6247.8296
27095	6465.127
47288	6703.757
6916	6947.193
-1136	7170.919
2714	7369.642
27546	7543.2183
47962	7707.001
7183	7895.3315
-1132	8129.2344
2851	8432.831
27840	8811.39
48373	9259.545
7262	9767.703
-1141	10297.908
2792	10812.787
27920	11264.811
48784	11615.453
7537	11847.98
-1142	11944.488
2768	11912.232
27606	11762.847
48413	11520.712
7440	11224.497
-1146	10895.824
2532	10561.844
27113	10232.806
48578	9914.777
7571	9618.936
-1141	9338.048
2408	9076.481
26577	8832.162
47954	8610.168
7414	8429.5205
-1147	8294.785
2382	8219.454
26164	8203.016
47467	8241.148
7540	8332.834
-1119	8455.311
3260	8592.017
27793	8717.623
48780	8814.01
8014	8880.653
-1140	8909.938
2468	8912.885
26603	8897.87
48292	8879.59
7738	8882.899
-1143	8912.798
2556	8979.141
27136	9075.161
49853	9190.805
8298	9322.987
-1131	9451.053
3044	9567.424
28869	9658.634
51854	9719.408
8944	9760.55
-1136	9779.479
3176	9787.306
28851	9784.757
51739	9773.709
8942	9764.329
-1126	9747.352
3053	9725.2705
28469	9690.4795
51396	9639.866
8834	9583.344
-1146	9515.934
2917	9448.479
27854	9381.381
51174	9316.221
8847	9262.483
-1142	9209.319
2708	9158.489
27301	9099.964
50561	9027.217
8773	8947.366
-1137	8855.261
2823	8766.3125
27613	8689.4375
51270	8637.948
9063	8635.009
-1129	8682.208
2719	8788.862
27356	8944.797
51229	9133.38
9101	9342.233
-1122	9538.563
2886	9705.079
27893	9819.057
52055	9868.456
9418	9863.207
-1141	9805.217
2851	9718.539
27902	9620.929
52371	9532.048
9473	9479.079
-1152	9464.456
2874	9495.716
27751	9562.154
52259	9649.39
9579	9751.924
-1156	9847.19
2764	9930.153
27405	9990.813
52051	10026.972
9661	10052.299
-1144	10065.282
2610	10079.906
27151	10097.385
51738	10117.287
9499	10146.294
-1170	10170.549
2326	10190.669
25997	10197.3
50576	10185.075
9201	10162.235
-1163	10122.545
2088	10080.629
25368	10040.271
50117	10004.365
9351	9982.725
-1149	9963.848
2101	9949.837
25140	9929.138
50273	9890.775
9213	9836.914
-1144	9757.028
2094	9663.758
25194	9564.405
50522	9471.302
9339	9409.292
-1133	9383.111
2204	9408.271
25247	9481.398
50823	9591.006
9594	9729.252
-1151	9864.8955
2128	9981.73
25121	10056.459
50944	10074.062
9704	10041.454
-1146	9958.793
2342	9852.381
25425	9744.44
50884	9659.796
9809	9631.409
-1140	9666.252
2141	9777.031
25034	9953.958
51053	10177.139
9913	10430.725
-1151	10677.27
2269	10898.069
25414	11069.615
51596	11177.73
10232	11229.61
-1166	11223.274
2441	11180.339
26272	11114.674
52986	11040.073
10753	10978.4795
-1156	10927.201
2761	10894.496
27316	10872.254
54305	10849.537
11246	10826.842
-1156	10787.505
2908	10735.568
27668	10668.812
54863	10589.96
11468	10517.095
-1125	10450.046
2869	10404.369
27467	10381.659
54358	10380.039
11252	10405.65
-1146	10441.902
2499	10487.362
26289	10530.003
53206	10560.166
10953	10583.828
-1148	10591.803
2218	10595.29
25301	10597.295
52398	10601.792
10728	10624.013
-1145	10657.537
2071	10709.615
24931	10773.361
52516	10838.816
10821	10906.713
-1144	10958.903
2453	10996.232
26216	11011.798
52601	11002.631
10796	10981.135
-1144	10943.334
2133	10904.23
25082	10867.966
52875	10836.819
11111	10822.785
-1135	10815.181
2121	10817.891
24839	10821.768
52966	10816.005
11103	10802.597
-1142	10765.599
2056	10709.564
24808	10631.458
52948	10530.794
11287	10422.121
-1156	10302.18
2224	10186.073
25373	10077.587
53826	9978.54
11769	9901.453
-1139	9837.188
2472	9792.59
26234	9762.482
54891	9740.53
12221	9733.245
-1139	9727.882
2548	9730.03
26578	9735.356
55561	9739.793
12534	9752.844
-1125	9764.066
2510	9780.666
26394	9799.0205
55364	9814.858
12695	9837.0
-1138	9854.459
2373	9874.003
25985	9892.239
55210	9905.518
12669	9923.842
-1128	9937.349
2310	9953.317
25574	9968.586
54940	9978.684
12721	9992.182
-1152	9997.961
2267	10002.435
25398	10002.28
54876	9993.937
12731	9988.164
-1158	9976.807
2301	9970.042
25745	9968.314
55190	9971.537
12929	9992.817
-1149	10024.477
2200	10075.96
24739	10145.499
54264	10228.964
12823	10334.14
-1132	10448.005
1986	10575.268
24228	10709.934
53644	10844.178
12402	10983.154
-1152	11112.244
1738	11235.712
23314	11348.052
52814	11442.571
12091	11526.267
-1151	11586.853
1579	11631.327
22905	11656.986
52732	11659.662
12231	11648.795
-1147	11613.883
1597	11563.075
22819	11494.558
52934	11404.774
12428	11304.1875
-1121	11184.02
1708	11054.864
23158	10918.591
53453	10776.444
12809	10644.253
-1119	10518.283
1555	10413.071
22843	10332.229
53240	10275.532
12687	10253.936
-1127	10255.412
1564	10283.62
22741	10329.989
53116	10382.317
12939	10441.445
-1124	10488.746
1443	10525.871
22106	10547.065
52624	10546.987
12806	10536.437
-1116	10508.153
1405	10475.018
22146	10440.324
52659	10404.436
12776	10380.106
-1132	10358.258
1400	10347.05
22059	10343.695
52776	10342.412
12989	10351.352
-1130	10359.206
1397	10374.452
22092	10397.027
53064	10425.339
13182	10471.941
-1163	10528.773
1445	10605.094
22068	10698.768
52789	10803.23
13179	10923.811
-1134	11044.12
1329	11165.129
21719	11278.275
52700	11373.459
13179	11456.317
-1130	11514.246
1285	11554.833
21365	11578.272
52429	11583.476
13267	11584.201
-1131	11573.64
1214	11562.409
21258	11550.453
52646	11533.701
13435	11521.256
-1121	11500.978
1206	11478.79
21489	11451.644
53232	11414.705
13545	11379.1045
-1119	11336.471
1290	11297.791
21448	11265.226
53079	11237.94
13708	11228.747
-1119	11228.239
1309	11243.3125
21497	11269.662
53075	11298.286
13784	11333.49
-1112	11358.605
1183	11375.409
21185	11377.613
52630	11357.771
13515	11324.945
-1127	11269.474
1212	11201.584
21169	11123.478
52808	11034.708
13735	10949.05
-1131	10858.757
1171	10773.194
20986	10691.575
52772	10609.012
13901	10534.59
-1107	10456.757
1168	10383.148
21262	10313.231
53653	10244.187
14438	10188.577
-1096	10138.733
1307	10105.627
21528	10090.441
53634	10089.658
14615	10112.468
-1087	10145.642
1265	10193.175
21311	10248.912
53433	10302.715
14482	10359.005
-1110	10402.498
1113	10437.994
20784	10462.868
52902	10472.474
14429	10477.915
-1103	10470.555
1063	10460.434
20673	10448.431
53120	10431.176
14585	10419.273
-1086	10401.711
1096	10385.138
19081	10367.465
52490	10342.417
15382	10319.26
-1066	10287.601
1194	10255.852
20801	10224.544
53229	10191.174
14846	10167.897
-1084	10146.419
1044	10135.844
20270	10135.593
52811	10140.437
14679	10159.057
-1099	10178.509
888	10203.863
19786	10231.479
52139	10254.188
14541	10280.156
-1132	10297.303
828	10312.669
19466	10325.172
51964	10330.031
14473	10337.357
-1101	10336.174
821	10333.678
19354	10328.319
52007	10314.373
14451	10301.079
-1117	10277.097
750	10250.346
19173	10221.082
51944	10186.074
14539	10157.417
-1114	10126.636
755	10103.921
19236	10090.65
52042	10082.997
14901	10090.83
-1102	10102.222
829	10123.243
19557	10151.092
52714	10178.341
15321	10212.676
-1076	10241.41
783	10271.053
19287	10300.443
52603	10324.16
15351	10351.776
-1091	10371.777
639	10390.814
19485	10406.899
53018	10413.263
16096	10418.292
-1067	10410.0625
733	10395.696
18844	10375.461
52128	10345.883
15446	10319.347
-1082	10287.749
742	10261.238
18658	10241.443
51938	10224.109
15581	10218.694
-1078	10212.974
689	10212.495
18598	10214.9795
51971	10213.88
15558	10219.026
-1085	10220.85
646	10229.141
18322	10246.804
51373	10271.8
15346	10316.183
-1099	10369.437
588	10436.818
17911	10513.434
51294	10587.446
15369	10661.338
-1087	10716.817
499	10754.99
17553	10771.795
50983	10761.342
15231	10736.382
-1101	10691.311
525	10640.109
17688	10589.416
51533	10539.705
15593	10504.964
-1094	10475.254
573	10455.829
17886	10442.359
51548	10424.542
15734	10408.0
-1074	10378.881
515	10343.808
17715	10304.791
51554	10261.207
15798	10229.626
-1074	10205.764
233	10202.128
17823	10221.156
52276	10256.82
16773	10315.32
-1059	10378.909
547	10445.112
17664	10503.667
51573	10539.872
16051	10557.128
-1063	10541.017
226	10498.6045
17985	10433.197
51736	10346.202
16177	10256.558
-1062	10162.704
539	10079.852
17136	10014.216
51228	9963.877
16256	9939.673
-1071	9928.59
493	9932.807
16879	9946.193
49566	9957.005
15182	9969.384
-1039	9968.038
402	9957.788
16461	9939.026
50159	9908.823
15685	9881.756
-1074	9852.552
346	9833.581
16011	9829.598
49926	9837.727
15871	9868.506
-1067	9909.112
436	9962.092
16431	10021.801
50524	10076.398
16180	10130.665
-1081	10170.018
463	10199.487
16620	10220.021
50959	10228.947
16637	10240.984
-1062	10250.135
452	10266.692
16748	10292.475
50386	10321.195
16496	10359.604
-854	10391.4795
396	10417.225
17452	10430.705
52388	10421.773
17426	10399.311
-1031	10354.208
592	10297.481
16993	10235.932
51799	10171.318
17384	10121.029
-1032	10079.605
559	10055.816
16801	10048.933
51353	10049.507
17261	10062.195
-1029	10070.234
559	10074.438
16579	10071.016
50956	10052.518
17068	10029.784
-1042	9994.59
540	9956.579
16334	9919.072
51094	9878.326
17323	9845.443
-1031	9809.418
558	9775.394
16568	9742.454
51388	9704.509
17694	9673.102
-1019	9640.508
589	9617.172
16520	9607.862
51253	9610.217
17822	9635.874
-1016	9672.982
573	9723.481
16469	9780.956
51177	9831.427
17938	9877.265
-1002	9902.316
598	9910.471
16436	9903.799
51117	9881.86
18106	9862.943
-1006	9845.748
519	9844.237
16040	9863.703
50975	9898.763
18060	9955.639
-1011	10016.139
540	10076.409
15918	10126.963
50696	10153.798
18065	10163.478
-1002	10146.192
565	10112.753
15891	10072.225
50808	10028.144
18218	9999.014
-1001	9979.727
588	9977.056
16014	9987.528
50959	9997.181
18384	10006.14
-986	9994.177
583	9959.784
15894	9900.199
50724	9811.129
18358	9709.2
-986	9594.094
568	9482.898
15600	9386.637
50370	9306.908
18238	9257.488
-1006	9227.396
498	9218.104
15337	9223.685
50034	9231.29
17999	9245.797
-1017	9254.213
427	9262.848
14784	9275.364
49238	9290.073
17894	9321.099
-1009	9360.411
434	9413.235
14686	9476.517
49269	9537.822
17981	9599.641
-1012	9644.786
451	9674.441
14912	9688.581
49472	9684.605
18177	9679.777
-980	9673.431
453	9681.298
15276	9712.303
50091	9764.738
18648	9848.164
-976	9946.609
493	10055.77
15174	10164.013
50521	10252.51
19263	10320.807
-944	10352.163
594	10350.327
15404	10319.574
50496	10261.049
19121	10194.696
-955	10120.567
604	10052.805
15554	9998.097
50876	9952.726
19641	9926.273
-954	9905.881
613	9892.759
15381	9884.066
50559	9871.226
19548	9864.081
-939	9854.193
619	9849.697
15512	9854.543
50723	9864.887
19581	9891.755
-934	9923.998
558	9963.537
15102	10006.484
50139	10041.329
19334	10073.705
-944	10090.565
482	10096.162
14791	10092.655
49852	10076.9
19241	10063.474
-937	10046.893
444	10036.004
14275	10033.879
49038	10034.447
18803	10046.25
-969	10056.112
404	10065.591
13981	10072.193
48508	10066.942
18753	10058.449
-972	10036.872
301	10009.111
13814	9979.0205
48552	9943.62
18893	9916.259
-959	9889.765
353	9871.429
14129	9863.428
49408	9859.681
19539	9869.669
-929	9882.177
439	9900.539
13756	9924.336
48251	9945.276
19726	9971.072
-893	9990.08
474	10005.586
14449	10017.314
49768	10018.151
20088	10017.754
-894	10006.7705
423	9991.082
14174	9973.12
49182	9947.789
19843	9926.334
-887	9899.622
377	9872.551
13748	9845.821
48723	9811.91
19816	9779.434
-916	9737.918
329	9691.636
13522	9641.888
48345	9583.515
19834	9528.702
-914	9470.756
371	9417.641
13527	9373.539
48666	9334.31
20101	9311.6455
-909	9296.613
259	9293.513
13276	9302.625
48337	9316.067
20018	9342.506
-894	9371.237
219	9406.227
12968	9448.387
47574	9490.934
19653	9543.271
-912	9594.922
126	9649.414
12539	9706.69
47162	9758.383
19503	9812.336
-909	9857.517
96	9897.722
12284	9934.388
46850	9961.883
19537	9991.0625
-927	10013.696
93	10036.059
12360	10060.992
47073	10082.271
19793	10109.185
-910	10131.022
102	10151.171
12550	10170.229
47581	10180.894
20130	10192.894
-910	10197.28
88	10199.69
12442	10203.063
47594	10201.62
20235	10205.357
-890	10204.144
151	10200.985
12603	10195.552
47744	10179.106
20559	10159.94
-869	10128.052
28	10088.635
12308	10045.434
47467	9994.651
20411	9949.201
-877	9902.262
54	9859.745
11986	9823.464
46844	9784.969
20304	9750.774
-896	9707.791
-16	9657.16
12009	9599.103
47333	9527.434
20711	9455.057
-864	9378.311
-47	9308.727
11971	9255.962
47163	9219.898
20679	9214.379
-850	9230.9375
-66	9270.835
11733	9329.834
46896	9392.539
20671	9459.272
-876	9512.343
-146	9550.124
11400	9572.556
46715	9574.643
20756	9571.441
-873	9561.591
-89	9557.742
11416	9569.508
46202	9594.981
20370	9644.822
-907	9706.74
-148	9778.22
11049	9852.47
45731	9912.914
20593	9960.068
-864	9978.399
-129	9969.203
11091	9935.88
45803	9876.498
20825	9807.936
-857	9730.011
-167	9655.548
11085	9594.2705
46328	9544.468
21225	9518.083
-841	9505.945
-160	9509.546
11104	9527.154
46122	9547.338
21103	9575.058
-854	9597.442
-207	9615.357
10823	9628.909
45728	9629.929
20932	9627.298
-853	9611.9795
-238	9587.924
10576	9557.845
45396	9515.6045
20984	9471.8545
-849	9419.312
-237	9363.574
10486	9308.905
45623	9250.355
21348	9199.043
-822	9147.669
-279	9100.866
10483	9061.509
45916	9022.989
21639	8995.065
-813	8969.644
-210	8951.327
10625	8943.73
46169	8941.109
22143	8953.909
-787	8973.85
-234	9003.935
10774	9045.017
46416	9087.315
22391	9136.717
-765	9180.931
-243	9220.225
10421	9254.896
45748	9277.149
22150	9297.036
-805	9308.218
-277	9317.385
10183	9330.643
45379	9343.662
22013	9366.82
-789	9390.891
-285	9416.768
10029	9443.005
44959	9457.804
22009	9465.519
-786	9454.262
-301	9426.391
10006	9386.188
45219	9330.818
22119	9275.725
-784	9219.878
-316	9174.041
10058	9146.848
45443	9134.774
22363	9147.559
-776	9174.173
-351	9212.731
9849	9258.952
45196	9298.245
22289	9333.182
-764	9350.617
-449	9351.691
9292	9339.643
44438	9310.404
22071	9277.932
-766	9239.584
-419	9203.854
9246	9177.385
43919	9155.186
21766	9146.225
-796	9140.093
-499	9136.539
8754	9134.233
44718	9121.97
22333	9106.1875
-772	9077.345
-426	9039.244
8998	8997.168
43469	8947.737
22012	8904.159
-777	8862.782
-462	8830.172
8931	8811.941
43451	8802.413
21992	8810.399
-795	8826.408
-429	8851.53
8977	8886.323
43498	8921.18
22381	8962.363
-734	8999.555
-458	9033.845
8818	9066.506
43255	9089.007
22367	9108.678
-755	9116.228
-454	9113.556
8775	9103.145
43033	9078.172
22219	9048.419
-714	9007.909
-509	8962.357
8496	8918.386
42890	8872.799
22156	8838.074
-731	8809.163
-536	8790.836
8241	8786.927
42278	8789.778
21998	8806.233
-734	8825.745
-523	8848.369
8194	8874.915
42093	8896.898
22058	8922.486
-729	8944.529
-534	8967.321
6013	8996.483
33939	9028.177
56679	9061.255
17550	9096.76
1803	9138.841
17322	9185.748
50663	9228.942
28098	9274.448
-291	9311.879
-384	9339.593
9034	9357.2
43806	9355.269
23951	9341.567
-607	9309.333
-529	9263.215
7688	9210.156
42523	9147.759
23177	9090.04
-652	9034.609
-544	8988.155
8043	8956.522
42096	8933.293
22751	8925.596
-711	8922.519
-562	8922.312
7960	8924.054
41941	8917.712
22809	8910.816
-671	8897.274
-551	8883.326
7781	8877.657
41639	8878.743
22894	8898.96
-670	8931.667
-563	8976.203
7816	9028.878
41554	9072.691
22814	9104.98
-651	9108.431
-593	9079.177
7616	9019.979
41549	8929.438
22899	8827.308
-664	8720.697
-611	8626.891
7657	8561.455
41761	8523.722
23019	8521.3545
-654	8538.913
-594	8565.544
7772	8589.813
42121	8591.986
23456	8573.769
-582	8528.717
46	8467.612
8977	8408.3
43099	8360.159
24444	8345.351
-559	8363.06
-571	8411.691
7824	8481.141
42287	8543.53
23890	8584.593
-586	8578.562
-555	8518.752
7888	8413.582
42006	8275.329
23859	8142.7793
-587	8043.37
-587	8008.8105
7631	8059.419
41698	8185.9272
23825	8373.724
-575	8575.305
-586	8742.65
7614	8831.848
41274	8803.288
23628	8657.426
-560	8408.635
-632	8107.506
7426	7824.563
41422	7622.933
23749	7567.295
-557	7677.13
-636	7940.7295
7150	8306.7705
40724	8680.295
23311	8966.327
-599	9062.526
-664	8908.0625
6966	8496.777
40108	7875.4526
22892	7167.304
-619	6525.4814
-668	6129.69
6929	6145.2407
40327	6676.183
23464	7763.9336
-559	9342.284
-689	11263.546
6693	13311.577
39333	15222.65
23505	16752.742
-460	17690.033
-482	17913.19
7218	17405.834
41029	16245.995
24184	14616.632
-549	12743.707
-689	10879.246
6867	9253.715
40323	8027.1978
23641	7292.784
-559	7039.682
-726	7187.052
6515	7601.927
39301	8117.4043
23488	8591.386
-526	8904.349
-719	8999.553
6541	8881.623
39518	8594.6875
22879	8230.493
-631	7875.002
-722	7609.6616
6498	7488.6533
39796	7516.825
24032	7677.068
-521	7910.15
-738	8152.1577
6353	8346.183
39396	8442.678
23918	8433.854
-506	8325.425
-724	8153.6
6456	7969.567
39685	7813.2163
24089	7727.78
-514	7722.376
-717	7792.2363
6420	7917.1284
39484	8055.0845
24335	8178.2983
-463	8253.055
-727	8268.654
6464	8235.098
39923	8166.9546
24715	8103.535
-441	8070.8726
-721	8095.011
6551	8191.202
40382	8346.882
25211	8549.202
-392	8760.302
-718	8945.777
6591	9078.437
40609	9131.053
25399	9107.05
-399	9010.6
-699	8865.718
6558	8706.59
39984	8556.577
24920	8448.185
-437	8389.105
-737	8381.194
6273	8417.996
39616	8473.913
24955	8535.425
-412	8577.236
-711	8587.283
6397	8565.697
39874	8510.572
25307	8442.235
-407	8370.698
-744	8311.839
6318	8280.685
40118	8274.289
25608	8297.467
-372	8334.913
-743	8373.719
6308	8403.919
40013	8407.003
25578	8384.843
-353	8331.945
-771	8255.158
6060	8169.2427
39198	8079.7534
25358	8006.303
-364	7951.602
-779	7919.7007
5926	7912.9756
38926	7918.274
25181	7934.8447
-373	7948.205
-787	7951.998
5776	7947.204
38454	7928.268
24981	7908.6045
-396	7891.1514
-819	7885.6255
5559	7903.9604
38346	7943.107
25163	8009.8784
-396	8099.2104
-829	8189.744
5518	8275.83
38289	8342.487
25266	8384.796
-369	8390.007
-779	8356.244
5743	8291.929
38557	8197.82
25813	8092.467
-311	7982.9277
-766	7881.3237
5942	7801.843
38973	7743.497
26135	7716.1694
-283	7712.642
-761	7728.113
5994	7760.268
39539	7794.9194
26698	7833.6133
-225	7866.7324
-776	7891.834
6069	7912.561
39624	7922.693
26810	7931.868
-222	7937.214
-774	7940.558
6089	7947.293
39647	7950.77
26847	7958.7075
-212	7965.8354
-837	7971.687
5626	7980.362
38901	7984.835
26583	7993.1807
-226	8001.2
-813	8009.665
5629	8023.7065
38058	8037.1245
24532	8058.459
-539	8082.732
-812	8110.3584
5781	8145.92
39009	8182.412
26910	8227.292
-185	8275.073
-811	8324.419
5688	8377.675
38486	8425.122
26686	8470.955
-191	8506.693
-833	8528.82
5585	8539.204
38564	8529.266
26849	8506.501
-190	8467.933
-826	8416.795
5518	8362.487
37811	8303.505
25766	8252.756
-282	8209.766
-861	8177.827
5408	8163.4507
38189	8159.8467
26889	8173.073
-185	8195.949
-849	8225.017
5478	8261.489
38029	8295.26
26754	8331.076
-158	8362.184
-819	8386.793
5412	8408.516
37496	8419.781
26884	8427.107
-161	8425.414
-831	8413.821
5333	8396.628
37769	8367.036
26913	8333.117
-165	8291.715
-863	8244.52
5095	8198.693
37008	8150.013
26399	8108.038
-192	8069.855
-871	8035.734
4973	8009.8647
36462	7984.151
26361	7963.6704
-174	7941.9365
-909	7916.8706
4903	7892.0776
36496	7861.0415
26372	7832.304
-170	7803.8354
-897	7778.025
4919	7762.2393
36591	7751.794
26317	7754.811
-168	7766.841
-916	7785.6396
4903	7813.4863
36668	7840.997
26576	7873.1245
-136	7904.097
-902	7933.2104
4902	7966.2144
36776	7998.0454
26700	8037.8047
-131	8082.6406
-924	8132.402
4883	8190.712
36738	8248.251
27075	8308.505
-81	8363.557
-908	8409.112
4694	8447.524
37469	8471.251
27528	8489.006
-64	8499.906
-936	8507.406
4919	8519.811
37219	8532.756
27656	8553.762
-21	8576.67
-863	8595.82
5189	8609.318
37470	8603.051
27949	8577.85
4	8526.05
-869	8446.293
5121	8346.952
37118	8228.844
27926	8109.61
11	7997.692
-909	7904.0605
4954	7843.316
36858	7814.89
27824	7827.5264
23	7874.631
-905	7948.1343
4777	8042.8794
36147	8140.6904
27469	8237.029
-17	8318.244
-926	8376.015
4740	8411.154
35988	8416.039
27393	8399.371
-20	8361.259
-934	8306.046
4709	8244.896
36109	8177.286
27523	8115.812
-8	8061.5063
-937	8017.2163
4651	7990.799
35991	7976.919
27786	7982.116
45	8000.9165
-930	8028.971
4649	8066.829
36041	8102.5967
27978	8137.797
77	8164.3525
-914	8177.9424
4624	8182.427
35721	8172.102
27962	8156.423
101	8135.93
-947	8113.8823
4517	8099.3237
35810	8087.9976
28050	8086.9346
89	8090.5703
-944	8093.74
4527	8096.6265
34868	8087.695
27506	8069.368
144	8035.8413
-951	7986.3105
4379	7928.948
35241	7862.22
27938	7798.8545
110	7741.6562
-965	7694.2446
4203	7664.836
34923	7647.3877
27631	7646.5513
77	7655.182
-949	7667.155
4189	7682.959
34707	7692.389
27655	7699.8403
65	7701.845
-987	7698.3716
4079	7697.052
34576	7694.0977
27610	7698.281
61	7707.5537
-973	7720.189
4090	7739.913
34749	7757.794
28087	7777.6787
140	7794.2705
-959	7804.7383
4073	7814.3516
34900	7817.794
28524	7823.6577
198	7831.667
-974	7842.482
4183	7863.085
35378	7887.2793
29009	7920.6846
243	7958.517
-933	7996.421
4312	8037.038
35239	8071.416
29036	8104.3413
268	8132.2124
-967	8153.5903
4165	8175.059
35131	8191.465
29057	8210.376
275	8229.563
-941	8247.143
4109	8267.816
34771	8283.514
28909	8298.42
259	8307.454
-956	8306.99
4150	8301.389
34826	8283.71
29189	8260.552
301	8230.189
-937	8192.238
4153	8153.972
34836	8110.642
29612	8069.8213
379	8030.103
-947	7990.8154
4088	7957.585
34522	7924.224
29470	7897.0435
380	7873.7153
-957	7852.602
4022	7839.7188
34542	7828.963
29546	7826.516
387	7829.765
-930	7836.0703
4929	7849.7266
36739	7862.65
30359	7879.6616
471	7896.5156
-976	7909.455
3814	7922.8564
34273	7929.517
29534	7935.231
401	7938.068
-993	7937.0146
3613	7938.6445
33473	7937.6763
28967	7940.7065
376	7945.372
-989	7948.882
3470	7955.5938
33009	7957.29
28718	7957.4644
285	7951.499
-1013	7935.6294
3497	7914.8022
33216	7883.1533
29166	7848.006
388	7809.8706
-996	7769.757
3488	7736.866
33158	7707.9165
29173	7690.656
386	7683.386
-1012	7682.797
3376	7692.075
32759	7701.2573
28980	7711.7417
374	7717.2837
-1013	7712.3984
3148	7700.9897
32031	7676.9146
28763	7647.361
371	7613.508
-1019	7576.974
3053	7547.494
31846	7522.3096
28798	7508.929
424	7505.8457
-1003	7509.563
3049	7523.3804
32064	7538.0737
29100	7556.1206
443	7573.4136
-932	7586.705
4391	7601.9233
34827	7614.519
30135	7633.113
516	7658.495
-1031	7690.1006
3055	7734.1025
31959	7783.0264
29273	7839.1157
463	7896.0137
-1010	7946.3105
2972	7991.2085
31436	8021.382
29047	8040.6953
459	8048.0186
-1041	8043.4204
2735	8036.546
30714	8025.375
28712	8018.3047
449	8014.6855
-1037	8011.5757
2661	8012.6978
30704	8008.708
28674	8001.213
437	7985.7695
-1029	7959.428
2795	7930.436
31123	7897.54
29296	7872.2305
519	7859.375
-1021	7861.662
2881	7887.589
31579	7929.571
29913	7986.884
611	8048.629
-1002	8100.7876
3114	8138.3965
32325	8147.025
30368	8128.351
634	8083.3916
-1030	8017.8545
2854	7951.184
31790	7893.1978
30271	7864.3677
643	7875.1924
-1039	7928.3096
2796	8027.3926
31226	8156.238
29866	8303.116
616	8446.181
-984	8561.647
3588	8637.534
32977	8656.022
30933	8618.614
770	8528.6
-1011	8394.595
2947	8238.738
31588	8072.7476
30780	7917.801
793	7785.1045
-1003	7678.4395
2983	7604.9697
31530	7555.113
31124	7527.182
848	7512.9165
-1012	7503.036
2978	7499.713
31680	7495.775
31261	7497.1143
851	7505.052
-1019	7518.189
2894	7542.685
31432	7570.3457
31069	7601.5205
846	7629.427
-1022	7644.959
2934	7649.6055
31562	7635.3877
31291	7608.1475
882	7571.314
-1040	7527.4717
2756	7488.4844
30908	7452.868
30891	7426.859
847	7407.899
-1030	7388.069
2783	7367.1826
30761	7333.6616
30798	7289.148
827	7234.221
-1037	7172.146
2743	7119.908
30573	7085.398
30790	7086.895
852	7134.1694
-1042	7228.2646
2458	7371.464
28926	7546.017
30043	7736.839
1016	7919.554
-1004	8067.013
3426	8164.7627
32396	8193.753
30994	8155.706
818	8056.454
-1061	7907.7407
2426	7736.4365
29888	7559.1255
30484	7400.276
828	7273.4785
-1066	7181.8643
2227	7130.3765
29323	7105.392
30389	7099.3735
837	7098.8555
-1062	7089.814
2247	7072.522
29290	7040.518
30336	7002.217
851	6964.318
-1084	6931.731
2134	6918.035
29156	6921.671
30435	6947.1724
863	6990.521
-1082	7042.3867
2064	7102.773
28787	7160.8135
30411	7217.855
908	7273.4263
-1054	7326.31
2182	7386.226
29051	7450.0815
30793	7522.053
940	7598.3003
-1080	7668.119
2154	7728.5093
29064	7764.004
30976	7770.8867
966	7745.4614
-1096	7686.4404
2063	7609.138
28666	7521.967
30656	7445.629
944	7396.0093
-1093	7381.5645
1903	7414.5483
28713	7487.003
30379	7592.852
853	7715.397
-1093	7831.4985
1948	7929.207
28610	7988.94
30993	8007.535
961	7985.516
-1099	7927.9897
2046	7855.784
28649	7779.7056
30789	7718.8047
947	7683.455
-1104	7673.9795
2060	7694.4062
28811	7731.051
31437	7776.488
1091	7819.105
-1072	7845.6235
2121	7857.4824
29069	7849.2793
31911	7829.729
1144	7806.8193
-1088	7784.5586
2125	7775.3447
29289	7775.8296
32184	7787.8965
1169	7806.0938
-1094	7818.2485
2029	7822.8267
29238	7808.5444
32214	7777.8145
1175	7734.2275
-1080	7680.7803
1919	7633.271
28517	7595.12
32021	7576.161
1171	7578.233
-1119	7592.8394
1821	7617.13
28293	7633.2866
31589	7632.8354
1151	7607.2666
-1100	7549.073
1792	7468.6494
28223	7371.563
31803	7277.902
1189	7206.8047
-1103	7170.503
1641	7186.241
27909	7250.8496
31559	7360.7266
1132	7500.3643
-1131	7643.0503
1438	7770.6704
28000	7855.373
32046	7884.689
1241	7852.309
-1117	7758.093
1548	7622.1924
27894	7459.3486
32155	7296.293
1258	7155.7017
-1097	7049.729
1726	6993.563
28326	6981.4243
32659	7008.5537
1316	7061.94
-1125	7120.3184
1659	7174.2056
28013	7205.8877
32544	7212.345
1378	7194.6465
-1111	7153.598
1636	7104.6904
28098	7052.8906
32878	7011.2295
1386	6987.8643
-1106	6981.1924
1640	6996.6177
27928	7024.4385
32863	7061.964
1426	7104.0195
-1107	7140.3677
1548	7173.649
27681	7196.4937
32656	7212.0938
1373	7222.476
-1114	7224.01
1443	7224.0586
27336	7217.1904
32525	7205.987
1411	7190.484
-1128	7165.322
1393	7137.4736
27097	7103.014
32504	7067.883
1398	7036.819
-1122	7008.819
1314	6993.846
26742	6988.422
32548	6995.5815
1451	7014.641
-1128	7037.243
1341	7065.5454
26779	7089.8823
32716	7109.767
1496	7124.5063
-1112	7129.605
1408	7133.974
26739	7135.706
32688	7141.6157
1499	7156.419
-1132	7177.2446
1313	7211.324
26507	7252.056
32838	7299.419
1556	7351.1084
-1118	7398.0757
1323	7443.83
25871	7481.073
32836	7511.52
1745	7536.832
-1113	7552.944
1433	7567.937
26891	7577.4478
33556	7584.4897
1682	7590.0034
-1123	7587.311
1378	7581.3804
26846	7565.1567
33601	7540.344
1695	7508.602
-1121	7465.9727
1391	7421.7505
26655	7373.969
33426	7328.9004
1696	7291.45
-1122	7258.5996
1184	7238.0957
26058	7224.2188
33105	7217.746
1667	7217.6504
-1137	7215.465
1151	7214.946
25719	7208.595
32818	7197.639
1664	7183.6313
-1132	7162.287
1216	7142.247
25758	7120.788
32922	7102.902
1689	7093.0073
-1130	7087.3965
1193	7093.5083
25963	7106.3853
33468	7127.781
1785	7157.7734
-1122	7189.532
1250	7227.567
26066	7264.213
33666	7299.481
1807	7333.216
-1136	7358.2334
1218	7379.979
25931	7392.73
33599	7399.1826
1856	7402.4487
-1133	7398.587
1291	7396.0884
26193	7391.69
33939	7389.519
1888	7392.9956
-1136	7397.022
1199	7407.695
25840	7418.504
34000	7429.757
1954	7441.425
-1127	7445.618
1185	7446.982
25516	7439.1226
33855	7423.873
1966	7404.1396
-1146	7375.6597
1020	7346.955
24893	7315.154
33219	7284.4536
1878	7258.7017
-1152	7233.2217
901	7214.958
24443	7198.5005
33106	7184.879
1899	7175.0215
-1147	7161.914
846	7151.255
24133	7137.5864
32914	7122.8696
1864	7109.9927
-1149	7094.3384
891	7084.01
24222	7075.518
32708	7072.182
1829	7076.8516
-1134	7083.931
963	7099.2666
24374	7116.2725
33110	7134.6772
1951	7154.118
-1149	7165.9775
886	7174.5317
24100	7173.121
33222	7162.885
1950	7146.7163
-1153	7120.671
872	7094.4346
24048	7066.952
33317	7044.276
1984	7032.8613
-1138	7030.0576
838	7044.679
23698	7072.3555
33191	7113.489
2019	7167.4893
-1134	7224.0713
774	7285.15
23588	7340.832
33293	7388.2134
2064	7426.124
-1149	7446.4326
709	7455.61
23283	7449.882
33306	7432.965
2094	7410.0083
-1148	7377.866
720	7346.1074
23486	7311.865
33526	7277.788
2128	7246.75
-1145	7212.188
731	7180.4087
23459	7146.1616
33738	7110.9634
2213	7078.179
-1156	7043.153
753	7014.7476
23570	6990.5674
34009	6974.461
2272	6971.077
-1134	6975.2236
694	6993.6523
23124	7020.3804
33777	7054.502
2256	7095.736
-1158	7134.4805
731	7174.2153
23204	7207.4795
33925	7233.9106
2331	7255.565
-1149	7266.4453
699	7274.675
22972	7277.4175
33643	7278.198
2264	7281.808
-1154	7283.449
649	7291.0215
22864	7300.1885
33746	7312.0166
2291	7328.564
-1156	7342.346
594	7359.2583
22854	7373.5293
33883	7385.4414
2326	7396.995
-1137	7400.892
539	7403.3086
22477	7398.863
33878	7387.9683
2361	7372.8535
-1164	7346.474
553	7315.7974
22534	7276.6377
34016	7231.1626
2400	7183.9785
-1139	7130.52
571	7080.105
22382	7030.399
34018	6984.3823
2418	6946.3823
-1156	6910.3257
611	6882.965
22533	6858.885
34216	6838.0063
2473	6822.334
-1154	6804.3447
551	6790.646
22260	6776.989
34283	6765.217
2534	6759.8374
-1164	6755.4316
449	6759.904
21928	6769.073
33891	6783.417
2474	6804.921
-1149	6824.8745
814	6847.8228
22911	6866.9175
34239	6881.501
2576	6893.81
-1149	6896.8364
414	6898.1743
21160	6894.7456
33531	6888.7925
2524	6884.9985
-1160	6877.616
341	6874.048
20932	6869.854
33311	6865.121
2518	6862.3086
-1161	6853.8086
338	6846.203
20851	6835.374
33182	6822.6284
2496	6812.4946
-1161	6799.1816
338	6790.68
20528	6783.5913
32943	6778.805
2478	6779.2407
-1184	6777.349
190	6779.6274
20178	6781.5464
32908	6783.7173
2538	6789.9116
-1175	6794.1895
198	6804.952
20159	6819.2134
32743	6838.117
2464	6864.5874
-1172	6890.3584
224	6920.3496
20012	6947.7163
33102	6970.061
2598	6988.4277
-1182	6994.4062
54	6994.921
19595	6987.1626
32900	6973.822
2634	6961.336
-1171	6945.712
26	6936.331
19187	6930.5835
32550	6928.78
2606	6933.1416
-1176	6934.645
405	6937.813
20501	6936.459
33535	6929.828
2767	6921.412
-1161	6905.16
117	6890.138
19469	6874.8125
33314	6861.5986
2839	6855.6177
-1181	6850.2676
102	6852.0845
19619	6855.6455
33737	6859.2153
2913	6864.7007
-1172	6863.7056
188	6862.9116
19887	6858.8975
34280	6853.038
3037	6850.753
-1173	6846.212
134	6847.314
19699	6849.9736
34180	6853.2603
3030	6859.58
-1187	6860.0947
126	6860.959
19434	6858.3438
34073	6853.458
3045	6852.602
-1161	6851.276
161	6859.175
19149	6874.052
33941	6895.6143
3067	6925.7407
-1181	6953.126
226	6979.5
19534	6995.6885
34217	6997.5317
3141	6987.486
-1189	6959.4673
164	6924.756
19470	6886.302
34488	6852.063
3183	6834.1426
-1178	6830.809
132	6851.0635
19298	6888.887
34399	6937.791
3176	6992.6694
-1174	7035.2886
322	7062.0176
19699	7061.1406
34060	7028.9663
3084	6970.956
-1171	6885.773
-12	6789.9805
18841	6691.2554
33788	6600.571
3112	6531.139
-1192	6480.773
-99	6457.2637
18163	6453.6636
33652	6463.124
3208	6481.996
-1190	6495.0796
6	6503.2334
18344	6499.373
33976	6482.591
3314	6459.4644
-1161	6426.301
84	6394.223
17935	6363.3525
34631	6335.2417
3591	6315.334
-1164	6295.5283
67	6281.4146
18621	6268.1177
34915	6254.614
3576	6246.3887
-1181	6237.5083
1	6236.892
18763	6242.4062
35151	6253.7886
3656	6274.2856
-1166	6292.6807
176	6310.69
18557	6318.95
34848	6311.918
3606	6291.6147
-1186	6250.843
36	6200.678
18108	6145.05
34457	6092.9243
3542	6059.088
-1187	6044.293
34	6060.5933
17135	6105.1177
34239	6172.286
3818	6257.9053
-1164	6342.526
114	6420.5747
18314	6477.7354
34548	6506.3228
3569	6509.1807
-1163	6481.9067
-16	6439.503
17776	6389.558
34384	6343.175
3569	6315.733
-1164	6306.697
-21	6325.6885
17794	6367.224
34553	6424.4204
3696	6493.506
-1176	6557.1626
-74	6613.7397
17405	6653.668
34318	6673.1343
3706	6677.4175
-1181	6661.8804
-136	6638.356
17289	6608.842
34363	6577.2114
3751	6551.9663
-1199	6527.1055
-104	6509.9614
17377	6496.618
34574	6485.271
3865	6480.4243
-1162	6474.2886
76	6474.4873
17703	6478.715
35088	6486.922
4006	6504.689
-1178	6523.4785
62	6548.4663
17809	6573.6836
35538	6595.1377
4147	6615.5503
-1192	6625.357
114	6631.1675
17881	6630.7734
35649	6625.425
4229	6623.4707
-1179	6619.602
64	6622.421
17612	6628.6943
35269	6635.5957
4166	6645.234
-1171	6645.43
21	6638.748
17416	6618.559
35179	6582.1333
4222	6535.2993
-1159	6473.27
16	6407.7886
17231	6341.5347
35126	6279.2417
4275	6231.5615
-1178	6194.0
-68	6174.7026
17283	6169.7744
35503	6175.6895
4334	6195.037
-1184	6216.574
-56	6244.161
16753	6272.734
34846	6300.072
4265	6331.7554
-1179	6360.4307
-79	6393.353
17130	6427.5303
35529	6461.2954
4296	6499.6943
-1186	6533.6294
-244	6568.539
16016	6600.3706
33712	6627.231
4008	6654.48
-1201	6674.3545
-322	6693.6226
15153	6709.15
33324	6718.4507
3990	6725.26
-1177	6719.4604
-324	6705.3223
15044	6678.162
33091	6635.8237
3973	6584.9175
-1187	6520.6133
-276	6454.601
15339	6390.3105
33521	6332.897
4146	6293.961
-1184	6269.7163
-186	6268.388
15567	6285.7656
34004	6316.1777
4293	6359.293
-1188	6399.948
-190	6437.6885
15613	6464.0967
34275	6474.3228
4384	6473.543
-1182	6455.961
-204	6432.434
15533	6405.2974
34265	6377.9717
4433	6360.363
-1191	6346.533
-242	6343.1294
15069	6345.524
33737	6348.7466
4343	6354.7617
-1209	6351.966
-337	6344.8125
14969	6330.0356
33591	6307.2524
4307	6285.0938
-1199	6259.235
-324	6240.7656
14718	6230.92
33238	6230.773
4253	6247.2617
-1181	6271.7085
-332	6309.053
14700	6353.7656
33221	6400.708
4230	6452.295
-1198	6497.4077
-335	6540.919
14618	6579.4175
33393	6611.2563
4331	6643.2554
-1189	6668.3916
-352	6694.628
14345	6720.309
33191	6743.73
4358	6769.972
-1181	6789.2617
-410	6806.318
14163	6816.4214
33136	6815.7153
4386	6808.763
-1202	6787.093
-398	6758.7563
14129	6723.9385
32987	6684.524
4392	6650.7017
-1201	6618.4404
-404	6598.15
14039	6589.598
33301	6591.151
4614	6606.865
-1162	6625.155
-320	6648.0444
14304	6667.9644
33944	6678.3945
4754	6682.416
-1202	6670.889
-315	6651.894
14259	6626.561
33994	6597.8125
4864	6577.348
-1186	6561.485
-447	6559.5576
13476	6569.384
33276	6585.9165
4803	6609.766
-1178	6625.239
-396	6630.9937
13761	6617.5806
33660	6577.736
4850	6516.046
-1193	6425.5835
-432	6318.173
13712	6199.3945
33902	6076.3115
4911	5964.665
-1188	5864.04
-382	5787.0376
13854	5734.3
34059	5703.5283
5005	5698.3506
-1181	5705.728
-391	5727.238
13796	5755.673
34086	5784.7017
4992	5818.1636
-1199	5846.4727
-461	5876.627
13489	5907.51
33759	5938.08
4991	5975.718
-1189	6012.2207
-477	6053.705
13476	6096.6147
33721	6136.56
4937	6178.028
-1182	6210.194
-446	6237.7734
13655	6257.3423
34182	6265.8755
5105	6269.7896
-1196	6261.058
-403	6247.1875
13794	6227.0615
34485	6199.592
5243	6172.894
-1194	6139.9497
-429	6108.864
13641	6078.7925
34500	6048.3584
5316	6024.949
-1191	6000.251
-439	5980.648
13667	5963.3164
34666	5944.8687
5372	5931.277
-1186	5913.3887
-467	5897.6533
13236	5882.4375
34302	5866.1323
5349	5856.805
-1187	5847.1523
-557	5844.671
12998	5847.563
33663	5852.69
5144	5865.1304
-1186	5874.0234
-598	5883.4297
12662	5889.029
33524	5886.5044
5223	5881.734
-1188	5866.5356
-579	5849.1577
12671	5830.0166
33673	5809.052
5301	5795.1143
-1184	5780.841
-584	5773.2827
12596	5769.7944
33536	5766.119
5268	5766.8906
-1209	5761.701
-549	5756.561
12680	5750.2393
33622	5742.129
5342	5742.0005
-1189	5744.8447
-547	5760.7124
12551	5790.0386
33584	5830.499
5396	5886.788
-1204	5945.945
-584	6008.444
12571	6065.377
33601	6107.126
5302	6134.8003
-1199	6136.3066
-622	6117.809
12433	6080.1177
33324	6025.87
5198	5968.8345
-1172	5907.894
-643	5856.9824
12168	5820.0005
33298	5797.4585
5321	5796.7295
-1185	5807.1655
-654	5831.4634
12326	5862.9585
33591	5893.956
5409	5927.073
-1182	5950.6724
-643	5970.354
12244	5984.8457
34006	5992.8574
5578	6003.586
-1197	6010.4863
-622	6021.1367
12270	6033.8833
33951	6044.7627
5651	6059.0435
-1193	6065.6084
-644	6068.18
11930	6063.078
33494	6046.476
5635	6025.97
-1202	5994.8374
-707	5962.159
11704	5929.8223
33420	5898.6133
5613	5879.095
-1174	5865.3447
-697	5865.1006
11594	5876.9395
33214	5896.8467
5599	5929.8193
-1201	5964.4497
-724	6003.9263
11711	6043.553
33551	6077.5874
5741	6111.1265
-1206	6134.24
-697	6152.865
11791	6165.7993
33552	6171.1143
5684	6177.4897
-1199	6177.929
-690	6180.3315
11661	6184.3276
33771	6187.3564
5808	6196.541
-1206	6202.2554
-712	6208.99
11552	6212.967
33606	6208.663
5820	6201.1484
-1202	6180.2065
-726	6151.304
11719	6113.2
33828	6064.2876
5894	6014.486
-1188	5958.537
-728	5906.156
11588	5859.1567
33876	5817.162
5964	5789.419
-1193	5768.093
-731	5758.802
11462	5758.43
33666	5761.53
5871	5772.8813
-1209	5781.348
-697	5790.924
11621	5798.54
33714	5800.322
5971	5803.729
-1186	5800.82
-679	5798.627
11441	5796.711
33946	5792.752
6119	5794.996
-1190	5795.198
-709	5799.322
11204	5805.495
33756	5809.7627
6178	5818.8413
-1205	5823.487
-643	5828.9023
11478	5832.9287
33757	5831.766
6164	5832.5093
-1212	5826.2485
-754	5818.755
10800	5808.6313
33393	5792.601
6143	5778.4663
-1197	5758.086
-837	5738.4272
10583	5719.3013
33037	5698.5815
6074	5684.9956
-1196	5671.148
-789	5664.254
10540	5663.9473
33055	5667.234
6144	5681.6675
-1194	5698.1255
-812	5721.5903
10409	5749.5337
32994	5776.8955
6161	5809.4243
-1202	5836.6455
-807	5862.8594
10465	5885.3584
33069	5899.5044
6224	5911.984
-1196	5913.5786
-831	5910.244
10443	5901.0547
33274	5883.1064
6355	5864.805
-1200	5838.473
-739	5811.3105
10941	5783.315
34010	5752.2314
6510	5727.0234
-1188	5700.0137
-749	5678.1484
10898	5660.874
34215	5645.032
6663	5638.6367
-1191	5632.852
-721	5633.26
10981	5638.072
34304	5643.059
6738	5655.3853
-1187	5665.7036
-645	5679.3027
11301	5694.3267
34718	5706.7017
6888	5723.8594
-1210	5736.4814
-762	5749.9204
10823	5762.2524
34459	5769.038
6835	5777.444
-1182	5778.1353
-777	5776.9507
10798	5773.0645
34428	5763.671
6865	5758.058
-1184	5749.1147
-769	5744.6772
10471	5745.291
34069	5748.3066
6897	5761.748
-1190	5775.965
-782	5795.193
10404	5815.8403
33711	5831.3267
6768	5846.698
-1181	5850.9526
-844	5848.9624
10055	5839.9883
33537	5821.8916
6775	5805.159
-1185	5784.4043
-843	5768.7954
10034	5759.9795
33525	5755.759
6849	5764.1245
-1192	5775.049
-833	5791.8154
10119	5810.234
33651	5823.3867
6929	5836.6714
-1198	5839.998
-865	5839.149
9826	5834.4917
33404	5824.4556
6956	5819.508
-1199	5813.328
-882	5813.107
9481	5818.1016
32683	5823.286
6699	5833.833
-1166	5837.8047
-877	5837.6216
9835	5829.535
33485	5808.054
7094	5780.913
-1196	5740.8804
-887	5696.3857
9548	5650.087
33093	5601.887
7019	5562.8843
-1201	5526.889
-901	5500.9453
9573	5484.213
33203	5471.9106
7106	5470.206
-1187	5468.6406
-874	5471.099
9716	5475.099
33281	5475.731
7154	5480.189
-1189	5479.5015
-914	5479.142
9530	5478.1
33498	5472.4624
7190	5470.37
-1186	5463.7354
-957	5459.3423
9200	5457.969
32737	5457.7827
6997	5468.832
-1199	5484.3267
-959	5511.3623
9160	5549.4106
32686	5593.427
7059	5648.646
-1187	5702.6226
-932	5756.7544
9187	5806.099
32969	5843.3115
7283	5874.442
-1203	5890.902
-934	5900.232
9280	5905.1353
33351	5905.8955
7470	5914.785
-1190	5926.473
-907	5948.1387
8587	5978.7295
32896	6011.587
7440	6050.635
-1168	6082.503
-944	6108.129
9155	6123.284
33569	6122.183
7788	6113.3145
-1184	6090.5283
-907	6063.1865
8947	6035.068
33072	6006.196
7620	5987.4414
-1189	5971.5264
-898	5963.4766
9082	5960.531
33491	5955.4863
7890	5953.1343
-1185	5942.148
-866	5926.4565
9229	5905.167
33824	5875.183
8091	5846.6445
-1168	5813.424
-887	5783.178
9106	5756.719
33756	5730.4004
8108	5711.9287
-1189	5691.873
-856	5674.78
9101	5659.5254
33662	5642.25
8173	5632.205
-1191	5622.6987
-895	5621.2383
8873	5628.7554
33084	5641.41
8032	5665.749
-1172	5690.0493
-844	5715.077
8893	5734.7817
33133	5739.769
8051	5733.9946
-1176	5707.289
-847	5666.2256
8869	5614.27
33303	5553.537
8157	5499.725
-1189	5451.8887
-823	5421.698
9116	5412.2817
33871	5419.8
8437	5449.574
-1172	5487.4526
-790	5531.4395
9083	5573.3706
33903	5602.3604
8530	5622.14
-1184	5622.779
-830	5611.0874
8598	5590.6147
33309	5562.511
8429	5540.8013
-1197	5522.1562
-858	5515.288
8446	5521.0825
33069	5534.268
8369	5560.189
-1200	5586.5435
-842	5614.256
8326	5639.053
32746	5653.598
8311	5664.0425
-1166	5661.196
-819	5650.3057
8141	5631.6724
32401	5601.9106
8309	5570.104
-1166	5529.2065
-816	5486.071
8092	5442.666
32388	5397.624
8379	5362.422
-1181	5332.5137
-804	5316.5283
8033	5316.7256
32532	5329.6245
8552	5361.9824
-1167	5401.9976
-766	5449.433
8183	5497.5337
32696	5535.336
8696	5565.214
-1175	5575.3066
-767	5570.2637
8276	5552.247
33013	5521.871
8839	5493.808
-1172	5466.586
-701	5451.417
8439	5451.9
33019	5464.557
8876	5495.1665
-1163	5530.445
-698	5569.238
8409	5604.791
33136	5627.2993
9067	5641.5063
-1179	5638.631
-717	5626.4453
8374	5609.6396
33411	5589.7793
9138	5580.972
-1181	5579.4214
-714	5592.8286
8354	5620.925
33173	5656.6724
9086	5703.5894
-1169	5747.695
-701	5788.786
8291	5822.463
33147	5841.709
9109	5854.104
-1176	5852.442
-679	5844.266
8341	5832.4893
33474	5815.413
9386	5803.202
-1167	5788.499
-692	5776.1187
8156	5764.9546
33173	5749.096
9360	5735.4697
-1168	5715.1143
-686	5693.12
7886	5670.4346
32874	5644.1616
9424	5624.372
-1176	5604.831
-696	5592.1177
7916	5587.3364
32998	5586.4883
9520	5597.674
-1176	5612.334
-712	5634.8066
7832	5664.3706
32582	5695.667
9499	5735.603
-1165	5774.5537
-699	5815.396
7628	5855.709
32506	5887.979
9693	5917.0654
-1147	5932.0757
-683	5935.472
7619	5926.086
32632	5899.582
9743	5865.7114
-1172	5819.472
-687	5769.697
7443	5720.9165
32452	5672.5537
9813	5635.696
-1160	5604.0103
-711	5582.295
7421	5569.267
32434	5557.7393
9913	5552.541
-1143	5542.601
-699	5530.1987
7587	5514.113
32830	5489.6343
10103	5465.9077
-1159	5437.0503
-720	5410.305
7533	5388.2886
32576	5368.39
9941	5359.8125
-1155	5354.642
-716	5356.939
7534	5365.4663
32858	5373.8125
10085	5388.416
-1158	5400.023
-714	5412.47
7564	5425.721
32825	5435.5317
10086	5450.814
-1146	5464.599
-707	5482.2363
7467	5504.2505
32871	5525.746
10294	5554.0938
-1162	5580.181
-763	5606.988
7299	5633.0913
33148	5652.1777
10660	5671.3657
-1149	5682.3604
-731	5690.0273
7157	5695.67
32753	5695.9077
10678	5700.7183
-1151	5703.9624
-745	5711.4033
7189	5723.9897
33012	5736.6606
10833	5756.4404
-1166	5773.556
-718	5790.0645
7282	5803.8286
33023	5807.8066
10956	5808.7324
-1136	5798.6196
-694	5782.908
7496	5764.177
33605	5740.7334
11275	5724.49
-1152	5711.1865
-636	5707.8667
8121	5716.085
34885	5730.4224
11879	5757.195
-1124	5785.0107
-590	5813.587
8408	5838.314
35874	5849.7456
12570	5853.576
-1115	5841.104
-414	5817.523
9436	5785.83
37714	5745.092
14484	5709.0674
-1016	5675.523
-339	5652.258
9919	5641.3115
38625	5637.24
14380	5646.8594
-1080	5659.2
-325	5673.3477
9949	5684.422
38576	5683.1187
14548	5676.0835
-1057	5656.0674
-427	5628.9243
9676	5598.3433
38474	5563.6
14644	5538.39
-1068	5519.517
-341	5513.038
9778	5518.991
38293	5529.838
14622	5550.4097
-1056	5568.5044
-386	5582.9834
9681	5589.846
38378	5581.393
14744	5566.475
-1058	5540.2495
-405	5510.788
9385	5483.485
37729	5458.144
14541	5447.6924
-1049	5447.2856
-462	5460.6113
9011	5485.447
37122	5512.133
14236	5544.1055
-1064	5569.041
-526	5586.5845
8409	5594.727
35849	5588.038
13613	5576.9453
-1096	5557.8135
-745	5538.6807
7531	5523.9565
34466	5511.2783
12891	5510.1895
-1109	5512.96
-805	5521.274
7077	5532.596
33808	5538.464
12683	5544.5156
-1099	5542.2935
-829	5535.8257
6888	5527.3345
33571	5514.097
12571	5507.1094
-1102	5501.4355
-817	5502.0176
6938	5509.2075
33593	5516.08
12669	5528.153
-1101	5535.2812
-819	5538.6777
6863	5537.517
33561	5526.433
12726	5514.9023
-1090	5498.087
-861	5482.657
6507	5472.015
33071	5462.56
12604	5462.6685
-1097	5464.18
-397	5468.82
7520	5475.0073
33534	5475.771
12765	5478.417
-1099	5476.546
-889	5476.304
6287	5482.1587
32753	5492.811
12613	5519.7217
-1094	5557.7407
-914	5610.851
6083	5678.1006
32383	5750.583
12502	5831.6187
-1094	5909.6396
-934	5985.4077
5829	6059.0806
32002	6127.169
12619	6201.592
-1083	6280.9707
-935	6375.157
5708	6490.1606
31761	6623.259
12589	6781.297
-1099	6952.5327
-976	7132.865
5239	7313.4185
31006	7478.134
12373	7624.712
-1105	7738.536
-974	7819.302
5190	7868.122
30566	7883.364
12244	7878.8833
-1088	7855.46
-979	7824.806
5094	7795.223
30254	7766.792
12077	7749.9297
-1117	7738.2456
-1001	7734.431
4989	7737.7856
30391	7740.7896
12443	7748.791
-1099	7753.3027
-999	7756.9033
4935	7760.399
30303	7758.3066
12418	7757.791
-1082	7751.389
-382	7741.675
6547	7729.0166
31201	7707.8794
12805	7685.545
-1101	7655.312
-1060	7621.1514
4761	7585.162
30221	7542.5786
12460	7500.888
-1112	7452.366
-1028	7398.815
4957	7339.4224
30952	7266.5107
12718	7185.867
-1091	7089.6855
-1040	6981.749
4677	6865.537
30311	6739.1934
12744	6614.5894
-1092	6489.5703
-1046	6371.821
4485	6266.272
29891	6169.709
12689	6090.151
-1084	6020.3433
-1064	5962.556
4389	5917.1465
29376	5878.1616
12337	5852.696
-1095	5834.101
-1120	5826.2256
4056	5830.7437
28893	5841.6133
12226	5863.82
-1098	5886.9067
-1107	5909.785
3783	5929.4136
28208	5936.7134
11984	5936.4277
-1108	5921.6836
-1096	5898.5474
3822	5873.8057
28581	5848.798
12513	5837.3506
-1082	5837.9673
-1112	5856.768
3624	5895.056
28066	5943.549
12558	6002.007
-1082	6054.6016
-638	6095.0337
4865	6117.1475
29051	6111.001
13087	6082.5044
-1074	6027.771
-1125	5956.094
3724	5877.7373
28885	5796.4175
13076	5727.3022
-1070	5669.607
-1093	5629.345
3693	5608.357
28249	5598.854
12916	5603.4077
-1081	5610.246
-1124	5617.8228
3517	5624.56
28219	5623.001
13048	5618.913
-1072	5605.15
-1080	5585.1514
3678	5561.3667
28515	5528.8115
13235	5494.528
-1063	5451.8335
-1102	5405.026
3675	5358.4453
28726	5309.888
13439	5269.6963
-1054	5234.174
-1091	5209.025
3599	5198.1123
28683	5195.1885
13534	5203.625
-1064	5210.9814
-1095	5214.834
3551	5213.067
28448	5197.783
13516	5176.027
-1034	5144.5205
-1114	5113.8135
3496	5096.1304
28393	5095.876
13486	5127.204
-1040	5186.1963
-1109	5274.1313
3353	5386.4204
27253	5505.831
13039	5623.442
-954	5716.316
-771	5774.4976
4329	5792.773
28868	5764.853
13932	5703.0923
-1048	5612.0283
-1129	5510.3013
3304	5417.426
28314	5342.6226
13867	5302.132
-1029	5292.143
-1122	5312.2266
3141	5356.2656
28003	5406.5137
13794	5456.136
-1024	5486.682
-1148	5493.6953
2961	5477.9795
27366	5437.591
13504	5386.2627
-1035	5326.5474
-1121	5270.4067
2875	5227.4263
27213	5195.5737
13631	5180.257
-1039	5170.185
-1143	5161.125
2850	5148.408
27199	5121.1616
13741	5083.25
-1020	5029.14
-1147	4965.735
2689	4902.167
26738	4840.6035
13621	4793.797
-1012	4759.1953
-1168	4740.1484
2718	4736.8394
26752	4739.6416
13651	4749.678
-1021	4755.974
-1139	4758.595
2696	4760.4453
26539	4759.6357
13578	4767.7915
-1007	4784.349
-1162	4816.6553
2612	4869.543
26696	4936.603
13531	5019.4126
-943	5103.5234
-1017	5181.586
3247	5246.329
27143	5284.7954
13993	5298.8247
-1022	5281.9023
-1160	5240.204
2775	5183.205
27243	5114.4097
14072	5049.382
-1002	4989.52
-1106	4942.2744
2924	4912.344
27641	4893.924
14534	4891.238
-963	4894.9546
-1102	4904.112
3053	4918.9067
28021	4932.989
14784	4953.2944
-974	4974.698
-1104	4999.884
3022	5031.085
27856	5061.5137
14853	5095.275
-949	5123.265
-1105	5144.2866
2823	5158.5854
27412	5160.229
14953	5157.252
-945	5147.27
-1116	5136.4614
2910	5131.5454
27776	5130.1904
15166	5139.997
-935	5153.81
-1104	5169.235
2885	5182.805
27634	5182.967
15277	5171.395
-933	5140.5806
-1114	5093.7495
2651	5038.585
27033	4978.1455
15060	4929.035
-920	4895.7812
-1124	4887.7905
2416	4911.451
26416	4960.51
14985	5035.466
-914	5121.2373
-1136	5207.5327
2381	5284.839
26230	5337.753
14941	5365.7646
-919	5361.764
-1149	5330.1826
2341	5279.964
26180	5214.37
14974	5148.575
-906	5084.8896
-1131	5030.128
2391	4988.975
26218	4955.491
15093	4933.201
-922	4912.985
-1146	4893.1987
2395	4874.2856
26334	4850.5063
15179	4829.378
-918	4807.8867
-1131	4790.1514
2411	4780.705
26580	4774.811
15303	4777.8794
-904	4782.309
-1136	4786.2866
2339	4789.124
26291	4783.0083
15144	4773.2075
-901	4755.283
-1163	4732.9033
2224	4711.738
26263	4689.6885
15393	4675.5825
-894	4665.656
-1149	4660.788
2203	4661.579
26198	4659.8613
15568	4659.0874
-891	4652.5874
-1162	4641.264
2083	4629.125
25975	4614.031
15671	4606.4717
-854	4606.0923
-1154	4617.507
2012	4644.8975
25815	4682.035
15761	4731.744
-865	4784.2427
-1146	4834.379
1998	4878.991
25538	4908.3887
15649	4926.4893
-883	4929.6694
-1166	4922.6406
1998	4913.8145
25432	4904.5054
15644	4906.9844
-860	4921.1187
-1146	4950.1245
1943	4996.095
25391	5050.317
15846	5113.2183
-855	5173.6533
-1134	5225.938
2098	5267.318
25949	5288.95
16168	5295.9043
-832	5285.1274
-1149	5260.981
2113	5231.12
26387	5195.5737
16671	5165.753
-818	5141.6113
-1150	5126.892
2148	5125.687
26370	5132.243
16715	5151.0156
-814	5174.8994
-1141	5201.417
2148	5229.9395
26356	5251.7715
16781	5270.256
-814	5278.9146
-1157	5277.201
2102	5267.5176
26354	5244.7383
17005	5215.973
-783	5178.5786
-1149	5135.236
2006	5091.0327
25873	5042.798
16896	4998.5303
-762	4955.728
-1144	4916.4575
2116	4884.5107
26166	4854.9937
16981	4834.0083
-799	4817.4575
-1144	4805.4663
2191	4800.1167
26478	4795.174
17413	4795.6523
-776	4796.656
-1155	4797.963
2028	4801.855
26016	4802.425
17426	4805.4106
-766	4806.932
-1153	4808.0303
2100	4812.474
26202	4815.7837
17473	4824.8423
-762	4836.2256
-1166	4850.435
1800	4869.8257
25863	4887.6333
17403	4907.891
-752	4924.5664
-1151	4935.919
1849	4943.1733
25441	4940.061
17603	4932.4062
-717	4917.696
-1154	4898.32
1895	4879.9062
25588	4859.919
17661	4846.6343
-720	4838.1235
-1160	4835.3364
1783	4840.795
25455	4847.626
17901	4859.316
-702	4869.942
-1135	4877.4175
1876	4883.075
25301	4880.8623
17840	4876.624
-682	4867.911
-1170	4856.439
1879	4846.7964
25330	4835.0576
17731	4827.6836
-694	4821.3447
-1166	4815.6006
1801	4812.319
24912	4804.99
17270	4798.15
-727	4787.4766
-1176	4773.1387
1706	4758.651
24668	4739.939
17118	4723.931
-725	4708.5024
-1182	4695.1426
1730	4687.8257
24973	4681.7793
17434	4682.829
-694	4687.2896
-1179	4695.368
1722	4710.323
24671	4727.3306
17515	4752.458
-692	4782.501
-1194	4817.731
1513	4860.915
24036	4905.6934
17249	4955.36
-723	5003.3555
-1193	5046.6816
1448	5085.6274
23713	5112.788
17243	5132.1978
-684	5140.332
-1182	5138.885
1503	5133.953
23864	5123.935
17821	5117.555
-650	5114.2856
-1180	5115.6484
1578	5125.0063
24359	5135.6606
18117	5150.1245
-609	5161.497
-1159	5166.3354
1615	5165.5205
24583	5152.874
18411	5134.5405
-594	5109.8496
-1154	5082.5957
1646	5060.8115
24644	5043.7046
18664	5039.9185
-585	5048.0024
-1164	5067.261
1631	5098.6235
24818	5132.8345
18783	5170.4204
-566	5203.695
-1155	5228.372
1685	5245.3926
25033	5248.9478
19152	5245.626
-537	5235.3384
-1164	5221.0254
1708	5209.3447
25191	5197.5615
19220	5192.357
-545	5190.8433
-1164	5190.9985
1538	5193.737
24556	5191.0576
18961	5185.7715
-544	5173.671
-1168	5154.143
1388	5131.906
24028	5104.311
18606	5079.7017
-566	5058.535
-1172	5043.092
1267	5038.495
23656	5039.915
18603	5051.2124
-567	5067.16
-1190	5084.2114
1161	5102.6616
23426	5114.67
18653	5123.3745
-555	5125.415
-1164	5120.971
1180	5115.217
23503	5105.371
18853	5098.798
-512	5094.744
-1176	5093.7173
1084	5099.1895
23038	5104.8857
18816	5113.3447
-480	5119.0195
-1164	5118.2476
1087	5112.014
23028	5093.566
18899	5067.2153
-504	5031.2915
-1202	4987.266
933	4942.034
22698	4894.521
18743	4853.5176
-517	4820.137
-1184	4796.3315
1037	4787.279
22829	4788.1055
18921	4802.2095
-488	4824.605
-1182	4850.902
973	4880.6504
22987	4904.641
19233	4923.78
-446	4932.7583
-1191	4928.746
809	4914.665
22519	4886.06
18966	4849.247
-487	4804.5786
-1177	4754.45
919	4706.2314
22910	4658.6016
19176	4619.6704
-451	4589.8574
-1213	4570.2266
979	4565.536
23388	4570.6855
19376	4589.598
-439	4618.0815
-1191	4652.8193
970	4695.0522
23271	4737.064
19481	4781.2495
-422	4823.3315
-1212	4861.0454
903	4897.6914
23005	4928.225
19454	4957.747
-412	4984.5073
-1192	5008.0312
898	5032.587
23131	5053.1074
19878	5073.9683
-367	5092.4326
-1207	5106.875
917	5120.963
23410	5129.734
20258	5138.5474
-348	5146.673
-1209	5154.524
793	5167.831
22968	5183.0474
20120	5205.5884
-342	5233.321
-1184	5263.898
970	5299.052
23494	5330.639
20960	5359.752
-261	5381.1914
-1187	5390.944
777	5391.4062
23049	5377.0444
20795	5353.0337
-262	5319.41
-1192	5277.246
776	5233.363
23026	5185.2397
20921	5139.259
-229	5094.97
-1188	5051.6494
701	5013.5835
22824	4975.611
20986	4942.0474
-229	4911.3516
-1186	4882.5757
661	4860.586
22552	4841.177
20839	4829.183
-237	4823.1763
-1199	4821.0195
637	4825.662
22520	4830.3955
20912	4837.43
-243	4843.307
-1192	4844.946
574	4845.722
22259	4840.6514
20818	4834.544
-224	4826.9443
-1191	4817.273
519	4810.6245
21938	4802.3804
20689	4796.198
-207	4789.6294
-1182	4779.674
498	4769.3667
21933	4753.155
20944	4735.192
-186	4715.256
-1199	4693.755
526	4677.578
22019	4664.5825
20893	4661.0464
-196	4666.829
-1199	4680.116
519	4703.2803
21864	4728.39
20940	4755.4497
-184	4779.0
-1203	4793.6714
404	4800.941
21157	4795.026
20417	4780.516
-237	4758.3643
-1197	4730.59
374	4705.7495
21133	4683.545
20546	4671.632
-203	4671.4526
-1202	4682.5156
313	4708.6484
20739	4743.258
20429	4786.849
-172	4834.161
-1197	4878.882
303	4920.723
20798	4951.151
20672	4971.011
-147	4977.8823
-1185	4970.0303
315	4953.335
20955	4926.303
21214	4896.8574
-114	4869.144
-1191	4845.9253
303	4835.5386
20897	4835.8994
21147	4851.319
-101	4879.466
-1180	4914.9263
255	4957.2246
20706	4996.2085
21108	5030.2197
-92	5054.293
-1198	5064.2725
207	5064.886
20368	5054.1597
20938	5040.025
-81	5026.9175
-1186	5018.0044
124	5021.895
18901	5036.4385
20301	5064.398
71	5101.7886
-1194	5141.8096
205	5183.162
20488	5215.612
21354	5238.1963
-40	5247.619
-1201	5241.6924
178	5227.355
20074	5204.1626
20996	5180.393
-61	5159.6094
-1199	5143.05
123	5136.909
19826	5136.2573
20980	5142.153
-49	5150.284
-1206	5154.669
98	5156.675
19836	5149.9023
21119	5137.376
-38	5119.7095
-1208	5097.1733
176	5077.315
20323	5058.4004
21697	5045.728
20	5039.472
-1191	5036.453
176	5039.149
20430	5040.2363
21873	5040.235
63	5036.4976
-1184	5025.2627
114	5010.9272
20386	4989.8945
22283	4967.273
111	4945.115
-1189	4923.125
81	4907.6733
20239	4895.338
22407	4889.722
144	4890.6387
-1194	4894.8936
39	4906.1987
20031	4919.049
22325	4935.4253
133	4953.9746
-1184	4970.3984
304	4987.18
19899	4997.559
22107	5002.1626
252	4998.7104
-1199	4983.0474
-10	4959.277
19584	4923.894
22372	4882.187
187	4837.7607
-1198	4792.058
-52	4753.6797
19298	4721.367
22068	4699.6504
142	4688.2266
-1220	4682.2607
-46	4682.94
19444	4681.8438
22179	4678.3433
162	4670.224
-1202	4654.327
-52	4636.974
19432	4617.2373
22626	4602.508
224	4597.3877
-1211	4602.412
-72	4623.448
19433	4654.767
22754	4695.493
263	4740.155
-1202	4779.8213
-77	4813.572
19325	4833.1826
22686	4840.237
267	4836.327
-1173	4822.5317
-58	4808.758
19045	4795.847
22511	4790.3296
249	4793.568
-1192	4800.951
-57	4812.5483
19028	4817.5093
22378	4811.6504
279	4789.2705
-1187	4744.4624
-142	4682.827
18789	4605.039
22569	4522.2974
285	4445.419
-1201	4382.4385
-167	4347.552
18463	4342.315
22459	4370.3594
283	4427.823
-1195	4503.0776
-199	4589.3228
18454	4669.587
22573	4734.7363
301	4776.2036
-1202	4786.3105
-222	4770.457
18154	4729.315
22411	4673.624
302	4613.5947
-1193	4555.8965
-256	4513.7974
17928	4488.6143
22601	4484.771
358	4501.333
-1196	4531.101
-295	4573.649
17713	4619.0684
22408	4664.594
360	4706.855
-1206	4740.5576
-292	4770.4893
17612	4793.656
22420	4814.125
381	4834.116
-1189	4851.5903
-303	4872.1064
17509	4891.408
22486	4910.869
389	4929.7256
-1190	4943.3228
-248	4955.7314
17865	4962.3867
22829	4965.671
434	4966.701
-1184	4962.7837
-238	4959.709
18003	4954.0684
23144	4948.612
463	4944.363
-1207	4937.8325
-277	4933.858
17804	4928.171
23084	4922.7886
480	4918.2954
-1195	4910.812
-282	4904.955
17765	4896.146
23211	4885.942
514	4874.5156
-1198	4857.787
-297	4840.474
17578	4818.718
23066	4795.32
499	4772.296
-1204	4747.642
-349	4728.1655
17204	4711.6475
23038	4701.4536
515	4699.4395
-1200	4702.115
-322	4713.748
17623	4729.03
23734	4748.2666
643	4770.8584
-1199	4791.4224
-368	4813.4487
16596	4832.0645
23062	4848.3633
683	4863.1914
-1184	4872.7197
-371	4881.716
17049	4886.0996
23563	4887.4497
665	4886.8457
-1196	4880.338
-419	4872.8516
16763	4860.789
23343	4846.498
669	4832.1304
-1165	4814.818
-428	4800.7
16688	4786.8013
23407	4775.3867
685	4767.8613
-1196	4759.995
-451	4756.1016
16390	4751.4297
23168	4746.665
671	4742.2827
-1211	4733.8438
-466	4726.196
16282	4715.7764
23029	4704.6934
651	4694.92
-1202	4683.1343
-477	4674.7734
16234	4666.3174
23098	4659.203
658	4654.9717
-1199	4649.1035
-476	4645.8296
16035	4640.9365
23313	4635.46
731	4630.5127
-1187	4621.803
-481	4614.2964
15972	4604.311
23120	4593.456
670	4583.4976
-1214	4570.7676
-500	4560.6797
16219	4549.9395
23671	4540.3823
769	4533.978
-1206	4526.612
-579	4522.919
14815	4518.792
22340	4514.6196
678	4510.8955
-1192	4502.8193
-551	4495.144
15453	4484.73
23229	4474.137
813	4466.92
-1188	4461.34
-607	4465.014
15121	4476.384
23333	4497.577
839	4529.744
-1200	4566.683
-611	4610.193
15078	4652.487
23158	4690.301
806	4721.3135
-1203	4738.612
-594	4746.7256
15156	4743.4385
23468	4732.9946
864	4721.328
-1180	4708.421
-537	4703.207
15473	4704.181
23714	4712.5054
882	4727.8115
-1185	4741.704
-589	4754.6895
15248	4758.799
23654	4751.976
889	4735.2544
-1205	4705.914
-589	4673.1636
15087	4639.2617
23447	4611.468
873	4597.0283
-1213	4594.634
-593	4609.9595
14953	4636.9434
23442	4671.42
915	4708.561
-1196	4736.7812
-622	4755.4062
14601	4757.5776
23318	4743.821
921	4718.7397
-1199	4682.917
-642	4648.011
14525	4617.077
23533	4596.064
992	4589.7524
-1188	4593.402
-665	4609.6416
14391	4630.6104
23799	4651.774
1065	4670.3975
-1192	4678.2705
-696	4679.2524
14291	4670.6885
24138	4655.545
1154	4639.309
-1185	4620.3647
-670	4606.237
14556	4594.3623
24616	4584.643
1245	4577.7373
-1180	4566.5757
-675	4554.466
14471	4537.176
24667	4515.831
1297	4494.91
-1191	4472.662
-681	4457.436
14266	4448.399
24406	4447.128
1268	4455.3154
-1190	4465.578
-677	4479.371
14174	4489.359
24426	4492.709
1263	4490.4272
-1187	4478.246
-672	4464.203
13890	4449.538
24348	4439.651
1333	4441.3687
-1204	4452.03
-694	4476.1826
13951	4506.837
24379	4537.9634
1285	4564.351
-1188	4573.256
-669	4563.8477
13878	4530.1523
24154	4473.934
1281	4403.4233
-1189	4322.5107
-707	4247.1855
13743	4184.974
24324	4144.868
1323	4134.6836
-1186	4149.803
-676	4191.1
13946	4247.236
24663	4308.0513
1418	4365.6826
-1182	4405.8657
-701	4427.741
13709	4426.2856
24718	4404.0874
1451	4370.1914
-1209	4327.8457
-734	4291.1895
13408	4265.084
24421	4255.2275
1476	4266.7354
-1187	4293.341
-728	4336.088
13349	4385.693
24324	4435.313
1441	4481.233
-1184	4513.27
-749	4533.8774
13025	4539.6167
24296	4532.2393
1538	4517.858
-1194	4495.3433
-758	4473.921
12751	4453.908
24207	4437.345
1534	4427.8193
-1184	4419.5776
-771	4416.412
12849	4413.376
24503	4408.3906
1614	4402.836
-1183	4390.5747
-753	4376.7437
12646	4359.1533
24486	4338.9893
1682	4321.1323
-1198	4302.18
-762	4288.9946
12702	4279.849
24676	4275.137
1763	4277.7886
-1192	4281.6094
-755	4290.6147
12821	4300.324
24724	4308.968
1751	4318.7266
-1201	4323.609
-834	4328.9556
11856	4333.0024
24486	4336.862
1772	4345.701
-1177	4355.9126
-745	4374.196
12726	4398.2603
24834	4427.448
1792	4463.6226
-1181	4498.886
-810	4535.4727
12262	4567.4023
24917	4591.4385
1802	4609.0527
-1183	4613.8438
-844	4611.432
11759	4600.636
24634	4583.211
1831	4565.337
-1188	4544.1577
-815	4526.9424
12104	4512.224
24972	4499.8306
1848	4492.8887
-1201	4484.8994
-809	4479.804
12066	4473.7773
24968	4465.6553
1911	4459.0083
-1189	4448.8843
-714	4441.383
12411	4434.752
26110	4429.0796
2193	4428.6733
-1199	4427.5815
-807	4430.0005
12330	4431.6816
26216	4430.2217
2232	4428.2407
-1202	4419.395
-836	4408.9805
11684	4395.5083
25612	4380.219
2203	4369.646
-1186	4360.985
-870	4361.942
11263	4371.4946
25053	4388.867
2141	4416.759
-1189	4446.8843
-862	4480.3687
11144	4510.354
24864	4531.8237
2147	4545.4004
-1186	4543.689
-866	4531.843
11122	4509.189
25375	4478.032
2326	4446.7295
-1200	4413.9785
-856	4388.7017
11168	4370.887
25515	4360.176
2331	4359.5903
-1199	4360.714
-882	4364.9775
11091	4366.0444
25346	4359.7065
2328	4348.321
-1201	4326.204
-882	4300.487
10822	4272.2534
24825	4244.803
2199	4226.252
-1195	4214.001
-892	4214.732
10638	4225.4214
24649	4242.396
2249	4265.4736
-1170	4284.2163
-849	4299.644
10934	4306.6084
25479	4303.3286
2409	4295.6597
-1183	4281.498
-885	4270.801
10596	4266.0566
25394	4269.667
2463	4287.3037
-1181	4311.963
-911	4344.8755
10497	4377.7944
25342	4402.683
2469	4417.692
-1192	4412.8765
-904	4392.247
9842	4356.057
24586	4308.5967
2494	4261.889
-1194	4218.771
-924	4192.0806
9338	4184.986
24667	4197.5547
2593	4231.659
-1184	4275.442
-939	4325.68
9849	4371.0312
25153	4401.8013
2627	4416.7983
-1191	4407.891
-946	4382.1343
9741	4342.6377
24987	4295.3696
2633	4252.779
-1197	4215.853
-950	4194.7285
9702	4189.126
25029	4196.216
2702	4216.569
-1190	4238.8447
-933	4263.181
9457	4283.7466
24646	4297.4053
2614	4309.409
-1197	4316.773
-972	4329.2495
8439	4349.7656
24332	4380.118
2830	4426.1157
-1182	4480.478
-941	4544.5737
9550	4610.414
24858	4669.41
2679	4719.1963
-1186	4748.0474
-952	4757.8145
9362	4745.8457
24954	4712.402
2749	4665.9956
-1205	4605.723
-949	4542.42
9476	4479.211
25432	4418.375
2882	4367.206
-1201	4320.8403
-922	4284.597
9704	4255.937
25748	4232.364
2988	4218.0063
-1194	4206.244
-956	4202.0957
9279	4203.5947
25488	4208.8477
2998	4222.256
-1197	4236.968
-977	4257.3086
9218	4280.201
25428	4302.533
2983	4327.792
-1201	4348.4106
-985	4368.398
8993	4384.6646
25271	4393.9673
3040	4399.6924
-1192	4394.2236
-996	4381.5864
8716	4359.4595
25384	4326.1807
3186	4288.108
-1194	4241.834
-992	4196.376
8833	4154.4985
25363	4118.8477
3176	4098.3135
-1192	4089.2405
-977	4097.4336
8149	4119.933
25252	4151.28
3398	4191.937
-1179	4230.6772
-998	4267.9224
8729	4298.4546
25599	4318.3877
3303	4332.757
-1186	4336.605
-992	4337.174
8717	4334.827
25761	4328.65
3373	4323.801
-1201	4312.502
-998	4297.3813
8635	4274.039
25756	4238.212
3419	4194.579
-1203	4138.4
-1007	4078.7017
8695	4019.6326
25829	3965.7742
3444	3928.7483
-1179	3907.046
-992	3907.9707
8708	3928.8142
25810	3963.1582
3451	4009.8982
-1198	4054.8433
-1009	4095.765
8479	4125.587
25674	4139.45
3468	4143.095
-1191	4133.5186
-1019	4121.048
8238	4109.708
25518	4101.717
3463	4104.5225
-1189	4110.8013
-1002	4122.038
8354	4130.964
25551	4128.9824
3462	4116.223
-1195	4083.292
-1031	4035.8855
8149	3976.767
25777	3910.9045
3608	3852.835
-1197	3805.0898
-1052	3780.03
8085	3780.0344
25734	3802.3982
3621	3848.1543
-1207	3903.1326
-1034	3963.1553
8066	4017.672
25932	4057.1724
3723	4083.4792
-1192	4090.0337
-1019	4086.0388
7968	4076.6418
25827	4066.9465
3769	4069.2751
-1201	4081.3984
-1069	4109.988
7801	4151.5776
25556	4198.585
3782	4249.6553
-1199	4290.81
-1041	4321.158
7709	4335.696
25639	4331.1313
3904	4315.324
-1179	4286.0728
-1066	4254.004
7695	4223.243
25706	4195.3833
3967	4178.3037
-1185	4165.4233
-1061	4159.8477
7546	4157.2754
25914	4151.827
4013	4146.888
-1198	4134.676
-1043	4120.8286
7962	4105.987
26486	4090.1968
4188	4082.1074
-1205	4076.8025
-1059	4079.749
7799	4088.3665
26360	4097.201
4241	4108.5728
-1196	4112.205
-1023	4110.4414
7994	4100.891
26488	4081.7349
4232	4061.7246
-1187	4038.386
-1006	4021.3167
7965	4013.3772
26613	4014.6301
4325	4031.955
-1186	4057.3938
-1033	4092.467
7841	4131.1567
26683	4165.5176
4397	4196.9756
-1201	4215.5137
-1060	4224.7974
7706	4224.231
26459	4213.416
4333	4202.0386
-1175	4187.258
-1061	4177.611
7569	4174.335
26411	4175.5454
4379	4186.7544
-1192	4199.293
-1066	4215.434
7336	4231.103
26391	4240.698
4472	4248.65
-1209	4247.4556
-1074	4242.029
7281	4232.1685
26223	4216.191
4458	4201.9023
-1194	4183.73
-1062	4167.2393
7116	4151.799
25894	4134.58
4422	4121.7686
-1197	4106.6655
-1097	4094.4648
6975	4084.73
25851	4075.204
4488	4072.7537
-1197	4071.046
-1081	4074.8394
7092	4082.4136
25891	4089.5435
4435	4100.7744
-1178	4107.5337
-1099	4113.112
6971	4115.576
25881	4111.7817
4531	4108.7476
-1216	4101.336
-1097	4096.269
6893	4094.5435
25761	4094.5356
4544	4103.3564
-1201	4113.7017
-1106	4128.4907
7079	4144.1943
26192	4154.767
4636	4163.654
-1196	4161.986
-1076	4153.535
6921	4137.7607
26272	4113.321
4787	4089.4895
-1203	4062.9573
-1092	4041.8022
6839	4027.6992
26095	4018.8933
4801	4021.6252
-1182	4027.5166
-1087	4038.8008
6942	4051.4517
26451	4059.3662
4911	4066.81
-1205	4066.0366
-1102	4062.5098
6704	4057.341
26594	4050.1262
5101	4050.6038
-1183	4054.7852
-1097	4069.309
6559	4093.8027
26129	4123.854
5001	4163.2637
-1200	4201.575
-1113	4239.577
6523	4272.8164
26148	4295.3286
5083	4312.278
-1202	4317.1343
-1116	4316.305
6310	4311.777
26131	4303.366
5246	4300.637
-1195	4299.062
-1089	4304.497
6241	4316.211
26158	4329.596
5359	4349.079
-1202	4365.4077
-1097	4380.834
6333	4392.743
26398	4396.4844
5533	4398.506
-1176	4392.457
-1067	4383.9336
6383	4373.596
26679	4359.244
5701	4348.504
-1188	4335.146
-1075	4323.931
6403	4313.982
26796	4301.425
5795	4292.5684
-1187	4280.421
-1064	4269.6963
6305	4260.102
26616	4248.6055
5753	4242.3228
-1212	4234.678
-1087	4230.222
6086	4227.914
26311	4223.364
5779	4221.932
-1202	4215.5293
-1068	4207.586
6143	4196.69
26143	4179.0757
5725	4161.5103
-1196	4138.092
-1066	4114.8286
6036	4092.89
26349	4070.5056
5809	4055.8804
-1187	4043.3792
-1015	4038.1096
6198	4039.3472
26591	4042.6526
6005	4053.237
-1182	4062.429
-1089	4072.6682
5796	4081.4778
26121	4083.6477
5977	4084.7195
-1204	4077.731
-1033	4067.7793
5934	4055.723
26441	4039.8962
6079	4029.3372
-1187	4019.5635
-1047	4017.0771
5662	4022.775
25806	4033.4346
6029	4054.8684
-1179	4078.5503
-1046	4106.377
5584	4134.8896
25755	4157.3584
6083	4177.6357
-1200	4187.0903
-1016	4189.557
5488	4185.362
25678	4172.715
6133	4160.9194
-1189	4146.423
-1006	4136.8174
5471	4134.3164
25753	4136.7153
6244	4150.725
-1184	4168.4214
-1009	4191.77
5442	4217.3203
25749	4237.921
6358	4257.0034
-1179	4265.4814
-1022	4266.4087
5271	4259.519
25259	4242.326
6320	4223.3057
-1186	4198.3306
-1011	4174.3315
5208	4153.3877
25488	4133.4062
6490	4121.769
-1186	4111.747
-1022	4107.0474
5114	4106.4395
25231	4105.052
6455	4108.178
-1190	4108.1665
-1012	4108.992
4999	4110.512
25193	4109.2856
6521	4112.2285
-1176	4113.165
-1032	4117.0767
4939	4124.445
25294	4131.968
6664	4146.3247
-1166	4160.9077
-993	4180.022
4841	4203.31
25246	4226.401
6793	4254.7666
-1187	4280.49
-1029	4306.5527
4908	4331.4463
25719	4349.919
7096	4367.3613
-1187	4376.3574
-1036	4381.079
4806	4381.859
25614	4375.546
7206	4369.5474
-1186	4358.1675
-1072	4346.4204
5125	4334.5664
26768	4318.514
7450	4304.778
-1185	4286.296
-1059	4267.1333
4500	4247.6133
25283	4224.641
7396	4206.1294
-1181	4187.4365
-1071	4174.886
4442	4170.468
25408	4171.385
7468	4184.296
-1182	4201.6206
-1079	4225.325
4451	4252.411
25391	4275.3657
7563	4297.3125
-1170	4309.21
-1152	4313.756
4366	4311.049
25479	4298.404
7648	4284.7837
-1171	4266.7314
-1127	4251.221
4393	4240.635
25546	4232.1064
7743	4232.055
-1171	4232.805
-1156	4236.2676
4246	4239.956
25313	4237.3374
7729	4233.015
-1167	4219.6777
-1154	4201.568
4068	4180.09
24774	4153.2095
7579	4129.597
-1175	4105.171
-1166	4085.8333
4071	4072.9963
25061	4063.1157
7749	4062.3728
-1175	4063.5842
-1166	4069.7405
3884	4079.8645
24907	4088.636
7812	4101.3477
-1159	4110.576
-944	4119.4966
4203	4127.681
24998	4130.4634
8026	4133.688
-1186	4130.6514
-1180	4125.188
3643	4117.7773
24461	4104.814
7887	4093.3074
-1171	4077.8286
-1164	4063.52
3565	4051.857
24433	4039.6316
8176	4033.6982
-1156	4027.8462
-1177	4025.8308
3466	4027.5105
24023	4027.937
7894	4032.2449
-1167	4032.961
-1194	4032.9849
3361	4031.9932
23904	4025.4797
7875	4019.6287
-1180	4008.5464
-1180	3997.0352
3486	3986.8718
24241	3975.496
8112	3970.8418
-1162	3967.996
-1174	3971.7024
3525	3982.666
24471	3996.0579
8246	4016.774
-1156	4036.293
-1172	4055.8862
3418	4073.7368
23611	4084.1584
7859	4092.7737
-1133	4093.9805
-1188	4093.8276
3435	4096.2017
24091	4100.8276
8068	4117.5527
-1149	4142.31
-1170	4179.4272
3255	4227.7925
23704	4279.2666
8076	4334.129
-1159	4379.0767
-1171	4411.21
3180	4425.972
23744	4416.393
8197	4388.9185
-1148	4340.5513
-1181	4281.082
3024	4218.96
23281	4158.145
8069	4111.796
-1164	4078.4111
-1188	4063.5574
2751	4066.882
23065	4080.4736
8307	4104.8613
-1154	4127.9585
-1194	4148.2017
2923	4162.8804
23381	4166.6626
8428	4166.739
-1145	4159.7085
-1186	4152.9077
2916	4150.646
23501	4151.165
8626	4161.2803
-1121	4173.573
-1159	4188.8257
2961	4204.053
23620	4211.142
8658	4213.178
-1142	4202.364
-1185	4182.3496
2889	4155.8022
23613	4121.5835
8801	4089.5374
-1146	4057.0076
-1206	4030.2458
3519	4011.476
25038	3996.6438
8982	3991.681
-1115	3989.3364
-1179	3991.842
2838	3999.236
23461	4006.975
8948	4021.2944
-1137	4036.472
-1184	4055.7136
2745	4079.028
23234	4100.291
8764	4122.8047
-1146	4137.191
-1200	4143.4253
2664	4139.8813
23067	4121.249
8838	4094.4666
-1147	4056.41
-1171	4014.7947
2536	3975.8538
22600	3940.4446
8731	3918.3142
-1140	3905.2278
-1189	3903.6594
2480	3911.443
22511	3919.468
8744	3928.016
-1158	3926.1821
-1194	3913.6929
2288	3890.7578
22351	3855.1797
8956	3817.469
-1142	3778.218
-1196	3747.464
2338	3732.3623
22328	3732.674
9015	3755.2932
-1131	3792.3018
-1172	3841.652
2266	3897.3167
22319	3947.1606
9221	3989.7278
-1121	4013.8928
-1186	4019.8682
2224	4008.9944
22422	3980.0127
9448	3943.9185
-1142	3901.321
-1171	3861.3716
2285	3830.3398
22428	3807.262
9486	3799.1768
-1121	3799.5417
-1204	3808.6504
2023	3824.1213
21804	3837.8784
9319	3852.261
-1132	3859.1113
-1194	3860.1316
1998	3856.666
22048	3845.4192
9600	3833.797
-1136	3817.944
-1199	3802.1833
2087	3788.7798
22571	3773.6433
10005	3762.2534
-1105	3747.9673
-1184	3732.816
2069	3717.4414
22333	3697.2495
9831	3678.6484
-1106	3657.4963
-1199	3638.5942
2021	3625.976
22499	3617.9753
10158	3622.847
-1102	3636.5537
-1202	3661.825
1927	3698.585
22203	3739.3481
10052	3785.5315
-1109	3826.5537
-1185	3859.9832
1951	3883.183
22377	3889.4917
10203	3884.8914
-1112	3866.6685
-1199	3842.5415
1957	3820.7837
22578	3804.3591
10448	3805.8386
-1113	3824.527
-1192	3864.6338
1913	3925.7324
22353	3997.931
10437	4078.7036
-1097	4152.7207
-1198	4212.4688
1796	4251.046
21978	4258.6753
10353	4239.6133
-1082	4191.3423
-1181	4122.6567
1713	4044.0056
22043	3960.9412
10517	3888.5422
-1087	3828.748
-1193	3788.0017
1743	3768.2822
22086	3762.2654
10623	3770.3965
-1086	3780.8992
-1193	3789.685
1695	3793.2393
22033	3784.1423
10824	3767.5945
-1080	3740.3257
-1194	3707.9949
1606	3676.3455
21753	3644.7983
10731	3621.9026
-1074	3604.053
-1197	3593.3882
1471	3590.2869
21491	3588.3748
10847	3591.1946
-1079	3592.1743
-1190	3592.4758
1473	3593.683
21222	3591.9377
10637	3593.5522
-1071	3594.2866
-1182	3596.5457
1439	3601.8154
21124	3605.1965
10736	3611.535
-1078	3615.5103
-1199	3619.1748
1423	3624.79
21104	3629.1611
10863	3639.1252
-1068	3650.9358
-1192	3667.0151
1414	3688.2727
21107	3708.2742
11132	3729.1921
-1051	3742.3137
-1193	3745.8816
1366	3738.836
21186	3715.6978
11124	3683.0242
-1052	3639.6658
-1206	3593.0103
1332	3551.2598
21081	3516.664
10994	3500.149
-1065	3500.2842
-1196	3519.6555
1302	3557.6345
20764	3605.0315
10963	3660.712
-1055	3712.9927
-1209	3757.542
1254	3791.6384
20784	3808.9133
11103	3815.3435
-1043	3809.129
-1203	3796.4802
1261	3783.951
20762	3771.4172
11101	3767.0684
-1054	3767.314
-1192	3773.029
1149	3783.5684
20603	3791.3906
11299	3798.7751
-1027	3799.1418
-1189	3793.4543
1131	3784.5234
20321	3770.5159
11065	3760.11
-1037	3752.3567
-1199	3751.942
1008	3762.3994
19998	3779.444
11104	3806.4587
-1024	3835.6738
-1200	3864.619
978	3890.9531
19976	3906.78
11288	3914.8323
-1011	3909.847
-1186	3894.3594
1015	3872.5823
20011	3843.4902
11372	3815.7998
-1014	3788.4036
-1181	3765.516
899	3750.7363
19662	3740.4446
11294	3739.1997
-1022	3741.1675
-1202	3746.842
1011	3756.7969
20205	3765.5151
11856	3777.21
-995	3787.0984
-1207	3796.3574
1083	3806.751
20744	3813.5671
12249	3821.5715
-962	3826.0525
-1181	3827.8154
1218	3828.1821
21038	3822.3027
12393	3815.333
-973	3803.5212
-1194	3788.8975
1178	3774.3347
21068	3756.335
12560	3741.0212
-974	3725.155
-1182	3710.3333
1124	3698.4604
20997	3684.7312
12701	3673.8625
-948	3661.6057
-1188	3648.9731
1043	3637.9849
20088	3624.6865
12263	3614.712
-920	3604.9531
-1185	3597.318
1010	3594.3782
20539	3591.9773
12761	3595.0815
-942	3599.6199
-1171	3606.1228
972	3615.97
20092	3624.1973
12584	3635.2756
-960	3645.195
-1186	3654.8486
906	3666.2512
20131	3674.899
12754	3685.4387
-949	3693.6643
-1206	3699.7869
914	3705.0518
19951	3704.2036
12778	3701.381
-963	3692.6
-1206	3678.9995
789	3663.5435
19884	3643.1655
13087	3624.3445
-920	3605.5078
-1201	3589.1768
958	3578.753
20158	3570.5298
13239	3569.3708
-912	3571.1777
-1189	3575.5515
971	3583.2202
20173	3588.3428
13299	3594.5889
-914	3597.6653
-1186	3598.084
949	3598.3481
19959	3594.651
13141	3592.4402
-919	3588.6838
-1191	3584.2817
966	3581.1448
20068	3574.1516
13237	3567.105
-900	3555.4011
-1186	3538.8955
1045	3519.5957
20199	3493.6133
13336	3467.159
-912	3438.9146
-1205	3412.1702
959	3391.9788
20077	3376.4011
13424	3371.9001
-886	3375.4968
-1190	3386.9038
929	3406.182
19944	3425.6262
13456	3446.1108
-881	3460.3171
-1200	3465.7358
859	3463.0366
19586	3447.97
13378	3427.202
-899	3401.0784
-1212	3375.1208
721	3357.2148
19099	3348.212
13297	3356.4973
-889	3380.7097
-1201	3420.9507
777	3476.9246
19301	3539.771
13562	3608.3416
-856	3673.4402
-1183	3730.2896
781	3777.6938
19226	3809.9001
13665	3832.1663
-843	3843.9854
-1193	3849.7234
718	3856.1985
18383	3863.082
12778	3877.1814
-892	3895.5154
-1186	3916.829
866	3940.2598
19634	3957.1523
14129	3967.705
-816	3965.5098
-1182	3949.1296
806	3921.5554
19439	3881.1907
14076	3837.0757
-814	3791.8174
-1197	3751.0906
808	3721.9517
19576	3702.8262
14288	3698.7627
-809	3705.3096
-1197	3719.115
731	3738.1172
19341	3753.3267
14285	3765.241
-781	3768.6445
-1191	3762.9194
724	3751.6284
19149	3732.9253
14114	3714.3533
-802	3696.2925
-1192	3681.2463
619	3673.0935
19101	3667.605
14377	3668.057
-782	3670.087
-1191	3671.7422
637	3674.1797
19091	3672.493
14455	3671.4214
-772	3669.6736
-1197	3669.1582
520	3674.6152
18738	3683.4858
14533	3700.7766
-759	3723.5635
-1194	3750.2456
431	3780.8953
18364	3808.165
14588	3832.8608
-733	3849.8057
-1194	3857.0554
618	3856.5815
18539	3844.9514
14578	3828.2024
-745	3806.7393
-1188	3783.731
364	3765.1738
18214	3749.78
14602	3743.5925
-737	3745.165
-1198	3754.095
344	3771.6794
17986	3791.4797
14524	3814.5798
-733	3835.567
-1207	3851.4253
311	3862.8286
18109	3864.617
14781	3860.9792
-709	3851.1472
-1194	3837.2605
337	3824.8887
18031	3812.7021
14701	3806.751
-711	3805.7505
-1188	3808.652
300	3815.8604
17862	3819.7217
14689	3820.0105
-718	3810.8013
-1202	3789.0684
193	3756.9705
17645	3712.2793
14845	3663.0945
-683	3613.5986
-1205	3570.468
263	3543.1365
17884	3532.3486
14900	3543.8977
-707	3574.1628
-1203	3617.3467
196	3668.0276
17620	3712.3972
14844	3744.7163
-681	3755.4312
-1204	3740.0383
118	3701.968
17246	3642.371
14596	3574.0312
-686	3506.1367
-1193	3449.947
134	3418.5527
17025	3414.618
14431	3443.7964
-697	3500.7422
-1187	3577.5408
39	3666.8386
16908	3753.2014
14879	3829.6692
-667	3886.2666
-1194	3918.4644
96	3929.658
17114	3919.9985
15102	3899.8867
-609	3875.1226
-1186	3852.3096
68	3839.796
17239	3835.8972
15508	3843.2913
-577	3856.8389
-1202	3870.7314
1	3882.6047
16833	3884.1587
15341	3876.496
-589	3857.9668
-1206	3830.419
-52	3801.5127
16598	3772.6904
15256	3752.3733
-603	3742.524
-1199	3743.821
-86	3758.508
16238	3779.647
15108	3805.8875
-604	3830.215
-1217	3846.851
-151	3855.379
15141	3850.546
14400	3835.855
-481	3811.8584
-1191	3781.4763
-84	3752.2688
16549	3724.5728
15636	3705.066
-543	3694.2568
-1194	3691.4446
-100	3698.7317
16497	3709.871
15718	3724.985
-524	3739.2651
-1196	3748.6619
-92	3754.2007
16562	3750.7395
15829	3741.32
-501	3725.298
-1179	3703.1958
-89	3680.4817
16597	3655.6453
16086	3634.1814
-475	3616.756
-1184	3603.7283
-123	3599.1687
16453	3599.2878
16298	3606.5317
-482	3618.3997
-1186	3632.0515
-204	3648.835
16294	3662.9165
16247	3675.5105
-489	3683.9092
-1187	3686.0574
-52	3684.9307
17211	3676.7883
16619	3665.69
-434	3651.6335
-1209	3634.9219
-66	3620.4604
17218	3605.7725
16764	3595.4292
-416	3589.3484
-1185	3586.909
-97	3591.633
16804	3599.2185
16544	3611.8853
-429	3627.1353
-1201	3641.7947
425	3656.903
17676	3666.27
16899	3671.161
-288	3669.1108
-1189	3657.95
-137	3641.0793
16790	3615.572
16913	3586.2756
-405	3554.7183
-1208	3521.9966
-167	3493.8035
16380	3468.0244
16578	3448.522
-396	3434.4048
-1204	3423.4246
-182	3417.736
16484	3412.1975
16966	3408.7654
-369	3406.6968
-1188	3405.262
-159	3409.0981
16588	3416.1755
17146	3431.1682
-352	3454.361
-1204	3484.0586
-178	3522.1165
16743	3561.4817
17483	3600.7673
-298	3634.599
-1184	3657.0054
-199	3668.3577
16438	3663.6042
17237	3646.6357
-334	3619.9155
-1192	3586.5476
-240	3555.4644
16006	3527.7996
16953	3509.643
-343	3501.2512
-1214	3499.1907
-295	3502.789
15651	3502.4622
16784	3494.5452
-339	3472.9631
-1207	3432.9675
-353	3378.2246
15403	3308.8164
16793	3234.408
-324	3163.66
-1192	3104.8901
-251	3070.7402
15554	3063.9624
17081	3089.6553
-297	3145.2668
-1199	3222.6584
-331	3315.7197
15694	3409.2095
17547	3494.2275
-248	3561.0095
-1185	3601.6162
-347	3618.047
15664	3609.3835
17723	3584.6597
-203	3552.6614
-1189	3520.8848
-377	3501.3105
15536	3495.8813
17835	3508.864
-195	3538.1343
-1202	3576.227
-399	3619.0925
15386	3654.7354
17687	3678.3145
-207	3685.0598
-1216	3671.7546
-424	3644.7256
15291	3606.3845
17649	3567.4204
-204	3536.8186
-1204	3520.4424
-435	3527.3262
15266	3555.5806
17768	3605.2612
-149	3670.3684
-1180	3740.0847
-416	3808.322
15204	3862.3196
17724	3897.5608
-147	3910.724
-1196	3900.436
-444	3875.066
15059	3838.7432
17578	3803.0708
-198	3777.1895
-1193	3766.1035
-389	3777.412
15270	3807.3945
17861	3854.2627
-164	3910.7827
-1173	3965.2705
-461	4011.7805
14620	4038.5576
17319	4042.4211
-206	4021.6802
-1186	3976.316
-485	3915.7415
14563	3844.4868
17459	3773.6855
-156	3711.8074
-1194	3663.0137
-549	3634.6868
14383	3623.8958
17733	3630.4055
-126	3650.1626
-1202	3675.5142
-533	3704.8855
14593	3730.6287
17946	3752.3313
-102	3769.821
-1190	3781.79
-535	3793.862
13831	3804.879
17804	3818.3184
11	3835.171
-1171	3852.1235
-544	3870.793
14446	3884.742
18186	3892.7834
-57	3892.7793
-1209	3880.603
-606	3859.8318
14039	3828.309
18018	3790.356
-37	3749.622
-1192	3706.7612
-637	3668.4358
13811	3633.19
17887	3603.6235
-53	3580.0474
-1186	3558.7727
-668	3542.2646
13588	3525.9841
17814	3510.967
-39	3497.9167
-1213	3484.9949
-679	3477.435
13246	3473.6597
17381	3476.8232
-75	3488.4136
-1206	3505.7236
-641	3531.5237
13438	3560.6814
17669	3592.3337
-24	3624.8076
-1188	3652.9678
-617	3678.5437
13728	3697.2625
18232	3710.7793
13	3720.6663
-1211	3725.379
-540	3730.2297
14234	3733.0518
18670	3736.3516
77	3741.1306
-1190	3743.9177
-607	3747.5117
14081	3747.1943
18964	3743.384
113	3736.3357
-1183	3723.0298
-562	3708.106
14027	3689.6802
19000	3671.3865
166	3656.495
-1184	3644.0378
-641	3639.4343
13596	3639.9656
18738	3646.6816
120	3659.1565
-1206	3672.0098
-659	3686.5674
13537	3696.8806
18988	3702.2446
197	3702.571
-1200	3694.6313
-681	3683.525
13482	3668.0808
19166	3652.477
229	3640.581
-1204	3631.8027
-708	3631.7305
13206	3637.3591
19027	3648.7927
243	3664.396
-1197	3677.5486
-716	3688.423
13026	3690.2063
18684	3681.5776
181	3662.3433
-1193	3630.0618
-702	3591.267
13031	3546.8738
18738	3503.1196
228	3466.0496
-1189	3437.2417
-700	3423.9539
12900	3424.3125
18794	3438.6697
222	3465.121
-1208	3495.9338
-712	3529.8914
12872	3558.589
18857	3578.8945
220	3589.2534
-1201	3585.768
-699	3573.8958
12925	3553.7234
18961	3530.8792
249	3511.3186
-1202	3495.9663
-732	3491.9143
12614	3497.248
18782	3512.312
278	3535.6116
-1187	3559.8599
-749	3584.697
12480	3602.7866
18824	3611.9563
259	3611.5984
-1181	3598.3054
-767	3578.0288
12304	3550.7478
18967	3521.1196
304	3493.9783
-1207	3468.7136
-771	3451.039
12513	3437.9326
19335	3428.9846
342	3423.2612
-1202	3414.4153
-790	3403.8665
12318	3386.7136
19339	3363.2417
415	3335.9417
-1187	3303.6765
-801	3273.923
12343	3247.5835
19546	3229.295
428	3223.8474
-1206	3229.5388
-849	3250.7747
11854	3283.4407
19277	3325.7585
448	3376.0437
-1211	3427.0356
-806	3479.368
12071	3527.2688
19394	3569.6895
479	3607.5454
-1197	3637.3691
-818	3664.3425
11952	3686.8315
19430	3706.8586
466	3727.0369
-1205	3743.8948
-803	3761.2927
12060	3775.2766
19367	3785.2385
446	3791.4292
-1205	3788.7632
-796	3780.8264
12118	3764.7642
19769	3742.2559
501	3717.0068
-1187	3687.6333
-786	3661.1917
12126	3637.5156
20019	3619.6138
591	3611.084
-1197	3608.698
-786	3616.2117
12357	3629.0889
20275	3645.615
614	3664.9392
-1183	3680.1118
-791	3692.6013
12066	3697.348
20033	3693.7346
601	3683.6108
-1189	3663.9346
-824	3640.661
11840	3613.2217
20116	3584.6804
606	3559.5825
-1203	3536.0322
-830	3519.5562
11669	3507.8184
20116	3500.9983
684	3500.236
-1187	3500.2417
-834	3503.74
11405	3506.4836
19569	3507.786
598	3509.06
-1204	3506.325
-864	3504.121
11258	3500.4656
19884	3496.6775
693	3495.9697
-1202	3495.2034
-865	3498.9187
11106	3504.2776
19775	3510.925
696	3520.001
-1182	3526.024
-915	3531.6794
10715	3532.9343
19648	3528.9792
737	3521.5713
-1178	3506.9119
-902	3490.2183
10689	3470.4094
19556	3449.5515
694	3432.1067
-1176	3415.7441
-908	3406.0525
10388	3401.2476
19184	3401.5552
684	3408.4768
-1193	3416.7117
-908	3429.156
10203	3441.9248
18878	3454.102
671	3467.2268
-1203	3477.03
-922	3488.074
10273	3498.385
19225	3508.5923
713	3521.2747
-1203	3532.0
-931	3544.2117
10218	3554.1326
19344	3560.288
741	3563.6777
-1185	3559.0537
-887	3550.3037
10297	3535.5066
19546	3516.1301
782	3496.919
-1196	3476.24
-907	3460.6487
10057	3449.6135
19148	3444.1956
729	3446.8372
-1167	3452.31
-907	3462.9746
9765	3474.2202
19034	3483.8474
761	3492.5698
-1187	3495.2256
-959	3496.1653
9689	3493.934
18828	3490.0583
653	3488.5237
-1197	3486.6086
-950	3489.8398
9568	3496.3813
19233	3505.9707
839	3520.4084
-1193	3534.4348
-937	3551.7441
9633	3569.591
19482	3587.7744
890	3609.1309
-1207	3629.6392
-960	3653.9773
9816	3679.525
19949	3705.0696
984	3731.6394
-1189	3752.4578
-954	3769.4285
9772	3778.0361
20196	3776.6147
1049	3767.918
-1201	3748.6487
-945	3725.8018
9833	3700.5222
20299	3676.2341
1111	3659.1309
-1199	3646.7063
-960	3643.9268
9616	3647.259
20208	3653.5134
1121	3661.8804
-1183	3663.7224
-929	3660.1135
9773	3646.8176
20698	3623.3008
1225	3594.5623
-1201	3559.469
-944	3526.7227
9609	3498.4292
20510	3477.6106
1207	3469.2551
-1199	3468.657
-920	3478.0618
9871	3491.5325
20761	3504.204
1216	3515.038
-1185	3516.0994
-942	3510.1018
9438	3495.0652
20330	3472.4824
1207	3448.6934
-1184	3422.747
-924	3402.3262
9548	3387.3975
20679	3378.051
1271	3376.4526
-1189	3375.4558
-942	3376.1333
9474	3372.8398
20873	3362.1602
1328	3345.9163
-1196	3319.441
-954	3288.645
9329	3254.1416
20929	3218.681
1387	3189.147
-1205	3163.6692
-947	3148.3782
9183	3141.6482
20799	3142.0728
1407	3151.5312
-1197	3163.1543
-987	3179.2034
9041	3195.8013
20594	3211.0312
1403	3227.6738
-1185	3240.761
-978	3254.8682
8688	3268.0688
20275	3279.4175
1318	3291.747
-1206	3299.261
-1003	3305.263
8606	3306.6423
20018	3301.8032
1312	3293.6423
-1190	3277.3699
-1011	3258.1558
7674	3235.349
19971	3209.2146
1546	3184.5808
-1197	3157.7878
-991	3134.1555
8375	3112.4517
19811	3092.338
1343	3077.4812
-1207	3063.2683
-990	3054.433
8404	3049.4346
20046	3047.7683
1417	3053.1062
-1192	3060.4902
-1016	3074.0266
8071	3091.2192
19598	3110.2983
1368	3133.4868
-1199	3154.8774
-1009	3178.0803
8181	3200.7625
19842	3221.9778
1428	3245.3496
-1197	3266.275
-999	3289.5884
8274	3313.4702
20034	3336.6733
1482	3361.8154
-1182	3382.5957
-1008	3402.1477
8124	3417.358
20034	3426.4216
1490	3432.495
-1207	3430.978
-994	3427.6404
8232	3422.3618
20125	3416.1401
1499	3414.2466
-1186	3412.8762
-998	3417.1692
8034	3425.18
20201	3435.081
1586	3449.2505
-1194	3461.188
-1007	3474.2732
8237	3485.9236
20446	3494.864
1619	3505.017
-1196	3511.6116
-1032	3519.5793
6740	3527.5745
20124	3533.747
1854	3540.9587
-1182	3542.9731
-992	3542.8264
8586	3537.5571
21954	3525.4734
2013	3511.331
-1199	3491.3975
-1054	3472.4348
7334	3455.6255
20021	3442.4143
1743	3438.7043
-1208	3440.4294
-1054	3451.7722
7259	3469.6116
19965	3490.0552
1731	3513.8545
-1195	3532.6875
-1034	3548.388
7274	3557.8691
20137	3559.5046
1801	3558.119
-1196	3550.2664
-1034	3542.3726
7388	3534.691
20306	3527.0645
1814	3523.8235
-1207	3519.1895
-1051	3516.0454
7133	3511.1267
19979	3501.464
1748	3490.0608
-1185	3471.6846
-1074	3451.2258
6713	3428.5554
19381	3403.8635
1695	3382.3962
-1197	3359.8223
-1056	3340.354
6987	3321.5754
19529	3300.6677
1646	3279.947
-1204	3253.008
-1052	3223.8105
6848	3191.7007
19623	3157.2612
1759	3127.3408
-1204	3099.996
-1098	3082.5344
6741	3075.547
19551	3078.1963
1751	3093.4248
-1209	3113.5686
-1088	3139.2527
6654	3164.9502
19606	3185.3015
1807	3201.4058
-1184	3206.4092
-1064	3204.237
6585	3194.4744
19529	3177.5303
1798	3159.845
-1202	3138.7073
-1093	3120.4038
6310	3105.1704
19211	3092.5928
1787	3087.5205
-1197	3085.3003
-1095	3090.6143
6226	3102.4216
19289	3119.033
1842	3143.8416
-1193	3170.0085
-1087	3199.3152
6428	3227.1394
19421	3248.2832
1831	3263.4734
-1181	3264.9917
-1076	3256.6428
6564	3238.7246
20089	3213.4385
2052	3190.6462
-1189	3171.1355
-1067	3164.9478
6750	3174.4395
20286	3198.6328
2066	3238.948
-1203	3283.576
-1086	3328.2017
6594	3362.0474
20415	3375.1401
2169	3366.8608
-1191	3331.2354
-1059	3277.3286
6694	3213.2576
20316	3150.0183
2109	3105.6343
-1199	3086.3435
-1081	3104.2117
6702	3159.4995
20366	3245.278
2127	3354.564
-1211	3465.8516
-1065	3565.8975
6673	3637.1252
20746	3665.7358
2235	3650.6426
-1191	3587.99
-1074	3491.0144
6703	3372.5251
20787	3247.5845
2297	3137.4797
-1172	3050.2793
-1085	2998.8745
6684	2984.3276
20891	3001.1655
2318	3045.6423
-1188	3100.9238
-1090	3159.7864
6504	3210.9626
20777	3245.7075
2322	3265.66
-1203	3265.7004
-1082	3253.6035
6391	3232.8826
20713	3206.2905
2338	3182.0305
-1204	3156.0476
-1104	3132.6782
6061	3109.454
19962	3082.7341
2231	3055.8044
-1191	3022.9272
-1098	2990.029
6118	2958.8936
20388	2931.2017
2386	2915.104
-1201	2907.3113
-1091	2912.7344
6224	2928.6892
20229	2949.7803
2327	2975.94
-1189	2996.407
-1074	3011.1035
6321	3016.1145
20348	3008.9668
2325	2996.042
-1197	2975.1702
-1099	2954.9749
6431	2938.5854
20803	2927.2346
2464	2927.652
-1179	2933.5503
-1074	2946.6707
6508	2962.1072
20946	2973.5928
2417	2982.2131
-1189	2979.6326
-1103	2968.9604
6258	2949.7507
20657	2922.2075
2408	2894.4473
-1187	2864.303
-1088	2839.07
6231	2819.7842
20489	2805.416
2375	2800.7126
-1201	2799.0574
-1106	2803.0981
5974	2810.3643
20309	2817.8699
2416	2830.222
-1194	2842.229
-1121	2858.9082
6025	2880.154
20623	2904.5386
2535	2937.0374
-1189	2971.229
-1091	3009.6438
6034	3048.9321
20812	3084.3389
2625	3118.4133
-1201	3143.5544
-1113	3162.8064
6001	3174.999
20530	3178.8545
2567	3180.8413
-1189	3177.243
-1105	3174.1587
5849	3172.1226
20404	3169.908
2574	3172.657
-1195	3174.1768
-1124	3177.6804
5789	3181.0835
20420	3181.3276
2589	3182.9023
-1192	3180.28
-1114	3178.528
5720	3178.0403
20428	3178.0474
2651	3185.326
-1212	3194.7927
-1124	3210.551
5728	3230.8242
20531	3251.727
2740	3275.8928
-1202	3294.6697
-1122	3310.1516
5799	3319.7712
20807	3320.516
2799	3318.079
-1198	3308.1687
-1102	3297.071
5845	3286.3472
20842	3275.9128
2829	3272.4858
-1194	3270.55
-1132	3273.074
5893	3276.8044
20980	3276.3447
2853	3273.7705
-1191	3260.518
-1121	3239.0188
5712	3208.3352
20768	3167.8503
2829	3126.1345
-1206	3081.748
-1129	3043.528
5766	3014.8252
21148	2996.2183
2894	2994.3198
-1197	3002.4539
-1139	3021.8523
5548	3047.404
20021	3071.9663
2639	3096.0776
-1183	3110.4956
-1109	3117.2937
5671	3115.752
21092	3105.5652
2993	3095.766
-1192	3085.069
-1113	3081.6184
5724	3087.6511
21231	3102.187
3019	3130.217
-1196	3163.6074
-1115	3202.3562
5588	3240.866
21151	3271.9453
3022	3297.2695
-1206	3308.783
-1131	3309.8281
5534	3300.7131
20823	3281.5278
2908	3261.0354
-1191	3236.851
-1136	3215.632
5346	3198.1943
21004	3182.279
3041	3172.5232
-1202	3161.5103
-1132	3151.1426
5319	3138.9678
20610	3121.6594
2971	3105.013
-1194	3084.871
-1132	3067.4607
5053	3054.8552
20398	3047.1096
3031	3051.4656
-1198	3062.7886
-1154	3083.9138
4974	3111.7126
20167	3140.1907
2882	3170.7021
-1199	3193.7375
-1139	3210.115
4992	3217.3403
20370	3212.583
3015	3202.436
-1208	3183.3577
-1135	3162.1873
4989	3141.1965
20116	3120.3438
2875	3106.4958
-1207	3094.286
-1147	3087.2415
4863	3083.5544
19973	3079.2585
2964	3078.304
-1191	3073.8716
-1137	3069.6484
5036	3065.319
20399	3059.1467
3024	3057.5063
-1203	3055.38
-1144	3057.1968
5038	3062.2322
20785	3067.2988
3193	3077.0054
-1179	3084.5566
-1129	3093.2192
5285	3102.0286
21328	3108.5798
3298	3119.2834
-1222	3129.0605
-1133	3142.7024
5383	3159.7808
21663	3177.096
3442	3199.0618
-1192	3217.6648
-1122	3234.5159
5319	3246.6855
21494	3249.8835
3384	3249.3403
-1217	3239.8594
-1137	3227.552
5301	3214.7341
21424	3201.9695
3384	3197.8198
-1206	3197.9055
-1131	3206.2046
5379	3220.1858
21701	3233.621
3484	3247.8884
-1184	3252.3699
-1127	3247.316
5225	3230.128
21577	3198.375
3549	3160.7695
-1183	3116.5159
-1119	3075.8286
5123	3044.74
21228	3026.212
3478	3029.7078
-1186	3050.2302
-1141	3089.56
4881	3142.364
20978	3199.1445
3473	3258.0054
-1197	3305.9946
-1139	3341.3801
4764	3360.4187
20544	3359.8994
3417	3347.3777
-1175	3321.0305
-1131	3289.8125
4925	3258.3103
21103	3228.0942
3577	3207.6936
-1182	3192.2769
-1134	3185.2139
5091	3184.0938
21849	3183.5083
3850	3186.708
-1183	3185.6267
-1146	3182.9258
5056	3177.556
21603	3166.9016
3742	3157.3896
-1196	3143.7126
-1121	3130.1235
5037	3115.9897
21508	3098.0198
3776	3081.3596
-1193	3059.6462
-1142	3036.6843
4764	3012.5576
21061	2985.7295
3664	2963.8052
-1187	2943.0415
-1132	2929.159
4892	2922.862
21104	2921.5698
3507	2930.0977
-1202	2940.3286
-1136	2953.1821
4911	2964.8442
21462	2969.3806
3834	2970.4192
-1199	2961.0078
-1144	2945.4614
4766	2925.166
21348	2900.091
3836	2879.4656
-1192	2860.7646
-1148	2850.5107
4768	2849.89
21274	2856.3386
3871	2874.7585
-1195	2897.3696
-1134	2925.4014
4538	2955.8418
21007	2983.5254
3882	3012.7307
-1212	3037.0786
-1156	3060.6992
4279	3084.3374
20168	3106.6199
3456	3134.5571
-1197	3163.1519
-1176	3196.342
4209	3233.05
20455	3268.7002
3796	3306.6064
-1193	3338.204
-1152	3364.5852
4186	3383.3145
20621	3390.1262
3955	3390.4915
-1172	3379.4905
-1141	3362.951
4295	3343.44
20755	3321.2795
3979	3305.3975
-1198	3292.5962
-1160	3288.417
4329	3293.145
20800	3303.142
4014	3322.24
-1182	3341.778
-1149	3362.3494
4553	3380.4563
21515	3390.3967
4136	3396.3684
-1189	3391.8342
-1146	3381.0552
4342	3365.187
20919	3343.2852
4036	3323.2866
-1197	3300.9785
-1166	3281.2458
4189	3263.9683
20834	3245.3262
4101	3229.549
-1177	3209.2285
-1143	3186.5037
4251	3160.3557
20843	3128.2397
4121	3097.732
-1200	3065.8477
-1159	3040.1306
4148	3024.3235
20954	3018.791
4213	3031.5474
-1196	3057.0872
-1136	3097.6843
4313	3149.747
21516	3205.3281
4031	3264.9897
-1204	3317.2344
-1163	3361.3372
4124	3394.1392
20699	3411.4902
4159	3419.869
-1199	3415.5898
-1170	3405.457
3855	3392.5442
20185	3376.541
4137	3364.804
-1172	3351.7751
-1136	3340.3901
3852	3328.962
20378	3312.6345
4243	3295.7168
-1201	3271.9495
-1151	3245.7134
3715	3218.8928
19995	3191.352
4203	3172.0264
-1171	3158.1191
-1141	3155.211
3791	3163.7808
20334	3179.6687
4343	3206.0168
-1190	3233.4119
-1159	3261.2366
3655	3285.4998
20153	3300.1711
4344	3309.484
-1186	3307.8528
-1149	3300.475
3651	3289.974
19969	3276.37
4370	3268.0046
-1172	3260.9856
-1157	3259.1338
3469	3261.0903
19808	3261.066
4316	3261.0715
-1199	3251.6863
-1154	3233.1472
3433	3203.4932
19761	3159.5554
4348	3108.843
-1199	3049.4866
-1157	2990.2612
3948	2936.905
21069	2891.857
4103	2865.7483
-1177	2855.229
-1131	2864.2769
3589	2890.7932
20330	2927.3923
4634	2974.0251
-1192	3018.4124
-1129	3058.1772
3621	3088.6199
20317	3103.946
4651	3109.6255
-1174	3101.9111
-1142	3088.6902
3625	3075.3904
20559	3064.406
4734	3066.22
-1181	3077.8716
-1144	3103.6252
3538	3141.6177
20316	3184.5237
4698	3232.367
-1176	3273.0574
-1124	3304.6028
3494	3322.9873
20236	3323.2205
4728	3311.6313
-1185	3285.26
-1130	3252.3958
3518	3218.4685
20349	3185.3267
4886	3162.4895
-1173	3146.059
-1141	3139.5881
3466	3141.3413
20606	3145.0393
4981	3153.1477
-1210	3157.1292
-1129	3159.0115
3462	3158.9731
20690	3155.2852
5088	3156.3757
-1202	3159.3713
-1146	3169.9448
3335	3189.0425
20442	3212.296
5063	3242.5015
-1191	3269.6118
-1136	3291.8503
3209	3304.511
19966	3300.821
4941	3284.9204
-1209	3252.0132
-1169	3208.7715
3266	3160.2769
20244	3108.9854
5079	3066.0562
-1191	3029.7866
-1138	3005.9707
3312	2994.8545
20422	2991.1533
5158	2997.1711
-1173	3003.0605
-1141	3008.6235
3198	3011.428
20143	3007.051
5113	3001.5679
-1179	2990.8794
-1149	2980.844
3161	2974.0874
19913	2969.118
5040	2972.288
-1187	2977.4211
-1173	2986.4607
3128	2997.5327
20012	3005.2166
5083	3013.3948
-1192	3015.348
-1160	3014.3525
3046	3011.0876
19724	3003.1501
5001	2996.9077
-1199	2986.964
-1187	2976.5986
3072	2965.4075
19802	2949.27
5075	2933.1887
-1193	2911.4907
-1180	2888.7373
2951	2867.5308
19700	2847.8672
5064	2839.0374
-1171	2838.7146
-1174	2852.6064
2909	2881.5818
19602	2920.7615
5113	2972.0422
-1176	3024.3574
-1183	3074.7935
2894	3117.634
19724	3144.767
5205	3159.156
-1172	3155.2627
-1177	3138.851
2788	3114.7854
19589	3085.5535
5235	3062.733
-1196	3045.7388
-1176	3040.817
2724	3048.9832
19500	3065.1484
5316	3091.2322
-1176	3116.8132
-1174	3139.995
2758	3156.8494
19669	3161.2515
5411	3158.0398
-1189	3142.8643
-1176	3121.724
2679	3098.8013
19804	3074.6482
5558	3058.3384
-1190	3046.68
-1166	3043.7217
2725	3049.3333
19790	3058.4536
5617	3074.365
-1187	3088.96
-1169	3103.471
2751	3116.9905
19981	3125.633
5673	3135.4563
-1182	3141.9014
-1176	3149.3347
2746	3159.1536
19934	3168.3962
5728	3182.5088
-1198	3194.9807
-1185	3207.2634
2689	3217.696
19976	3220.658
5677	3220.0168
-1184	3209.0984
-1159	3190.765
2708	3166.2236
19871	3133.7952
5691	3101.7974
-1177	3067.8389
-1171	3038.3542
2714	3016.834
19907	3002.1785
5780	3001.4263
-1195	3008.9858
-1184	3026.9646
2741	3053.3486
20094	3081.305
5931	3112.685
-1191	3138.2354
-1190	3157.676
2799	3169.0369
20158	3167.6855
5957	3159.639
-1186	3141.1785
-1185	3117.8289
2853	3093.1287
20270	3066.73
6028	3047.117
-1186	3030.738
-1177	3021.1746
2706	3018.343
19849	3017.1926
5747	3021.2393
-1198	3022.7966
-1185	3022.6487
2420	3019.901
19100	3010.679
5594	3001.0168
-1186	2986.8604
-1192	2972.9243
2411	2961.6147
18897	2951.0825
5426	2947.6992
-1177	2946.0735
-1182	2948.2273
2367	2953.1921
19018	2955.7031
5582	2959.504
-1166	2958.0032
-1182	2953.4321
2371	2946.6233
19062	2935.1946
5622	2926.34
-1196	2916.6482
-1194	2910.556
2306	2909.7214
18903	2910.985
5678	2919.2585
-1178	2927.8918
-1181	2937.6833
2284	2947.0588
18688	2950.7693
5467	2952.9795
-1188	2947.6357
-1185	2938.4302
2164	2927.25
18645	2912.623
5714	2902.1697
-1172	2892.6042
-1180	2888.2305
2154	2890.4666
18524	2895.7917
5578	2908.688
-1202	2922.2866
-1181	2937.551
2287	2953.337
18811	2964.8215
5714	2976.6692
-1178	2983.3438
-1181	2988.1487
2357	2992.6733
19046	2994.6094
5788	3000.588
-1179	3006.0562
-1170	3014.078
2386	3025.083
19149	3034.923
5867	3048.2168
-1193	3058.6243
-1195	3067.949
2342	3076.2126
19311	3079.638
5996	3083.9763
-1164	3084.3962
-1166	3084.1855
2291	3084.635
19096	3082.6565
5834	3084.018
-1171	3083.1858
-1179	3082.5637
2181	3082.5044
18564	3079.248
5653	3078.1736
-1182	3074.0422
-1192	3070.0955
2291	3067.845
19119	3064.64
5864	3066.9165
-1187	3069.8508
-1179	3076.2505
2172	3086.6018
18978	3096.668
6018	3111.0552
-1185	3123.5645
-1037	3135.8628
2606	3148.1284
19424	3156.7966
6222	3167.8574
-1170	3176.7627
-1172	3186.8184
2123	3199.3354
18838	3210.8105
6049	3226.0935
-1182	3238.5059
-1201	3248.6006
2066	3254.768
18476	3251.1282
5796	3241.1462
-1169	3218.3828
-1188	3185.328
2074	3143.9163
18423	3092.9614
5774	3041.0095
-1170	2986.3862
-1192	2935.0974
2031	2890.8777
18778	2852.2522
5939	2825.7822
-1196	2806.219
-1207	2795.1746
2206	2791.9287
18826	2791.261
5841	2797.1255
-1177	2803.0417
-1177	2810.6152
2213	2820.0684
18951	2827.5579
6034	2838.337
-1171	2846.7998
-1181	2854.6895
2073	2861.8296
18304	2863.7017
5722	2864.777
-1178	2859.2466
-1180	2849.528
1993	2837.0273
18099	2819.572
5556	2804.2527
-1175	2787.6626
-1199	2773.8062
1894	2764.5215
17937	2756.656
5561	2755.0908
-1161	2753.4646
-1182	2752.763
1984	2752.444
18388	2748.1052
5778	2745.1267
-1195	2739.0867
-1192	2733.8486
1914	2732.228
18335	2732.6445
5883	2742.0671
-1192	2756.0017
-1181	2776.2642
1918	2802.1692
18578	2827.7615
6090	2855.8372
-1149	2878.773
-1192	2897.0854
1876	2910.9958
18147	2917.5337
5935	2923.7727
-1166	2926.8403
-1176	2931.4277
2043	2940.3325
18423	2950.9294
5911	2968.3215
-1166	2985.6145
-1187	3002.3616
2019	3016.2844
18264	3020.9067
5788	3019.564
-1179	3006.1553
-1199	2983.6892
2054	2955.2454
18357	2920.5828
5716	2889.0234
-1176	2858.9307
-1197	2835.52
1947	2821.561
18272	2814.0776
5823	2817.996
-1184	2826.6643
-1193	2840.662
1951	2859.3467
18278	2878.0771
5838	2901.8533
-1182	2925.4636
-1194	2951.4045
1989	2980.6807
18379	3009.255
5873	3041.322
-1172	3069.4197
-1189	3092.837
1919	3109.3064
18338	3112.3157
5951	3105.2756
-1162	3082.2441
-1194	3046.4114
1917	3001.4224
18081	2947.8098
5928	2895.7913
-1154	2845.0713
-1193	2802.194
1918	2771.259
18209	2750.2554
5927	2744.4255
-1165	2746.8335
-1197	2756.9968
1814	2772.81
18050	2787.7378
5951	2804.845
-1173	2817.6204
-1181	2828.0212
1877	2837.7034
18196	2844.4011
6012	2855.0198
-1169	2865.7812
-1187	2879.3228
1847	2896.3096
18272	2912.0005
6108	2929.9353
-1177	2942.8958
-1197	2950.5803
1792	2951.866
18090	2941.8284
6009	2925.4397
-1186	2898.3062
-1193	2863.9814
1621	2825.7297
17453	2782.8386
5828	2743.4937
-1176	2705.4678
-1190	2673.1113
1691	2649.0146
17469	2630.5583
5771	2623.077
-1194	2621.0183
-1196	2625.263
1580	2635.4302
17336	2646.601
6007	2662.6448
-1145	2677.7458
-1186	2693.2656
1733	2709.8262
17804	2723.8323
5957	2740.7188
-1168	2755.662
-1204	2770.4592
1731	2785.7375
17914	2797.3481
6044	2809.9424
-1181	2817.9753
-1172	2822.8027
1632	2825.1938
17478	2821.87
5874	2818.7598
-1171	2812.0454
-1191	2804.9841
1604	2799.8992
17369	2794.4158
5800	2794.4443
-1172	2795.158
-1197	2798.13
1474	2803.5432
17161	2806.7837
5691	2811.8884
-1181	2812.917
-1167	2811.3237
1513	2808.189
17153	2800.5613
5723	2794.5674
-1169	2786.2773
-1197	2778.7766
1384	2774.0435
16925	2769.1045
5768	2769.145
-1179	2768.8813
-1191	2769.7397
1448	2772.1929
17194	2772.2866
5966	2775.0027
-1172	2775.718
-1192	2776.7878
1481	2779.8345
17474	2781.9116
6117	2788.6208
-1174	2795.0837
-1184	2802.8223
2019	2811.9805
19171	2817.6968
6741	2824.5117
-1125	2826.707
-1183	2825.6309
1630	2822.4573
18183	2814.123
6560	2807.025
-1163	2797.7058
-1182	2789.373
1651	2784.239
18061	2779.254
6438	2779.8003
-1170	2780.5618
-1182	2782.3599
1633	2785.1492
17998	2784.252
6455	2784.3208
-1147	2780.5676
-1189	2775.316
1604	2770.696
18037	2764.5286
6563	2763.6914
-1162	2764.898
-1190	2770.7349
1818	2782.2527
18891	2794.9084
6937	2812.727
-1174	2828.9365
-1188	2842.938
1981	2853.4211
19448	2854.622
7031	2850.953
-1169	2837.3386
-1196	2816.1174
2007	2789.585
18878	2755.9917
6711	2723.1753
-1193	2688.7322
-1199	2656.603
1829	2629.509
19031	2604.7244
6989	2588.224
-1161	2575.3706
-1193	2567.3909
1809	2564.539
18769	2562.3252
6995	2565.6309
-1164	2569.722
-1079	2576.3677
2474	2586.6917
19865	2597.2915
6803	2614.29
-1141	2633.0422
-1197	2654.7441
1879	2679.142
18939	2700.6824
7061	2722.6597
-1175	2738.164
-1200	2746.7793
1745	2747.9785
18679	2737.38
6986	2720.9595
-1177	2695.8306
-1193	2666.24
1779	2636.319
18746	2605.4114
7022	2581.6233
-1183	2562.011
-1207	2548.6267
1759	2541.653
19202	2535.265
7216	2532.5325
-1161	2526.523
-1186	2516.9724
1856	2504.1511
19329	2484.7378
7349	2466.0928
-1169	2446.3945
-1197	2430.1797
1929	2420.8208
19385	2415.7
7248	2420.1382
-1156	2427.839
-1192	2437.4817
1863	2446.5806
19275	2448.2375
7171	2446.3296
-1176	2436.7087
-1207	2423.81
1737	2413.4482
18774	2408.0034
7004	2419.3098
-1150	2448.068
-1181	2498.7468
1731	2571.853
18671	2659.4321
6924	2759.4875
-1177	2857.7878
-1194	2945.5784
1758	3014.4448
18927	3053.7346
7213	3065.8774
-1157	3047.6277
-1194	3005.9097
1749	2949.9866
19090	2885.6887
7353	2827.946
-1168	2779.8352
-1056	2747.4084
2086	2732.5764
19281	2729.1208
7463	2737.7048
-1156	2748.115
-1209	2756.4763
1652	2760.15
18833	2754.1775
7404	2745.6426
-1158	2734.232
-1192	2726.9949
1499	2730.62
18178	2745.7917
7041	2780.0244
-1156	2828.387
-1178	2889.148
1505	2957.9355
18302	3024.26
7241	3086.6426
-1167	3135.0042
-1211	3167.0806
1523	3182.477
18409	3178.195
7269	3162.2607
-1154	3134.2249
-1202	3100.0647
1506	3065.1694
18366	3029.355
7240	3000.7034
-1156	2976.8005
-1174	2960.4934
1658	2953.7708
18661	2953.431
7327	2965.2512
-1161	2985.0542
-1201	3013.6873
1529	3050.7664
18152	3090.0588
6983	3133.3525
-1139	3172.1367
-1177	3203.4077
1552	3224.1174
18159	3227.4807
7031	3217.3894
-1154	3190.2275
-1205	3149.9414
1480	3101.8584
18041	3047.5095
7067	2997.647
-1151	2952.914
-1176	2918.5176
1467	2897.6226
17907	2886.825
6917	2890.0986
-1158	2900.718
-1192	2917.3323
1324	2938.3354
17769	2957.7622
6994	2979.3943
-1172	2998.4497
-1181	3016.509
1416	3035.2234
18292	3051.3535
7251	3070.5593
-1163	3088.6406
-1190	3106.5508
1259	3124.6099
17572	3138.1355
7073	3151.316
-1131	3159.3003
-1183	3163.1147
1201	3163.7751
17360	3157.7178
6990	3150.2551
-1161	3137.535
-1201	3121.2007
1234	3102.571
17408	3078.2554
6988	3053.843
-1165	3026.0918
-1199	2997.565
1191	2970.9695
17287	2944.4219
6922	2924.778
-1161	2909.4124
-1184	2900.671
1135	2900.0906
16948	2903.711
6785	2915.6228
-1177	2930.3547
-1219	2947.99
1148	2968.7134
17198	2988.3376
6904	3011.8882
-1157	3035.1301
-1204	3060.1238
1156	3088.4631
17331	3116.095
6961	3146.8933
-1179	3174.3052
-1207	3196.7495
1254	3212.1858
17766	3213.699
7226	3204.1274
-1156	3178.2395
-1198	3138.2217
1241	3088.038
17745	3028.229
7239	2969.363
-1160	2912.9119
-1200	2865.4421
1243	2832.143
17855	2811.271
7369	2807.9219
-1157	2815.7524
-1180	2832.407
1266	2854.6985
17881	2874.3667
7359	2892.9497
-1154	2903.7576
-1187	2907.674
1248	2907.3013
17271	2901.5474
7048	2898.7102
-1157	2897.32
-1200	2901.2935
1180	2913.1194
17802	2928.4907
7425	2950.4243
-1150	2971.2703
-1192	2988.691
1216	3000.4297
18023	2999.9658
7666	2991.2861
-1145	2970.5308
-1190	2941.3716
1152	2908.9148
17856	2873.7917
7529	2845.601
-1125	2823.678
-1174	2811.6428
1070	2811.4844
17422	2818.1611
7381	2833.7063
-1149	2849.5308
-1194	2862.972
980	2871.5566
16976	2868.922
7165	2858.971
-1167	2838.164
-1193	2810.5469
985	2781.6838
17176	2752.658
7311	2733.155
-1161	2722.617
-1207	2724.5503
1029	2740.5955
17168	2765.138
7128	2799.4402
-1171	2834.049
-1187	2864.7664
972	2887.9614
17174	2896.034
7413	2892.0015
-1157	2871.606
-1192	2838.581
950	2798.6157
16971	2753.3074
7297	2713.1226
-1159	2678.4304
-1192	2654.0364
888	2643.0745
16753	2641.4133
7169	2651.5903
-1144	2665.3787
-1176	2679.88
896	2692.531
16431	2696.6023
6962	2695.205
-1159	2683.7075
-1204	2664.9956
826	2643.2288
16147	2618.0737
6916	2597.3872
-1167	2579.2139
-1199	2566.3516
801	2560.612
16213	2557.7964
6859	2561.428
-1182	2565.7021
-1198	2570.9048
791	2578.1208
16178	2584.1782
6854	2594.9033
-1141	2607.1882
-1171	2623.589
836	2646.3188
16557	2671.502
7165	2702.7407
-1157	2733.4521
-1200	2762.2944
845	2788.2979
16693	2805.8708
7239	2819.0344
-1174	2823.9512
-1187	2823.769
909	2822.894
17054	2820.7615
7339	2825.1501
-1146	2833.4595
-1189	2847.1362
910	2866.359
16851	2884.5874
7193	2902.999
-1164	2913.4622
-1197	2913.978
780	2904.3894
16463	2881.321
7133	2851.981
-1164	2816.2507
-1189	2780.5151
814	2751.8528
16674	2731.4312
7269	2727.4858
-1171	2737.108
-1194	2760.579
784	2796.6482
16462	2837.4253
7166	2882.8032
-1171	2923.707
-1203	2957.2712
893	2982.3394
16802	2994.0432
7345	2997.5022
-1141	2989.757
-1184	2973.9492
817	2953.8062
16572	2927.5972
7231	2901.622
-1144	2872.6726
-1194	2842.5422
781	2813.2012
16465	2781.5828
7333	2753.2927
-1157	2725.3738
-1203	2700.4036
738	2681.3958
16691	2665.9224
7554	2659.576
-1161	2658.4111
-1209	2662.8547
716	2673.0928
16510	2683.616
7469	2697.191
-1152	2707.9497
-1200	2715.6738
695	2721.2354
16374	2721.0884
7362	2720.7773
-1162	2717.4668
-1180	2713.5413
723	2711.6707
16270	2708.9043
7323	2710.079
-1142	2710.4521
-1199	2710.057
666	2709.1533
16061	2702.8179
7109	2694.7832
-1177	2680.567
-1208	2661.4111
673	2639.7683
16112	2613.464
7273	2588.9365
-1148	2563.9634
-1189	2540.9336
668	2522.2856
16104	2504.6929
7281	2492.5232
-1157	2481.065
-1189	2470.319
748	2460.9111
16506	2448.6199
7475	2438.2266
-1157	2426.4504
-1212	2415.3914
676	2408.0315
16026	2402.2703
7125	2404.0098
-1129	2410.0217
-1191	2421.1992
655	2438.2534
15899	2456.268
7068	2478.287
-1147	2498.7915
-1194	2517.6045
664	2535.7498
16112	2549.8892
7266	2565.7083
-1138	2580.6448
-1198	2597.0889
726	2617.5647
16374	2638.6719
7413	2664.4565
-1131	2689.2012
-1181	2711.4534
562	2730.1038
15834	2739.0898
7247	2741.3708
-1157	2732.463
-1198	2714.2869
583	2690.75
15954	2661.5293
7350	2635.0132
-1136	2610.6743
-1182	2592.1226
508	2582.4153
15615	2577.9412
7296	2581.9207
-1137	2588.0925
-1202	2594.8726
519	2601.6948
15608	2603.6555
7264	2605.0713
-1147	2603.0613
-1201	2600.3877
554	2600.8264
15699	2602.7827
7214	2612.0427
-1154	2624.5322
-1195	2639.8508
498	2657.2886
15608	2670.3513
7255	2680.8213
-1147	2682.6162
-1194	2675.9253
490	2663.3792
15764	2643.7698
7437	2625.2124
-1162	2607.6467
-1220	2595.5203
550	2593.001
15202	2597.5547
7047	2612.8286
-1086	2632.4424
-1185	2653.7712
673	2674.5808
16303	2687.7654
7731	2695.6868
-1128	2693.829
-1206	2683.76
667	2669.2092
16427	2649.4463
7735	2632.3809
-1145	2616.9153
-1194	2605.4731
676	2600.0752
16113	2596.264
7546	2596.9585
-1142	2596.1753
-1202	2592.7185
659	2586.7622
16206	2574.1907
7544	2560.3264
-1132	2542.8523
-1188	2524.539
739	2509.1455
16461	2494.7773
7637	2487.389
-1144	2483.6758
-1193	2484.131
690	2489.6726
16188	2495.8035
7596	2506.5088
-1143	2517.7263
-1193	2530.1519
621	2545.5576
15963	2560.4473
7566	2579.1704
-1134	2597.2788
-1187	2613.8955
571	2628.368
15673	2634.6277
7546	2634.869
-1144	2624.08
-1209	2602.663
564	2573.4941
15711	2535.943
7399	2498.8464
-1137	2463.6533
-1219	2436.0361
428	2421.6167
15444	2419.2437
7458	2433.7058
-1094	2459.591
-1194	2493.825
556	2532.8835
15626	2567.7676
7568	2598.108
-1139	2616.792
-1205	2622.8462
455	2618.2932
15158	2601.858
7199	2581.4785
-1117	2557.4338
-1184	2534.1685
534	2516.116
15406	2501.2446
7393	2494.155
-1135	2490.0083
-1202	2487.762
524	2487.1057
15656	2482.8696
7708	2478.6968
-1138	2470.9932
-1207	2461.2874
550	2452.4666
15538	2442.3206
7494	2436.3833
-1147	2431.5127
-1201	2428.176
419	2427.2954
15414	2424.389
7698	2423.1467
-1119	2419.7507
-1201	2415.2678
532	2412.3894
15079	2409.0981
7022	2411.2676
-1134	2416.0994
-1203	2424.306
384	2436.4546
14784	2447.0386
6926	2457.7432
-1151	2462.0466
-1202	2458.6196
360	2448.4243
14918	2429.0593
7085	2407.8684
-1144	2385.6584
-1195	2368.4888
239	2363.3367
15073	2370.853
7565	2397.6064
-1094	2439.7522
-1202	2494.8782
375	2559.3533
15086	2622.8743
7248	2682.709
-1144	2728.8
-1194	2757.1938
174	2767.7
14885	2757.6416
7407	2734.8335
-1125	2701.1199
-1184	2663.4597
373	2629.9
15024	2602.2324
7338	2588.3853
-1126	2586.194
-1195	2595.5327
339	2615.647
14708	2639.5015
7169	2667.358
-1128	2691.8481
-1186	2710.4822
357	2722.9705
14943	2725.0645
7383	2721.4563
-1136	2709.935
-1201	2692.9192
367	2674.1687
15020	2652.2932
7452	2633.5212
-1124	2615.8743
-1184	2600.835
348	2590.451
15141	2580.9788
7422	2576.0952
-1130	2571.2085
-1198	2565.5122
341	2559.3894
14914	2548.389
7276	2536.4817
-1121	2520.4375
-1191	2501.9927
366	2484.74
14914	2467.5007
7185	2456.9355
-1137	2451.3713
-1202	2452.3276
356	2461.157
14829	2472.8384
7171	2489.0244
-1129	2502.8745
-1195	2511.5244
351	2513.7795
14812	2504.6208
7153	2488.5256
-1135	2463.8745
-1189	2434.7158
346	2407.2363
14971	2382.729
7311	2369.7842
-1137	2367.7188
-1197	2378.096
322	2401.5852
14673	2431.845
7269	2468.9436
-1131	2504.7034
-1197	2535.1438
260	2558.5557
14232	2569.7944
6963	2573.101
-1121	2566.663
-1196	2553.8743
245	2539.8574
14422	2524.4177
7300	2514.125
-1128	2506.7534
-1193	2502.3435
189	2500.952
14181	2496.6724
7088	2490.8347
-1139	2477.5947
-1191	2455.8167
251	2426.938
14161	2388.8518
7048	2348.324
-1119	2305.6094
-1192	2265.3591
248	2233.3494
14509	2209.5933
7262	2200.6316
-1127	2203.9868
-1204	2219.3853
238	2246.3743
14275	2278.306
7018	2315.4712
-1122	2350.3672
-1191	2379.752
250	2402.584
14376	2413.9236
7168	2417.7505
-1127	2412.0278
-1182	2399.4426
288	2384.6194
14682	2367.3638
7446	2354.9148
-1109	2346.0835
-1194	2342.4956
228	2345.9678
14186	2352.064
6902	2363.0706
-1132	2372.991
-1182	2379.9773
239	2384.0198
14241	2380.8132
7096	2374.6665
-1119	2363.304
-1186	2349.235
259	2336.7483
14158	2325.1003
7014	2320.6555
-1144	2321.342
-1201	2328.1367
204	2342.3047
13984	2359.2126
6906	2381.1167
-1138	2402.3047
-1209	2421.3174
200	2438.3384
14025	2449.035
6916	2457.1536
-1127	2459.3386
-1197	2456.6643
231	2451.7717
14186	2442.2935
7033	2433.3967
-1122	2422.564
-1192	2411.0657
177	2401.427
14041	2390.966
7086	2384.3054
-1141	2378.469
-1197	2373.9075
182	2372.2114
14035	2369.5894
7058	2369.4758
-1108	2367.7668
-1196	2364.2695
210	2360.4521
14363	2353.1653
7288	2347.4534
-1118	2341.4724
-1184	2337.2532
263	2338.199
14361	2342.174
7221	2353.7432
-1131	2368.8904
-1210	2386.0432
279	2404.0664
14437	2416.1313
7318	2423.0554
-1132	2419.1091
-1196	2403.45
273	2378.3718
14608	2342.9465
7482	2305.4426
-1112	2267.7136
-1181	2235.154
264	2213.7014
14416	2202.4797
7304	2205.9902
-1122	2218.9736
-1213	2237.8005
199	2259.1938
14134	2274.6116
7124	2283.9075
-1118	2281.4084
-1179	2267.4502
164	2246.2676
13779	2219.0178
7058	2195.295
-1146	2177.3723
-1207	2169.8008
119	2176.583
13778	2194.0215
7070	2223.088
-1136	2255.6355
-1193	2286.083
182	2310.3652
13816	2320.9514
7104	2319.965
-1104	2305.2458
-1194	2280.7683
218	2253.7612
14398	2227.3037
7504	2211.6309
-1099	2208.1794
-1192	2219.2102
231	2245.4062
14311	2279.626
7429	2320.245
-1125	2357.449
-1214	2385.035
212	2399.9363
14394	2396.3584
7452	2378.8965
-1119	2347.6113
-1196	2308.009
279	2268.0645
14494	2230.5107
7512	2204.5303
-1111	2190.0173
-1204	2187.6812
249	2197.414
14544	2212.0984
7551	2231.1772
-1118	2246.7983
-1190	2255.2263
253	2255.739
14579	2244.3518
7666	2226.541
-1126	2202.2686
-1215	2175.58
283	2152.184
14553	2132.2288
7491	2122.4106
-1117	2120.8318
-1192	2127.382
276	2142.1997
14514	2159.3794
7413	2180.1912
-1132	2198.7168
-1203	2212.8147
245	2222.6873
14616	2224.2944
7593	2222.227
-1117	2214.6187
-1192	2203.521
234	2192.8342
14448	2181.3345
7524	2175.138
-1102	2172.7522
-1192	2175.3533
270	2184.9
14558	2197.55
7427	2216.4656
-1123	2237.0583
-1189	2257.801
321	2278.5095
14497	2294.14
7412	2307.6545
-1125	2315.4424
-1187	2317.9343
334	2317.7114
14646	2312.9023
7631	2309.635
-1102	2307.0125
-1183	2307.1199
306	2312.9167
14632	2321.4578
7641	2336.483
-1121	2353.6335
-1206	2371.059
274	2387.9707
14750	2398.3633
7786	2404.251
-1111	2401.3428
-1192	2389.3784
271	2370.7207
14711	2343.526
7803	2314.2766
-1106	2282.8894
-1199	2252.1228
167	2225.7427
14161	2201.719
7562	2184.4734
-1115	2170.6934
-1204	2159.318
246	2150.5757
14483	2139.649
7804	2129.7034
-1101	2117.8813
-1188	2105.0605
218	2094.5322
14431	2085.0647
7737	2083.0476
-1113	2087.7886
-1202	2100.6675
174	2123.5264
13978	2151.9897
7460	2187.8506
-1109	2225.177
-1189	2260.6833
226	2292.82
14006	2315.7268
7378	2331.963
-1104	2338.5544
-1197	2336.8748
233	2330.7988
14089	2319.8606
7487	2311.0344
-1107	2304.0393
-1192	2300.7788
276	2303.6655
14213	2309.0613
7543	2319.8994
-1095	2331.66
-1203	2342.771
278	2353.5576
14353	2359.8152
7532	2365.4739
-1112	2368.214
-1199	2369.1755
11	2371.155
14300	2371.6724
7704	2375.3726
-1099	2379.576
-1196	2383.964
252	2389.3713
14476	2391.3918
7611	2393.2175
-1123	2391.5178
-1207	2386.3462
199	2379.8228
14053	2369.536
7406	2360.6885
-1124	2351.808
-1204	2344.189
299	2340.2783
14567	2337.0833
7630	2338.7273
-1121	2342.0847
-1197	2346.6611
232	2353.2993
14501	2357.7712
7768	2363.4036
-1116	2366.8494
-1209	2367.7852
247	2367.616
14522	2362.8982
7883	2357.9426
-1086	2350.6367
-1180	2341.899
135	2334.5532
13989	2326.5483
7508	2323.1501
-1122	2322.713
-1198	2326.0066
129	2334.78
13473	2345.2195
7220	2359.9656
-1123	2374.4675
-1186	2387.0132
191	2397.7441
14044	2402.3604
7658	2404.7434
-1085	2403.0408
-1192	2399.1414
309	2397.024
14416	2395.6387
7706	2400.8281
-1078	2410.5603
-1177	2424.3699
231	2442.0664
14356	2457.2615
7716	2470.4863
-1126	2475.588
-1209	2470.2593
337	2455.4124
14583	2428.7083
7833	2397.1697
-1112	2362.3972
-1194	2329.5447
271	2305.1846
13964	2289.7905
7321	2289.258
-1091	2300.4534
-1196	2321.0242
273	2348.4426
14442	2374.1755
7751	2397.1497
-1104	2410.569
-1203	2411.8909
323	2402.1973
14756	2379.4302
8018	2350.6685
-1107	2317.2756
-1196	2283.3406
314	2254.0942
15033	2228.553
8343	2212.0898
-1091	2202.3296
-1202	2198.42
260	2200.74
14695	2204.4934
8119	2212.6892
-1082	2222.0154
-1183	2232.1875
274	2244.8833
14044	2256.6528
7990	2270.9307
-1033	2284.2634
-1184	2295.5518
204	2305.3584
14268	2309.3699
7902	2311.219
-1101	2308.6455
-1212	2302.957
164	2297.856
14193	2292.1848
7819	2291.8894
-1106	2295.4897
-1194	2303.1814
137	2315.7266
13986	2327.715
7710	2340.3965
-1103	2348.2993
-1198	2349.4006
218	2344.604
14279	2331.1318
7780	2315.0476
-1119	2296.691
-1216	2279.6482
263	2269.037
14374	2263.8777
7883	2269.1833
-1105	2281.6736
-1204	2299.5452
292	2321.8604
14450	2342.3625
7962	2362.685
-1104	2378.6658
-1204	2390.0679
249	2399.3367
14444	2404.3281
7990	2410.2761
-1087	2414.9858
-1191	2417.9485
285	2419.2441
14507	2412.866
7869	2400.002
-1081	2375.574
-1188	2338.645
233	2292.0356
14326	2235.6826
7823	2178.9114
-1109	2125.5486
-1194	2082.4832
-127	2057.3677
13601	2050.5862
7777	2066.78
-1059	2101.0156
-1210	2148.4404
240	2204.0432
14408	2257.1387
7829	2305.2441
-1109	2340.9912
-1185	2362.4536
191	2372.2834
14149	2370.3333
7814	2365.2202
-1111	2359.124
-1196	2356.1123
171	2360.2727
14194	2368.2798
7838	2382.0244
-1091	2395.0776
-1200	2403.2166
184	2404.5735
14186	2393.5366
7863	2373.9443
-1106	2345.1562
-1193	2311.2065
209	2279.2056
14148	2251.2708
7828	2236.0479
-1074	2233.9836
-1182	2246.0596
147	2273.0227
14168	2308.7305
7954	2353.2458
-1085	2399.7236
-1191	2444.269
198	2485.8284
14163	2519.2573
7995	2547.7617
-1078	2568.7424
-1195	2582.5457
182	2591.4336
14233	2592.2122
8078	2588.6763
-1098	2578.0872
-1209	2560.2515
238	2537.3132
14454	2506.9802
8064	2475.1233
-1079	2441.772
-1201	2409.7422
-92	2383.5737
14003	2361.9128
8250	2349.563
-1043	2343.8186
-1195	2343.139
294	2346.9277
14665	2349.0083
8123	2350.8413
-1083	2347.97
-1193	2339.5027
266	2327.5703
14502	2310.198
8034	2293.551
-1096	2277.4338
-1202	2264.0686
233	2256.9138
14344	2253.449
7948	2257.779
-1084	2266.5767
-1192	2278.6624
216	2294.613
14542	2309.8376
8127	2327.4165
-1090	2344.0151
-1187	2359.0994
253	2374.048
14677	2384.9675
8188	2395.4058
-1087	2402.3926
-1189	2405.6062
246	2406.9338
14564	2403.6074
8074	2400.8743
-1085	2397.695
-1189	2395.851
228	2398.686
14342	2403.6367
7974	2414.4553
-1101	2426.988
-1195	2438.5496
232	2447.621
14305	2447.3582
7958	2438.904
-1096	2418.1091
-1191	2385.268
157	2344.7402
13908	2297.5295
7748	2253.0793
-1102	2214.667
-1215	2187.3801
126	2176.5234
14092	2179.947
7922	2200.1658
-1087	2231.1208
-1202	2267.393
143	2304.7773
14021	2334.4507
7924	2356.2275
-1097	2365.5989
-1201	2362.7651
180	2351.9307
14194	2333.5964
8001	2316.0825
-1081	2300.8137
-1192	2290.6426
158	2288.7114
13975	2291.3286
7828	2300.6282
-1109	2311.374
-1214	2320.7825
199	2328.5173
14012	2330.131
7901	2329.5376
-1085	2325.1814
-1197	2318.799
228	2314.2112
14219	2309.7
8018	2310.0425
-1070	2312.7612
-1194	2317.0742
195	2323.505
14203	2327.4739
7928	2332.0762
-1093	2334.4885
-1191	2335.22
235	2337.2778
14233	2338.753
7989	2344.8354
-1092	2353.4417
-1200	2364.2
214	2377.7703
14255	2388.8003
7904	2399.0051
-1109	2403.5393
-1197	2401.0413
148	2393.512
13886	2379.0737
7754	2364.311
-1090	2350.0022
-1202	2339.7122
196	2338.495
13896	2344.9785
7621	2363.2458
-1099	2389.1333
-1182	2419.2112
205	2451.0852
14145	2476.8457
7848	2496.3794
-1087	2504.2773
-1194	2499.3467
259	2484.3862
14356	2458.7585
7908	2430.5437
-1117	2401.8433
-1204	2377.0754
322	2361.778
14670	2354.8193
8166	2360.8513
-1082	2376.3206
-1200	2398.5947
309	2426.1387
14743	2451.8484
8309	2476.3918
-1094	2494.633
-1193	2504.9011
298	2508.7
14456	2503.419
8059	2494.6443
-1084	2481.8533
-1181	2467.064
271	2454.0278
14569	2440.68
8106	2431.7083
-1099	2424.49
-1201	2418.263
219	2413.928
14116	2407.029
7943	2400.443
-1098	2390.8208
-1182	2377.716
221	2363.2312
14175	2344.7095
7915	2327.1167
-1099	2309.029
-1186	2291.6096
239	2277.846
14096	2265.2976
7868	2258.4365
-1102	2254.8506
-1215	2254.3455
105	2258.4897
13576	2263.5554
7646	2272.8462
-1098	2283.2878
-1199	2294.006
177	2306.1946
13735	2315.9456
7592	2326.4045
-1107	2334.1162
-1177	2338.271
172	2340.1604
13917	2336.1611
7818	2330.2283
-1079	2320.3557
-1175	2307.493
143	2295.0881
13696	2281.761
7731	2273.2915
-1092	2268.7886
-1201	2269.3057
138	2277.1348
13660	2288.593
7581	2306.2222
-1096	2325.4114
-1195	2343.677
92	2360.6174
13444	2371.178
7472	2378.1018
-1110	2378.7004
-1189	2373.7996
123	2367.0747
13381	2357.6416
7521	2351.6248
-1101	2348.3105
-1193	2348.5938
146	2354.3464
13903	2361.1406
7829	2370.7944
-1089	2378.1724
-1189	2380.4656
145	2377.5083
13696	2364.9656
7818	2346.8337
-1081	2322.0645
-1196	2293.086
115	2265.1973
13591	2238.7107
7730	2220.5366
-1091	2210.221
-1175	2208.5117
115	2216.8865
13545	2230.4236
7700	2250.48
-1106	2271.717
-1189	2291.2834
121	2309.3936
13751	2322.1453
7831	2333.8896
-1078	2343.4663
-1192	2352.8596
130	2366.2053
13952	2381.9248
8008	2404.686
-1092	2431.5461
-1200	2460.8105
141	2491.9363
13767	2518.7222
7864	2542.1287
-1087	2557.361
-1194	2563.152
193	2561.5925
13922	2550.8872
7937	2537.387
-1086	2521.4285
-1200	2505.6887
181	2494.284
13966	2485.0105
7931	2481.6094
-1112	2480.1135
-1206	2478.2761
196	2475.7087
14060	2467.1448
8029	2455.4172
-1089	2438.0737
-1191	2416.4062
228	2394.8184
14006	2373.043
7828	2357.8997
-1103	2348.904
-1200	2346.7048
168	2352.4314
13761	2360.5173
7788	2371.3364
-1095	2378.3408
-1198	2377.7253
134	2368.8284
13717	2347.4944
7718	2318.5962
-1090	2282.5383
-1204	2243.4575
154	2208.1792
13764	2178.2104
7742	2161.0984
-1101	2156.27
-1181	2163.464
211	2182.526
14041	2206.5552
8037	2234.9807
-1092	2260.8809
-1190	2280.3325
156	2292.9214
14111	2294.6562
8191	2290.3525
-1099	2279.745
-1212	2265.4172
171	2252.043
13393	2238.5835
7466	2229.8557
-1067	2223.1106
-1187	2217.0056
120	2211.6436
13731	2201.9656
7984	2190.4683
-1098	2174.4639
-1212	2154.6604
83	2135.0393
13657	2115.2214
7828	2102.1262
-1109	2096.0098
-1197	2098.5305
118	2112.173
13494	2132.8699
7673	2162.2056
-1100	2194.486
-1197	2226.021
77	2255.3848
13652	2276.6887
7835	2292.1226
-1096	2298.7449
-1179	2297.0264
173	2290.3828
14000	2277.4473
8021	2264.1016
-1097	2249.5938
-1194	2235.0952
178	2223.3982
14289	2211.6406
8198	2204.0417
-1080	2198.477
-1192	2195.089
164	2196.202
13969	2199.0183
8133	2207.6873
-1096	2219.8674
-1197	2234.9543
187	2253.8152
14329	2271.656
8305	2290.6897
-1084	2306.8113
-1209	2318.4456
164	2326.673
13963	2328.1443
8033	2327.3794
-1111	2323.1316
-1196	2316.8633
198	2312.1147
14081	2306.9375
8061	2306.0667
-1091	2307.1465
-1196	2309.7378
271	2315.114
14257	2319.202
8120	2325.3257
-1082	2330.5847
-1181	2334.87
209	2340.5757
13954	2344.93
7956	2352.1553
-1096	2359.6895
-1183	2366.8765
145	2374.6775
13867	2378.5208
7926	2380.9194
-1104	2378.2048
-1197	2369.7559
181	2357.827
13763	2340.279
7809	2322.6401
-1089	2304.3848
-1192	2287.1877
166	2274.3076
13908	2263.0317
7925	2256.9363
-1099	2252.5442
-1185	2248.3618
153	2245.1038
14083	2238.8293
8206	2233.6504
-1091	2228.4512
-1203	2225.1248
211	2228.0325
14143	2236.0981
8201	2254.5017
-1086	2280.8757
-1192	2313.171
224	2349.79
14234	2382.7805
8394	2410.8723
-1087	2427.1572
-1211	2428.1199
144	2414.338
14074	2383.609
8371	2343.1733
-1069	2295.9739
-1215	2247.9854
163	2207.227
13953	2175.4783
8194	2159.6953
-1102	2158.3987
-1193	2169.7388
144	2191.978
13896	2216.934
8233	2243.04
-1059	2263.211
-1211	2273.7134
168	2274.6096
13788	2262.8364
8074	2244.0847
-1071	2219.3665
-1177	2192.4783
189	2169.33
13880	2150.2725
8162	2141.7356
-1071	2143.0024
-1196	2154.0728
180	2175.8477
13943	2203.204
8088	2237.4756
-1085	2273.452
-1192	2308.0525
217	2340.5713
14134	2365.6235
8284	2385.6956
-1059	2398.0227
-1187	2402.7478
201	2403.019
14021	2397.4973
8138	2392.3264
-1085	2387.572
-1206	2384.9258
119	2387.494
13265	2392.3767
7824	2402.3855
-1034	2413.445
-1191	2422.9626
118	2430.3237
13586	2430.2593
8138	2425.3242
-1081	2413.3308
-1172	2395.4417
63	2376.1492
13794	2355.4504
8490	2340.431
-1074	2331.6816
-1210	2330.59
223	2339.2698
14435	2352.9749
8366	2372.9075
-1078	2393.233
-1179	2409.9412
264	2421.7188
14459	2423.103
8523	2417.3184
-1087	2402.9468
-1189	2381.7798
234	2358.5952
14467	2333.0554
8599	2311.6724
-1069	2293.9775
-1186	2280.4119
203	2272.5981
14606	2266.057
8658	2263.3032
-1071	2260.771
-1211	2257.3577
264	2254.8691
14711	2250.475
8673	2249.2197
-1054	2250.13
-1181	2254.093
279	2263.6191
14708	2275.2224
8676	2292.054
-1077	2310.5938
-1212	2328.9778
298	2347.5667
14710	2361.8274
8645	2375.1616
-1055	2385.4385
-1190	2392.9858
-52	2400.5972
13809	2405.8137
8178	2412.9653
-1033	2419.847
-1181	2425.852
338	2432.037
14933	2434.0078
8667	2434.9438
-1082	2432.067
-1200	2425.077
313	2416.4058
14807	2403.547
8599	2391.6514
-1075	2379.5085
-1201	2367.6511
318	2358.5078
14936	2348.685
8802	2341.842
-1079	2335.4578
-1200	2328.8738
298	2323.6921
14791	2316.6016
8743	2311.937
-1073	2308.0603
-1205	2305.0735
233	2305.1191
14693	2304.6045
8751	2306.8916
-1070	2308.9922
-1181	2309.6956
269	2310.2717
14609	2307.2036
8642	2304.9446
-1097	2302.573
-1213	2301.4316
229	2305.0967
14313	2311.558
8489	2325.161
-1076	2343.0166
-1201	2362.8684
192	2383.5896
14237	2398.1782
8437	2406.8347
-1097	2404.3213
-1205	2388.7393
206	2362.1726
14348	2323.2744
8477	2279.5903
-1069	2233.462
-1189	2189.679
-107	2154.8933
13826	2129.227
8508	2118.2415
-1028	2119.83
-1191	2132.227
188	2154.882
14478	2181.3967
8607	2212.8184
-1096	2244.522
-1206	2274.7485
206	2304.8887
14516	2331.5515
8597	2358.8928
-1074	2384.8005
-1203	2408.7314
186	2431.9556
14105	2450.1497
8352	2466.0754
-1071	2476.6423
-1189	2481.466
234	2483.199
14285	2480.0352
8393	2477.893
-1089	2476.5808
-1199	2477.618
171	2483.9138
14164	2492.004
8384	2504.4875
-1082	2517.0876
-1215	2527.2942
154	2535.1848
14248	2536.4963
8486	2535.4497
-1062	2531.485
-1201	2526.9675
114	2526.807
14037	2530.1624
8401	2541.9976
-1071	2559.4539
-1180	2579.6423
117	2600.2166
13849	2612.7615
8186	2616.085
-1101	2604.2131
-1202	2575.5242
84	2533.4653
13517	2479.2104
7898	2423.1973
-1088	2370.8945
-1185	2329.739
103	2307.9038
13766	2305.6213
8070	2326.8264
-1094	2365.9607
-1181	2416.8682
118	2474.1257
13881	2526.8518
8184	2572.4226
-1089	2604.2668
-1200	2620.6475
188	2624.9226
14108	2617.2847
8398	2606.2363
-1084	2594.2163
-1209	2584.6172
142	2581.572
14291	2581.95
8626	2588.1123
-1061	2595.3484
-1211	2600.5164
208	2603.3672
13713	2599.575
8104	2593.0908
-1062	2582.9878
-1188	2570.9893
178	2561.1953
14112	2551.8196
8431	2547.0981
-1079	2544.074
-1189	2540.6323
202	2536.4817
14151	2526.2522
8378	2512.5374
-1084	2493.1619
-1192	2469.2654
219	2445.488
14220	2421.8157
8490	2405.2095
-1091	2395.6252
-1203	2393.404
243	2399.3762
14490	2407.439
8621	2417.7107
-1072	2423.9502
-1181	2422.5693
202	2413.891
14258	2394.9749
8343	2372.1772
-1097	2347.3894
-1202	2325.386
181	2313.1013
13916	2311.0771
8157	2324.838
-1094	2351.5784
-1204	2387.8462
237	2430.524
14241	2470.3394
8323	2505.264
-1094	2528.3667
-1197	2536.4316
213	2531.027
14236	2510.7703
8418	2483.403
-1096	2451.726
-1179	2420.415
203	2395.9788
14218	2378.1216
8438	2371.886
-1069	2374.2
-1198	2382.559
194	2395.8218
14215	2407.2605
8548	2417.7566
-1057	2423.0012
-1196	2421.9626
141	2417.3396
13969	2407.5286
8307	2398.6467
-1077	2390.6733
-1194	2385.1724
196	2385.2717
14029	2387.6394
8403	2394.9382
-1080	2402.6516
-1174	2407.7798
91	2409.7483
13740	2403.0754
8223	2390.1804
-1082	2368.428
-1169	2338.6199
104	2305.1807
13741	2268.044
8197	2234.5488
-1097	2205.624
-1197	2183.6597
162	2172.3635
13956	2168.7566
8231	2175.6194
-1088	2188.3542
-1217	2203.9
103	2221.5435
13679	2235.7073
8184	2248.8062
-1107	2258.3818
-1212	2265.1123
108	2272.9495
13728	2281.087
8128	2295.543
-1097	2315.1548
-1187	2339.7612
173	2370.0361
13968	2399.8845
8348	2429.3171
-1086	2451.775
-1199	2463.4368
126	2464.1536
13826	2450.3235
8296	2427.4653
-1096	2396.719
-1202	2362.7483
160	2333.1587
13916	2309.6633
8341	2299.6252
-1090	2302.0806
-1201	2315.8677
88	2340.1777
13858	2367.2932
8277	2396.0032
-1079	2419.2703
-1204	2433.5583
46	2439.8418
13641	2435.9314
8438	2428.5142
-1066	2419.4739
-1190	2412.9817
139	2414.9045
13933	2424.092
8412	2444.2288
-1078	2470.646
-1204	2498.7542
157	2525.3262
14040	2541.786
8526	2547.7102
-1064	2538.5762
-1202	2514.2432
213	2479.4866
14202	2435.7678
8591	2392.8765
-1079	2354.5918
-1212	2325.6562
139	2311.4058
13949	2309.4648
8445	2322.2117
-1072	2344.0134
-1174	2369.7693
210	2396.685
14107	2417.3513
8459	2432.926
-1084	2440.1853
-1192	2439.705
195	2435.936
14167	2428.6633
8489	2424.7778
-1088	2424.1792
-1206	2427.4922
159	2436.3257
14033	2445.6228
8388	2456.5835
-1079	2464.144
-1184	2465.666
197	2461.9612
13881	2449.9573
8288	2434.9243
-1089	2417.0273
-1201	2398.877
55	2385.252
13601	2374.7837
8293	2371.734
-1099	2372.974
-1202	2376.0706
106	2380.2793
13667	2379.5146
8303	2375.2527
-1082	2364.1243
-1199	2346.207
-1	2325.526
13371	2301.9587
8218	2282.714
-1063	2268.8389
-1171	2262.29
68	2265.9895
13529	2275.8533
8348	2293.0537
-1087	2311.802
-1201	2327.701
-29	2339.1714
13331	2340.5278
8190	2334.5027
-1084	2319.8933
-1186	2298.9226
73	2277.2275
13539	2255.6912
8320	2241.6711
-1079	2235.6108
-1208	2238.2466
11	2250.9917
13383	2268.589
8236	2291.601
-1078	2314.3594
-1191	2333.3843
-2	2348.4512
13046	2355.434
7893	2358.1855
-1091	2355.7031
-1216	2349.6746
-51	2344.3772
12929	2338.5906
7976	2337.0583
-1079	2337.7107
-1195	2339.614
-32	2343.7249
13114	2345.4985
8076	2347.145
-1100	2345.6204
-1199	2340.367
-5	2333.8953
13485	2324.1074
8367	2316.134
-1084	2309.312
-1201	2304.599
35	2305.006
13576	2307.7148
8371	2316.2554
-1068	2327.8206
-1190	2341.224
71	2357.612
13548	2372.9368
8316	2390.1338
-1079	2406.3633
-1185	2420.7822
141	2435.0762
13828	2445.6133
8471	2455.7144
-1067	2462.6543
-1173	2465.7217
76	2466.8796
13553	2463.0195
8328	2458.2283
-1091	2450.9492
-1203	2441.8767
12	2434.2686
13555	2426.0986
8418	2422.0215
-1059	2420.5613
-1174	2421.6394
81	2427.0896
13663	2433.065
8314	2442.2996
-1093	2451.313
-1204	2458.5547
101	2464.9421
13790	2466.3381
8303	2465.9321
-1086	2461.227
-1176	2452.0645
-19	2441.0938
13131	2425.9788
8163	2411.2732
-1071	2395.6912
-1182	2379.83
-55	2366.5542
12984	2353.2773
8051	2343.7397
-1071	2335.5195
-1179	2327.8577
-87	2322.353
12915	2315.337
8107	2309.8523
-1077	2303.4146
-1199	2295.7039
6	2289.1099
13239	2281.0623
8267	2275.8
-1066	2271.7185
-1213	2268.796
46	2269.104
13387	2269.0605
8335	2271.5073
-1071	2273.3225
-1192	2273.134
24	2272.27
13320	2267.3108
8342	2262.176
-1062	2255.639
-1202	2248.649
13	2244.7512
13254	2242.1614
8198	2245.3267
-1074	2252.1287
-1209	2261.4546
6	2273.7488
13232	2283.676
8069	2292.401
-1086	2295.4624
-1192	2290.8157
4	2279.7434
13143	2259.438
8129	2234.7974
-1074	2205.7717
-1201	2174.604
53	2145.9526
13379	2118.9785
8266	2099.0269
-1061	2084.8738
-1189	2076.4155
79	2075.4268
13424	2078.118
8181	2087.4177
-1091	2100.4736
-1203	2116.3901
-2	2136.8716
12996	2158.4756
8054	2184.2214
-1074	2211.0725
-1177	2237.4749
8	2264.0369
12835	2286.1108
7954	2305.764
-1076	2319.7212
-1191	2327.2917
-46	2331.0586
12841	2329.291
8043	2327.4553
-1062	2325.66
-1183	2325.533
-14	2330.693
12868	2338.7012
8079	2352.5837
-1086	2368.6355
-1207	2384.1704
-22	2398.656
12956	2406.563
8163	2409.611
-1066	2404.8496
-1196	2392.3552
64	2375.9014
12978	2355.0442
8026	2336.3982
-1076	2320.696
-1201	2310.005
-28	2307.9373
12664	2311.7632
8235	2323.9172
-1009	2340.269
-1181	2357.7444
99	2375.5203
13269	2387.794
8306	2396.0352
-1054	2396.7654
-1174	2389.24
91	2376.0508
13158	2355.273
8155	2332.056
-1091	2305.8484
-1210	2277.8743
56	2251.5803
13135	2224.8906
8231	2202.06
-1072	2181.335
-1206	2162.6785
71	2148.461
13218	2135.9236
8437	2128.9736
-1066	2125.9338
-1206	2126.766
110	2133.6965
13199	2143.5571
8041	2159.5334
-1060	2178.668
-1193	2199.4275
-228	2222.596
12697	2243.6443
8883	2264.4358
-1027	2281.9568
-1189	2294.8809
163	2304.8264
13324	2308.7024
8218	2310.511
-1061	2308.882
-1181	2304.1875
-23	2299.3438
12689	2292.0715
7989	2286.3423
-1067	2280.3074
-1192	2273.4968
-107	2267.8079
12469	2259.9485
7879	2253.0645
-1064	2244.9524
-1191	2235.3044
-246	2226.672
11934	2216.9053
7542	2210.3206
-1032	2205.829
-1186	2204.081
-40	2207.9644
12745	2214.8586
7978	2228.1206
-1089	2244.9492
-1199	2263.567
-81	2284.2346
12516	2301.825
7866	2317.515
-1092	2327.2578
-1196	2329.078
-44	2324.1045
12484	2309.3862
7762	2289.276
-1090	2263.5322
-1194	2234.0933
-62	2205.6892
12396	2178.033
7761	2156.773
-1079	2141.3423
-1187	2131.8105
-99	2129.7454
12348	2130.8193
7752	2136.4985
-1079	2142.4937
-1211	2146.4597
-121	2149.2544
12261	2147.599
7723	2145.516
-1085	2142.2996
-1194	2139.45
-177	2141.0193
11948	2145.5352
7620	2156.7568
-1076	2171.7803
-1191	2188.2754
-164	2205.5657
12138	2217.6194
7744	2225.0332
-1070	2223.8848
-1205	2213.5984
-99	2197.8965
12583	2176.987
8029	2158.6367
-1072	2145.4329
-1193	2140.9844
-89	2149.9644
12674	2169.7854
8124	2201.9697
-1021	2240.3916
-1197	2279.084
-6	2314.2136
13169	2337.4456
8496	2348.8403
-1069	2345.4087
-1195	2328.442
99	2304.1465
13328	2275.1577
8456	2251.2327
-1054	2235.6863
-1197	2231.5984
-47	2241.9507
13032	2261.729
8445	2290.1108
-1046	2319.4502
-1190	2343.193
-94	2358.3694
12669	2358.9397
8225	2347.9294
-1059	2325.8037
-1194	2296.5955
-71	2268.1335
12545	2243.2747
8046	2230.1448
-1076	2229.5295
-1214	2241.063
-132	2264.4714
12374	2292.4934
8008	2323.092
-1058	2348.852
-1197	2364.7485
-68	2369.9414
12604	2360.4636
8128	2340.5664
-1042	2310.512
-1189	2272.8284
-29	2232.7043
12777	2189.7278
8193	2149.1748
-1066	2110.128
-1186	2072.5608
-27	2038.8762
12686	2006.6062
8098	1980.1702
-1064	1959.1002
-1202	1944.7509
-64	1940.9243
12666	1945.7544
8101	1962.7346
-1056	1988.5876
-1192	2020.2241
-30	2055.926
12813	2088.3672
8209	2116.8494
-1059	2136.1707
-1195	2144.0007
-52	2142.2563
12755	2129.452
7989	2111.9048
-1084	2091.117
-1195	2070.174
-52	2054.0645
12557	2041.6022
7962	2036.6691
-1082	2036.457
-1204	2038.91
-14	2044.0511
12521	2046.988
7909	2049.6736
-1073	2049.4253
-1200	2045.7511
-37	2041.1738
12876	2033.3397
8210	2026.2667
-1065	2018.3505
-1187	2008.9181
-56	1999.5048
12804	1986.5344
8185	1973.1738
-1069	1957.8772
-1177	1941.1494
25	1926.765
12983	1913.9042
8283	1908.3484
-1064	1910.192
-1199	1919.9646
-38	1939.6261
12654	1964.8566
8094	1996.6664
-1068	2030.143
-1193	2061.6624
-36	2090.7224
12749	2112.8127
8134	2131.1497
-1066	2145.0208
-1203	2156.1675
-47	2169.3923
12590	2184.3926
8175	2206.455
-1059	2234.5742
-1213	2267.4236
-2	2304.9421
13126	2340.9055
8682	2375.0706
-1034	2402.1292
-1182	2418.7754
64	2425.5457
13494	2419.1777
9094	2404.3909
-1022	2381.8967
-1207	2354.138
179	2326.1978
14053	2297.4424
9608	2273.1328
-982	2252.4663
-1199	2234.564
142	2220.4263
13677	2205.4258
9392	2191.4778
-972	2175.855
-1198	2157.4028
79	2138.4968
13416	2117.025
8954	2097.9648
-1022	2081.414
-1199	2068.6514
41	2063.1125
13071	2062.5264
8655	2070.3975
-1017	2084.395
-1197	2102.2563
-15	2124.3145
12974	2145.393
8553	2166.6997
-1032	2184.4734
-1197	2196.732
14	2204.6338
12868	2204.9006
8283	2201.3333
-1054	2193.1382
-1187	2181.1829
-12	2169.1777
12801	2155.8682
8291	2146.2563
-1063	2139.916
-1195	2137.0762
-23	2139.941
12617	2145.109
8160	2154.9446
-1056	2166.3699
-1203	2177.0996
-12	2187.236
12674	2192.1943
8005	2194.1746
-1070	2190.6277
-1198	2180.991
-10	2167.8564
12551	2149.388
7953	2130.4978
-1081	2111.1082
-1200	2092.4297
-108	2078.006
12243	2066.089
7825	2060.6665
-1069	2060.1118
-1197	2063.6538
-58	2072.5903
12433	2083.0527
7920	2097.323
-1084	2112.584
-1199	2127.3948
-101	2142.9814
12431	2155.8367
8033	2168.9124
-1062	2180.2566
-1187	2189.2205
-106	2197.7078
12235	2202.7283
7898	2207.4517
-1069	2210.008
-1197	2209.7185
-92	2208.4253
12379	2203.1082
8042	2197.0698
-1049	2188.826
-1197	2178.0815
-131	2167.2014
12226	2153.8057
8019	2141.7903
-1052	2130.197
-1190	2119.1833
-182	2111.4612
11949	2104.839
7618	2103.1973
-1096	2105.1597
-1192	2110.5774
-225	2121.7947
11649	2136.1802
7536	2157.0134
-1061	2182.391
-1179	2211.6936
-150	2246.816
11991	2284.6414
7709	2328.0781
-1066	2374.5718
-1193	2422.7698
-141	2473.7546
12010	2523.2866
7669	2572.9807
-1072	2618.8887
-1189	2658.4685
-132	2691.8518
11937	2714.4102
7651	2728.063
-1059	2730.0935
-1179	2719.933
-196	2700.5405
11886	2670.606
7661	2635.5566
-1071	2596.0767
-1194	2554.2368
-164	2514.5994
11867	2476.3247
7584	2444.0068
-1078	2416.3823
-1208	2392.7944
-134	2374.583
11839	2357.859
7401	2344.707
-1079	2332.185
-1174	2318.9763
-158	2306.7856
11852	2292.843
7529	2280.7751
-1079	2269.2183
-1196	2258.0972
-141	2249.7446
12023	2241.2593
7554	2235.5913
-1077	2230.18
-1182	2223.7524
-196	2217.756
11788	2208.9297
7439	2200.487
-1081	2190.8447
-1186	2180.1768
-231	2171.4556
11536	2162.768
7257	2157.945
-1090	2155.1936
-1185	2153.6172
-209	2154.378
11691	2153.3396
7381	2152.2603
-1079	2147.7903
-1187	2138.4614
-187	2126.0925
11592	2108.4158
7316	2089.951
-1085	2070.617
-1184	2052.1956
-189	2038.9556
11545	2029.9158
7266	2029.3495
-1077	2035.4152
-1201	2046.7363
-221	2063.574
11551	2080.7366
7340	2098.7495
-1083	2113.2117
-1202	2121.7222
-209	2125.259
11459	2121.0608
7163	2113.3772
-1092	2102.0454
-1199	2088.9902
-276	2078.88
11363	2071.1965
7197	2070.6885
-1087	2075.9216
-1207	2085.865
-263	2101.0334
11438	2116.22
7121	2131.705
-1109	2142.4
-1186	2145.1724
-264	2140.3066
11399	2124.2683
7229	2100.6929
-1097	2069.2769
-1214	2032.1705
-283	1994.7834
11209	1957.9459
7016	1928.1482
-1082	1906.017
-1189	1892.7521
-359	1890.9937
10994	1897.4005
6956	1913.387
-1096	1934.5347
-1185	1957.48
-260	1981.5018
11305	2001.4231
7076	2018.6523
-1100	2030.111
-1196	2035.0485
-266	2036.2546
11243	2032.1068
7081	2027.2063
-1066	2020.82
-1197	2013.5701
-258	2008.6821
11391	2003.9412
7101	2002.7369
-1091	2002.6002
-1189	2002.4333
-264	2004.1216
11169	2004.4192
7055	2005.9642
-1089	2006.1478
-1202	2003.9575
-322	2001.5896
11206	1996.2997
7118	1991.404
-1094	1985.1238
-1202	1977.4276
-249	1971.3746
11279	1965.199
7141	1963.0629
-1101	1963.8206
-1196	1967.4829
-241	1976.3943
11181	1987.415
7071	2002.5887
-1097	2018.17
-1207	2031.4738
-251	2042.442
11307	2046.3473
7109	2044.931
-1099	2035.6017
-1189	2018.3052
-211	1996.654
11455	1970.2357
7071	1945.1339
-1096	1922.2327
-1198	1903.5306
-219	1892.885
11399	1888.2273
7008	1892.2952
-1091	1901.5797
-1191	1913.3171
-214	1927.0353
11432	1937.5614
7088	1946.2091
-1094	1949.8778
-1202	1947.9584
-212	1943.2177
11422	1934.2793
7028	1926.0354
-1108	1918.1453
-1209	1911.4404
-237	1908.707
11470	1907.248
7066	1909.7579
-1095	1913.33
-1171	1916.2504
-203	1919.35
11409	1918.9268
7088	1917.5769
-1091	1913.1761
-1192	1905.4443
-154	1896.9366
11703	1885.5813
7323	1875.4575
-1090	1865.4995
-1181	1855.9342
-242	1849.5133
11439	1844.0018
7229	1842.9275
-1078	1844.5544
-1185	1848.1656
-211	1855.2838
11543	1862.2568
7374	1871.0558
-1078	1878.3912
-1187	1882.1807
-172	1883.108
11561	1877.4181
7209	1867.9329
-1088	1853.1287
-1189	1833.5066
-199	1812.8661
11483	1790.5995
7177	1772.167
-1077	1757.7533
-1175	1748.2972
-196	1746.4417
11051	1749.3247
6684	1759.1024
-1056	1772.3259
-1201	1786.6377
-224	1802.1631
11481	1814.6718
7121	1826.4578
-1099	1835.3784
-1184	1841.111
-175	1846.1842
11466	1848.4834
7050	1851.7052
-1099	1854.1577
-1192	1855.1444
-159	1856.1401
11527	1853.7714
7039	1850.7521
-1103	1845.0505
-1191	1836.4525
-222	1827.7582
11378	1817.4647
6919	1810.2512
-1108	1805.6129
-1191	1803.9952
-139	1807.6953
11647	1813.5094
7087	1823.5482
-1120	1834.3131
-1197	1843.3982
-212	1851.0352
11650	1853.2114
7188	1852.6915
-1092	1848.0837
-1189	1840.1299
-137	1832.4973
11662	1824.3569
7222	1820.7137
-1104	1820.9991
-1211	1825.1272
-177	1834.5801
11902	1845.2566
7446	1858.6455
-1079	1870.9889
-1194	1880.0123
-107	1886.3843
11833	1886.7521
7344	1884.6364
-1095	1879.2368
-1209	1871.4963
-281	1864.9698
11556	1858.3043
7130	1855.7499
-1068	1855.9795
-1216	1858.2946
-171	1863.7726
11696	1868.4353
7388	1874.1943
-1084	1878.175
-1211	1879.0643
-204	1878.4454
11596	1873.7468
7236	1868.8481
-1088	1863.0774
-1194	1857.1462
-157	1854.1272
11545	1852.2358
7195	1855.2842
-1096	1861.7689
-1200	1870.9614
-120	1884.0681
11864	1897.265
7258	1912.6113
-1088	1927.0605
-1191	1938.8291
-147	1948.7239
11642	1953.1942
7141	1955.1051
-1099	1952.8575
-1206	1946.6113
-129	1939.2931
11884	1929.4789
7186	1922.049
-1103	1916.7935
-1192	1914.3868
-138	1917.3226
11739	1922.7161
7203	1932.9515
-1092	1944.6982
-1194	1955.3433
-124	1964.3197
11842	1966.4907
7206	1963.3379
-1094	1952.16
-1186	1932.494
-139	1907.3523
11784	1876.0576
7132	1844.7231
-1127	1814.8413
-1201	1788.9731
-305	1771.4755
11146	1761.2195
6636	1761.8977
-1068	1771.1221
-1199	1786.8176
-167	1808.4484
11661	1830.528
7218	1853.6138
-1092	1873.7205
-1200	1888.6348
-152	1899.1536
11646	1902.1456
7099	1901.1205
-1094	1895.1471
-1205	1884.8245
-232	1873.2738
11384	1859.1221
7024	1846.9365
-1117	1836.326
-1209	1828.0573
-222	1825.0016
11249	1825.135
6908	1831.8367
-1107	1843.0837
-1201	1857.4336
-224	1875.193
11176	1891.7021
6839	1908.0149
-1111	1920.5195
-1204	1927.4247
-259	1930.1951
11226	1926.7839
6917	1922.0396
-1102	1916.7513
-1195	1913.257
-192	1915.9888
11284	1923.9773
6918	1940.7877
-1104	1963.6061
-1194	1989.3225
-209	2016.0428
11263	2036.8545
6908	2051.0288
-1102	2054.059
-1180	2044.4143
-148	2024.8878
11548	1995.5756
6926	1964.0267
-1091	1933.3921
-1197	1907.926
-225	1892.9774
11474	1887.4446
6932	1894.0857
-1096	1908.6733
-1196	1926.9033
-118	1946.0813
11711	1959.2557
7000	1966.7332
-1115	1965.5356
-1194	1955.9691
-56	1942.2917
11963	1925.2114
7204	1911.8345
-1107	1903.6138
-1194	1902.0094
-167	1909.0675
11683	1920.5397
7087	1936.9707
-1106	1953.2751
-1196	1965.8888
-152	1974.4077
11728	1975.1196
7224	1971.8365
-1104	1964.6722
-1194	1955.6665
-149	1949.175
11800	1944.2764
7170	1945.0608
-1106	1949.3152
-1207	1955.1001
-185	1962.2583
11637	1965.9828
7122	1968.1693
-1103	1966.8367
-1187	1962.4418
-160	1958.7839
11389	1955.4954
6976	1957.8281
-1099	1965.072
-1189	1976.2377
-218	1991.0779
11276	2003.2772
6877	2011.6385
-1111	2010.1738
-1196	1995.4415
-274	1968.3644
11230	1927.7703
6839	1880.8733
-1090	1831.8647
-1182	1787.2291
-242	1755.4448
11237	1738.8191
6804	1742.9244
-1106	1765.3838
-1192	1802.1061
-163	1848.694
11583	1894.9635
6896	1936.8094
-1124	1966.3722
-1201	1979.5107
-157	1977.2137
11560	1958.653
6931	1931.2128
-1105	1898.4767
-1211	1865.4888
-174	1838.5547
11518	1817.6388
6871	1806.6267
-1112	1802.4093
-1201	1801.9454
-175	1803.8601
11364	1802.5248
6780	1799.2668
-1121	1791.7987
-1203	1780.7014
-202	1769.8322
11298	1759.0083
6766	1753.743
-1109	1753.6418
-1186	1758.5846
-234	1769.3892
11397	1781.2161
6877	1794.7053
-1110	1805.5363
-1182	1811.5533
-201	1814.025
11329	1810.8871
6813	1807.0582
-1114	1803.0293
-1186	1800.7281
-200	1803.7874
11446	1810.1425
6934	1822.4785
-1106	1837.2048
-1180	1851.4417
-186	1864.5278
11323	1871.6538
6786	1874.9497
-1091	1872.7808
-1187	1866.348
-276	1860.2217
11063	1854.8246
6749	1856.2206
-1101	1864.5756
-1197	1880.1581
-266	1903.9097
11001	1930.8047
6572	1960.5826
-1112	1987.5168
-1196	2007.6533
-291	2020.3673
10794	2021.9104
6453	2015.876
-1123	2002.302
-1197	1983.803
-324	1965.791
10603	1949.0293
6396	1939.1626
-1117	1935.7379
-1202	1938.4531
-272	1948.0304
10934	1959.7202
6495	1974.074
-1107	1986.4974
-1199	1994.4744
-166	1998.4558
11444	1995.1824
6814	1988.235
-1109	1976.7737
-1219	1961.8445
-167	1946.7965
11510	1930.2039
6961	1916.2334
-1105	1903.4344
-1212	1891.4379
-173	1881.7234
11807	1870.8768
7154	1861.5674
-1096	1851.5023
-1191	1840.0195
-127	1829.0245
11682	1816.0703
6997	1805.005
-1095	1794.6473
-1183	1785.3702
-121	1779.7211
11671	1775.4542
6969	1776.1764
-1123	1780.073
-1204	1786.5769
-194	1797.1079
11553	1808.2222
6991	1822.3472
-1090	1836.8701
-1192	1850.5847
-181	1864.439
11831	1874.9863
7161	1885.094
-1096	1892.7345
-1189	1897.3987
-170	1900.9968
11618	1900.8433
7049	1900.2655
-1107	1897.5107
-1204	1892.2097
-161	1886.2245
11486	1876.8832
6901	1867.6119
-1101	1856.9905
-1194	1845.1611
-174	1834.688
11434	1823.6641
6813	1816.1156
-1119	1810.9331
-1197	1808.0847
-132	1809.3597
11501	1811.6104
6828	1817.3068
-1102	1823.7019
-1179	1829.3457
-180	1835.1239
11479	1837.685
6936	1840.078
-1104	1840.8529
-1193	1840.2468
-127	1840.9185
11797	1840.9069
6983	1844.1112
-1107	1848.9382
-1202	1854.5931
-120	1861.9358
11644	1866.8549
6912	1871.0803
-1102	1871.427
-1183	1866.4396
-107	1857.4794
11801	1842.0342
6963	1824.4274
-1112	1804.3779
-1188	1783.3635
-213	1764.9655
11341	1747.8221
6692	1735.8884
-1119	1727.1952
-1182	1720.5255
-149	1716.1962
11453	1709.6888
6802	1702.5034
-1107	1691.4209
-1171	1675.5107
-211	1656.8987
11292	1634.0624
6756	1612.1567
-1104	1591.6554
-1195	1574.7758
-214	1565.6528
10901	1563.2949
6414	1571.619
-1121	1588.4408
-1194	1612.3011
-226	1643.1843
10949	1676.1385
6526	1711.8962
-1114	1746.315
-1196	1777.2842
-281	1805.6029
10830	1828.2281
6454	1848.5048
-1111	1865.1415
-1182	1878.7634
-260	1892.2689
10918	1903.8812
6443	1917.3346
-1117	1930.8654
-1191	1943.8977
-149	1957.6908
11190	1968.7205
6563	1979.1858
-1132	1986.26
-1212	1988.7501
-193	1987.9495
11402	1980.9937
6699	1971.4738
-1124	1958.4055
-1195	1942.6848
-160	1927.7106
11532	1912.4934
6751	1902.0472
-1132	1896.0201
-1203	1894.9733
-218	1900.9565
11341	1910.7126
6687	1926.1804
-1126	1943.61
-1200	1960.3112
-197	1975.6625
11333	1984.8286
6618	1989.5554
-1124	1987.2472
-1202	1977.8618
-108	1964.3154
11558	1945.6451
6753	1927.2498
-1107	1909.3065
-1201	1893.1621
-139	1881.626
11475	1872.2024
6703	1867.6747
-1114	1865.1353
-1184	1863.0388
-173	1862.068
11495	1858.7588
6809	1856.2152
-1123	1853.087
-1211	1849.9705
-213	1849.7678
11228	1850.7887
6579	1856.8262
-1112	1865.9944
-1194	1877.2723
-185	1891.183
11239	1903.4868
6546	1915.9434
-1118	1925.5618
-1192	1931.5447
-204	1935.9569
11207	1936.9755
6587	1939.042
-1121	1941.5172
-1209	1944.8751
-194	1950.9807
11221	1956.3761
6557	1962.7572
-1107	1966.2362
-1201	1964.4604
-156	1957.7167
11428	1942.6985
6656	1923.294
-1129	1899.5209
-1197	1873.8601
-183	1851.3458
11385	1832.3096
6767	1822.1903
-1108	1820.1044
-1192	1824.9188
-150	1836.1053
11363	1847.5205
6724	1858.4362
-1127	1863.4182
-1194	1859.411
-149	1846.9247
11391	1823.7646
6611	1795.3127
-1136	1763.1613
-1190	1730.802
-157	1703.5343
11282	1681.3395
6579	1668.7242
-1119	1663.7689
-1200	1664.5061
-183	1670.082
11284	1674.9232
6513	1679.7273
-1138	1680.9956
-1198	1677.8667
-123	1672.6599
11311	1664.2804
6720	1658.0444
-1121	1654.2365
-1185	1654.2006
-228	1660.5831
11554	1670.5203
7199	1686.2667
-1096	1704.6123
-1184	1723.4883
-96	1743.2098
11886	1759.9414
6876	1776.6582
-1109	1791.5294
-1198	1804.6542
-15	1818.3373
12050	1829.9834
7060	1842.7502
-1104	1854.0516
-1181	1862.4332
-72	1868.4563
11748	1868.295
6913	1864.7322
-1097	1856.1108
-1174	1843.1545
-160	1829.4521
10916	1814.5856
6054	1804.027
-1100	1797.5509
-1197	1796.0029
-79	1801.3574
11837	1810.077
7060	1824.0029
-1091	1839.3088
-1184	1853.6333
-76	1867.1082
12006	1875.7349
7156	1882.3877
-1104	1885.4072
-1202	1885.028
-71	1883.8702
11984	1879.8483
7118	1876.7506
-1104	1872.8813
-1201	1867.6069
-19	1862.2101
12299	1853.3018
7248	1843.9849
-1106	1832.5388
-1205	1819.0607
-33	1806.1066
12124	1791.8254
7094	1780.5898
-1093	1771.3591
-1199	1764.207
-52	1760.843
12099	1757.956
7152	1758.1987
-1114	1758.978
-1214	1759.2251
-35	1760.2838
12042	1759.2346
7045	1759.7057
-1112	1760.2502
-1207	1761.0966
-69	1764.4828
11897	1767.8333
6999	1774.4286
-1097	1782.0902
-1184	1789.9941
-27	1799.3269
12006	1806.7119
6931	1815.1046
-1111	1822.2635
-1190	1827.703
-243	1833.1211
11266	1835.629
6389	1838.2875
-1106	1838.8646
-1194	1836.841
-29	1833.791
12024	1826.9744
6996	1820.1628
-1098	1812.2289
-1194	1803.7363
-87	1797.3462
11759	1790.9314
6943	1788.0236
-1109	1786.5117
-1199	1785.1637
-126	1784.4657
11652	1780.3063
6888	1774.8937
-1118	1766.1915
-1212	1754.4745
-143	1743.0186
11394	1731.5116
6698	1725.9418
-1106	1727.1459
-1189	1736.5409
-210	1756.2657
11229	1782.4484
6599	1815.6074
-1115	1850.2769
-1213	1882.0625
-184	1909.1001
11142	1926.4728
6431	1936.9939
-1125	1940.4484
-1184	1939.7787
-182	1940.7911
10991	1944.7986
6334	1957.6315
-1121	1977.915
-1205	2003.2977
-206	2030.9248
10862	2051.8853
6242	2062.5547
-1121	2055.1501
-1206	2026.0258
-199	1976.981
10946	1909.2894
6207	1833.5723
-1119	1757.6135
-1202	1691.7805
-359	1647.3792
10811	1628.4307
6206	1640.7354
-1097	1680.4004
-1206	1741.0831
-117	1815.3811
11331	1890.135
6360	1958.7185
-1132	2011.5216
-1205	2044.1133
-125	2057.9287
11509	2053.5466
6496	2040.1499
-1126	2022.752
-1204	2007.6663
-141	2001.4446
11393	2003.5945
6446	2016.8713
-1135	2036.4468
-1201	2057.8162
-116	2078.1921
11305	2091.1826
6333	2097.9854
-1116	2096.409
-1179	2087.7122
-130	2076.3271
11304	2062.53
6340	2052.071
-1120	2044.3887
-1192	2039.3109
-197	2037.489
10963	2034.5768
6192	2032.0813
-1142	2026.9849
-1198	2019.0345
-177	2011.014
11070	2002.1295
6244	1997.6407
-1111	1997.0922
-1183	2000.535
-180	2008.4485
11029	2015.4482
6240	2020.9763
-1127	2019.1259
-1199	2006.4807
-160	1983.27
10987	1947.6981
6077	1906.2701
-1130	1862.2183
-1196	1821.7405
-163	1792.9043
11166	1778.0387
6229	1783.0515
-1128	1805.6176
-1201	1842.1611
-177	1888.7155
11239	1935.4995
6228	1978.6294
-1109	2010.1421
-1181	2026.009
-101	2026.9333
11295	2011.8824
6132	1987.9736
-1117	1958.1465
-1191	1927.2887
-170	1901.3126
11276	1880.0621
6257	1867.4355
-1129	1860.293
-1202	1855.981
-137	1853.284
11374	1846.851
6262	1838.2783
-1126	1825.0876
-1186	1807.8401
-112	1789.9271
11432	1770.7324
6235	1755.5077
-1138	1743.5118
-1199	1734.7476
-185	1730.2721
11204	1725.9381
6170	1723.3221
-1124	1718.7876
-1191	1710.9607
-174	1701.5275
11359	1688.4332
6344	1676.3113
-1141	1664.5952
-1201	1654.453
-169	1648.4724
11391	1643.96
6338	1643.4904
-1131	1643.6016
-1204	1642.5708
-201	1641.0015
11313	1635.6189
6296	1630.1136
-1132	1623.7697
-1204	1618.4668
-225	1618.4838
11216	1623.3947
6188	1638.009
-1134	1660.7917
-1199	1690.628
-191	1726.7968
11272	1763.3047
6231	1799.6984
-1138	1830.2504
-1189	1851.8229
-201	1864.6089
11286	1865.7277
6283	1859.7994
-1135	1847.1638
-1219	1830.7468
-194	1815.6744
11099	1802.0927
6126	1795.1367
-1124	1793.236
-1190	1795.474
-211	1801.9409
11168	1807.5135
6169	1812.8987
-1129	1813.5753
-1197	1807.8414
-187	1797.132
11287	1779.4347
6176	1759.7716
-1146	1738.2799
-1199	1717.3461
-200	1701.171
11056	1688.8419
6019	1684.49
-1128	1685.6846
-1200	1691.0708
-199	1700.6448
11041	1709.5515
5993	1718.9167
-1139	1724.7494
-1202	1725.7836
-160	1723.5834
11401	1715.9949
6189	1707.6195
-1131	1697.9423
-1177	1688.4944
-175	1682.6558
11331	1678.8478
6154	1680.9817
-1122	1686.7938
-1197	1695.5087
-125	1707.8928
11568	1719.9294
6180	1733.7614
-1134	1746.1588
-1191	1756.037
-138	1764.4344
11119	1768.4183
5819	1771.362
-1115	1771.2386
-1184	1768.3813
-172	1765.2493
11198	1759.9313
5961	1756.6221
-1138	1753.9883
-1184	1752.5751
-167	1754.764
11303	1758.1393
6021	1765.9774
-1129	1775.5994
-1199	1785.8269
-141	1797.1392
11324	1805.369
5950	1812.4612
-1139	1815.16
-1201	1812.604
-126	1806.5325
11268	1794.9728
6002	1782.624
-1115	1769.2155
-1201	1756.4823
-193	1747.9406
11193	1742.2504
6024	1743.3835
-1131	1749.1941
-1191	1758.6061
-92	1771.8036
11403	1784.2623
5924	1797.5125
-1146	1807.918
-1194	1814.1547
-181	1817.3254
11217	1814.7715
5996	1810.3011
-1153	1802.7849
-1195	1792.9622
-131	1783.3597
11219	1772.0634
5882	1762.974
-1125	1754.4707
-1192	1746.7338
-211	1741.6958
10951	1737.0228
5778	1736.3303
-1127	1737.7992
-1179	1741.2585
-152	1747.997
11126	1754.6434
5824	1763.3953
-1151	1770.6969
-1219	1774.9257
-217	1776.4191
10993	1771.6809
5812	1763.9005
-1137	1751.6207
-1205	1736.2758
-211	1721.7102
10858	1707.7102
5711	1699.7524
-1129	1697.2227
-1184	1700.5673
-207	1710.868
10790	1723.7856
5704	1739.9501
-1144	1754.1989
-1201	1763.5437
-271	1767.437
10525	1762.2063
5543	1751.2683
-1160	1733.9679
-1204	1712.7593
-222	1692.4213
10699	1673.5028
5516	1661.8488
-1152	1656.9825
-1216	1659.2253
-207	1669.4539
10989	1683.3303
5670	1701.9326
-1154	1720.8396
-1197	1737.9835
-184	1753.733
10834	1765.0361
5593	1775.4666
-1155	1783.6991
-1198	1790.5452
-209	1798.3528
11071	1804.6654
5708	1812.3535
-1130	1818.2596
-1193	1820.8429
-206	1820.185
10845	1812.5009
5578	1800.599
-1156	1782.7506
-1206	1760.268
-169	1736.9779
11024	1712.9358
5628	1694.2439
-1159	1681.0447
-1186	1674.7784
-181	1677.5004
11089	1685.8282
5648	1701.3662
-1152	1719.4447
-1194	1737.2745
-137	1753.8419
11042	1764.4786
5577	1771.3953
-1144	1772.1929
-1184	1767.5641
-161	1760.6201
11122	1750.5748
5679	1742.706
-1167	1736.3893
-1209	1732.5813
-154	1733.2241
11249	1735.2507
5713	1741.1508
-1150	1747.4586
-1181	1752.8809
-179	1758.0168
10855	1759.642
5417	1760.9843
-1134	1760.1503
-1193	1757.8115
-143	1756.4019
11185	1753.9908
5599	1754.4537
-1166	1755.5537
-1203	1756.7415
-227	1758.809
10828	1758.0327
5468	1756.6566
-1156	1751.5879
-1189	1742.4293
-177	1731.1244
10938	1715.9641
5444	1701.7677
-1121	1687.9585
-1197	1676.153
-171	1669.2798
10755	1665.4066
5341	1667.7264
-1144	1673.0052
-1196	1679.6001
-166	1687.1562
11008	1691.0902
5425	1693.2723
-1137	1690.6053
-1171	1683.1051
-129	1673.3192
10903	1660.2125
5312	1649.0607
-1161	1639.3107
-1216	1632.1161
-179	1629.4639
10683	1628.1799
5191	1630.1041
-1164	1630.9071
-1199	1628.3939
-124	1622.3815
10838	1609.3708
5186	1593.0026
-1151	1572.4049
-1179	1550.0001
-141	1530.4209
10921	1514.0826
5223	1506.8541
-1167	1507.7395
-1199	1516.7012
-134	1533.9124
10916	1554.196
5218	1577.7515
-1149	1599.0721
-1192	1615.5327
-142	1627.1499
10864	1631.0963
5149	1631.7994
-1167	1628.9297
-1214	1624.8892
-154	1623.4584
10888	1623.558
5193	1629.0956
-1158	1637.0416
-1192	1645.8271
-219	1654.9647
10396	1659.8375
4949	1662.2322
-1147	1659.1892
-1183	1651.3523
-221	1641.994
10143	1631.0438
4681	1624.3522
-1168	1621.5236
-1204	1623.8878
-174	1633.0433
10666	1645.174
5018	1661.3877
-1165	1676.5658
-1216	1688.1407
-181	1695.6316
10540	1695.638
4934	1691.9547
-1170	1683.8407
-1198	1673.8586
-163	1666.3379
10517	1661.1978
4826	1663.394
-1171	1670.8198
-1213	1682.6066
-199	1698.2522
10434	1712.5017
4841	1725.8429
-1169	1733.4376
-1187	1733.9514
-129	1728.6788
10614	1716.0521
4966	1701.3611
-1142	1684.6871
-1194	1668.6434
-113	1656.852
10897	1647.9966
5049	1645.8228
-1158	1647.2946
-1190	1651.0762
-60	1656.9459
11078	1660.514
5199	1663.7985
-1146	1663.4974
-1183	1659.4891
-33	1653.6401
11314	1644.0505
5363	1635.2194
-1166	1625.8158
-1211	1616.7096
-107	1610.0498
11037	1603.5508
5279	1600.7797
-1169	1599.4293
-1202	1599.5455
-245	1602.6296
10532	1606.0286
5082	1612.8458
-1119	1620.3907
-1182	1628.0983
-206	1636.59
10987	1642.1249
5661	1646.8704
-1165	1647.6152
-1199	1643.6572
-63	1636.2467
11486	1623.0001
5596	1608.356
-1152	1591.552
-1186	1574.3877
-162	1560.253
10468	1548.2998
4820	1543.0731
-1174	1542.8096
-1199	1547.4637
-147	1557.7063
10656	1569.6156
4908	1584.839
-1159	1599.2347
-1184	1611.1605
-141	1620.7579
10656	1624.6265
4831	1625.8994
-1174	1622.6569
-1190	1615.848
-156	1608.2197
10774	1598.6907
4865	1592.1635
-1176	1587.5503
-1190	1585.7234
-122	1588.2444
10800	1591.9232
4831	1598.8815
-1174	1604.7759
-1202	1607.4677
-172	1606.1632
10461	1596.4407
4709	1580.494
-1173	1555.8344
-1207	1523.6934
-227	1487.8259
10266	1448.9781
4544	1414.2838
-1165	1385.0337
-1201	1364.604
-239	1356.6096
9805	1359.3298
4146	1375.0886
-1152	1398.9315
-1183	1427.5016
-207	1458.1575
10408	1484.361
4660	1506.1517
-1180	1518.9347
-1194	1522.1451
-191	1517.9514
9796	1505.8215
4161	1491.5826
-1159	1475.3873
-1189	1459.8927
-192	1448.3419
10398	1439.1542
4602	1435.8025
-1174	1435.331
-1188	1437.1599
-196	1442.0134
10098	1447.0004
4466	1455.37
-1167	1464.8986
-1182	1476.2207
-199	1491.1882
10138	1507.3618
4438	1527.5933
-1172	1548.3402
-1204	1568.5125
-201	1588.2714
10170	1604.1459
4474	1619.0681
-1190	1631.0028
-1205	1641.3237
-171	1653.079
10404	1665.4167
4502	1682.8488
-1169	1702.8923
-1194	1724.4989
-164	1746.4944
10643	1762.6384
4702	1772.3002
-1167	1769.4756
-1188	1752.1254
-137	1721.577
10476	1677.7172
4533	1628.7823
-1177	1578.9727
-1192	1536.0829
-204	1508.7201
10149	1499.9482
4244	1515.8433
-1142	1553.2147
-1191	1608.1349
-134	1674.8491
10699	1741.7623
4604	1802.8192
-1185	1847.0007
-1196	1868.3744
-152	1865.4467
10627	1836.3741
4558	1788.6765
-1182	1726.5298
-1202	1658.2747
-174	1593.485
10682	1536.6343
4623	1496.0872
-1183	1471.7546
-1184	1463.5382
-144	1470.2144
10651	1485.0999
4588	1506.823
-1176	1528.3079
-1204	1546.1398
-168	1559.3174
10356	1564.4814
4403	1565.5063
-1189	1561.3678
-1193	1554.4346
-176	1548.2341
10184	1542.1356
4369	1540.642
-1174	1541.5936
-1193	1544.8215
-180	1550.478
10151	1554.3464
4262	1557.7012
-1182	1555.9209
-1196	1547.573
-189	1532.8519
10239	1508.9795
4359	1479.9846
-1171	1445.0322
-1187	1407.0182
-168	1370.4996
10293	1336.3773
4344	1311.0621
-1176	1294.3878
-1206	1287.6627
-209	1291.7714
9970	1302.4487
4189	1319.9355
-1166	1338.1874
-1194	1353.8582
-175	1365.1974
9994	1368.0662
4134	1365.6058
-1194	1356.7075
-1211	1344.3945
-169	1333.3573
10136	1324.5
4154	1323.7222
-1194	1329.7444
-1212	1342.5051
-172	1361.3672
10313	1380.7806
4246	1400.5713
-1195	1414.9767
-1192	1422.0288
-144	1422.1044
10175	1413.4365
4172	1401.3926
-1180	1386.3877
-1196	1371.8533
-149	1361.6962
10244	1355.118
4161	1355.9161
-1193	1360.8452
-1190	1368.7095
-172	1379.0154
9950	1387.8788
4057	1397.8665
-1176	1406.5515
-1186	1415.352
-183	1427.0769
9908	1440.7158
4038	1460.2352
-1171	1482.4802
-1189	1505.9965
-165	1529.1288
10005	1545.8292
4030	1555.9062
-1192	1554.0316
-1209	1539.62
-204	1515.1609
9866	1481.4146
4006	1446.4377
-1179	1413.1371
-1194	1387.2186
-175	1374.2222
9704	1373.9645
3914	1389.4717
-1174	1415.6233
-1177	1448.3442
-174	1483.6493
9923	1513.9558
4004	1538.5123
-1179	1552.394
-1202	1555.6101
-131	1551.3986
10326	1540.5128
4199	1530.2438
-1161	1521.4354
-1196	1516.9739
-91	1519.2997
10366	1525.2628
4121	1536.1505
-1166	1546.4202
-1189	1553.2462
-96	1555.2407
10479	1548.368
4231	1535.9153
-1185	1516.5421
-1188	1492.8517
-107	1468.8795
10420	1444.8177
4129	1426.1913
-1194	1411.5635
-1202	1401.438
-135	1396.2963
10328	1392.3213
4116	1391.472
-1182	1389.9421
-1193	1387.5342
-115	1385.5969
10316	1382.3448
4049	1382.2333
-1192	1383.6312
-1203	1387.6241
-93	1395.471
10358	1403.9514
4066	1415.0372
-1172	1424.269
-1186	1430.0437
-90	1431.8861
10418	1426.2598
4043	1416.4421
-1168	1400.6809
-1196	1381.0117
-94	1360.8073
10414	1339.9863
4018	1324.1705
-1184	1312.6241
-1201	1306.7175
-86	1307.6194
10278	1312.1956
3935	1322.6115
-1181	1334.6866
-1196	1347.2068
-70	1359.9712
10524	1369.4799
4092	1378.6173
-1176	1384.9321
-1186	1389.1548
-57	1392.8807
10513	1394.1771
3994	1396.9938
-1191	1398.9885
-1196	1400.5751
-71	1402.6979
10378	1402.4576
3959	1402.775
-1175	1400.6699
-1203	1396.2018
-89	1390.3768
10276	1380.8279
3890	1371.2947
-1173	1359.7618
-1187	1347.3302
-60	1335.8942
10219	1323.7849
3843	1315.0872
-1183	1307.8005
-1177	1302.696
-74	1301.0605
9971	1300.3772
3746	1303.585
-1181	1307.3849
-1194	1311.3893
-106	1315.767
9851	1317.1532
3655	1318.0005
-1208	1314.9452
-1197	1308.1566
-72	1298.9984
10054	1285.7317
3741	1272.8579
-1181	1259.2179
-1192	1247.0032
-57	1239.0917
10092	1234.5596
3698	1237.8312
-1196	1246.7198
-1202	1261.4565
-36	1282.1539
10281	1304.8716
3856	1331.1962
-1188	1356.471
-1199	1379.4393
-20	1399.9343
10361	1414.7465
3835	1427.2346
-1167	1435.1521
-1191	1439.9069
-7	1443.7557
10684	1445.2297
3945	1448.7053
-1191	1451.8611
-1189	1455.1212
-7	1459.2028
10645	1460.8577
3943	1462.8474
-1186	1461.8232
-1199	1457.9501
-16	1452.4766
10587	1443.3967
3961	1435.0258
-1184	1425.7252
-1178	1416.9232
11	1410.4956
10677	1404.3407
3919	1402.0353
-1192	1400.7179
-1200	1400.357
1	1401.5172
10451	1401.2882
3844	1402.904
-1169	1403.8009
-1195	1404.7281
-2	1407.1373
10500	1408.8855
3848	1413.6138
-1195	1418.5511
-1202	1423.6683
-19	1429.264
10339	1431.9143
3758	1434.1339
-1186	1432.5785
-1202	1427.4963
-11	1420.293
10233	1409.4335
3671	1399.6926
-1202	1390.1266
-1199	1382.8597
16	1380.316
10328	1380.9156
3672	1388.2623
-1205	1399.183
-1194	1412.9226
31	1428.7821
10468	1442.3289
3704	1455.1545
-1187	1463.0638
-1197	1465.6108
8	1463.568
10290	1454.9324
3603	1444.2181
-1212	1430.1956
-1204	1415.0865
27	1401.5883
10391	1388.5973
3582	1380.4922
-1179	1374.9174
-1191	1372.1846
33	1372.5989
10313	1372.6287
3529	1374.4642
-1191	1374.0983
-1192	1371.0154
16	1365.5325
10196	1354.958
3474	1342.9283
-1183	1327.4478
-1189	1310.0686
58	1293.0425
10350	1275.2468
3485	1261.3851
-1191	1249.7947
-1192	1241.669
78	1238.2811
10402	1237.0985
3463	1241.2144
-1189	1247.2787
-1189	1255.0739
60	1264.8018
10366	1273.298
3443	1283.467
-1191	1292.2402
-1181	1299.9335
91	1307.5046
10437	1312.6355
3516	1319.0533
-1186	1324.5107
-1197	1329.9408
49	1336.7443
10150	1342.9551
3366	1352.3726
-1191	1362.5597
-1182	1374.1477
41	1387.9973
10048	1401.3824
3307	1417.1552
-1194	1431.7535
-1194	1444.9198
50	1456.8651
10004	1464.5894
3284	1471.1373
-1194	1473.6797
-1192	1473.2302
66	1471.528
10008	1467.2023
3246	1464.753
-1191	1462.2682
-1194	1461.0328
74	1462.3391
10099	1463.6093
3242	1467.6841
-1191	1470.7692
-1189	1472.4735
100	1472.8888
10145	1469.0483
3236	1464.3081
-1199	1456.2118
-1209	1446.2461
77	1436.5784
10124	1426.0842
3199	1419.3259
-1188	1414.119
-1186	1411.2302
113	1411.1666
10320	1410.5261
3304	1411.5115
-1183	1409.9103
-1192	1405.2628
166	1397.9487
10539	1385.6261
3284	1372.7373
-1195	1357.8635
-1207	1343.5695
149	1332.7916
10154	1324.8838
2744	1324.5446
-1179	1328.9988
-1181	1338.3473
208	1352.083
10803	1365.6664
3430	1380.4475
-1187	1391.454
-1197	1397.7416
131	1399.4504
10277	1394.3096
3194	1386.8617
-1187	1375.87
-1182	1364.0784
134	1354.5114
10239	1346.4277
3165	1344.3003
-1199	1345.2865
-1208	1349.3643
136	1356.0789
10118	1361.2944
3138	1366.6996
-1169	1367.9548
-1179	1364.9829
132	1358.7635
10033	1347.8184
3010	1337.1327
-1193	1325.6866
-1212	1316.1207
172	1310.9485
10376	1308.7599
3131	1313.3076
-1200	1321.0996
-1202	1331.5546
172	1343.862
10309	1353.813
3106	1363.3328
-1205	1368.547
-1202	1369.7858
176	1368.3418
10299	1362.9067
3046	1358.5018
-1193	1353.946
-1187	1351.3395
221	1352.4578
10325	1355.1309
2953	1362.3513
-1196	1369.959
-1192	1376.9299
250	1382.2296
10476	1381.7662
3125	1377.9431
-1176	1367.5258
-1205	1351.789
181	1333.007
10068	1310.9108
2789	1291.3763
-1180	1273.6761
-1187	1260.3271
190	1253.1975
10098	1249.9567
2770	1253.1849
-1192	1258.1624
-1202	1263.5972
210	1268.3627
10188	1268.6163
2836	1267.2803
-1199	1261.5951
-1191	1253.6692
216	1246.4027
10087	1239.6953
2788	1239.0354
-1186	1242.4991
-1197	1250.9751
204	1264.2556
10054	1277.8643
2774	1292.5533
-1208	1302.426
-1214	1306.0776
193	1303.425
9897	1292.7181
2699	1279.5524
-1193	1264.144
-1188	1251.2942
197	1245.7366
9873	1248.0284
2709	1262.7997
-1197	1286.1224
-1197	1315.9047
250	1348.574
10214	1376.5942
2783	1398.5721
-1193	1407.7108
-1197	1403.1265
256	1386.4811
10259	1358.614
2773	1328.161
-1194	1298.0978
-1200	1275.0752
351	1264.5118
10834	1266.3973
3306	1284.1859
-1174	1312.2512
-1188	1346.5729
295	1382.0977
10362	1410.5748
2697	1430.8035
-1209	1436.8335
-1197	1428.9967
270	1410.0115
10098	1381.3461
2609	1351.3959
-1192	1321.9733
-1196	1298.0242
293	1282.9183
10266	1274.9592
2646	1276.547
-1199	1282.0162
-1200	1288.9391
293	1294.9677
10411	1295.411
2699	1292.907
-1204	1284.865
-1202	1274.0127
307	1263.8815
10573	1255.0364
2773	1253.6597
-1180	1258.1694
-1185	1269.5692
312	1287.359
10386	1306.709
2641	1328.0642
-1194	1345.0839
-1197	1355.929
298	1359.7384
10311	1353.9304
2636	1343.3123
-1192	1327.2062
-1196	1309.7374
293	1295.1146
10300	1284.0273
2683	1282.1466
-1186	1287.1414
-1189	1299.2728
308	1317.328
10225	1336.0256
2639	1355.4958
-1189	1369.3002
-1188	1375.7029
403	1373.9131
10981	1361.2905
3364	1342.7048
-1168	1317.5994
-1186	1289.978
313	1264.0066
10259	1240.4081
2651	1224.9606
-1192	1215.7092
-1200	1213.4128
305	1217.6011
10006	1224.0328
2511	1233.9288
-1192	1242.1362
-1176	1248.0132
323	1251.5731
10048	1250.684
2499	1249.6772
-1197	1246.7095
-1203	1243.8395
340	1242.548
10278	1240.6564
2550	1241.1753
-1205	1239.9862
-1196	1236.7059
356	1230.9645
10332	1219.9739
2595	1207.7197
-1187	1192.4736
-1185	1177.2401
381	1165.1382
10654	1156.0138
2641	1155.0713
-1198	1159.6473
-1194	1169.8483
351	1184.4459
10321	1198.5038
2579	1212.9302
-1207	1222.6104
-1202	1227.6552
384	1229.4283
10587	1227.7175
2620	1229.4187
-1196	1234.9686
-1198	1248.3904
401	1272.1063
10478	1303.5679
2600	1344.0621
-1194	1386.1471
-1204	1425.3926
411	1456.8032
10683	1473.1476
2688	1475.0155
-1197	1458.6426
-1203	1427.0819
378	1385.1047
10459	1336.0797
2624	1289.843
-1194	1248.7338
-1197	1217.8925
373	1200.1074
10286	1192.9651
2551	1198.0771
-1210	1209.1829
-1207	1223.7859
354	1239.5209
10023	1252.105
2453	1264.2577
-1189	1273.214
-1200	1281.075
346	1289.7979
9916	1298.0662
2433	1309.4586
-1182	1320.1307
-1178	1329.5876
388	1336.7213
10219	1337.7329
2529	1335.3762
-1199	1326.8811
-1204	1314.6287
408	1301.4457
10496	1287.513
2627	1278.6288
-1200	1272.9268
-1201	1271.4738
436	1273.6775
10652	1274.9905
2628	1276.5714
-1182	1273.2278
-1184	1265.1233
436	1253.7103
10665	1239.1578
2655	1229.0345
-1189	1224.7072
-1207	1231.3076
471	1252.0724
10758	1284.9219
2638	1331.118
-1189	1382.4899
-1205	1433.2379
468	1476.3394
10754	1502.4333
2628	1510.172
-1212	1494.2875
-1197	1457.1754
490	1404.0573
10818	1339.6099
2641	1275.7971
-1216	1217.587
-1206	1172.5468
481	1145.1381
10746	1133.8252
2624	1140.1553
-1213	1156.6245
-1209	1178.7268
459	1201.4431
10843	1217.9368
2714	1229.3613
-1200	1232.3109
-1185	1229.6058
442	1224.998
10464	1219.8716
2567	1221.093
-1189	1227.6732
-1194	1241.1655
461	1260.8926
10418	1281.9653
2516	1304.611
-1193	1322.4033
-1200	1333.8516
453	1338.2025
10468	1333.3336
2548	1324.3755
-1184	1310.839
-1182	1296.7814
466	1285.5453
10359	1276.929
2498	1275.512
-1179	1278.1603
-1196	1284.917
446	1294.6991
10313	1303.4625
2483	1313.2312
-1181	1319.8987
-1177	1324.324
466	1327.4297
10214	1327.7661
2399	1329.7804
-1194	1331.0443
-1195	1333.0585
466	1336.2375
10191	1337.7598
2397	1340.2776
-1206	1339.5397
-1187	1335.8606
501	1329.4899
10658	1318.1315
2876	1305.824
-1192	1290.2844
-1203	1273.6312
530	1257.3232
10536	1239.8126
2428	1225.1792
-1189	1210.4695
-1181	1196.8873
536	1184.9412
10559	1172.4612
2453	1163.4158
-1195	1155.206
-1199	1149.8268
508	1148.6594
10278	1150.2163
2353	1158.5024
-1211	1170.2605
-1214	1186.1814
513	1205.7866
10286	1225.5073
2337	1247.4596
-1195	1266.9824
-1188	1284.272
532	1299.294
10396	1309.7356
2439	1319.573
-1180	1326.2904
-1202	1331.9447
536	1337.7776
10318	1342.0493
2349	1348.4873
-1186	1353.7052
-1212	1358.5483
539	1363.0743
10344	1364.7173
2357	1366.9712
-1206	1366.8585
-1200	1366.1094
563	1365.9531
10445	1364.8706
2439	1366.9968
-1191	1369.379
-1183	1373.0161
571	1377.834
10456	1380.7573
2341	1384.5697
-1228	1385.2444
-1201	1383.6527
588	1380.7335
10478	1375.0348
2449	1371.315
-1184	1367.6913
-1179	1366.4825
578	1368.836
10435	1372.4629
2412	1380.0941
-1197	1387.1146
-1184	1392.8016
613	1395.6946
10553	1391.9991
2407	1384.5474
-1192	1370.422
-1187	1352.0676
634	1332.0256
10636	1310.5966
2388	1293.9841
-1192	1281.0311
-1196	1274.1569
626	1273.8995
10455	1277.0076
2292	1285.2081
-1201	1292.9382
-1191	1299.2081
684	1302.8013
10924	1300.6191
2390	1296.6921
-1171	1288.8286
-1191	1280.1205
688	1272.9368
10866	1266.4911
2417	1265.2365
-1191	1265.6709
-1181	1267.834
677	1270.3428
10798	1268.8751
2386	1265.4954
-1192	1256.1052
-1193	1242.4485
658	1226.7257
10589	1209.4628
2341	1197.6151
-1184	1191.1125
-1192	1193.6891
665	1206.9386
10459	1228.1503
2348	1258.8105
-1203	1292.1841
-1197	1325.4764
691	1355.1165
10611	1375.5765
2364	1388.5127
-1199	1390.2585
-1201	1383.2418
673	1370.2981
10631	1352.1846
2364	1335.5217
-1207	1319.4628
-1187	1306.6095
698	1297.6322
10408	1289.5448
2278	1284.4775
-1173	1277.7216
-1192	1269.364
698	1259.4655
10453	1246.4175
2233	1235.2244
-1193	1224.6852
-1189	1217.9896
695	1217.0573
10400	1220.3103
2218	1230.8265
-1189	1243.8018
-1201	1258.1439
756	1271.6326
10647	1279.6735
2261	1284.3363
-1183	1281.825
-1184	1274.1755
799	1263.6472
10816	1250.4745
2306	1240.9991
-1195	1234.0734
-1196	1232.3988
788	1236.7089
10906	1243.9375
2276	1256.2052
-1209	1268.0446
-1204	1278.731
847	1287.1404
11001	1290.2316
2216	1291.9083
-1214	1289.612
-1212	1286.0695
833	1283.2019
11098	1279.9467
2298	1280.8173
-1184	1282.4353
-1190	1285.6222
824	1289.9199
10916	1292.1104
2298	1295.2377
-1196	1295.6475
-1189	1295.0364
814	1294.6782
10844	1293.4066
2289	1295.966
-1201	1299.5999
-1192	1305.6807
788	1313.9972
10623	1321.0836
2245	1329.0264
-1171	1332.8478
-1186	1332.7913
760	1328.9978
11198	1319.7139
2439	1310.2544
-1183	1299.4938
-1206	1291.176
1061	1287.9036
11429	1288.9652
2189	1298.8525
-1202	1313.6305
-1199	1333.0247
1068	1355.0345
11629	1374.6389
2297	1393.2761
-1192	1405.6383
-1197	1412.0223
1097	1412.7572
11617	1406.3853
2283	1398.3505
-1194	1387.0513
-1179	1375.4286
1187	1365.0079
12028	1353.987
2354	1346.4128
-1197	1338.4558
-1196	1330.7562
1169	1323.07
11749	1312.8383
2274	1304.2817
-1193	1294.8082
-1192	1286.8014
1091	1281.7524
11706	1278.2675
2368	1280.7637
-1171	1285.7925
-1190	1293.8264
1114	1303.8093
11511	1311.7643
2177	1319.9757
-1204	1323.6865
-1193	1323.4197
1112	1319.5878
11546	1310.5587
2180	1301.4504
-1192	1290.2612
-1206	1279.7749
1099	1271.3846
11519	1263.352
2134	1259.6306
-1192	1256.2974
-1183	1253.9979
1120	1252.2969
11405	1248.39
2068	1246.0427
-1205	1242.235
-1187	1239.126
1102	1238.1067
11298	1238.0428
2051	1243.6565
-1196	1251.9626
-1203	1264.1317
1094	1279.6619
11164	1295.0469
2001	1312.5687
-1191	1327.2769
-1187	1339.2922
1074	1348.2062
10875	1351.7565
1916	1354.1697
-1204	1353.016
-1194	1350.899
1088	1349.3622
11029	1347.2605
1926	1349.0272
-1184	1351.4318
-1187	1355.6089
1108	1361.2927
10973	1365.6036
1879	1371.63
-1202	1375.4078
-1214	1378.0635
1486	1379.8171
12194	1378.5355
2029	1378.6398
-1189	1376.8196
-1193	1374.5447
1170	1371.938
11203	1366.4183
1911	1361.3477
-1189	1352.8451
-1186	1342.1399
1192	1329.8096
11313	1314.45
1931	1301.3005
-1199	1288.6967
-1178	1280.0238
1216	1277.4869
11351	1280.36
1929	1293.3053
-1188	1312.6731
-1193	1338.7441
1233	1369.7627
11427	1400.8363
1916	1432.9594
-1198	1459.8635
-1185	1480.8782
1227	1495.1265
11256	1500.4081
1869	1501.6986
-1194	1497.5719
-1203	1492.0999
1201	1488.2863
11060	1486.3701
1809	1491.8073
-1202	1501.5721
-1194	1516.6973
1208	1535.9985
11003	1555.2395
1745	1575.8806
-1191	1592.1296
-1190	1603.8867
1234	1610.6227
10979	1610.2937
1693	1607.561
-1196	1600.1771
-1187	1591.2029
1220	1582.3319
10922	1572.4714
1663	1565.88
-1194	1558.9312
-1185	1552.6238
1624	1546.4757
11978	1537.7056
1798	1530.1172
-1188	1520.2933
-1187	1510.2192
1236	1500.9806
10758	1491.401
1599	1485.922
-1204	1481.3284
-1182	1478.9817
1221	1478.6085
10492	1477.3878
1479	1478.1007
-1195	1476.4274
-1196	1473.47
1258	1469.5382
10674	1463.0603
1494	1458.45
-1181	1452.9136
-1178	1448.4304
1316	1445.3304
10818	1441.2269
1516	1439.136
-1189	1434.583
-1192	1428.2295
1338	1419.8251
10871	1407.44
1477	1395.5933
-1194	1381.9747
-1196	1369.5331
1368	1359.7588
11046	1351.3524
1522	1348.1168
-1200	1345.5555
-1209	1343.6388
1352	1340.7107
11092	1333.0813
1548	1323.7958
-1186	1309.6357
-1194	1294.017
1348	1280.277
10874	1270.2734
1449	1271.7152
-1182	1283.9583
-1186	1310.0284
1405	1349.3832
10937	1396.942
1411	1451.4857
-1199	1502.9869
-1188	1546.6163
1795	1576.9286
11956	1588.1921
1538	1583.5364
-1184	1560.9298
-1188	1526.2744
1386	1485.6907
10861	1443.6425
1458	1409.812
-1198	1384.853
-1206	1372.5283
1478	1372.8525
11208	1381.5723
1524	1399.0255
-1172	1417.513
-1205	1434.995
1468	1449.0685
11190	1456.4525
1529	1461.1149
-1189	1460.5352
-1209	1457.7773
1458	1454.3944
11091	1449.149
1509	1445.995
-1184	1440.5366
-1187	1433.4735
1536	1424.2358
11293	1410.5916
1448	1397.076
-1193	1381.2943
-1188	1367.0289
1591	1356.4609
11454	1349.0155
1486	1349.0781
-1204	1351.8395
-1209	1356.9548
1578	1361.6726
11293	1361.0007
1428	1356.641
-1178	1343.9918
-1184	1326.121
1570	1306.4343
11184	1287.6456
1388	1278.9283
-1189	1280.9438
-1176	1298.5223
1614	1332.1868
11333	1377.2594
1408	1432.1895
-1192	1485.5466
-1177	1530.9224
1604	1560.9459
11229	1568.1609
1374	1554.1199
-1216	1516.0677
-1209	1460.317
1653	1394.0791
11412	1323.6736
1416	1261.2233
-1205	1209.5632
-1192	1174.7928
1653	1158.464
11388	1157.2167
1413	1171.4708
-1202	1192.5597
-1191	1217.3042
1681	1241.4987
11264	1260.1378
1296	1275.6256
-1212	1283.9503
-1193	1287.8975
1641	1289.0829
11055	1287.1246
1280	1287.1271
-1202	1286.0598
-1194	1286.2218
1735	1287.9568
11339	1289.5399
1294	1295.2452
-1203	1301.6349
-1191	1310.8645
1706	1323.0
11182	1335.4768
1253	1350.7568
-1199	1362.9117
-1192	1371.2344
1748	1373.3971
11258	1365.8185
1284	1352.0563
-1182	1329.8075
-1174	1304.0498
1751	1279.486
11063	1259.5706
1179	1253.1815
-1186	1260.1978
-1184	1283.8403
1718	1322.7838
11004	1370.9688
1173	1425.7842
-1195	1475.8329
-1202	1515.4387
1723	1538.6444
10853	1540.2971
1130	1524.0962
-1184	1489.2333
-1201	1443.7932
1778	1395.4756
11017	1350.2805
1118	1318.6681
-1211	1301.0605
-1208	1300.5457
1806	1315.2693
11177	1338.8989
1177	1369.2898
-1192	1396.2529
-1186	1416.3063
1834	1426.0532
11289	1422.6377
1178	1411.504
-1212	1392.3165
-1199	1371.6726
1912	1354.4147
11380	1342.64
1133	1342.6696
-1210	1350.9961
-1201	1368.0538
1903	1390.8748
11210	1413.8099
1132	1436.8783
-1190	1453.0297
-1189	1462.1573
1871	1463.6715
11017	1456.512
1069	1446.2794
-1206	1431.5558
-1196	1416.7046
1973	1403.856
11338	1392.6713
1133	1387.772
-1187	1385.3342
-1193	1386.6301
1923	1390.6263
11226	1394.3352
1119	1400.4972
-1189	1404.4149
-1187	1407.349
1983	1408.9105
11231	1407.2433
1086	1406.4244
-1192	1403.1292
-1184	1399.8981
1951	1397.4474
11088	1394.8298
1041	1396.5707
-1208	1399.1614
-1206	1404.895
1945	1413.4626
10951	1422.314
1017	1433.9412
-1198	1443.0428
-1193	1449.8413
1988	1452.7971
10904	1449.1912
976	1442.4548
-1189	1429.4446
-1187	1413.3177
1969	1395.8583
10803	1377.5386
923	1364.176
-1191	1353.734
-1189	1349.0958
1999	1350.2538
10763	1354.7808
878	1364.9456
-1199	1375.1675
-1205	1385.5208
1985	1394.3237
10802	1398.852
913	1402.4498
-1198	1401.6464
-1196	1399.2117
2054	1396.0844
10960	1391.6168
916	1390.3636
-1193	1388.8685
-1189	1389.023
2054	1390.1803
10709	1389.8774
842	1390.9004
-1182	1388.5996
-1202	1384.4608
2053	1378.2018
10678	1368.3911
806	1359.2129
-1198	1347.5771
-1202	1336.2462
2064	1325.7991
10554	1315.2377
781	1308.615
-1197	1302.3998
-1201	1298.7445
2059	1297.5422
10513	1297.2178
769	1301.2902
-1205	1305.5912
-1207	1312.1411
2213	1320.4685
10981	1328.5109
834	1339.5249
-1201	1349.2135
-1206	1359.1238
2222	1368.7664
10911	1376.3903
816	1385.7657
-1202	1393.1875
-1201	1400.9348
2271	1408.9799
10878	1415.7092
768	1424.5552
-1181	1431.0524
-1194	1436.4685
2239	1439.7621
10746	1438.5712
733	1436.0646
-1191	1428.3065
-1186	1417.8018
2264	1405.3851
10564	1390.9744
675	1379.8617
-1192	1369.751
-1199	1364.0745
2338	1363.414
10751	1366.3486
680	1375.9785
-1196	1387.1469
-1194	1400.4017
2393	1413.812
10893	1424.2443
693	1434.193
-1187	1439.0365
-1213	1440.8035
2393	1439.6816
11046	1434.8756
739	1431.082
-1197	1425.2906
-1186	1420.2572
2448	1416.0533
11022	1411.0559
733	1408.6292
-1192	1404.2721
-1202	1399.5475
2468	1393.7733
11091	1385.2096
699	1377.7744
-1192	1368.0065
-1212	1358.7349
2463	1350.4979
11002	1342.4791
698	1338.8971
-1211	1335.9343
-1209	1335.4867
2466	1336.6775
10775	1337.0928
643	1339.3243
-1186	1338.3917
-1201	1335.6775
2443	1330.5674
10666	1321.7236
607	1313.4001
-1180	1302.7482
-1194	1293.2982
2530	1286.1776
10764	1281.1482
578	1282.6432
-1205	1286.9835
-1186	1295.8115
2423	1307.7488
10406	1319.7874
549	1333.6017
-1192	1343.4602
-1198	1350.0962
2493	1352.3585
10486	1348.7019
520	1343.245
-1185	1333.2484
-1194	1322.3824
2431	1311.8993
10153	1301.7091
443	1295.9716
-1187	1290.8251
-1184	1287.8599
2267	1285.785
10050	1281.9894
441	1278.7946
-1223	1271.7349
-1204	1263.0275
2447	1253.1836
9925	1242.4003
346	1235.9263
-1193	1231.8076
-1201	1233.732
2403	1242.2023
9784	1255.8348
324	1276.8268
-1194	1299.4381
-1191	1323.358
2451	1345.726
9888	1363.1023
305	1377.3541
-1183	1384.0599
-1189	1385.7806
2420	1383.3558
9724	1377.1688
275	1372.2175
-1206	1366.0023
-1201	1361.5498
2372	1358.69
9556	1355.702
256	1354.8916
-1195	1351.2515
-1204	1346.1216
2361	1338.7947
9482	1328.3026
216	1318.7168
-1195	1307.4152
-1198	1298.1946
2338	1292.175
9473	1289.18
251	1292.8241
-1202	1298.9733
-1209	1309.0099
2291	1321.4033
9308	1333.6318
229	1347.6323
-1195	1358.7438
-1199	1368.78
2267	1377.5062
9236	1384.1626
244	1392.3969
-1188	1398.7899
-1199	1405.8363
2288	1413.1799
9309	1419.3254
243	1426.9355
-1197	1431.6699
-1187	1435.4526
2261	1437.9768
9179	1438.3942
236	1440.3097
-1206	1440.4701
-1202	1441.5807
2272	1443.4958
9228	1444.8063
253	1447.935
-1175	1448.1057
-1194	1446.5121
2291	1442.0094
9388	1433.0498
318	1423.0106
-1201	1409.062
-1212	1394.8685
2393	1381.8368
9522	1370.4902
244	1365.2488
-1204	1362.8912
-1185	1365.2954
2372	1370.9545
9252	1376.9698
186	1384.3542
-1199	1387.4546
-1212	1387.0989
2388	1382.3684
9234	1372.5448
180	1361.8986
-1216	1348.478
-1207	1336.4047
2380	1326.9329
9238	1319.9457
181	1318.6096
-1196	1318.3943
-1208	1319.9779
2343	1321.0818
9120	1318.7396
151	1314.5435
-1214	1304.0565
-1206	1289.7635
2411	1272.3988
9199	1252.6263
139	1235.4799
-1196	1219.1082
-1197	1207.0631
2364	1199.5216
8959	1195.1877
134	1195.9928
-1191	1196.785
-1207	1198.1912
2396	1198.4628
9021	1195.7656
101	1192.941
-1188	1186.9088
-1191	1180.9403
1629	1176.1095
8445	1172.425
174	1173.433
-1182	1175.6669
-1178	1180.7007
2479	1186.9073
9168	1191.7043
103	1196.4747
-1204	1196.1271
-1190	1192.1553
2456	1184.0693
9044	1171.4957
103	1158.5872
-1191	1143.186
-1200	1129.204
2509	1117.625
9183	1108.3872
94	1104.8173
-1189	1102.9418
-1189	1104.2887
2438	1107.3358
8884	1109.8937
48	1113.6965
-1187	1114.1727
-1189	1113.0527
2484	1109.7465
9136	1103.4502
64	1097.5735
-1192	1089.1332
-1192	1081.0948
2485	1073.7081
8935	1066.6411
36	1063.235
-1201	1060.1302
-1206	1059.7236
2483	1061.4453
8975	1063.9985
41	1069.6975
-1190	1074.1005
-1194	1078.6913
2491	1082.1758
9065	1082.8887
35	1083.3158
-1192	1079.6394
-1206	1074.5903
2521	1068.5223
9053	1061.6014
31	1058.0101
-1189	1055.2394
-1190	1056.6005
2038	1062.2761
8602	1071.2034
60	1085.5203
-1184	1100.3748
-1200	1116.6666
2579	1132.3507
9054	1145.0656
23	1156.5793
-1172	1162.4932
-1185	1164.9835
2583	1163.842
8910	1158.7422
9	1153.2318
-1176	1144.4229
-1185	1135.3367
2654	1126.058
9159	1116.143
29	1108.8872
-1182	1101.034
-1189	1095.271
2746	1091.4077
9268	1088.7789
26	1090.3246
-1184	1092.1249
-1192	1095.9133
2804	1100.2072
9256	1102.9453
2	1105.8414
-1198	1104.3818
-1202	1100.3683
2744	1093.4624
9079	1083.7184
-35	1075.4836
-1215	1067.0262
-1197	1062.4106
2618	1062.3715
8890	1066.3877
-51	1076.4222
-1184	1087.0184
-1196	1097.5265
2833	1104.0071
9167	1102.4238
-35	1093.3519
-1178	1072.3905
-1191	1042.6143
2839	1006.0775
9040	966.0419
-57	930.21356
-1184	900.14825
-1181	882.2494
2354	878.6849
8653	889.23224
-36	915.15137
-1204	949.84607
-1199	990.97876
2897	1032.8978
9083	1070.0985
-78	1101.6935
-1197	1122.0845
-1192	1132.9639
2785	1134.6719
8765	1128.4685
-123	1119.611
-1204	1107.3036
-1186	1095.8378
2805	1085.9785
8578	1077.6136
-138	1073.3534
-1197	1069.5166
-1201	1067.7905
2878	1067.1692
8745	1066.7616
-134	1069.2468
-1197	1071.3492
-1201	1075.0767
2966	1079.2654
8849	1082.3256
-149	1085.8472
-1194	1085.3907
-1198	1082.2797
3006	1075.6205
8951	1065.2728
-142	1055.4144
-1186	1044.8553
-1188	1038.0308
2898	1036.2977
8577	1040.1171
-181	1052.0159
-1194	1067.2351
-1193	1085.0531
2864	1101.1628
8471	1111.0725
-200	1114.1935
-1194	1105.4302
-1204	1086.8655
2973	1059.7382
8564	1026.9692
-217	995.8364
-1209	967.99536
-1201	949.70654
3059	942.97925
8788	947.8565
-187	965.69995
-1197	990.19696
-1187	1019.27484
3209	1047.7732
9011	1071.1536
-167	1089.5867
-1194	1098.8317
-1206	1101.7229
3183	1099.5951
8959	1094.5616
-190	1092.192
-1201	1091.4476
-1203	1095.8032
3094	1104.7048
8538	1116.6311
-232	1132.5339
-1176	1147.2991
-1168	1161.3337
3184	1172.6772
8610	1180.1187
-234	1186.1482
-1206	1187.7719
-1209	1187.3715
3173	1184.2599
8566	1177.5912
-244	1169.4525
-1194	1156.1484
-1198	1139.6976
3279	1119.9056
8721	1097.6378
-259	1077.8158
-1198	1060.1044
-1210	1049.5515
3364	1047.7175
8741	1055.1716
-269	1073.9645
-1206	1098.4792
-1189	1126.8524
3315	1153.2998
8547	1172.1425
-294	1181.6171
-1191	1176.0024
-1171	1157.1409
3366	1126.5061
8653	1088.0092
-285	1050.0718
-1186	1015.72107
-1188	992.45197
3237	983.04407
8388	987.92145
-314	1008.0917
-1196	1036.3553
-1198	1069.0135
3436	1099.1315
8749	1120.71
-306	1132.5193
-1205	1129.7987
-1198	1115.5856
3453	1092.0753
8667	1063.1842
-312	1036.36
-1199	1012.8355
-1201	997.8664
3425	992.041
8503	994.5081
-316	1005.8871
-1194	1020.2046
-1204	1036.6431
3377	1051.8679
8297	1063.8298
-333	1074.4282
-1202	1081.0037
-1192	1086.6924
3384	1091.8342
8228	1096.8088
-342	1104.1321
-1192	1109.9166
-1197	1114.9194
3439	1116.5797
8259	1112.8921
-374	1105.249
-1197	1090.4436
-1187	1071.5485
3434	1049.615
8218	1026.7201
-353	1007.8363
-1197	992.0284
-1176	982.7984
3469	979.6665
8093	981.62683
-397	989.6181
-1196	998.69293
-1197	1009.29877
3514	1019.36255
8192	1028.0635
-402	1038.0951
-1199	1047.2164
-1184	1058.7305
3618	1072.7192
8208	1089.1755
-410	1110.1058
-1177	1130.9918
-1182	1151.7356
3614	1168.9707
8188	1180.0254
-425	1185.5092
-1196	1181.5253
-1196	1170.6526
3693	1153.5149
8342	1132.1514
-414	1111.6908
-1191	1091.6285
-1189	1076.093
3706	1065.245
8291	1058.8263
-431	1058.3359
-1197	1059.1158
-1181	1061.666
3654	1063.6377
8111	1063.8717
-412	1064.488
-1179	1062.8512
-1197	1062.1927
3743	1062.7618
8258	1065.2605
-425	1072.448
-1189	1080.9109
-1192	1091.9305
3791	1103.1266
8280	1112.5917
-449	1121.155
-1201	1124.6747
-1184	1125.0178
3987	1121.6357
8522	1115.3088
-431	1109.8291
-1176	1103.4575
-1196	1099.3826
3929	1097.0587
8411	1096.0039
-457	1097.6885
-1217	1097.72
-1199	1097.03
3956	1093.6726
8430	1087.0826
-471	1080.0104
-1203	1070.4946
-1197	1062.4069
3935	1056.6207
8268	1054.5068
-480	1059.4622
-1202	1068.4978
-1190	1082.8077
4008	1099.6359
8289	1116.459
-484	1133.0006
-1196	1143.8695
-1179	1149.6431
4088	1148.5823
8339	1140.7926
-491	1129.6971
-1213	1114.015
-1179	1097.8746
4093	1082.09
8268	1067.887
-495	1058.197
-1190	1050.0516
-1182	1044.967
4158	1040.955
8259	1036.9191
-516	1034.2974
-1196	1029.717
-1199	1025.4343
4103	1020.9233
8148	1016.8383
-515	1016.0676
-1191	1016.05585
-1191	1018.99365
4146	1023.307
8137	1027.9513
-534	1033.8143
-1201	1036.5625
-1178	1037.3604
4286	1034.5841
8234	1028.2863
-527	1021.3958
-1197	1012.231
-1188	1004.45276
4184	998.4775
7945	995.42236
-579	997.91345
-1197	1002.85425
-1182	1011.4719
4249	1021.2754
7989	1030.6384
-577	1040.0779
-1204	1045.5085
-1191	1048.4952
4199	1048.0908
7892	1045.0841
-572	1042.7375
-1196	1039.4825
-1180	1038.7529
4367	1040.2745
8092	1044.3354
-580	1052.6061
-1206	1061.0945
-1180	1070.675
4359	1078.767
8057	1084.1116
-577	1087.8524
-1205	1086.6119
-1187	1082.8203
4164	1076.1094
7578	1067.6008
-599	1060.3342
-1196	1052.5063
-1182	1047.0355
4169	1043.2764
7492	1041.4387
-614	1043.1925
-1203	1045.3411
-1182	1049.6445
4256	1054.6838
7532	1060.4097
-618	1068.609
-1193	1076.4391
-1177	1086.0282
4385	1096.1115
7705	1106.5542
-607	1118.7542
-1188	1129.1864
-1169	1139.3164
4572	1147.266
7998	1152.631
-600	1157.0016
-1201	1157.3967
-1177	1156.1746
4425	1152.5378
7691	1147.1124
-633	1142.2266
-1196	1135.4767
-1166	1129.3596
4558	1122.9347
7837	1116.5748
-625	1112.3395
-1192	1107.5543
-1177	1104.6182
4609	1102.5364
7855	1101.6597
-633	1103.9232
-1176	1106.3776
-1165	1110.8158
4656	1115.4896
7789	1120.0067
-659	1125.5658
-1202	1128.7538
-1172	1131.4685
4904	1132.4003
8217	1132.0107
-634	1132.681
-1194	1132.019
-1149	1132.6097
4653	1133.3865
7766	1134.3967
-659	1136.9174
-1203	1137.3671
-1164	1137.0555
4736	1134.056
7859	1128.3024
-651	1121.8193
-1204	1112.6029
-1184	1103.9609
4707	1096.0831
7698	1090.6173
-659	1090.3306
-1177	1092.875
-1159	1099.9631
4665	1109.2284
7668	1119.2612
-667	1129.8617
-1189	1136.4868
-1161	1139.8917
4626	1138.2013
7469	1131.8993
-697	1123.5812
-1194	1111.9741
-1152	1100.7549
4683	1090.0951
7508	1081.2426
-708	1076.1847
-1196	1071.9738
-1151	1069.9564
4563	1068.0438
7199	1065.8975
-715	1064.8275
-1202	1062.4958
-1166	1061.83
4752	1062.6902
7381	1066.5563
-712	1075.6765
-1197	1087.3217
-1169	1102.5919
4801	1118.2864
7426	1132.2623
-706	1143.3666
-1201	1146.5409
-1152	1142.2952
4858	1128.9149
7430	1107.7323
-726	1082.4143
-1192	1053.1854
-1158	1025.3685
4883	1000.512
7383	981.0943
-719	969.5504
-1177	962.91284
-1141	962.0229
4894	963.7084
7369	966.50806
-709	970.52875
-1191	972.56616
-1161	975.0617
4917	977.8592
7305	983.05084
-754	993.6827
-1201	1008.056
-1151	1028.2357
4985	1051.6426
7364	1076.4645
-753	1101.2179
-1226	1120.1681
-1137	1132.8777
4978	1136.5463
7198	1131.698
-748	1121.219
-1207	1105.1664
-1154	1089.1373
5099	1075.1622
7355	1066.5137
-747	1066.126
-1198	1071.3247
-1148	1082.8038
5186	1096.6149
7391	1110.2908
-751	1122.478
-1188	1128.5847
-1128	1130.1633
5156	1126.6332
7654	1120.5226
-696	1116.13
-1192	1113.6893
-1144	1117.5781
5486	1127.3657
7733	1143.1962
-758	1164.643
-1196	1186.007
-1134	1205.8313
5499	1219.2169
7648	1224.2379
-753	1221.1998
-1187	1207.9669
-1137	1188.7339
5522	1165.1808
7602	1141.6157
-754	1122.9248
-1177	1109.1061
-1115	1103.5724
5571	1104.5656
7553	1111.0969
-776	1121.8807
-1198	1131.2314
-1138	1138.4089
5687	1139.7472
7679	1134.9612
-760	1125.7764
-1204	1111.0854
-1120	1095.2427
5774	1079.1993
7647	1065.912
-789	1058.2701
-1197	1054.1975
-1131	1055.2212
5777	1058.251
7613	1061.929
-804	1065.3745
-1200	1064.1641
-1128	1059.3179
5748	1049.1136
7486	1035.1372
-803	1020.3445
-1202	1004.4181
-1120	991.6997
5926	982.4998
7683	978.8359
-804	982.4014
-1201	990.14
-1077	1002.7897
5686	1016.9395
7476	1031.2698
-794	1045.2019
-1207	1054.9116
-1136	1061.7755
5943	1064.2068
7624	1063.6816
-821	1062.5829
-1187	1059.6582
-1100	1058.157
5939	1057.2335
7479	1057.9781
-840	1061.3745
-1198	1064.2661
-1109	1067.8632
5994	1069.64
7523	1069.7278
-839	1069.0756
-1194	1065.4413
-1098	1061.3713
5958	1056.0631
7343	1051.2642
-841	1048.911
-1208	1047.1055
-1117	1047.8256
5979	1048.9972
7364	1050.7205
-834	1053.2438
-1201	1053.4017
-1110	1052.6305
5995	1049.1635
7279	1044.2745
-851	1039.872
-1200	1034.6742
-1093	1031.8132
6041	1030.5385
7337	1032.2656
-841	1038.0647
-1185	1044.994
-1099	1054.2307
5945	1063.0404
7120	1071.3156
-876	1079.4027
-1209	1084.7583
-1112	1089.7562
5903	1093.5883
6983	1098.3143
-875	1106.0394
-1189	1115.2782
-1094	1128.4429
5533	1143.6914
6635	1160.9921
-861	1179.7637
-1196	1196.019
-1090	1210.1998
5823	1219.4562
6760	1224.1632
-883	1225.2949
-1201	1221.3617
-1084	1215.7108
5719	1208.2765
6613	1201.5139
-884	1197.3066
-1186	1193.872
-1082	1193.3625
5689	1193.7167
6528	1195.1486
-904	1197.6615
-1199	1198.4143
-1086	1199.2681
5686	1198.9209
6379	1199.0723
-916	1201.3239
-1192	1204.2216
-1075	1210.3137
5642	1217.9869
6305	1227.6238
-924	1238.7253
-1200	1247.536
-1076	1254.5049
5673	1256.7767
6270	1254.7413
-921	1249.2402
-1197	1239.0314
-1073	1227.779
5613	1215.9421
6163	1206.596
-926	1202.0266
-1186	1200.9888
-1057	1205.4578
5613	1212.9641
6050	1222.9749
-944	1234.1155
-1196	1242.2871
-1074	1247.9392
5593	1248.6768
6030	1245.6102
-941	1240.2295
-1209	1231.9767
-1073	1224.5563
5669	1218.0968
6018	1215.0148
-942	1216.5092
-1189	1220.3958
-1065	1227.847
5607	1236.0164
5934	1244.5717
-957	1252.7004
-1186	1257.3628
-1052	1260.0873
5565	1259.4231
5883	1257.045
-936	1254.2625
-1181	1249.8763
-1058	1246.5524
5383	1243.1499
5590	1240.8394
-955	1239.7651
-1196	1237.5072
-1042	1235.6165
5415	1232.317
5495	1228.7949
-971	1225.716
-1197	1221.6058
-1062	1219.0303
5329	1217.0253
5394	1217.1042
-992	1219.629
-1216	1222.362
-1057	1226.7119
5329	1230.49
5346	1234.2201
-969	1237.6696
-1189	1238.5978
-1042	1238.9197
5487	1237.2334
5396	1234.9583
-977	1232.5099
-1190	1227.9319
-1047	1222.8563
5511	1215.2291
5433	1205.6943
-981	1194.005
-1196	1177.9971
-1032	1159.8511
5479	1138.7897
5326	1117.3663
-972	1097.4589
-1191	1078.9691
-1021	1065.5133
5546	1056.7181
5338	1054.3367
-1001	1058.2772
-1201	1065.3915
-1012	1075.9307
5579	1086.2609
5296	1095.6586
-1014	1102.5675
-1197	1103.9838
-1019	1101.7046
5677	1094.6533
5343	1085.3141
-999	1075.2883
-1196	1064.1669
-1018	1055.2435
5791	1047.6766
5441	1043.0416
-1002	1041.1182
-1196	1039.2435
-951	1038.5049
6117	1036.3788
5621	1033.7465
-1017	1030.605
-1214	1025.3354
-1007	1020.57104
5861	1015.46155
5410	1012.1596
-1014	1011.21185
-1199	1010.81415
-992	1012.67194
5718	1014.495
5224	1016.7811
-992	1018.5696
-1181	1017.26044
-989	1014.5067
5786	1008.75256
5212	1001.95575
-1012	994.9258
-1191	986.8341
-983	980.68933
5869	975.5935
5277	973.3846
-1004	973.99475
-1192	975.2005
-991	978.3246
5832	980.96674
5191	983.92096
-1023	986.6377
-1198	987.12067
-972	987.545
6008	986.5882
5213	986.16534
-1034	986.5962
-1189	986.1923
-971	986.79626
5963	986.3138
5186	985.6282
-1026	983.90045
-1204	978.6979
-991	971.68384
6081	961.1485
5230	949.03754
-1034	935.97595
-1198	921.1661
-971	907.6364
6129	894.55927
5244	884.09155
-1012	876.2794
-1184	869.13855
-959	864.1368
6254	858.8021
5304	853.9962
-1035	849.0439
-1204	842.00964
-966	835.0498
6348	826.9777
5314	820.2757
-1035	815.7684
-1214	812.6259
-966	813.4502
6261	816.73944
5285	823.8756
-1050	834.03546
-1207	844.5288
-946	856.13196
6312	865.9315
5134	874.6025
-1046	881.2522
-1209	883.9177
-938	884.6751
6210	882.2566
4974	879.00726
-1055	875.46405
-1196	870.7777
-941	867.5295
6306	864.4407
5001	863.4472
-1042	864.3208
-1186	865.32074
-916	868.0391
6352	870.3368
5030	873.4415
-1036	876.7868
-1206	878.489
-925	880.1439
6465	879.95984
5094	879.8566
-1061	880.05804
-1174	879.70166
-907	881.4818
6403	884.5586
5019	891.4625
-1062	902.56866
-1192	916.56586
-905	934.92914
6568	954.9482
5096	976.88763
-1077	998.6481
-1198	1016.6352
-907	1030.6077
6476	1037.1313
4991	1036.9089
-1068	1029.493
-1204	1014.1564
-908	994.18823
6761	969.91327
5410	945.5639
-1036	923.50574
-1200	904.4296
-919	891.56104
7036	883.63446
5639	882.19275
-1054	886.1619
-1205	892.55664
-876	901.3134
7197	908.7548
5361	915.34344
-1062	919.99756
-1199	921.02686
-837	920.4127
7369	916.9102
5532	913.37695
-1054	910.6503
-1197	908.1707
-807	908.10535
7569	908.55396
5626	911.1967
-1064	915.36194
-1200	918.9889
-837	923.0819
7474	925.11816
5552	926.7251
-1065	927.6864
-1187	926.8583
-830	926.3177
7408	924.57153
5461	924.02673
-1062	924.87885
-1181	926.03284
-827	929.22156
7264	932.41614
5266	937.3351
-1064	943.48413
-1205	949.28827
-823	956.13214
7233	961.8832
5246	968.275
-1077	974.9706
-1197	980.5835
-823	986.5259
7349	990.65576
5294	994.68066
-1082	998.175
-1195	999.7319
-806	1000.77325
7417	999.29034
5318	997.28186
-1077	994.706
-1191	990.57294
-796	986.63806
7384	981.13055
5264	976.08044
-1097	971.2598
-1205	965.3588
-804	959.6871
7166	952.13
5061	944.4812
-1091	936.46277
-1199	927.17755
-802	918.6331
7154	909.6078
5008	902.85
-1114	898.83295
-1202	897.0385
-797	899.32294
7163	903.6845
4915	911.528
-1096	921.53296
-1189	931.3401
-787	941.11395
7179	947.7458
4791	952.3798
-1097	954.26544
-1196	952.5678
-768	949.5871
7454	944.5246
4939	940.74133
-1116	938.9967
-1211	938.961
-771	942.282
7344	946.4867
4874	952.5035
-1105	958.4073
-1196	961.6231
-747	962.4727
7294	958.5035
4706	952.1354
-1140	944.1152
-1223	935.42944
-741	930.09906
7360	928.7003
4644	935.3863
-1118	950.6449
-1187	973.3521
-737	1003.71063
7360	1037.2675
4694	1072.8434
-1096	1106.3591
-1197	1133.645
-662	1153.9427
7869	1164.2324
4933	1167.1556
-1099	1163.9825
-1185	1156.4501
-616	1149.2141
7960	1143.299
4897	1143.3246
-1117	1150.0315
-1201	1162.4287
-604	1180.7333
7912	1200.7496
4786	1222.0715
-1131	1241.4622
-1207	1255.7904
-616	1265.2019
7798	1267.3698
4690	1265.139
-1142	1259.2001
-1199	1250.2312
-629	1241.2759
7791	1231.5314
4549	1223.8972
-1138	1217.6185
-1199	1211.2086
-586	1205.2186
8012	1196.6813
4651	1187.2616
-1126	1176.0668
-1184	1162.512
-567	1148.8522
8039	1134.1741
4613	1122.0544
-1137	1112.8055
-1196	1106.2233
-566	1103.9922
7941	1103.8569
4496	1107.5768
-1142	1113.5677
-1204	1120.1228
-559	1127.9718
7869	1134.5972
4403	1142.039
-1142	1149.2451
-1199	1155.1421
-587	1160.8796
7661	1163.9861
4219	1166.1382
-1147	1165.6613
-1192	1161.0526
-579	1153.374
7697	1140.6882
4196	1125.9014
-1146	1109.177
-1194	1091.1168
-566	1074.7673
7598	1059.6274
4063	1049.0624
-1149	1042.4872
-1204	1038.8157
-572	1038.5037
7342	1038.2793
3796	1038.9493
-1141	1038.214
-1189	1034.6128
-529	1029.484
7633	1021.5882
3837	1014.64923
-1157	1009.2292
-1187	1006.1915
-562	1008.06
6913	1013.4719
3407	1024.2545
-1131	1037.9915
-1196	1052.1682
-523	1066.036
7490	1075.7273
3754	1082.1896
-1156	1083.6404
-1189	1079.5809
-537	1072.3688
7571	1061.5164
3731	1051.0552
-1157	1041.2849
-1191	1032.4672
-541	1026.3136
7453	1020.65564
3654	1017.25555
-1154	1014.18823
-1175	1010.277
-543	1006.92236
7529	1002.79645
3649	1001.5228
-1169	1003.49524
-1194	1009.65137
-557	1022.57623
7699	1040.7616
3697	1066.224
-1173	1096.2651
-1199	1127.869
-529	1159.7418
7621	1187.168
3604	1210.3671
-1161	1226.5396
-1187	1234.529
-508	1236.4534
7644	1231.7731
3572	1224.876
-1154	1216.2035
-1177	1206.6498
-506	1198.5172
7629	1189.9894
3568	1183.1562
-1176	1175.8206
-1196	1166.6738
-478	1156.9032
7818	1144.8466
3596	1134.1035
-1157	1124.6785
-1205	1117.7032
-484	1116.1985
7560	1119.1439
3253	1129.1437
-1148	1143.6234
-1189	1160.1816
-469	1177.9238
7781	1192.4116
3414	1204.2386
-1185	1210.6416
-1204	1210.8547
-474	1207.145
7718	1199.0929
3420	1191.1624
-1154	1183.5616
-1191	1176.8911
-454	1172.8253
7738	1168.7742
3328	1166.0293
-1163	1161.4518
-1184	1153.1093
-437	1141.6532
7664	1125.3373
3255	1107.9784
-1167	1090.0015
-1195	1073.269
-428	1061.3602
7919	1053.68
3373	1053.1516
-1182	1057.1454
-1196	1062.9617
-430	1069.1478
7769	1070.8065
3286	1068.2781
-1174	1058.8727
-1194	1042.5035
-435	1022.45874
7536	999.78186
3059	980.43445
-1161	965.82947
-1196	957.43134
-433	956.9093
7658	960.88104
3114	969.0234
-1188	975.9309
-1207	977.29846
-441	971.4869
7583	955.1913
3089	931.67334
-1180	902.03564
-1180	870.16364
-374	842.4633
7169	822.0204
2309	815.17224
-1182	821.82495
-1195	841.10706
-394	871.4571
7790	906.35254
3111	943.05115
-1175	974.573
-1196	996.3924
-387	1007.4556
7814	1005.559
3090	995.1783
-1175	977.99023
-1216	957.8285
-392	940.1374
7784	926.30756
3004	921.0226
-1173	923.0153
-1202	930.97455
-363	944.07465
7643	957.80585
2824	972.30914
-1186	983.83185
-1215	991.0145
-401	994.9006
7600	994.1384
2879	992.42804
-1185	989.2036
-1192	985.2137
-371	982.36694
7771	978.98016
2916	977.728
-1176	976.5322
-1187	975.04047
-332	974.6173
8174	973.5358
3096	975.08466
-1191	977.8556
-1194	981.9199
-294	988.4677
8495	994.82043
3188	1002.82324
-1194	1009.2574
-1203	1012.5536
-296	1012.86194
8474	1007.5151
3163	999.5252
-1192	987.91754
-1207	974.0279
-274	960.98846
8331	948.6763
3063	941.561
-1184	938.76355
-1194	940.41644
-254	947.20935
8281	955.9487
2966	967.9259
-1193	979.4502
-1214	988.8675
-249	996.1888
8433	998.63965
3012	998.9398
-1188	995.38995
-1202	988.5795
-241	980.6544
8198	970.6976
2881	962.7092
-1168	955.83075
-1172	951.06305
-212	950.45856
8205	952.5932
2846	960.4444
-1174	971.5935
-1203	984.9414
-232	999.9421
8081	1012.43164
2703	1022.81903
-1214	1026.8751
-1203	1022.9216
-211	1011.3983
8194	990.91144
2744	966.25415
-1204	938.5266
-1202	911.5093
-194	890.1405
8161	875.61993
2644	872.64764
-1202	879.28204
-1207	893.65784
-156	913.1985
8322	931.1282
2643	945.2449
-1176	949.16925
-1199	940.10297
-176	918.36676
8134	883.7875
2572	843.2796
-1169	800.48834
-1189	761.938
-161	734.6097
8162	721.0571
2527	726.36456
-1207	748.3027
-1199	784.0553
-186	829.58044
8001	876.87384
2418	922.5875
-1198	959.4125
-1192	983.9083
-177	995.6197
8045	993.3142
2395	982.3585
-1211	964.2996
-1187	943.2632
-139	923.75543
7935	906.3854
2286	895.17694
-1206	887.9208
-1208	883.63544
-112	881.563
8118	878.0708
2292	874.8753
-1178	869.4685
-1191	862.58167
-78	856.459
8181	850.92114
2329	850.72925
-1180	855.17175
-1211	865.2767
-61	881.9652
8105	902.5012
2150	928.3874
-1193	955.65765
-1191	982.7936
-41	1009.2149
8054	1031.9725
2098	1053.4489
-1197	1071.3033
-1199	1085.9723
-27	1098.6027
8128	1107.449
2105	1115.4463
-1191	1120.1696
-1205	1121.5823
-23	1120.3094
7930	1114.4166
2015	1107.0682
-1194	1096.6208
-1200	1084.4054
18	1072.5675
8098	1060.5405
2022	1052.4077
-1172	1046.6981
-1186	1044.0798
33	1045.1141
8386	1047.1339
2090	1052.1328
-1187	1056.6201
-1196	1059.8687
58	1061.8988
8275	1060.3453
1988	1058.1821
-1196	1053.4115
-1197	1046.9495
81	1040.2816
8430	1032.0566
1959	1025.7635
-1197	1019.2355
-1187	1012.8292
84	1007.16907
8406	1000.0682
1934	994.3912
-1177	987.75214
-1194	980.72125
92	974.44366
8332	967.5012
1867	963.50494
-1207	960.50287
-1195	959.23065
95	960.57495
8165	962.4522
1817	967.41785
-1196	972.4731
-1194	977.37524
121	982.3059
8233	984.9268
1850	987.99365
-1196	989.16724
-1203	989.0807
131	988.7641
8264	986.65936
1806	986.0459
-1204	984.642
-1181	982.82086
129	981.09125
8167	977.23676
1824	973.8826
-1199	968.428
-1193	961.26086
128	953.324
8101	943.2189
1776	934.5011
-1213	925.6195
-1208	917.8594
156	912.2435
8063	907.13654
1716	905.37366
-1196	904.06995
-1196	903.05286
168	902.3181
8063	899.41974
1677	897.0063
-1182	892.68884
-1184	887.5039
213	883.07074
8240	878.6793
1672	878.5167
-1195	881.0174
-1206	887.16547
209	897.464
8280	909.1983
1651	923.95374
-1185	937.4446
-1188	948.3279
230	955.58923
8154	956.3034
1523	953.1786
-1201	944.30365
-1209	931.5893
231	917.63275
8104	902.80804
1498	892.18945
-1178	884.7872
-1189	881.93964
269	884.1322
8105	888.51575
1475	896.43756
-1187	903.21924
-1171	907.5284
282	908.5971
8084	903.93896
1446	896.88367
-1204	885.86896
-1197	873.46857
322	862.6854
8336	853.94824
1556	852.21045
-1206	855.8107
-1207	865.50964
295	881.1264
8224	899.1263
1574	920.31244
-1194	939.6178
-1201	955.55786
337	967.2518
8216	972.1723
1434	973.5706
-1191	969.731
-1186	962.9345
178	955.7449
8444	948.0781
1806	944.5022
-1187	943.2683
-1188	945.2726
387	950.70764
7898	956.86786
1168	965.4229
-1202	972.1972
-1197	976.641
399	978.43536
8360	975.3235
1466	970.4891
-1196	961.81366
-1201	950.9456
389	939.6133
8341	927.17255
1459	917.73486
-1194	909.42664
-1197	903.4519
433	900.5198
8477	898.6446
1478	900.5739
-1183	903.0964
-1191	906.40344
430	910.54285
8426	913.2468
1459	917.2777
-1195	919.70844
-1196	921.17426
446	922.1473
8330	920.81836
1381	920.2827
-1209	917.8206
-1206	914.32855
487	910.45416
8429	904.59766
1362	900.122
-1193	894.6082
-1190	889.18365
491	884.6539
8392	879.46387
1377	876.83325
-1194	874.0445
-1189	871.8232
518	870.5209
8401	868.2214
1311	867.9772
-1196	867.1793
-1176	866.9174
496	868.0841
8261	869.3948
1305	874.3238
-1190	880.36786
-1187	888.259
533	897.95013
8221	906.79816
1242	916.6303
-1196	923.42316
-1177	926.83057
528	926.4548
8055	920.3599
1169	911.9818
-1202	899.6733
-1195	885.97107
531	873.16345
7938	861.36523
1089	854.8758
-1189	851.52435
-1189	852.0234
569	855.80334
7964	859.68616
1053	864.9028
-1190	867.13495
-1202	866.41724
568	863.03705
7912	856.18805
1014	850.41547
-1189	844.9585
-1188	842.7846
601	845.73975
8001	852.77246
1038	866.34784
-1191	882.0756
-1192	898.5719
687	913.4821
8355	922.6824
1063	927.6022
-1190	925.0332
-1199	916.85345
682	905.48096
8258	892.13855
1039	882.9493
-1199	877.70544
-1186	878.97894
728	887.2107
8319	899.3728
997	915.9566
-1184	930.69824
-1192	941.2898
732	945.34406
8313	939.75104
994	927.72455
-1173	908.123
-1193	885.08417
706	862.69745
8059	843.1629
929	832.6133
-1188	829.9849
-1182	836.7404
756	851.97
8126	871.63354
919	895.6327
-1209	917.8197
-1188	936.629
781	950.6032
8169	957.5788
891	961.1642
-1204	959.84973
-1202	956.62494
790	953.56
8236	950.40106
909	950.85016
-1195	951.91943
-1200	953.9851
762	956.1851
7910	955.8502
826	955.1114
-1197	950.81396
-1197	944.4581
796	937.2338
7921	928.9221
783	923.8703
-1191	920.3252
-1191	920.13947
861	923.62036
7994	928.692
748	937.2927
-1199	945.1911
-1189	952.1553
863	957.2773
7914	958.3218
711	958.0303
-1204	953.814
-1199	947.52057
965	940.31354
8385	931.65405
784	925.5493
-1204	919.7841
-1197	915.8354
998	913.83264
8288	911.8508
728	912.3001
-1186	911.4857
-1202	909.7752
927	906.6455
7920	900.15424
632	893.0993
-1207	882.72766
-1193	870.79694
966	858.3075
7902	844.83246
609	834.3961
-1191	824.9638
-1194	818.42896
976	815.1789
7851	813.5357
562	815.7388
-1196	817.80756
-1197	819.8205
938	820.82965
7734	818.6713
537	816.0196
-1194	810.3484
-1194	803.91895
997	798.2892
7819	793.6837
559	794.5173
-1176	798.93506
-1199	808.59216
972	823.18317
7638	840.13556
501	860.5339
-1186	879.4067
-1178	896.0575
984	909.0658
7463	916.27136
438	920.4896
-1204	919.52496
-1199	916.05334
1054	911.86066
8046	907.11017
538	906.0215
-1186	906.2516
-1187	909.0091
1062	913.7231
7512	917.94617
407	923.176
-1198	925.236
-1196	924.59375
1132	920.97406
7744	913.2342
428	905.05035
-1199	894.4004
-1196	883.692
1203	874.14935
8004	865.2512
453	860.4511
-1204	857.0621
-1207	856.3661
1261	858.1034
8170	860.56036
476	866.3916
-1204	872.18604
-1193	878.8641
1316	885.9332
8271	891.3391
483	897.32794
-1189	900.00055
-1202	899.9048
1332	896.4742
8255	888.11993
424	878.19025
-1210	864.4581
-1200	849.6587
1396	835.4802
8244	822.28894
393	814.588
-1196	810.205
-1197	810.67847
1371	815.36536
8111	821.555
373	830.3945
-1189	836.90875
-1195	840.8938
1424	841.45447
8143	837.344
333	832.6329
-1202	826.15686
-1177	821.7461
1551	821.77515
8174	826.85114
309	840.8677
-1219	860.34906
-1197	884.9505
1422	911.76483
7952	935.92
281	956.64264
-1207	967.7127
-1206	968.55853
1456	958.67816
8009	938.0011
286	912.1708
-1188	881.8843
-1182	852.66846
1479	828.26746
7892	810.2364
246	802.77814
-1206	802.51416
-1211	808.96484
1427	819.0652
7704	828.11206
240	835.6607
-1198	836.392
-1194	830.7087
1559	819.0725
7858	802.26666
194	786.0995
-1207	770.9096
-1195	761.00806
1605	758.14484
7858	761.5751
181	772.975
-1192	786.83136
-1207	801.1417
1646	812.1321
7963	815.585
179	812.56244
-1191	799.94385
-1190	780.7384
1717	757.8236
8043	733.9893
154	716.24554
-1181	705.04895
-1186	703.9652
1754	713.1649
7890	730.03815
116	754.3787
-1181	779.04285
-1201	801.29504
1777	817.255
7900	823.3808
92	821.7656
-1203	810.3512
-1186	793.18304
1810	773.60675
7889	754.37866
55	741.8093
-1208	735.28253
-1203	737.47375
1838	747.8585
7979	763.7942
93	785.7769
-1197	808.0515
-1202	829.7205
1861	848.744
7969	863.083
79	875.5111
-1189	883.6495
-1196	890.05743
1785	895.63727
7684	900.2391
35	907.0969
-1192	913.20105
-1196	919.6983
1789	925.7766
7684	929.7919
31	934.0788
-1207	935.47565
-1209	935.68085
1764	934.81964
7644	932.2636
17	931.0787
-1171	928.33966
-1191	925.52747
1761	922.19073
7559	917.06494
-14	912.75476
-1199	906.50397
-1196	900.36896
1808	894.9523
7666	890.22644
-4	889.8213
-1189	891.3283
-1192	896.262
1775	903.6736
7516	911.23956
-24	919.8648
-1191	924.72485
-1197	925.81195
1868	921.92377
7659	912.0473
-46	899.83246
-1204	884.1024
-1201	868.6884
1883	855.62256
7677	845.8104
-70	843.03345
-1201	844.16815
-1201	849.7491
1857	857.5116
7481	864.0582
-95	869.6308
-1182	869.3377
-1200	863.9623
1852	853.49457
7396	838.3965
-136	823.486
-1206	808.3726
-1192	797.0516
1864	790.97296
7278	790.01227
-142	796.3884
-1200	805.83136
-1207	817.9319
1779	830.1529
7130	839.6394
-144	847.5813
-1184	850.6571
-1188	850.9851
1797	849.52203
7170	847.05884
-166	847.79016
-1187	850.0856
-1183	856.0814
1813	865.1848
7035	875.52264
-184	888.01904
-1203	898.06964
-1209	905.76514
1746	909.80286
6905	909.0721
-206	906.4439
-1192	900.11456
-1184	893.0189
1801	886.20276
6876	879.95123
-237	877.2692
-1200	875.41833
-1206	875.5115
1851	876.4463
6913	876.64624
-239	877.98
-1212	877.3017
-1224	876.5472
1869	876.01404
7043	875.7304
-221	878.8975
-1189	883.1725
-1212	890.07776
1936	898.5573
6996	906.6454
-279	915.22
-1203	919.8322
-1192	920.81226
2007	917.0238
7125	907.70355
-263	896.09143
-1209	880.6826
-1186	864.98956
2011	850.49695
7023	838.0325
-284	830.99475
-1179	826.627
-1195	826.14496
2034	828.0424
6950	830.1718
-306	833.4892
-1202	833.8782
-1191	832.51575
2101	829.05975
6928	823.4872
-325	819.22064
-1198	814.4326
-1189	811.8922
2071	811.7679
6808	813.4142
-328	818.5776
-1211	823.27423
-1209	828.0629
2147	831.3617
6884	831.75415
-335	831.3464
-1186	827.5979
-1209	823.22656
2303	819.03705
7080	815.7565
-332	816.8447
-1207	819.90735
-1210	826.6029
2393	835.59357
7177	844.87256
-351	855.105
-1209	861.65594
-1206	864.9933
2426	863.87317
7138	857.7101
-361	849.61505
-1207	837.98236
-1196	826.1652
2530	815.1646
7244	805.60333
-359	800.48865
-1199	796.82306
-1187	795.6763
2587	795.3168
7284	793.8199
-379	792.34204
-1216	787.15295
-1206	779.7583
2648	769.9478
7322	758.09595
-395	747.87305
-1197	737.777
-1202	730.6735
2686	726.6462
7176	725.2832
-431	728.3693
-1194	731.9698
-1189	736.4954
2761	739.89685
7379	740.4428
-402	739.69867
-1192	734.5283
-1197	727.0062
2767	717.2324
7244	705.75385
-429	695.9735
-1200	685.9501
-1201	678.17773
2769	672.3391
7116	667.97504
-477	667.05725
-1208	666.22784
-1206	666.86707
2812	667.9351
7037	668.8163
-484	671.6574
-1198	673.6629
-1186	676.74817
2694	680.329
6734	683.9992
-482	689.685
-1191	694.27563
-1201	699.26434
2779	703.68353
6834	706.98987
-487	711.289
-1189	713.90985
-1191	716.97565
2889	720.1131
6782	723.2818
-537	728.672
-1192	733.2797
-1188	738.557
2827	743.2293
6532	746.35596
-561	749.3267
-1210	748.89044
-1201	746.79083
2921	742.57776
6667	736.58167
-557	731.6701
-1202	725.94934
-1207	721.95776
2999	719.3849
6699	718.0074
-562	719.4614
-1192	720.2021
-1191	721.0646
3066	720.363
6836	717.1584
-549	713.29846
-1197	706.3025
-1194	698.78925
3169	691.191
6847	684.70184
-576	682.74725
-1196	683.5747
-1204	689.4488
3198	699.4064
6824	712.4609
-590	729.4168
-1189	745.94257
-1192	762.3002
3368	776.3284
6921	786.9619
-597	795.9185
-1197	800.5903
-1186	803.32294
3270	804.1144
6751	803.68933
-594	804.844
-1197	805.3653
-1195	807.36835
3448	810.0366
6976	813.1129
-606	818.5005
-1197	823.2442
-1175	829.083
3513	835.0873
6987	841.0785
-595	848.9893
-1189	855.8025
-1187	862.8585
3254	868.6978
6661	872.4937
-610	875.6029
-1195	874.9607
-1185	872.36255
3531	867.37146
6801	860.82355
-627	855.93646
-1204	851.3904
-1188	850.1227
3680	851.92664
6936	856.84863
-648	866.313
-1206	876.4157
-1190	887.1902
3708	895.8442
6879	900.72864
-647	902.7843
-1210	899.0562
-1184	891.8106
3921	881.26227
7079	869.0617
-669	858.9802
-1199	849.791
-1177	843.9795
3909	840.47504
7081	838.38983
-644	838.2935
-1198	835.86707
-1178	831.2647
4153	822.443
7243	809.3137
-656	794.7761
-1194	777.8973
-1184	762.55414
4265	749.85834
7468	741.62665
-642	740.9219
-1173	744.9999
-1173	754.35126
4613	765.6552
7869	776.33734
-641	786.00323
-1189	789.8741
-1175	788.5297
4794	780.6787
8026	767.4419
-626	752.93005
-1193	736.8031
-1160	723.12
5229	712.3667
8708	705.6635
-590	705.5742
-1201	708.697
-1146	715.58594
5942	723.2818
9717	730.5155
-544	739.02594
-1199	745.6407
-1126	752.2643
6709	757.6721
10656	762.53455
-482	770.10767
-1199	777.5678
-1081	786.22797
7662	793.3629
11941	798.1183
-386	802.8113
-1189	804.06683
-975	803.7173
8952	800.2669
13614	795.03827
-214	793.0006
-1183	792.41943
-909	795.72656
10102	800.4496
14832	805.983
-169	814.619
-1182	821.33105
-796	825.9325
11385	824.32324
16439	816.35767
-37	806.9009
-1194	794.4429
-669	783.1484
13091	772.6062
18334	765.5733
138	768.09503
-1205	776.9184
-587	792.40515
14576	808.45154
20358	821.9778
328	834.3894
-1187	839.0284
-415	835.54974
16549	819.6354
22749	793.0616
539	764.25775
-1171	733.342
273	705.9293
21279	680.85754
28536	661.35876
1241	655.52216
-1077	658.8204
2432	670.3115
30961	680.5802
39538	687.3971
2961	697.1314
-822	703.07007
8659	703.7243
45391	691.4729
52319	669.97253
5443	653.05304
-694	638.2212
12097	626.1309
52844	609.65967
58961	592.12506
7754	585.7319
-309	584.4341
15353	584.3592
58522	575.0287
64649	558.1303
10609	546.1811
195	534.56244
16966	521.0198
61451	497.47165
67327	468.23865
12615	447.74356
478	432.60226
18570	419.88287
63608	400.51062
69548	377.3836
14456	363.47916
809	354.57004
19512	346.69226
63594	330.86282
72913	309.1654
21164	294.3578
3900	283.63074
26727	271.41434
70683	248.8333
78692	217.84412
22788	191.85353
2595	168.62415
24068	143.66806
71393	108.907974
80907	68.6648
25917	38.87169
3307	20.429352
23339	10.495346
68819	1.3714951
82827	-5.6971173
30231	1.5015185
3193	20.30781
18483	43.075584
60504	57.550304
74160	61.317524
27846	63.897614
3793	64.225266
22333	58.674786
66605	41.50555
81591	18.071373
31083	6.508063
4200	11.506139
22670	31.316483
66042	58.372448
80611	91.86023
30713	140.31934
4476	197.39665
23567	250.99132
67118	286.11105
82589	298.89807
33177	300.55353
4943	293.3806
24221	277.18976
70469	250.24812
86924	221.58733
34994	212.10677
5714	227.18323
26784	262.25992
72453	305.72208
89063	351.90738
36604	405.93634
9527	459.00525
39054	496.71387
81988	508.68887
94694	497.79913
42500	483.3211
10203	475.8708
33033	479.35767
74356	495.38785
89451	530.3389
37958	598.785
6711	699.0629
27791	820.3644
74664	949.67236
91341	1088.3894
38584	1258.5223
7021	1478.9259
30051	1770.08
76554	2156.2166
92224	2672.1477
38801	3359.577
7136	4234.649
30667	5287.52
77318	6485.131
93039	7784.0757
39789	9138.376
7701	10482.566
31698	11746.301
78166	12870.446
93173	13826.768
39708	14624.626
7674	15285.283
32169	15840.974
78506	16331.691
93584	16805.57
40463	17310.957
8218	17864.043
34198	18449.596
81644	19030.3
98101	19565.057
44303	20022.783
9232	20369.191
35192	20579.16
84299	20650.324
100427	20615.502
45362	20540.36
9784	20488.902
36548	20514.266
81639	20656.354
97415	20942.305
48146	21385.219
11057	21964.178
39313	22629.27
91954	23320.71
113468	23990.773
54685	24617.838
12927	25183.701
46941	25673.36
97897	26084.984
115421	26430.963
54259	26734.535
11104	26996.096
37229	27191.74
87076	27284.729
106923	27242.58
52966	27050.396
11573	26696.9
39313	26181.541
94974	25527.693
112221	24794.994
54101	24072.365
12385	23441.14
42350	22961.438
92771	22670.602
106881	22586.055
56448	22702.396
12572	22977.27
41331	23337.62
95599	23703.932
112158	24017.795
52096	24253.97
11638	24400.438
44884	24459.562
99508	24451.615
116431	24416.822
55989	24405.291
12818	24442.826
46424	24527.094
101755	24639.469
119349	24764.045
57846	24899.17
12735	25042.6
41543	25200.895
90152	25400.387
105396	25693.234
50496	26146.346
11687	26804.156
43445	27674.773
93231	28726.041
107346	29893.023
50368	31082.441
11808	32164.727
43820	32998.91
92273	33464.297
107881	33493.895
52436	33090.145
13346	32308.273
47828	31251.406
95441	30060.686
110792	28899.543
58234	27925.238
14453	27246.129
43538	26906.006
88203	26886.307
89134	27127.732
31940	27539.764
8739	28005.047
41817	28416.44
88737	28694.61
100131	28813.262
45538	28795.334
11136	28685.71
44851	28542.39
94194	28418.11
108061	28357.967
48525	28385.238
11139	28481.256
43966	28604.691
94033	28701.414
105554	28736.219
45638	28701.346
10128	28609.484
42261	28507.24
91090	28455.936
101673	28529.646
40763	28790.496
8059	29255.537
35049	29903.648
77976	30660.906
84933	31425.63
32293	32082.855
6934	32520.416
36524	32673.451
82576	32528.953
90015	32149.432
33479	31662.379
6919	31228.95
36942	31031.7
83336	31223.557
89813	31906.744
34090	33102.52
7999	34729.594
41078	36628.82
88004	38574.55
94900	40322.43
35920	41650.297
7567	42384.617
40663	42449.094
88383	41870.223
95520	40778.55
37707	39385.945
8000	37933.754
38881	36666.4
85647	35778.21
93940	35386.977
38909	35515.74
8798	36083.27
40558	36939.414
88065	37889.867
95345	38741.55
39042	39340.926
9063	39589.438
42308	39475.86
90690	39068.062
97744	38498.883
41076	37935.91
10034	37533.113
44613	37413.156
93718	37641.29
103106	38216.297
44549	39075.45
10611	40094.43
46419	41127.848
95345	42034.28
102828	42701.45
46723	43063.234
11681	43092.42
46983	42809.418
94634	42269.215
99888	41545.066
41487	40713.527
10789	39827.32
48443	38927.484
96858	38044.98
105269	37207.227
48042	36449.36
12845	35807.434
52209	35334.047
100427	35093.566
109494	35145.4
52659	35530.65
14115	36240.344
52093	37215.938
102356	38346.99
114034	39473.92
57858	40417.688
19721	40991.74
67424	41043.09
113431	40492.324
125853	39341.06
69069	37689.766
21228	35711.895
64848	33634.402
117851	31711.787
134534	30178.238
76633	29217.775
25298	28923.133
67867	29288.523
118943	30224.35
132819	31568.303
76560	33122.996
27278	34677.79
71972	36045.42
121632	37096.69
139383	37760.69
84586	38033.35
31670	37951.42
76472	37574.594
126423	36977.242
143288	36218.777
86278	35343.918
32300	34367.457
75093	33283.797
122200	32091.898
140894	30795.797
89981	29426.742
35384	28036.791
75406	26695.93
120234	25495.115
135961	24517.924
86038	23835.47
34591	23482.473
72773	23452.27
113770	23709.557
126346	24183.102
78875	24788.95
32680	25437.674
70644	26052.697
111669	26590.26
122432	27028.295
71843	27375.26
31061	27649.174
71216	27872.35
108847	28074.291
120649	28264.285
75332	28440.174
34849	28580.588
76714	28660.049
114069	28668.324
125773	28594.824
79608	28450.162
36994	28255.91
75507	28047.504
117262	27874.277
129232	27773.312
80575	27772.566
38101	27875.008
77584	28064.904
119668	28323.55
131989	28619.125
85625	28924.803
42188	29220.932
77519	29504.623
118388	29797.28
131702	30121.096
85144	30502.553
43653	30953.744
80883	31465.287
118464	32017.22
130688	32558.273
85605	33025.51
43661	33350.105
77970	33478.824
114720	33394.67
125715	33106.637
82874	32664.04
43246	32143.684
79693	31642.854
118169	31269.385
129839	31102.455
87781	31189.754
51886	31531.104
88342	32086.947
123609	32793.7
137753	33557.74
95757	34291.402
56239	34923.81
94037	35421.02
129829	35804.58
143558	36128.094
100986	36481.49
59394	36964.457
92211	37669.56
128945	38669.23
143726	39981.26
103979	41576.344
63949	43372.113
116501	45244.906
146894	47070.38
151316	48714.844
106733	50074.17
62885	51083.094
93201	51727.035
127667	52054.0
141018	52143.812
100426	52107.22
62251	52062.402
93756	52117.023
128264	52354.21
143402	52811.18
102269	53489.0
65732	54346.086
97271	55313.867
131278	56315.445
146843	57261.875
106992	58081.195
67611	58718.688
98411	59148.89
130530	59380.363
145528	59431.78
107454	59340.0
69770	59144.223
99953	58882.92
131816	58590.25
146646	58273.652
110876	57927.49
70323	57529.793
98368	57051.594
127721	56465.363
145805	55737.01
111790	54848.223
72658	53796.727
101639	52600.832
128593	51305.543
148299	49963.742
121947	48644.945
82062	47425.695
102748	46381.03
127393	45575.95
142584	45044.94
108047	44800.625
75256	44827.082
102691	45087.83
128259	45533.37
141306	46094.832
110899	46707.36
93161	47311.855
131809	47872.344
150057	48380.918
149520	48836.344
110950	49250.773
77683	49640.496
102503	50024.027
127453	50415.75
139969	50807.938
108536	51184.74
83033	51521.875
102824	51803.28
131608	52022.496
138226	52178.344
105103	52283.465
81923	52357.914
104914	52431.69
130034	52530.715
141049	52653.336
114687	52775.61
90481	52850.65
107612	52823.97
82349	52653.715
96833	52284.656
121716	51689.93
79542	50909.996
94054	50035.047
123568	49203.4
124829	48573.066
87371	48301.79
63929	48511.89
89591	49271.38
121208	50572.246
122028	52312.387
83189	54316.08
63074	56357.84
90889	58214.84
123721	59705.418
125737	60716.242
89834	61235.03
69088	61350.715
96299	61247.3
127228	61164.56
127894	61333.695
90345	61935.97
67303	63055.227
93764	64663.43
123633	66620.02
124194	68679.07
104461	70540.55
96551	71909.42
129014	72563.64
148574	72400.97
139123	71435.93
97629	69815.945
73538	67783.99
99308	65643.94
128334	63707.69
135696	62214.953
99771	61313.62
75683	61033.086
104223	61302.645
130393	61985.14
139251	62886.184
107018	63820.234
81367	64641.617
106048	65275.055
129072	65725.86
130482	66034.34
99882	66268.16
76364	66485.76
97331	66721.734
121997	66979.8
132998	67204.34
99291	67325.16
79327	67272.945
106219	67022.9
130628	66620.59
140153	66151.58
108204	65753.21
82171	65572.414
106158	65734.22
124417	66314.73
136240	67274.69
106992	68481.82
82432	69719.64
105883	70738.13
119851	71322.516
133469	71312.59
107732	70678.74
82353	69532.82
104276	68123.15
115079	66802.84
128058	65923.555
105682	65785.125
83429	66555.336
103873	68229.07
115994	70622.484
132710	73367.164
119328	76003.69
103513	78061.95
123659	79161.54
120737	79101.29
120415	77866.02
92468	75660.016
75946	72855.81
94295	69929.91
99291	67374.375
107987	65566.734
86679	64723.273
64609	64855.344
90279	65779.39
97133	67175.664
115382	68623.08
96249	69718.766
78177	70148.51
98874	69749.54
89409	68544.97
105618	66680.42
94183	64411.863
73651	62034.266
98151	59817.98
101243	57969.836
109760	56565.684
83139	55582.676
58886	54916.008
76003	54429.406
61187	54016.723
56884	53595.355
58092	53145.74
47609	52713.766
63465	52386.73
48144	52269.09
44689	52404.953
26655	52781.293
14518	53318.95
64413	53890.797
78395	54379.07
98879	54675.027
100291	54746.07
94868	54653.49
122329	54555.16
132001	54686.367
162887	55267.766
148992	56483.23
98409	58415.51
124380	60996.133
151888	64022.16
170559	67153.31
154178	69991.4
124891	72152.18
139903	73344.56
133798	73452.125
153106	72512.06
140746	70756.52
109399	68556.54
126031	66343.58
127887	64539.582
157991	63434.547
154473	63163.598
122510	63680.973
133931	64774.043
138345	66129.836
163383	67375.195
145999	68191.66
115089	68370.77
131040	67858.484
142445	66770.1
155301	65331.754
123277	63850.984
96584	62631.715
119653	61916.57
133369	61851.816
143369	62435.523
112302	63553.105
89012	64996.97
113951	66525.12
130566	67924.164
138289	69021.68
107873	69731.09
88865	70037.04
116401	69985.6
137242	69666.734
142654	69155.875
106634	68513.91
86659	67762.88
114232	66907.37
136824	65967.89
142453	64978.273
106745	64027.066
86506	63241.816
112891	62783.15
135874	62825.395
138012	63486.23
100718	64797.26
83784	66653.805
111982	68820.48
139498	70958.914
143906	72658.09
112801	73521.41
101403	73228.83
134013	71617.664
150020	68733.33
138033	64813.645
95404	60275.06
78301	55628.035
106964	51397.2
136878	48037.43
134476	45842.934
94145	44915.086
77503	45142.188
106483	46247.355
135331	47859.145
130994	49582.152
89298	51077.715
64020	52111.586
92155	52581.38
130039	52509.023
130651	51990.48
93854	51139.816
79971	50014.453
106444	48582.035
133913	46712.125
133528	44183.887
94637	40771.746
75267	36285.52
99598	30650.012
125167	24014.754
129704	16751.977
95006	9452.533
83240	2859.2764
112311	-2219.8254
135311	-5025.497
136801	-4978.176
100054	-1763.8147
84561	4600.8965
112474	13769.226
134959	25109.842
133821	37779.973
96198	50845.812
81122	63392.62
107721	74638.69
131024	84016.63
127797	91202.61
89694	96126.836
74466	98933.08
102268	99931.28
128386	99534.19
119751	98183.75
88869	96299.88
84243	94242.44
116359	92294.84
137381	90668.07
124541	89494.39
85658	88844.195
73361	88726.805
103434	89102.84
131910	89892.484
122209	90971.87
84116	92183.4
73968	93337.805
103550	94242.7
134647	94724.734
127050	94641.16
88246	93906.8
76055	92494.34
106983	90450.17
136331	87893.28
123148	84989.71
81364	81934.914
70378	78920.11
100083	76120.0
129676	73680.29
117401	71701.59
80261	70237.33
71008	69286.86
100515	68817.62
129709	68772.4
119106	69069.04
81750	69610.945
74831	70278.9
106884	70950.97
136798	71513.52
125830	71860.91
85305	71916.234
74591	71629.07
105582	71002.82
138632	70105.086
129833	69056.11
89659	68025.32
78686	67189.12
110607	66716.6
140984	66745.57
134941	67341.26
94694	68490.69
82288	70076.65
112918	71903.92
141479	73733.695
136506	75307.555
103299	76397.24
97004	76822.0
130436	76486.984
147891	75406.164
141288	73677.5
99571	71481.82
87166	69025.72
114881	66522.67
135359	64167.062
131908	62101.293
94093	60420.637
82832	59150.85
111221	58273.168
130802	57750.97
129346	57525.938
94489	57552.934
84804	57777.844
112064	58155.965
133159	58652.906
133449	59220.836
97563	59820.28
86888	60385.582
113007	60850.04
127061	61172.582
134873	61325.613
103170	61335.06
89838	61256.59
115242	61184.35
127964	61243.895
135276	61542.89
105797	62174.31
90703	63163.387
109401	64451.35
119673	65913.266
143510	67347.57
126201	68540.23
113188	69275.48
133369	69384.32
126044	68800.34
157376	67535.8
166529	65734.84
140921	63637.63
127362	61536.4
96104	59737.383
125229	58470.008
146410	57883.305
104496	58008.52
70624	58748.04
33439	59915.574
53124	61224.934
54509	62385.24
-16289	63161.8
-131004	63417.633
-189193	63119.812
-82953	62305.402
85769	61119.945
125349	59800.168
110995	58604.477
88724	57765.953
123258	57415.633
143516	57600.04
118008	58257.992
110131	59232.047
100081	60317.613
137651	61267.344
127303	61879.633
103811	62004.402
121843	61576.277
126433	60641.28
139408	59315.78
108299	57791.99
91831	56277.973
115422	54977.156
129908	54061.95
138164	53627.617
102377	53706.16
88238	54243.16
118601	55127.39
137586	56222.36
147480	57372.473
112586	58453.516
102667	59370.168
126555	60083.977
125390	60620.074
135351	61028.31
121326	61390.13
112011	61784.77
129548	62278.676
126659	62913.574
176355	63666.863
172881	64503.367
144809	65372.902
165995	66227.16
167578	67052.2
185572	67852.39
149735	68682.79
119532	69616.32
133182	70726.11
137729	72058.7
169428	73580.125
149962	75189.95
132883	76704.22
145596	77884.836
158778	78480.914
173983	78269.2
126338	77141.445
102125	75123.484
126030	72403.4
145801	69320.336
146858	66304.58
107068	63812.582
100054	62223.734
128095	61770.367
144057	62479.254
147178	64141.684
126081	66359.31
110143	68621.805
129503	70418.37
140678	71356.78
147701	71240.6
110157	70136.14
99048	68353.82
124228	66388.91
131577	64806.168
149002	64081.625
121383	64501.582
108215	66066.79
125431	68491.37
127019	71267.51
152577	73771.88
128458	75464.234
110576	76034.27
116824	75531.05
106584	74394.76
140006	73360.08
129719	73326.85
109901	75107.33
101723	79177.73
77695	85457.75
113668	93159.16
136657	100841.05
120439	106585.086
92787	108304.01
51963	104127.08
84886	92776.96
141298	73939.086
132469	48478.0
87203	18429.904
36076	-13223.249
71933	-42979.203
149414	-67307.15
139427	-83165.625
77329	-88511.76
2479	-82653.39
22216	-66398.93
132665	-41916.67
147390	-12344.671
86919	18686.775
27884	47595.453
70453	71358.52
156694	87956.43
147979	96634.98
110036	97884.484
80854	93224.79
129491	84827.2
156664	75108.86
131616	66300.72
109207	60077.348
82579	57332.504
126948	58098.18
146087	61689.36
124305	66939.19
112859	72486.87
96399	77074.52
136763	79772.87
138810	80167.62
133670	78389.82
126135	75045.57
108576	71048.61
147830	67394.3
145810	64993.65
123110	64503.965
109338	66227.86
85091	70084.59
129738	75632.08
161299	82204.66
139275	89056.7
117996	95480.26
89077	100909.016
136443	104959.15
171171	107488.24
144714	108590.06
111593	108527.42
74615	107652.53
125053	106302.44
176087	104772.72
149794	103291.13
116384	101978.234
92739	100840.22
146099	99768.38
160329	98618.26
139277	97245.734
126009	95541.17
123340	93451.57
165717	90981.445
153330	88235.6
123244	85387.445
120566	82654.586
116258	80261.266
145609	78382.09
120741	77144.305
105203	76582.484
122306	76639.55
129694	77173.68
143135	77966.32
104591	78785.375
96772	79402.15
123983	79647.43
136631	79441.12
132984	78795.49
94258	77824.91
88130	76705.93
117206	75655.18
137524	74881.266
125019	74534.266
86387	74680.28
85253	75263.49
117813	76128.766
137515	77043.28
126498	77724.54
85733	77901.43
83841	77341.52
113740	75913.57
133956	73613.48
118465	70563.516
80934	67006.27
81841	63245.566
121365	59622.543
137573	56466.793
129655	54023.93
91348	52436.332
88805	51678.38
117371	51574.39
131168	51837.85
133096	52095.062
99134	51969.484
94983	51108.336
120048	49268.793
130208	46404.098
131411	42668.715
121651	38427.266
128456	34188.227
135459	30553.275
150516	28134.994
154151	27462.822
109306	28884.771
96374	32442.951
120806	37861.07
132709	44633.22
133158	52071.363
96463	59411.477
93484	65892.96
122305	70900.89
135522	74087.08
133734	75399.62
96076	75098.125
92866	73656.6
121725	71698.79
139652	69881.65
134349	68752.0
96913	68663.805
94786	69694.94
126761	71670.516
148036	74214.23
140216	76830.06
101508	79027.05
94380	80408.18
124927	80771.7
143229	80147.6
128671	78772.41
89222	77039.75
88990	75388.17
122931	74222.28
146389	73816.85
133831	74254.5
92189	75428.97
87968	77052.56
118487	78747.08
141058	80141.73
120197	80957.875
82959	81087.336
85907	80580.98
122861	79669.125
148195	78715.12
134446	78107.96
93703	78185.23
92321	79121.21
118101	80910.63
135698	83357.97
153019	86093.72
129953	88674.336
129105	90636.91
146856	91620.4
178869	91425.32
174427	90051.01
123753	87694.9
111523	84678.84
139121	81410.445
158469	78293.78
156775	75642.35
112212	73643.56
109479	72317.46
138929	71554.93
156529	71152.4
141841	70866.305
97697	70482.8
94689	69847.56
122544	68905.67
139898	67705.24
124943	66362.52
72790	65032.758
81088	63836.594
120972	62858.535
140049	62121.63
140734	61576.074
103328	61143.113
99130	60714.83
126205	60215.95
141078	59627.035
137485	58983.465
95388	58387.082
81619	57945.098
107478	57762.57
130711	57906.91
137303	58374.188
100493	59105.78
96236	59958.13
121927	60769.254
130816	61405.883
124054	61792.547
92899	61959.117
99763	62007.07
124872	62119.688
135963	62535.527
137655	63481.22
102380	65129.695
101443	67506.29
125366	70476.36
137883	73781.44
150337	77063.37
126291	79935.97
125143	82013.04
135497	82984.94
152339	82707.195
156647	81224.09
115240	78769.86
109020	75682.42
122690	72339.28
130284	69140.18
150396	66436.875
118804	64495.258
111491	63416.21
117447	63150.16
120816	63565.758
154483	64467.47
133347	65663.17
121828	66950.555
106479	68173.9
98771	69240.88
152734	70089.54
150425	70717.94
130658	71116.85
109379	71279.58
97416	71205.32
154875	70874.9
166861	70306.555
142116	69529.586
114583	68611.6
97739	67648.52
154754	66733.69
171061	65979.19
145515	65451.133
112855	65165.53
89668	65075.707
144294	65052.945
176713	64956.38
151510	64643.402
106561	64018.33
81696	63081.723
147446	61924.58
179724	60776.105
151658	59940.613
105609	59750.184
77394	60512.004
139981	62413.113
179242	65512.81
153413	69685.51
105189	74628.71
71466	79925.95
128429	85081.56
196326	89629.67
180996	93195.164
93954	95565.195
-24369	96707.52
-39422	96717.695
-2936	95805.34
-84574	94248.44
-246171	92329.38
-415570	90262.79
-461532	88126.13
-357079	85878.17
-279377	83419.06
-355766	80685.305
-503513	77663.62
-547631	74392.88
-461469	71007.67
-395537	67754.5
-482179	64988.652
-631168	63054.582
-642702	62167.61
-496916	62379.094
-376199	63586.055
-395671	65557.6
-476152	67931.9
-434962	70249.3
-252394	72060.46
-93726	73056.75
-88531	73148.49
-129045	72430.73
-55251	71128.21
86558	69570.0
117485	68146.24
51067	67205.76
-26745	66949.91
7633	67374.414
111196	68308.27
27296	69529.21
-1696039	70753.02
-3170172	71754.68
-3195242	72423.89
-3053169	72816.52
-2936982	73144.94
-2975487	73733.05
-3085184	74914.85
-3092442	76934.95
-2971307	79879.016
-2843597	83624.73
-2804092	87858.305
-2772980	92114.586
-2583602	95868.64
-2195390	98660.81
-1777979	100198.77
-1505552	100428.83
-1308637	99542.03
-979346	97935.25
-483498	96114.38
-36495	94590.85
126864	93704.4
140939	93643.734
104007	94347.016
65882	95547.73
74253	96850.94
103478	97875.35
112853	98361.62
79155	98256.69
47490	97741.94
54529	97187.86
77755	97076.74
78846	97857.9
46014	99807.85
22213	102930.05
31364	106921.63
53094	111238.266
53478	115204.14
25001	118174.41
10911	119704.625
13888	119688.71
24356	118418.664
21654	116525.28
7356	114826.21
8374	114122.91
15801	114988.266
7556	117596.805
5979	121616.695
2179	126252.266
1085	130420.2
1257	133019.94
2207	133240.4
1873	130807.25
134	126131.91
-433	120308.195
-430	114933.11
2162	111757.945
3881	112236.33
-751	117084.37
-1086	125949.26
-1001	137272.11
-946	148387.36
-1077	155848.19
-1104	155965.6
-1152	145459.75
-1199	122072.69
-1094	85055.79
-1025	35375.45
-1115	-24367.486
-1090	-90321.39
-1037	-157982.38
-1029	-222906.77
-1031	-281426.88
-1123	-331184.0
-1146	-371377.88
-1098	-402701.72
-1021	-426962.62
-1044	-446513.2
-1147	-463566.62
-1151	-479553.88
-1107	-494674.56
-932	-507733.1
-921	-516325.94
-1117	-517306.22
-1142	-507445.38
-1119	-484161.66
-1057	-446163.84
-1057	-393913.44
-1105	-329750.1
-1132	-257665.45
-1121	-182792.86
-979	-110670.945
-986	-46462.83
-1132	5770.9575
-1121	43615.227
-1142	66547.164
-1121	75879.49
-1125	74389.16
-1167	65744.375
-1166	53852.03
-1169	42221.684
-1162	33478.582
-1141	29055.139
-1156	29138.945
-1162	32862.57
-1138	38649.56
-1164	44657.77
-1186	49194.57
-1196	51067.48
-1187	49802.348
-1147	45684.57
-1146	39664.547
-1172	33113.23
-1181	27532.82
-1177	24276.46
-1177	24302.25
-1169	28038.217
-336	35322.62
45	45465.445
-1171	57387.23
-1189	69806.08
-1170	81452.13
-1169	91222.09
-1167	98309.33
-1169	102280.93
-1167	103073.38
-1167	100969.32
-1173	96493.23
-1158	90308.37
-1168	83119.37
-1179	75563.484
-1165	68170.164
-1156	61304.953
-1168	55164.055
-1180	49794.12
-1179	45101.688
-1187	40931.348
-1176	37105.168
-1193	33461.324
-1196	29889.977
-1174	26323.848
-1169	22769.307
-1176	19295.768
-1155	16007.019
-1166	13019.5205
-1162	10410.854
-1191	8228.961
-1181	6485.7124
-1175	5149.7593
-1167	4159.6816
-1176	3413.4812
-1169	2807.762
-1172	2266.0625
-1176	1743.8239
-1174	1230.3534
-1171	716.0278
-1172	211.28017
-1153	-254.46294
-1144	-651.222
-1159	-956.6888
-1151	-1187.7665
-1136	-1374.2336
-1194	-1538.4644
-1204	-1695.4235
-1189	-1846.5823
-1177	-2001.7074
-1081	-2168.4695
-1031	-2332.7295
-1152	-2465.6846
-1146	-2527.7244
-1103	-2511.4236
-946	-2448.5994
-949	-2364.1123
-1082	-2274.9727
-1049	-2188.0664
-869	-2119.5708
-617	-2110.4683
-669	-2191.9326
-358	-2347.9856
-22	-2523.6792
-419	-2671.8079
-149	-2781.6396
-210	-2861.6953
-542	-2903.4644
-486	-2884.0842
-111	-2808.299
649	-2723.9036
695	-2681.19
-49	-2692.538
177	-2731.579
1029	-2774.9385
2862	-2825.4731
3610	-2889.406
1913	-2940.456
2453	-2936.997
6059	-2868.6604
15775	-2764.9243
19155	-2645.8018
10346	-2514.5488
11226	-2368.0264
33038	-2226.2007
59677	-2139.979
67194	-2092.8306
46145	-2075.6963
38920	-2079.0923
68256	-2096.9502
101189	-2119.5137
114024	-2133.694
107308	-2127.2886
91616	-2092.4363
99531	-2032.9374
63203	-1944.109
17716	-1827.9629
87753	-1718.7563
134921	-1634.3007
102774	-1574.4146
35564	-1534.657
10999	-1519.3992
100084	-1551.5276
122898	-1621.7413
112873	-1716.1993
110671	-1830.8578
123943	-1922.8394
99196	-2009.2161
50271	-2076.0952
45054	-2115.8906
50304	-2121.7463
30944	-2097.02
7473	-2059.59
1494	-2034.2241
1096	-2033.6575
864	-2062.1184
118	-2123.6829
-714	-2219.283
-882	-2339.8464
-746	-2462.3176
-612	-2562.418
-794	-2627.2456
-1036	-2657.7395
-896	-2663.4646
-672	-2655.7712
-651	-2654.6953
-811	-2684.8032
-1005	-2768.289
-1022	-2914.0544
-876	-3111.8923
-589	-3340.1829
-608	-3570.1223
-837	-3765.409
-689	-3897.8328
-356	-3952.819
18	-3936.1301
40	-3874.0383
-290	-3808.6687
-321	-3788.1672
80	-3854.244
504	-4030.875
367	-4315.477
-220	-4677.495
-197	-5063.527
380	-5406.63
829	-5645.391
278	-5739.5073
-306	-5682.756
2534	-5508.6567
7833	-5285.142
4863	-5097.589
70	-5030.404
-464	-5144.998
-471	-5459.5195
-301	-5939.8374
-41	-6503.141
-106	-7034.5903
-509	-7414.142
-576	-7547.6904
-351	-7394.2046
74	-6981.888
-4	-6407.581
-585	-5818.445
-550	-5378.8228
-346	-5228.9077
-125	-5445.9316
-288	-6017.751
-664	-6837.167
-563	-7720.15
-322	-8445.14
-266	-8805.455
-409	-8661.85
-627	-7981.096
-608	-6848.653
-609	-5448.788
-481	-4013.6763
-556	-2750.7937
-812	-1765.3243
-826	-997.3442
-623	-192.44199
-567	1081.0327
-724	3365.1265
-842	7204.126
-822	13014.745
1861	20961.023
3896	30865.36
-454	42178.633
-832	54020.04
-796	65294.906
-537	74867.67
-236	81762.11
-381	85350.26
-776	85490.66
-774	82584.22
-299	77530.414
44	71586.17
-323	66149.15
1033	62502.645
3586	61571.17
2906	63735.03
1506	68737.48
-337	75709.43
-736	83307.91
-731	89945.28
-361	94068.01
-25	94432.77
-226	90328.46
-606	81703.54
-419	69177.25
663	53932.156
1851	37512.465
1386	21566.363
223	7580.1445
-37	-3345.9531
816	-10641.92
1738	-14310.356
1418	-14866.186
429	-13192.501
489	-10345.398
1573	-7347.9614
2615	-5013.692
2031	-3830.166
687	-3920.0073
338	-5078.2285
1954	-6870.051
3666	-8762.375
2558	-10258.528
581	-11008.916
705	-10875.49
2651	-9940.784
6484	-8466.405
9121	-6814.415
3739	-5352.7217
6951	-4373.6694
7018	-4029.0457
7599	-4308.915
6468	-5056.252
1664	-6014.366
1979	-6895.4253
6929	-7447.5923
16884	-7509.8154
16473	-7037.8984
6591	-6107.0054
8413	-4890.6284
30629	-3615.8394
63901	-2508.3171
90597	-1741.9955
76891	-1400.4493
68900	-1480.4689
98754	-1905.3849
135406	-2541.4631
124600	-3223.9111
67317	-3798.6409
35084	-4167.841
56907	-4304.815
92110	-4240.8535
94775	-4043.382
55091	-3794.0852
36701	-3579.173
68116	-3468.189
97776	-3486.188
84606	-3607.5115
39671	-3771.5625
16793	-3911.5378
32309	-3973.3948
57291	-3925.0393
55021	-3760.5425
24688	-3505.0125
11806	-3217.2568
27729	-2972.7563
49584	-2838.8892
44430	-2851.9885
14970	-3009.7534
8498	-3279.345
24243	-3599.0376
42713	-3889.1099
34553	-4065.9187
11073	-4067.398
4940	-3874.674
9282	-3513.373
19923	-3051.3293
14501	-2579.9397
5123	-2200.7874
4229	-2001.8348
8564	-2031.3241
19484	-2289.5994
18348	-2726.2878
6865	-3250.7288
5413	-3752.0728
13368	-4116.5264
25621	-4259.898
20621	-4150.797
7866	-3817.5718
6413	-3341.2104
14046	-2835.0996
28229	-2418.0964
23525	-2195.539
8251	-2219.8364
5640	-2475.7258
14573	-2921.4585
33798	-3474.6301
28568	-4011.3967
9989	-4406.8633
7195	-4579.5083
13511	-4539.9893
26821	-4346.1343
27231	-4088.5688
22501	-3877.179
11609	-3815.0068
33848	-3963.9204
57419	-4309.882
34948	-4772.1714
12356	-5231.1753
11198	-5550.0776
29882	-5615.337
51887	-5376.5747
51569	-4862.893
26266	-4185.302
12609	-3523.537
31580	-3084.8232
29821	-3034.9734
22710	-3455.645
6646	-4305.804
3567	-5419.7197
6974	-6528.905
9908	-7317.803
7505	-7499.378
1758	-6894.844
2941	-5497.6123
9924	-3498.7334
24494	-1268.1901
26539	716.89606
13328	1974.5032
11103	2131.7854
29343	1036.9557
52079	-1160.2316
49069	-3983.3784
21470	-6680.5337
14065	-8346.415
34798	-8077.3145
58458	-5139.1035
56291	880.0862
22712	9961.55
15028	21608.654
34264	34903.758
50737	48644.098
40364	61529.11
14420	72361.42
9686	80227.85
24681	84638.664
37284	85589.59
28613	83532.84
11440	79266.92
12029	73765.086
48302	67985.836
65539	62718.2
32289	58462.36
13863	55359.023
8937	53220.586
26795	51617.594
33381	50020.434
29402	47938.7
16705	45044.47
10253	41244.965
18674	36698.25
23829	31773.156
8310	26959.787
1813	22744.273
3695	19499.46
5441	17403.006
8487	16398.848
7066	16215.507
3138	16429.48
2323	16560.344
6297	16176.577
11801	14987.996
10878	12905.653
7769	10053.406
13078	6733.7524
47351	3355.105
95637	348.79443
84624	-1903.4785
62355	-3159.5356
68738	-3360.2925
117616	-2630.7021
113042	-1220.4297
83204	538.52356
137456	2280.054
190140	3705.9766
103684	4656.9395
-112490	5119.337
-344802	5190.697
-482041	5029.5435
-574356	4829.0166
-786209	4800.199
-1142611	5119.432
-1508232	5868.2236
-1765202	7013.7915
-1907714	8435.692
-2111127	10001.414
-2406918	11597.176
-2665084	13133.711
-2799281	14564.527
-2807267	15902.862
-2814792	17243.049
-2876856	18737.3
-2846633	20519.71
-2568594	22645.748
-2115023	25094.164
-1682897	27790.375
-1344812	30605.025
-956749	33328.816
-371323	35821.6
-4880	37900.816
29994	39408.81
47974	40229.816
36028	40301.23
11836	39619.266
6997	38240.562
16108	36280.082
27114	33907.883
15548	31344.734
4404	28855.865
3718	26740.463
8768	25313.238
16413	24876.717
12359	25685.543
4286	27906.645
3653	31583.809
8139	36612.52
12251	42735.297
9721	49564.074
3013	56628.99
1849	63447.914
3368	69608.11
5038	74830.76
4829	79020.06
1975	82270.44
2898	84833.625
7284	87050.47
11449	89258.81
10393	91703.61
3776	94471.45
2704	97472.88
6363	100476.53
10330	103183.66
7868	105334.055
2164	106814.18
1586	107733.21
5356	108451.75
9206	109519.15
7863	111541.445
1757	115021.914
1616	120210.76
4038	126993.64
5809	134841.22
4999	142866.8
1435	150000.67
1109	155236.25
3359	157891.22
5898	157798.05
5673	155391.38
1578	151672.7
1050	148031.42
3655	145946.33
6856	146625.84
6777	150689.97
1582	157983.05
1300	167568.61
3489	177921.1
5105	187271.83
3564	194056.69
675	197364.84
619	197271.58
2077	194958.95
2955	192559.66
1708	192765.23
28	198257.53
594	211084.83
2311	232104.62
4517	260613.16
4724	294267.22
1642	329302.28
2378	361001.47
6444	384299.03
10475	394374.16
8764	387107.84
4478	359299.94
5741	308627.53
15627	233390.6
30220	132159.53
24486	3502.4866
13626	-154057.14
13426	-341737.88
35728	-559848.56
54958	-806874.1
44133	-1078479.4
18503	-1366705.2
14789	-1659600.6
42059	-1941535.6
55732	-2194293.5
49171	-2398883.5
21176	-2537869.8
20234	-2597853.8
34164	-2571693.0
18831	-2460072.0
23731	-2271994.8
11868	-2024129.8
13664	-1738972.6
44536	-1442078.6
84317	-1158832.0
85713	-911223.44
73364	-715187.56
97062	-578895.7
124854	-502318.16
79336	-478047.62
33208	-493201.34
117414	-532013.6
202639	-578641.4
194698	-619676.6
184921	-645969.25
210028	-653484.8
155166	-643115.25
71655	-619619.56
32701	-589972.0
-111587	-561515.06
-239802	-540296.2
-286974	-529899.0
-321756	-530962.75
-448171	-541408.2
-678008	-557304.6
-773181	-573819.06
-522394	-586646.06
-143108	-592836.25
11397	-591282.44
3643	-582826.2
29044	-569895.5
43329	-555748.8
32298	-543626.94
57075	-536002.1
38609	-534058.6
31971	-537556.1
34099	-545015.4
27521	-554172.7
32818	-562591.4
-38523	-568237.4
-46629	-569966.5
9105	-567693.9
22072	-562292.2
3940	-555300.6
-89860	-548494.56
-135109	-543470.6
-47753	-541298.4
38961	-542281.7
39685	-545958.8
-56824	-551291.6
-141210	-556997.4
-108095	-561883.6
-49531	-565076.56
-85291	-566186.56
-235492	-565341.44
-356728	-563129.6
-377619	-560404.3
-368498	-558038.75
-467389	-556702.4
-664261	-556746.2
-842837	-558196.44
-924067	-560804.44
-987881	-564117.2
-1111901	-567606.4
-1276741	-570799.94
-1428492	-573370.8
-1486447	-575185.1
-1519438	-576262.94
-1678911	-576707.2
-1878518	-576689.25
-2029483	-576420.4
-2082537	-576130.25
-2100904	-576033.9
-2234001	-576299.5
-2413771	-577071.7
-2514861	-578478.7
-2491982	-580603.9
-2453870	-583394.9
-2540790	-586620.7
-2716234	-589905.5
-2818263	-592818.9
-2802494	-594928.56
-2755902	-595882.1
-2777356	-595534.0
-2862459	-594028.75
-2907429	-591808.06
-2852325	-589548.2
-2680506	-588039.1
-2278511	-588053.75
-1795301	-590104.9
-1441922	-594215.44
-1239674	-599852.3
-1075488	-606040.9
-830414	-611594.2
-521447	-615394.94
-229314	-616641.44
-85194	-615055.3
-15647	-611065.8
-1917	-605787.1
-1366	-600818.5
-1371	-597855.7
-1378	-598231.6
-1374	-602541.8
-1384	-610432.9
-1372	-620574.2
-1365	-630842.9
-1371	-638750.6
-1359	-642132.9
-1364	-639617.9
-1364	-631195.5
-1371	-618407.75
-1382	-604175.25
-1374	-592251.0
-1363	-586387.0
-1362	-589366.4
-1360	-602109.6
-1353	-623061.0
-1357	-648023.4
-1346	-670527.25
-1345	-682711.25
-1365	-676584.75
-1386	-645449.75
-1372	-585218.5
-1366	-495360.75
-1372	-379283.72
-1371	-244047.62
-1365	-99444.94
-1361	43397.41
-1368	173646.83
-1377	282327.9
-1367	363540.1
-1367	415119.66
-1357	438648.1
-1375	438839.78
-1374	422457.28
-1376	396992.03
-1374	369374.9
-1384	344960.72
-1380	326951.8
-1383	316323.94
-1366	312201.97
-1374	312540.38
-1372	314912.88
-1356	317203.34
-1360	318045.38
-1362	316924.44
-1364	313961.0
-1359	309468.7
-1370	303444.2
-1367	295149.47
-1367	282923.47
-1369	264287.66
-1378	236329.28
-1359	196268.92
-1359	142063.44
-1369	72886.12
-1379	-10648.204
-1373	-106579.09
-1367	-211999.62
-1356	-323662.22
-1362	-438639.0
-1380	-554864.56
-1384	-671422.2
-1372	-788493.7
-1357	-906988.7
-1356	-1027948.56
-1359	-1151895.2
-1382	-1278299.8
-1382	-1405352.0
-1359	-1530102.9
-1354	-1648989.5
-1357	-1758621.5
-1348	-1856643.2
-1365	-1942437.0
-1361	-2017458.8
-1700	-2085050.1
-24710	-2149711.0
-64504	-2215934.0
-96542	-2286828.0
-149036	-2362786.5
-160408	-2440595.5
-114597	-2513126.0
-74540	-2569836.0
-98309	-2598020.2
-152181	-2584705.0
-163486	-2518829.5
-116353	-2393321.0
-71701	-2206680.5
-89554	-1963788.2
-139242	-1675747.9
-155803	-1358762.8
-126397	-1032190.1
-94487	-716095.7
-114416	-428731.16
-152377	-184356.55
-151926	8263.077
-119622	146496.16
-95790	233542.47
-129150	277305.16
-186394	288669.0
-204745	279534.62
-173543	260975.56
-146496	241809.9
-171091	227765.17
-171067	221281.03
-81821	221930.67
-70519	227332.81
-103459	234195.28
-48057	239319.47
-4562	240435.62
-1367	236633.11
-1389	228386.97
-1512	217257.28
-1491	205363.25
-1367	194789.03
-1365	187069.94
-1376	182869.69
-1372	181905.6
-1371	183110.7
-1383	184970.95
-1377	185937.33
-1372	184810.77
-1399	181006.08
-1407	174645.53
-1376	166472.39
-1371	157654.6
13188	149337.33
63701	142573.8
59071	137927.03
17288	135370.44
23016	134396.05
78334	134180.03
109561	133773.75
90318	132353.89
53892	129419.19
54058	124865.12
93539	119011.8
125326	112497.24
110544	106105.77
71974	100565.74
66611	96347.66
105368	93595.484
133792	92088.69
110861	91309.1
75629	90595.93
73104	89302.81
94131	86987.31
104871	83506.734
80916	79022.1
48908	73965.5
55162	68932.89
101796	64543.586
145163	61278.188
136148	59333.625
109783	58569.78
118113	58554.65
154928	58690.2
187194	58341.816
178363	56984.848
156235	54336.883
167193	50462.926
212742	45786.84
241011	41000.07
217870	36887.895
179152	34144.824
183204	33204.684
220026	34113.5
244701	36475.977
227361	39466.094
191961	41941.305
194948	42663.914
229452	40513.273
252211	34685.508
232979	24834.945
198817	11139.579
202223	-5685.8335
242553	-24497.477
270923	-43910.39
250554	-62520.477
211133	-79102.07
216414	-92741.99
258978	-102918.79
288596	-109545.18
273465	-112933.23
241624	-113691.33
244247	-112586.47
282579	-110411.93
309691	-107902.58
289866	-105685.69
251614	-104258.93
251596	-104043.76
286836	-105377.48
308858	-108463.67
284687	-113349.19
247917	-119928.15
244549	-127942.125
270877	-136938.36
285432	-146234.02
253727	-154888.56
208653	-161798.56
204197	-165823.05
233584	-165937.62
251242	-161390.95
216499	-151844.95
168289	-137485.92
157894	-119059.234
187424	-97808.664
208254	-75327.53
181401	-53356.082
140919	-33565.887
143328	-17349.725
185108	-5639.415
215839	1209.7184
194023	3440.2517
161245	1807.5712
168041	-2570.5696
211882	-8394.729
240542	-14367.479
217393	-19362.97
176451	-22563.379
176041	-23531.123
214968	-22198.945
239611	-18797.299
211096	-13752.541
167934	-7587.9707
167077	-829.13495
204957	6082.1196
230327	12844.823
202734	19312.793
158564	25460.176
159044	31327.25
198556	36976.566
220514	42457.94
190281	47775.8
146672	52858.203
144704	57546.934
181949	61619.617
204256	64830.883
173519	66952.79
132636	67799.65
133404	67256.516
172929	65315.523
199119	62109.14
175020	57922.684
141734	53173.812
157916	48378.363
203983	44119.895
197236	41012.37
169261	39619.965
154302	40386.742
166717	43578.19
193423	49244.6
185718	57215.86
164724	67104.15
142661	78345.83
166869	90256.29
208830	102122.26
198834	113298.4
174636	123264.04
156254	131672.78
174797	138368.89
184725	143393.56
169754	146949.1
154651	149337.8
136826	150904.19
156357	151968.28
167498	152796.14
150651	153577.45
145335	154410.22
131071	155327.2
150556	156309.61
153893	157336.23
139173	158406.16
143514	159548.08
135093	160835.52
151258	162365.6
122538	164261.45
97970	166624.9
121403	169513.5
132470	172941.67
119626	176857.84
58012	181164.53
10708	185698.75
1851	190240.08
2661	194551.27
13	198416.42
3783	201654.53
45454	204110.86
121008	205658.72
136436	206232.92
137018	205821.52
136441	204457.06
129695	202190.02
109233	199069.17
72250	195132.45
60633	190404.11
77329	184892.1
76749	178591.36
33923	171497.81
-21856	163624.25
-25920	155028.9
2734	145848.31
24251	136309.72
6073	126735.1
-27267	117530.32
-14002	109163.73
44694	102115.766
86576	96801.74
87619	93554.36
76279	92564.49
94052	93793.71
116495	96993.12
118288	101735.33
106043	107449.39
78342	113491.6
81864	119217.8
114014	124071.24
124636	127662.266
90429	129810.555
42981	130543.66
36023	130060.336
54434	128685.52
58034	126806.81
20871	124801.43
-20752	122961.4
-21849	121442.86
3399	120259.4
10663	119307.67
-18579	118405.734
-50272	117322.1
-40827	115848.31
-6541	113860.02
7699	111337.11
-22114	108368.945
-60914	105146.33
-66471	101934.74
-52099	99036.87
-55107	96741.88
-94950	95281.41
-135835	94794.57
-132161	95314.61
-95927	96771.77
-78014	99002.39
-101623	101763.65
-128246	104760.805
-122282	107691.61
-101034	110285.3
-99667	112331.625
-145029	113713.125
-194649	114416.14
-202343	114536.63
-183001	114273.31
-183747	113895.375
-222203	113689.8
-260867	113898.24
-256704	114665.51
-223508	115994.07
-224689	117719.06
-271290	119511.35
-318125	120915.414
-333090	121437.1
-331012	120652.016
-345957	118308.82
-390241	114412.62
-432187	109272.69
-430570	103493.99
-395787	97900.31
-378062	93389.95
-415177	90757.95
-363120	90477.47
-100892	92538.234
-4054	96465.15
-1395	101259.21
-1375	105502.46
-1372	107591.77
-1380	106031.7
-1382	99737.04
-1377	88285.67
-1384	72088.72
-1371	52436.145
-1359	31389.766
-1372	11514.356
-1369	-4519.1924
-1367	-14370.173
-1372	-16431.102
-1373	-10133.932
-1374	3888.915
-1365	23826.342
-1371	46913.938
-1381	69835.73
-1378	89230.96
-1395	102208.44
-1393	106781.99
-1380	102173.88
-1369	88935.08
-1360	68857.14
-1381	44674.457
-1372	19618.906
-1369	-3081.8792
-1369	-20675.902
-1369	-31252.637
-1363	-33963.8
-1357	-29066.926
-1371	-17777.426
-1364	-1969.9794
-1363	16204.246
-1374	34686.074
-1366	51803.023
-1368	66453.12
-1376	78158.28
-1384	86986.39
-1379	93355.71
-1382	97782.91
-1359	100655.7
-1362	102088.64
-1371	101890.555
-1371	99628.15
-1361	94777.305
-1366	86933.1
-1378	76024.84
-1377	62469.066
-1367	47197.25
-1374	31544.406
-1369	17030.416
-1368	5080.603
-1383	-3262.548
-1392	-7586.9497
-1379	-8249.902
-1368	-6350.7827
-1371	-3531.182
-1376	-1642.8203
-1383	-2367.091
-1369	-6864.428
-1367	-15511.748
-1373	-27789.27
-1363	-42359.598
-1374	-57344.773
-1374	-70741.19
-1367	-80869.1
-1365	-86754.09
-1363	-88360.53
-1369	-86637.54
-1376	-83350.43
-1367	-80714.32
-1368	-80902.22
-1381	-85544.875
-1381	-95352.87
-1376	-109949.81
-1380	-127941.914
-1363	-147204.55
-1377	-165379.83
-1383	-180453.6
-1362	-191275.84
-1374	-197902.1
-1379	-201650.64
-1382	-204875.52
-1367	-210462.62
-1354	-221165.45
-1364	-238888.73
-1358	-264070.28
-1376	-295348.1
-1372	-329569.4
-1362	-362183.72
-1371	-387927.53
-1374	-401710.5
-1363	-399542.9
-1366	-379303.84
-1388	-341225.22
-1380	-287956.62
-1374	-224207.89
-1380	-156056.14
-1375	-89999.15
-1366	-31975.951
-1373	13516.905
-1365	44026.508
-1345	59354.2
-1358	61395.254
-1386	53607.22
-1377	40289.43
-1364	25759.014
-1360	13599.413
-1355	6151.8906
-1370	4284.6787
-1363	7481.6646
-1361	14166.674
-1371	22198.287
-1356	29425.826
-1356	34172.22
-1352	35550.582
-1342	33560.406
-1346	28972.55
-1381	23085.93
-1381	17360.748
-1376	13059.701
-1366	10976.034
-1366	11298.11
-1371	13631.527
-1385	17141.46
-1374	20786.35
-1374	23588.578
-1369	24865.588
5309	24362.475
63145	22248.346
112195	19054.72
105841	15527.353
120416	12419.709
154497	10323.041
167658	9537.71
144258	10023.591
126934	11440.055
146295	13256.509
179471	14898.7295
187956	15883.476
167306	15925.807
151640	14987.962
173629	13260.023
215363	11105.665
235314	8958.778
226589	7209.725
220663	6118.43
249101	5767.4893
299615	6061.4526
331983	6759.9976
331242	7547.115
327144	8110.168
355366	8215.376
402250	7757.083
426936	6767.8306
424631	5395.5234
427893	3859.1301
461013	2395.8813
508237	1207.3816
529667	414.22137
518431	34.374233
505333	-11.462065
491845	137.1449
348348	344.96143
242254	454.68256
220681	326.30438
207684	-111.84274
156569	-844.95795
119501	-1800.2804
145514	-2883.402
195129	-3989.5693
220526	-5010.763
228281	-5853.6987
180247	-6449.984
180178	-6802.983
201078	-6968.4727
205666	-7034.6772
189676	-7099.6523
131208	-7253.0703
140687	-7597.952
176329	-8211.085
169568	-9107.242
106883	-10228.456
57686	-11470.889
51868	-12711.648
68801	-13828.366
68832	-14707.273
33975	-15264.947
13512	-15491.903
27387	-15470.131
49665	-15355.297
47603	-15337.388
18544	-15595.984
5519	-16268.049
15731	-17414.955
33591	-18995.71
31998	-20854.26
6481	-22724.322
140	-24312.074
2122	-25422.438
12443	-25926.13
10630	-25811.602
92	-25228.207
-1024	-24468.934
-711	-23905.45
1106	-23900.586
1419	-24711.115
-1046	-26408.004
-1187	-28837.176
-1182	-31632.291
-1052	-34286.164
-1002	-36267.766
-1193	-37159.918
-1192	-36785.48
-855	-35287.105
1976	-33134.645
3294	-31046.318
-111	-29834.078
1492	-30202.867
6245	-32539.771
13745	-36748.363
8478	-42167.473
-532	-47616.13
-1157	-51559.605
-582	-52371.453
3307	-48652.87
4513	-39537.65
-592	-24920.49
-1040	-5554.1445
694	17022.588
10827	40714.74
11949	63231.152
647	82494.625
-625	97020.78
1878	106198.84
15419	110399.16
16294	110893.445
1632	109588.49
-393	108627.29
3780	109959.664
20692	114957.29
21181	124174.84
3509	137292.05
543	153253.44
9794	170589.75
30488	187831.02
30719	203923.58
8359	218532.86
2569	232153.75
15720	246010.42
38326	261741.73
40175	280940.38
14633	304635.28
4466	332834.94
19186	364263.7
44531	396358.34
44341	425552.78
18115	447801.34
5893	459253.72
22716	456971.75
49117	439543.3
50667	407461.6
21660	363180.03
8218	310817.44
27730	255579.11
57994	202986.92
63428	158051.25
42975	124523.62
30496	104365.07
54556	97527.836
79974	102087.91
79294	114671.766
38005	131094.0
14689	147067.42
31252	158886.4
57806	163958.42
57371	161094.4
27409	150523.34
11604	133656.16
28334	112683.055
51744	90096.836
49136	68230.2
19290	48886.18
5311	33117.52
18312	21191.97
40236	12715.945
38221	6865.6816
11507	2652.57
2404	-838.41956
14411	-4266.3223
39510	-7949.376
45119	-11872.801
22389	-15782.082
7174	-19326.555
12261	-22195.102
26822	-24215.941
17489	-25398.85
100	-25931.822
-1177	-26125.389
-1182	-26319.008
-1188	-26792.912
-1188	-27700.316
-1192	-29036.506
-1186	-30649.71
-1189	-32287.256
-1191	-33662.42
-1194	-34523.95
-1204	-34711.305
-1214	-34183.79
-1199	-33019.754
-1188	-31389.34
-1195	-29510.703
-1197	-27601.604
-1186	-25838.63
-1190	-24332.14
-1207	-23120.271
-1184	-22180.135
-1183	-21450.107
-1190	-20855.725
-1193	-20331.684
-1189	-19835.002
-1189	-19347.697
-1194	-18870.451
-1184	-18411.209
-1192	-17973.322
-1199	-17547.46
-1211	-17109.441
-1212	-16624.234
-1186	-16054.262
-1171	-15368.124
-1194	-14544.565
-1196	-13592.554
-1193	-12540.588
-1195	-11412.639
-1187	-10240.395
-1186	-9060.579
-1201	-7902.177
-1197	-6776.0405
-1202	-5681.5728
-1196	-4616.5894
-1177	-3575.8406
-1171	-2542.2588
-1180	-1482.7499
-1208	-354.06796
-1209	884.644
-1182	2266.0957
-1199	3814.6736
-1192	5539.518
-1182	7419.3896
-1187	9387.989
-1174	11335.156
-1189	13127.123
-1186	14634.563
-1191	15757.46
-1196	16444.982
-1196	16718.898
-1203	16694.227
-1197	16576.896
-1191	16632.533
-1190	17137.227
-1193	18325.947
-1189	20350.568
-1194	23244.62
-1200	26896.205
-1191	31038.62
-1192	35330.76
-1196	39374.496
-1185	42761.355
-1196	45151.457
-1195	46342.07
-1202	46288.535
-1195	45089.164
-1195	42962.855
-1186	40213.516
-1191	37165.188
-1202	34125.34
-1194	31314.543
-1200	28848.379
-1187	26749.57
-1180	24969.572
-1195	23441.678
-1197	22088.547
-1191	20855.879
-1186	19741.197
-1189	18798.633
-1201	18102.408
-1182	17705.064
-1196	17605.842
-1199	17734.74
-1198	17955.016
-1208	18067.182
-1192	17834.746
-1202	17032.934
-1198	15504.212
-1197	13202.539
-1199	10204.902
-1195	6705.7026
-1186	2990.9172
-1192	-602.7527
-1179	-3739.8733
-1188	-6154.4873
-1193	-7691.3037
-1191	-8330.59
-1175	-8180.4453
-1179	-7449.252
-1207	-6406.533
-1203	-5328.2163
-1202	-4446.8394
-1185	-3913.4607
-1197	-3778.61
-1196	-3997.167
-1195	-4450.3335
-1199	-4980.989
-1202	-5433.192
-1174	-5687.049
-1167	-5681.9673
-1172	-5423.8735
-1177	-4977.7637
-1191	-4446.2227
-1196	-3940.2156
-1024	-3554.5815
-910	-3346.8428
-1174	-3328.853
-1176	-3464.5503
-1181	-3683.5083
-1079	-3903.926
-1044	-4051.1382
-1186	-4075.7231
-1197	-3962.3098
-1195	-3728.347
-1189	-3419.5066
-1191	-3094.9182
-1190	-2814.8982
-1185	-2623.4563
-1186	-2536.3586
-1188	-2545.121
-1192	-2618.8218
-1202	-2717.4724
-1220	-2798.1873
-1202	-2822.4763
-1186	-2771.449
-1184	-2646.0776
-1182	-2469.4766
-1200	-2273.8613
-1207	-2088.4897
-1201	-1939.7095
-1196	-1843.8943
-1192	-1807.608
-1196	-1821.2137
181	-1858.9995
8311	-1895.676
9108	-1909.7216
185	-1889.7151
1642	-1835.6025
21060	-1752.6041
55951	-1656.7738
63247	-1563.7097
30822	-1485.2803
14516	-1432.2913
48528	-1411.5634
97735	-1422.5393
101091	-1452.8695
60254	-1485.8864
39645	-1511.5251
79911	-1526.968
112834	-1527.4106
117778	-1514.3749
92184	-1493.2318
61166	-1468.9713
100185	-1456.8398
123312	-1457.2765
120171	-1471.7919
112175	-1502.5577
78953	-1541.1912
112287	-1586.1941
127733	-1626.6157
125798	-1660.5055
124941	-1695.3857
107784	-1732.9321
144376	-1782.2878
161238	-1842.1193
147128	-1911.1404
155429	-1997.9326
172886	-2104.3884
166552	-2215.6838
146661	-2317.1733
138393	-2405.4983
147205	-2487.8677
165225	-2572.8206
172329	-2661.3752
154011	-2753.899
142777	-2858.517
155400	-2990.6135
171158	-3157.4473
160938	-3346.7651
123347	-3537.5222
100819	-3716.6104
109341	-3882.6082
126852	-4032.7056
126700	-4162.352
111500	-4276.6997
119061	-4394.5273
154881	-4542.107
167963	-4735.568
140140	-4976.7744
140248	-5268.273
116313	-5592.216
49825	-5913.844
13204	-6206.363
28791	-6455.9595
57781	-6657.13
59396	-6811.112
25643	-6928.551
4217	-7038.5923
15772	-7182.4624
18632	-7392.559
5005	-7685.8706
-1081	-8063.6455
-1181	-8506.1
-1196	-8974.585
-1192	-9420.862
-1201	-9799.25
-1200	-10079.421
-1200	-10256.424
-1197	-10354.722
-1206	-10424.795
-1196	-10532.183
-1198	-10741.222
-1197	-11097.388
-68	-11613.084
7612	-12261.782
5008	-12976.172
-1069	-13664.864
-1191	-14235.004
2794	-14615.139
22714	-14779.549
19651	-14749.939
999	-14600.846
-1198	-14452.432
-911	-14438.029
-251	-14672.893
-436	-15222.377
-1173	-16078.321
-1184	-17149.516
-1189	-18268.36
-1204	-19213.707
-1194	-19744.83
-1180	-19639.076
-1166	-18725.28
-1178	-16905.627
-1172	-14162.308
-1186	-10548.2295
-1199	-6165.8457
-1201	-1140.5667
-1190	4403.6416
-1199	10359.646
-1204	16640.018
-1203	23167.46
-1216	29857.037
-1219	36597.33
-1214	43238.207
-1186	49591.94
-1204	55450.297
-1201	60615.906
-1193	64941.574
-1198	68368.086
-1199	70949.82
-1212	72859.87
-1203	74370.98
-1205	75813.68
-1204	77519.55
-1185	79761.85
-1178	82706.69
-1187	86386.195
-1188	90701.21
-1184	95451.7
-1199	100389.05
-1192	105275.61
-1201	109937.39
-1197	114294.23
-1193	118360.195
-1201	122212.734
-1199	125937.8
-1197	129566.83
-1192	133024.03
-1192	136100.61
-1193	138467.64
-1201	139731.75
-1194	139521.53
-1183	137590.36
-1194	133906.39
-1194	128711.51
-1188	122522.836
-1186	116075.05
-1195	110203.87
-1192	105693.26
-1206	103113.3
-1194	102684.06
-1211	104196.14
-1203	107008.3
-1201	110129.66
-1201	112374.62
-1192	112563.695
-1187	109733.87
-1171	103317.9
-1190	93256.8
-1204	80023.72
-1209	64553.66
-1186	48091.824
-1191	31990.213
-1202	17490.424
-1194	5534.2886
-1191	-3363.975
-1186	-9162.9
-1184	-12251.769
-1189	-13334.805
-1199	-13268.303
-1209	-12885.408
-1182	-12843.426
-1164	-13521.791
-1172	-14986.381
-1193	-17021.453
-1204	-19216.514
-1209	-21084.885
-1183	-22186.3
-1178	-22227.967
-1179	-21124.242
-1173	-19006.56
-1194	-16186.253
-1207	-13082.438
-1187	-10134.163
-1206	-7716.478
-1206	-6077.882
-1201	-5309.933
-1206	-5351.565
-1198	-6022.9634
-1199	-7078.0015
-1194	-8261.544
-1197	-9358.68
-1209	-10226.613
-1194	-10804.939
-1191	-11106.01
-1184	-11190.966
-1186	-11139.991
-1200	-11025.112
-1197	-10891.887
-1194	-10753.219
-1201	-10594.637
-1193	-10387.508
-1202	-10105.029
-1194	-9735.505
-1188	-9289.0625
-1182	-8799.5205
-1192	-8313.311
-1186	-7874.783
-1191	-7517.6387
-1191	-7257.3486
-1192	-7091.457
-1188	-6993.9917
-1179	-6915.912
-1172	-6806.559
-1174	-6635.913
-1194	-6399.498
-1192	-6106.2173
-1199	-5769.8716
-1196	-5413.587
-1195	-5077.2563
-1194	-4793.8804
-1182	-4579.0273
-1177	-4426.4487
-1189	-4308.4883
-1206	-4208.6973
-1194	-4108.4478
-1196	-3988.4536
-1182	-3841.0244
-1195	-3656.453
-1200	-3452.2834
-1197	-3248.2964
-1195	-3059.6895
-1194	-2899.4695
-1193	-2763.8901
-1181	-2656.6262
-1187	-2573.6982
-1196	-2498.1775
-1206	-2418.0786
-1205	-2329.6099
-1209	-2229.9783
-1206	-2117.6196
-1204	-1996.4341
-1181	-1875.3375
-1195	-1765.63
-1206	-1675.7854
-1211	-1603.8173
-1191	-1543.6675
-1185	-1492.2662
-1206	-1448.9196
-1192	-1410.2606
-1178	-1367.0122
-1184	-1313.1614
-1186	-1251.516
-1167	-1189.9277
-1182	-1133.5056
-1185	-1080.4528
-1179	-1029.8724
-1187	-988.12036
-1204	-958.87146
-1176	-932.2669
-1166	-908.4178
-1184	-888.1793
-1191	-861.92706
-1200	-824.4694
-1207	-782.9256
-1197	-749.65607
-1191	-732.149
-1197	-725.88354
-1202	-723.94604
-1201	-726.8885
-1196	-734.1255
-1179	-740.36914
-1181	-742.3976
-1178	-739.6854
-1185	-732.95807
-1186	-723.879
-1200	-714.5458
-1200	-706.9783
-1171	-702.6604
-1187	-702.2469
-1195	-705.51105
-1193	-711.483
-1194	-718.7136
-1184	-725.4963
-1191	-729.7782
-1191	-732.5303
-1211	-733.14825
-1211	-730.26984
-1204	-724.1891
-1176	-714.683
-1201	-707.65247
-1217	-704.86005
-1201	-702.41815
-1190	-700.16437
-1197	-698.4291
-1201	-697.5936
-1195	-697.73035
-1190	-698.5378
-967	-699.8159
-876	-701.2334
-1174	-702.3546
-1189	-702.90845
-351	-702.9068
4982	-703.5017
2123	-703.4547
-1117	-702.3651
-880	-700.73016
2513	-699.50946
12089	-700.8821
3230	-701.81116
-1171	-702.16064
3333	-703.34937
49650	-716.02905
122010	-752.35583
110544	-799.9888
54466	-842.5653
34730	-875.64386
49445	-899.6019
70968	-915.1623
52041	-915.6663
27086	-900.5118
32464	-879.9624
74858	-872.12506
116733	-891.2142
104349	-935.5822
62581	-996.9445
54688	-1072.2826
99916	-1162.9944
140735	-1261.0458
128188	-1345.56
72534	-1393.2234
54119	-1400.1351
96603	-1382.0923
130846	-1356.0321
104882	-1332.1465
48243	-1321.5791
34664	-1345.8855
73431	-1426.9221
103406	-1567.4901
74081	-1743.7579
28756	-1922.6626
16723	-2074.9375
45095	-2180.1838
78675	-2226.0364
61056	-2203.9177
22809	-2124.279
22674	-2025.1936
52653	-1957.5164
68341	-1964.6171
41064	-2068.1526
10154	-2270.947
9404	-2556.788
25548	-2886.4543
38469	-3203.403
27789	-3444.6401
6504	-3561.501
6738	-3539.7004
33404	-3404.8262
55824	-3213.033
34154	-3033.5098
6253	-2943.5376
6728	-3011.7827
29736	-3274.6633
49686	-3719.2043
28424	-4275.5557
4729	-4842.111
4164	-5310.131
26259	-5589.39
50181	-5629.863
33491	-5431.262
8754	-5059.0776
8820	-4636.788
37023	-4316.711
61861	-4236.264
44203	-4475.1997
14799	-5039.8203
11396	-5859.035
38134	-6793.1265
54193	-7654.9043
33928	-8252.506
8178	-8447.632
5108	-8198.812
27703	-7579.3574
48247	-6763.4033
24300	-5983.783
2599	-5492.1997
2904	-5495.013
21711	-6093.3994
43223	-7244.498
23105	-8749.259
1808	-10300.737
3311	-11551.219
23319	-12192.826
41943	-12036.104
21006	-11063.697
2389	-9466.968
3192	-7620.137
22236	-6006.213
43766	-5106.443
22930	-5271.045
1378	-6627.9683
2913	-9017.881
22718	-11982.72
44138	-14819.409
24649	-16686.73
5160	-16773.994
4650	-14464.772
31299	-9476.367
58616	-1936.5968
36503	7616.9463
14949	18291.824
37190	28977.658
73433	38545.04
78857	46050.586
34519	50906.926
6072	52972.85
7177	52581.914
35802	50480.676
59584	47697.152
32859	45359.516
4588	44476.21
2753	45754.17
25934	49477.855
58281	55467.066
33533	63129.582
4983	71553.555
7463	79666.76
39369	86421.805
69276	90970.37
44221	92798.17
12542	91770.62
15531	88122.484
56174	82394.27
91358	75331.28
60156	67761.98
20666	60449.0
23879	53978.484
67895	48700.03
108719	44717.86
79466	41925.953
34079	40044.637
33888	38686.21
80611	37439.203
118740	35951.82
93636	33991.473
41336	31458.746
38853	28376.035
87507	24876.842
120416	21188.662
103532	17592.51
56958	14370.547
59445	11747.383
110287	9864.88
124623	8781.376
127424	8450.445
93902	8738.8955
80524	9432.98
118964	10270.3125
120786	11005.287
127633	11431.249
125283	11424.213
107882	10965.41
120093	10134.525
109614	9112.358
108943	8134.3774
127064	7446.609
136108	7263.447
120920	7723.6675
99443	8853.842
95732	10554.106
109076	12613.623
116801	14750.38
99583	16662.592
78023	18075.822
78536	18786.357
96373	18697.21
104364	17834.588
89238	16336.103
73818	14411.934
75198	12299.126
91890	10217.757
101467	8338.802
88380	6764.131
70058	5518.1973
69979	4559.364
85975	3809.9116
97184	3192.0947
84139	2657.1577
66436	2193.0688
68993	1819.3109
89133	1574.4442
103017	1497.1492
93833	1602.6135
79490	1858.7007
86129	2177.6316
110959	2432.6738
128557	2492.9739
121092	2263.6853
109308	1717.0051
117140	915.3289
136028	22.593239
108164	-699.84937
103314	-957.0338
114365	-469.05032
70831	981.88513
16045	3475.0896
9542	6909.6094
35858	11006.539
50881	15345.027
19124	19425.89
-194	22729.643
-67	24814.807
5383	25392.133
13232	24378.312
2631	21909.977
-1174	18307.824
-951	14055.586
1561	9719.456
8477	5839.0796
1724	2849.394
-1189	1017.2085
-311	430.28265
6954	999.0008
24966	2486.534
10877	4575.98
-72	6930.645
2888	9274.293
22719	11437.339
41139	13368.95
17563	15127.985
1397	16844.713
8526	18687.264
51215	20813.346
93947	23319.117
64610	26214.13
28261	29404.656
40766	32718.965
94596	35948.883
128161	38891.277
99426	41388.95
42810	43362.71
43641	44827.914
94378	45896.188
116526	46760.875
105419	47651.336
64680	48794.004
57596	50374.72
104508	52508.137
111099	55231.547
115701	58483.926
102765	62136.95
97012	66022.73
101961	69958.09
78896	73773.06
74372	77317.59
83388	80483.305
84243	83216.58
60014	85514.04
30239	87396.62
22032	88885.83
30024	89996.484
27319	90744.3
-2226	91135.38
-36485	91148.73
-48796	90735.68
-44269	89834.086
-48564	88398.51
-79027	86408.58
-111462	83869.05
-118272	80816.02
-108305	77331.26
-105481	73563.02
-125078	69716.87
-149222	66027.69
-148730	62726.1
-133001	60015.4
-103411	58048.31
-21702	56882.418
-1356	56482.758
-1355	56691.527
-1369	57251.68
-1370	57855.816
-1362	58196.35
-1368	58023.336
-1377	57204.098
-1369	55772.406
-1372	53962.816
-1370	52184.902
-1374	50963.562
-1371	50852.42
-1361	52326.53
-1357	55689.53
-1370	60977.074
-1358	67900.055
-389	75843.69
16748	83921.51
35390	91100.17
30198	96337.17
22034	98722.97
35354	97616.055
61430	92748.34
79320	84289.08
75432	72818.23
67862	59233.016
77639	44615.145
101461	30079.148
117368	16639.834
110472	5080.8843
101404	-4132.2705
111918	-10880.181
133011	-15348.286
146443	-17926.504
139427	-19110.62
128254	-19413.312
137705	-19276.639
157929	-19003.309
167465	-18726.232
162874	-18446.09
156498	-18084.72
114309	-17534.459
23738	-16705.928
5726	-15573.455
18110	-14165.008
21041	-12540.98
2701	-10754.709
-1167	-8820.518
-1184	-6653.285
-864	-4070.92
-572	-826.57837
-1181	3336.729
-1212	8616.535
-1214	15095.363
-1201	22676.531
-1197	31052.467
-1189	39722.47
-1186	48063.906
-1182	55454.47
-1126	61379.797
-1111	65529.785
-1187	67868.65
-1189	68660.125
-1181	68446.75
-1196	67943.02
-1199	67880.39
-1195	68847.5
-1195	71162.125
-1201	74799.766
-1192	79373.11
-1183	84170.86
-1173	88276.05
-1194	90747.72
-1191	90808.836
-1197	87999.37
-1201	82247.06
-1214	73867.18
-1196	63509.523
-1200	52002.117
-1195	40176.6
-1198	28673.184
-1193	17783.006
-1196	7411.2456
-1192	-2902.0742
-1197	-13854.118
-1202	-26178.107
-1194	-40435.492
-1185	-56794.484
-1167	-74897.42
-1193	-93828.16
-1180	-112185.36
-1193	-128264.89
-1199	-140326.0
-1189	-146889.84
-1189	-147006.95
-1130	-140441.47
-1091	-127734.49
-1216	-110147.38
-1196	-89487.88
-851	-67843.91
-673	-47273.4
-1181	-29511.629
-1181	-15756.318
-955	-6555.1357
4553	-1807.9027
15940	-867.1723
3190	-2706.2866
-1018	-6147.199
3166	-10066.614
25634	-13555.448
44123	-15993.409
13233	-17042.111
-504	-16614.635
6719	-14785.652
39757	-11698.657
75081	-7482.207
40349	-2195.046
12376	4135.889
29198	11464.551
79113	19674.945
109448	28553.94
63039	37796.38
18676	47010.37
28435	55778.312
68741	63758.105
88363	70805.95
39611	77024.92
10068	82735.97
20589	88439.625
73786	94688.44
74561	101933.58
19911	110352.56
5778	119707.78
32529	129319.16
94996	138093.64
111371	144683.53
102903	147693.95
93634	145935.34
72882	138681.58
34781	125844.47
-2061	108048.18
-14706	86580.625
-13100	63229.47
-19839	40033.99
-41002	18975.502
-56991	1677.537
-46299	-10827.244
-24489	-18221.447
-15217	-20883.732
-23566	-19775.742
-30042	-16235.293
-15863	-11719.762
8078	-7544.7114
20533	-4660.472
14803	-3545.57
9748	-4198.114
25122	-6223.815
50818	-8979.496
65007	-11726.279
60811	-13813.466
57186	-14827.376
73272	-14661.952
98557	-13495.714
111476	-11704.735
102854	-9752.929
95398	-8099.2075
109614	-7102.3623
131889	-6931.577
141859	-7545.4575
133453	-8718.006
126224	-10122.803
140356	-11433.055
163907	-12367.84
174542	-12756.714
164831	-12559.992
153370	-11872.334
92908	-10879.319
17052	-9804.963
18038	-8887.705
54214	-8315.123
71276	-8181.9873
31253	-8470.946
7214	-9086.628
20003	-9885.832
63680	-10709.234
88790	-11399.227
44863	-11815.15
13263	-11880.668
28466	-11599.601
68414	-11046.867
86765	-10343.301
38961	-9622.876
11331	-9036.155
31721	-8727.722
66038	-8798.265
79890	-9272.767
36123	-10075.78
5326	-11053.955
11528	-11999.209
40502	-12672.977
49931	-12835.897
13633	-12314.632
-710	-11031.627
5297	-9032.684
28659	-6493.4336
40700	-3683.9873
9448	-907.2413
-967	1556.9801
4581	3536.594
27316	5025.851
40130	6217.4062
10580	7486.258
566	9301.443
9427	12123.775
36208	16278.974
43135	21850.584
10886	28605.07
645	35963.336
11193	43073.4
42882	48941.477
54729	52630.58
18451	53474.12
3069	51228.01
17798	46173.82
55324	39126.973
79229	31343.734
36193	24332.152
9436	19554.832
24199	18141.303
66964	20648.516
92566	26923.375
47514	36094.0
19870	46655.13
48926	56698.305
100327	64240.625
111269	67578.305
116413	65573.836
117658	57857.08
105238	44886.895
71697	27872.967
40056	8569.213
41300	-11018.059
48043	-28943.68
31990	-43597.27
-1680	-53893.297
-29776	-59398.977
-33609	-60300.902
-31004	-57261.727
-52896	-51216.76
-95026	-43180.473
-132579	-34070.277
-141819	-24589.654
-141135	-15176.356
-116519	-6031.581
-20724	2797.645
-1367	11370.507
-1379	19745.834
-1377	27940.717
-1369	35931.3
-1360	43686.992
-1354	51221.945
-1360	58638.492
-1369	66139.25
-1382	73993.74
-1386	82459.74
-1387	91675.14
-1388	101547.89
-1369	111676.7
-1363	121331.48
-1369	129512.11
-1361	135082.89
-1364	136965.27
-1367	134351.38
-1364	126894.555
-1362	114834.62
-1374	99024.04
-1376	80844.01
-1369	62019.58
-1369	44366.582
-1366	29515.375
-1364	18665.098
-1377	12413.696
-202	10694.782
2841	12830.556
-4419	17689.674
-8119	23904.926
11810	30114.201
39986	35185.074
50011	38373.477
33699	39388.84
17064	38360.52
20796	35732.902
38758	32120.326
45554	28155.137
35262	24354.604
35557	21032.209
63600	18275.842
102754	15989.596
122693	13974.983
112746	12020.968
105574	9974.753
122529	7789.5156
149356	5540.2417
168066	3399.4932
166444	1584.9977
176423	288.97925
143634	-359.65002
21827	-324.18088
-956	297.95523
-351	1331.4412
46	2567.391
-770	3809.4531
-1198	4918.442
-1132	5855.326
341	6665.277
1166	7455.655
-1099	8355.769
-1177	9471.534
-714	10877.691
3918	12584.345
7086	14532.402
-176	16616.396
-1046	18721.99
2762	20788.295
23304	22822.453
34872	24909.105
8255	27212.838
3378	29944.406
24383	33345.62
69984	37620.027
94898	42887.28
57436	49132.527
35543	56170.785
73419	63636.86
93523	70987.164
78699	77520.055
79455	82402.11
89734	84764.86
78868	83793.52
43109	78813.664
11354	69385.66
2418	55398.223
7896	37140.95
21704	15334.801
30058	-8875.232
41739	-33984.938
71920	-58251.59
106467	-79860.055
118339	-97122.16
111115	-108681.05
102426	-113687.34
51494	-111909.086
8564	-103800.15
20878	-90472.5
51057	-73554.18
54151	-54976.89
11618	-36726.527
1592	-20611.527
12633	-8032.115
41489	181.4278
52779	3856.1675
12981	3461.2217
3003	-34.022636
18903	-5343.744
56013	-11091.96
67160	-16025.5625
22705	-19200.094
7277	-20133.672
30629	-18849.838
74456	-15825.753
89449	-11855.6455
38891	-7868.582
14319	-4762.9463
46145	-3231.704
92168	-3616.982
100364	-5835.0024
57646	-9392.091
24399	-13504.921
56234	-17246.361
98416	-19706.732
101851	-20189.852
68963	-18349.928
32089	-14261.717
64210	-8410.638
101318	-1596.7322
103033	5219.2188
78589	11102.119
37873	15346.512
69693	17639.256
101339	18165.043
100779	17600.99
76976	17020.627
37294	17720.758
67473	20982.344
99517	27820.072
99657	38742.637
69292	53593.555
31410	71491.7
59553	90891.695
96616	109767.66
99763	125880.13
64529	137095.5
24783	141709.02
53089	138715.62
93496	127989.47
94758	110338.63
50312	87409.74
17664	61460.418
45097	35057.11
92683	10717.8545
95547	-9419.326
43863	-23883.188
14729	-32058.797
43792	-34214.3
87500	-31405.252
93861	-25249.488
42424	-17632.037
14680	-10390.393
45263	-4997.537
83953	-2328.6301
87667	-2532.1035
44201	-5041.092
17711	-8716.713
47658	-12073.683
88834	-13579.109
94663	-11954.864
52163	-6442.5576
20550	3011.8596
53535	15721.799
94259	30343.748
97656	45079.69
58739	57966.297
23141	67200.79
58747	71464.4
101011	70168.43
100358	63571.316
65654	52757.316
29567	39489.887
63983	25911.47
100433	14216.181
101026	6290.2373
73751	3397.7305
36801	5966.5234
71129	13492.8955
100176	24659.312
101936	37564.574
80889	50046.38
38801	60042.867
70077	65905.086
98541	66684.63
101091	62270.484
87011	53370.2
45075	41356.016
76766	27969.967
99420	15045.898
97959	4198.2563
92769	-3458.0105
52419	-7399.4224
82119	-7756.9756
96431	-5192.838
92843	-721.7464
96561	4517.7656
64584	9508.726
83064	13513.378
92689	16199.051
86248	17641.29
95734	18236.416
77204	18574.727
86563	19255.59
88530	20749.06
79881	23286.146
91891	26810.676
87334	31021.32
89133	35448.777
84866	39580.617
75264	42981.64
90334	45381.812
93976	46736.8
91466	47216.754
82371	47151.11
70937	46938.203
83760	46940.16
97516	47405.945
94001	48421.477
79384	49897.715
67780	51600.016
81132	53213.56
99431	54428.69
96145	55013.086
79244	54859.78
67484	54006.492
79960	52619.17
98084	50947.19
95088	49259.953
79463	47779.29
66988	46635.094
79699	45843.62
97671	45316.516
94151	44891.96
77119	44379.05
65748	43610.957
78805	42489.15
96582	41006.477
93239	39244.64
77125	37350.23
66117	35498.22
80137	33853.758
95621	32529.205
91798	31569.988
77582	30975.566
67524	30655.45
82115	30469.6
89518	30278.627
87919	29975.326
80141	29507.967
72586	28889.59
86156	28188.02
72479	27521.328
82005	27014.703
85693	26782.682
81803	26903.242
87311	27397.22
56104	28238.889
77819	29341.582
91123	30595.43
90523	31886.324
82558	33110.586
45051	34201.258
80511	35122.74
99986	35889.062
98112	36547.496
77082	37160.457
38793	37795.227
73151	38503.832
97629	39326.06
96243	40259.867
68321	41278.56
31087	42342.707
69436	43378.836
98504	44319.29
96611	45117.36
63016	45758.09
27647	46250.08
62623	46604.65
95364	46857.473
97888	47060.066
64084	47273.973
29527	47552.184
69207	47911.69
99989	48358.047
99018	48887.977
65918	49491.434
30911	50139.586
70449	50789.727
100348	51412.383
97438	51979.055
64128	52468.863
29769	52872.086
68079	53186.33
100072	53420.14
98769	53590.754
60856	53716.85
27588	53810.52
67416	53878.562
100189	53928.336
98904	53967.15
59584	53999.273
25831	54023.96
66874	54038.65
101844	54045.65
98606	54047.25
58285	54042.36
25955	54022.527
65738	53978.406
100151	53906.42
98261	53798.273
55928	53647.64
24563	53450.312
64357	53204.867
100074	52928.477
97813	52637.754
53242	52354.082
22194	52098.414
62167	51880.945
100135	51720.65
97351	51620.61
49354	51577.11
20753	51575.254
60306	51583.61
99685	51586.043
96107	51560.56
46661	51494.816
20007	51380.63
63995	51207.684
99829	50993.7
94868	50754.582
52067	50511.414
21761	50283.605
59578	50078.195
99419	49911.234
95066	49788.152
44083	49710.95
18759	49671.48
58946	49654.316
99778	49657.06
96413	49672.777
44249	49696.332
18366	49717.31
58643	49723.24
99019	49709.63
94193	49668.902
41906	49591.105
17847	49461.58
57200	49271.387
98416	49022.598
92876	48723.434
39524	48391.21
18414	48042.438
56734	47704.85
97041	47412.965
91532	47196.36
37587	47079.434
15858	47065.65
54682	47144.77
96711	47296.668
90223	47485.996
35718	47668.297
14866	47785.75
52681	47784.113
93717	47626.066
89744	47284.316
35711	46752.43
15371	46035.656
54208	45157.137
96827	44166.64
90413	43120.477
35751	42082.395
15379	41110.746
54533	40255.37
97161	39568.66
90176	39084.984
35078	38827.25
16796	38795.42
51771	38970.18
94584	39330.336
90829	39836.37
43879	40444.406
17194	41100.734
54774	41739.645
97228	42315.652
88449	42785.207
33200	43121.062
14198	43302.71
51259	43317.008
92863	43185.81
88018	42937.97
32415	42621.2
13455	42280.91
51046	41948.95
94194	41669.984
84508	41471.215
29456	41372.777
12351	41370.707
49994	41431.434
93232	41528.34
82713	41629.88
27616	41712.043
12751	41749.94
49258	41714.973
92838	41604.832
81803	41436.09
26933	41240.957
11235	41046.95
48083	40864.23
91298	40703.184
79511	40574.12
25088	40480.2
9981	40403.2
44486	40302.73
90615	40141.766
76104	39906.21
22144	39599.78
8738	39232.38
43658	38818.07
85674	38386.0
73163	37990.137
20885	37690.957
8303	37527.344
42809	37507.47
83966	37616.207
70962	37832.855
22126	38124.42
9688	38435.367
50511	38694.316
88368	38841.652
75106	38852.223
25879	38732.113
7997	38502.88
40467	38192.023
80737	37838.574
66999	37500.93
17368	37235.66
6164	37070.3
41768	36997.664
83156	36989.074
68312	37017.707
18358	37055.65
7897	37065.844
43244	37009.35
85106	36864.957
71834	36648.008
20578	36396.47
9585	36145.37
47443	35914.97
90040	35720.562
74809	35577.53
24712	35487.44
11649	35425.723
50859	35341.07
93770	35194.918
79923	34966.375
25772	34657.574
12322	34282.07
51853	33859.09
93644	33441.51
78569	33087.152
25318	32852.215
12350	32765.445
54837	32820.6
95484	33006.03
81321	33281.62
27108	33600.918
12654	33905.996
50458	34142.83
93611	34291.86
80293	34353.336
26313	34355.617
13109	34334.773
52795	34330.25
94321	34391.05
81813	34544.28
29239	34798.5
23060	35126.832
61339	35481.51
95834	35813.31
83038	36063.645
35349	36184.61
15181	36140.48
52652	35916.312
94238	35533.895
78252	35031.094
24825	34462.215
14543	33876.88
53434	33319.37
94298	32834.008
77621	32443.895
24163	32158.365
12634	31963.896
51738	31835.268
93029	31753.64
75752	31695.377
22568	31641.582
11414	31569.422
48608	31463.04
85808	31322.482
73794	31145.998
26579	30938.86
12044	30703.95
48784	30447.61
89124	30188.383
70630	29940.947
19604	29717.93
10297	29518.879
47563	29336.668
87299	29162.123
68358	28971.896
19116	28735.348
13764	28412.225
52801	27973.336
88866	27414.203
68618	26748.559
18659	26015.824
10373	25272.295
48148	24595.32
88431	24074.082
69145	23784.191
18843	23773.836
10416	24045.256
46662	24561.795
87760	25248.672
69975	25996.496
18468	26678.82
9833	27166.943
47505	27364.102
87188	27221.494
66779	26739.21
17401	25969.445
10168	25001.08
47715	23953.012
87158	22957.518
66127	22131.115
18195	21556.152
11774	21268.768
49610	21270.908
89205	21533.545
68532	22004.023
18968	22618.57
11601	23311.365
50719	24037.508
91054	24773.672
70528	25511.19
20486	26248.564
12539	26980.105
51727	27702.227
95323	28405.45
72728	29073.559
21621	29682.453
13878	30204.543
54238	30628.836
94575	30960.793
73591	31221.28
22606	31439.033
14726	31639.371
56019	31848.447
96167	32080.424
74544	32330.299
26756	32569.312
17405	32751.285
57331	32835.04
96856	32793.215
75668	32623.531
23766	32352.65
15660	32032.443
57017	31747.355
96703	31594.379
74365	31662.428
22698	32007.662
13619	32636.31
55651	33509.348
98061	34540.316
73072	35608.355
20932	36571.37
13049	37289.863
52404	37664.426
91735	37645.68
66819	37245.938
17354	36526.832
11705	35586.973
50192	34553.016
87879	33555.52
62086	32702.184
17059	32053.998
11311	31622.686
49328	31383.934
87431	31281.16
62381	31243.66
15729	31195.953
11306	31073.424
49908	30847.152
88561	30517.48
63366	30112.277
16134	29668.154
12784	29221.68
53820	28811.018
90139	28461.176
63748	28182.389
16459	27962.727
11932	27777.518
51158	27608.5
89192	27441.83
63062	27277.48
15945	27118.508
11894	26973.158
50813	26860.893
87313	26797.973
63835	26794.504
16692	26842.498
12074	26919.246
51348	27001.37
89304	27062.125
62403	27083.295
15738	27045.727
12330	26941.12
51868	26780.666
89609	26584.04
62066	26380.477
15233	26190.037
13158	26023.814
52586	25891.672
89474	25793.174
60948	25725.414
15349	25673.12
11903	25619.924
50956	25559.996
88489	25495.154
60193	25437.438
14915	25398.438
12381	25389.395
51001	25425.871
85381	25520.512
62395	25681.592
15764	25903.84
12733	26173.418
52340	26479.734
90027	26811.266
60733	27163.912
15162	27527.426
12912	27892.695
53122	28258.256
90999	28621.568
61332	28984.65
15714	29338.406
14551	29670.38
53981	29976.398
91221	30254.398
61055	30512.611
15363	30756.182
13364	30994.555
53477	31245.822
90641	31527.38
59873	31855.232
14749	32226.799
13059	32626.121
51757	33033.844
91176	33421.008
60676	33760.14
14244	34018.39
12554	34170.164
51464	34210.906
86726	34151.0
55129	34016.35
12365	33832.766
11263	33625.758
49001	33422.86
82798	33239.074
51278	33077.625
12476	32915.57
11548	32718.785
47790	32456.746
81260	32101.078
50025	31636.986
10423	31055.879
10047	30366.209
46865	29601.62
80094	28804.3
48531	28025.73
9648	27306.645
9774	26677.162
46144	26160.09
82113	25766.453
47721	25498.89
9200	25339.584
9701	25268.02
45329	25272.793
77499	25344.03
45713	25479.54
8658	25668.963
9633	25902.398
45541	26174.322
77756	26471.863
44913	26779.281
10159	27064.168
10204	27295.1
46250	27451.215
78828	27518.227
46525	27497.574
8949	27394.488
10453	27225.28
47767	27021.305
81030	26818.232
47990	26652.865
9758	26542.416
10725	26494.012
52328	26508.064
85260	26574.307
50210	26680.51
10806	26800.732
12446	26912.814
51426	27006.781
85615	27078.174
50996	27134.637
10925	27178.238
12653	27212.28
51742	27243.41
85118	27272.4
50082	27300.041
12051	27310.941
12740	27290.373
52026	27231.344
85744	27130.975
50671	26999.934
10866	26844.416
12703	26677.666
52235	26523.068
85916	26402.104
50352	26337.426
10392	26332.943
15028	26385.25
55516	26490.092
86835	26637.467
50399	26820.502
10648	27021.305
13128	27226.89
52878	27433.555
86539	27639.62
50098	27851.172
10444	28061.428
13168	28262.387
52888	28448.32
84493	28609.645
51629	28739.543
10965	28822.5
13250	28848.62
53206	28821.059
87001	28749.846
49635	28657.617
10189	28557.076
13327	28463.271
53194	28392.057
86401	28348.895
48889	28333.447
9351	28322.414
13806	28286.088
53171	28198.77
85281	28036.57
47389	27788.375
9178	27443.086
12466	27005.805
51525	26499.008
83868	25953.707
46352	25408.695
8819	24887.703
12417	24409.137
50529	23987.934
82276	23627.023
48109	23324.07
9053	23061.102
12608	22821.086
52236	22596.41
85301	22384.305
46816	22192.605
9269	22019.734
12858	21869.389
52564	21748.547
85839	21657.1
46747	21593.95
9350	21538.139
14384	21468.543
53544	21370.19
86752	21230.889
47486	21053.68
9653	20838.701
14347	20599.855
54567	20361.742
87504	20151.047
47639	19998.45
9752	19913.639
14334	19899.31
52743	19952.049
89730	20056.559
48943	20201.41
9506	20361.605
14345	20520.586
54354	20675.77
86979	20832.95
46716	21012.527
9354	21226.828
14532	21490.87
54586	21817.984
86605	22209.756
45625	22662.125
10641	23145.113
15379	23625.787
54522	24072.906
86311	24457.152
45544	24764.492
9034	24979.822
14564	25103.678
53971	25152.996
85534	25150.328
44482	25126.725
8626	25096.062
14349	25070.271
59449	25056.328
89764	25054.72
44576	25067.99
8449	25082.469
14531	25092.018
53735	25100.062
85024	25113.207
43523	25148.924
8363	25211.096
14116	25305.797
52941	25436.104
83751	25594.941
41856	25773.236
14199	25938.889
15554	26066.748
53518	26136.291
84034	26133.492
42307	26062.586
8126	25927.146
14709	25744.748
53583	25546.023
84091	25361.818
41892	25225.828
7991	25147.822
14238	25131.834
57309	25172.275
84881	25253.902
41250	25360.97
7671	25461.398
14626	25533.102
53099	25565.205
82701	25553.383
40091	25508.363
7167	25431.062
14293	25330.857
52765	25219.418
80633	25102.857
39018	24987.729
7786	24860.72
14610	24713.244
53197	24540.414
82425	24339.135
39601	24119.549
7171	23881.861
14679	23639.248
53516	23412.502
82539	23220.875
39239	23087.432
7162	23014.303
17661	23002.684
56421	23050.166
83432	23147.127
39698	23286.902
7193	23446.549
15366	23611.123
54806	23769.809
84046	23914.977
39944	24050.566
7392	24168.084
15194	24267.793
51653	24353.936
80411	24429.951
46435	24505.752
14228	24580.178
16330	24659.889
54860	24751.24
82543	24859.336
37943	24994.832
6407	25147.158
14813	25309.441
53696	25470.42
81343	25614.14
37938	25731.213
10272	25798.22
17578	25806.035
54263	25755.08
80656	25654.844
36155	25531.785
5773	25402.443
14546	25292.277
52891	25222.035
79441	25202.922
35051	25240.625
5457	25311.275
14281	25388.156
50921	25441.275
77523	25442.023
35646	25378.953
5118	25241.703
13988	25045.742
51877	24824.48
77629	24621.818
33303	24488.826
4698	24452.842
13725	24532.355
51367	24723.686
76838	24997.625
32713	25311.81
4954	25596.639
14280	25792.904
51830	25856.457
76918	25765.31
32552	25532.621
4638	25183.285
14244	24772.754
52497	24367.184
77489	24029.555
32762	23813.326
4660	23731.107
15088	23776.14
55895	23917.074
83464	24104.48
43206	24289.307
12166	24415.252
17153	24452.438
56169	24394.607
80804	24258.463
35156	24085.756
5758	23912.02
16180	23778.803
55686	23716.096
79914	23733.512
34486	23825.113
6713	23950.037
15347	24066.643
53911	24133.357
78021	24117.389
32367	24009.293
4694	23804.684
15276	23525.783
54911	23210.22
79259	22899.703
33218	22637.977
5438	22440.521
16581	22317.34
56967	22264.273
82246	22265.76
33100	22309.578
4618	22368.564
15435	22433.393
55241	22505.924
78808	22595.783
31959	22723.557
4416	22890.834
15251	23100.793
54429	23344.512
77264	23600.037
31117	23842.59
5287	24028.3
14906	24130.408
53776	24136.36
76124	24052.943
29694	23913.764
3704	23751.752
14419	23616.14
53133	23553.98
74747	23597.438
28679	23761.861
6023	24018.963
22731	24327.918
62087	24634.31
80396	24880.941
37823	25023.943
10504	25024.783
14978	24883.385
52662	24624.715
73436	24294.871
27633	23956.666
3183	23653.504
14483	23426.361
52998	23293.938
72744	23249.637
28077	23269.625
4020	23299.305
14898	23292.83
53752	23212.432
74793	23037.307
28703	22775.225
3845	22435.793
15791	22056.137
55386	21679.615
76366	21345.215
29728	21085.7
4555	20900.031
19352	20781.426
58601	20711.576
77520	20666.928
30308	20631.768
4443	20582.146
16852	20517.137
56759	20445.205
77249	20381.549
30116	20346.893
4657	20337.926
17154	20351.635
57524	20372.98
75731	20380.082
31814	20354.996
5238	20272.6
18068	20134.602
59138	19962.732
79896	19800.393
31811	19709.922
5394	19741.969
18704	19950.312
60144	20365.299
80858	20986.734
32459	21786.324
7253	22687.016
22632	23601.512
61178	24435.496
81583	25102.957
32418	25547.557
5853	25727.7
20552	25648.99
62853	25344.787
83273	24875.53
33833	24317.893
6698	23729.076
21384	23165.082
62341	22663.475
82860	22244.084
35537	21918.611
6924	21674.172
21544	21506.262
63760	21411.934
83483	21394.158
33917	21462.582
6860	21608.809
21706	21827.047
63534	22097.86
82687	22389.873
33173	22668.596
6742	22879.787
21336	22987.295
61991	22969.48
79806	22828.1
30187	22594.617
5490	22302.87
19114	22007.648
58166	21758.586
74107	21590.688
26271	21518.275
4276	21509.16
17247	21519.217
53378	21489.246
73183	21362.254
24323	21108.648
3400	20715.156
15936	20223.9
52936	19714.186
67397	19291.98
21932	19074.107
3031	19142.713
14996	19552.363
50653	20297.736
64279	21310.719
20634	22470.695
4574	23602.695
13588	24537.977
48200	25125.492
61581	25263.322
17750	24922.166
1941	24130.969
13550	22998.24
48193	21680.213
61006	20356.127
17955	19197.158
2351	18320.54
13993	17802.7
51553	17653.533
65168	17826.734
19514	18238.3
2987	18767.555
16231	19312.572
52454	19791.51
65989	20160.416
21034	20418.678
3733	20581.318
17761	20697.17
54996	20815.79
68738	20976.58
23337	21201.484
5521	21470.379
19628	21755.11
57635	22011.441
71799	22195.84
24893	22281.713
5461	22246.283
21389	22103.611
60738	21888.576
75146	21652.748
27007	21457.639
6513	21341.559
21576	21340.164
64969	21463.662
77770	21704.215
28116	22040.799
6778	22425.016
23443	22819.164
59416	23189.63
73264	23515.191
26275	23793.508
6400	24018.488
23708	24205.201
63334	24369.406
75359	24527.71
28808	24695.31
7029	24865.275
23376	25036.717
62388	25202.248
74808	25355.988
25335	25498.688
5688	25618.611
23026	25720.215
62131	25810.102
74559	25898.969
25677	25999.312
5945	26103.932
25516	26213.904
64156	26325.262
74560	26433.469
25191	26537.58
5959	26621.672
23234	26685.254
62224	26726.895
73999	26748.57
24659	26755.479
5788	26733.338
23300	26677.266
61694	26575.654
70576	26417.088
24895	26192.447
5677	25880.822
23039	25480.203
61876	24993.623
72307	24434.682
23524	23827.928
5569	23185.408
23164	22535.213
61753	21899.47
72283	21296.93
23549	20743.3
6670	20231.143
25508	19761.525
61711	19330.127
71543	18933.023
22531	18570.863
5283	18229.22
23691	17908.148
62124	17603.598
71766	17312.703
22626	17033.06
5849	16743.217
24374	16434.312
61049	16095.981
72714	15724.187
23543	15327.153
5597	14906.73
23774	14487.829
61926	14098.991
70765	13773.55
21526	13546.886
5239	13432.285
24846	13442.135
63206	13572.313
71750	13809.528
22191	14132.251
5987	14497.729
25604	14877.603
64438	15246.723
72414	15593.596
22346	15921.576
5751	16228.368
26209	16530.096
65948	16840.543
73873	17173.594
24268	17538.988
8880	17922.398
26758	18317.287
64705	18710.514
76136	19093.016
22933	19466.994
5500	19826.055
25552	20185.39
64350	20562.605
70344	20977.615
20474	21447.078
4982	21960.545
29221	22504.727
84268	23045.828
75702	23551.178
22351	23980.934
7784	24284.979
24739	24442.086
62984	24446.516
68487	24318.668
19322	24101.074
4561	23836.068
24084	23582.625
62136	23391.236
66768	23299.58
18409	23324.3
4363	23442.48
22416	23625.043
62834	23824.965
66835	23996.06
17301	24100.643
3887	24101.604
22524	23998.338
59826	23808.395
64136	23569.1
16442	23330.182
3746	23125.568
23606	22994.76
61694	22957.59
64884	23016.746
17611	23156.215
4746	23330.42
24557	23500.95
62688	23626.639
66111	23677.027
17604	23636.838
4205	23491.941
24476	23257.906
62301	22961.062
65046	22637.643
17115	22326.264
3719	22047.299
22969	21828.285
63905	21682.334
64678	21616.104
16485	21626.148
3837	21686.729
24093	21781.965
61536	21890.828
63712	21996.027
16086	22084.434
5334	22133.438
28742	22141.447
62866	22111.504
62964	22055.166
18100	21988.27
4226	21916.047
24392	21855.93
62046	21817.045
63476	21806.586
15767	21826.406
3753	21855.545
24586	21883.914
62250	21895.412
66183	21881.01
16893	21840.32
3481	21767.352
27406	21676.883
65269	21586.172
64939	21520.064
16338	21500.564
3981	21527.6
25624	21601.627
64819	21705.047
65609	21818.498
16276	21919.92
4209	21977.174
27202	21982.18
65154	21939.02
64734	21876.697
18242	21839.506
4571	21866.002
27663	22001.1
67043	22268.17
67451	22671.184
17747	23183.254
4776	23734.582
28466	24247.81
67850	24635.807
68274	24830.908
17956	24797.545
6237	24528.941
30494	24077.996
67886	23535.328
67196	23023.16
17351	22668.416
4676	22563.188
28333	22768.043
67666	23280.088
66672	24039.398
17194	24931.559
4946	25793.355
29208	26466.766
66591	26812.732
68789	26744.541
18675	26243.47
4971	25347.896
29762	24170.883
69740	22863.459
68102	21595.896
17761	20520.271
5030	19733.553
29901	19286.041
69333	19160.389
66926	19287.594
17003	19562.67
5214	19854.021
28926	20056.297
66724	20095.182
63183	19947.975
14938	19639.922
3989	19223.938
26396	18788.863
63069	18423.56
61364	18204.078
18865	18174.156
6373	18328.922
26576	18640.654
62749	19049.693
61651	19487.314
13308	19887.53
3739	20186.375
26349	20357.77
62975	20397.75
58134	20328.814
12791	20187.195
3799	20002.537
27121	19813.97
64443	19645.678
59376	19514.262
14711	19423.248
5427	19357.633
28678	19314.547
66466	19289.291
62147	19287.516
14889	19318.455
4621	19381.746
30434	19484.916
69243	19624.83
64193	19793.299
16006	19970.748
5050	20118.74
31626	20210.133
76226	20218.758
68394	20139.365
16934	19982.062
5429	19761.863
33347	19520.086
73651	19301.154
67849	19153.123
17176	19113.24
5706	19187.58
34513	19372.547
75438	19640.389
68286	19954.455
17208	20270.404
6207	20534.064
34833	20714.877
75729	20795.59
69318	20784.463
17714	20707.357
5719	20588.297
35036	20467.625
72991	20379.51
71656	20351.889
27255	20398.787
8791	20511.7
36002	20680.076
80343	20882.338
70246	21103.973
17947	21332.014
5919	21547.54
36092	21749.686
77201	21938.844
68625	22123.69
16901	22309.791
5613	22486.344
35079	22648.684
75202	22783.508
63675	22881.803
15729	22932.139
5173	22917.55
33648	22840.295
73406	22706.658
63497	22538.002
13981	22359.113
4619	22183.36
32237	22036.727
70830	21935.586
60345	21895.191
12358	21920.479
4393	21999.086
34493	22125.611
69259	22289.166
56932	22482.926
10868	22689.45
3753	22888.633
29284	23069.225
65681	23211.05
54459	23299.023
10175	23313.158
3729	23226.312
28995	23030.701
64238	22723.79
52086	22322.184
10544	21851.494
3590	21340.82
28978	20838.146
65752	20386.074
53846	20026.885
9829	19782.568
3561	19646.895
29504	19605.453
72179	19618.875
60745	19645.873
16309	19639.084
7051	19551.117
32366	19363.062
68026	19073.506
55216	18710.982
10159	18318.795
3840	17942.291
30894	17638.78
68619	17450.44
55551	17408.588
10545	17517.297
4024	17749.473
31651	18072.543
66785	18440.828
57884	18814.918
11353	19163.156
4128	19460.658
32637	19711.998
71137	19933.07
57404	20157.932
10765	20416.84
4283	20726.045
33258	21100.166
71135	21533.467
56479	22012.914
10410	22510.18
4645	22983.842
32514	23407.125
70031	23756.885
55329	24028.709
9719	24227.629
3957	24359.676
32169	24445.514
69774	24501.65
54809	24547.297
9718	24589.648
3955	24621.254
31368	24642.686
68966	24650.05
57008	24651.584
9635	24660.486
3983	24687.773
32249	24762.594
69679	24909.744
54385	25153.957
9451	25502.398
6002	25936.611
42305	26429.314
76073	26935.676
59702	27406.709
18125	27786.121
7864	28020.543
32679	28083.389
69247	27963.86
52891	27680.715
8674	27266.729
3828	26760.352
31229	26215.062
67458	25676.277
51125	25185.137
8043	24761.797
3734	24403.469
30024	24106.582
70712	23852.432
50599	23628.42
7508	23416.229
3743	23195.525
30496	22964.873
66147	22722.395
49513	22475.424
7684	22226.168
3994	21967.754
31531	21702.25
67614	21424.334
49094	21134.99
6894	20829.62
4247	20500.02
32454	20153.56
68847	19795.58
51011	19439.2
8144	19091.055
4289	18746.336
33229	18408.473
72049	18073.117
52328	17743.436
8360	17419.156
3779	17101.533
33251	16813.4
71724	16583.41
51198	16455.621
8295	16468.174
4389	16646.74
33318	17012.67
69443	17559.809
50628	18262.434
8158	19062.57
4321	19876.924
33221	20623.545
69954	21219.334
49256	21606.773
8884	21748.605
4673	21636.736
34428	21305.57
70654	20815.11
50762	20251.395
8366	19697.8
4712	19221.941
34681	18882.7
70799	18707.807
50093	18705.955
7948	18854.945
5856	19110.984
39433	19431.836
70954	19774.373
49246	20109.506
7839	20411.18
4625	20659.121
34134	20849.795
69154	20979.766
48035	21054.846
7534	21072.57
4459	21026.125
33464	20921.05
67089	20764.156
46019	20576.086
7828	20376.545
4409	20186.648
33326	20036.98
67986	19947.268
46108	19932.006
6843	19978.545
4533	20055.562
33673	20129.762
67629	20159.39
45451	20115.904
6672	19980.371
6550	19756.523
34808	19489.295
67672	19244.854
44959	19110.06
6484	19161.963
4497	19455.652
33518	20020.912
67351	20836.145
44403	21836.26
6274	22904.555
4396	23895.047
32761	24668.896
63911	25104.42
44451	25126.701
5888	24713.562
4317	23900.93
32943	22790.953
66457	21525.365
42809	20267.52
7208	19158.713
7651	18305.604
34479	17775.158
67404	17571.473
43355	17650.572
6236	17918.928
5133	18261.3
33894	18575.56
67166	18777.324
42709	18824.346
5710	18706.035
4516	18449.332
33469	18117.219
66468	17781.166
41688	17515.297
5434	17366.361
4547	17354.227
32423	17481.04
66886	17719.898
43995	18035.818
5507	18380.361
4618	18708.455
34093	18996.809
67195	19233.373
41508	19426.352
5361	19584.73
4808	19719.092
34656	19844.432
67855	19963.264
41794	20076.814
6411	20168.277
5410	20216.947
35438	20211.82
68981	20144.732
42349	20026.736
5628	19869.623
5157	19693.025
36028	19526.828
69666	19395.672
42346	19325.643
5675	19320.781
5274	19372.33
34129	19468.936
71868	19587.004
42426	19713.725
5096	19827.0
5193	19913.697
36091	19978.248
69015	20030.69
41433	20093.94
6686	20179.648
5610	20294.053
36128	20440.85
68627	20608.086
40336	20781.33
5963	20927.082
5833	21010.6
36384	21008.854
69354	20904.54
40548	20702.168
5074	20410.895
6858	20050.506
40726	19658.438
69592	19272.84
39453	18935.16
4968	18666.068
4855	18475.031
36613	18365.416
70358	18324.602
39266	18340.244
4909	18384.006
5754	18430.168
36295	18466.324
68404	18483.467
39091	18489.244
5278	18485.941
5728	18480.664
35550	18487.83
66313	18513.787
37015	18566.154
5874	18632.348
6059	18695.275
36997	18739.78
69555	18745.387
39594	18703.12
5234	18598.246
6888	18424.67
39978	18194.768
73547	17925.885
42173	17651.416
5944	17396.084
8731	17184.432
46088	17042.97
76289	16988.734
43444	17033.52
5966	17168.965
7590	17376.271
41445	17632.89
74898	17908.984
42531	18181.615
5876	18416.22
7487	18584.146
41158	18670.895
72361	18668.207
40763	18586.275
6170	18431.998
7285	18221.344
40664	17980.812
73094	17735.096
40164	17517.701
5359	17342.492
7309	17220.441
40216	17159.762
73122	17156.229
39926	17208.068
5258	17294.78
10070	17393.834
42287	17489.77
73668	17566.318
39999	17622.076
5159	17649.092
7391	17648.52
41294	17632.617
74803	17613.477
40477	17614.22
5046	17642.494
7339	17703.07
40994	17800.059
71619	17927.637
41453	18081.75
5150	18241.795
7356	18388.021
41367	18507.9
73544	18590.074
38848	18638.518
4704	18649.56
7258	18629.385
40373	18593.355
72134	18554.742
37311	18534.193
5285	18533.844
8959	18552.646
39431	18589.2
70985	18632.082
36205	18675.975
3713	18700.492
6647	18692.135
39514	18646.88
70673	18565.344
35424	18464.295
3724	18352.463
6653	18245.94
37441	18166.736
70320	18128.965
36860	18149.537
3594	18223.281
6659	18339.125
39548	18483.137
70378	18632.527
34851	18769.943
3742	18867.818
6824	18907.445
40213	18882.367
71281	18792.256
35144	18654.703
4339	18479.463
7119	18284.53
40543	18091.664
71868	17916.162
35329	17776.326
3611	17668.57
7124	17585.77
41507	17518.297
72350	17452.129
35416	17383.842
3690	17300.254
7008	17200.639
40434	17097.303
75851	17007.717
36314	16967.86
3698	17000.994
7343	17132.512
42257	17383.977
73712	17761.742
36085	18267.842
3786	18873.957
7402	19541.902
42332	20226.24
73193	20874.719
35105	21446.932
4781	21895.623
7328	22192.732
40616	22329.555
70926	22312.115
32682	22171.34
2612	21934.906
6779	21639.045
40427	21323.393
69703	21018.922
31579	20756.404
2653	20539.668
5694	20368.107
40566	20234.611
70572	20125.562
31244	20038.408
2625	19957.82
6959	19880.275
39982	19811.045
69379	19757.45
31128	19738.723
2614	19756.977
7114	19815.973
40701	19915.04
69888	20043.768
32140	20194.773
4088	20341.293
7664	20462.89
41623	20543.92
71304	20572.846
32022	20556.658
3050	20494.086
8074	20396.072
42208	20280.72
72155	20163.838
32335	20068.365
3034	19996.031
8905	19948.186
45432	19921.646
72605	19907.62
32144	19903.922
3077	19892.555
8452	19864.512
42977	19815.846
73038	19744.596
32196	19662.012
3095	19564.484
8563	19455.248
43198	19338.129
71535	19213.02
33072	19086.576
3588	18949.107
8559	18797.898
42343	18633.67
71441	18457.285
31298	18283.344
8109	18109.379
13148	17945.348
43209	17802.857
70759	17688.303
29568	17614.637
2834	17574.234
11235	17563.205
43000	17577.15
69649	17608.316
28541	17658.137
2313	17712.793
8113	17768.969
41249	17826.47
68701	17884.941
27594	17954.178
2089	18026.297
7933	18100.824
39996	18177.277
65678	18251.625
28489	18326.227
2008	18390.773
7931	18444.145
40914	18488.139
67801	18525.512
26796	18569.758
2126	18617.838
8435	18676.012
41739	18748.877
68918	18836.328
27179	18944.758
2580	19060.56
9538	19177.537
42211	19289.924
69394	19390.809
27077	19484.83
1963	19561.256
8933	19619.605
42976	19659.21
69721	19678.05
27133	19681.744
1942	19656.18
8899	19594.752
41931	19491.322
72649	19338.352
28843	19142.781
1918	18898.93
8921	18616.51
42679	18312.395
69559	18005.484
32596	17722.479
8013	17474.766
13544	17278.092
45034	17142.018
70567	17064.936
27009	17046.016
2406	17060.668
9695	17091.451
44084	17122.453
70459	17140.004
26592	17145.998
2479	17132.836
12020	17109.271
45285	17090.217
71071	17090.451
26720	17131.777
1778	17212.916
9456	17335.62
43839	17494.049
73250	17673.379
26614	17866.133
1563	18045.262
9629	18197.691
44170	18317.12
69757	18402.508
25593	18470.336
1394	18524.83
9721	18582.791
44499	18659.566
69614	18763.78
26185	18904.643
3473	19063.95
9869	19227.115
44418	19373.629
69076	19480.42
24268	19536.396
991	19521.123
9417	19434.174
43488	19288.84
67758	19107.73
23224	18929.496
722	18777.291
7701	18682.967
43718	18668.682
67296	18743.553
22013	18910.494
463	19139.523
8617	19401.387
40503	19659.746
69354	19874.111
27201	20020.395
3362	20066.135
9919	20002.992
42121	19835.246
64199	19577.852
22257	19261.688
1208	18903.875
8464	18532.848
41364	18170.863
63602	17832.326
19851	17533.207
32	17263.836
8469	17022.646
41588	16806.625
64126	16612.865
19964	16449.674
-62	16310.168
10527	16201.732
44918	16131.092
64333	16103.546
19954	16127.7
97	16189.257
10542	16281.792
48190	16393.576
66918	16513.895
21115	16640.482
233	16756.234
9916	16861.14
44951	16957.94
65870	17051.889
23564	17154.92
725	17259.557
10519	17365.045
46655	17463.805
69595	17544.111
25501	17601.605
1133	17615.6
11225	17585.312
48159	17518.217
70874	17432.969
23668	17366.209
1353	17341.281
15212	17392.29
50151	17545.57
71398	17812.418
23816	18193.297
1012	18649.943
13115	19138.795
56253	19601.865
76518	19982.607
35126	20238.098
11322	20326.406
20497	20240.852
52648	19998.896
72458	19640.58
27360	19229.797
1791	18820.209
12932	18471.797
51816	18227.37
73694	18110.422
25382	18128.186
1619	18246.963
12814	18428.89
51223	18624.72
72356	18787.877
23995	18889.986
1788	18899.477
13091	18815.445
50593	18651.268
71493	18434.29
23326	18206.84
1263	17992.451
12621	17820.834
50686	17708.553
71061	17662.307
22826	17685.309
1074	17753.049
12514	17848.201
48263	17948.709
71921	18032.64
23808	18089.92
1101	18094.91
12304	18038.79
49954	17914.375
69358	17720.795
21646	17469.695
958	17162.027
12130	16818.99
49452	16465.463
68131	16132.714
20467	15861.54
406	15670.913
11904	15586.199
48463	15617.223
66291	15759.347
20068	15997.89
2217	16285.418
11350	16578.494
47118	16827.357
64616	16988.18
17892	17035.838
97	16943.09
10716	16716.885
46788	16376.649
67067	15957.353
18707	15510.949
575	15069.61
11667	14674.48
48199	14352.748
65639	14120.6045
18787	13991.564
767	13952.044
12014	13997.751
48866	14117.982
65843	14303.918
19609	14553.571
2013	14845.011
12738	15167.539
50483	15500.242
67716	15819.26
20144	16104.742
1652	16319.607
13671	16445.49
52181	16472.922
69534	16411.535
21093	16296.53
1689	16160.047
13719	16057.199
56790	16036.266
71514	16138.761
21572	16391.012
1914	16772.672
14671	17249.11
54151	17757.861
71043	18227.873
21955	18599.387
2296	18812.887
15324	18855.408
54877	18748.459
71316	18555.096
23339	18374.342
3409	18299.975
15905	18431.941
55767	18836.441
72320	19537.354
22704	20512.443
2581	21665.996
16035	22875.746
54987	23993.146
71660	24874.44
21831	25410.867
2206	25523.33
17312	25204.623
58369	24505.47
71713	23532.754
22111	22432.914
3056	21342.688
16906	20397.46
55720	19691.168
70904	19270.951
21743	19137.36
2871	19225.51
16639	19452.756
55119	19718.73
67015	19933.021
21018	20035.057
2836	19981.64
16231	19781.59
54573	19471.135
68556	19110.574
20245	18773.281
2576	18504.531
16288	18346.22
54184	18308.219
67789	18376.076
19604	18519.809
3249	18678.812
20339	18806.268
55325	18861.895
67656	18824.676
19415	18700.123
2923	18494.822
17078	18243.846
54752	17982.113
67324	17745.39
19113	17564.094
2657	17435.748
16698	17357.602
53189	17308.87
65452	17264.266
19800	17203.104
2496	17093.611
16526	16929.145
54084	16710.006
66328	16452.416
18145	16185.692
2641	15925.161
16731	15700.016
53703	15526.965
65549	15416.777
17423	15377.078
2957	15386.712
17204	15435.008
54411	15504.6875
66154	15583.775
18114	15669.973
2977	15748.816
17183	15825.054
54461	15901.091
65364	15984.516
17575	16086.83
2727	16199.091
17491	16324.264
52044	16457.418
67393	16594.977
18351	16742.178
2790	16888.738
17645	17043.086
54906	17210.865
65098	17402.682
17109	17632.621
2770	17893.92
17704	18187.771
54820	18501.398
64803	18818.994
16121	19123.885
1668	19382.908
18226	19581.111
55128	19705.93
64482	19759.383
16556	19759.432
2835	19717.57
17687	19665.629
54039	19631.791
62421	19642.69
15069	19718.836
2223	19850.412
16059	20029.586
52658	20232.432
63049	20431.312
14329	20602.924
1948	20711.986
16772	20751.3
52647	20721.973
60324	20640.816
13929	20539.59
2001	20437.844
16745	20369.76
52101	20355.824
59614	20407.27
13438	20521.895
2162	20670.021
16267	20826.926
52146	20959.602
59027	21040.97
13210	21055.807
1814	20983.863
16661	20832.857
52260	20617.697
59147	20363.89
13128	20102.096
2014	19844.592
17079	19614.84
58081	19421.412
61668	19270.959
13941	19165.363
2594	19087.025
19434	19035.25
55606	19006.049
62060	19002.338
14476	19032.512
2569	19088.719
19359	19177.049
56116	19292.78
61366	19428.688
15153	19572.957
3033	19693.578
19393	19773.773
56035	19794.09
61705	19746.22
14175	19635.504
2389	19460.137
18959	19244.812
55019	19014.5
59726	18799.041
12776	18625.967
1829	18498.598
20292	18425.424
56023	18398.836
58141	18407.635
11812	18437.13
1865	18457.613
18011	18460.586
53362	18438.86
57368	18398.133
11650	18353.062
1885	18307.178
18305	18280.072
53108	18280.533
55084	18316.234
12131	18386.746
1856	18470.139
18424	18555.58
53819	18624.582
57345	18667.309
11414	18682.195
1803	18659.234
18320	18613.373
53909	18557.621
57156	18511.875
11185	18494.957
3278	18504.125
23234	18544.664
55351	18608.713
57714	18685.86
11309	18763.91
1967	18816.133
18893	18835.922
54969	18816.44
57328	18764.459
11236	18694.057
1826	18608.518
18854	18528.209
53100	18464.406
56149	18427.23
11916	18420.162
1791	18425.295
19118	18435.098
55564	18432.61
57408	18407.111
11293	18349.832
1975	18244.553
19892	18097.672
56731	17914.87
58646	17711.635
11920	17506.172
3046	17301.828
21561	17116.305
58290	16957.25
60108	16832.922
12533	16747.621
2374	16687.047
21702	16649.146
59620	16623.756
61196	16605.17
12899	16587.695
2663	16551.707
22302	16495.334
56954	16414.33
62764	16311.257
13026	16196.323
4391	16068.085
29216	15945.15
61955	15845.981
61606	15792.942
12910	15806.651
2607	15889.316
22566	16050.635
60273	16284.816
60286	16581.969
12296	16924.43
2680	17274.93
22383	17610.715
59359	17905.898
59117	18146.613
11971	18327.793
2308	18441.277
21669	18501.174
58444	18521.5
57451	18523.736
10946	18526.885
2126	18530.854
19971	18544.338
57562	18561.758
57526	18578.209
10335	18586.285
2189	18565.232
21478	18513.625
57408	18428.906
55603	18318.53
10249	18194.975
2079	18058.691
21433	17923.94
57961	17794.336
55741	17674.314
10196	17562.254
2380	17439.773
21995	17302.914
58483	17142.953
56249	16961.93
10577	16767.492
2273	16560.117
22398	16358.323
59098	16175.876
56259	16030.124
10495	15931.808
2266	15871.53
21114	15848.258
60978	15847.682
56002	15862.061
10626	15883.694
7003	15896.697
34094	15907.532
62198	15926.656
56567	15972.872
10673	16064.561
2482	16202.793
23260	16394.324
59939	16627.06
56169	16883.62
13061	17135.178
2832	17337.818
24280	17463.664
64748	17486.877
56909	17404.695
10244	17229.842
2491	16976.197
23399	16685.307
59748	16396.729
54971	16153.408
9854	15986.4795
2124	15900.29
25544	15896.988
61989	15958.739
55092	16066.158
9848	16195.721
2702	16316.929
24025	16424.312
60531	16517.857
54756	16614.889
9799	16737.312
2605	16895.047
23859	17105.395
59441	17366.576
51898	17669.564
10190	17989.195
2544	18282.54
23879	18520.418
60196	18674.94
53641	18741.645
9336	18732.824
2693	18667.355
24001	18593.1
59963	18555.31
53223	18601.469
8909	18761.623
4051	19032.086
27331	19398.537
59919	19818.67
54189	20241.344
17169	20607.723
7751	20857.918
34576	20959.662
62057	20900.793
52257	20699.035
8516	20390.094
2594	20012.355
23751	19621.002
57582	19257.621
51773	18956.246
9110	18730.344
2716	18565.107
24423	18445.658
59914	18343.549
51531	18239.918
8463	18118.062
2819	17963.99
25098	17788.113
61090	17601.654
52545	17426.28
8857	17278.201
3734	17156.057
26013	17063.682
62374	16989.863
54062	16926.729
9359	16864.236
3032	16788.027
26346	16705.242
63269	16625.713
53696	16573.35
8989	16569.47
2978	16619.188
25721	16729.701
60534	16886.691
54673	17067.992
8573	17240.574
2798	17358.928
25147	17399.19
60438	17347.459
49486	17219.367
7246	17049.387
2472	16881.28
24104	16779.578
58979	16796.586
47906	16975.37
7050	17327.053
3301	17821.754
24154	18413.305
57525	19026.729
53004	19585.293
14899	20016.906
6904	20264.213
33227	20309.998
61573	20168.447
48194	19889.61
6695	19538.773
2564	19177.91
23617	18873.01
61258	18660.393
50285	18557.88
6941	18551.559
2662	18597.0
25621	18652.994
61607	18673.48
49247	18633.887
7044	18527.568
2762	18360.102
26401	18166.799
62828	17983.342
49865	17851.215
6689	17793.676
2866	17805.584
27151	17874.047
63882	17963.14
50454	18039.037
7261	18067.365
2917	18018.2
27345	17893.174
63844	17707.977
50239	17502.498
7132	17317.434
2629	17179.963
26169	17114.742
66001	17117.18
50314	17172.285
7206	17243.555
2903	17282.154
27251	17260.635
63501	17164.654
49361	17016.193
6639	16859.426
2813	16750.195
27042	16763.625
63353	16957.014
49957	17368.361
10023	17990.09
3184	18764.152
26813	19605.562
67889	20395.879
55591	21020.729
15260	21378.473
8209	21395.402
36881	21060.285
66415	20411.896
49351	19540.35
6684	18564.38
2223	17604.705
29423	16781.725
65269	16178.867
48424	15844.974
6659	15776.623
3100	15923.686
27528	16222.143
62788	16591.324
46770	16965.678
5804	17292.682
2886	17538.666
27061	17707.777
61706	17816.521
44472	17899.127
6391	17980.943
3013	18072.08
27103	18180.484
61596	18294.045
44813	18401.65
5110	18483.504
2842	18518.82
26463	18509.852
61045	18461.982
44151	18396.791
4885	18329.854
4443	18263.889
29118	18201.635
61194	18125.299
43994	18013.568
4874	17833.79
2928	17553.354
26805	17167.996
61134	16690.95
43601	16172.039
4750	15677.526
3001	15281.394
26918	15067.706
59766	15095.336
45192	15397.054
5404	15956.739
3106	16707.926
27213	17558.959
60950	18389.809
42186	19088.598
4163	19553.342
2795	19715.65
26444	19566.508
60260	19138.705
41699	18513.309
4409	17794.197
3525	17085.871
27214	16491.264
61008	16077.508
41984	15882.539
4506	15897.016
3186	16074.58
27815	16358.289
61678	16679.975
41912	16987.64
4549	17236.914
3196	17403.535
27175	17495.225
59700	17528.338
43456	17534.254
4489	17536.615
3248	17546.463
27946	17575.479
61621	17619.514
40956	17676.531
4216	17734.879
3191	17783.008
27865	17825.445
61184	17865.291
40623	17916.684
4353	17982.473
3511	18055.049
28444	18127.75
62211	18178.309
41005	18188.611
4361	18133.623
3395	17996.115
28740	17785.635
62301	17528.531
40520	17281.781
4271	17108.291
3364	17072.143
27873	17237.832
65272	17638.111
41364	18281.871
4131	19127.408
3392	20091.457
28569	21072.271
61280	21948.402
38783	22612.83
3509	22975.25
3150	22981.861
27834	22634.389
60259	21979.275
37215	21108.16
2888	20130.775
5014	19158.434
34333	18298.023
60128	17624.125
36313	17179.684
3146	16958.09
3109	16914.744
27152	16990.637
58869	17110.611
35799	17213.195
3045	17243.424
2845	17169.703
27407	16996.57
62232	16745.248
36756	16463.889
3528	16195.523
3489	15978.309
29131	15847.62
61767	15814.967
37599	15882.758
3548	16026.15
3621	16207.188
30246	16392.793
63503	16546.191
40109	16647.787
6819	16679.441
4130	16636.258
31814	16533.602
64944	16390.596
39316	16240.387
3979	16105.973
3949	16002.221
31597	15946.357
64768	15939.366
38709	15982.137
3882	16056.135
3274	16136.8545
33212	16205.528
64269	16241.397
37053	16239.053
3318	16189.464
3858	16092.003
30721	15961.775
62533	15813.764
35905	15675.779
2880	15563.9
3565	15487.366
30072	15456.826
61607	15472.199
34582	15533.16
3865	15624.622
3902	15728.534
30969	15833.635
63075	15925.474
36063	16004.712
3266	16063.839
4168	16099.622
32068	16119.839
64464	16127.086
36729	16133.121
3368	16135.482
6830	16129.173
35765	16116.15
69237	16092.725
37943	16067.723
3514	16039.034
4531	16007.425
33305	15983.038
65564	15970.287
36764	15981.419
3491	16012.197
4728	16054.434
33726	16103.292
64673	16146.566
40538	16180.66
7278	16194.75
5201	16185.27
34349	16162.177
67047	16136.882
36958	16135.262
3628	16167.968
5133	16242.399
34719	16363.083
67182	16517.21
36953	16690.281
3561	16846.223
5332	16947.105
35216	16966.629
68138	16884.568
37165	16707.85
3734	16448.586
5486	16136.429
35921	15817.7295
68653	15537.849
37090	15345.749
3603	15259.888
5619	15279.796
35364	15389.714
67696	15552.208
40051	15725.165
4346	15856.32
5768	15901.221
36937	15838.277
69974	15663.236
37546	15403.284
3881	15089.894
5846	14766.3545
36947	14482.373
69656	14274.47
37053	14174.707
3893	14183.3
6256	14285.122
37453	14458.789
69733	14672.758
36771	14908.055
3666	15139.39
5965	15354.578
37151	15556.818
69629	15753.1455
36154	15964.212
3517	16193.746
5718	16440.492
35581	16699.566
73109	16951.139
38071	17183.734
3531	17370.566
5569	17491.58
35666	17541.492
67211	17520.621
33469	17450.322
2877	17344.857
5545	17222.59
35607	17103.736
66994	16996.201
32507	16909.723
2391	16830.137
5944	16740.688
36215	16628.848
67167	16481.191
32953	16302.765
2577	16093.81
5555	15864.464
36122	15636.26
67463	15426.734
32801	15260.605
2731	15140.255
4872	15063.412
35863	15024.859
70000	15010.841
33220	15021.735
2688	15047.479
5591	15090.152
36194	15164.668
67088	15287.003
32036	15484.722
2403	15763.476
5616	16120.27
36583	16540.064
67814	16987.246
33313	17424.822
4071	17795.81
5567	18052.766
36485	18166.08
67286	18124.254
31545	17952.385
2278	17684.43
5478	17374.02
36388	17086.697
67353	16877.86
31208	16797.48
2139	16854.977
6116	17036.854
41531	17307.516
69343	17612.752
31393	17902.799
2108	18118.488
5836	18222.18
38031	18202.691
69218	18070.045
31895	17866.87
2290	17632.6
5861	17414.445
38116	17255.3
67824	17179.523
30335	17202.979
2807	17306.072
5536	17460.797
36929	17634.44
66848	17791.838
29361	17917.898
1738	17992.21
5506	18015.912
36468	18005.117
65762	17979.373
28235	17970.627
1390	17989.973
9328	18045.219
42396	18137.588
66465	18257.16
27638	18397.271
1361	18532.6
5093	18646.252
35243	18728.664
63702	18772.951
26286	18787.518
1133	18771.725
4911	18732.707
34603	18679.14
60442	18615.377
26468	18553.502
1425	18489.174
5055	18424.879
35468	18366.016
64534	18316.83
26479	18294.709
1232	18298.445
5445	18332.508
36767	18397.014
66057	18482.08
27156	18581.762
1285	18667.023
6200	18713.266
38284	18699.271
67361	18607.406
27524	18441.193
1570	18198.908
6529	17897.605
38886	17564.66
68492	17230.307
28197	16934.19
1673	16692.652
6715	16519.736
38008	16420.275
67139	16385.373
29906	16408.72
1727	16464.572
6654	16534.646
38832	16606.35
67680	16670.652
26753	16734.018
1400	16790.375
6282	16843.162
37858	16895.516
65661	16944.785
25208	16995.54
2348	17032.07
10666	17046.783
45791	17035.748
67309	17000.107
24833	16955.957
1156	16906.838
6166	16868.27
37078	16854.537
64298	16872.99
23824	16933.328
1021	17017.768
6161	17109.475
35704	17187.824
68851	17227.992
25355	17224.523
1053	17163.123
6613	17051.658
37781	16911.705
65143	16770.246
23891	16668.53
1043	16625.168
6857	16659.291
38878	16775.584
66398	16960.363
23690	17197.22
1362	17442.936
7539	17663.24
39586	17830.418
66824	17926.045
24444	17956.332
1059	17923.541
7324	17846.846
40175	17749.68
67746	17650.799
24616	17569.951
1078	17496.697
6871	17420.271
41461	17323.309
70619	17186.77
24554	17010.736
938	16788.34
7859	16538.162
41061	16292.635
67959	16089.8
24319	15977.56
889	15974.565
7916	16091.355
41754	16314.986
68656	16607.227
27104	16921.195
8265	17181.951
14303	17329.547
52805	17316.809
73077	17122.086
25728	16761.297
1117	16259.872
9034	15673.666
43968	15071.86
71038	14521.233
25576	14087.156
961	13795.797
8787	13659.719
48192	13667.253
71193	13790.023
24611	13999.057
748	14245.455
8489	14497.884
42799	14735.851
68620	14949.554
23176	15149.361
480	15332.104
8314	15506.51
42091	15677.726
66183	15844.434
21722	16010.101
839	16156.85
8334	16280.492
42061	16380.808
67146	16462.545
21816	16547.271
162	16637.39
8331	16746.39
42225	16880.074
66846	17031.504
21321	17191.898
194	17323.557
12163	17396.268
44748	17384.537
66849	17274.06
20955	17078.648
-77	16813.303
8396	16523.262
42280	16262.858
66231	16085.227
20617	16041.594
-190	16141.225
8428	16376.807
42053	16710.55
62784	17081.36
26521	17422.645
6008	17654.027
12931	17723.498
50238	17603.482
68064	17302.078
20228	16867.234
-261	16350.009
8614	15826.798
42901	15368.544
65911	15029.043
19740	14845.8545
-291	14807.6
9346	14889.421
43086	15047.219
65452	15230.286
19311	15402.872
-456	15524.153
8588	15585.073
42904	15592.826
65220	15568.249
19130	15546.026
-489	15537.658
8581	15557.678
41255	15606.122
64158	15671.1455
20237	15744.43
-506	15800.236
8729	15833.454
43083	15848.983
64428	15864.263
18321	15911.548
-569	16004.961
8909	16162.318
43319	16381.734
64353	16641.01
18296	16908.2
-437	17121.113
9076	17233.0
43919	17209.926
64963	17045.676
18417	16776.43
-601	16452.31
9173	16161.397
44290	15996.934
64916	16042.559
18229	16360.389
-579	16948.775
10348	17769.338
44238	18735.062
67878	19726.271
27924	20620.383
7949	21290.281
17359	21655.938
52354	21684.006
65558	21397.459
17256	20874.65
-665	20209.902
9284	19522.629
43699	18917.037
62503	18467.795
17222	18215.004
1294	18134.283
9332	18178.66
43591	18273.893
61917	18343.521
16249	18332.916
-748	18196.24
9243	17932.588
43339	17568.168
61349	17151.723
15798	16747.332
-685	16392.98
8332	16124.395
45149	15949.934
63908	15859.578
16020	15837.621
-480	15844.043
9555	15860.082
44365	15875.941
62119	15898.47
16093	15953.466
-449	16050.402
9793	16206.775
44910	16419.664
62436	16666.96
17863	16914.172
949	17095.947
10117	17163.156
45410	17077.477
62554	16830.457
15883	16456.982
-292	16007.114
10227	15570.921
45614	15245.036
62508	15117.113
15818	15252.243
-209	15651.461
8504	16281.629
47249	17057.416
62541	17865.441
15391	18588.0
-402	19100.379
9866	19327.293
44477	19236.318
60533	18849.582
14673	18241.982
-204	17503.697
10172	16751.287
44773	16085.548
59996	15581.871
16111	15283.482
283	15174.426
9983	15219.918
44825	15357.983
59661	15523.846
14229	15669.715
12	15745.607
10289	15743.976
45104	15673.547
59739	15560.483
14133	15442.95
307	15335.458
14973	15257.04
47707	15209.997
60379	15188.087
14273	15186.208
204	15181.494
11096	15174.819
46588	15170.068
60516	15181.96
14408	15233.916
279	15325.178
11419	15459.708
46464	15620.183
58210	15777.831
15254	15899.691
393	15936.186
11496	15867.167
47614	15690.484
61129	15437.875
14468	15176.584
599	14975.554
12242	14928.762
48468	15111.711
61591	15572.343
14705	16319.476
2684	17290.51
16762	18391.38
49204	19488.701
61171	20437.328
13903	21109.299
334	21392.766
11904	21245.879
47576	20681.492
59979	19776.807
13644	18657.67
759	17458.232
12423	16328.527
46344	15388.195
59372	14716.489
14640	14346.798
893	14243.885
12831	14349.668
48303	14577.121
59536	14838.62
13333	15063.227
975	15189.784
12893	15206.514
48372	15125.6455
59102	14985.19
13841	14838.521
1268	14719.033
12949	14665.466
47925	14691.755
57928	14795.532
12410	14962.578
991	15150.9
12813	15334.188
47463	15484.9375
57067	15590.247
11880	15653.89
929	15672.008
12853	15665.576
46912	15650.945
60242	15644.12
12186	15661.432
954	15691.952
13098	15735.941
47534	15782.627
56274	15821.982
11374	15850.348
975	15849.579
13003	15823.046
47666	15770.834
55937	15699.65
12383	15620.98
3019	15528.514
13424	15433.727
48212	15339.282
55631	15251.453
10688	15179.21
790	15115.112
13102	15064.894
47985	15027.82
55554	15006.25
10783	15001.112
1058	14995.246
12886	14987.023
50508	14966.139
57858	14929.648
10895	14882.652
966	14817.748
13928	14751.653
49236	14698.489
56015	14678.524
10598	14713.604
903	14801.892
14024	14950.177
49185	15147.301
55665	15376.794
12141	15617.633
1621	15829.474
14111	15991.787
49203	16083.808
55066	16100.019
10053	16050.057
809	15936.2295
14003	15785.245
49083	15620.172
54354	15466.966
9696	15348.654
704	15263.945
12786	15222.314
51079	15219.084
54368	15253.821
9503	15328.087
748	15429.183
14149	15565.049
49106	15737.564
53842	15952.508
9314	16213.174
591	16498.482
13968	16796.24
49662	17078.232
53649	17316.662
11181	17484.926
991	17546.756
14799	17494.0
50484	17325.904
54229	17062.346
9096	16739.703
376	16385.932
14718	16047.109
51300	15758.881
54961	15551.883
9384	15443.276
1104	15420.342
19136	15472.973
52788	15575.872
54234	15705.746
8984	15842.934
548	15958.119
14809	16047.189
50082	16105.229
52587	16139.468
8402	16159.752
503	16158.862
14312	16143.337
48905	16107.979
49323	16051.39
8619	15972.144
331	15857.913
13816	15718.652
48809	15562.588
50349	15410.39
7475	15284.899
310	15192.306
13799	15151.108
48324	15161.766
49451	15220.266
7332	15313.088
1203	15405.423
15334	15478.922
47769	15512.009
48184	15497.905
6853	15441.398
388	15344.469
14223	15234.355
48705	15133.734
48857	15069.177
6885	15058.108
2143	15090.925
19586	15162.499
48943	15251.074
52181	15333.069
8245	15387.6045
602	15385.894
15949	15327.955
51174	15219.315
50165	15085.683
7026	14958.285
851	14856.451
16604	14811.14
51599	14834.025
50493	14929.242
7685	15086.11
979	15268.386
16655	15451.069
51513	15602.125
49944	15704.153
7190	15750.626
854	15734.285
16667	15675.125
51616	15592.813
49251	15515.896
6963	15467.003
904	15446.275
16254	15459.471
50559	15493.656
51036	15535.531
6615	15569.617
679	15568.419
15833	15528.183
49671	15446.32
46262	15335.092
6037	15212.871
678	15087.875
15869	14982.844
49714	14906.515
46132	14867.483
6458	14864.091
1404	14876.163
16014	14897.483
49476	14913.991
45428	14922.879
5784	14924.237
764	14912.27
16283	14899.952
50171	14894.029
45553	14906.98
5858	14943.967
965	14992.679
17124	15052.61
56028	15111.0
48489	15165.471
6161	15213.158
1001	15244.179
17696	15271.563
52168	15304.487
46725	15361.156
5787	15456.692
1218	15587.224
20047	15755.985
63118	15946.16
50401	16144.394
7639	16325.461
1660	16450.875
19029	16501.44
53787	16457.541
47954	16318.401
6509	16092.906
1471	15787.943
19773	15433.662
54845	15056.721
48356	14691.432
6383	14365.059
1303	14086.175
19676	13871.165
58044	13719.645
49349	13634.721
6731	13610.34
1771	13625.008
21253	13669.823
56800	13726.637
49855	13785.192
6969	13832.504
1802	13845.323
21996	13818.642
58556	13744.722
50894	13632.289
10229	13494.578
2171	13342.506
22411	13206.371
58516	13111.064
50280	13088.213
7071	13159.296
2074	13320.392
22708	13569.731
58789	13882.706
50072	14232.306
6945	14581.854
1418	14883.596
24870	15110.44
60267	15241.047
49765	15279.077
6618	15239.525
2024	15138.467
22929	15012.37
59143	14889.043
49181	14800.163
6124	14761.478
4356	14764.089
34052	14800.307
68670	14849.723
50632	14900.057
7432	14935.598
2190	14938.095
23524	14912.11
60131	14862.216
49324	14808.517
6344	14765.851
2263	14734.304
23947	14721.043
59847	14716.037
51530	14711.001
6994	14690.814
3133	14630.1875
25363	14524.117
60695	14369.203
49059	14181.789
6164	13981.619
2317	13782.008
24487	13607.788
61101	13469.576
49066	13377.792
6691	13326.436
3408	13290.601
24976	13255.426
58513	13200.543
49923	13121.865
6735	13023.366
2205	12910.861
24083	12812.78
60340	12752.79
47442	12761.914
5464	12853.411
2134	13017.127
23856	13240.084
59859	13488.237
46749	13731.934
5269	13938.641
2214	14077.842
24261	14150.183
60207	14167.885
46664	14170.582
5135	14201.213
2182	14293.122
24342	14480.336
60511	14769.188
45929	15151.326
5526	15587.679
6493	16012.526
33610	16367.408
65821	16594.672
50046	16664.32
5173	16567.416
2288	16314.721
24420	15956.636
60319	15552.337
45578	15174.499
4701	14882.336
2348	14707.538
25081	14669.633
61571	14754.319
46089	14937.626
5126	15177.1455
2661	15421.21
25370	15639.547
61240	15808.87
45554	15933.86
4681	16026.775
2326	16101.038
24538	16182.228
59936	16282.521
44414	16414.172
5534	16570.244
2314	16727.68
23837	16871.521
63616	16979.838
44584	17051.656
4130	17087.484
2376	17089.78
24396	17078.746
59104	17065.988
42668	17067.66
3911	17082.803
2696	17092.186
25109	17080.682
58671	17024.666
41210	16918.742
3861	16764.012
2394	16574.492
23678	16394.94
57642	16274.536
40724	16274.307
3481	16439.326
2349	16782.324
24005	17296.852
58055	17933.52
42619	18622.715
10952	19267.531
7125	19766.203
33528	20043.062
69553	20048.443
44464	19788.004
3816	19301.492
2653	18659.395
25798	17966.264
60554	17322.215
42085	16822.248
3853	16521.541
2892	16429.254
26796	16525.87
61543	16752.365
42724	17042.877
5669	17321.77
2992	17523.137
26798	17616.736
61276	17594.398
41587	17485.479
3743	17328.248
2777	17159.389
26003	17021.396
59598	16932.71
40050	16902.98
3291	16915.127
3441	16935.834
29926	16939.602
59468	16902.879
38156	16825.371
2857	16712.469
2666	16577.445
24996	16448.852
57671	16344.237
37541	16281.356
2916	16253.201
2779	16234.569
25519	16201.936
57271	16125.775
35976	15999.075
3243	15824.066
2808	15623.509
25917	15450.113
58918	15360.951
37264	15422.717
2684	15672.707
2754	16116.283
25869	16730.96
58313	17449.438
38448	18186.49
4745	18834.613
5016	19290.314
29389	19486.168
59199	19389.422
36528	19025.312
2591	18449.809
2868	17752.783
26269	17046.654
58859	16429.793
35980	15985.903
2475	15749.773
3002	15711.429
26549	15833.715
56072	16048.294
36857	16287.4795
2806	16483.143
2929	16586.164
26545	16585.96
58957	16492.922
35306	16349.194
2411	16193.436
2965	16059.888
26679	15978.332
58993	15951.904
34978	15975.266
2502	16018.816
3301	16047.23
26963	16041.133
58940	15987.212
34774	15898.1455
2327	15788.027
3108	15675.797
27444	15585.487
60090	15523.492
35139	15488.738
2555	15451.589
3260	15370.935
27163	15216.413
59964	14964.567
37661	14627.509
2581	14239.017
3405	13861.111
28856	13586.08
61546	13503.901
35595	13697.598
2629	14202.942
3483	15004.992
29274	16042.8545
61819	17200.494
34874	18341.105
2243	19308.389
3496	19965.762
29303	20231.02
61888	20076.771
34796	19550.654
2377	18748.467
3401	17807.625
29035	16885.84
60628	16119.199
35959	15613.751
2878	15408.338
3427	15481.7705
28273	15770.054
65804	16167.001
34783	16569.566
2254	16874.15
3510	17009.068
29300	16956.271
61251	16734.525
33207	16407.973
2106	16046.559
3769	15720.118
30154	15489.125
61569	15377.907
31859	15387.772
764	15476.592
3633	15584.285
29733	15655.536
61116	15639.083
32143	15516.502
1948	15284.428
3648	14964.962
29612	14608.205
60960	14265.344
31898	13993.252
1888	13819.766
3059	13753.36
30202	13788.405
63405	13895.918
31474	14050.656
1689	14213.311
3791	14355.919
30264	14472.525
61247	14565.862
31078	14660.774
1702	14772.011
3949	14912.526
30773	15092.028
62368	15299.35
32825	15519.794
3281	15714.052
3812	15842.536
30799	15877.848
62544	15799.201
31012	15614.451
1773	15338.215
4117	15002.795
31349	14658.013
62906	14347.331
30893	14118.0
1683	13987.324
5790	13956.592
37209	14015.61
63453	14136.569
30394	14293.591
1628	14445.392
4183	14560.547
31573	14625.584
62245	14634.332
29954	14603.8125
1767	14544.217
4283	14472.6455
31489	14411.511
60472	14372.261
27853	14369.839
1828	14395.903
4161	14440.605
31526	14496.897
62191	14552.978
29179	14612.186
1458	14664.563
4257	14710.259
32349	14758.236
63103	14812.724
29182	14888.871
1445	14983.094
6608	15091.272
33557	15212.425
61973	15337.146
28186	15465.732
1220	15583.21
4035	15680.105
31148	15754.161
60760	15799.975
27276	15825.913
1239	15825.799
4074	15799.183
31222	15751.811
58634	15685.917
28169	15615.491
981	15542.014
4027	15472.3545
31313	15417.769
61070	15386.6455
26685	15395.345
974	15439.534
4098	15517.173
31583	15624.505
60793	15746.481
26374	15875.487
1296	15986.183
4924	16060.123
31669	16088.686
61156	16064.047
26379	15996.898
919	15887.944
4105	15748.07
32171	15594.263
62173	15438.313
27007	15299.913
982	15177.762
4301	15071.555
31506	14982.382
62234	14904.188
28856	14842.985
1159	14791.597
4482	14750.2705
33671	14725.847
63978	14721.262
27358	14748.694
2576	14801.615
7810	14873.697
34825	14957.702
64827	15037.183
27343	15107.369
1041	15148.685
4817	15152.727
34662	15122.019
64483	15063.413
26860	15002.871
939	14953.296
4526	14933.032
34605	14957.126
68586	15027.21
27654	15148.332
864	15296.684
4321	15447.651
31452	15577.664
65276	15660.543
25896	15693.227
580	15667.129
4372	15593.439
33322	15498.106
62397	15410.132
24816	15370.372
686	15396.778
4487	15501.508
33615	15682.769
62538	15918.281
24053	16184.305
-54	16431.398
4511	16617.05
33679	16708.287
62268	16681.662
24181	16542.418
718	16297.259
4600	15973.33
33899	15610.522
62778	15247.776
24173	14932.207
634	14683.681
3877	14517.689
34811	14437.642
64738	14432.423
23954	14496.235
704	14601.462
4986	14730.028
34739	14869.334
63065	15008.548
23844	15153.394
836	15293.941
5228	15428.29
34975	15553.218
63146	15658.042
25351	15739.581
2017	15774.631
5205	15749.371
35049	15654.943
63129	15486.667
23131	15261.34
713	14986.98
5466	14687.376
35606	14393.652
63069	14133.364
22824	13940.755
689	13822.487
6961	13782.618
40324	13813.959
64597	13897.623
23021	14018.182
587	14139.551
6008	14238.052
37024	14297.855
64968	14310.048
25181	14287.688
1047	14234.98
6223	14170.953
37691	14116.832
64333	14088.4795
23223	14106.093
1122	14162.565
6293	14249.991
37950	14353.992
65684	14453.383
22899	14540.038
588	14588.895
6320	14595.658
37722	14566.199
64397	14514.051
22071	14472.082
665	14457.445
9676	14495.015
38558	14604.367
63002	14790.824
21062	15056.838
271	15372.443
5898	15707.717
36216	16026.67
62045	16290.908
20509	16480.293
171	16568.0
6008	16553.545
35808	16452.21
58935	16290.925
20684	16114.298
8	15950.8955
5486	15834.042
34791	15784.891
59704	15806.857
18829	15897.333
-116	16019.735
5804	16141.2295
35254	16225.7295
58982	16240.433
17975	16174.406
423	16013.073
6707	15770.349
35138	15473.538
59126	15156.576
17758	14865.977
-506	14624.011
5348	14453.735
33525	14363.014
62946	14341.52
19823	14378.901
-409	14437.366
5841	14490.167
33919	14515.353
58651	14498.565
18577	14448.487
-497	14366.992
5931	14276.85
35832	14203.258
58846	14167.266
17125	14190.648
-405	14267.12
6036	14390.187
36079	14541.272
58683	14694.509
16664	14833.563
-626	14928.027
6021	14970.103
36171	14962.011
58549	14916.081
16363	14862.44
-727	14815.206
6119	14798.617
36441	14826.259
58678	14900.014
16183	15019.515
-802	15154.534
5812	15282.341
34556	15378.108
60417	15420.213
16202	15408.858
-814	15336.385
6120	15221.456
36433	15090.261
57501	14972.006
15241	14904.512
-876	14899.465
6083	14970.487
36232	15115.218
57018	15318.022
15411	15562.919
37	15809.744
6047	16033.096
36170	16209.998
56504	16326.587
14564	16388.588
-971	16393.377
7590	16357.282
43403	16297.599
61441	16232.869
16607	16186.196
-957	16154.899
5151	16143.568
37848	16147.265
58125	16158.37
14402	16177.824
-998	16188.459
6485	16190.771
37242	16185.729
56511	16177.482
14438	16180.357
-1004	16187.995
6737	16204.8
37872	16227.025
57148	16246.341
15950	16258.713
-380	16239.292
6722	16178.056
37973	16065.174
56521	15897.036
13894	15685.902
-983	15431.114
6847	15151.485
37384	14866.883
54554	14597.516
13113	14368.132
-1036	14178.747
7306	14037.738
39039	13942.338
54149	13884.62
12692	13860.142
-1016	13843.08
6664	13824.157
36968	13793.604
54083	13746.893
12726	13692.107
-1023	13623.074
6764	13552.673
37158	13491.355
52611	13449.965
12967	13443.136
-839	13461.24
6396	13507.343
36411	13575.303
52738	13655.579
11673	13744.823
1150	13817.71
14864	13867.786
45010	13889.42
57935	13882.39
13283	13857.748
-556	13810.321
10869	13751.851
39405	13691.543
53829	13637.62
11973	13602.272
-910	13575.104
7434	13558.561
39275	13547.9
55322	13538.991
12334	13535.71
-829	13524.255
7903	13509.032
39332	13491.803
53113	13477.719
13034	13477.524
-759	13482.002
8113	13494.667
40700	13510.742
55749	13525.581
12321	13539.825
-460	13535.108
8098	13513.414
40453	13475.2
54713	13428.05
11748	13389.645
-568	13359.566
7977	13352.177
39294	13371.486
53009	13416.242
11024	13483.051
-663	13542.47
8497	13577.231
42913	13565.487
52241	13496.555
10477	13374.903
-701	13200.39
7386	13004.095
36972	12822.423
53393	12697.644
11621	12675.926
-572	12773.0
7539	13003.0205
38901	13352.079
51581	13786.748
11963	14259.879
6229	14697.137
18327	15042.34
49163	15245.3545
57931	15279.125
12215	15147.171
-393	14859.799
8761	14465.665
41322	14022.249
53168	13593.439
10686	13241.401
-214	12994.328
9157	12876.87
42198	12885.175
53428	12999.672
10558	13191.996
-129	13408.598
8739	13615.419
41098	13779.175
55941	13879.753
10689	13915.943
-77	13877.096
9509	13778.187
42382	13632.23
53024	13455.842
10389	13271.433
19	13081.746
9699	12905.603
42995	12753.955
53069	12640.619
10891	12581.638
1379	12570.025
10033	12609.674
43328	12688.018
53178	12786.881
10115	12884.641
314	12937.891
10821	12920.895
44649	12811.27
54337	12606.771
10318	12330.672
394	12008.351
10476	11699.672
48451	11465.231
56523	11369.859
10398	11468.668
405	11772.678
11288	12278.217
44204	12941.131
57680	13692.217
15363	14450.928
4423	15114.519
17623	15607.506
51632	15872.338
57411	15889.646
12223	15680.57
1006	15276.966
11474	14751.32
45643	14178.194
53254	13632.674
9501	13179.595
538	12842.689
11727	12638.589
45613	12556.224
52801	12574.872
9152	12671.315
134	12805.173
11828	12959.033
48103	13115.0625
52791	13268.387
8923	13419.891
322	13551.587
11381	13659.17
45690	13726.284
52314	13740.491
8771	13696.062
252	13577.746
11726	13400.207
46018	13184.079
50958	12967.235
10009	12794.73
359	12690.746
11931	12681.941
46733	12764.955
52274	12917.12
8592	13097.524
331	13232.241
12279	13266.578
47103	13153.357
52433	12881.263
8526	12480.616
773	12003.394
16612	11548.868
48752	11224.549
52509	11136.278
8391	11363.627
166	11921.321
12691	12783.168
48458	13857.383
52876	15014.502
8136	16104.402
-50	16963.314
12843	17475.184
48087	17568.719
51389	17244.643
9438	16568.838
238	15645.951
13254	14628.01
49159	13662.862
52929	12882.941
8404	12378.6875
211	12168.78
13101	12234.008
49084	12501.485
52268	12878.879
7859	13271.257
446	13582.605
14003	13764.384
49199	13797.651
51979	13705.782
7643	13540.033
2309	13346.12
19816	13182.061
50273	13084.523
51202	13072.271
7333	13142.065
-7	13256.574
12746	13386.974
46159	13498.555
52442	13573.31
8004	13612.749
61	13617.736
13119	13615.825
48536	13628.797
50126	13679.963
7058	13781.039
73	13914.344
13242	14065.38
48948	14204.923
49958	14314.678
6778	14389.305
100	14425.741
13967	14456.078
49272	14518.592
49866	14664.387
6706	14938.0625
359	15349.438
14181	15894.237
49633	16527.135
49996	17181.26
6425	17771.715
238	18194.678
13955	18377.127
50452	18267.559
53465	17862.52
7096	17207.389
399	16371.546
14869	15467.448
50438	14607.281
50059	13898.115
6604	13419.593
308	13194.751
14473	13217.092
49544	13430.857
47962	13760.167
6740	14117.076
1022	14406.015
14284	14570.563
49203	14577.872
47497	14438.79
6298	14194.497
931	13893.133
15011	13604.057
49895	13380.557
47636	13264.3125
5908	13269.7705
481	13370.839
15256	13536.993
55126	13716.812
48616	13871.132
5823	13970.033
504	13989.529
16336	13943.763
54114	13856.921
48234	13775.215
5856	13744.331
659	13787.284
16138	13925.085
51528	14147.73
47991	14432.514
7181	14737.404
1127	15002.134
17056	15183.879
52548	15244.766
48411	15177.236
6243	14997.408
990	14728.444
17428	14425.03
52660	14139.3
48320	13927.067
5854	13827.391
219	13844.249
17041	13972.176
55051	14174.358
48361	14410.372
6099	14633.221
1002	14789.348
18019	14855.247
53542	14819.125
47691	14700.34
5993	14534.677
1058	14357.32
17804	14221.079
52372	14162.914
44293	14213.874
5560	14379.843
1009	14633.533
17150	14943.721
51322	15258.028
44429	15530.193
5098	15716.764
858	15774.836
16755	15697.492
50521	15488.939
43445	15181.132
4688	14815.637
1839	14428.624
21702	14069.276
52146	13771.692
43606	13565.0
4693	13459.094
1187	13438.137
17918	13489.264
51719	13583.114
43522	13698.127
4598	13810.483
1072	13891.329
17906	13934.859
50754	13935.205
41874	13903.496
5353	13851.704
1072	13785.349
18011	13725.597
52510	13683.13
43806	13675.998
4698	13711.867
1191	13783.945
18448	13895.838
52879	14036.683
43515	14201.082
4213	14376.753
1407	14537.471
19523	14672.711
53710	14766.358
43809	14814.853
4551	14815.078
1436	14759.783
19570	14661.276
54309	14527.097
43844	14376.843
4459	14224.843
1363	14073.336
19541	13935.909
51207	13813.833
44064	13713.283
4767	13634.577
1406	13567.269
19648	13516.684
54523	13481.667
43335	13474.474
4170	13502.852
1470	13566.117
20112	13675.133
55178	13826.56
43316	14021.235
4161	14246.926
1478	14475.651
20761	14690.156
56071	14864.308
43614	14986.989
4121	15048.576
1640	15040.493
21127	14977.083
56834	14873.232
43836	14759.753
4196	14661.663
1612	14590.759
20322	14565.321
57051	14584.075
45921	14646.901
4098	14740.519
1630	14837.18
21269	14923.561
56509	14981.694
42811	15010.343
3879	15011.626
1618	14986.238
21195	14953.651
56749	14925.781
42755	14923.359
4202	14954.317
1920	15010.907
21413	15091.672
57163	15179.51
42816	15264.693
3968	15329.865
1781	15352.358
21703	15327.034
56604	15246.729
41929	15120.821
3533	14955.965
1660	14753.83
21288	14531.401
61799	14295.225
42551	14065.371
3405	13851.724
1721	13656.288
21851	13494.876
56940	13373.842
41318	13309.692
3355	13308.723
1864	13365.134
21994	13480.729
56869	13640.552
40627	13832.115
3533	14031.415
2028	14203.664
21965	14327.998
56349	14379.886
40050	14355.145
3219	14254.054
1863	14080.253
21839	13862.419
56015	13627.225
39536	13414.339
2884	13251.28
1129	13150.759
21714	13126.568
57416	13171.001
38712	13277.722
2731	13423.034
1945	13574.404
21778	13714.296
55142	13822.586
37804	13899.097
2554	13944.153
1904	13960.183
21592	13967.308
54871	13977.551
36292	14011.439
2732	14073.547
2141	14155.746
22145	14255.343
53369	14355.535
38830	14447.0205
3287	14513.663
2004	14536.523
21915	14517.369
54857	14455.86
36488	14369.378
2452	14270.563
4114	14168.732
27645	14084.972
55615	14030.433
36223	14020.437
2239	14054.639
2233	14122.249
22646	14219.094
55078	14329.41
35879	14447.933
2303	14560.124
2170	14649.882
22608	14716.58
53521	14756.1
34264	14779.682
2663	14791.798
2228	14795.872
22732	14807.22
55576	14831.534
35693	14883.732
2239	14962.205
2314	15058.81
23343	15171.224
55933	15284.579
35367	15393.153
2238	15479.521
2613	15526.603
24041	15532.672
56122	15493.897
35071	15424.23
2094	15332.584
2368	15228.36
23290	15132.542
55249	15056.26
33788	15016.584
1826	15012.624
2291	15033.475
22546	15073.446
51352	15115.67
34051	15152.1045
1800	15168.947
2159	15155.152
22983	15118.405
59978	15064.3
36359	15017.031
2282	14989.812
2396	14991.846
23655	15036.823
55581	15121.553
32883	15244.504
1976	15384.117
3029	15511.928
23965	15609.455
55364	15654.149
32307	15642.614
1685	15569.942
2489	15441.069
23743	15278.435
55083	15101.979
31676	14943.188
1398	14817.161
2502	14729.651
22656	14686.433
56336	14675.397
33808	14689.861
1585	14708.834
4628	14710.256
31842	14686.052
57182	14631.464
31448	14557.771
1371	14472.443
2626	14384.919
24762	14312.745
56324	14261.745
31396	14242.952
1885	14247.471
2987	14259.802
25868	14269.547
57479	14259.144
31689	14226.391
1630	14162.748
2995	14066.547
26549	13949.962
58381	13823.09
32047	13708.972
1543	13615.208
2861	13544.333
25266	13501.892
60442	13480.003
31183	13481.822
1083	13495.951
4911	13513.526
36318	13537.892
65696	13573.343
33861	13639.321
1739	13741.648
2799	13882.514
25039	14065.206
54943	14275.725
28598	14501.034
2333	14706.227
2912	14855.1
25212	14922.27
55218	14884.747
28248	14745.091
975	14510.374
2923	14203.152
25820	13866.843
55854	13543.028
28194	13281.762
975	13108.132
1963	13033.009
26478	13056.201
57982	13154.218
28161	13304.746
991	13466.474
3230	13604.516
26609	13702.775
56556	13753.027
27822	13773.414
951	13778.244
3235	13788.492
26839	13829.336
56194	13908.604
27008	14030.713
1491	14169.383
3301	14289.75
26904	14359.477
56699	14343.446
26986	14231.449
890	14016.517
3352	13715.238
27414	13371.653
56909	13034.472
27146	12766.104
1044	12605.247
5090	12575.929
31204	12686.308
57737	12915.565
28459	13233.625
5396	13583.234
8638	13909.828
38109	14172.55
68271	14341.337
32564	14417.82
1485	14404.944
3595	14320.663
28496	14195.052
56871	14049.54
27491	13908.007
1244	13768.63
3642	13623.688
28990	13467.432
59163	13290.109
27029	13103.699
909	12914.483
3825	12748.015
29664	12643.994
59554	12636.328
27081	12761.858
1010	13022.732
4076	13400.776
30081	13858.716
59229	14333.366
26474	14763.962
1020	15077.264
3693	15222.512
29418	15183.141
58832	14970.675
25918	14640.677
809	14254.944
3686	13888.242
28785	13612.747
56251	13472.126
27073	13487.933
725	13632.156
3666	13851.681
29189	14082.899
57533	14257.926
24423	14338.743
576	14301.075
3464	14163.731
28599	13983.6045
57005	13833.622
23801	13802.863
899	13947.802
4124	14297.481
29002	14841.963
57216	15520.415
24264	16247.29
560	16900.473
3458	17365.43
28788	17555.16
57658	17418.773
24009	16968.482
541	16251.155
3571	15357.935
28271	14408.008
60084	13515.376
25684	12788.221
839	12282.993
4161	12019.202
29989	11979.688
57761	12110.026
23253	12349.079
455	12619.383
3449	12861.203
28796	13040.016
56446	13140.674
22344	13181.293
516	13176.543
3441	13151.877
28664	13131.436
56147	13123.912
22042	13137.853
329	13156.099
3426	13164.574
28793	13154.776
56050	13121.694
21601	13081.816
296	13041.879
3089	13018.693
28456	13028.188
58668	13070.729
21510	13146.763
236	13225.69
3363	13277.639
28529	13277.554
55254	13207.588
20759	13082.006
268	12923.014
3431	12784.285
28698	12737.83
55173	12852.995
21660	13196.011
2091	13785.771
3469	14608.456
28828	15606.493
55320	16677.676
20076	17704.723
16	18547.326
3348	19087.34
28684	19247.264
55287	18997.396
19909	18378.97
102	17467.438
2487	16388.648
30266	15288.979
56633	14305.891
19769	13561.03
280	13113.331
3942	12978.469
29644	13123.0625
55429	13469.418
19334	13928.278
151	14388.538
3723	14762.925
29164	14994.252
54276	15057.153
19043	14972.569
559	14771.464
3875	14510.314
29656	14249.173
54941	14034.301
18666	13905.462
161	13860.667
4119	13886.21
30084	13955.329
55238	14030.042
18756	14083.644
169	14083.888
6986	14020.595
34024	13900.034
55896	13738.567
18808	13570.673
308	13414.343
4449	13293.338
31064	13222.947
55924	13204.104
18483	13237.907
188	13298.312
4674	13365.283
31947	13419.43
55306	13443.37
19739	13437.366
305	13393.331
4919	13321.736
32663	13240.06
57232	13165.881
18745	13128.004
-31	13130.525
4876	13182.923
32818	13286.21
57530	13430.303
18554	13607.059
141	13787.026
6143	13950.781
34169	14080.407
58365	14159.009
19001	14187.029
43	14153.259
5664	14063.356
35058	13927.137
59941	13756.459
19079	13575.95
84	13390.009
6116	13211.129
35381	13047.963
58949	12904.35
20729	12792.236
78	12704.1875
6329	12641.734
36882	12605.061
61288	12592.991
19290	12614.589
-42	12657.348
6444	12717.837
37462	12788.015
62153	12855.638
19353	12918.795
136	12956.105
7041	12959.77
37741	12925.473
61712	12853.781
19056	12763.356
-179	12658.915
6551	12559.379
37074	12481.46
60327	12437.252
18108	12442.949
-371	12486.359
6403	12558.111
35730	12640.392
63448	12709.486
19409	12755.963
-356	12755.639
6749	12704.303
37624	12606.529
60441	12475.351
17863	12340.998
-559	12218.337
6664	12130.768
38115	12092.156
61832	12106.836
18249	12178.5625
-289	12282.376
7302	12400.319
40073	12510.566
63770	12592.3
18555	12641.975
-521	12644.459
7826	12603.565
41221	12527.68
64319	12428.724
18845	12330.099
-552	12232.339
7524	12144.16
41391	12067.4795
67643	12000.737
19059	11954.661
-579	11920.004
8350	11902.878
42418	11910.097
65220	11950.328
18719	12042.521
-662	12181.205
8139	12366.074
42289	12585.0205
64485	12817.7705
18778	13048.385
43	13238.315
8276	13364.485
42890	13408.344
64238	13364.196
17764	13250.511
-792	13078.854
8424	12880.532
42690	12688.814
63984	12534.731
17439	12451.551
-789	12439.704
8430	12498.259
46882	12609.126
66020	12748.526
19731	12898.983
-526	13026.047
8988	13114.704
43831	13156.746
64612	13156.39
18099	13137.582
-694	13109.343
9484	13093.304
44874	13103.737
65649	13149.267
20248	13240.112
451	13358.913
10256	13494.879
46544	13631.119
65907	13754.194
18294	13865.469
-392	13949.963
10244	14011.5625
45998	14054.919
65157	14088.21
18053	14129.046
-314	14172.786
12716	14223.853
49092	14280.42
65405	14341.736
17814	14415.628
-321	14490.693
10441	14569.437
46206	14651.022
64348	14736.987
17178	14836.696
-234	14935.961
10517	15029.543
45886	15104.284
61601	15148.256
17734	15158.218
-7	15115.983
10453	15022.403
45778	14881.748
62783	14709.202
16288	14535.199
-132	14371.158
10448	14241.533
45786	14159.066
62356	14130.162
15897	14159.436
561	14221.698
13943	14298.189
46678	14364.79
62533	14402.707
15853	14409.548
16	14373.143
10619	14304.849
45974	14219.051
61699	14138.878
15486	14095.157
-139	14093.8125
10735	14146.195
44711	14248.968
60635	14392.891
20024	14570.103
4620	14752.508
12698	14927.984
49209	15082.706
64729	15214.476
17365	15334.897
781	15440.254
11933	15541.961
48297	15643.451
62976	15747.861
16020	15861.115
862	15964.74
13191	16051.804
53683	16109.464
63519	16135.316
15474	16138.647
441	16114.944
11252	16077.719
46811	16035.7
60399	15999.855
14386	15983.3955
383	15973.074
11400	15963.578
44642	15939.8955
62789	15889.373
15616	15813.367
784	15701.246
11847	15566.779
47339	15427.412
60203	15310.338
14376	15250.587
736	15259.428
12299	15350.471
47769	15516.085
59978	15737.908
13516	15992.287
21	16230.048
12664	16418.348
48122	16528.006
59944	16550.117
14307	16500.264
981	16392.592
12869	16266.148
48428	16158.0
60123	16104.129
14213	16133.712
675	16238.975
11937	16408.705
48539	16610.133
62761	16807.334
19960	16972.17
1946	17069.38
13268	17092.95
48340	17048.84
58758	16962.988
13437	16876.562
1145	16812.566
13417	16801.129
48759	16851.053
59193	16957.637
13952	17104.857
2990	17246.18
16880	17348.04
49997	17377.05
59483	17317.096
13576	17175.387
1378	16958.457
14249	16700.594
49444	16436.598
58884	16202.599
13312	16029.064
1507	15912.509
14071	15849.89
53312	15818.226
62316	15795.302
14536	15766.623
1814	15708.546
15741	15627.968
51698	15539.461
60952	15471.863
14387	15461.186
2106	15517.453
17039	15651.365
53722	15847.334
62387	16075.232
16375	16295.64
3059	16447.025
18137	16490.674
55527	16400.195
64302	16180.696
15998	15872.021
2648	15517.168
18548	15189.924
56024	14957.882
64496	14879.169
15790	14990.73
1906	15278.129
19782	15708.714
55389	16219.078
66781	16736.438
21993	17195.3
3175	17529.934
18415	17714.8
55053	17749.152
61899	17665.664
14295	17519.957
2026	17355.596
17438	17225.395
53315	17157.158
57622	17159.287
14038	17217.426
2227	17281.715
17589	17310.21
54022	17258.045
60233	17100.764
13506	16839.887
2215	16482.06
18379	16072.745
54932	15662.142
60646	15306.242
13829	15053.896
3623	14917.087
23431	14901.439
56712	14986.254
61655	15138.775
14186	15322.379
2547	15484.945
19491	15600.621
56421	15651.622
61355	15641.32
13969	15588.133
2651	15500.27
19714	15403.208
55027	15311.698
60426	15238.069
15267	15190.061
2747	15154.214
19898	15131.996
56648	15121.01
61136	15130.192
13904	15174.49
2776	15255.725
20548	15388.808
57767	15575.151
62335	15809.657
15348	16076.748
4382	16332.886
24143	16544.635
67451	16673.43
71683	16698.518
23693	16618.174
4109	16436.396
22088	16188.929
60013	15919.822
63478	15682.753
14539	15526.676
2941	15467.773
21871	15515.807
56913	15651.393
64436	15839.484
15011	16038.663
2572	16191.1045
22216	16265.888
60786	16245.987
63424	16143.081
14354	15992.073
2802	15826.3
22281	15697.518
61378	15642.661
63696	15687.726
14019	15838.243
2733	16061.437
23183	16323.891
61667	16579.555
63358	16793.5
13939	16946.861
2796	17025.842
23398	17051.092
63239	17053.482
64698	17077.664
14725	17165.723
3210	17329.639
22724	17575.928
62204	17882.14
64856	18215.158
13613	18535.666
2738	18790.455
22961	18955.23
61046	19020.28
61517	19005.293
13038	18952.422
2764	18898.945
23193	18896.332
61569	18976.125
61739	19154.494
13632	19421.242
7163	19724.652
34403	20009.762
70584	20211.098
67904	20276.701
20621	20173.975
3728	19884.396
24356	19428.797
62518	18847.879
61617	18207.139
13058	17576.488
2911	17004.621
22671	16540.441
65201	16205.028
62061	16008.889
12933	15945.696
3004	15985.041
24413	16108.679
62406	16294.31
60172	16532.283
12374	16815.055
2872	17124.475
24074	17453.354
61656	17781.244
58630	18088.281
13221	18348.568
3330	18523.383
23801	18595.379
61319	18553.828
58099	18413.605
11284	18208.102
2718	17968.107
23710	17745.752
60514	17580.744
56896	17504.697
10922	17525.078
2239	17611.29
25018	17726.426
62090	17817.26
55887	17842.85
10385	17778.252
2647	17614.92
23530	17392.941
59983	17176.05
55196	17054.783
10106	17119.768
2601	17430.344
23609	18023.33
59249	18879.951
52443	19937.756
10673	21086.967
2379	22179.455
23106	23077.162
59606	23656.38
53990	23845.086
9269	23626.215
2563	23030.512
23604	22155.586
59425	21130.281
53253	20103.104
9404	19208.137
4971	18534.178
29429	18137.926
60465	18020.984
53146	18146.902
9033	18445.447
2594	18820.191
23826	19192.389
59583	19493.723
52549	19690.129
8902	19774.197
2641	19750.543
23850	19654.168
57457	19520.023
51503	19388.186
9693	19288.414
2598	19229.379
23609	19223.996
59023	19271.117
51203	19374.418
8146	19530.48
2568	19722.37
23940	19943.13
59630	20170.979
51229	20383.248
8287	20545.91
3394	20609.76
25030	20544.11
59984	20324.975
50984	19959.215
8019	19479.797
2647	18939.93
24283	18432.21
59671	18056.164
50226	17915.08
7661	18084.992
2609	18590.408
24004	19418.572
57608	20495.273
52456	21704.908
8257	22899.982
2479	23914.883
24471	24618.248
60501	24914.918
50323	24775.54
7471	24232.676
2658	23365.643
25204	22309.484
61388	21213.65
50496	20226.871
7986	19462.344
3556	18975.29
25571	18780.807
61411	18836.01
50259	19068.332
7469	19381.484
2733	19671.35
25564	19865.299
61462	19916.143
49873	19821.432
7243	19606.723
2654	19310.498
24757	18994.785
67699	18708.469
52739	18497.14
6983	18379.309
2479	18340.936
24509	18364.52
59214	18415.354
46759	18464.566
5938	18486.844
2383	18459.016
24224	18385.584
58964	18275.643
46020	18153.72
5598	18040.256
2507	17942.875
24725	17875.355
59842	17834.9
46752	17818.348
6043	17811.988
2539	17790.951
25330	17745.23
60686	17663.605
47273	17549.41
6043	17407.166
2308	17238.166
24179	17061.387
63281	16889.459
47024	16745.477
5891	16644.342
2283	16590.01
24808	16596.646
60638	16667.031
46198	16807.312
5458	17009.945
2579	17253.398
25775	17522.549
61178	17792.404
47689	18040.76
9133	18239.008
2906	18355.654
26293	18379.545
62128	18303.477
47104	18140.316
5866	17909.379
2784	17628.033
27053	17332.576
63024	17051.826
47784	16816.902
5986	16643.627
2244	16528.988
28974	16472.719
65186	16460.852
48075	16484.172
5990	16526.73
2891	16568.266
27434	16607.76
63493	16642.834
47241	16683.451
5768	16734.473
2959	16791.652
27619	16860.354
61948	16934.65
47210	17011.5
7391	17078.656
2963	17117.37
27749	17124.701
63833	17095.803
47113	17040.297
5770	16965.88
3071	16875.465
28129	16786.922
63806	16708.86
46606	16654.504
6177	16625.426
5509	16612.111
31040	16616.34
63279	16633.988
45427	16670.107
5299	16725.129
2763	16794.764
26716	16887.99
61706	17003.83
43685	17143.477
4511	17296.27
2881	17439.666
26739	17558.697
59947	17634.314
45133	17657.756
5341	17623.371
2963	17531.148
26810	17406.598
61032	17278.15
42609	17187.926
4411	17165.164
2976	17224.744
27072	17377.37
61404	17606.875
42514	17886.213
4383	18165.846
3351	18384.613
27658	18497.35
61663	18465.334
42613	18278.773
4435	17943.986
3138	17485.676
27737	16957.69
61859	16417.098
42121	15928.878
4398	15538.985
3185	15271.164
27296	15140.247
59730	15134.517
43352	15233.946
4423	15402.953
3194	15599.085
27705	15796.425
60856	15972.246
40543	16122.28
3999	16242.626
3090	16331.641
27398	16399.758
60597	16448.629
39756	16484.86
4253	16502.066
3511	16488.729
27610	16445.87
60415	16372.85
39365	16284.896
3963	16195.092
2974	16118.893
27066	16081.654
60229	16098.979
38791	16186.756
3446	16339.367
4163	16535.455
30180	16754.494
64803	16964.201
40624	17143.854
3644	17270.123
3174	17328.48
27758	17329.072
60184	17288.025
37911	17237.953
3413	17206.191
3188	17211.775
27597	17273.184
59989	17388.465
37417	17550.81
3506	17732.465
3298	17898.07
27683	18023.566
59702	18086.027
36673	18083.479
3146	18017.914
3238	17900.164
27896	17758.064
60009	17615.627
36584	17502.275
3046	17428.832
2984	17394.236
27569	17397.672
62664	17424.852
36591	17470.855
3099	17521.66
3331	17567.695
28389	17615.623
60409	17670.877
36108	17750.312
3076	17857.33
3454	17986.82
28954	18132.873
61085	18273.268
38521	18387.428
6676	18441.807
3551	18406.82
28871	18270.596
60571	18030.084
35507	17708.043
3033	17331.643
3232	16934.928
28321	16564.998
60555	16257.54
35884	16046.0205
4193	15936.25
2534	15917.261
30519	15970.739
62441	16063.653
35446	16170.1875
2899	16256.525
3529	16298.511
29383	16293.063
60959	16243.398
34612	16172.545
2674	16096.618
3542	16031.693
29304	15997.495
60008	15999.917
32776	16045.448
3221	16120.056
3595	16205.92
29525	16291.666
61191	16361.533
34330	16414.871
2687	16441.092
3803	16437.281
30886	16412.121
62892	16368.905
35224	16320.752
2998	16267.112
6674	16205.871
34761	16142.142
64220	16076.148
35606	16018.92
3024	15970.102
4321	15930.315
32408	15906.05
64532	15895.304
35453	15902.692
3028	15915.222
4286	15916.939
32388	15897.635
62674	15844.123
36786	15758.119
3544	15638.692
4452	15495.291
32228	15353.552
63701	15239.225
34099	15189.534
2811	15220.772
3950	15341.001
31064	15549.175
62570	15822.132
34255	16132.865
7031	16431.574
4735	16671.357
32139	16817.363
62610	16843.703
32671	16752.992
2503	16553.445
4562	16271.272
32517	15948.744
64026	15626.654
33464	15350.22
2718	15139.063
5104	14999.86
33612	14931.149
64213	14914.7
36596	14935.362
3214	14966.001
5328	14985.825
35109	14989.585
66999	14976.813
35239	14963.969
3255	14957.35
5459	14964.404
35581	14993.5625
67753	15040.552
35592	15104.665
3773	15166.486
6073	15208.681
36280	15224.59
68096	15210.691
35306	15183.703
3419	15155.174
5693	15142.988
36186	15170.07
68104	15248.658
35154	15389.84
3291	15576.481
5794	15781.073
35877	15973.547
73006	16115.419
36864	16186.92
3266	16165.023
5925	16045.869
36993	15849.139
68893	15604.294
34937	15360.271
3237	15153.213
5664	15013.934
36501	14964.262
68149	15003.625
38646	15123.7295
7276	15289.073
6558	15460.233
37536	15601.88
69412	15681.751
34590	15691.475
2998	15623.117
5855	15483.908
37233	15296.9795
68763	15085.926
33794	14885.082
2824	14708.789
5308	14567.748
36621	14469.913
70631	14412.988
32971	14405.294
2491	14439.087
5687	14512.891
36415	14632.347
67031	14799.611
31499	15026.286
2228	15303.491
5472	15618.989
35818	15956.945
66576	16290.134
31901	16598.89
3591	16849.318
5359	17018.86
35831	17099.012
66265	17089.85
30658	17014.752
2042	16891.295
5462	16744.213
36466	16602.04
66916	16482.277
31507	16403.336
3828	16357.08
5883	16331.531
40621	16311.67
68239	16280.525
30653	16236.043
1983	16168.027
5446	16080.153
36868	15986.13
67371	15899.478
30209	15844.019
1990	15821.691
5419	15830.938
37069	15863.776
72282	15900.341
34873	15931.116
5381	15932.071
5756	15892.283
37480	15813.245
67600	15704.508
29796	15596.546
1783	15507.954
5678	15463.252
37401	15483.193
67199	15573.93
29185	15740.6
1856	15960.344
8810	16207.761
40110	16458.621
67264	16688.86
28969	16892.9
1601	17058.729
5613	17189.857
37434	17298.209
67226	17394.502
28613	17498.26
1579	17605.697
5746	17711.436
37841	17805.064
64839	17870.773
29418	17904.338
1761	17892.947
5728	17839.846
37458	17760.73
66579	17677.19
27614	17626.252
1408	17623.9
5763	17685.389
37796	17813.164
66736	17991.51
27633	18202.814
1365	18404.691
6188	18561.566
38486	18647.303
68083	18647.543
30348	18577.09
3058	18451.959
7881	18306.781
43133	18181.193
72621	18110.111
30165	18126.668
3710	18227.7
12052	18396.867
46725	18602.803
74313	18802.63
36659	18962.91
5705	19043.066
7376	19024.021
40214	18905.133
69593	18702.586
28386	18456.086
1741	18193.826
7017	17949.613
40159	17748.4
73957	17598.164
30251	17506.629
2018	17451.596
7266	17412.225
39839	17368.402
68484	17303.08
27081	17219.404
1538	17111.887
7051	16990.213
39700	16866.188
67843	16748.283
26313	16650.982
1478	16563.904
6941	16479.82
37828	16390.303
70821	16285.858
26988	16177.771
1255	16067.875
6760	15975.821
38476	15927.497
65821	15944.738
24416	16052.216
1054	16242.981
6748	16501.041
38500	16793.496
65659	17073.068
23656	17300.186
1600	17424.207
7034	17422.502
38581	17297.049
65212	17074.055
23500	16812.502
911	16566.936
6976	16400.219
38549	16362.793
64758	16477.611
22818	16746.453
703	17121.13
5589	17539.465
37601	17926.28
65208	18207.38
21644	18337.99
471	18283.037
6255	18052.496
36249	17687.041
61038	17251.05
20576	16828.035
456	16478.412
6923	16254.677
39033	16180.481
61401	16247.598
21666	16428.787
1583	16660.08
6460	16882.28
36518	17041.26
60749	17097.613
20065	17044.33
343	16880.713
6453	16635.871
36582	16352.283
61244	16072.959
22474	15843.91
619	15681.701
6484	15598.095
40757	15588.521
62260	15636.627
20094	15727.531
348	15826.608
7439	15914.302
39128	15976.485
63758	16004.519
21581	16006.326
601	15977.405
8799	15929.684
42406	15879.059
66108	15844.864
23070	15859.8955
1561	15941.799
9659	16120.586
44706	16422.457
69966	16864.459
25039	17460.49
1215	18184.557
10368	19001.451
46047	19854.3
71356	20669.174
26074	21375.334
1478	21888.652
13806	22152.506
48839	22139.148
72338	21854.86
25794	21351.168
1293	20690.842
10951	19963.967
47547	19263.379
72519	18669.938
26233	18247.547
1488	18006.709
11396	17932.82
47908	17979.99
69873	18083.559
26901	18182.559
1468	18209.326
11011	18128.664
47817	17932.648
72153	17641.96
24770	17309.51
786	16978.914
10467	16704.771
46544	16525.762
70699	16457.938
24181	16502.031
975	16617.125
11933	16758.61
47264	16876.135
70685	16925.715
24158	16889.002
877	16749.404
11150	16522.592
48002	16238.67
70946	15938.139
24301	15670.869
2215	15459.496
11549	15324.88
47028	15269.453
70703	15280.904
26101	15345.77
1030	15428.052
11771	15503.502
49197	15551.04
72022	15559.527
24681	15533.421
1145	15465.942
12028	15364.704
49869	15235.004
72199	15081.688
24594	14917.11
1313	14733.71
11965	14537.158
49340	14333.238
71697	14132.6875
23914	13959.363
994	13817.404
11984	13721.982
49529	13679.667
71176	13690.132
23558	13750.989
1028	13831.688
11539	13908.569
46449	13955.174
71922	13949.903
23519	13892.463
711	13776.357
11609	13621.123
48459	13453.987
69205	13307.221
22068	13220.089
495	13204.572
11634	13270.738
49029	13409.453
69477	13598.931
22764	13816.461
2851	14017.798
12289	14178.172
49422	14280.528
69254	14325.47
22206	14337.467
833	14335.766
12191	14356.883
49611	14433.356
69526	14590.431
22378	14847.367
1046	15188.084
11359	15594.944
51053	16035.264
71739	16475.562
22366	16894.916
1480	17262.479
12954	17573.896
50549	17834.324
69218	18061.139
22203	18284.295
1439	18513.14
13208	18762.143
51184	19031.084
69329	19309.754
23147	19584.137
2977	19816.566
13082	19984.988
50683	20069.658
69019	20063.732
21571	19981.865
1269	19833.852
13753	19650.19
51909	19462.482
70054	19301.363
22586	19195.246
1774	19140.969
12276	19136.184
54328	19161.367
70139	19194.205
21822	19217.86
1723	19198.867
13729	19128.324
51459	19004.307
68144	18837.922
20872	18655.89
1569	18470.564
13736	18308.227
51239	18186.023
66771	18115.834
21167	18106.58
2019	18140.188
13479	18206.404
50990	18286.703
67117	18365.547
20028	18438.885
1656	18486.785
13808	18511.95
51333	18517.41
67561	18512.508
20361	18515.357
1948	18524.568
17643	18549.977
53725	18594.174
67829	18658.547
20436	18747.63
2000	18844.414
14645	18944.678
52886	19037.58
68540	19116.188
20792	19181.637
2313	19217.936
15174	19225.717
52746	19202.668
65774	19153.021
21494	19088.896
2286	19007.309
14725	18920.047
53220	18832.662
68031	18753.207
19791	18693.395
1922	18641.389
15454	18596.809
53731	18549.412
67936	18491.137
19983	18421.21
4109	18322.664
19415	18197.416
52960	18049.281
66293	17890.719
18843	17745.104
2039	17620.596
14694	17537.252
51776	17504.086
64929	17526.883
18050	17608.418
2036	17724.463
14385	17858.904
49016	17987.053
63295	18088.736
18149	18156.154
1676	18172.406
14269	18143.715
50148	18080.521
62610	18003.432
16428	17939.65
1640	17897.686
14394	17894.584
50853	17932.498
62678	18008.725
16578	18118.76
1952	18235.426
14998	18346.21
51078	18435.82
63031	18498.176
16545	18539.404
1888	18554.174
14985	18556.375
51388	18554.791
63210	18559.652
16874	18581.451
2101	18607.39
15363	18635.846
51385	18657.28
67439	18664.096
17737	18659.361
2309	18632.36
15787	18594.498
52649	18557.297
64253	18536.092
17014	18550.686
2710	18598.053
17089	18683.373
53806	18797.691
64972	18926.77
18609	19055.65
5222	19150.496
17673	19197.727
54856	19184.887
65566	19111.86
17860	18992.361
2907	18831.305
18038	18651.725
54895	18472.863
74264	18310.518
21336	18182.676
2999	18080.19
16788	18003.328
56474	17942.111
66728	17890.021
17063	17848.03
2801	17803.736
17656	17767.14
54522	17747.592
63976	17759.447
16376	17820.457
2609	17925.695
18158	18078.71
54964	18269.35
64061	18483.174
17606	18704.588
3533	18900.295
18029	19056.035
55046	19157.598
63719	19202.838
16083	19201.828
2541	19153.496
17922	19075.736
54626	18982.666
63293	18888.713
15648	18807.898
2280	18732.66
16326	18668.703
56233	18613.791
62544	18571.545
15059	18550.459
2321	18545.232
17463	18569.117
54469	18629.18
61448	18732.965
15558	18884.38
5789	19061.916
18449	19253.604
54303	19433.57
60781	19576.03
16439	19658.098
2808	19647.086
18177	19535.666
54428	19322.873
61201	19023.574
14571	18667.064
2543	18270.656
18586	17871.193
55160	17496.748
61226	17172.139
14371	16915.527
2514	16718.809
21614	16580.719
56308	16489.76
60963	16435.24
13934	16409.13
2370	16390.05
18525	16376.634
54526	16364.722
60839	16357.664
17191	16361.4795
2642	16367.743
18418	16381.533
53547	16401.156
57258	16428.045
13946	16464.174
2185	16497.756
18569	16533.797
54595	16572.926
59519	16621.648
12860	16687.797
3857	16762.037
23904	16850.361
55886	16952.162
59561	17067.514
12866	17196.928
2991	17324.54
20718	17450.68
54984	17571.463
59008	17687.857
12481	17803.47
1943	17907.328
18073	18004.158
53901	18092.0
59806	18173.348
20875	18251.242
6129	18318.4
19353	18384.904
53459	18457.893
60214	18550.85
13222	18681.602
2035	18851.502
18970	19073.406
54806	19346.715
58160	19666.082
12099	20014.41
2241	20351.238
19658	20645.342
55830	20857.9
58753	20959.715
12161	20933.547
2141	20762.959
19759	20464.996
55725	20067.58
58314	19616.7
11933	19166.287
2145	18755.229
19778	18429.092
56298	18213.1
59309	18119.836
12221	18144.64
2141	18252.42
19699	18413.154
56392	18586.129
62618	18737.57
12681	18844.691
2246	18879.928
20551	18843.697
57153	18741.656
58995	18591.752
12034	18418.271
2274	18231.67
20551	18054.96
57297	17900.318
58934	17780.154
13716	17702.197
4923	17656.213
22103	17645.176
59738	17662.992
61528	17707.8
13392	17777.244
2586	17854.23
22536	17933.504
62231	18003.736
65440	18059.576
21185	18097.008
5478	18102.77
21103	18080.969
61210	18031.658
60311	17965.488
11645	17895.035
2179	17819.129
21010	17751.428
57411	17696.572
57243	17661.514
11219	17652.488
2260	17659.562
20780	17687.076
56906	17732.463
56423	17799.086
11953	17888.945
2715	17988.988
21026	18097.182
57408	18199.406
56524	18282.623
10805	18330.521
2178	18312.1
21335	18215.0
57758	18029.627
56494	17765.973
10723	17449.209
1964	17105.98
20676	16788.1
60463	16542.611
57532	16418.719
11163	16448.95
2477	16629.902
22916	16945.76
60244	17348.527
58979	17778.15
12346	18166.729
2719	18438.6
23928	18550.719
61781	18482.045
59326	18252.238
14787	17911.42
3143	17521.37
24299	17166.648
62334	16919.314
60235	16837.19
12555	16945.979
5748	17218.295
36505	17606.848
72652	18035.887
67806	18425.521
21714	18701.21
5001	18799.838
27194	18702.281
63952	18420.365
59552	18005.46
12057	17530.566
2880	17064.086
24313	16680.945
61324	16428.484
58136	16332.536
11648	16386.36
2751	16544.076
24079	16757.225
60029	16966.871
55111	17128.719
11969	17215.578
2838	17208.484
24332	17128.174
61429	17005.555
57299	16885.99
11167	16810.361
2965	16796.844
25062	16862.059
62233	16997.768
57667	17187.432
11368	17403.785
3989	17604.977
26994	17767.852
62820	17872.812
57899	17918.328
11441	17912.729
2973	17860.586
25364	17783.76
62756	17698.012
57805	17623.871
11333	17576.88
3026	17558.291
25587	17582.229
60886	17657.436
59131	17799.383
11974	18023.658
3029	18330.516
25756	18726.328
62889	19199.379
57137	19731.285
10885	20285.332
3053	20802.242
25635	21229.559
62756	21509.676
56708	21603.25
10431	21487.57
3119	21152.82
26309	20627.97
63108	19956.91
56373	19208.334
10638	18454.549
3118	17753.365
26223	17161.86
63633	16712.365
56307	16422.967
10391	16288.646
3110	16276.73
25806	16357.247
63426	16489.213
59383	16640.395
10636	16783.785
3249	16888.258
26906	16944.441
64128	16944.668
56473	16894.74
10829	16805.436
3450	16682.781
27302	16550.865
64964	16431.545
56839	16357.474
11341	16358.241
4246	16447.943
27502	16642.068
64931	16935.824
56121	17313.83
10239	17740.395
3235	18156.777
27221	18510.63
64451	18750.17
55223	18849.771
9751	18808.764
3229	18649.734
26902	18440.91
68803	18266.688
56514	18230.736
9614	18426.012
3181	18906.205
27171	19693.354
63846	20748.867
53804	21988.26
9369	23280.863
3064	24461.656
26601	25378.658
63539	25899.357
52841	25948.877
8930	25511.982
3388	24631.271
27013	23418.54
63537	22022.312
52843	20614.809
8767	19352.857
3202	18346.412
27511	17666.666
63795	17319.81
52789	17266.357
8550	17423.674
2682	17681.031
26600	17943.16
65995	18129.816
52863	18205.797
8494	18170.318
3100	18047.965
27528	17898.396
64264	17780.914
52956	17753.395
8657	17847.414
3203	18056.152
27939	18356.299
64531	18696.0
50987	19022.254
8983	19280.096
3157	19421.92
27777	19435.75
64826	19328.646
52279	19138.688
8199	18914.002
3296	18695.518
28509	18530.998
65439	18444.877
52524	18449.436
8284	18532.316
3597	18657.03
32799	18791.014
67174	18898.092
52914	18958.598
8339	18961.846
3188	18903.785
28795	18804.625
66444	18685.123
52895	18576.629
8238	18499.94
3109	18457.797
28705	18454.39
65273	18477.896
50884	18518.709
8553	18560.129
3236	18581.934
29039	18581.566
66214	18560.533
52037	18536.084
7746	18522.072
3303	18524.742
29218	18558.133
66437	18621.758
51957	18715.818
7923	18828.418
4622	18935.875
30783	19027.035
66363	19088.951
51481	19124.771
7706	19140.527
3173	19141.518
29193	19147.295
66447	19169.99
51042	19225.498
7509	19314.889
3304	19421.822
29362	19532.49
63394	19622.18
52427	19673.357
8213	19670.48
3348	19600.428
29557	19473.768
66231	19306.965
50540	19135.043
7558	18989.139
3337	18891.477
29691	18865.594
66688	18914.244
50484	19032.988
7386	19196.656
3687	19362.754
30167	19496.523
66844	19560.973
50587	19538.053
7393	19418.705
4180	19204.47
32409	18921.951
67578	18604.445
50436	18296.736
7290	18034.197
3402	17836.422
28749	17721.578
65956	17686.424
51779	17719.994
6924	17799.854
3472	17893.064
29712	17978.281
65561	18037.148
48679	18066.324
7010	18065.707
3553	18037.457
29894	17999.373
66021	17963.797
48820	17948.852
7660	17960.617
4164	17993.158
30438	18045.48
66571	18106.055
48643	18170.092
6846	18226.771
3770	18262.428
30664	18276.244
65975	18265.953
47802	18240.363
6463	18202.87
3549	18152.025
29345	18096.98
70412	18038.857
48839	17990.129
6494	17955.457
3726	17935.318
30753	17941.992
66659	17981.656
48181	18067.383
6673	18202.516
3896	18379.396
31476	18593.996
67638	18829.273
47619	19071.006
5903	19293.885
4233	19467.139
32270	19574.482
68694	19601.008
48718	19550.055
6831	19428.977
4168	19247.506
32750	19032.936
69284	18809.467
48729	18608.219
7005	18447.096
3399	18331.445
32210	18267.436
70444	18247.424
47245	18268.686
6229	18317.154
3938	18375.281
31844	18438.814
69626	18501.12
46275	18569.502
5886	18644.39
3749	18722.137
30768	18806.621
65016	18891.844
43341	18975.98
6819	19044.285
3920	19078.557
31188	19071.404
65647	19014.309
45314	18914.123
9375	18776.607
4354	18611.445
32271	18442.924
67024	18290.498
44793	18179.45
5833	18119.895
5406	18109.88
37726	18146.998
68404	18217.719
44490	18310.463
5734	18403.002
4086	18472.812
32472	18512.213
67044	18515.715
43611	18494.988
5461	18458.62
4144	18416.812
32383	18389.688
65306	18389.326
41969	18430.64
6013	18511.492
4153	18620.895
32626	18750.348
66971	18881.766
43165	19005.273
5532	19100.59
4252	19150.754
32866	19152.312
66960	19101.316
42640	19007.834
5229	18876.377
6114	18712.31
34139	18532.287
67467	18348.264
42499	18181.277
4926	18040.936
4532	17933.049
33926	17868.506
67675	17848.877
42430	17880.057
5258	17952.3
4461	18049.21
33697	18158.514
65134	18261.191
43744	18345.95
5463	18396.516
4414	18400.21
33908	18360.0
68049	18281.824
42593	18188.36
5267	18095.232
4607	18019.012
34450	17980.666
68246	17989.332
41949	18054.133
5195	18163.383
5117	18295.379
34530	18430.895
68053	18544.195
41234	18622.26
5441	18648.479
5941	18616.678
34833	18538.766
67824	18431.555
40477	18327.086
4606	18247.064
4534	18209.018
32914	18230.254
67355	18311.48
42442	18451.559
4613	18629.97
4751	18819.395
34307	18999.518
67573	19148.852
39794	19260.78
4470	19327.75
4855	19350.45
34768	19343.281
67908	19318.35
39541	19295.785
5083	19278.598
5237	19263.441
34336	19247.129
67626	19215.125
39075	19159.367
5894	19060.379
9747	18904.078
35853	18692.777
68040	18432.316
38801	18147.115
4302	17856.135
5018	17582.553
33279	17356.781
69903	17198.145
38896	17129.982
4194	17153.18
5243	17260.299
35094	17443.197
67544	17682.168
37828	17963.184
4104	18258.742
5285	18542.732
35388	18798.094
67779	19005.832
36861	19159.998
3751	19245.018
5559	19251.193
35898	19180.44
68159	19035.014
37706	18831.887
4316	18581.908
5733	18299.604
36123	18010.566
68236	17736.262
37435	17505.35
4212	17328.639
4946	17211.945
36664	17159.225
70445	17162.336
37307	17217.611
4118	17303.74
5933	17401.057
36849	17498.893
68877	17586.479
37057	17668.096
3975	17739.512
5939	17801.668
36546	17863.053
68339	17925.861
37473	17997.533
5556	18068.754
6060	18128.836
36708	18170.807
68862	18183.498
38127	18168.775
10487	18119.225
11471	18036.969
38729	17937.809
70213	17835.42
37365	17754.686
4133	17704.547
8069	17690.166
43609	17715.004
71063	17773.21
37053	17861.104
4019	17958.035
6499	18045.762
38260	18114.975
69819	18158.121
36218	18184.188
3721	18193.74
6163	18193.576
37332	18196.635
67476	18209.068
34623	18240.848
4031	18281.748
5964	18319.365
36653	18343.266
67511	18338.766
34183	18305.44
3284	18232.717
5930	18123.516
36710	17993.213
67530	17857.568
33608	17743.38
3194	17660.0
8577	17613.098
38504	17606.283
68263	17629.637
33724	17675.922
3167	17719.889
6094	17741.756
37209	17732.834
68188	17688.832
33612	17625.508
3143	17552.578
6111	17489.365
37158	17460.973
65810	17484.074
34881	17574.082
3071	17721.61
5846	17909.07
38004	18114.223
72420	18305.49
38371	18462.22
7303	18554.031
8914	18566.594
39017	18501.871
69773	18369.2
33916	18197.346
3765	18003.553
7881	17810.727
38469	17641.66
68916	17507.135
32829	17419.332
2697	17367.445
6033	17340.113
37934	17326.896
68404	17315.91
32094	17308.959
2574	17297.48
6014	17282.389
36491	17270.572
68133	17267.135
33627	17284.816
2596	17318.58
5973	17364.229
37930	17418.549
68168	17473.666
31204	17530.95
2359	17581.041
5785	17623.205
37063	17663.312
66501	17705.588
29835	17763.602
2261	17832.256
5786	17908.162
36947	17985.787
66305	18051.688
29845	18099.934
2179	18110.848
5811	18076.021
37753	17997.637
67518	17885.39
30148	17768.402
2087	17666.95
5873	17610.412
36841	17628.45
70770	17738.322
31162	17956.967
2272	18270.184
7008	18655.898
46637	19082.262
77147	19509.408
37909	19907.076
7516	20233.984
10552	20464.06
40533	20586.088
69838	20597.168
30695	20515.234
2813	20349.54
6617	20120.297
39461	19850.312
68557	19557.527
29801	19265.596
2091	18979.023
6318	18703.42
38583	18445.316
67178	18206.395
28407	17996.557
1853	17808.102
5294	17639.645
38618	17490.186
67898	17354.928
27549	17238.596
1692	17129.354
6552	17025.557
38715	16931.248
66918	16851.775
27753	16805.932
1728	16797.688
6734	16837.666
39154	16933.29
67805	17080.621
29961	17274.895
3396	17484.432
6879	17677.273
39108	17819.086
67120	17876.271
27671	17835.73
1913	17683.723
6848	17434.068
38895	17123.615
66967	16802.037
27199	16537.28
1750	16378.627
7469	16371.645
41907	16541.81
67368	16886.836
26843	17385.742
1801	17977.031
7096	18592.883
38791	19162.074
66464	19617.984
26130	19921.086
1335	20037.781
6943	19969.242
39125	19740.62
65882	19390.482
27718	18976.752
2234	18540.031
7383	18121.758
39783	17751.895
67459	17444.32
26033	17212.236
1608	17041.232
7376	16924.088
39504	16854.072
66173	16823.98
25265	16838.062
1700	16883.03
10637	16952.004
40827	17035.246
66074	17114.777
25339	17177.645
3184	17192.512
7804	17143.104
39993	17021.713
66663	16831.578
24896	16599.834
1400	16347.703
7819	16112.725
39758	15931.556
64501	15829.58
26329	15824.169
1435	15897.107
8829	16020.643
45191	16153.95
68700	16253.658
25098	16293.147
1334	16246.419
8077	16125.042
40718	15968.175
66508	15836.39
24133	15812.308
2504	15957.974
10121	16327.858
40513	16944.432
66015	17786.04
23689	18797.863
1129	19870.977
7847	20884.771
40248	21715.105
66051	22254.213
23174	22439.46
735	22238.174
7784	21681.002
38966	20844.871
66149	19839.715
24427	18802.393
896	17846.1
8167	17070.12
40891	16535.367
65651	16255.889
22543	16210.089
794	16326.421
8179	16524.502
41073	16721.148
66006	16845.627
22544	16862.896
734	16752.262
8352	16536.533
41369	16263.069
66121	15991.378
22710	15790.342
700	15698.345
8496	15742.277
41565	15920.817
66146	16205.419
22214	16556.701
535	16906.168
8066	17197.768
39928	17386.375
68088	17444.508
22158	17380.467
628	17206.578
8884	16965.512
41888	16709.107
65824	16487.08
21659	16349.489
388	16310.256
8746	16373.212
42678	16519.186
66920	16711.17
22739	16912.234
2016	17066.582
9343	17140.043
43744	17112.7
71286	16983.549
23953	16782.607
498	16537.162
9373	16292.107
43779	16091.502
67823	15968.9
22146	15951.08
270	16025.223
8296	16172.26
45226	16356.887
69242	16537.926
21923	16686.662
254	16765.27
9536	16765.037
44306	16694.346
67639	16577.494
21725	16459.406
179	16368.093
9646	16336.976
44739	16383.146
67753	16504.586
23659	16688.793
1429	16890.096
9896	17067.562
45774	17179.678
69192	17196.406
22120	17116.285
198	16939.676
10278	16698.854
46494	16439.299
69436	16211.864
22309	16071.937
132	16041.651
10904	16134.745
49586	16339.226
70158	16624.371
22517	16953.766
378	17266.914
10815	17519.66
47841	17677.416
70421	17724.168
22739	17672.27
422	17531.428
11028	17333.922
47983	17112.719
69133	16898.424
24267	16720.482
794	16578.758
10943	16473.123
48270	16391.836
70011	16320.126
22088	16253.9795
311	16173.185
11120	16078.93
47963	15976.498
69736	15877.601
21863	15802.432
710	15751.2295
15599	15731.509
50158	15743.482
70208	15780.471
23251	15840.081
782	15899.039
11598	15947.988
49110	15978.0205
69966	15986.952
21894	15986.092
372	15971.367
11578	15952.963
48116	15936.989
67099	15928.214
22684	15935.016
395	15945.145
11499	15956.682
48648	15963.885
68453	15964.682
20857	15967.101
333	15962.553
11662	15957.67
48988	15954.561
68653	15955.294
20953	15967.097
987	15975.064
12494	15975.514
49206	15960.957
68563	15928.083
21005	15886.72
484	15834.201
11619	15786.736
48907	15761.088
67950	15777.05
20067	15858.765
517	16003.864
11873	16213.351
47718	16473.06
69981	16759.498
21635	17052.12
652	17309.336
12291	17506.467
49476	17623.191
68037	17652.736
20269	17607.75
731	17493.885
12388	17337.51
49938	17162.814
68616	16994.152
20017	16858.254
315	16754.527
12936	16687.775
51014	16651.867
69574	16639.105
20977	16649.22
1122	16665.352
13166	16686.777
51125	16712.492
68853	16746.322
20296	16800.227
1009	16865.105
12188	16943.34
48602	17028.768
69325	17113.947
19419	17199.945
1047	17269.367
12464	17322.926
49122	17361.188
65433	17390.678
17926	17429.332
548	17476.715
12003	17544.307
48178	17633.084
64083	17741.283
18383	17867.654
2594	17988.264
11944	18093.914
48394	18171.463
64103	18215.629
17174	18234.75
611	18225.645
12356	18202.904
48841	18178.576
64297	18164.914
17346	18174.096
793	18194.225
11679	18221.586
51461	18241.012
65791	18240.387
17284	18217.521
1074	18158.504
12913	18074.451
49676	17979.77
64430	17898.305
17215	17863.422
951	17885.65
13071	17981.299
49556	18147.762
64203	18370.85
18867	18629.709
1985	18877.273
13171	19079.83
50693	19202.455
64586	19224.908
17066	19149.121
1241	18973.578
13695	18725.97
50746	18437.713
64699	18145.838
17196	17889.97
1236	17682.33
14647	17538.443
53598	17455.523
65006	17425.61
17311	17440.41
1521	17472.22
14381	17511.803
51326	17549.3
64413	17584.223
16899	17626.607
1592	17669.82
14704	17721.291
51623	17778.62
63353	17837.795
18946	17895.117
2253	17927.756
15663	17928.705
52624	17889.572
65044	17812.574
16985	17714.773
1908	17599.932
15384	17493.305
52304	17413.521
64251	17378.125
16787	17402.16
2201	17472.168
19056	17579.633
53376	17704.09
63971	17824.47
16462	17926.5
2007	17983.908
15447	17995.588
51857	17964.242
63004	17905.85
15620	17847.57
1914	17798.49
15482	17782.584
50363	17811.24
60308	17889.443
16067	18016.984
4238	18168.201
25626	18327.428
54119	18475.715
62877	18597.07
15456	18684.2
2027	18717.754
15904	18701.045
52138	18635.139
62055	18527.51
14929	18391.545
2490	18222.717
16874	18032.99
52038	17828.164
61719	17617.55
14644	17415.56
1878	17219.64
15973	17042.854
52018	16891.127
61221	16771.361
14214	16690.082
1888	16631.209
16099	16591.502
50289	16559.18
63291	16524.158
15122	16484.756
2046	16426.244
16362	16356.953
52366	16285.376
60981	16227.778
14085	16204.333
2033	16216.158
16773	16274.4795
52941	16375.496
61118	16509.834
13642	16664.32
1558	16804.705
18118	16914.361
59824	16975.715
62679	16987.146
14094	16959.436
2116	16896.734
17148	16825.227
53214	16767.203
60833	16743.969
13588	16770.957
2018	16835.006
16376	16929.197
52284	17032.135
62869	17122.691
14478	17187.953
7762	17204.648
26513	17179.438
55475	17127.674
60764	17073.436
13718	17049.064
2215	17066.254
17799	17142.592
54361	17275.35
60889	17450.521
13998	17644.441
2921	17810.846
18291	17922.56
55269	17955.963
61058	17907.645
13442	17795.139
2119	17636.201
18254	17473.56
54801	17346.22
60694	17288.95
13197	17323.303
2026	17434.492
17634	17605.11
58764	17796.209
61582	17970.605
12954	18097.78
1969	18145.414
18283	18117.879
54351	18033.787
59231	17932.01
12186	17860.398
1819	17845.693
18604	17915.295
55167	18067.135
59530	18278.482
13911	18506.947
2764	18683.385
19179	18756.969
55678	18685.947
59561	18460.457
12117	18105.85
1965	17660.934
18793	17204.393
55193	16817.135
58783	16576.346
11742	16537.264
1641	16704.568
19641	17060.428
55104	17546.207
63984	18082.592
21424	18584.637
7646	18962.23
28418	19162.951
58887	19164.018
60904	18980.18
12681	18658.28
2178	18248.355
20264	17822.113
57723	17436.371
58551	17134.877
13953	16937.361
4487	16826.184
20788	16783.582
57494	16776.908
60050	16781.04
11958	16782.541
1931	16763.816
19684	16737.398
56653	16715.672
58806	16716.904
11357	16753.738
2573	16811.986
23731	16881.074
57394	16936.904
58566	16958.904
11136	16934.879
1853	16852.004
19656	16731.096
56389	16602.39
57731	16513.648
10744	16513.021
1759	16621.816
19536	16855.219
54861	17193.46
55911	17594.94
11548	17997.969
1824	18319.654
19801	18500.84
56439	18498.768
57316	18312.15
10435	17977.334
1728	17550.734
19994	17126.656
56980	16795.984
57606	16641.059
10769	16713.23
2306	17007.424
22391	17490.316
65345	18083.924
65106	18696.797
19536	19233.525
6998	19601.686
29276	19752.223
60608	19671.633
59369	19390.021
11612	18968.588
2277	18472.09
22070	17982.3
56754	17562.031
61371	17255.814
13766	17083.584
2383	17026.432
21911	17062.54
59281	17155.537
58218	17277.273
10969	17406.988
2119	17521.89
21546	17623.408
58353	17710.47
56810	17787.654
9946	17853.69
2746	17886.197
25269	17872.967
58736	17796.883
56070	17653.686
10084	17452.035
1976	17204.643
21501	16953.182
58341	16742.19
56012	16620.97
10238	16624.701
2198	16751.688
21283	16986.541
59448	17278.006
59806	17561.656
11110	17768.338
2318	17826.59
22694	17708.162
59624	17417.725
56717	17008.244
10430	16569.773
2265	16200.241
22604	16012.07
59276	16087.61
55914	16473.818
10826	17162.283
3034	18076.787
22726	19111.023
58682	20125.467
55304	20986.416
9636	21583.354
2073	21837.246
22438	21737.756
59390	21323.285
55481	20681.186
9977	19927.957
2293	19169.986
22329	18510.637
63849	18011.344
56344	17703.06
9959	17575.297
2374	17576.328
22877	17654.531
58854	17751.582
54131	17829.426
9329	17869.06
2228	17859.746
22661	17820.645
58555	17769.656
52266	17728.938
9346	17707.168
2806	17688.123
22644	17658.69
58143	17593.086
52650	17476.254
8819	17303.754
2296	17073.812
23015	16816.69
58976	16566.021
53403	16364.497
9212	16243.843
2044	16206.584
24839	16246.434
62455	16329.049
54462	16415.254
9401	16462.045
2574	16428.076
24181	16311.368
60367	16134.518
53785	15958.65
9076	15862.512
2499	15922.438
23655	16215.1875
59156	16778.168
50321	17611.643
9150	18661.965
2580	19820.701
23602	20962.977
58910	21947.51
51141	22656.162
7668	23005.152
2239	22950.709
23272	22523.018
58316	21795.816
50716	20887.426
7953	19933.012
4043	19049.197
28393	18339.04
60015	17859.002
50831	17625.402
7861	17608.639
2403	17737.54
23673	17939.525
59073	18136.025
50641	18272.432
7971	18315.521
2555	18249.941
24196	18098.637
58041	17893.633
50056	17679.678
8983	17493.996
2576	17352.988
24361	17271.672
60138	17243.459
50626	17260.305
7703	17304.025
2525	17349.879
24179	17392.701
59394	17427.152
49586	17462.73
7381	17509.244
2809	17567.11
24802	17647.064
59666	17746.51
49508	17863.834
7180	17987.725
2520	18094.525
24353	18173.652
59812	18210.605
49053	18204.197
6981	18154.766
2488	18059.29
24224	17932.713
57237	17785.332
51066	17634.49
7354	17494.896
2592	17370.021
24930	17275.268
60518	17216.963
49320	17207.016
6818	17251.219
2491	17340.701
24843	17474.242
60819	17639.826
49266	17825.04
6963	18010.664
2787	18164.88
25791	18269.926
61128	18305.4
49460	18266.729
7010	18154.557
2690	17972.336
25926	17744.068
62142	17491.918
49885	17247.982
7160	17035.326
2806	16860.879
25081	16735.979
63376	16654.53
52685	16612.885
7311	16600.62
2793	16598.982
26489	16607.19
62736	16623.521
50006	16659.617
6995	16727.736
2801	16830.93
26767	16980.879
63014	17174.064
49643	17406.455
7644	17659.553
3286	17900.658
26683	18107.797
62526	18254.281
48939	18329.447
6493	18327.688
2701	18245.969
26291	18102.08
62101	17912.78
48084	17704.879
6190	17496.662
2549	17293.05
24779	17105.459
64447	16930.96
48217	16774.867
6018	16636.244
2761	16509.97
26556	16408.729
61899	16342.209
47230	16330.993
5588	16385.713
2373	16504.771
25594	16687.945
61573	16917.234
47481	17169.518
8512	17410.33
3062	17596.48
26767	17701.469
62178	17703.27
47034	17604.027
5898	17418.64
2766	17167.965
26614	16896.584
61841	16645.277
46524	16457.521
5573	16358.135
2035	16348.721
27305	16425.129
62834	16561.115
45406	16729.904
5132	16894.807
2607	17017.496
25461	17082.684
59611	17081.078
43996	17024.48
4831	16930.58
2603	16816.354
25323	16710.762
58921	16630.016
41964	16589.963
5668	16588.09
2623	16608.23
25414	16639.533
59453	16662.28
43094	16668.523
4529	16649.084
2600	16596.152
25354	16523.125
58774	16441.137
42125	16371.65
4208	16327.326
4083	16310.799
28655	16330.524
59047	16382.367
41700	16463.893
4092	16562.053
2716	16658.127
25755	16746.418
59646	16817.19
42363	16873.275
4203	16913.78
2858	16935.05
26924	16946.43
59860	16950.777
44370	16958.34
5653	16972.035
3110	16989.227
27912	17017.875
63148	17058.818
45002	17122.412
5233	17208.287
3259	17311.21
28686	17433.438
63984	17566.777
45480	17708.713
6235	17846.736
5094	17962.588
29490	18050.688
64159	18102.025
44968	18122.098
5113	18114.225
3219	18082.15
28075	18042.188
62589	18003.904
43284	17983.252
4645	17982.639
3173	17993.303
27352	18010.746
59114	18019.887
44028	18011.955
4575	17974.697
3164	17896.451
27512	17783.758
61380	17644.463
41778	17500.879
4277	17369.21
3243	17261.164
27986	17193.016
61657	17165.87
41503	17180.393
4843	17220.451
4137	17261.527
28533	17289.1
62269	17285.623
41913	17250.326
4502	17183.23
3469	17090.822
29243	16994.463
63049	16912.133
41822	16868.543
4211	16872.783
3349	16920.97
27752	17009.035
65364	17116.422
44340	17228.771
4696	17323.172
3601	17377.238
29813	17386.186
63794	17348.125
42051	17278.227
4538	17190.12
3644	17095.363
30189	17011.38
64495	16942.83
42230	16895.916
5698	16859.473
4111	16814.494
30366	16748.908
64259	16646.941
41638	16508.34
4423	16332.183
3724	16122.755
30388	15899.091
64373	15677.987
41503	15484.808
4439	15330.734
4852	15217.533
34134	15147.819
68191	15112.236
41809	15107.853
4410	15120.244
3824	15135.228
30993	15151.23
64791	15165.241
41348	15187.639
4461	15220.561
3898	15262.787
31302	15317.73
65031	15378.003
43656	15440.995
7935	15491.931
4203	15515.623
31934	15507.267
66093	15462.847
41584	15396.043
4618	15319.044
4136	15245.193
32192	15199.105
65744	15197.008
40892	15258.673
4101	15384.789
4796	15565.041
41581	15787.383
69555	16033.43
41253	16291.893
4460	16543.24
4082	16772.752
32253	16980.148
66052	17165.21
40879	17341.102
4499	17510.71
4183	17672.691
32473	17827.902
65459	17965.404
39206	18078.791
5083	18147.506
4078	18152.25
32264	18085.67
65755	17942.31
39564	17736.242
4013	17478.043
4097	17183.75
32260	16881.303
65558	16591.346
39121	16339.944
3922	16135.227
6039	15977.236
35358	15867.756
65873	15799.086
38868	15770.205
3850	15768.815
4191	15784.231
32843	15814.789
66391	15854.801
39171	15909.164
3987	15970.551
4328	16030.447
33256	16086.631
65221	16131.589
40204	16168.257
4524	16191.87
4319	16201.453
33276	16206.513
66606	16213.538
38548	16240.616
3826	16289.621
4424	16360.051
33481	16452.037
66042	16554.6
39186	16662.572
7748	16757.611
8323	16825.709
44301	16863.29
69287	16873.14
38251	16872.994
3680	16873.014
4411	16885.154
33428	16923.047
66188	16988.293
37348	17082.031
3561	17183.139
4396	17265.186
32809	17307.496
63843	17289.898
38663	17212.799
3432	17081.205
4449	16915.834
32942	16755.697
65048	16639.197
35546	16610.043
2953	16685.596
4386	16865.48
32319	17132.795
64124	17444.848
34609	17756.879
3466	18008.959
5254	18152.885
32817	18166.55
64396	18048.545
34625	17834.768
2926	17569.37
4706	17309.742
32848	17115.598
64899	17027.115
34726	17070.525
3111	17230.021
5061	17465.703
33353	17725.72
69931	17946.998
36957	18089.123
3308	18118.979
5004	18033.88
33703	17865.707
65444	17663.664
34558	17498.096
3083	17423.438
5143	17477.775
34398	17675.852
65270	17995.39
38772	18394.725
9314	18800.484
10174	19137.07
42039	19342.752
67939	19376.117
34872	19235.168
3271	18936.65
5232	18525.105
34563	18065.762
65661	17621.295
33486	17253.697
2655	16990.453
4844	16837.963
34612	16785.207
69370	16799.719
33936	16855.146
2722	16913.145
5163	16950.379
35153	16963.48
66418	16957.93
33473	16958.965
2828	16978.834
5407	17027.588
34887	17109.617
66265	17212.027
34728	17322.576
5711	17410.844
5429	17454.748
35088	17445.871
66276	17385.254
32738	17298.488
2604	17207.018
5456	17135.879
35423	17109.521
66606	17133.71
32831	17207.951
2688	17300.99
4376	17376.025
36789	17399.674
68636	17346.0
33091	17220.688
2680	17039.35
5616	16845.455
36273	16701.975
67395	16670.393
32711	16811.074
2575	17142.79
5641	17652.88
36762	18294.559
73689	18983.885
38103	19631.428
7737	20131.57
9179	20402.08
42273	20397.32
69311	20112.29
32584	19596.035
2418	18916.303
5603	18166.742
36533	17447.742
67331	16839.648
31675	16404.371
2291	16152.634
8004	16065.033
38966	16100.131
66489	16199.397
30656	16314.426
1999	16393.994
5276	16412.363
35723	16368.221
66283	16273.785
30331	16161.281
1947	16047.469
5652	15947.48
37079	15868.395
66055	15803.294
32835	15748.643
2557	15687.682
5632	15616.279
37113	15545.326
67857	15493.809
31005	15498.351
2022	15578.998
5607	15752.07
37161	16017.397
67471	16348.174
30508	16707.158
2094	17028.096
6213	17250.398
37803	17330.797
67949	17249.871
30786	17033.96
2036	16729.432
5727	16415.305
37773	16185.005
68218	16122.37
30349	16294.077
1870	16708.65
5981	17332.367
37629	18088.979
66929	18866.594
32299	19550.76
1869	20024.09
5724	20207.373
37928	20071.834
68829	19638.988
30261	18985.86
1834	18210.203
6036	17428.824
38639	16750.428
69004	16252.053
30266	15980.936
2057	15924.553
6469	16040.07
38788	16263.08
68797	16518.898
29823	16752.545
1766	16913.889
6160	16986.844
38827	16981.658
69159	16924.096
29641	16857.47
1921	16804.1
6599	16781.066
38238	16791.248
73080	16818.486
31973	16851.342
1868	16860.94
6546	16833.064
39746	16768.33
69743	16677.602
29691	16592.244
1856	16530.484
6453	16511.564
39357	16543.244
69355	16614.396
29114	16710.398
3026	16791.354
6603	16827.955
38951	16804.092
68073	16721.486
27797	16615.92
1488	16527.223
6482	16513.576
38877	16632.92
67874	16923.393
27599	17403.713
1655	18038.488
6286	18764.924
39192	19493.805
71186	20120.766
27637	20560.94
1208	20736.84
6306	20619.117
39074	20224.615
67829	19612.277
26954	18880.064
1449	18126.61
6834	17452.121
39331	16933.0
68286	16606.04
27426	16477.713
2625	16500.018
6951	16609.65
39531	16734.824
67915	16809.793
26228	16801.79
1369	16691.07
7039	16495.797
39508	16259.928
67536	16036.525
25844	15887.2
1351	15840.631
6759	15911.463
42656	16087.071
68636	16331.401
25603	16604.482
1305	16845.559
7180	17012.451
39736	17080.594
67394	17045.549
25283	16935.408
1249	16775.83
7456	16609.168
40224	16474.943
66818	16399.807
24885	16404.896
1924	16475.56
7393	16593.082
40196	16729.385
67456	16852.89
24656	16948.842
1151	16992.213
7467	16982.135
39904	16928.803
66787	16847.863
24425	16768.854
1069	16701.514
10356	16660.154
42844	16652.492
66804	16677.615
23469	16738.596
750	16817.523
7257	16904.791
39634	16991.459
66196	17069.857
23204	17142.867
1566	17198.336
9553	17234.508
40756	17249.635
64393	17240.885
24848	17215.742
1041	17167.959
7618	17105.36
39958	17039.174
65882	16982.326
22669	16959.67
619	16974.336
7584	17037.69
40019	17152.02
65613	17309.15
22543	17502.576
443	17701.162
8629	17882.457
40798	18025.332
65805	18112.9
22030	18147.32
473	18121.545
7651	18048.117
40293	17943.055
65492	17823.5
21599	17713.098
418	17610.443
7856	17518.781
39448	17433.803
63882	17345.672
22838	17253.889
266	17143.752
7758	17017.97
40604	16884.684
65496	16757.178
21302	16660.518
241	16599.309
8089	16585.19
41809	16619.21
67129	16691.5
21813	16794.2
573	16895.096
8933	16974.062
42368	17014.178
66828	17006.309
21539	16962.525
11	16883.82
7931	16792.098
41117	16709.553
65549	16654.967
20679	16647.652
399	16678.852
7981	16741.559
39327	16818.55
67814	16886.244
21465	16934.434
-92	16939.582
7963	16900.748
40671	16826.041
63938	16731.055
19468	16645.986
-227	16582.72
8930	16559.734
44935	16583.213
64666	16649.535
19185	16753.238
379	16862.531
8048	16957.258
40719	17017.545
63073	17030.412
18596	17001.426
-403	16927.625
8189	16825.227
41214	16712.955
63849	16608.035
18834	16532.19
-380	16480.73
7651	16455.236
42004	16448.518
66899	16449.9
18981	16460.059
-453	16462.85
8476	16461.201
42025	16460.56
63945	16469.27
18436	16504.756
-486	16561.672
8703	16641.982
42475	16737.637
64208	16833.912
19694	16920.814
663	16969.459
8768	16969.426
42794	16915.076
63950	16810.867
18078	16679.361
-669	16531.121
8455	16391.4
41862	16281.473
62758	16215.021
17754	16203.924
-683	16229.773
7774	16279.573
44996	16330.903
63032	16363.164
16986	16367.685
-739	16324.858
8249	16240.107
41012	16125.339
60944	15999.293
16431	15891.247
-737	15808.971
8218	15768.531
41183	15773.644
60171	15818.814
16796	15897.908
-214	15981.045
8506	16052.478
42135	16095.615
61608	16100.126
16609	16071.774
-703	16001.986
9036	15903.958
43179	15790.758
63718	15675.697
17436	15578.787
-611	15497.579
12412	15440.607
46451	15411.357
63167	15412.595
17089	15453.248
-658	15522.369
9537	15623.133
44254	15752.556
63036	15906.472
16906	16084.717
-681	16264.152
9389	16433.842
43847	16577.74
59679	16683.111
16589	16747.3
-586	16755.387
9697	16713.838
44281	16630.873
61957	16520.7
16035	16406.602
-817	16289.807
9311	16184.59
43422	16094.887
61699	16020.461
15846	15964.823
-34	15910.711
12314	15857.45
44736	15804.555
61632	15756.752
15698	15729.946
-520	15721.985
9666	15744.415
44451	15798.218
61581	15878.755
15718	15979.71
-258	16068.293
9810	16124.252
43331	16124.189
60609	16053.311
17094	15915.524
-363	15710.806
9643	15467.806
44255	15219.865
60806	15006.456
15015	14868.887
-391	14819.687
9902	14871.246
44396	15012.238
60069	15216.995
14612	15455.3955
-443	15674.585
9760	15842.745
43906	15934.801
59646	15944.455
14255	15889.775
-371	15784.934
9876	15668.687
44154	15574.428
59405	15530.637
14425	15558.207
-137	15642.437
9834	15769.292
42051	15908.037
62473	16023.901
15130	16094.999
-236	16090.254
9984	16009.936
44273	15865.057
58743	15681.114
13650	15497.531
-386	15335.438
11186	15224.088
52801	15172.016
60591	15178.834
13332	15233.663
-406	15296.81
10024	15342.238
43859	15341.412
57684	15277.746
13233	15154.56
-91	14971.583
10039	14754.765
43779	14531.611
57252	14332.231
13154	14187.064
-62	14098.579
9222	14075.149
44236	14108.097
59532	14184.8
13140	14297.383
73	14421.131
10336	14554.056
44377	14694.803
57099	14850.251
12659	15035.88
137	15247.149
10601	15490.888
44783	15758.622
57366	16035.4795
13864	16304.102
1147	16525.15
10944	16677.535
45481	16739.512
57814	16703.15
13001	16579.297
318	16373.41
11232	16116.6045
46013	15839.728
58334	15576.243
12958	15359.742
429	15195.842
11389	15096.048
50748	15053.105
59517	15057.251
12989	15098.302
521	15147.452
12238	15196.95
47334	15237.978
58394	15271.356
14213	15307.885
7334	15341.946
22454	15385.933
56951	15443.224
60386	15517.152
13842	15608.3
1207	15694.726
12221	15769.046
46946	15816.24
57326	15827.605
12189	15805.064
684	15736.419
12014	15634.858
46114	15511.711
56316	15384.716
11693	15276.844
724	15190.721
15343	15140.865
48667	15129.528
55934	15155.797
11540	15214.693
770	15280.488
12331	15341.618
46803	15378.649
56218	15379.545
11717	15342.116
1056	15254.051
12676	15128.246
46766	14977.421
53614	14823.866
11905	14694.272
961	14596.72
12814	14550.153
47196	14556.907
55733	14613.367
11135	14709.91
848	14811.388
12956	14899.171
47735	14949.346
55970	14950.239
11092	14905.968
2016	14816.376
17203	14710.622
48365	14619.908
55616	14579.824
10800	14623.799
876	14755.183
13272	14976.801
47740	15265.008
56366	15583.911
18011	15888.939
7263	16118.783
23989	16235.114
57310	16209.78
57969	16041.228
12375	15752.272
1006	15369.212
13991	14947.774
49508	14539.591
56593	14195.671
11015	13954.482
3081	13819.401
20719	13790.215
50996	13844.57
56831	13952.71
11064	14086.143
1178	14204.102
15119	14292.621
50509	14342.369
56972	14360.354
10998	14364.245
1120	14357.182
15131	14355.466
51516	14361.535
57927	14376.566
11610	14399.672
1296	14411.846
15981	14413.516
50548	14404.424
61575	14395.487
12659	14409.288
1520	14451.65
16953	14540.987
54393	14678.612
60314	14856.576
12259	15057.1455
1568	15236.566
17348	15364.963
54491	15412.811
59767	15373.391
11624	15266.749
1315	15121.201
17218	15002.009
54031	14976.707
58957	15113.303
11396	15461.439
1152	16021.131
16381	16765.635
51218	17620.36
61928	18482.244
19809	19236.242
7096	19758.09
25143	19964.076
61411	19807.484
60918	19300.744
10534	18510.367
989	17527.701
15814	16485.406
51586	15510.382
54944	14715.037
9662	14177.812
1007	13914.825
15835	13912.14
51964	14109.351
55019	14428.623
9827	14787.304
1124	15097.525
15964	15310.499
52070	15397.433
55151	15363.11
9613	15235.215
946	15037.199
17389	14809.4
57921	14578.239
56777	14368.411
9669	14194.454
997	14048.746
16011	13938.35
56968	13862.872
56668	13834.573
9728	13868.22
1151	13961.49
17411	14120.748
53997	14331.913
57529	14572.957
13295	14811.01
1481	14993.746
17698	15088.051
55063	15068.358
56231	14941.048
10925	14742.325
1811	14520.67
18565	14357.708
55799	14329.789
57279	14505.535
10215	14924.864
1313	15567.496
18773	16385.14
56108	17282.213
56827	18146.145
9453	18862.295
1071	19320.293
21003	19463.656
57668	19279.748
55959	18816.596
9423	18163.17
1304	17424.04
19156	16722.268
55671	16153.723
55382	15785.119
9513	15637.763
1393	15673.407
19257	15834.173
55941	16036.452
53549	16206.702
10019	16289.924
1495	16249.375
19653	16097.689
56717	15869.569
55581	15626.46
9337	15432.576
1642	15325.671
20209	15337.493
56856	15465.06
55225	15689.516
9104	15976.454
3284	16273.14
24378	16549.127
56946	16782.78
54364	16976.47
8649	17146.238
1374	17300.268
19433	17457.326
55716	17615.525
53386	17764.162
8406	17875.91
1374	17902.145
19503	17813.658
53932	17591.195
52221	17251.154
9111	16842.498
1321	16431.566
19262	16118.351
55138	15995.215
51604	16142.863
8254	16598.742
2288	17336.826
19914	18290.21
55767	19335.373
51492	20326.902
7543	21112.957
1641	21551.543
19857	21562.863
55983	21120.234
51949	20272.496
7911	19126.518
1539	17819.783
20394	16518.852
56671	15370.272
52109	14493.669
7890	13955.561
1614	13753.286
20379	13847.703
54108	14154.75
53658	14579.272
8138	15029.177
1704	15418.794
20834	15707.83
56753	15881.579
51238	15961.688
7533	15986.955
1781	15990.398
21014	16012.562
56933	16070.936
51079	16173.606
7383	16309.798
1646	16446.463
21505	16562.912
57278	16636.248
51053	16664.014
7459	16654.49
1772	16616.41
21604	16577.4
58053	16556.914
51074	16576.342
7515	16642.729
1859	16738.812
20381	16851.61
57686	16953.754
52229	17028.25
7331	17063.05
1915	17045.152
21808	16988.547
57398	16909.082
50097	16835.826
7193	16795.668
1816	16796.674
21773	16849.355
57450	16942.752
49035	17063.443
6319	17187.16
1748	17277.434
21544	17314.986
56687	17284.543
48607	17190.709
6463	17047.717
1972	16870.205
22357	16689.69
57785	16528.533
49029	16411.525
6650	16349.941
1877	16334.197
21017	16360.703
60198	16411.195
49416	16476.148
6503	16547.537
2014	16612.242
22695	16678.076
58325	16750.07
49211	16844.14
6829	16970.242
2066	17121.61
23103	17296.64
59386	17475.854
49933	17641.207
9275	17765.922
2576	17815.432
23975	17774.951
60247	17632.953
49900	17400.316
6828	17098.217
2413	16746.047
24382	16385.309
60168	16049.826
49399	15776.435
6470	15586.957
1766	15480.146
25566	15455.251
61529	15492.817
48721	15574.972
6206	15675.954
2177	15762.9
23736	15823.982
59524	15847.875
48353	15841.244
6083	15813.69
2146	15769.994
23848	15730.484
59503	15705.048
45857	15708.054
6169	15742.481
1893	15794.959
22984	15860.819
58943	15927.161
46456	15989.25
5338	16039.369
2100	16065.906
23221	16075.691
58183	16070.084
45525	16061.995
5064	16058.987
3920	16058.222
27600	16067.636
59279	16085.027
46097	16113.395
5227	16147.83
2211	16174.093
24237	16191.783
60147	16194.235
46783	16187.531
5334	16174.654
2291	16152.198
24710	16131.257
59271	16115.288
47563	16115.391
6228	16133.437
2366	16162.202
25221	16204.012
61546	16250.54
47524	16302.902
5503	16353.967
2435	16391.045
25629	16416.027
61929	16424.78
47581	16425.17
5482	16420.727
2638	16407.096
25749	16392.285
61534	16376.731
46654	16367.931
5101	16364.167
2296	16353.676
25067	16335.5
61080	16300.123
45610	16248.474
4645	16176.455
2278	16075.477
24408	15954.627
57698	15819.604
46432	15687.542
4563	15572.969
2143	15482.359
24384	15433.669
60582	15432.06
45091	15485.384
4858	15587.805
2466	15720.096
25417	15870.098
60928	16014.87
44896	16141.749
4924	16235.148
2934	16279.498
25296	16280.6045
60344	16245.054
44102	16196.148
4350	16154.022
2560	16133.124
25391	16155.346
60314	16228.058
43567	16358.548
4223	16536.633
2499	16737.424
23987	16943.783
61720	17128.393
45728	17277.553
4388	17377.58
2671	17416.805
25852	17405.691
60754	17354.287
43950	17285.713
4441	17218.434
2652	17160.709
25888	17126.502
61019	17114.068
43484	17124.053
4883	17143.635
2957	17151.89
25931	17140.562
60376	17097.54
42449	17026.045
3890	16928.166
2771	16804.732
25796	16670.717
59809	16533.826
41625	16408.604
3738	16296.892
2420	16190.814
24578	16090.201
62661	15984.482
41639	15876.921
3499	15765.034
2610	15647.305
26046	15539.033
61136	15451.6
42466	15407.914
4141	15419.743
2985	15487.665
27420	15614.335
62219	15785.208
43199	15987.042
6926	16191.918
3186	16367.342
27417	16494.303
61880	16554.791
41644	16551.752
3921	16492.219
2991	16387.115
26958	16266.653
60913	16155.637
40426	16085.908
3413	16072.701
2071	16117.284
27570	16219.944
61381	16364.439
39254	16538.312
3218	16716.672
2884	16873.182
26453	16997.406
60028	17078.889
38819	17124.945
3138	17139.68
2998	17127.748
26695	17105.088
59308	17078.154
36615	17059.115
3603	17043.857
3007	17021.744
26876	16988.623
59840	16932.139
38623	16851.871
4216	16740.49
3146	16593.113
27234	16420.793
59868	16231.859
37756	16047.682
3054	15880.624
4536	15739.136
29841	15638.943
60080	15585.43
36896	15588.229
2615	15641.395
2781	15732.352
26171	15854.476
63980	15989.523
37629	16130.919
2748	16260.136
2959	16358.331
26553	16419.322
57201	16434.35
36576	16408.568
3077	16342.837
3045	16241.297
27026	16121.334
59141	15995.652
35548	15888.119
2786	15807.789
3139	15760.019
27518	15753.676
59654	15784.581
35716	15853.275
2655	15945.001
3275	16041.812
27944	16135.193
59861	16212.438
35412	16274.747
2621	16316.342
3325	16334.808
28163	16338.726
59848	16332.159
34921	16327.641
2548	16323.446
3284	16314.326
27639	16301.157
57828	16276.426
36708	16240.681
2629	16186.489
3283	16108.069
28098	16012.473
59803	15903.933
34481	15798.4375
2456	15701.269
3281	15617.079
28046	15556.077
59228	15518.015
33374	15508.979
2486	15520.111
3619	15541.909
27801	15574.631
58738	15614.438
32654	15671.164
3443	15745.016
9394	15838.942
39983	15962.666
70058	16118.611
36224	16314.775
2613	16537.38
3635	16766.059
28812	16982.305
63993	17157.025
35905	17274.408
2732	17311.268
3885	17254.072
31536	17108.627
67676	16885.822
36383	16619.354
2971	16337.174
4029	16068.495
31598	15845.343
63207	15684.686
34911	15601.564
4096	15584.199
4746	15610.578
32832	15657.58
64328	15693.969
35605	15702.165
3348	15660.716
4791	15559.9795
33471	15410.564
64829	15229.068
35576	15049.499
3411	14894.495
4465	14784.317
33052	14737.762
67685	14755.939
35436	14840.325
3363	14968.063
4893	15112.285
34187	15252.425
65670	15366.746
35603	15452.134
3680	15501.621
5471	15518.975
35433	15520.641
66964	15519.879
37426	15537.695
6794	15574.7
5746	15625.811
36066	15682.454
67664	15725.119
37670	15742.91
10523	15714.068
12816	15625.278
46694	15479.6045
79525	15286.169
40016	15076.043
4139	14868.366
4524	14683.625
36810	14541.829
68403	14449.545
35350	14413.824
3728	14417.746
5981	14441.104
37063	14468.564
67130	14484.571
35061	14492.067
3671	14488.783
5879	14482.473
36700	14490.016
67046	14522.36
34355	14594.43
4576	14695.905
6105	14808.44
37788	14909.502
69230	14968.671
37548	14971.141
4423	14898.34
6432	14750.333
38588	14551.166
69818	14335.411
36551	14156.701
4113	14052.006
8648	14047.07
41686	14151.309
69964	14344.3545
35894	14590.998
3864	14824.167
6428	14975.071
38415	14990.325
68605	14837.917
34484	14532.197
3503	14111.316
6142	13650.32
37391	13249.847
65846	13009.076
34986	13018.853
3796	13320.377
6009	13909.551
37399	14735.607
67440	15699.986
38746	16686.918
9674	17559.67
12041	18204.49
46619	18548.223
76451	18565.314
36493	18295.635
3921	17808.11
7486	17204.639
39983	16600.059
70358	16092.115
35018	15758.555
3764	15620.843
6929	15662.141
40308	15834.493
71338	16067.889
35401	16300.46
3788	16468.572
7106	16537.492
40106	16505.666
69657	16394.664
37138	16253.462
3861	16122.293
6973	16036.779
40288	16019.105
70880	16067.724
34424	16173.105
3464	16298.859
6773	16411.658
39993	16488.926
70136	16519.611
33623	16520.924
3516	16507.559
7394	16504.607
40265	16536.262
70340	16610.986
33374	16731.518
3264	16868.059
6921	16985.64
40580	17050.904
70306	17040.83
33458	16966.654
3261	16852.55
6944	16754.271
40141	16747.5
75128	16906.4
35619	17302.344
3258	17956.531
7154	18848.826
43862	19911.664
79550	21031.438
38419	22081.76
4206	22916.678
8068	23414.852
43231	23499.682
73611	23149.416
35041	22416.527
5408	21389.266
8251	20201.541
41998	19002.324
71693	17926.906
33294	17089.611
3545	16542.348
7871	16289.699
41553	16292.433
70699	16476.51
32180	16765.004
3125	17069.04
7347	17325.377
41172	17500.688
73253	17588.996
31949	17622.355
3049	17629.97
8084	17649.89
41434	17713.623
70070	17835.033
31093	18021.672
2990	18249.432
8213	18491.236
42484	18719.049
72921	18906.686
32624	19048.191
4519	19129.143
8968	19148.12
42922	19106.555
71194	19002.115
31721	18839.852
3523	18606.135
8990	18292.926
42634	17902.117
71256	17446.744
31285	16969.613
3341	16515.639
8562	16151.111
45858	15947.484
73132	15968.064
31298	16265.466
3286	16841.191
9223	17662.717
43309	18656.807
71784	19715.113
30637	20722.65
2951	21547.795
8953	22087.225
42935	22276.568
70457	22099.068
29713	21601.03
3931	20858.127
9375	19987.291
43519	19115.91
70949	18359.53
29884	17816.982
2982	17526.992
9373	17490.918
43508	17668.41
70607	17985.984
29066	18365.514
2755	18711.414
11500	18954.889
46241	19055.621
70586	19004.389
28682	18831.656
2754	18573.037
9844	18283.635
44063	18017.273
70581	17815.207
28544	17709.94
2687	17695.166
9827	17753.553
44524	17854.37
69695	17960.246
30556	18045.205
3016	18076.963
10220	18044.635
45531	17952.5
72391	17817.291
29218	17675.998
2811	17550.992
10779	17473.82
46468	17470.03
73340	17555.645
30046	17746.775
3070	18031.953
13483	18398.36
48248	18826.693
74282	19290.734
30016	19770.646
3085	20227.314
11391	20630.055
47879	20949.38
74581	21160.67
29846	21255.354
2662	21216.164
11248	21045.486
46824	20756.08
73076	20372.621
31481	19937.477
2984	19481.938
11685	19048.555
48583	18674.07
74779	18384.508
29723	18201.336
2742	18113.156
11696	18103.682
48314	18144.832
73929	18202.486
29014	18252.828
3118	18261.736
12429	18216.07
48910	18116.826
74481	17978.873
30629	17837.557
3644	17716.75
12689	17648.041
50211	17653.365
74992	17742.203
29356	17917.13
2809	18147.746
12488	18400.742
48161	18637.934
77940	18821.225
31688	18932.912
3173	18952.14
12903	18884.062
50495	18750.086
74186	18583.225
28401	18430.348
2585	18319.297
12894	18276.936
50845	18314.2
75001	18424.885
29408	18595.773
3920	18784.867
13833	18955.564
51897	19073.059
75903	19112.922
30081	19073.928
3358	18953.994
13618	18772.523
51986	18557.61
75609	18340.875
29093	18159.172
2901	18023.371
12713	17940.738
51093	17906.229
77085	17906.834
29005	17934.268
3144	17962.338
13971	17981.242
52264	17986.771
75424	17982.4
29471	17985.973
3451	17999.844
14417	18033.84
53399	18090.498
76158	18165.178
29775	18253.746
4885	18328.736
15024	18372.428
53014	18369.283
79641	18311.258
32391	18210.78
4163	18073.77
15150	17922.219
54711	17781.951
76957	17677.887
30087	17636.143
3961	17654.785
14516	17730.918
57354	17848.904
76713	17990.31
31734	18142.21
10006	18278.512
16076	18394.336
54207	18490.8
74940	18579.516
29072	18684.883
4031	18813.74
15393	18978.074
54193	19178.166
73553	19404.531
29088	19643.617
5240	19858.422
15794	20021.904
54617	20110.146
74886	20111.807
29951	20037.473
5101	19893.246
17239	19708.918
56503	19518.508
76901	19356.404
30789	19256.354
4783	19220.908
18449	19250.18
60411	19329.197
78483	19435.49
32221	19548.672
6508	19634.332
18736	19677.193
58321	19670.822
77573	19623.08
31619	19557.676
6123	19486.264
18641	19430.809
57853	19405.957
74273	19420.477
30991	19479.104
6051	19563.037
18669	19659.63
58136	19753.541
76099	19835.46
30309	19908.727
5949	19964.852
19114	20012.648
58147	20059.52
76503	20112.514
30620	20180.156
6703	20247.133
23056	20302.355
59942	20330.506
78031	20318.248
34217	20264.254
7318	20160.387
20595	20020.098
60106	19863.967
78014	19721.256
31303	19628.264
7014	19598.58
21032	19645.615
59293	19766.207
76308	19944.385
32500	20158.434
8493	20364.354
25144	20529.512
61853	20628.008
78393	20648.582
31221	20600.43
7327	20490.39
22023	20346.498
61463	20197.174
78556	20069.723
31279	19989.355
8545	19951.871
23189	19953.637
61601	19979.898
79471	20014.285
32116	20050.098
7820	20070.941
22993	20081.615
62288	20093.287
78151	20126.152
30771	20207.0
7569	20339.809
23130	20529.402
59867	20765.084
80262	21024.12
31641	21283.73
7758	21501.67
23694	21652.902
62374	21722.525
77711	21713.752
30273	21652.793
7745	21562.602
23936	21483.105
63013	21448.182
77623	21482.697
28976	21600.041
6150	21776.002
24238	21979.693
62704	22166.104
77391	22289.748
29814	22318.164
7801	22218.49
24347	21989.438
63018	21650.307
76726	21241.451
29365	20819.994
7891	20428.258
23831	20114.145
62470	19908.137
78539	19824.39
29281	19865.873
7927	20003.248
24757	20211.578
63059	20462.248
76155	20732.578
28676	21014.344
7806	21291.09
25105	21565.973
63404	21842.307
75708	22124.07
26929	22415.021
7529	22693.8
26391	22945.574
67993	23148.604
81462	23284.79
31594	23347.324
8294	23321.666
26203	23214.88
64793	23042.871
76489	22830.338
28338	22608.787
7995	22390.232
25421	22193.426
67878	22025.334
76504	21890.12
27928	21790.877
8047	21713.373
26175	21659.559
64081	21634.262
74768	21650.482
26984	21729.293
7642	21874.004
26103	22094.236
63953	22386.34
73212	22735.607
26679	23117.094
8154	23480.223
26236	23784.783
64423	23992.873
74117	24082.453
26481	24055.584
7583	23917.197
26614	23705.457
64481	23469.254
74313	23262.69
26329	23136.865
7172	23110.94
27291	23195.242
67051	23374.61
74113	23618.756
26219	23888.752
7649	24128.342
27123	24302.566
64873	24389.611
73334	24390.104
25463	24326.783
7252	24219.88
26923	24108.236
64399	24025.172
70605	23995.92
25179	24031.729
9392	24111.902
39179	24213.674
76231	24308.324
81916	24370.4
28911	24386.672
7681	24339.457
28058	24239.305
66199	24106.412
73752	23970.648
25586	23865.002
8250	23799.8
32031	23786.094
67381	23820.96
74110	23891.184
25511	23978.86
7271	24048.725
28149	24082.629
66490	24068.395
73019	24008.457
24626	23918.541
7009	23804.111
28098	23686.756
65050	23583.945
71290	23508.969
25196	23468.846
6883	23449.262
28269	23443.805
66710	23443.482
72319	23446.254
23889	23455.742
6785	23467.6
28139	23492.525
66609	23536.598
71890	23606.88
23557	23703.326
7912	23801.238
29054	23881.615
66356	23920.232
71351	23899.637
22785	23814.244
6410	23658.855
28301	23456.7
67029	23243.0
71949	23065.871
23526	22975.137
6681	22996.562
29082	23150.043
65478	23431.402
74276	23814.977
25674	24259.934
14279	24698.46
42786	25075.47
79544	25346.885
81966	25489.531
27971	25504.523
7528	25400.2
31113	25211.088
70797	24977.166
74756	24739.61
23912	24531.168
6280	24355.06
31116	24210.646
71028	24084.55
74396	23962.14
23995	23832.4
6876	23678.977
30526	23506.629
69991	23329.11
72905	23169.809
23147	23052.77
6763	22980.691
29491	22956.016
69075	22965.844
73861	22990.588
22941	23009.578
6709	22991.85
30233	22930.588
68909	22834.38
70984	22731.277
21994	22663.521
6444	22660.744
30474	22753.176
69538	22949.55
71121	23234.213
21594	23564.445
7418	23862.305
31459	24055.35
70844	24079.62
72201	23902.988
22646	23535.979
6798	23021.521
31786	22454.191
71079	21954.01
72128	21647.682
22705	21643.041
6911	21989.467
31588	22688.336
75716	23674.2
75463	24832.205
33630	26010.393
16238	27038.25
46800	27775.814
83309	28130.375
79407	28075.596
25815	27652.453
7399	26944.215
33351	26081.66
72623	25204.65
71133	24440.209
22873	23876.924
7754	23539.996
33642	23414.887
72499	23444.23
71362	23551.215
22163	23658.799
6927	23691.482
33268	23616.697
72114	23434.762
70538	23179.295
21669	22902.557
6202	22646.975
33413	22454.873
73594	22346.172
70156	22321.799
21458	22362.393
6831	22425.555
33398	22481.621
72100	22510.664
69650	22513.174
21210	22506.83
6879	22506.61
33926	22538.334
72306	22614.41
67824	22731.617
22494	22863.068
8076	22953.523
34313	22953.54
72915	22822.469
69527	22551.36
21078	22169.66
6876	21735.072
34297	21351.889
72751	21139.613
68993	21215.47
20499	21664.148
8184	22503.61
38910	23695.984
73615	25137.049
68648	26672.557
19774	28120.281
6499	29289.125
34362	30034.875
72624	30271.805
68126	29993.793
20051	29268.848
6687	28214.537
34875	26996.643
72031	25786.404
67212	24735.318
20735	23948.197
6762	23461.113
34982	23263.0
73746	23294.512
67829	23473.938
19569	23710.45
6674	23916.309
35403	24040.04
73883	24058.838
67445	23982.104
19613	23836.82
7579	23645.463
36546	23438.148
74612	23233.383
67392	23043.281
19221	22870.965
6654	22707.268
36046	22557.889
74529	22435.406
66849	22365.775
19141	22375.797
6657	22475.367
35905	22669.404
71939	22939.383
68309	23246.48
19608	23534.705
6668	23730.984
36266	23784.025
74780	23669.371
66286	23408.902
18599	23068.363
6555	22744.453
36325	22567.709
74963	22666.209
66072	23144.441
18222	24050.693
6883	25351.014
36879	26945.82
75115	28668.195
65775	30314.797
17609	31672.38
6233	32547.076
36409	32816.113
74865	32440.504
65471	31475.654
17727	30060.686
6293	28383.637
35714	26668.97
74808	25126.455
70704	23923.172
19526	23157.38
6423	22836.389
37003	22903.58
75529	23245.098
64717	23722.246
17070	24196.234
6251	24544.42
37038	24699.367
75550	24644.092
63871	24415.031
17449	24080.273
7383	23714.23
37534	23397.754
75413	23188.998
63361	23120.523
16278	23189.244
6008	23354.275
36849	23566.531
74786	23771.6
62576	23928.17
15739	24009.111
5871	23999.457
35581	23915.348
77606	23784.832
63513	23650.727
15761	23550.412
6354	23503.137
37473	23525.23
75396	23615.598
62781	23765.732
15750	23954.637
6331	24147.29
38051	24319.203
76304	24448.197
62556	24524.887
18099	24543.31
6989	24497.232
38206	24395.75
76124	24250.486
61903	24080.955
15053	23904.871
5918	23728.367
37450	23567.516
75188	23432.533
61542	23334.596
15326	23278.9
5735	23257.314
38919	23267.918
79518	23303.596
61754	23361.438
15213	23432.875
6403	23502.441
37984	23567.908
74897	23628.139
59634	23689.113
14524	23753.525
6392	23815.9
38164	23879.293
74649	23942.203
59043	24005.072
18681	24060.307
7173	24094.21
38875	24102.814
75948	24083.275
59950	24042.469
14652	23986.336
6745	23915.178
39138	23841.525
75930	23774.77
59349	23726.912
14254	23700.957
8303	23687.705
43376	23684.574
76453	23687.395
58767	23696.826
13798	23710.719
6582	23722.193
38778	23736.654
75174	23757.64
57802	23792.96
13611	23841.172
6683	23888.91
39060	23928.055
73406	23946.352
56907	23936.123
14369	23888.457
6987	23795.393
39578	23667.693
75748	23523.826
57671	23394.824
13171	23306.666
6663	23277.129
39363	23321.854
76300	23444.465
57893	23636.805
13763	23873.277
9133	24112.293
42106	24319.793
76696	24464.65
57506	24530.447
13519	24509.682
7424	24404.564
40638	24239.36
76213	24045.072
56423	23859.002
13018	23706.676
7108	23596.553
39756	23533.186
72249	23507.666
56418	23505.242
12631	23503.498
7016	23476.07
39701	23413.438
74019	23315.293
53612	23196.146
11936	23070.725
6978	22952.045
39864	22859.486
74324	22804.412
53477	22794.33
13158	22821.025
10015	22865.24
41358	22915.69
75264	22961.93
53898	23004.555
12250	23044.766
7593	23085.75
41288	23140.75
75891	23220.533
54121	23334.742
12354	23475.72
7940	23620.574
40646	23747.229
77991	23828.473
56140	23846.857
12249	23788.36
8016	23648.342
42228	23447.375
76767	23218.697
54076	23007.51
12022	22853.307
8137	22780.576
42314	22805.643
77118	22922.51
54235	23110.318
14378	23325.355
9979	23513.6
43580	23632.957
78103	23653.389
54129	23570.361
12491	23394.53
8899	23151.924
43798	22889.008
78036	22654.951
53681	22496.904
12298	22438.066
8708	22477.316
42774	22601.035
81193	22777.209
53833	22973.32
12136	23149.006
8939	23270.441
44018	23327.633
77958	23326.729
52803	23293.943
12054	23255.328
9189	23233.252
44386	23249.48
78363	23310.49
52618	23411.752
14656	23525.258
9944	23612.89
45161	23642.621
79264	23589.451
52987	23448.113
12242	23223.467
9818	22931.988
45255	22611.283
79010	22302.953
52378	22050.717
12027	21878.846
9004	21794.104
46021	21793.912
80400	21861.73
51744	21978.838
11788	22115.25
10064	22243.41
45575	22352.701
78462	22442.203
50993	22525.82
11061	22613.717
9391	22713.691
44569	22836.2
77329	22981.906
49718	23147.004
12773	23309.484
10534	23441.46
46393	23522.203
79408	23535.203
51047	23478.607
11813	23351.389
10928	23157.748
47164	22918.287
80241	22655.209
51244	22394.498
11926	22147.818
11503	21919.184
50285	21713.918
81488	21534.215
51543	21386.41
12229	21268.23
12028	21178.945
48834	21126.87
81906	21120.027
51916	21170.512
12369	21274.89
12396	21420.951
49349	21595.496
81199	21778.625
53118	21952.92
13153	22093.654
12471	22181.234
49470	22212.707
82123	22195.61
50929	22154.719
11983	22108.545
12371	22076.883
49512	22081.217
82253	22132.102
50815	22234.043
11875	22369.025
15389	22508.664
51406	22629.744
83117	22710.95
51123	22746.193
11961	22731.217
12782	22674.455
50688	22600.14
83392	22537.875
51139	22521.418
11684	22565.168
12611	22669.693
49801	22827.354
88398	23015.008
60513	23208.775
14984	23375.19
13929	23483.72
52238	23521.54
85105	23490.242
51421	23411.654
12194	23305.342
13553	23196.13
51938	23111.17
84428	23067.783
50568	23077.023
13285	23124.95
16685	23187.195
52390	23241.389
84903	23265.418
50521	23252.22
11762	23195.514
13806	23102.4
52285	22994.32
84724	22899.883
50001	22852.611
11604	22866.262
13756	22942.033
51175	23072.56
86498	23235.93
51649	23409.873
11438	23559.031
13937	23653.045
52765	23678.604
85135	23635.592
49351	23543.82
11388	23422.904
14171	23296.766
53165	23192.127
85214	23126.662
49319	23112.812
12403	23137.53
15003	23178.086
53294	23210.738
85184	23211.188
48931	23167.938
11161	23068.355
14305	22912.227
52772	22715.627
84114	22502.918
47471	22308.72
10079	22153.512
14099	22052.504
58494	22016.152
93788	22045.896
55599	22143.438
12976	22292.71
14936	22475.352
53213	22678.451
84254	22889.82
47070	23106.738
10683	23316.186
14669	23507.553
53087	23675.906
83438	23816.389
49329	23931.502
13773	24014.818
15081	24066.457
52556	24095.156
82445	24113.562
44981	24143.102
10028	24192.83
14879	24267.092
52749	24368.65
82984	24489.85
44960	24621.066
10028	24733.76
13949	24800.896
54284	24804.012
85068	24735.785
45256	24611.098
10336	24446.23
15738	24271.898
54214	24127.928
84319	24049.787
45513	24068.9
10551	24184.227
16170	24375.5
54755	24607.23
84478	24831.43
45228	25005.709
11844	25084.518
16435	25046.62
55182	24901.484
84709	24685.834
44713	24465.738
10174	24302.525
15904	24256.371
54064	24373.46
83195	24668.945
43163	25129.736
11144	25695.654
23994	26285.096
64140	26813.48
91442	27203.826
51563	27408.73
11881	27402.193
16099	27197.37
54034	26843.305
82134	26410.938
41962	25984.684
9439	25625.582
16251	25376.836
54304	25256.377
81912	25252.357
44254	25335.54
10379	25451.543
16933	25549.914
55834	25595.428
84462	25571.732
43244	25491.236
10129	25367.473
17322	25229.484
56288	25108.986
84541	25028.322
44243	25002.12
13898	25015.4
21126	25047.082
58116	25075.691
85198	25083.416
43035	25070.334
9896	25036.12
17609	24997.188
57117	24978.143
84726	25002.334
42348	25087.963
9766	25220.904
18738	25372.438
60739	25502.129
84536	25566.178
44286	25533.22
9786	25378.953
18016	25111.646
57799	24773.79
85326	24434.176
42129	24181.514
9568	24085.994
18290	24201.701
58287	24548.654
85103	25102.701
43864	25803.13
20459	26541.016
30918	27201.148
67977	27679.479
92861	27900.201
52169	27837.328
12276	27502.666
19385	26955.818
60061	26289.459
86881	25609.3
42289	25018.148
9643	24575.832
19399	24308.297
59162	24203.646
89298	24215.871
44166	24288.643
9502	24349.178
19362	24344.432
60456	24250.102
86859	24072.375
41639	23849.242
9291	23619.764
19478	23429.793
60563	23315.959
86343	23294.96
40521	23367.586
8123	23500.346
19442	23655.604
60207	23800.383
85551	23914.082
40175	24000.81
8613	24067.908
19349	24139.098
60290	24242.17
85576	24394.654
39981	24600.74
8673	24825.777
19415	25022.055
60483	25135.115
88697	25117.082
40580	24951.459
8753	24640.443
20146	24232.602
61834	23813.857
86669	23489.865
40214	23373.002
8744	23534.887
20193	24007.564
61874	24766.766
88349	25729.2
38872	26772.203
8448	27730.95
19531	28451.316
60873	28813.232
85209	28752.096
38749	28278.143
8188	27450.654
20003	26387.65
61166	25241.566
84222	24166.008
37572	23294.928
7879	22701.594
19607	22413.271
63592	22407.174
83869	22624.389
36516	22991.062
7599	23417.35
19479	23837.719
59944	24213.523
81843	24532.627
36174	24809.86
7514	25052.26
19660	25271.93
60013	25470.828
81064	25637.11
35901	25753.145
8509	25783.582
19774	25710.898
60238	25537.574
81046	25290.758
35508	25025.287
7680	24791.17
20476	24644.934
61336	24626.898
81633	24746.586
35391	24981.615
7640	25260.059
20686	25498.418
63463	25614.145
81743	25550.074
35109	25296.553
7683	24882.596
20831	24399.705
61407	23979.922
81166	23771.1
34634	23909.588
7633	24467.934
20831	25456.52
60886	26805.78
78423	28372.104
35630	29962.02
7308	31348.178
20456	32330.781
61161	32767.26
80248	32599.672
33608	31868.04
7728	30684.111
21467	29234.738
61675	27739.494
80001	26409.191
33931	25414.084
8054	24837.518
24317	24689.588
62958	24905.58
80276	25363.986
33464	25919.828
7908	26416.113
22326	26736.094
62432	26815.22
80254	26649.338
33549	26291.35
8209	25814.662
23277	25316.807
62861	24888.521
79791	24595.78
35491	24472.607
8680	24500.44
24260	24638.826
64830	24830.666
82486	25018.99
34647	25163.701
8986	25230.428
24603	25220.19
65046	25156.318
81868	25077.396
34197	25030.32
10441	25037.941
26341	25118.312
64725	25271.52
80887	25480.682
33019	25721.303
8643	25947.145
24742	26124.826
64666	26229.873
80455	26252.902
32614	26202.666
8716	26082.836
25215	25914.822
62893	25723.26
82692	25530.26
33704	25359.738
8140	25212.346
24508	25092.719
64173	25001.334
79601	24935.45
31661	24896.764
8624	24870.938
25433	24852.562
64868	24837.549
79729	24820.938
30426	24801.164
6719	24759.344
26123	24687.234
65673	24580.043
79715	24438.74
31630	24274.473
8721	24087.924
26175	23893.395
65568	23708.248
79499	23550.34
31457	23437.975
9189	23367.01
26221	23337.576
65774	23343.457
82080	23375.13
31781	23427.494
8947	23479.844
27290	23526.21
67493	23565.148
80859	23602.172
32165	23650.895
9247	23708.72
28168	23781.346
68819	23870.01
82151	23972.104
31169	24084.52
10136	24183.223
29440	24254.809
69519	24287.94
82039	24277.506
32071	24227.727
9268	24134.635
29281	24007.918
69315	23861.76
80824	23711.887
31123	23576.096
9598	23452.088
28895	23345.365
73005	23257.21
81619	23191.184
30543	23153.602
8441	23135.857
28349	23142.377
68119	23176.447
79007	23244.066
29823	23353.62
9201	23493.057
30810	23653.586
72015	23824.08
82089	23990.393
32697	24139.467
11147	24244.082
33943	24293.33
77567	24284.227
89967	24225.057
36879	24138.25
12102	24034.426
36052	23937.604
78671	23872.055
88461	23858.324
34568	23913.008
9866	24026.586
32958	24191.293
75864	24393.016
82430	24617.447
30206	24852.541
8949	25072.508
31225	25267.578
71647	25432.975
79612	25569.545
29008	25683.383
8811	25764.676
32133	25813.615
72773	25828.781
78204	25810.074
29841	25758.828
8960	25663.47
31951	25527.318
72694	25358.848
80295	25173.992
28691	24995.707
8366	24830.594
31715	24696.27
72753	24604.809
79874	24562.932
28852	24571.17
9454	24606.11
37035	24649.482
75519	24682.969
81633	24691.38
29460	24668.023
8642	24596.994
33544	24483.848
75524	24340.727
82578	24187.764
29601	24049.594
9198	23932.52
34850	23849.203
75881	23806.303
81959	23806.062
31276	23847.328
9295	23910.68
34936	23985.922
77463	24064.105
83343	24142.727
29784	24223.953
9222	24298.326
34984	24368.578
77345	24437.113
82638	24508.691
29043	24589.12
10084	24666.889
35126	24741.133
75933	24811.572
79994	24882.729
27316	24963.479
8188	25049.055
33353	25145.773
74318	25258.006
77593	25390.758
25625	25545.672
7816	25704.068
32658	25854.271
69984	25982.941
76329	26079.299
24834	26139.81
7056	26152.537
31328	26124.928
70021	26071.273
71967	26013.771
23126	25974.932
7199	25959.963
33022	25976.812
74464	26021.484
76549	26082.564
24802	26140.89
7986	26158.121
36623	26108.875
79686	25976.262
82974	25761.947
29634	25487.541
9598	25179.209
38697	24885.92
81959	24666.64
86020	24583.92
36528	24692.209
11289	25016.398
38784	25565.451
83279	26321.133
88216	27243.492
32205	28274.25
10821	29325.844
40923	30314.395
85162	31160.545
86532	31801.16
31857	32194.932
10968	32309.113
41823	32144.098
86394	31723.203
86621	31093.822
30823	30319.127
11889	29454.953
42228	28568.465
86956	27721.455
88113	26970.057
33227	26357.81
12022	25897.42
44604	25590.705
89751	25424.473
91219	25375.47
36258	25413.127
13465	25489.277
45351	25566.36
94612	25613.701
89810	25619.693
32027	25586.402
10549	25515.242
41019	25427.615
82983	25350.893
79808	25317.334
26298	25354.701
8733	25466.225
38746	25652.441
80784	25900.127
78343	26189.547
27648	26494.275
10239	26773.703
40656	27001.367
82894	27159.232
79477	27245.3
26553	27271.139
8706	27242.957
38369	27184.81
75026	27123.41
75871	27084.143
30729	27086.342
11300	27129.836
54878	27210.873
103545	27320.59
109304	27448.475
64759	27582.977
32271	27705.287
69836	27801.492
108122	27865.145
107619	27893.28
61981	27885.312
33981	27833.355
69531	27733.621
107255	27585.803
98461	27393.916
46361	27162.41
18549	26888.34
54369	26576.22
97093	26234.816
90279	25879.355
33089	25525.014
12452	25169.83
48217	24816.63
93063	24463.375
87849	24108.883
31906	23750.014
13443	23371.43
53545	22969.75
94448	22552.36
87931	22139.592
32510	21761.05
13533	21439.877
50079	21210.348
94171	21103.367
87472	21146.684
32331	21355.637
13697	21718.703
49267	22219.656
91284	22833.086
84286	23532.219
31548	24289.348
13568	25068.99
51223	25849.506
96225	26615.713
90344	27362.031
36014	28081.422
16611	28753.816
51583	29361.912
98225	29882.598
93742	30296.21
45766	30584.973
18571	30732.852
50060	30744.008
88594	30640.94
78548	30466.627
27002	30273.227
12123	30103.977
48421	30002.277
89788	29994.305
80487	30086.105
29375	30256.56
13438	30453.596
47326	30626.662
82421	30732.604
75204	30748.387
26268	30680.264
11200	30558.158
44197	30451.145
81669	30444.285
71540	30620.459
25614	31032.176
12357	31677.893
46494	32508.24
81660	33417.777
71216	34260.016
25615	34866.977
13824	35074.684
45326	34775.277
83353	33932.797
74893	32601.137
28996	30916.502
14564	29072.365
48613	27300.332
88747	25821.271
81400	24805.754
33843	24335.736
17468	24380.002
49418	24815.523
87701	25442.19
78474	26028.191
40788	26352.594
40861	26251.018
85596	25674.79
109006	24706.893
108919	23545.346
73065	22483.22
49867	21854.584
102945	21978.969
116701	23115.016
126520	25384.26
120840	28751.043
81601	33030.9
101046	37903.113
89158	42964.71
89867	47762.67
101796	51864.992
66684	54940.957
89943	56783.93
79682	57344.977
76134	56702.297
53333	55049.09
11688	52660.77
5516	49848.9
-76229	46927.008
-92493	44122.277
-7161	41562.74
9578	39328.824
43018	37440.4
80613	35870.176
93545	34570.305
55333	33500.785
28179	32636.525
53358	31980.72
79558	31553.492
70023	31376.291
34184	31451.234
18450	31747.203
43985	32204.896
74705	32729.238
68179	33204.977
28821	33516.156
15117	33564.492
41956	33308.62
74759	32765.979
74058	32016.416
38284	31189.738
23345	30439.44
53251	29923.768
87249	29767.158
97436	30033.555
89745	30709.95
81805	31715.076
-2247	32946.023
-270555	34299.562
-539647	35637.758
-508818	36760.39
-214011	37474.95
5003	37702.203
34952	37456.23
79592	36775.344
176491	35726.543
116408	34452.04
98494	33088.746
117602	31756.73
111091	30549.654
64339	29528.73
43341	28715.184
78395	28107.664
112548	27683.354
119574	27398.754
80478	27203.35
56111	27041.896
97035	26866.125
113999	26646.701
129681	26355.443
110783	25983.648
81050	25546.705
110897	25079.348
85457	24644.611
96020	24286.008
148383	24031.049
111990	23928.217
105863	24010.148
46661	24303.729
30911	24788.154
128514	25395.05
135501	26082.28
90478	26821.014
-25643	27591.91
-105287	28352.572
8256	29016.795
133233	29538.564
86525	29956.049
-59016	30346.309
-170830	30801.994
-76613	31408.488
81347	32302.697
55143	33712.355
-103239	35871.99
-229942	38946.207
-135915	42961.457
47543	47834.652
55288	53415.94
-98188	59448.316
-219628	65550.98
-121819	71252.54
57811	76125.62
58493	79912.734
-84241	82519.055
-198362	83977.89
-78422	84386.195
102153	83899.13
87541	82683.61
-24167	80759.53
-80386	77896.98
32793	73611.56
113148	67312.44
70710	58463.496
-35204	46755.18
-62561	32264.578
55647	15626.527
81065	-1836.5656
64842	-18229.818
-2529	-31326.246
-2330	-38982.883
61579	-39555.31
51018	-32272.064
75334	-17572.361
70961	2810.4211
79326	25973.502
62409	48282.633
44326	65994.64
67356	75975.09
21689	76382.586
23953	67099.695
77263	49915.73
69186	28350.54
36684	7050.438
-96448	-9086.128
-191331	-15967.928
-97226	-11258.771
46823	5021.7563
-168	30324.732
-233277	59815.734
-433721	87093.69
-424105	105325.695
-306101	108615.84
-356544	93297.125
-639790	58791.48
-929532	7900.4707
-1000317	-53489.555
-976771	-117212.586
-1159949	-174083.47
-1583732	-215481.56
-2065705	-234885.81
-2408722	-229032.11
-2683060	-198436.27
-3132197	-147236.9
-3784669	-82641.48
-4435921	-13499.539
-4846130	51177.746
-5113533	103738.56
-5596803	139095.64
-6237236	155398.95
-6804068	154084.55
-7128529	139340.81
-7373380	117113.875
-7827007	93858.86
-8388608	75277.79
-8388608	65320.945
-8388608	65630.35
-8388608	75498.266
-8388608	92294.94
-8388608	112223.89
-8388608	131247.03
-8388608	145974.83
-8388608	154326.0
-8388608	155829.02
-7855869	151514.9
-7348107	143486.39
-7227546	134294.28
-7265148	126278.71
-7224429	121016.5
-7086041	118990.625
-6933393	119563.695
-6802857	121247.09
-6566152	122173.95
-6152106	120635.586
-5646925	115534.84
-5231539	106671.13
-4958394	94791.97
-4552244	81409.95
-4007780	68426.125
-3451802	57729.035
-3041173	50470.86
-2809474	47128.297
-2599006	47316.527
-2329632	49960.03
-2055191	53640.043
-1852745	57025.504
-1798260	59285.008
-1852173	60344.527
-1765354	60887.746
-1525726	62198.84
-1197882	65827.375
-1124869	73252.25
-1381092	85452.13
-1600847	102531.2
-957541	123622.51
-190865	147074.9
-3416	170805.05
-1377	192750.78
-1372	211332.81
-1375	225817.06
-1349	236427.36
-1346	244275.5
-1376	251037.8
-1371	258498.7
-1356	268104.44
-1358	280556.97
-1384	295670.7
-1397	312433.78
-1394	329319.44
-1397	344741.53
-1377	357506.97
-2428	367226.56
-3207	374438.8
-1966	380458.9
-1381	387050.44
-1364	395857.44
-1365	407823.75
-1361	422755.56
-1367	439156.94
-1361	454391.9
-1365	465175.44
-1364	468323.9
-1376	461565.66
-1377	444193.72
-1367	417364.06
-1364	383925.03
-1367	347766.97
-1357	312781.75
-1358	281631.16
-1359	254585.58
-1369	228746.73
-1373	197893.33
-1375	153060.34
-1382	83818.28
-1377	-19947.877
-1365	-166052.62
-1366	-358180.6
-1383	-594604.94
-1392	-867746.2
-1392	-1164718.1
-1386	-1468784.8
-1366	-1761477.4
-1369	-2025109.4
-1372	-2245243.8
-1395	-2412591.2
-1388	-2523988.5
-1389	-2582395.5
-1380	-2596034.8
-1365	-2576756.5
-1367	-2537891.8
-1362	-2492184.5
-1364	-2450045.8
-1363	-2418403.8
-1391	-2400310.8
-1371	-2395316.2
-1373	-2400379.0
-1378	-2411077.0
-1387	-2422817.2
-1393	-2431826.8
-1371	-2435736.8
-1363	-2433740.8
-1378	-2426341.8
-1391	-2414882.0
-1387	-2401002.2
-1362	-2386228.0
-1364	-2371786.0
-1362	-2358587.5
-1381	-2347421.2
-1372	-2339176.0
-1369	-2334912.2
-1369	-2335796.5
-1351	-2342726.2
-1343	-2355799.2
-1384	-2373736.0
-1374	-2393343.2
-1378	-2409318.5
-1379	-2414488.0
-1381	-2400558.8
-1374	-2359341.8
-1365	-2284127.5
-1352	-2171056.8
-1354	-2020238.5
-1369	-1836327.2
-1364	-1628437.5
-1376	-1409237.4
-1380	-1193363.4
-1376	-995496.44
-1380	-828398.44
-1381	-701250.0
-1376	-618498.9
-1379	-579405.44
-1374	-578449.4
-1371	-606490.94
-1392	-652441.75
-1380	-705054.75
-1367	-754512.8
-1369	-793666.44
-1388	-818707.44
-1396	-829235.0
-1380	-827665.2
-1381	-818180.25
-1400	-805584.9
-1399	-794249.6
-1385	-787337.3
-1376	-786336.4
-1381	-791028.2
-1385	-799836.6
-1364	-810444.94
-1369	-820492.9
-1366	-828092.0
-1366	-832221.9
-1366	-832840.8
-1377	-830789.06
-1379	-827489.5
-1380	-824493.4
-1365	-823124.06
-1351	-824164.0
-1360	-827741.44
-1383	-833360.75
-1379	-840085.7
-1379	-846828.56
-1378	-852590.8
-1380	-856711.7
-1389	-859001.94
-1366	-859713.0
-1358	-859449.7
-1364	-858963.6
-1355	-858969.25
-1369	-860019.8
-1364	-862387.8
-1349	-865982.1
-1352	-870386.06
-1367	-875011.1
-1366	-879290.9
-1383	-882816.3
-1379	-885372.56
-1383	-886938.44
-1390	-887697.6
-1379	-888031.2
-1377	-888416.2
-1360	-889252.0
-1369	-890756.0
-1372	-892948.94
-1373	-895710.2
-1365	-898829.5
-1369	-901943.6
-1374	-904803.5
-1347	-907223.8
-1356	-909119.94
-1374	-910518.44
-1359	-911540.8
-1367	-912365.94
-1383	-913185.6
-1371	-914156.6
-1374	-915370.8
-1376	-916839.06
-1373	-918497.6
-1370	-920231.2
-1377	-921903.7
-1371	-923394.1
-1347	-924622.0
-1358	-925563.4
-1372	-926250.75
-1362	-926760.5
-1373	-927191.5
-1379	-927640.0
-1383	-928177.3
-1385	-928837.1
-1369	-929611.0
-1376	-930455.25
-1374	-931305.9
-1373	-932095.94
-1375	-932773.4
-1362	-933311.8
-1365	-933717.1
-1384	-934022.3
-1377	-934277.4
-1358	-934536.2
-1357	-934842.56
-1379	-935219.75
-1373	-935704.7
-1370	-936157.44
-1371	-936615.7
-1372	-937061.9
-1364	-937458.8
-1378	-937781.9
-1377	-938022.4
-1359	-938181.9
-1354	-938256.94
-1360	-938224.44
-1369	-938095.5
-1366	-937915.2
-1367	-937771.8
-1344	-937718.44
-1359	-937718.44
-1378	-937718.44
-1377	-937718.44
-1351	-937718.44
-1352	-937718.44
-1383	-937718.44
-1372	-937718.44
-1377	-937718.44
-1366	-937718.44
-1369	-937718.44
-1385	-937718.44
-1383	-937718.44
-1382	-937718.44
-1374	-937718.44
-1351	-937718.44
-1341	-937718.44
-1369	-937718.44
10079	-937718.44
213332	-937718.44
1199853	-937718.44
3519552	-937718.44
6716709	-937718.44
8388607	-937718.44
6993940	-937718.44
3742833	-937718.44
1186243	-937718.44
88086	-937718.44
290	-937718.44
-49	-937718.44
1710	-937718.44
1959	-937718.44
487	-937718.44
-411	-937718.44
-470	-937718.44
22	-937718.44
-382	-937718.44
-999	-937718.44
-1022	-937718.44
-1005	-937718.44
-997	-937718.44
-966	-937718.44
-1076	-937718.44
-1072	-937718.44
-697	-937718.44
226	-937718.44
389	-937718.44
-227	-937718.44
29	-937718.44
1730	-937718.44
10828	-937718.44
24816	-937718.44
21341	-937718.44
22619	-937718.44
29810	-937718.44
79067	-937718.44
134660	-937718.44
129322	-937718.44
106753	-937718.44
117153	-937718.44
104979	-937718.44
113270	-937718.44
172465	-937718.44
93672	-937718.44
94394	-937718.44
-38799	-937718.44
-595665	-937718.44
-1306526	-937789.8
-2101813	-937898.56
-3243886	-938037.06
-4962214	-938190.94
-7081778	-938341.3
-8388608	-938469.8
-7912271	-938562.3
-4863301	-938613.06
-2092727	-938626.94
-369598	-938619.7
-5614	-938614.7
-1369	-938639.06
-1366	-938716.3
-1370	-938861.0
-1360	-939072.75
-1366	-939335.4
-1374	-939618.9
-1377	-939885.25
-1374	-940097.94
-1384	-940232.06
-1374	-940282.7
-1377	-940268.56
-1371	-940231.06
-1360	-940226.2
-1358	-940310.8
-1357	-940528.3
-1374	-940894.8
-1376	-941391.7
-1367	-941965.8
-1381	-942540.3
-1370	-943031.44
-1357	-943371.44
-1362	-943527.94
-1377	-943517.44
-1388	-943406.56
-1377	-943300.3
-1378	-943318.3
-1361	-943564.8
-1347	-944098.8
-1373	-944913.8
-1385	-945932.06
-1351	-947017.94
-1341	-948007.7
-1365	-948749.7
-1377	-949146.56
-1384	-949186.2
-1382	-948953.94
-1371	-948619.44
-1377	-948401.2
-1366	-948513.56
-1365	-949109.56
-1371	-950234.94
-1372	-951805.7
-1369	-953617.44
-1375	-955387.7
-1390	-956822.3
-1375	-957691.56
-1376	-957896.06
-1364	-957505.7
-1361	-956756.44
-1369	-956005.06
-1374	-955646.8
-1376	-956016.44
-1376	-957294.7
-1376	-959447.3
-1376	-962213.1
-1374	-965150.4
-1356	-967735.0
-1367	-969487.5
-1381	-970102.9
-1370	-969545.9
-1381	-968086.5
-1385	-966261.0
-1366	-964759.4
-1378	-964263.0
-1385	-965267.1
-1378	-967934.0
-1377	-972014.06
-1374	-976865.56
-1356	-981574.06
-1369	-985155.94
-1357	-986801.56
14002	-986105.06
96553	-983218.06
231529	-978887.2
657318	-974346.8
1347111	-971079.5
1991283	-970481.5
2422790	-973501.7
2834668	-980329.8
3592437	-990208.5
4568309	-1001424.4
5379408	-1011497.3
5883679	-1017545.44
6231121	-1016769.3
6700420	-1006966.94
7232805	-986980.56
7543734	-956987.3
7477626	-918565.5
7205743	-874524.25
7033519	-828510.4
6954528	-784469.25
6746434	-746047.4
6282165	-716053.75
5740474	-696067.5
5403497	-686265.1
5250699	-685489.0
5000248	-691537.1
4463611	-701610.1
3837893	-712826.1
3417641	-722704.6
3155033	-729532.75
2766102	-732553.0
2091410	-731955.0
1332540	-728687.5
785708	-724147.1
399408	-719816.25
79193	-716929.25
-1781	-716232.6
-1367	-717878.4
-1373	-721460.1
-1366	-726168.6
-1362	-731020.25
-1360	-735100.4
-1375	-737767.25
-1381	-738771.4
-1367	-738275.0
-1354	-736773.4
-1376	-734947.9
-1381	-733488.5
-1369	-732931.4
-1370	-733546.75
-1362	-735299.4
-1367	-737883.9
-1350	-740821.25
-1350	-743587.0
-1367	-745739.6
-1366	-747017.94
-1366	-747387.5
-1391	-747029.25
-1364	-746277.9
-1347	-745528.6
-1334	-745138.2
-1348	-745342.75
-1358	-746212.0
-1379	-747646.6
-1374	-749416.9
-1371	-751228.6
-1368	-752799.4
-1377	-753924.75
-1379	-754520.8
-1358	-754633.2
-1374	-754415.0
-1379	-754080.5
-1391	-753848.1
-1381	-753887.75
-1371	-754284.7
-1366	-755026.75
-1376	-756016.5
-1369	-757102.4
16805	-758120.7
186291	-758935.6
218486	-759469.6
32549	-759716.1
-1338	-759734.2
-1372	-759627.94
-1359	-759517.06
-1377	-759506.56
-1367	-759663.06
-1350	-760003.0
-1366	-760494.2
-1377	-761068.6
-1372	-761642.8
-1369	-762139.7
-1359	-762506.25
-1383	-762723.75
-1374	-762808.3
-1373	-762803.4
-1376	-762765.94
-1359	-762751.8
-1367	-762802.4
-1376	-762936.6
-1366	-763149.4
-1368	-763415.75
-1387	-763699.2
-1383	-763961.9
-1374	-764173.56
-1359	-764318.1
-1379	-764395.44
-1386	-764419.7
-1381	-764414.75
-1379	-764407.44
-1370	-764421.4
-1357	-764472.1
-1371	-764564.56
-1377	-764693.06
-1366	-764843.5
-1381	-764997.25
-1376	-765135.8
-1351	-765244.5
-1366	-765315.94
-1377	-765315.94
-1378	-765315.94
-1377	-765315.94
-1382	-765315.94
-1372	-765315.94
-1363	-765315.94
-1356	-765315.94
-1353	-765315.94
60861	-765315.94
873759	-765315.94
2494046	-765315.94
4397351	-765315.94
6196296	-765315.94
8023001	-765315.94
8388607	-765315.94
8388607	-765315.94
8388607	-765315.94
7446684	-765315.94
6647801	-765315.94
5677733	-765315.94
4611181	-765315.94
3716767	-765315.94
3093249	-765315.94
2577198	-765315.94
1877545	-765315.94
902309	-765315.94
156174	-765315.94
47517	-765315.94
46624	-765315.94
17734	-765315.94
6014	-765315.94
4494	-765315.94
9512	-765315.94
11945	-765315.94
9706	-765315.94
10190	-765315.94
18421	-765315.94
55057	-765315.94
104475	-765315.94
119281	-765315.94
133681	-765315.94
32643	-765315.94
-355557	-765315.94
-956798	-765400.94
-1552599	-765530.06
-2258122	-765694.7
-3369130	-765877.44
-4898291	-766056.2
-6577672	-766208.8
-8287466	-766318.7
-8388608	-766379.06
-5134106	-766395.7
-868596	-766408.3
-6259	-766435.06
-1372	-766505.44
-1374	-766643.44
-1375	-766860.2
-1371	-767150.3
-1371	-767490.2
15880	-767842.2
334814	-768162.8
1000776	-768413.44
1644224	-768571.44
2499939	-768638.8
3920610	-768645.2
5617041	-768644.06
7126467	-768701.7
8335454	-768880.94
8388607	-769224.2
8388607	-769739.56
8388607	-770393.7
8388607	-771116.3
8130899	-771813.94
7824003	-772393.44
7406170	-772786.2
7027732	-772970.7
6552454	-772983.56
5628634	-772916.94
5148298	-772900.56
5689841	-773070.94
6327694	-773535.8
5884542	-774342.56
5233294	-775458.06
4104095	-776769.94
2222566	-778107.2
401115	-779280.06
3493	-780128.56
-459	-780568.44
-512	-780620.94
-947	-780418.7
-889	-780181.2
-654	-780166.2
-349	-780604.8
-287	-781638.44
-614	-783272.3
-276	-785361.2
1956	-787632.94
6314	-789748.44
8989	-791383.44
8453	-792316.06
10130	-792493.8
30193	-792063.56
71746	-791351.8
-35310	-790796.2
-80643	-790841.3
85368	-791823.44
197154	-793872.94
-32161	-796860.7
-701555	-800448.2
-1682190	-804061.44
-2970284	-807094.2
-4924852	-809039.44
-7613068	-809630.8
-6162896	-808934.44
-1299225	-807363.56
-23797	-805606.3
-1381	-804475.06
-1386	-804709.94
-1368	-806780.56
-1361	-810737.8
-1356	-816155.2
-1365	-822186.56
-1379	-827734.56
-1376	-831702.44
-1363	-833271.8
-1377	-832145.3
-1369	-828686.8
-1357	-823917.7
-1363	-819350.44
-1373	-816682.7
-1377	-817404.7
-1375	-822401.94
-1373	-831636.8
-1382	-843991.75
-1377	-857318.3
-1360	-868704.44
-1351	-874919.1
-1351	-872962.2
-1360	-860614.06
-1375	-836879.2
-1370	-802233.06
-1369	-758618.44
-1362	-709183.7
-1369	-657808.3
-1371	-608504.8
-1359	-564802.2
-1380	-529232.7
-1372	-503009.16
-1378	-485949.75
-1363	-476655.4
-1360	-472889.6
-1377	-472081.6
-1370	-471844.84
-1371	-470407.34
-1370	-466874.66
-1372	-461285.28
-1377	-454461.4
-1377	-447705.1
-1357	-442415.72
-1356	-439720.6
-1370	-440200.4
-1368	-443762.1
-1359	-449682.78
-1363	-456799.34
-1357	-463792.66
-1361	-469494.4
-1376	-473141.9
-1367	-474524.94
-1372	-473993.75
-1358	-472335.4
-1360	-470552.22
-1373	-469601.72
-1384	-470162.72
-1357	-472481.53
-1346	-476333.72
-1367	-481105.84
-1367	-485970.8
-1366	-490111.44
-1379	-492932.84
-1377	-494212.47
-1364	-494148.34
-1376	-493297.97
-1364	-492423.66
-1366	-492285.0
-1369	-493433.6
37076	-496059.88
217353	-499936.75
86942	-504470.72
-277	-508853.25
189091	-512274.1
1036901	-514142.47
723252	-514263.03
31244	-512917.1
-1381	-510823.84
-1351	-508985.94
21548	-508448.62
985998	-510025.8
3456783	-514054.9
5007333	-520238.97
4789616	-527619.06
3397211	-534688.5
1268523	-539634.4
77698	-540662.8
-1369	-536343.06
-1367	-525903.0
-1359	-509414.56
-1356	-487831.66
-1376	-462869.47
-1378	-436747.06
100592	-411841.94
1303457	-390319.84
3573936	-373808.4
5484306	-363174.4
7167168	-358439.06
8388607	-358841.16
8388607	-363029.88
8388607	-369342.5
8388607	-376111.84
6569115	-381943.66
3835222	-385916.28
1094868	-387671.5
41924	-387389.6
-724	-385665.6
-1034	-383320.94
-1110	-381194.5
-1012	-379957.7
-866	-379988.66
-782	-381324.7
-732	-383695.0
-274	-386617.44
2531	-389531.47
6838	-391934.84
11816	-393492.38
33459	-394096.6
120653	-393869.88
88667	-393114.1
-418124	-392292.1
-1394798	-391757.12
-2559882	-391790.44
-3824519	-392509.88
-5449296	-393855.34
-7537494	-395617.8
-8388608	-397501.66
-5707456	-399202.97
-1855372	-400442.34
-141488	-401243.2
-1373	-401612.03
-1366	-401652.6
-1364	-401556.25
-1372	-401530.84
-1369	-401747.16
-1357	-402296.78
-1372	-403176.25
-1379	-404284.25
-1382	-405493.56
-1371	-406642.94
-1371	-407603.53
-1376	-408312.88
-1379	-408787.75
-1360	-409114.66
-1347	-409419.94
-1371	-409830.97
-1375	-410437.3
-1376	-411265.2
-1374	-412270.84
-1361	-413356.53
-1364	-414402.1
-1352	-415303.88
-1355	-416010.03
-1369	-416539.53
-1379	-416980.47
-1392	-417466.1
66473	-418151.72
841253	-419130.03
2513614	-420426.6
4432769	-421975.97
6372846	-423633.53
8388607	-425210.72
8388607	-426528.5
7943650	-427471.62
5462235	-428030.25
3184620	-428315.12
1262262	-428538.5
156894	-428986.56
25796	-429864.1
37381	-431344.78
30126	-433439.8
66539	-436012.7
103539	-438785.62
141849	-441407.66
113516	-443528.03
-115671	-444864.06
-567225	-445287.06
-1091713	-445024.28
-1632406	-444458.47
-2235561	-444099.12
-2970629	-444459.25
-3785599	-445919.7
-4511351	-448616.88
-5154510	-452383.5
-5824177	-456764.16
-6608497	-461107.47
-7451002	-464717.1
-8198567	-467029.47
-8388608	-467772.94
-8388608	-467065.6
-8388608	-465422.4
-8388608	-463659.62
-8388608	-462713.03
-8270809	-463387.78
-7876089	-466210.12
-7540315	-471167.75
-7231972	-477703.62
-7086222	-484801.28
-7109305	-491197.28
-7141709	-495675.75
-6974967	-497381.47
-6719875	-496074.12
-6332769	-492255.78
-5803578	-487127.03
-5268966	-482366.78
-4825536	-479771.25
-4440820	-480826.62
-3990634	-486309.53
-3461352	-496012.25
-2992315	-508666.0
-2660237	-522095.28
-2412435	-533582.5
-2107642	-540375.6
-1727721	-540229.25
-1412990	-531860.5
-1248896	-515210.62
-1178182	-491445.53
-1027869	-462573.9
-786246	-431293.12
-516491	-400100.6
-297044	-370768.53
-193123	-343908.53
-40671	-318859.53
182761	-293832.97
336548	-266326.22
354099	-233770.02
320985	-194261.17
389511	-147191.72
570938	-93585.41
704993	-36061.055
690510	21536.012
604151	74764.29
592398	119379.1
670536	152152.64
698884	171529.8
615838	177923.06
485009	173590.5
459359	162127.16
528926	147732.98
567773	134386.7
502177	125080.41
444554	121269.23
477766	122712.25
539513	127737.2
494226	133835.08
366996	138392.55
248499	139422.44
287974	136098.97
394593	129032.31
343711	120167.38
252369	112237.65
226820	108030.484
202326	109646.375
133006	117888.266
104943	131938.45
122608	149475.22
154191	167185.98
156003	181564.84
139996	189793.83
140969	190500.19
90128	184215.33
-21161	173349.28
-87852	161658.52
-105904	153354.05
-164275	152017.4
-350819	159553.94
-584133	175407.66
-718752	196280.98
-751684	216496.22
-790871	228937.11
-962404	226390.52
-1223600	202987.7
-1372187	155461.72
-1373914	84017.45
-1375522	-7410.7773
-1537485	-111621.18
-1722021	-219307.48
-1794251	-320605.8
-1774283	-406721.94
-1795434	-471335.66
-1952439	-511536.56
-2173099	-528129.0
-2312354	-525239.44
-2356577	-509293.4
-2419708	-487611.94
-2604570	-466955.0
-2831498	-452342.97
-2972545	-446340.44
-2999793	-448902.88
-3034361	-457778.38
-3189989	-469363.6
-3400811	-479811.66
-3516981	-486086.7
-3543024	-486677.53
-3588826	-481851.3
-3746055	-473425.53
-3947866	-464168.06
-4051435	-456966.84
-4033406	-453965.47
-4095011	-455883.56
-4333376	-461778.06
-4605976	-469312.9
-4771914	-475413.2
-4849888	-477129.72
-4960618	-472518.6
-5196487	-461322.7
-5492717	-445277.38
-5690416	-427914.88
-5752527	-413839.25
-5794717	-407617.72
-5930432	-412559.38
-6113286	-429670.7
-6184737	-457013.5
-6134805	-489583.94
-6154939	-519786.22
-6356228	-538503.56
-6668315	-536581.56
-6940532	-506415.34
-7147654	-443314.25
-7393900	-346397.4
-7763833	-218972.8
-8202809	-68030.625
-8388608	96590.57
-8388608	263776.44
-8388608	422628.06
-8388608	563904.0
-8388608	681101.56
-8388608	771025.5
-8388608	833786.3
-8388608	872288.56
-8388608	891388.0
-8388608	896740.25
-8388608	893899.1
-8388608	887541.75
-8388608	880961.7
-8388608	875948.06
-8388608	872964.7
-8388608	871536.4
-8388608	870706.8
-8388608	869453.2
-8388608	866972.1
-8388608	862799.7
-8388608	856782.3
-8388608	848957.9
-8388608	839416.56
-8388608	828212.9
-8388608	815372.25
-8388608	800990.8
-8249414	785391.75
-7978621	769280.6
-7528192	753813.5
-6960456	740425.1
-6559297	730767.25
-6357645	726330.8
-6178489	727956.7
-5861440	735396.44
-5446956	747051.75
-5149982	759963.3
-5010279	769976.8
-4910497	772220.3
-4696952	761735.2
-4376764	734251.7
-4146182	686944.5
-4027587	618937.44
-3910126	531498.75
-3678947	427899.8
-3364146	312976.9
-3130706	192462.27
-3018796	72159.9
-2892132	-42944.77
-2626598	-149219.61
-2360051	-244807.47
-2204804	-329612.3
-2167923	-405077.8
-2153548	-473737.38
-2028722	-538678.7
-1818086	-602980.44
-1681939	-669229.94
-1660729	-739218.4
-1642576	-814135.9
-1520513	-894582.5
-1331373	-980727.75
-1224394	-1072458.1
-1232843	-1169481.9
-1240337	-1271354.9
-1113827	-1377391.2
-965172	-1486468.8
-895082	-1596899.6
-886254	-1706443.2
-885301	-1812495.9
-846669	-1912472.8
-787709	-2004327.0
-754427	-2087112.5
-755555	-2161474.0
-750664	-2229924.8
-726005	-2296757.8
-669645	-2367587.8
-433992	-2448556.0
-25662	-2545266.8
350704	-2661629.5
606744	-2798942.0
847263	-2955400.0
1218819	-3126141.5
1682726	-3303844.8
2092860	-3479835.2
2375533	-3645582.0
2631692	-3794266.5
3003839	-3922150.5
3468657	-4029347.8
3871504	-4119901.8
4146143	-4201105.5
4405269	-4282211.0
4778273	-4372623.5
5231234	-4480013.5
5612769	-4608612.5
5861763	-4758143.5
6088531	-4923617.5
6449723	-5096011.5
6905825	-5263746.0
7350754	-5414392.0
7714346	-5537096.0
7945866	-5624463.0
7829331	-5673797.5
7491813	-5687556.5
7151718	-5672725.5
6835451	-5639679.5
6523062	-5600185.0
6112241	-5565257.0
5589396	-5543382.5
5078439	-5539079.5
4659769	-5552467.0
4271238	-5579627.5
3803208	-5613790.0
3239179	-5647055.0
2699948	-5672351.5
2250113	-5685097.0
1813197	-5684267.0
1284971	-5672608.0
682591	-5656036.0
216323	-5642296.0
82299	-5639145.0
68731	-5652369.0
48201	-5684129.5
38648	-5731972.5
56870	-5788729.0
80261	-5843297.0
89245	-5882159.0
72896	-5891467.0
62861	-5859257.0
83465	-5777463.5
114274	-5643240.5
125329	-5459403.0
106307	-5234029.0
95603	-4979212.0
117951	-4709216.5
154614	-4438329.5
175516	-4178844.8
155612	-3939532.0
131707	-3724714.2
147669	-3534182.0
160349	-3363868.0
174431	-3207131.5
177444	-3056337.0
144573	-2904471.5
153217	-2746524.5
175478	-2580349.8
203259	-2406925.5
195792	-2229961.8
163528	-2055083.0
182294	-1888700.9
185844	-1736823.1
178123	-1603993.8
134256	-1492537.6
97776	-1402289.4
109460	-1330815.6
134388	-1273994.9
134395	-1226814.1
98637	-1184201.6
75911	-1141868.6
89301	-1096958.0
112922	-1048380.6
111858	-996824.5
80078	-944482.8
66838	-894609.8
84618	-850980.7
104858	-817290.1
104799	-796543.2
76591	-790493.4
63073	-799223.56
84619	-820874.3
113450	-851496.4
119378	-885052.1
91983	-913600.7
75326	-927766.7
98593	-917481.56
137515	-872930.7
151427	-785615.3
124141	-649441.1
108333	-461688.8
125069	-223695.16
153293	58956.33
161164	376904.0
128380	718081.75
105064	1069246.6
123360	1417794.6
158920	1753610.8
180381	2070628.0
150439	2367741.8
127681	2648839.0
145964	2921846.2
179574	3196945.2
186481	3484227.2
147453	3791193.2
115587	4120492.8
138808	4468363.5
183758	4824157.0
203043	5171181.0
182728	5488678.5
166076	5754724.5
190863	5949478.0
240859	6058350.5
248777	6074596.5
201823	6000560.0
154318	5847738.5
168002	5635346.5
200581	5387705.0
220066	5130902.0
197762	4889264.5
159302	4682255.0
176882	4522263.0
216378	4413662.0
235571	4353136.0
207699	4331237.5
174451	4334726.0
182999	4349294.0
194154	4362109.5
221480	4363792.0
247216	4349500.5
212111	4319024.0
194189	4275993.5
174736	4226464.0
189763	4177201.0
256115	4134085.5
254453	4100911.8
194479	4078815.2
118739	4066342.0
79284	4060102.5
172961	4055762.5
271172	4049168.2
242379	4037275.5
200426	4018747.0
201543	3994081.0
266539	3965367.8
276583	3935506.2
232283	3907525.5
208048	3883904.0
229672	3866011.0
200521	3853857.2
154340	3846190.5
156928	3840938.5
173174	3835799.0
175923	3828779.5
128353	3818617.8
88536	3805002.5
113366	3788597.8
136454	3770812.5
120056	3753391.0
94546	3737940.2
68429	3725546.0
111043	3716590.5
98293	3710724.0
60107	3707006.8
34032	3704134.2
27351	3700798.8
36296	3696014.5
43067	3689334.2
37824	3680900.5
22788	3671330.8
18303	3661511.2
28523	3652395.0
39554	3644772.0
42811	3639088.0
21179	3635340.0
15663	3633108.2
19976	3631720.2
26939	3630446.5
22215	3628670.5
15904	3625984.8
13879	3622277.0
19006	3617750.0
21357	3612832.8
17819	3608049.8
11895	3603872.2
10852	3600604.2
16637	3598338.2
17126	3596955.0
15445	3596169.0
10524	3595612.2
8589	3594944.0
11571	3593904.0
13545	3592350.5
11950	3590305.8
10011	3587958.8
10095	3585593.0
14729	3583479.5
19220	3581801.8
17394	3580644.0
12369	3580005.2
13011	3579797.2
18691	3579853.8
23031	3579961.8
19726	3579940.2
12179	3579703.8
11357	3579256.2
15840	3578656.8
15877	3577990.0
13687	3577367.2
14804	3576916.8
29067	3576746.0
33754	3576887.0
18527	3577294.5
14893	3577832.5
11022	3578444.8
10659	3579058.2
14587	3579619.5
16883	3580005.0
14914	3580232.5
10868	3580332.2
10336	3580332.2
14825	3580332.2
18112	3580332.2
14249	3580332.2
9961	3580332.2
9431	3580332.2
12414	3580332.2
13902	3580332.2
11789	3580332.2
8623	3580332.2
8679	3580332.2
12066	3580332.2
13255	3580332.2
11399	3580332.2
8808	3580332.2
7363	3580332.2
9463	3580332.2
11188	3580332.2
9968	3580332.2
7126	3580332.2
6706	3580332.2
8466	3580332.2
9654	3580332.2
8232	3580332.2
6051	3580332.2
6024	3580332.2
7850	3580332.2
9354	3580332.2
8049	3580332.2
5517	3580332.2
5342	3580332.2
6431	3580332.2
7076	3580332.2
6048	3580332.2
4190	3580332.2
4088	3580332.2
5238	3580332.2
5509	3580332.2
6522	3580332.2
10013	3580332.2
8913	3580332.2
7492	3580332.2
4574	3580332.2
3778	3580332.2
2584	3580332.2
2496	3580332.2
3013	3580332.2
3400	3580332.2
2941	3580332.2
1894	3580332.2
1943	3580332.2
2485	3580332.2
2486	3580332.2
1989	3580332.2
1139	3580332.2
1123	3580332.2
1714	3580332.2
2150	3580332.2
1854	3580332.2
1065	3580332.2
883	3580332.2
1139	3580332.2
1443	3580332.2
1323	3580332.2
589	3580332.2
362	3580332.2
469	3580332.2
519	3580332.2
367	3580332.2
84	3580332.2
98	3580332.2
308	3580332.2
439	3580332.2
326	3580332.2
67	3580332.2
197	3580332.2
396	3580332.2
408	3580332.2
286	3580332.2
-24	3580332.2
51	3580332.2
196	3580332.2
156	3580332.2
56	3580332.2
-167	3580332.2
36	3580332.2
256	3580332.2
536	3580332.2
949	3580332.2
-72	3580332.2
-170	3580332.2
-19	3580332.2
62	3580332.2
-29	3580332.2
-287	3580332.2
-224	3580332.2
-184	3580332.2
-237	3580332.2
-295	3580332.2
-437	3580332.2
-435	3580332.2
-347	3580332.2
-310	3580332.2
-342	3580332.2
-491	3580332.2
-542	3580332.2
-409	3580332.2
-398	3580332.2
-509	3580332.2
-64008	3580332.2
-68057	3580332.2
-498	3580332.2
-306	3580332.2
-482	3580332.2
-628	3580332.2
-599	3580332.2
-327	3580332.2
79	3580332.2
279	3580332.2
253	3580332.2
601	3580332.2
1207	3580332.2
1838	3580332.2
2457	3580332.2
2900	3580332.2
3635	3580332.2
4695	3580332.2
5235	3580332.2
5527	3580332.2
5752	3580332.2
7494	3580332.2
10061	3580332.2
11142	3580332.2
11604	3580332.2
12389	3580332.2
17823	3580332.2
33624	3580332.2
65759	3580332.2
58901	3580332.2
56487	3580332.2
74203	3580332.2
109229	3580332.2
109568	3580332.2
95156	3580332.2
110320	3580332.2
134550	3580332.2
154421	3580332.2
122846	3580332.2
133727	3580332.2
181134	3580332.2
153173	3580332.2
-36094	3580332.2
-363291	3580332.2
-679835	3580332.2
-938096	3580332.2
-1261101	3580332.2
-1783632	3580332.2
-2458671	3580332.2
-3123434	3580332.2
-3716715	3580332.2
-4355724	3580332.2
-5161524	3580332.2
-6103291	3580332.2
-7010773	3580332.2
-7829122	3580332.2
-8388608	3580332.2
-8388608	3580332.2
-8388608	3580332.2
-7999076	3580332.2
-6422460	3580332.2
-5061381	3580332.2
-3656206	3580332.2
-2325637	3580332.2
-1280712	3580332.2
-518728	3580332.2
-74605	3580332.2
-1673	3580332.2
-1379	3580332.2
-1375	3580332.2
-1385	3580332.2
-1382	3580332.2
-1376	3580332.2
-1374	3580332.2
-1373	3580332.2
-1379	3580332.2
-1379	3580332.2
-1375	3580332.2
-1382	3580332.2
-1392	3580332.2
-1386	3580332.2
-1380	3580332.2
-1394	3580332.2
-1389	3580332.2
-1399	3580332.2
-1378	3580332.2
-1389	3580332.2
-1384	3580332.2
-1376	3580332.2
-1378	3580332.2
-1395	3580332.2
-1392	3580332.2
-1378	3580332.2
-1389	3580332.2
-1390	3580332.2
-1377	3580332.2
-1364	3580332.2
-1385	3580332.2
-1387	3580332.2
-1372	3580332.2
-1362	3580332.2
-1394	3580332.2
-1385	3580332.2
-1379	3580332.2
-1382	3580332.2
-1377	3580332.2
-1381	3580332.2
-1392	3580332.2
-1392	3580332.2
-1387	3580332.2
-1384	3580332.2
-1385	3580332.2
-1384	3580332.2
-1395	3580332.2
-1379	3580332.2
-1380	3580332.2
-1383	3580332.2
-1379	3580332.2
-1363	3580332.2
-1366	3580332.2
-1061	3580332.2
10646	3580332.2
11741	3580332.2
-288	3580332.2
276	3580332.2
98254	3580332.2
341223	3580332.2
373056	3580332.2
238246	3580332.2
244070	3580332.2
507121	3580332.2
810823	3580332.2
878181	3580332.2
803523	3580332.2
1043006	3580332.2
1719754	3580332.2
2301774	3580332.2
2509191	3580332.2
2529342	3580332.2
2708914	3580332.2
3146124	3580332.2
3580425	3580332.2
3757936	3580332.2
3785521	3580332.2
3915520	3580332.2
4214816	3580332.2
4546895	3580332.2
4740726	3580332.2
4827524	3580332.2
5007789	3580332.2
5338718	3580332.2
5615733	3580452.8
5738672	3580606.2
5849801	3580767.8
6122452	3580861.8
6506481	3580805.2
6830701	3580552.2
7010808	3580111.2
7145591	3579517.8
7386563	3578807.2
7694826	3578104.2
7944130	3577508.8
8080416	3577100.2
8172392	3576916.2
8377333	3576938.8
8388607	3577090.8
8388607	3577249.8
8388607	3577271.8
8388607	3577026.8
8388607	3576434.2
8388607	3575488.8
8388607	3574272.8
8388607	3572944.2
8388607	3571705.2
8388607	3570754.0
8388607	3570228.0
8388607	3570161.5
8388607	3570459.0
8388607	3570907.0
8388607	3571211.2
8388607	3571067.8
8388607	3570243.0
8388607	3568643.0
8388607	3566357.5
8388607	3563659.0
8388607	3560949.5
8388607	3558669.5
8388607	3557183.5
8388607	3556673.0
8388607	3557065.0
8388607	3558024.0
8388607	3559009.5
8388607	3559396.5
8350114	3558633.0
8341365	3556394.5
8176734	3552694.0
7941451	3547914.5
7808975	3542747.5
7741649	3538041.0
7754171	3534591.5
7647452	3532928.0
7467833	3533125.5
7345899	3534813.5
7283684	3537138.5
7327938	3538961.0
7351420	3539160.0
7263276	3536932.5
7139576	3532013.5
7035735	3524795.0
7016638	3516276.2
7036326	3507876.8
6987029	3501122.8
6822934	3497257.2
6658323	3496864.2
6592572	3499642.8
6548240	3504428.8
6426874	3509432.8
6224385	3512638.8
6041975	3512286.2
5974457	3507344.2
5940457	3497873.8
5827906	3485134.2
5646825	3471354.8
5496496	3459235.2
5455287	3451283.2
5441240	3449171.2
5349871	3453233.8
5178749	3462238.2
5019678	3473525.2
4972229	3483535.8
4958828	3488660.2
4870033	3486181.8
4727946	3475058.2
4631454	3456364.2
4611401	3433268.8
4612278	3410488.2
4527091	3393297.8
4365619	3386241.2
4230217	3391867.2
4201359	3409796.2
4193912	3436416.8
4111469	3465298.8
3960658	3488304.2
3840011	3497240.8
3828344	3485765.8
3835196	3451174.8
3761857	3395625.8
3621333	3326481.2
3505461	3255627.0
3492424	3197833.8
3498763	3168448.8
3420828	3180765.8
3270394	3243541.5
3135236	3359176.2
3093272	3522922.0
3058831	3723338.5
2939496	3943885.5
2754901	4165378.0
2603607	4368880.0
2559308	4538519.0
2529898	4663773.5
2410427	4740761.0
2227112	4772331.0
2077977	4767026.0
2033805	4737137.5
1998155	4696328.5
1878185	4657213.5
1696083	4629343.0
1553221	4617957.0
1519311	4623690.5
1496976	4643229.0
1390711	4670638.5
1226109	4699043.0
1099243	4722272.5
1077620	4736170.0
1068173	4739330.5
968061	4733140.5
803811	4721155.5
675679	4708032.5
659935	4698334.0
652700	4695477.0
554934	4701042.0
409335	4714530.5
311458	4733635.0
300435	4754925.0
295496	4774770.0
199159	4790239.5
51271	4799759.0
-52262	4803393.0
-49581	4802738.5
-38815	4800486.0
-112971	4799744.5
-232708	4803253.0
-307236	4812733.5
-278027	4828492.5
-243794	4849405.0
-295572	4873179.0
-397196	4896854.0
-456633	4917386.5
-412848	4932219.5
-364464	4939725.0
-406397	4939363.5
-495850	4931577.0
-540528	4917427.5
-484677	4898153.0
-423987	4874729.0
-456069	4847534.0
-543728	4816164.0
-588056	4779467.0
-533066	4735802.5
-479291	4683463.5
-519416	4621127.5
-610767	4548205.5
-661426	4465055.0
-614324	4373014.0
-572821	4274268.0
-627110	4171547.0
-733384	4067703.5
-800050	3965292.5
-769636	3866264.2
-739528	3771799.8
-804833	3682325.5
-912151	3597621.0
-970484	3517046.5
-926967	3439823.2
-881231	3365310.8
-924579	3293184.8
-1024644	3223477.8
-1084046	3156489.5
-1046521	3092622.0
-1020508	3032209.5
-1110247	2975353.0
-1233767	2921766.0
-1229872	2870718.2
-1207523	2821174.5
-1185661	2771963.2
-1248777	2722029.0
-1339612	2670642.5
-1375126	2617558.5
-1315714	2563084.0
-1246082	2508060.0
-1262955	2453712.2
-1325251	2401373.8
-1340312	2352180.0
-1261868	2306800.5
-1184289	2265267.5
-1201815	2226910.0
-1272306	2190391.8
-1295965	2153870.0
-1213289	2115256.8
-1116822	2072561.6
-1125867	2024200.8
-1202439	1969137.8
-1222271	1907209.4
-1144496	1838778.0
-1069859	1764816.8
-1085547	1686675.1
-1162633	1605827.4
-1182232	1523646.6
-1095861	1441252.6
-996906	1359435.2
-1004358	1278576.9
-1087269	1198808.0
-1126109	1120038.4
-1052650	1042087.25
-962415	964838.4
-977920	888341.5
-1064519	812824.06
-1113412	738641.25
-1053557	666197.5
-972299	595884.5
-995695	528010.44
-1083435	462721.8
-1122561	399945.78
-1048186	339412.34
-963042	280730.38
-985256	223482.28
-1070723	167278.62
-1110215	111802.14
-1038439	56837.207
-962832	2317.431
-988172	-51674.598
-1029548	-104961.85
-1019016	-157314.84
-992472	-208457.22
-940885	-258086.38
-974442	-305845.25
-1044790	-351338.28
-1062059	-394143.9
-979894	-433823.1
-884516	-469917.47
-897213	-501968.28
-971711	-529594.44
-990281	-552573.56
-904443	-570891.06
-810086	-584739.4
-824753	-594490.25
-900765	-600679.4
-925766	-603954.9
-845916	-604997.94
-753077	-604405.94
-770423	-602608.7
-848342	-599849.5
-876431	-596270.3
-802443	-591873.06
-716119	-586638.94
-742469	-580628.06
-830812	-574072.8
-863378	-567427.4
-788924	-561390.8
-701744	-556835.6
-729995	-554705.56
-826720	-555896.9
-870906	-561114.75
-804646	-570720.44
-719471	-584639.0
-740227	-602347.3
-821345	-622941.8
-841552	-645263.9
-747831	-668064.44
-643602	-690183.25
-651738	-710742.3
-730662	-729296.0
-761071	-745890.25
-693982	-761038.94
-632689	-775607.56
-660501	-790658.75
-737341	-807252.1
-777518	-826222.8
-708408	-848009.8
-641566	-872515.56
-670237	-899099.56
-726958	-926653.1
-728293	-953719.3
-696312	-978665.6
-663062	-999916.8
-729247	-1016145.75
-835429	-1026454.5
-872739	-1030464.5
-795936	-1028326.8
-710670	-1020655.44
-722647	-1008418.94
-759425	-992808.25
-745844	-975052.7
-628482	-956281.8
-551496	-937385.7
-608797	-918976.7
-681474	-901407.44
-709791	-884780.0
-689401	-869004.75
-716766	-853866.75
-876501	-839111.75
-1126696	-824515.06
-1334419	-809913.4
-1466122	-795210.9
-1620465	-780362.56
-1911344	-765370.8
-2281591	-750286.9
-2627986	-735204.6
-2891402	-720267.3
-3172850	-705663.94
-3582377	-691651.1
-4117046	-678682.44
-4689960	-667197.0
-5186957	-657616.75
-5680853	-650290.7
-6380867	-645439.6
-7306373	-643074.6
-8291279	-642924.06
-8388608	-644427.1
-8388608	-646796.0
-8388608	-649136.1
-8300948	-650560.06
-7403057	-650305.0
-6942045	-647863.6
-6794456	-643085.4
-6598139	-636230.1
-6049944	-627907.2
-5371034	-618935.6
-5006325	-610175.06
-4870449	-602365.4
-4667681	-595991.8
-4078097	-591043.25
-3316708	-587249.56
-2914782	-583920.56
-2742993	-580148.5
-2514942	-575002.56
-2032316	-567703.0
-1499915	-557744.6
-1218404	-544993.8
-1127792	-529710.2
-987474	-512503.56
-657967	-494185.34
-305700	-475575.97
-142316	-457354.1
-106385	-439958.56
-57324	-423569.94
-7667	-408123.16
-1388	-393377.38
-1369	-379038.72
-1359	-364906.56
-1371	-350986.1
-1364	-337506.84
-1385	-324858.1
-1366	-313496.62
-1360	-303834.47
-1369	-296131.47
-1371	-290384.0
-1378	-286259.84
-1367	-283126.0
-1371	-280159.0
-1377	-276496.62
-1381	-271363.7
-1369	-264162.06
-1372	-254548.36
-1384	-242464.08
-1377	-228124.11
-1379	-211928.27
-1370	-194352.36
-1385	-175877.25
-1376	-156962.39
-1387	-138057.7
-1377	-119603.49
-1370	-102026.59
-1377	-85759.3
-1383	-71244.29
-1383	-58914.44
-1412	-49111.535
-1395	-41987.293
-1371	-37446.484
617	-35143.64
689	-34532.09
-1384	-34919.33
-1367	-35526.133
486	-35581.03
63539	-34428.293
114080	-31507.58
26810	-26312.625
-1146	-18291.748
33125	-6792.981
259021	8915.869
363135	29513.588
191476	55384.17
44603	86270.55
185982	120832.33
507061	156216.52
617105	187775.52
436634	209076.72
269986	212273.8
421956	188818.62
742554	130475.484
858942	30522.412
712274	-115013.58
591854	-306316.75
789519	-539199.1
1151056	-805121.8
1290862	-1091844.1
1164001	-1384622.9
1064066	-1667823.5
1275143	-1926727.9
1658148	-2149253.8
1836467	-2327287.8
1751601	-2457390.8
1687756	-2540779.0
1913291	-2582687.5
2286484	-2591201.8
2429847	-2575834.0
2306512	-2546035.5
2177948	-2509953.5
2370171	-2473651.2
2790779	-2440893.2
2913753	-2413429.5
2817996	-2391627.0
2794235	-2375237.5
3055106	-2364128.2
3421409	-2358807.8
3651921	-2360577.8
3556300	-2371268.5
3506419	-2392663.8
3784950	-2425821.0
4149057	-2470467.2
4319686	-2524653.0
4139704	-2584705.0
3987824	-2645593.8
4138813	-2701655.8
4400181	-2747540.5
4391450	-2779115.0
4125008	-2794199.5
3793744	-2792913.2
3762460	-2777605.8
3928243	-2752396.2
3859039	-2722393.8
3481446	-2692730.2
3148281	-2667643.5
3126993	-2649784.0
3217432	-2639937.2
3092727	-2637106.5
2720521	-2638936.5
2322651	-2642353.2
2273777	-2644301.0
2376569	-2642450.2
2255268	-2635641.5
1857865	-2624026.8
1481328	-2608880.8
1350987	-2592189.8
1304186	-2576153.2
1031483	-2562663.5
592546	-2552895.2
216163	-2547068.5
54838	-2544484.2
9849	-2543788.8
-1087	-2543369.2
-1379	-2541748.2
-1377	-2537894.8
-1384	-2531430.5
-1369	-2522675.5
-1371	-2512524.5
-1376	-2502193.5
-1381	-2492851.5
-1387	-2485359.2
-1389	-2480103.2
-1394	-2476960.5
-1008	-2475362.8
60720	-2474452.5
393871	-2473304.5
855982	-2471175.2
1148251	-2467681.5
1298598	-2462848.8
1547123	-2457044.8
1991246	-2450864.0
2488953	-2444967.2
2820533	-2439940.0
3029059	-2436147.0
3370487	-2433639.5
3971739	-2432173.8
4666501	-2431323.8
5223998	-2430588.8
5623043	-2429533.5
6059973	-2427856.0
6645391	-2425448.8
7254839	-2422421.8
7699300	-2419065.2
8025332	-2415753.0
8388607	-2412813.5
8388607	-2410462.8
8388607	-2408771.0
8388607	-2407682.2
8388607	-2407024.5
8388607	-2406534.0
8388607	-2405942.5
8388607	-2405058.8
8388607	-2403807.5
8388607	-2402232.2
8388607	-2400450.2
8388607	-2398612.5
8388607	-2396889.2
8388607	-2395441.2
8388607	-2394376.8
8290473	-2393706.5
8027787	-2393354.0
7726313	-2393197.5
7521473	-2393122.0
7397586	-2393036.8
7233051	-2392810.8
6934127	-2392452.5
6568612	-2392003.8
6300857	-2391526.5
6115981	-2391084.0
5900120	-2390727.5
5564321	-2390484.0
5184452	-2390354.0
4911525	-2390313.0
4739237	-2390321.2
4555674	-2390333.8
4279789	-2390310.2
3979292	-2390224.8
3780210	-2390069.0
3660217	-2389852.5
3526012	-2389599.2
3292008	-2389340.2
3016641	-2389107.0
2827948	-2388924.0
2733686	-2388803.8
2712728	-2388803.8
2567123	-2388803.8
2371988	-2388803.8
2232094	-2388803.8
2139573	-2388803.8
2144636	-2388803.8
2101098	-2388803.8
1955438	-2388803.8
1817674	-2388803.8
1709416	-2388803.8
1709865	-2388803.8
1774336	-2388803.8
1728938	-2388803.8
1590624	-2388803.8
1454915	-2388803.8
1401423	-2388803.8
1465096	-2388803.8
1488843	-2388803.8
1396689	-2388803.8
1278417	-2388803.8
1231625	-2388803.8
1305374	-2388803.8
1301279	-2388803.8
1182779	-2388803.8
1067039	-2388803.8
1073849	-2388803.8
1140634	-2388803.8
1064341	-2388803.8
926966	-2388803.8
839149	-2388803.8
859982	-2388803.8
826314	-2388803.8
664486	-2388803.8
528286	-2388803.8
438382	-2388803.8
434163	-2388803.8
375787	-2388803.8
263659	-2388803.8
209053	-2388803.8
164999	-2388803.8
204379	-2388803.8
242951	-2388803.8
215772	-2388803.8
174363	-2388803.8
113506	-2388803.8
143244	-2388803.8
240490	-2388803.8
249488	-2388803.8
187648	-2388803.8
124549	-2388803.8
143101	-2388803.8
240446	-2388803.8
263671	-2388803.8
185096	-2388803.8
81520	-2388803.8
83857	-2388803.8
203155	-2388803.8
226758	-2388803.8
162863	-2388803.8
90913	-2388803.8
125530	-2388803.8
224387	-2388803.8
228675	-2388803.8
172758	-2388803.8
128726	-2388803.8
187817	-2388803.8
250334	-2388803.8
209279	-2388803.8
175968	-2388803.8
155781	-2388803.8
218838	-2388803.8
229516	-2388803.8
192791	-2388803.8
169021	-2388803.8
151068	-2388803.8
211256	-2388803.8
245984	-2388803.8
204740	-2388803.8
135426	-2388803.8
55099	-2388803.8
70186	-2388803.8
174977	-2388803.8
206071	-2388803.8
120443	-2388803.8
-14071	-2388803.8
-48777	-2388803.8
69415	-2388803.8
177626	-2388803.8
166048	-2388803.8
145269	-2388803.8
218339	-2388803.8
244839	-2388803.8
197301	-2388803.8
182812	-2388803.8
186440	-2388803.8
232678	-2388803.8
210803	-2388803.8
195773	-2388803.8
211581	-2388803.8
222113	-2388803.8
256621	-2388803.8
250583	-2388803.8
201219	-2388803.8
143316	-2388803.8
82729	-2388803.8
117228	-2388803.8
199645	-2388803.8
194837	-2388803.8
65332	-2388803.8
-131530	-2388803.8
-254703	-2388803.8
-269202	-2388803.8
-304004	-2388803.8
-489981	-2388803.8
-752211	-2388803.8
-920234	-2388803.8
-957980	-2388803.8
-1009415	-2388803.8
-1224577	-2388803.8
-1515540	-2388803.8
-1697406	-2388803.8
-1738937	-2388803.8
-1775169	-2388803.8
-1923843	-2388803.8
-2131187	-2388803.8
-2228548	-2388803.8
-2146656	-2388803.8
-2043922	-2388803.8
-2046185	-2388803.8
-2086666	-2388803.8
-1999868	-2388803.8
-1755677	-2388803.8
-1496639	-2388803.8
-1360909	-2388803.8
-1310106	-2388803.8
-1173383	-2388803.8
-891283	-2388803.8
-669782	-2388803.8
-610690	-2388803.8
-609152	-2388803.8
-482030	-2388803.8
-201466	-2388803.8
55033	-2388803.8
147580	-2388803.8
187212	-2388803.8
259594	-2388803.8
228733	-2388803.8
193653	-2388803.8
209576	-2388803.8
253314	-2388803.8
247571	-2388803.8
151730	-2388803.8
131732	-2388803.8
172683	-2388803.8
206261	-2388803.8
189988	-2388803.8
145804	-2388803.8
145506	-2388803.8
184604	-2388803.8
218251	-2388803.8
191634	-2388803.8
163294	-2388803.8
148429	-2388803.8
180261	-2388803.8
211384	-2388803.8
199356	-2388803.8
151411	-2388803.8
157126	-2388803.8
192273	-2388803.8
209554	-2388803.8
233576	-2388803.8
196449	-2388803.8
178938	-2388803.8
220043	-2388803.8
240789	-2388803.8
261344	-2388803.8
210214	-2388803.8
184361	-2388803.8
177711	-2388803.8
179721	-2388803.8
247402	-2388803.8
237816	-2388803.8
198701	-2388803.8
138758	-2388803.8
71316	-2388803.8
137656	-2388803.8
251204	-2388803.8
228098	-2388803.8
117936	-2388803.8
-30723	-2388803.8
-101771	-2388803.8
-77295	-2388803.8
-100413	-2388803.8
-279522	-2388803.8
-539842	-2388803.8
-681019	-2388803.8
-692505	-2388803.8
-752319	-2388803.8
-995222	-2388803.8
-1238108	-2388803.8
-1341826	-2388803.8
-1417959	-2388803.8
-1575467	-2388803.8
-1856536	-2388803.8
-2164965	-2388803.8
-2358294	-2388803.8
-2434312	-2388803.8
-2519039	-2388803.8
-2740044	-2388803.8
-3009351	-2388803.8
-3126511	-2388803.8
-3104333	-2388803.8
-3137999	-2388803.8
-3322004	-2388803.8
-3514827	-2388803.8
-3562778	-2388803.8
-3512031	-2388803.8
-3516862	-2388803.8
-3677637	-2388901.0
-3890249	-2388997.2
-3993647	-2389082.2
-3993534	-2389153.2
-4040705	-2389186.8
-4255232	-2389129.5
-4532689	-2388940.8
-4695112	-2388630.5
-4763964	-2388236.8
-4901340	-2387788.5
-5210518	-2387289.0
-5585942	-2386742.5
-5861378	-2386176.5
-6067782	-2385610.5
-6351645	-2385021.5
-6791247	-2384339.5
-7265444	-2383492.0
-7603427	-2382525.5
-7842522	-2381448.0
-8147588	-2380285.8
-8388608	-2379079.8
-8388608	-2377877.0
-8388608	-2376720.5
-8388608	-2375636.2
-8388608	-2374622.5
-8388608	-2373646.2
-8388608	-2372643.5
-8338470	-2371531.2
-7271958	-2370224.8
-6187821	-2368660.2
-4887324	-2366813.0
-3585987	-2364708.0
-2536563	-2362418.8
-1762801	-2360052.0
-1004352	-2357722.0
-270802	-2355518.5
-10070	-2353476.8
-1381	-2351561.2
-1386	-2349664.2
-1379	-2347626.8
-1375	-2345274.8
-1391	-2342464.5
-1375	-2339124.8
-1386	-2335283.8
-1383	-2331071.0
-1388	-2326693.0
-1377	-2322382.0
-1377	-2318336.0
-1365	-2314658.8
-1380	-2311320.8
-1382	-2308152.2
-1385	-2304874.2
-1391	-2301162.8
-1388	-2296730.2
-1369	-2291408.5
-1372	-2285203.2
-1377	-2278311.5
-1374	-2271085.2
-1389	-2263952.2
-1382	-2257309.0
-1379	-2251409.8
-1384	-2246287.0
-1401	-2241720.0
-1382	-2237268.8
-1386	-2232371.5
-1383	-2226479.8
-1389	-2219204.0
-1388	-2210431.0
-1387	-2200378.8
-1377	-2189569.5
-1356	-2178723.2
-1380	-2168589.0
-1402	-2159754.0
-1408	-2152480.0
-1388	-2146605.8
-1374	-2141550.2
-1366	-2136422.2
-1376	-2130217.0
-1383	-2122057.0
-1371	-2111424.0
-1371	-2098319.5
-1386	-2083314.4
-1391	-2067465.2
-1372	-2052106.1
-1369	-2038564.4
-1376	-2027846.6
-1381	-2020380.4
-1376	-2015860.0
-1376	-2013237.2
-1386	-2010865.2
-1389	-2006765.9
-1391	-1998970.4
-1386	-1985864.5
-1370	-1966482.1
-1385	-1940689.8
-1389	-1909259.0
-1380	-1873829.1
-1383	-1836798.6
-1388	-1801193.9
-1397	-1770553.1
-1397	-1748854.8
-1386	-1740470.0
-1380	-1750118.8
-1386	-1782760.1
-1377	-1843370.9
-1382	-1936557.5
-1387	-2066015.0
-1374	-2233866.8
-1385	-2439987.5
-1369	-2681435.2
-1378	-2952132.8
-1370	-3242922.8
-1387	-3542065.2
-1377	-3836174.5
-1368	-4111500.5
-1384	-4355393.0
-1412	-4557748.5
-1399	-4712171.5
-1386	-4816691.0
-1391	-4873880.0
-1380	-4890343.5
-1384	-4875669.5
-1379	-4840985.0
-1391	-4797391.0
-1387	-4754490.5
-1380	-4719294.0
-1399	-4695616.5
-1379	-4684053.0
-1389	-4682497.0
-1389	-4687050.0
-1386	-4693124.0
-1400	-4696506.5
-1400	-4694210.0
-1391	-4684947.0
-1397	-4669190.0
-1392	-4648844.5
-1383	-4626651.5
-1386	-4605478.5
-1370	-4587659.0
-1369	-4574524.0
-1379	-4566201.0
-1377	-4561720.0
-1369	-4559347.5
-1381	-4557067.0
-1386	-4553071.5
-1386	-4546175.0
-1387	-4536025.5
-1390	-4523117.5
-1381	-4508591.0
-1396	-4493912.0
-1396	-4480496.0
-1383	-4469373.0
-1366	-4460980.0
-1382	-4455115.5
-1381	-4451029.0
-1385	-4447658.5
-1375	-4443910.0
-1394	-4438912.0
-1391	-4432217.0
-1384	-4423864.0
-1396	-4414336.5
-1397	-4404397.0
-1387	-4394893.0
-1389	-4386537.5
-1389	-4379750.0
-1384	-4374585.5
-1374	-4370747.5
-1377	-4367691.0
-1363	-4364775.5
-1361	-4361429.0
-1369	-4357272.5
-1385	-4352204.0
-1389	-4346388.5
-1376	-4340196.0
-1392	-4334100.0
-1378	-4328540.5
-1384	-4323831.5
-1379	-4320090.0
-1377	-4317229.0
-1374	-4314994.0
-1366	-4313044.5
-1385	-4311040.5
-1375	-4308721.5
-1381	-4305966.5
-1393	-4302801.5
-1384	-4299383.5
-1374	-4295939.5
-1379	-4292710.0
-1387	-4289887.0
-1373	-4287574.5
-1389	-4285765.5
-1383	-4284364.0
-1373	-4283210.0
-1382	-4282133.0
-1367	-4280980.5
-1370	-4279658.0
-1376	-4278146.0
-1370	-4276485.0
-1366	-4274767.0
-1378	-4273095.0
-1387	-4271565.5
-1389	-4270198.5
-1372	-4269124.5
-1372	-4268267.5
-1382	-4267538.0
-1379	-4266866.0
-1363	-4266197.5
-1394	-4265471.5
-1389	-4264642.5
-1374	-4263722.5
-1370	-4262780.5
-1378	-4261904.5
-1379	-4261149.0
-1388	-4260535.0
-1383	-4260075.0
-1385	-4259789.5
-1391	-4259672.5
-1376	-4259672.0
-1376	-4259672.0
-1374	-4259672.5
-1381	-4259672.5
-1367	-4259671.0
-1361	-4259669.0
-1385	-4259666.0
-1417	-4259662.5
-966	-4259659.0
54508	-4259656.0
324406	-4259653.5
759161	-4259652.0
1278416	-4259652.0
2009689	-4259652.0
3049427	-4259652.0
4310593	-4259652.0
5657066	-4259652.0
6945687	-4259652.0
8123189	-4259652.0
8388607	-4259652.0
8388607	-4259652.0
8388607	-4259652.0
8209749	-4259652.0
7404424	-4259652.0
6421574	-4259652.0
5183078	-4259652.0
3941347	-4259652.0
3002428	-4259652.0
2284479	-4259652.0
1612576	-4259652.0
880582	-4259652.0
235718	-4259652.0
70138	-4259652.0
75899	-4259652.0
61506	-4259652.0
31451	-4259652.0
18296	-4259652.0
23234	-4259652.0
22624	-4259652.0
18130	-4259652.0
11609	-4259652.0
11986	-4259652.0
17520	-4259652.0
19225	-4259652.0
15446	-4259652.0
10741	-4259652.0
10853	-4259652.0
15581	-4259652.0
18311	-4259652.0
16672	-4259652.0
12494	-4259652.0
13895	-4259652.0
22189	-4259652.0
30361	-4259652.0
28569	-4259652.0
24221	-4259652.0
24111	-4259652.0
30238	-4259652.0
34276	-4259652.0
27090	-4259652.0
18223	-4259652.0
20233	-4259652.0
38438	-4259652.0
53729	-4259652.0
38793	-4259652.0
23481	-4259652.0
22061	-4259652.0
34348	-4259652.0
43738	-4259652.0
31469	-4259652.0
19781	-4259652.0
19154	-4259652.0
29439	-4259652.0
38278	-4259652.0
29242	-4259652.0
19488	-4259652.0
19634	-4259652.0
30552	-4259652.0
40631	-4259652.0
32394	-4259652.0
22779	-4259652.0
22376	-4259652.0
36496	-4259652.0
47457	-4259652.0
35592	-4259652.0
22566	-4259652.0
22061	-4259652.0
34624	-4259652.0
44641	-4259652.0
32135	-4259652.0
20473	-4259652.0
21227	-4259652.0
32312	-4259652.0
38151	-4259652.0
28421	-4259652.0
18964	-4259652.0
19636	-4259652.0
29286	-4259652.0
35884	-4259652.0
26508	-4259652.0
18391	-4259652.0
18808	-4259652.0
27251	-4259652.0
35749	-4259652.0
35117	-4259652.0
18109	-4259652.0
17847	-4259652.0
25829	-4259652.0
31076	-4259652.0
23337	-4259652.0
15014	-4259652.0
16030	-4259652.0
23729	-4259652.0
27299	-4259652.0
22388	-4259652.0
21877	-4259652.0
34523	-4259652.0
30399	-4259652.0
33967	-4259652.0
24814	-4259652.0
18121	-4259652.0
20091	-4259652.0
30942	-4259652.0
38809	-4259652.0
28338	-4259652.0
20061	-4259652.0
22481	-4259652.0
36591	-4259652.0
47921	-4259652.0
35186	-4259652.0
22171	-4259652.0
24259	-4259652.0
40774	-4259652.0
53360	-4259652.0
38066	-4259652.0
23774	-4259652.0
25596	-4259652.0
47046	-4259652.0
61178	-4259652.0
42955	-4259652.0
27230	-4259652.0
30577	-4259652.0
52978	-4259652.0
68456	-4259652.0
48254	-4259652.0
29862	-4259652.0
32554	-4259652.0
57639	-4259652.0
73913	-4259652.0
54136	-4259652.0
33576	-4259652.0
36853	-4259652.0
64819	-4259652.0
84955	-4259652.0
62083	-4259652.0
39059	-4259652.0
44763	-4259652.0
76732	-4259652.0
98189	-4259652.0
76561	-4259652.0
45484	-4259652.0
51661	-4259652.0
83915	-4259652.0
110355	-4259652.0
90949	-4259652.0
67278	-4259652.0
64671	-4259652.0
99673	-4259652.0
128679	-4259652.0
105402	-4259652.0
68136	-4259652.0
68683	-4259652.0
105075	-4259652.0
133958	-4259652.0
112229	-4259652.0
68276	-4259652.0
62498	-4259652.0
124483	-4259652.0
154345	-4259652.0
122404	-4259652.0
69239	-4259652.0
64544	-4259652.0
108713	-4259652.0
100209	-4259652.0
47309	-4259652.0
206376	-4259652.0
234079	-4259652.0
218684	-4259652.0
219156	-4259652.0
166184	-4259652.0
101324	-4259652.0
92328	-4259652.0
133555	-4259652.0
174721	-4259652.0
140839	-4259652.0
90560	-4259652.0
91889	-4259652.0
130219	-4259652.0
159348	-4259652.0
126569	-4259652.0
82463	-4259652.0
88654	-4259652.0
131866	-4259652.0
152466	-4259652.0
118705	-4259652.0
79913	-4259652.0
85403	-4259652.0
125439	-4259652.0
151606	-4259652.0
124198	-4259652.0
94918	-4259652.0
107257	-4259652.0
147095	-4259652.0
162186	-4259652.0
158266	-4259652.0
103189	-4259652.0
86998	-4259652.0
114901	-4259652.0
135241	-4259652.0
111686	-4259652.0
82784	-4259652.0
83283	-4259652.0
110322	-4259652.0
132874	-4259652.0
109494	-4259652.0
78514	-4259652.0
86363	-4259652.0
118133	-4259652.0
145714	-4259652.0
122323	-4259652.0
83269	-4259652.0
87448	-4259652.0
122068	-4259652.0
141559	-4259652.0
112600	-4259652.0
83606	-4259652.0
91789	-4259652.0
129043	-4259652.0
159240	-4259652.0
125234	-4259652.0
86988	-4259652.0
96934	-4259652.0
132068	-4259652.0
156333	-4259652.0
127231	-4259652.0
81374	-4259652.0
80771	-4259652.0
131882	-4259652.0
170563	-4259652.0
137138	-4259652.0
83081	-4259652.0
86723	-4259652.0
135936	-4259652.0
175668	-4259652.0
141678	-4259652.0
85696	-4259652.0
86348	-4259652.0
142066	-4259652.0
190748	-4259652.0
185288	-4259652.0
120439	-4259652.0
123888	-4259652.0
188394	-4259652.0
249586	-4259652.0
237046	-4259652.0
138069	-4259652.0
102384	-4259652.0
150518	-4259652.0
190617	-4259652.0
155376	-4259652.0
97876	-4259652.0
99436	-4259652.0
153353	-4259652.0
192891	-4259652.0
158754	-4259652.0
102426	-4259652.0
102122	-4259652.0
152391	-4259652.0
191339	-4259652.0
157209	-4259652.0
100667	-4259652.0
103958	-4259652.0
156617	-4259652.0
196421	-4259652.0
162209	-4259652.0
103121	-4259652.0
107467	-4259652.0
162386	-4259652.0
201392	-4259652.0
162259	-4259652.0
103813	-4259652.0
106541	-4259652.0
155873	-4259652.0
190537	-4259652.0
149394	-4259652.0
93161	-4259652.0
98688	-4259652.0
144106	-4259652.0
174977	-4259652.0
136973	-4259652.0
88271	-4259652.0
95146	-4259652.0
141929	-4259652.0
172924	-4259652.0
133740	-4259652.0
84736	-4259652.0
93296	-4259652.0
143580	-4259652.0
179111	-4259652.0
143768	-4259652.0
104094	-4259652.0
120244	-4259652.0
193333	-4259652.0
232428	-4259652.0
207443	-4259652.0
120499	-4259652.0
96561	-4259652.0
139059	-4259652.0
171458	-4259652.0
131683	-4259652.0
82633	-4259652.0
93142	-4259652.0
140464	-4259652.0
174024	-4259652.0
140661	-4259652.0
94758	-4259652.0
105736	-4259652.0
157906	-4259652.0
194830	-4259652.0
155190	-4259652.0
99645	-4259652.0
105891	-4259652.0
152078	-4259652.0
185278	-4259652.0
143638	-4259652.0
91589	-4259652.0
101859	-4259652.0
144668	-4259652.0
173238	-4259652.0
133829	-4259652.0
86643	-4259652.0
94805	-4259652.0
140301	-4259652.0
166146	-4259652.0
125402	-4259652.0
84152	-4259652.0
92314	-4259652.0
137103	-4259652.0
167008	-4259652.0
127243	-4259652.0
82796	-4259652.0
93851	-4259652.0
136829	-4259652.0
160455	-4259652.0
112256	-4259652.0
70441	-4259652.0
60974	-4259652.0
-70929	-4259652.0
-197222	-4259652.0
-57130	-4259652.0
145865	-4259652.0
196925	-4259652.0
213218	-4259652.0
244364	-4259652.0
229369	-4259652.0
138056	-4259652.0
110753	-4259652.0
155848	-4259652.0
182639	-4259652.0
132268	-4259652.0
84252	-4259652.0
102593	-4259652.0
154576	-4259652.0
184716	-4259652.0
132288	-4259652.0
81153	-4259652.0
99623	-4259652.0
149818	-4259652.0
174127	-4259652.0
120465	-4259652.0
73886	-4259652.0
93241	-4259652.0
144173	-4259652.0
164963	-4259652.0
112446	-4259652.0
72601	-4259652.0
93544	-4259652.0
143635	-4259652.0
167644	-4259652.0
114718	-4259652.0
71152	-4259652.0
92609	-4259652.0
144338	-4259652.0
172898	-4259652.0
127868	-4259652.0
82578	-4259652.0
105994	-4259652.0
159948	-4259652.0
183289	-4259652.0
127154	-4259652.0
85505	-4259652.0
142025	-4259652.0
188076	-4259652.0
176211	-4259652.0
122946	-4259652.0
93199	-4259652.0
114324	-4259652.0
148946	-4259652.0
156931	-4259652.0
123207	-4259652.0
108944	-4259652.0
141814	-4259652.0
184474	-4259652.0
199424	-4259652.0
165369	-4259652.0
109026	-4259652.0
117001	-4259652.0
149069	-4259652.0
154288	-4259652.0
118170	-4259652.0
98106	-4259652.0
152247	-4259652.0
164144	-4259652.0
155007	-4259652.0
115070	-4259652.0
92826	-4259652.0
115693	-4259652.0
148351	-4259652.0
153316	-4259652.0
117336	-4259652.0
93538	-4259652.0
116845	-4259652.0
148966	-4259652.0
156572	-4259652.0
127981	-4259652.0
102487	-4259652.0
125713	-4259652.0
161801	-4259652.0
169641	-4259652.0
130249	-4259652.0
103736	-4259652.0
125095	-4259652.0
157233	-4259652.0
161999	-4259652.0
120148	-4259652.0
94428	-4259652.0
117653	-4259652.0
147604	-4259652.0
150754	-4259652.0
114961	-4259652.0
93435	-4259652.0
115313	-4259652.0
146575	-4259652.0
149487	-4259652.0
112148	-4259652.0
89239	-4259652.0
109974	-4259652.0
134447	-4259652.0
137273	-4259652.0
108362	-4259652.0
104260	-4259652.0
141374	-4259652.0
179407	-4259652.0
185341	-4259652.0
152975	-4259652.0
101933	-4259652.0
112275	-4259652.0
141527	-4259652.0
145907	-4259652.0
109458	-4259652.0
89609	-4259652.0
110056	-4259652.0
138757	-4259652.0
139614	-4259652.0
104232	-4259652.0
85272	-4259652.0
109038	-4259652.0
139131	-4259652.0
138033	-4259652.0
99616	-4259652.0
81697	-4259652.0
107005	-4259652.0
157201	-4259652.0
141875	-4259652.0
96488	-4259652.0
76311	-4259652.0
100978	-4259652.0
132780	-4259652.0
131069	-4259652.0
95604	-4259652.0
78759	-4259652.0
103808	-4259652.0
134966	-4259652.0
137611	-4259652.0
125980	-4259652.0
89698	-4259652.0
103753	-4259652.0
130995	-4259652.0
128582	-4259652.0
94285	-4259652.0
75164	-4259652.0
99086	-4259652.0
127390	-4259652.0
124997	-4259652.0
90514	-4259652.0
76173	-4259652.0
100968	-4259652.0
131240	-4259652.0
126231	-4259652.0
93413	-4259652.0
85254	-4259652.0
117531	-4259652.0
140761	-4259652.0
131669	-4259652.0
99618	-4259652.0
70348	-4259652.0
89696	-4259652.0
116664	-4259652.0
112069	-4259652.0
83264	-4259652.0
69778	-4259652.0
95588	-4259652.0
123338	-4259652.0
119869	-4259652.0
88096	-4259652.0
75023	-4259652.0
101160	-4259652.0
127523	-4259652.0
121153	-4259652.0
89393	-4259652.0
75423	-4259652.0
101691	-4259652.0
124913	-4259652.0
116369	-4259652.0
82248	-4259652.0
68366	-4259652.0
92606	-4259652.0
121894	-4259652.0
116858	-4259652.0
86396	-4259652.0
76221	-4259652.0
103649	-4259652.0
132498	-4259652.0
136959	-4259652.0
94932	-4259652.0
77084	-4259652.0
101774	-4259652.0
128694	-4259652.0
123647	-4259652.0
90959	-4259652.0
78181	-4259652.0
104416	-4259652.0
131009	-4259652.0
123586	-4259652.0
93932	-4259652.0
88112	-4259652.0
108219	-4259652.0
131030	-4259652.0
124365	-4259652.0
94838	-4259652.0
92173	-4259652.0
129655	-4259652.0
157959	-4259652.0
149302	-4259652.0
115881	-4259652.0
83013	-4259652.0
104874	-4259652.0
130554	-4259652.0
124856	-4259652.0
90528	-4259652.0
79209	-4259652.0
105646	-4259652.0
131300	-4259652.0
123900	-4259652.0
91201	-4259652.0
80628	-4259652.0
107880	-4259652.0
134138	-4259652.0
128827	-4259652.0
95391	-4259652.0
85206	-4259652.0
109674	-4259652.0
133781	-4259652.0
123946	-4259652.0
90201	-4259652.0
78946	-4259652.0
104354	-4259652.0
129308	-4259652.0
121279	-4259652.0
87207	-4259652.0
76193	-4259652.0
103813	-4259652.0
129390	-4259652.0
116902	-4259652.0
83583	-4259652.0
74717	-4259652.0
101011	-4259652.0
123794	-4259652.0
112311	-4259652.0
81713	-4259652.0
75004	-4259652.0
101005	-4259652.0
122809	-4259652.0
113755	-4259652.0
85154	-4259652.0
78015	-4259652.0
104296	-4259652.0
128323	-4259652.0
117921	-4259652.0
91653	-4259652.0
94416	-4259652.0
132253	-4259652.0
155603	-4259652.0
141406	-4259652.0
108844	-4259652.0
84786	-4259652.0
109216	-4259652.0
131233	-4259652.0
115611	-4259652.0
83426	-4259652.0
75766	-4259652.0
101966	-4259652.0
123080	-4259652.0
109691	-4259652.0
79332	-4259652.0
72944	-4259652.0
97576	-4259652.0
118174	-4259652.0
103389	-4259652.0
74888	-4259652.0
68575	-4259652.0
93513	-4259652.0
109139	-4259652.0
94794	-4259652.0
69012	-4259652.0
66343	-4259652.0
95003	-4259652.0
116134	-4259652.0
101932	-4259652.0
74995	-4259652.0
76116	-4259652.0
108036	-4259652.0
130577	-4259652.0
117852	-4259652.0
88658	-4259652.0
85808	-4259652.0
116440	-4259652.0
142596	-4259652.0
130735	-4259652.0
100040	-4259652.0
95579	-4259652.0
125774	-4259652.0
154829	-4259652.0
143436	-4259652.0
108998	-4259652.0
103353	-4259652.0
135129	-4259652.0
164107	-4259652.0
150856	-4259652.0
116131	-4259652.0
117023	-4259652.0
156390	-4259652.0
186298	-4259652.0
172442	-4259652.0
139772	-4259652.0
105297	-4259652.0
119739	-4259652.0
138464	-4259652.0
116987	-4259652.0
82741	-4259652.0
77211	-4259652.0
101989	-4259652.0
122834	-4259652.0
102393	-4259652.0
55094	-4259652.0
44657	-4259652.0
88058	-4259652.0
127744	-4259652.0
105999	-4259652.0
51791	-4259652.0
41828	-4259652.0
86868	-4259652.0
125231	-4259652.0
103594	-4259652.0
53548	-4259652.0
45202	-4259652.0
90383	-4259652.0
131683	-4259652.0
110923	-4259652.0
59401	-4259652.0
51228	-4259652.0
96784	-4259652.0
139608	-4259652.0
120525	-4259652.0
65290	-4259652.0
56029	-4259652.0
104609	-4259652.0
151632	-4259652.0
136787	-4259652.0
75656	-4259652.0
60998	-4259652.0
113298	-4259652.0
164841	-4259652.0
149319	-4259652.0
84524	-4259652.0
67669	-4259652.0
117377	-4259652.0
166759	-4259652.0
149866	-4259652.0
87702	-4259652.0
78379	-4259652.0
135251	-4259652.0
182811	-4259652.0
159358	-4259652.0
117567	-4259652.0
76686	-4259652.0
112810	-4259652.0
160338	-4259652.0
144668	-4259652.0
77831	-4259652.0
63502	-4259652.0
114201	-4259652.0
164020	-4259652.0
145734	-4259652.0
81402	-4259652.0
70379	-4259652.0
122433	-4259652.0
168786	-4259652.0
150787	-4259652.0
84391	-4259652.0
70484	-4259652.0
121104	-4259652.0
168699	-4259652.0
150676	-4259652.0
83710	-4259652.0
69927	-4259652.0
119461	-4259652.0
165289	-4259652.0
150861	-4259652.0
86037	-4259652.0
71206	-4259652.0
122226	-4259652.0
169032	-4259652.0
151012	-4259652.0
85025	-4259652.0
72518	-4259652.0
123463	-4259652.0
171093	-4259652.0
151856	-4259652.0
83131	-4259652.0
72693	-4259652.0
124837	-4259652.0
171418	-4259652.0
148286	-4259652.0
80164	-4259652.0
68661	-4259652.0
119428	-4259652.0
166310	-4259652.0
137264	-4259652.0
75074	-4259652.0
75302	-4259652.0
132823	-4259652.0
174433	-4259652.0
161684	-4259652.0
116015	-4259652.0
73967	-4259652.0
111508	-4259652.0
155518	-4259652.0
123753	-4259652.0
63069	-4259652.0
59558	-4259652.0
109672	-4259652.0
153498	-4259652.0
119919	-4259652.0
61048	-4259652.0
60929	-4259652.0
109309	-4259652.0
151961	-4259652.0
117879	-4259652.0
58895	-4259652.0
58096	-4259652.0
109138	-4259652.0
153840	-4259652.0
121577	-4259652.0
63005	-4259652.0
62114	-4259652.0
114031	-4259652.0
165420	-4259652.0
132755	-4259652.0
67760	-4259652.0
65046	-4259652.0
116959	-4259652.0
161299	-4259652.0
126769	-4259652.0
65878	-4259652.0
65106	-4259652.0
118158	-4259652.0
162828	-4259652.0
128541	-4259652.0
75326	-4259652.0
68819	-4259652.0
120089	-4259652.0
165781	-4259652.0
126100	-4259652.0
-849739	-4259652.0
-2918401	-4259652.0
-3141406	-4259652.0
-2847555	-4259652.0
-2433369	-4259652.0
-1925649	-4259652.0
-1441092	-4259652.0
-1025796	-4259652.0
-625494	-4259652.0
-152966	-4259652.0
156556	-4259652.0
153894	-4259652.0
126134	-4259652.0
132757	-4259652.0
105118	-4259652.0
78085	-4259652.0
82577	-4259652.0
106656	-4259652.0
118181	-4259652.0
96517	-4259652.0
74995	-4259652.0
77679	-4259652.0
102321	-4259652.0
115696	-4259652.0
95163	-4259652.0
72198	-4259652.0
78093	-4259652.0
105573	-4259652.0
121394	-4259652.0
101623	-4259652.0
78515	-4259652.0
85086	-4259652.0
116971	-4259652.0
130747	-4259652.0
108281	-4259652.0
83131	-4259652.0
88291	-4259652.0
114718	-4259652.0
129190	-4259652.0
108071	-4259652.0
83998	-4259652.0
89436	-4259652.0
116139	-4259652.0
129574	-4259652.0
110191	-4259652.0
84770	-4259652.0
90454	-4259652.0
118082	-4259652.0
133288	-4259652.0
108564	-4259652.0
82983	-4259652.0
90713	-4259652.0
117836	-4259652.0
131113	-4259652.0
107189	-4259652.0
86513	-4259652.0
135098	-4259652.0
171034	-4259652.0
183122	-4259652.0
161349	-4259652.0
144092	-4259652.0
114329	-4259652.0
121287	-4259652.0
132329	-4259652.0
109061	-4259652.0
85966	-4259652.0
93869	-4259652.0
122345	-4259652.0
156814	-4259652.0
125369	-4259652.0
90475	-4259652.0
96147	-4259652.0
122844	-4259652.0
135425	-4259652.0
112115	-4259652.0
88141	-4259652.0
95523	-4259652.0
121859	-4259652.0
133373	-4259652.0
108614	-4259652.0
83991	-4259652.0
94507	-4259652.0
118101	-4259652.0
127771	-4259652.0
103755	-4259652.0
81696	-4259652.0
90386	-4259652.0
116975	-4259652.0
128618	-4259652.0
105324	-4259652.0
82908	-4259652.0
91486	-4259652.0
117573	-4259652.0
132869	-4259652.0
107021	-4259652.0
83424	-4259652.0
92421	-4259652.0
118723	-4259652.0
129857	-4259652.0
104506	-4259652.0
82037	-4259652.0
90964	-4259652.0
117083	-4259652.0
127009	-4259652.0
103223	-4259652.0
88038	-4259652.0
106197	-4259652.0
139192	-4259652.0
149849	-4259652.0
130252	-4259652.0
111759	-4259652.0
100899	-4259652.0
120187	-4259652.0
128126	-4259652.0
102672	-4259652.0
80943	-4259652.0
91884	-4259652.0
122313	-4259652.0
129786	-4259652.0
104078	-4259652.0
84226	-4259652.0
96945	-4259652.0
125614	-4259652.0
138013	-4259652.0
114283	-4259652.0
92133	-4259652.0
104283	-4259652.0
133463	-4259652.0
147910	-4259652.0
135134	-4259652.0
115279	-4259652.0
134861	-4259652.0
160840	-4259652.0
180821	-4259652.0
208969	-4259652.0
195251	-4259652.0
191104	-4259652.0
199293	-4259652.0
203756	-4259652.0
171966	-4259652.0
129243	-4259652.0
129044	-4259652.0
159714	-4259652.0
175369	-4259652.0
151484	-4259652.0
122694	-4259652.0
132145	-4259652.0
165958	-4259652.0
184103	-4259652.0
159090	-4259652.0
128493	-4259652.0
135306	-4259652.0
160771	-4259652.0
